[2025-07-02T19:56:37.055Z] [INFO] 🚀 Starting data update daemon... {
  "nodeVersion": "v20.19.3",
  "platform": "darwin",
  "arch": "arm64",
  "pid": 81330,
  "cwd": "/Users/sim/TestingPig",
  "system": {
    "cpus": 8,
    "memory": {
      "total": "16.00 GB",
      "free": "0.53 GB",
      "usage": "96.71%"
    },
    "load": [
      2.28955078125,
      2.482421875,
      2.6396484375
    ]
  },
  "env": "production"
}
[2025-07-02T19:56:37.056Z] [INFO] [RESOURCE] Memory: 4.26MB used, 4.56MB total, 38.50MB RSS | Load: 2.29, 2.48, 2.64
[2025-07-02T19:56:37.056Z] [WARN] [WARNING] High memory usage: 93.3% of heap used
[2025-07-02T19:56:37.057Z] [WARN] [WARNING] Critical memory usage - consider increasing Node.js memory limit
[2025-07-02T19:56:37.057Z] [INFO] Performing initial data update...
[2025-07-02T19:56:37.058Z] [INFO] 🚀 Starting scheduled data updates... {
  "system": {
    "platform": "darwin",
    "arch": "arm64",
    "node": "v20.19.3",
    "pid": 81330,
    "cpus": 8,
    "memory": {
      "total": "16.00 GB",
      "free": "0.52 GB",
      "usage": "96.73%"
    }
  },
  "totalScripts": 4,
  "logLevel": "INFO"
}
[2025-07-02T19:56:37.058Z] [INFO] 
📋 [1/4] Starting script: Employee Utilization Analysis {
  "script": "employee_utilization_analyzer.py",
  "args": "--update --verbose",
  "timeout": "1800s",
  "maxRetries": 2,
  "retryDelay": "10000ms"
}
[2025-07-02T19:56:37.059Z] [DEBUG] Executing script: employee_utilization_analyzer.py {
  "args": [
    "--update",
    "--verbose"
  ],
  "pid": 81330,
  "cwd": "/Users/sim/TestingPig",
  "pythonPath": "python3",
  "timeout": 1800000,
  "maxRetries": 2
}
[2025-07-02T19:56:42.922Z] [WARN] Script attempt 1 failed, will retry: employee_utilization_analyzer.py {
  "script": "employee_utilization_analyzer.py",
  "duration": "5863ms",
  "exitCode": 2,
  "signal": null,
  "attempt": 1,
  "maxAttempts": 3,
  "error": "Command failed: \"python3\" \"/Users/sim/TestingPig/employee_utilization_analyzer.py\" \"--update\" \"--verbose\"\n2025-07-02 14:56:42,293 - INFO - Loading faiss.\n2025-07-02 14:56:42,328 - INFO - Successfully loaded faiss.\n2025-07-02 14:56:42,332 - INFO - Failed to load GPU Faiss: name 'GpuIndexIVFFlat' is not defined. Will not load constructor refs for GPU indexes. This is only an error if you're trying to use GPU Faiss.\n2025-07-02 14:56:42,332 - INFO - Starting Attrition Score Analyzer (Multi-Database Version)...\n2025-07-02 14:56:42,334 - INFO - MongoDB URI loaded: mongodb+srv://simarjotsingh5244:NUMotMgntP7AcNrQ@cluster0.nen0dzs.mongodb.net/\n2025-07-02 14:56:42,335 - INFO - Employee Utilization Analyzer starting up...\n2025-07-02 14:56:42,336 - INFO - MongoDB URI: mongodb+srv://simarjotsingh5244:NUMotMgntP7AcNrQ@cluster0.nen0dzs.mongodb.net/\nusage: employee_utilization_analyzer.py [-h] [--watch] [--initial-run]\nemployee_utilization_analyzer.py: error: unrecognized arguments: --update --verbose\n"
}
[2025-07-02T19:56:42.923Z] [WARN] Retry attempt 2 of 2 after 10000ms... {
  "script": "employee_utilization_analyzer.py",
  "previousError": "Command failed: \"python3\" \"/Users/sim/TestingPig/employee_utilization_analyzer.py\" \"--update\" \"--verbose\"\n2025-07-02 14:56:42,293 - INFO - Loading faiss.\n2025-07-02 14:56:42,328 - INFO - Successfully loaded faiss.\n2025-07-02 14:56:42,332 - INFO - Failed to load GPU Faiss: name 'GpuIndexIVFFlat' is not defined. Will not load constructor refs for GPU indexes. This is only an error if you're trying to use GPU Faiss.\n2025-07-02 14:56:42,332 - INFO - Starting Attrition Score Analyzer (Multi-Database Version)...\n2025-07-02 14:56:42,334 - INFO - MongoDB URI loaded: mongodb+srv://simarjotsingh5244:NUMotMgntP7AcNrQ@cluster0.nen0dzs.mongodb.net/\n2025-07-02 14:56:42,335 - INFO - Employee Utilization Analyzer starting up...\n2025-07-02 14:56:42,336 - INFO - MongoDB URI: mongodb+srv://simarjotsingh5244:NUMotMgntP7AcNrQ@cluster0.nen0dzs.mongodb.net/\nusage: employee_utilization_analyzer.py [-h] [--watch] [--initial-run]\nemployee_utilization_analyzer.py: error: unrecognized arguments: --update --verbose\n"
}
[2025-07-02T19:56:56.935Z] [WARN] Script attempt 2 failed, will retry: employee_utilization_analyzer.py {
  "script": "employee_utilization_analyzer.py",
  "duration": "19876ms",
  "exitCode": 2,
  "signal": null,
  "attempt": 2,
  "maxAttempts": 3,
  "error": "Command failed: \"python3\" \"/Users/sim/TestingPig/employee_utilization_analyzer.py\" \"--update\" \"--verbose\"\n2025-07-02 14:56:56,398 - INFO - Loading faiss.\n2025-07-02 14:56:56,415 - INFO - Successfully loaded faiss.\n2025-07-02 14:56:56,418 - INFO - Failed to load GPU Faiss: name 'GpuIndexIVFFlat' is not defined. Will not load constructor refs for GPU indexes. This is only an error if you're trying to use GPU Faiss.\n2025-07-02 14:56:56,419 - INFO - Starting Attrition Score Analyzer (Multi-Database Version)...\n2025-07-02 14:56:56,421 - INFO - MongoDB URI loaded: mongodb+srv://simarjotsingh5244:NUMotMgntP7AcNrQ@cluster0.nen0dzs.mongodb.net/\n2025-07-02 14:56:56,421 - INFO - Employee Utilization Analyzer starting up...\n2025-07-02 14:56:56,423 - INFO - MongoDB URI: mongodb+srv://simarjotsingh5244:NUMotMgntP7AcNrQ@cluster0.nen0dzs.mongodb.net/\nusage: employee_utilization_analyzer.py [-h] [--watch] [--initial-run]\nemployee_utilization_analyzer.py: error: unrecognized arguments: --update --verbose\n"
}
[2025-07-02T19:56:56.936Z] [WARN] Retry attempt 3 of 2 after 10000ms... {
  "script": "employee_utilization_analyzer.py",
  "previousError": "Command failed: \"python3\" \"/Users/sim/TestingPig/employee_utilization_analyzer.py\" \"--update\" \"--verbose\"\n2025-07-02 14:56:56,398 - INFO - Loading faiss.\n2025-07-02 14:56:56,415 - INFO - Successfully loaded faiss.\n2025-07-02 14:56:56,418 - INFO - Failed to load GPU Faiss: name 'GpuIndexIVFFlat' is not defined. Will not load constructor refs for GPU indexes. This is only an error if you're trying to use GPU Faiss.\n2025-07-02 14:56:56,419 - INFO - Starting Attrition Score Analyzer (Multi-Database Version)...\n2025-07-02 14:56:56,421 - INFO - MongoDB URI loaded: mongodb+srv://simarjotsingh5244:NUMotMgntP7AcNrQ@cluster0.nen0dzs.mongodb.net/\n2025-07-02 14:56:56,421 - INFO - Employee Utilization Analyzer starting up...\n2025-07-02 14:56:56,423 - INFO - MongoDB URI: mongodb+srv://simarjotsingh5244:NUMotMgntP7AcNrQ@cluster0.nen0dzs.mongodb.net/\nusage: employee_utilization_analyzer.py [-h] [--watch] [--initial-run]\nemployee_utilization_analyzer.py: error: unrecognized arguments: --update --verbose\n"
}
[2025-07-02T19:57:10.933Z] [ERROR] Script failed after 3 attempts: employee_utilization_analyzer.py {
  "script": "employee_utilization_analyzer.py",
  "duration": "33874ms",
  "exitCode": 2,
  "signal": null,
  "attempt": 3,
  "maxAttempts": 3,
  "error": "Command failed: \"python3\" \"/Users/sim/TestingPig/employee_utilization_analyzer.py\" \"--update\" \"--verbose\"\n2025-07-02 14:57:10,375 - INFO - Loading faiss.\n2025-07-02 14:57:10,393 - INFO - Successfully loaded faiss.\n2025-07-02 14:57:10,396 - INFO - Failed to load GPU Faiss: name 'GpuIndexIVFFlat' is not defined. Will not load constructor refs for GPU indexes. This is only an error if you're trying to use GPU Faiss.\n2025-07-02 14:57:10,396 - INFO - Starting Attrition Score Analyzer (Multi-Database Version)...\n2025-07-02 14:57:10,399 - INFO - MongoDB URI loaded: mongodb+srv://simarjotsingh5244:NUMotMgntP7AcNrQ@cluster0.nen0dzs.mongodb.net/\n2025-07-02 14:57:10,399 - INFO - Employee Utilization Analyzer starting up...\n2025-07-02 14:57:10,401 - INFO - MongoDB URI: mongodb+srv://simarjotsingh5244:NUMotMgntP7AcNrQ@cluster0.nen0dzs.mongodb.net/\nusage: employee_utilization_analyzer.py [-h] [--watch] [--initial-run]\nemployee_utilization_analyzer.py: error: unrecognized arguments: --update --verbose\n"
}
[2025-07-02T19:57:10.933Z] [INFO] [RESOURCE] Memory: 3.86MB used, 4.81MB total, 35.80MB RSS | Load: 1.92, 2.37, 2.59
[2025-07-02T19:57:10.933Z] [WARN] [WARNING] High memory usage: 80.1% of heap used
[2025-07-02T19:57:10.933Z] [ERROR] [employee_utilization_analyzer.py STDERR] 2025-07-02 14:57:10,375 - INFO - Loading faiss.
2025-07-02 14:57:10,393 - INFO - Successfully loaded faiss.
2025-07-02 14:57:10,396 - INFO - Failed to load GPU Faiss: name 'GpuIndexIVFFlat' is not defined. Will not load constructor refs for GPU indexes. This is only an error if you're trying to use GPU Faiss.
2025-07-02 14:57:10,396 - INFO - Starting Attrition Score Analyzer (Multi-Database Version)...
2025-07-02 14:57:10,399 - INFO - MongoDB URI loaded: mongodb+srv://simarjotsingh5244:NUMotMgntP7AcNrQ@cluster0.nen0dzs.mongodb.net/
2025-07-02 14:57:10,399 - INFO - Employee Utilization Analyzer starting up...
2025-07-02 14:57:10,401 - INFO - MongoDB URI: mongodb+srv://simarjotsingh5244:NUMotMgntP7AcNrQ@cluster0.nen0dzs.mongodb.net/
usage: employee_utilization_analyzer.py [-h] [--watch] [--initial-run]
employee_utilization_analyzer.py: error: unrecognized arguments: --update --verbose

[2025-07-02T19:57:10.934Z] [ERROR] ❌ [1/4] Employee Utilization Analysis failed after 33.9s (attempt 1) {
  "script": "employee_utilization_analyzer.py",
  "duration": "33876ms",
  "attempts": 1,
  "startTime": "2025-07-02T19:56:37.058Z",
  "endTime": "2025-07-02T19:57:10.934Z"
}
[2025-07-02T19:57:10.934Z] [ERROR] 💥 Script failed: employee_utilization_analyzer.py (attempt 1/3) {
  "duration": "33876ms",
  "error": "Script failed after 3 attempts: Command failed: \"python3\" \"/Users/sim/TestingPig/employee_utilization_analyzer.py\" \"--update\" \"--verbose\"\n2025-07-02 14:57:10,375 - INFO - Loading faiss.\n2025-07-02 14:57:10,393 - INFO - Successfully loaded faiss.\n2025-07-02 14:57:10,396 - INFO - Failed to load GPU Faiss: name 'GpuIndexIVFFlat' is not defined. Will not load constructor refs for GPU indexes. This is only an error if you're trying to use GPU Faiss.\n2025-07-02 14:57:10,396 - INFO - Starting Attrition Score Analyzer (Multi-Database Version)...\n2025-07-02 14:57:10,399 - INFO - MongoDB URI loaded: mongodb+srv://simarjotsingh5244:NUMotMgntP7AcNrQ@cluster0.nen0dzs.mongodb.net/\n2025-07-02 14:57:10,399 - INFO - Employee Utilization Analyzer starting up...\n2025-07-02 14:57:10,401 - INFO - MongoDB URI: mongodb+srv://simarjotsingh5244:NUMotMgntP7AcNrQ@cluster0.nen0dzs.mongodb.net/\nusage: employee_utilization_analyzer.py [-h] [--watch] [--initial-run]\nemployee_utilization_analyzer.py: error: unrecognized arguments: --update --verbose\n",
  "code": "N/A",
  "signal": "N/A"
}
[2025-07-02T19:57:10.934Z] [INFO] ⏳ Waiting 5s before next script...
[2025-07-02T19:57:15.936Z] [INFO] [RESOURCE] Memory: 3.90MB used, 4.81MB total, 35.95MB RSS | Load: 1.92, 2.36, 2.59
[2025-07-02T19:57:15.937Z] [WARN] [WARNING] High memory usage: 81.1% of heap used
[2025-07-02T19:57:15.938Z] [INFO] 
📋 [2/4] Starting script: Attrition Score Calculation {
  "script": "attrition_score.py",
  "args": "--batch-size=10 --log-level=INFO",
  "timeout": "3600s",
  "maxRetries": 2,
  "retryDelay": "15000ms"
}
[2025-07-02T19:57:15.939Z] [DEBUG] Executing script: attrition_score.py {
  "args": [
    "--batch-size=10",
    "--log-level=INFO"
  ],
  "pid": 81330,
  "cwd": "/Users/sim/TestingPig",
  "pythonPath": "python3",
  "timeout": 3600000,
  "maxRetries": 2
}
[2025-07-02T19:57:19.940Z] [WARN] Script attempt 1 failed, will retry: attrition_score.py {
  "script": "attrition_score.py",
  "duration": "4001ms",
  "exitCode": 2,
  "signal": null,
  "attempt": 1,
  "maxAttempts": 3,
  "error": "Command failed: \"python3\" \"/Users/sim/TestingPig/attrition_score.py\" \"--batch-size=10\" \"--log-level=INFO\"\n2025-07-02 14:57:19,388 - INFO - Loading faiss.\n2025-07-02 14:57:19,405 - INFO - Successfully loaded faiss.\n2025-07-02 14:57:19,408 - INFO - Failed to load GPU Faiss: name 'GpuIndexIVFFlat' is not defined. Will not load constructor refs for GPU indexes. This is only an error if you're trying to use GPU Faiss.\n2025-07-02 14:57:19,408 - INFO - Starting Attrition Score Analyzer (Multi-Database Version)...\n2025-07-02 14:57:19,411 - INFO - MongoDB URI loaded: mongodb+srv://simarjotsingh5244:NUMotMgntP7AcNrQ@cluster0.nen0dzs.mongodb.net/\nusage: attrition_score.py [-h] [--watch] [--email EMAIL] [--db DB] [--npm]\n                          [--single-db]\nattrition_score.py: error: unrecognized arguments: --batch-size=10 --log-level=INFO\n"
}
[2025-07-02T19:57:19.940Z] [WARN] Retry attempt 2 of 2 after 15000ms... {
  "script": "attrition_score.py",
  "previousError": "Command failed: \"python3\" \"/Users/sim/TestingPig/attrition_score.py\" \"--batch-size=10\" \"--log-level=INFO\"\n2025-07-02 14:57:19,388 - INFO - Loading faiss.\n2025-07-02 14:57:19,405 - INFO - Successfully loaded faiss.\n2025-07-02 14:57:19,408 - INFO - Failed to load GPU Faiss: name 'GpuIndexIVFFlat' is not defined. Will not load constructor refs for GPU indexes. This is only an error if you're trying to use GPU Faiss.\n2025-07-02 14:57:19,408 - INFO - Starting Attrition Score Analyzer (Multi-Database Version)...\n2025-07-02 14:57:19,411 - INFO - MongoDB URI loaded: mongodb+srv://simarjotsingh5244:NUMotMgntP7AcNrQ@cluster0.nen0dzs.mongodb.net/\nusage: attrition_score.py [-h] [--watch] [--email EMAIL] [--db DB] [--npm]\n                          [--single-db]\nattrition_score.py: error: unrecognized arguments: --batch-size=10 --log-level=INFO\n"
}
[2025-07-02T19:57:38.904Z] [WARN] Script attempt 2 failed, will retry: attrition_score.py {
  "script": "attrition_score.py",
  "duration": "22965ms",
  "exitCode": 2,
  "signal": null,
  "attempt": 2,
  "maxAttempts": 3,
  "error": "Command failed: \"python3\" \"/Users/sim/TestingPig/attrition_score.py\" \"--batch-size=10\" \"--log-level=INFO\"\n2025-07-02 14:57:38,363 - INFO - Loading faiss.\n2025-07-02 14:57:38,381 - INFO - Successfully loaded faiss.\n2025-07-02 14:57:38,384 - INFO - Failed to load GPU Faiss: name 'GpuIndexIVFFlat' is not defined. Will not load constructor refs for GPU indexes. This is only an error if you're trying to use GPU Faiss.\n2025-07-02 14:57:38,384 - INFO - Starting Attrition Score Analyzer (Multi-Database Version)...\n2025-07-02 14:57:38,386 - INFO - MongoDB URI loaded: mongodb+srv://simarjotsingh5244:NUMotMgntP7AcNrQ@cluster0.nen0dzs.mongodb.net/\nusage: attrition_score.py [-h] [--watch] [--email EMAIL] [--db DB] [--npm]\n                          [--single-db]\nattrition_score.py: error: unrecognized arguments: --batch-size=10 --log-level=INFO\n"
}
[2025-07-02T19:57:38.904Z] [WARN] Retry attempt 3 of 2 after 15000ms... {
  "script": "attrition_score.py",
  "previousError": "Command failed: \"python3\" \"/Users/sim/TestingPig/attrition_score.py\" \"--batch-size=10\" \"--log-level=INFO\"\n2025-07-02 14:57:38,363 - INFO - Loading faiss.\n2025-07-02 14:57:38,381 - INFO - Successfully loaded faiss.\n2025-07-02 14:57:38,384 - INFO - Failed to load GPU Faiss: name 'GpuIndexIVFFlat' is not defined. Will not load constructor refs for GPU indexes. This is only an error if you're trying to use GPU Faiss.\n2025-07-02 14:57:38,384 - INFO - Starting Attrition Score Analyzer (Multi-Database Version)...\n2025-07-02 14:57:38,386 - INFO - MongoDB URI loaded: mongodb+srv://simarjotsingh5244:NUMotMgntP7AcNrQ@cluster0.nen0dzs.mongodb.net/\nusage: attrition_score.py [-h] [--watch] [--email EMAIL] [--db DB] [--npm]\n                          [--single-db]\nattrition_score.py: error: unrecognized arguments: --batch-size=10 --log-level=INFO\n"
}
[2025-07-02T19:57:58.456Z] [ERROR] Script failed after 3 attempts: attrition_score.py {
  "script": "attrition_score.py",
  "duration": "42517ms",
  "exitCode": 2,
  "signal": null,
  "attempt": 3,
  "maxAttempts": 3,
  "error": "Command failed: \"python3\" \"/Users/sim/TestingPig/attrition_score.py\" \"--batch-size=10\" \"--log-level=INFO\"\n2025-07-02 14:57:57,878 - INFO - Loading faiss.\n2025-07-02 14:57:57,911 - INFO - Successfully loaded faiss.\n2025-07-02 14:57:57,915 - INFO - Failed to load GPU Faiss: name 'GpuIndexIVFFlat' is not defined. Will not load constructor refs for GPU indexes. This is only an error if you're trying to use GPU Faiss.\n2025-07-02 14:57:57,915 - INFO - Starting Attrition Score Analyzer (Multi-Database Version)...\n2025-07-02 14:57:57,917 - INFO - MongoDB URI loaded: mongodb+srv://simarjotsingh5244:NUMotMgntP7AcNrQ@cluster0.nen0dzs.mongodb.net/\nusage: attrition_score.py [-h] [--watch] [--email EMAIL] [--db DB] [--npm]\n                          [--single-db]\nattrition_score.py: error: unrecognized arguments: --batch-size=10 --log-level=INFO\n"
}
[2025-07-02T19:57:58.456Z] [INFO] [RESOURCE] Memory: 4.41MB used, 5.06MB total, 36.41MB RSS | Load: 2.45, 2.42, 2.60
[2025-07-02T19:57:58.457Z] [WARN] [WARNING] High memory usage: 87.1% of heap used
[2025-07-02T19:57:58.457Z] [ERROR] [attrition_score.py STDERR] 2025-07-02 14:57:57,878 - INFO - Loading faiss.
2025-07-02 14:57:57,911 - INFO - Successfully loaded faiss.
2025-07-02 14:57:57,915 - INFO - Failed to load GPU Faiss: name 'GpuIndexIVFFlat' is not defined. Will not load constructor refs for GPU indexes. This is only an error if you're trying to use GPU Faiss.
2025-07-02 14:57:57,915 - INFO - Starting Attrition Score Analyzer (Multi-Database Version)...
2025-07-02 14:57:57,917 - INFO - MongoDB URI loaded: mongodb+srv://simarjotsingh5244:NUMotMgntP7AcNrQ@cluster0.nen0dzs.mongodb.net/
usage: attrition_score.py [-h] [--watch] [--email EMAIL] [--db DB] [--npm]
                          [--single-db]
attrition_score.py: error: unrecognized arguments: --batch-size=10 --log-level=INFO

[2025-07-02T19:57:58.457Z] [ERROR] ❌ [2/4] Attrition Score Calculation failed after 42.5s (attempt 1) {
  "script": "attrition_score.py",
  "duration": "42519ms",
  "attempts": 1,
  "startTime": "2025-07-02T19:57:15.938Z",
  "endTime": "2025-07-02T19:57:58.457Z"
}
[2025-07-02T19:57:58.457Z] [ERROR] 💥 Script failed: attrition_score.py (attempt 1/3) {
  "duration": "42519ms",
  "error": "Script failed after 3 attempts: Command failed: \"python3\" \"/Users/sim/TestingPig/attrition_score.py\" \"--batch-size=10\" \"--log-level=INFO\"\n2025-07-02 14:57:57,878 - INFO - Loading faiss.\n2025-07-02 14:57:57,911 - INFO - Successfully loaded faiss.\n2025-07-02 14:57:57,915 - INFO - Failed to load GPU Faiss: name 'GpuIndexIVFFlat' is not defined. Will not load constructor refs for GPU indexes. This is only an error if you're trying to use GPU Faiss.\n2025-07-02 14:57:57,915 - INFO - Starting Attrition Score Analyzer (Multi-Database Version)...\n2025-07-02 14:57:57,917 - INFO - MongoDB URI loaded: mongodb+srv://simarjotsingh5244:NUMotMgntP7AcNrQ@cluster0.nen0dzs.mongodb.net/\nusage: attrition_score.py [-h] [--watch] [--email EMAIL] [--db DB] [--npm]\n                          [--single-db]\nattrition_score.py: error: unrecognized arguments: --batch-size=10 --log-level=INFO\n",
  "code": "N/A",
  "signal": "N/A"
}
[2025-07-02T19:57:58.457Z] [INFO] ⏳ Waiting 5s before next script...
[2025-07-02T19:58:03.458Z] [INFO] [RESOURCE] Memory: 4.45MB used, 5.06MB total, 36.47MB RSS | Load: 2.41, 2.42, 2.59
[2025-07-02T19:58:03.461Z] [WARN] [WARNING] High memory usage: 87.9% of heap used
[2025-07-02T19:58:03.463Z] [INFO] 
📋 [3/4] Starting script: Successor Identification {
  "script": "successor_identification.py",
  "args": "--batch --max-workers=4",
  "timeout": "2700s",
  "maxRetries": 1,
  "retryDelay": "20000ms"
}
[2025-07-02T19:58:03.464Z] [DEBUG] Executing script: successor_identification.py {
  "args": [
    "--batch",
    "--max-workers=4"
  ],
  "pid": 81330,
  "cwd": "/Users/sim/TestingPig",
  "pythonPath": "python3",
  "timeout": 2700000,
  "maxRetries": 1
}
[2025-07-02T19:58:09.001Z] [WARN] Script attempt 1 failed, will retry: successor_identification.py {
  "script": "successor_identification.py",
  "duration": "5537ms",
  "exitCode": 2,
  "signal": null,
  "attempt": 1,
  "maxAttempts": 2,
  "error": "Command failed: \"python3\" \"/Users/sim/TestingPig/successor_identification.py\" \"--batch\" \"--max-workers=4\"\n2025-07-02 14:58:07,917 - INFO - ================================================================================\n2025-07-02 14:58:07,917 - INFO - Successor Identification System starting up...\n2025-07-02 14:58:07,917 - INFO - Python version: 3.13.5 (main, Jun 11 2025, 15:36:57) [Clang 17.0.0 (clang-1700.0.13.3)]\n2025-07-02 14:58:07,942 - INFO - Platform: macOS-15.5-arm64-arm-64bit-Mach-O\n2025-07-02 14:58:07,942 - INFO - Process ID: 81578\n2025-07-02 14:58:08,204 - INFO - [Memory] Initial memory usage | RSS: 395.56MB | VMS: 402564.38MB | CPU: 0.0% | GC Objects: 375,777\n2025-07-02 14:58:08,210 - INFO - MongoDB URI loaded: mongodb+srv://simarjotsingh5244:NUMotMgntP7AcNrQ@cluster0.nen0dzs.mongodb.net/\n2025-07-02 14:58:08,432 - INFO - [Memory] Application startup | RSS: 395.58MB | VMS: 402564.38MB | CPU: 0.1% | GC Objects: 375,796\nusage: successor_identification.py [-h] [--email EMAIL] [--db DB] [--refresh]\n                                   [--watch] [--batch-size BATCH_SIZE] [--npm]\nsuccessor_identification.py: error: argument --batch-size: expected one argument\n"
}
[2025-07-02T19:58:09.002Z] [WARN] Retry attempt 2 of 1 after 20000ms... {
  "script": "successor_identification.py",
  "previousError": "Command failed: \"python3\" \"/Users/sim/TestingPig/successor_identification.py\" \"--batch\" \"--max-workers=4\"\n2025-07-02 14:58:07,917 - INFO - ================================================================================\n2025-07-02 14:58:07,917 - INFO - Successor Identification System starting up...\n2025-07-02 14:58:07,917 - INFO - Python version: 3.13.5 (main, Jun 11 2025, 15:36:57) [Clang 17.0.0 (clang-1700.0.13.3)]\n2025-07-02 14:58:07,942 - INFO - Platform: macOS-15.5-arm64-arm-64bit-Mach-O\n2025-07-02 14:58:07,942 - INFO - Process ID: 81578\n2025-07-02 14:58:08,204 - INFO - [Memory] Initial memory usage | RSS: 395.56MB | VMS: 402564.38MB | CPU: 0.0% | GC Objects: 375,777\n2025-07-02 14:58:08,210 - INFO - MongoDB URI loaded: mongodb+srv://simarjotsingh5244:NUMotMgntP7AcNrQ@cluster0.nen0dzs.mongodb.net/\n2025-07-02 14:58:08,432 - INFO - [Memory] Application startup | RSS: 395.58MB | VMS: 402564.38MB | CPU: 0.1% | GC Objects: 375,796\nusage: successor_identification.py [-h] [--email EMAIL] [--db DB] [--refresh]\n                                   [--watch] [--batch-size BATCH_SIZE] [--npm]\nsuccessor_identification.py: error: argument --batch-size: expected one argument\n"
}
[2025-07-02T20:00:22.546Z] [INFO] 🚀 Starting data update daemon... {
  "nodeVersion": "v20.19.3",
  "platform": "darwin",
  "arch": "arm64",
  "pid": 82348,
  "cwd": "/Users/sim/TestingPig",
  "system": {
    "cpus": 8,
    "memory": {
      "total": "16.00 GB",
      "free": "0.09 GB",
      "usage": "99.45%"
    },
    "load": [
      3.8525390625,
      2.580078125,
      2.60693359375
    ]
  },
  "env": "production"
}
[2025-07-02T20:00:22.552Z] [INFO] [RESOURCE] Memory: 4.26MB used, 4.56MB total, 36.52MB RSS | Load: 3.85, 2.58, 2.61
[2025-07-02T20:00:22.552Z] [WARN] [WARNING] High memory usage: 93.4% of heap used
[2025-07-02T20:00:22.552Z] [WARN] [WARNING] Critical memory usage - consider increasing Node.js memory limit
[2025-07-02T20:00:22.552Z] [INFO] Performing initial data update...
[2025-07-02T20:00:22.553Z] [INFO] 🚀 Starting scheduled data updates... {
  "system": {
    "platform": "darwin",
    "arch": "arm64",
    "node": "v20.19.3",
    "pid": 82348,
    "cpus": 8,
    "memory": {
      "total": "16.00 GB",
      "free": "0.09 GB",
      "usage": "99.45%"
    }
  },
  "totalScripts": 4,
  "logLevel": "INFO"
}
[2025-07-02T20:00:22.553Z] [INFO] 
📋 [1/4] Starting script: Employee Utilization Analysis {
  "script": "employee_utilization_analyzer.py",
  "args": "",
  "timeout": "1800s",
  "maxRetries": 2,
  "retryDelay": "10000ms"
}
[2025-07-02T20:00:22.553Z] [DEBUG] Executing script: employee_utilization_analyzer.py {
  "args": [],
  "pid": 82348,
  "cwd": "/Users/sim/TestingPig",
  "pythonPath": "python3",
  "timeout": 1800000,
  "maxRetries": 2
}
[2025-07-02T20:00:22.641Z] [WARN] Script attempt 1 failed, will retry: employee_utilization_analyzer.py {
  "script": "employee_utilization_analyzer.py",
  "duration": "88ms",
  "exitCode": 1,
  "signal": null,
  "attempt": 1,
  "maxAttempts": 3,
  "error": "Command failed: \"python3\" \"/Users/sim/TestingPig/employee_utilization_analyzer.py\"\nTraceback (most recent call last):\n  File \"/Users/sim/TestingPig/employee_utilization_analyzer.py\", line 5, in <module>\n    from pymongo import MongoClient, UpdateOne\nModuleNotFoundError: No module named 'pymongo'\n"
}
[2025-07-02T20:00:22.641Z] [WARN] Retry attempt 2 of 2 after 10000ms... {
  "script": "employee_utilization_analyzer.py",
  "previousError": "Command failed: \"python3\" \"/Users/sim/TestingPig/employee_utilization_analyzer.py\"\nTraceback (most recent call last):\n  File \"/Users/sim/TestingPig/employee_utilization_analyzer.py\", line 5, in <module>\n    from pymongo import MongoClient, UpdateOne\nModuleNotFoundError: No module named 'pymongo'\n"
}
[2025-07-02T20:00:32.718Z] [WARN] Script attempt 2 failed, will retry: employee_utilization_analyzer.py {
  "script": "employee_utilization_analyzer.py",
  "duration": "10165ms",
  "exitCode": 1,
  "signal": null,
  "attempt": 2,
  "maxAttempts": 3,
  "error": "Command failed: \"python3\" \"/Users/sim/TestingPig/employee_utilization_analyzer.py\"\nTraceback (most recent call last):\n  File \"/Users/sim/TestingPig/employee_utilization_analyzer.py\", line 5, in <module>\n    from pymongo import MongoClient, UpdateOne\nModuleNotFoundError: No module named 'pymongo'\n"
}
[2025-07-02T20:00:32.718Z] [WARN] Retry attempt 3 of 2 after 10000ms... {
  "script": "employee_utilization_analyzer.py",
  "previousError": "Command failed: \"python3\" \"/Users/sim/TestingPig/employee_utilization_analyzer.py\"\nTraceback (most recent call last):\n  File \"/Users/sim/TestingPig/employee_utilization_analyzer.py\", line 5, in <module>\n    from pymongo import MongoClient, UpdateOne\nModuleNotFoundError: No module named 'pymongo'\n"
}
[2025-07-02T20:02:23.250Z] [INFO] 🚀 Starting data update daemon... {
  "nodeVersion": "v20.19.3",
  "platform": "darwin",
  "arch": "arm64",
  "pid": 83014,
  "cwd": "/Users/sim/TestingPig",
  "system": {
    "cpus": 8,
    "memory": {
      "total": "16.00 GB",
      "free": "0.21 GB",
      "usage": "98.67%"
    },
    "load": [
      2.0263671875,
      2.2529296875,
      2.4677734375
    ]
  },
  "env": "production"
}
[2025-07-02T20:02:23.254Z] [INFO] [RESOURCE] Memory: 4.26MB used, 4.56MB total, 36.66MB RSS | Load: 2.03, 2.25, 2.47
[2025-07-02T20:02:23.254Z] [WARN] [WARNING] High memory usage: 93.4% of heap used
[2025-07-02T20:02:23.254Z] [WARN] [WARNING] Critical memory usage - consider increasing Node.js memory limit
[2025-07-02T20:02:23.255Z] [INFO] Performing initial data update...
[2025-07-02T20:02:23.255Z] [INFO] 🚀 Starting scheduled data updates... {
  "system": {
    "platform": "darwin",
    "arch": "arm64",
    "node": "v20.19.3",
    "pid": 83014,
    "cpus": 8,
    "memory": {
      "total": "16.00 GB",
      "free": "0.23 GB",
      "usage": "98.56%"
    }
  },
  "totalScripts": 4,
  "logLevel": "INFO"
}
[2025-07-02T20:02:23.255Z] [INFO] 
📋 [1/4] Starting script: Employee Utilization Analysis {
  "script": "employee_utilization_analyzer.py",
  "args": "",
  "timeout": "1800s",
  "maxRetries": 2,
  "retryDelay": "10000ms"
}
[2025-07-02T20:02:23.256Z] [DEBUG] Executing script: employee_utilization_analyzer.py {
  "args": [],
  "pid": 83014,
  "cwd": "/Users/sim/TestingPig",
  "pythonPath": "python3",
  "timeout": 1800000,
  "maxRetries": 2
}
[2025-07-02T20:02:38.274Z] [INFO] Script completed successfully: employee_utilization_analyzer.py {
  "duration": "15018ms",
  "exitCode": 0,
  "attempt": 1
}
[2025-07-02T20:02:38.274Z] [WARN] [employee_utilization_analyzer.py STDERR] 2025-07-02 15:02:27,879 - INFO - Loading faiss.
2025-07-02 15:02:27,911 - INFO - Successfully loaded faiss.
2025-07-02 15:02:27,915 - INFO - Failed to load GPU Faiss: name 'GpuIndexIVFFlat' is not defined. Will not load constructor refs for GPU indexes. This is only an error if you're trying to use GPU Faiss.
2025-07-02 15:02:27,915 - INFO - Starting Attrition Score Analyzer (Multi-Database Version)...
2025-07-02 15:02:27,917 - INFO - MongoDB URI loaded: mongodb+srv://simarjotsingh5244:NUMotMgntP7AcNrQ@cluster0.nen0dzs.mongodb.net/
2025-07-02 15:02:27,917 - INFO - Employee Utilization Analyzer starting up...
2025-07-02 15:02:27,918 - INFO - MongoDB URI: mongodb+srv://simarjotsingh5244:NUMotMgntP7AcNrQ@cluster0.nen0dzs.mongodb.net/
2025-07-02 15:02:27,919 - INFO - Starting Employee Utilization Analyzer...
2025-07-02 15:02:27,920 - INFO - [MEMORY] Before MongoDB connection
2025-07-02 15:02:27,920 - INFO -   • RSS: 406.73 MB
2025-07-02 15:02:27,920 - INFO -   • VMS: 402039.45 MB
2025-07-02 15:02:27,922 - INFO -   • USS: 322.53 MB
2025-07-02 15:02:27,922 - INFO - [CPU] Before MongoDB connection
2025-07-02 15:02:28,027 - INFO -   • CPU %: 0.0%
2025-07-02 15:02:28,027 - INFO -   • Threads: 1
2025-07-02 15:02:28,027 - INFO -   • Open files: 0
2025-07-02 15:02:28,028 - INFO -   • Python allocated blocks: 1594198
2025-07-02 15:02:28,028 - INFO - [GC] Before MongoDB connection
2025-07-02 15:02:28,052 - WARNING - Could not get GC info: object of type 'function' has no len()
2025-07-02 15:02:28,052 - INFO - --------------------------------------------------------------------------------
2025-07-02 15:02:28,052 - INFO - Attempting MongoDB connection (attempt 1/3)
2025-07-02 15:02:28,969 - INFO - Successfully connected to MongoDB at mongodb+srv://simarjotsingh5244:NUMotMgntP7AcNrQ@cluster0.nen0dzs.mongodb.net/
2025-07-02 15:02:29,025 - INFO - MongoDB server version: 8.0.11
2025-07-02 15:02:29,026 - INFO - MongoDB connections: 73
2025-07-02 15:02:29,026 - INFO - [MEMORY] After MongoDB connection
2025-07-02 15:02:29,026 - INFO -   • RSS: 414.38 MB
2025-07-02 15:02:29,027 - INFO -   • VMS: 402320.22 MB
2025-07-02 15:02:29,031 - INFO -   • USS: 329.55 MB
2025-07-02 15:02:29,031 - INFO - [CPU] After MongoDB connection
2025-07-02 15:02:29,132 - INFO -   • CPU %: 0.8%
2025-07-02 15:02:29,133 - INFO -   • Threads: 8
2025-07-02 15:02:29,133 - INFO -   • Open files: 0
2025-07-02 15:02:29,134 - INFO -   • Python allocated blocks: 1615833
2025-07-02 15:02:29,134 - INFO - [GC] After MongoDB connection
2025-07-02 15:02:29,167 - WARNING - Could not get GC info: object of type 'Parameter' has no len()
2025-07-02 15:02:29,167 - INFO - --------------------------------------------------------------------------------
2025-07-02 15:02:29,169 - INFO - [RESOURCE] Database Connection
2025-07-02 15:02:29,169 - INFO -   • Duration: 1.2476 seconds
2025-07-02 15:02:29,169 - INFO -   • Memory (RSS): 406.73MB -> 417.44MB (Δ+10.70MB)
2025-07-02 15:02:29,169 - INFO -   • CPU Usage: 15.4% -> 11.6%
2025-07-02 15:02:29,169 - INFO -   • Tracemalloc - Current: 2.73MB, Peak: 5.88MB
2025-07-02 15:02:29,263 - INFO -   • GC Stats: [{'collections': 310, 'collected': 7564, 'uncollectable': 0}, {'collections': 28, 'collected': 712, 'uncollectable': 0}, {'collections': 3, 'collected': 500, 'uncollectable': 0}]
2025-07-02 15:02:29,264 - INFO - [MEMORY] Before model loading
2025-07-02 15:02:29,264 - INFO -   • RSS: 417.45 MB
2025-07-02 15:02:29,264 - INFO -   • VMS: 402448.22 MB
2025-07-02 15:02:29,266 - INFO -   • USS: 328.56 MB
2025-07-02 15:02:29,266 - INFO - [CPU] Before model loading
2025-07-02 15:02:29,371 - INFO -   • CPU %: 0.3%
2025-07-02 15:02:29,372 - INFO -   • Threads: 4
2025-07-02 15:02:29,372 - INFO -   • Open files: 0
2025-07-02 15:02:29,372 - INFO -   • Python allocated blocks: 1614032
2025-07-02 15:02:29,372 - INFO - [GC] Before model loading
2025-07-02 15:02:29,391 - INFO -   • Gen 0: 4 objects
2025-07-02 15:02:29,396 - WARNING - Could not get GC info: object of type 'Process' has no len()
2025-07-02 15:02:29,396 - INFO - --------------------------------------------------------------------------------
2025-07-02 15:02:29,396 - INFO - Loading model: all-MiniLM-L6-v2
2025-07-02 15:02:29,396 - INFO - Available memory before loading: 5052.58 MB
2025-07-02 15:02:29,420 - INFO - Use pytorch device_name: mps
2025-07-02 15:02:29,421 - INFO - Load pretrained SentenceTransformer: all-MiniLM-L6-v2
2025-07-02 15:02:32,749 - INFO - Use pytorch device_name: mps
2025-07-02 15:02:32,750 - INFO - Load pretrained SentenceTransformer: all-MiniLM-L6-v2
2025-07-02 15:02:33,947 - INFO - Model loaded in 4.55 seconds
2025-07-02 15:02:33,947 - INFO - Pre-computing benchmark task embeddings...
2025-07-02 15:02:33,954 - INFO - [RESOURCE] Model Loading
2025-07-02 15:02:33,954 - INFO -   • Duration: 4.6835 seconds
2025-07-02 15:02:33,954 - INFO -   • Memory (RSS): 417.45MB -> 420.27MB (Δ+2.81MB)
2025-07-02 15:02:33,954 - INFO -   • CPU Usage: 14.1% -> 12.2%
2025-07-02 15:02:33,954 - INFO -   • Tracemalloc - Current: 10.90MB, Peak: 15.87MB
2025-07-02 15:02:34,059 - INFO -   • GC Stats: [{'collections': 323, 'collected': 9456, 'uncollectable': 0}, {'collections': 29, 'collected': 712, 'uncollectable': 0}, {'collections': 4, 'collected': 4214, 'uncollectable': 0}]
2025-07-02 15:02:34,060 - INFO - [MEMORY] Before MongoDB connection
2025-07-02 15:02:34,060 - INFO -   • RSS: 425.08 MB
2025-07-02 15:02:34,060 - INFO -   • VMS: 403810.14 MB
2025-07-02 15:02:34,062 - INFO -   • USS: 313.16 MB
2025-07-02 15:02:34,062 - INFO - [CPU] Before MongoDB connection
2025-07-02 15:02:34,167 - INFO -   • CPU %: 0.0%
2025-07-02 15:02:34,167 - INFO -   • Threads: 4
2025-07-02 15:02:34,167 - INFO -   • Open files: 2
2025-07-02 15:02:34,168 - INFO -   • Python allocated blocks: 1665789
2025-07-02 15:02:34,168 - INFO - [GC] Before MongoDB connection
2025-07-02 15:02:34,189 - INFO -   • Gen 0: 4 objects
2025-07-02 15:02:34,194 - WARNING - Could not get GC info: object of type 'Process' has no len()
2025-07-02 15:02:34,194 - INFO - --------------------------------------------------------------------------------
2025-07-02 15:02:34,194 - INFO - Attempting MongoDB connection (attempt 1/3)
2025-07-02 15:02:34,778 - INFO - Successfully connected to MongoDB at mongodb+srv://simarjotsingh5244:NUMotMgntP7AcNrQ@cluster0.nen0dzs.mongodb.net/
2025-07-02 15:02:34,835 - INFO - MongoDB server version: 8.0.11
2025-07-02 15:02:34,835 - INFO - MongoDB connections: 74
2025-07-02 15:02:34,836 - INFO - [MEMORY] After MongoDB connection
2025-07-02 15:02:34,836 - INFO -   • RSS: 428.83 MB
2025-07-02 15:02:34,836 - INFO -   • VMS: 403922.58 MB
2025-07-02 15:02:34,841 - INFO -   • USS: 314.41 MB
2025-07-02 15:02:34,841 - INFO - [CPU] After MongoDB connection
2025-07-02 15:02:34,947 - INFO -   • CPU %: 0.5%
2025-07-02 15:02:34,947 - INFO -   • Threads: 11
2025-07-02 15:02:34,948 - INFO -   • Open files: 2
2025-07-02 15:02:34,948 - INFO -   • Python allocated blocks: 1667126
2025-07-02 15:02:34,948 - INFO - [GC] After MongoDB connection
2025-07-02 15:02:34,979 - INFO -   • Gen 0: 4 objects
2025-07-02 15:02:34,985 - WARNING - Could not get GC info: object of type 'MongoClient' has no len()
2025-07-02 15:02:34,985 - INFO - --------------------------------------------------------------------------------
2025-07-02 15:02:34,986 - INFO - [RESOURCE] Database Connection
2025-07-02 15:02:34,986 - INFO -   • Duration: 0.9259 seconds
2025-07-02 15:02:34,986 - INFO -   • Memory (RSS): 425.08MB -> 432.53MB (Δ+7.45MB)
2025-07-02 15:02:34,986 - INFO -   • CPU Usage: 16.7% -> 5.4%
2025-07-02 15:02:34,986 - INFO -   • Tracemalloc - Current: 0.15MB, Peak: 3.31MB
2025-07-02 15:02:35,086 - INFO -   • GC Stats: [{'collections': 323, 'collected': 9456, 'uncollectable': 0}, {'collections': 29, 'collected': 712, 'uncollectable': 0}, {'collections': 5, 'collected': 4224, 'uncollectable': 0}]
2025-07-02 15:02:35,086 - INFO - [MEMORY] Before model loading
2025-07-02 15:02:35,086 - INFO -   • RSS: 432.53 MB
2025-07-02 15:02:35,087 - INFO -   • VMS: 403922.58 MB
2025-07-02 15:02:35,089 - INFO -   • USS: 315.00 MB
2025-07-02 15:02:35,089 - INFO - [CPU] Before model loading
2025-07-02 15:02:35,194 - INFO -   • CPU %: 0.2%
2025-07-02 15:02:35,194 - INFO -   • Threads: 8
2025-07-02 15:02:35,194 - INFO -   • Open files: 2
2025-07-02 15:02:35,194 - INFO -   • Python allocated blocks: 1666507
2025-07-02 15:02:35,195 - INFO - [GC] Before model loading
2025-07-02 15:02:35,214 - INFO -   • Gen 0: 4 objects
2025-07-02 15:02:35,219 - WARNING - Could not get GC info: object of type 'Process' has no len()
2025-07-02 15:02:35,219 - INFO - --------------------------------------------------------------------------------
2025-07-02 15:02:35,219 - INFO - Loading model: all-MiniLM-L6-v2
2025-07-02 15:02:35,219 - INFO - Available memory before loading: 4458.23 MB
2025-07-02 15:02:35,220 - INFO - Use pytorch device_name: mps
2025-07-02 15:02:35,220 - INFO - Load pretrained SentenceTransformer: all-MiniLM-L6-v2
2025-07-02 15:02:36,378 - INFO - Use pytorch device_name: mps
2025-07-02 15:02:36,378 - INFO - Load pretrained SentenceTransformer: all-MiniLM-L6-v2
2025-07-02 15:02:37,533 - INFO - Model loaded in 2.31 seconds
2025-07-02 15:02:37,533 - INFO - Pre-computing benchmark task embeddings...
2025-07-02 15:02:37,535 - INFO - [RESOURCE] Model Loading
2025-07-02 15:02:37,535 - INFO -   • Duration: 2.4472 seconds
2025-07-02 15:02:37,535 - INFO -   • Memory (RSS): 432.53MB -> 442.11MB (Δ+9.58MB)
2025-07-02 15:02:37,535 - INFO -   • CPU Usage: 18.8% -> 6.6%
2025-07-02 15:02:37,535 - INFO -   • Tracemalloc - Current: 0.68MB, Peak: 5.64MB
2025-07-02 15:02:37,640 - INFO -   • GC Stats: [{'collections': 325, 'collected': 9476, 'uncollectable': 0}, {'collections': 29, 'collected': 712, 'uncollectable': 0}, {'collections': 6, 'collected': 7935, 'uncollectable': 0}]
2025-07-02 15:02:37,640 - ERROR - Failed listing databases: 'NoneType' object has no attribute 'list_database_names'
2025-07-02 15:02:37,640 - INFO - Found tenant DBs: []
2025-07-02 15:02:37,640 - INFO - Processing completed. Exiting.

[2025-07-02T20:02:38.275Z] [SUCCESS] ✅ [1/4] Employee Utilization Analysis completed successfully in 15.0s {
  "script": "employee_utilization_analyzer.py",
  "duration": "15020ms",
  "attempts": 1,
  "startTime": "2025-07-02T20:02:23.255Z",
  "endTime": "2025-07-02T20:02:38.275Z"
}
[2025-07-02T20:02:38.275Z] [INFO] ⏳ Waiting 5s before next script...
[2025-07-02T20:02:43.279Z] [INFO] [RESOURCE] Memory: 3.88MB used, 4.81MB total, 35.81MB RSS | Load: 2.10, 2.25, 2.46
[2025-07-02T20:02:43.280Z] [WARN] [WARNING] High memory usage: 80.7% of heap used
[2025-07-02T20:02:43.281Z] [INFO] 
📋 [2/4] Starting script: Attrition Score Calculation {
  "script": "attrition_score.py",
  "args": "--batch-size=10 --log-level=INFO",
  "timeout": "3600s",
  "maxRetries": 2,
  "retryDelay": "15000ms"
}
[2025-07-02T20:02:43.282Z] [DEBUG] Executing script: attrition_score.py {
  "args": [
    "--batch-size=10",
    "--log-level=INFO"
  ],
  "pid": 83014,
  "cwd": "/Users/sim/TestingPig",
  "pythonPath": "python3",
  "timeout": 3600000,
  "maxRetries": 2
}
[2025-07-02T20:02:47.747Z] [WARN] Script attempt 1 failed, will retry: attrition_score.py {
  "script": "attrition_score.py",
  "duration": "4466ms",
  "exitCode": 2,
  "signal": null,
  "attempt": 1,
  "maxAttempts": 3,
  "error": "Command failed: \"python3\" \"/Users/sim/TestingPig/attrition_score.py\" \"--batch-size=10\" \"--log-level=INFO\"\n2025-07-02 15:02:47,200 - INFO - Loading faiss.\n2025-07-02 15:02:47,218 - INFO - Successfully loaded faiss.\n2025-07-02 15:02:47,221 - INFO - Failed to load GPU Faiss: name 'GpuIndexIVFFlat' is not defined. Will not load constructor refs for GPU indexes. This is only an error if you're trying to use GPU Faiss.\n2025-07-02 15:02:47,221 - INFO - Starting Attrition Score Analyzer (Multi-Database Version)...\n2025-07-02 15:02:47,223 - INFO - MongoDB URI loaded: mongodb+srv://simarjotsingh5244:NUMotMgntP7AcNrQ@cluster0.nen0dzs.mongodb.net/\nusage: attrition_score.py [-h] [--watch] [--email EMAIL] [--db DB] [--npm]\n                          [--single-db]\nattrition_score.py: error: unrecognized arguments: --batch-size=10 --log-level=INFO\n"
}
[2025-07-02T20:02:47.748Z] [WARN] Retry attempt 2 of 2 after 15000ms... {
  "script": "attrition_score.py",
  "previousError": "Command failed: \"python3\" \"/Users/sim/TestingPig/attrition_score.py\" \"--batch-size=10\" \"--log-level=INFO\"\n2025-07-02 15:02:47,200 - INFO - Loading faiss.\n2025-07-02 15:02:47,218 - INFO - Successfully loaded faiss.\n2025-07-02 15:02:47,221 - INFO - Failed to load GPU Faiss: name 'GpuIndexIVFFlat' is not defined. Will not load constructor refs for GPU indexes. This is only an error if you're trying to use GPU Faiss.\n2025-07-02 15:02:47,221 - INFO - Starting Attrition Score Analyzer (Multi-Database Version)...\n2025-07-02 15:02:47,223 - INFO - MongoDB URI loaded: mongodb+srv://simarjotsingh5244:NUMotMgntP7AcNrQ@cluster0.nen0dzs.mongodb.net/\nusage: attrition_score.py [-h] [--watch] [--email EMAIL] [--db DB] [--npm]\n                          [--single-db]\nattrition_score.py: error: unrecognized arguments: --batch-size=10 --log-level=INFO\n"
}
[2025-07-02T20:03:07.089Z] [WARN] Script attempt 2 failed, will retry: attrition_score.py {
  "script": "attrition_score.py",
  "duration": "23808ms",
  "exitCode": 2,
  "signal": null,
  "attempt": 2,
  "maxAttempts": 3,
  "error": "Command failed: \"python3\" \"/Users/sim/TestingPig/attrition_score.py\" \"--batch-size=10\" \"--log-level=INFO\"\n2025-07-02 15:03:06,431 - INFO - Loading faiss.\n2025-07-02 15:03:06,449 - INFO - Successfully loaded faiss.\n2025-07-02 15:03:06,452 - INFO - Failed to load GPU Faiss: name 'GpuIndexIVFFlat' is not defined. Will not load constructor refs for GPU indexes. This is only an error if you're trying to use GPU Faiss.\n2025-07-02 15:03:06,452 - INFO - Starting Attrition Score Analyzer (Multi-Database Version)...\n2025-07-02 15:03:06,454 - INFO - MongoDB URI loaded: mongodb+srv://simarjotsingh5244:NUMotMgntP7AcNrQ@cluster0.nen0dzs.mongodb.net/\nusage: attrition_score.py [-h] [--watch] [--email EMAIL] [--db DB] [--npm]\n                          [--single-db]\nattrition_score.py: error: unrecognized arguments: --batch-size=10 --log-level=INFO\n"
}
[2025-07-02T20:03:07.089Z] [WARN] Retry attempt 3 of 2 after 15000ms... {
  "script": "attrition_score.py",
  "previousError": "Command failed: \"python3\" \"/Users/sim/TestingPig/attrition_score.py\" \"--batch-size=10\" \"--log-level=INFO\"\n2025-07-02 15:03:06,431 - INFO - Loading faiss.\n2025-07-02 15:03:06,449 - INFO - Successfully loaded faiss.\n2025-07-02 15:03:06,452 - INFO - Failed to load GPU Faiss: name 'GpuIndexIVFFlat' is not defined. Will not load constructor refs for GPU indexes. This is only an error if you're trying to use GPU Faiss.\n2025-07-02 15:03:06,452 - INFO - Starting Attrition Score Analyzer (Multi-Database Version)...\n2025-07-02 15:03:06,454 - INFO - MongoDB URI loaded: mongodb+srv://simarjotsingh5244:NUMotMgntP7AcNrQ@cluster0.nen0dzs.mongodb.net/\nusage: attrition_score.py [-h] [--watch] [--email EMAIL] [--db DB] [--npm]\n                          [--single-db]\nattrition_score.py: error: unrecognized arguments: --batch-size=10 --log-level=INFO\n"
}
[2025-07-02T20:03:26.539Z] [ERROR] Script failed after 3 attempts: attrition_score.py {
  "script": "attrition_score.py",
  "duration": "43258ms",
  "exitCode": 2,
  "signal": null,
  "attempt": 3,
  "maxAttempts": 3,
  "error": "Command failed: \"python3\" \"/Users/sim/TestingPig/attrition_score.py\" \"--batch-size=10\" \"--log-level=INFO\"\n2025-07-02 15:03:25,863 - INFO - Loading faiss.\n2025-07-02 15:03:25,881 - INFO - Successfully loaded faiss.\n2025-07-02 15:03:25,885 - INFO - Failed to load GPU Faiss: name 'GpuIndexIVFFlat' is not defined. Will not load constructor refs for GPU indexes. This is only an error if you're trying to use GPU Faiss.\n2025-07-02 15:03:25,885 - INFO - Starting Attrition Score Analyzer (Multi-Database Version)...\n2025-07-02 15:03:25,886 - INFO - MongoDB URI loaded: mongodb+srv://simarjotsingh5244:NUMotMgntP7AcNrQ@cluster0.nen0dzs.mongodb.net/\nusage: attrition_score.py [-h] [--watch] [--email EMAIL] [--db DB] [--npm]\n                          [--single-db]\nattrition_score.py: error: unrecognized arguments: --batch-size=10 --log-level=INFO\n"
}
[2025-07-02T20:03:26.540Z] [INFO] [RESOURCE] Memory: 4.16MB used, 4.81MB total, 36.55MB RSS | Load: 3.89, 2.61, 2.58
[2025-07-02T20:03:26.540Z] [WARN] [WARNING] High memory usage: 86.4% of heap used
[2025-07-02T20:03:26.540Z] [ERROR] [attrition_score.py STDERR] 2025-07-02 15:03:25,863 - INFO - Loading faiss.
2025-07-02 15:03:25,881 - INFO - Successfully loaded faiss.
2025-07-02 15:03:25,885 - INFO - Failed to load GPU Faiss: name 'GpuIndexIVFFlat' is not defined. Will not load constructor refs for GPU indexes. This is only an error if you're trying to use GPU Faiss.
2025-07-02 15:03:25,885 - INFO - Starting Attrition Score Analyzer (Multi-Database Version)...
2025-07-02 15:03:25,886 - INFO - MongoDB URI loaded: mongodb+srv://simarjotsingh5244:NUMotMgntP7AcNrQ@cluster0.nen0dzs.mongodb.net/
usage: attrition_score.py [-h] [--watch] [--email EMAIL] [--db DB] [--npm]
                          [--single-db]
attrition_score.py: error: unrecognized arguments: --batch-size=10 --log-level=INFO

[2025-07-02T20:03:26.541Z] [ERROR] ❌ [2/4] Attrition Score Calculation failed after 43.3s (attempt 1) {
  "script": "attrition_score.py",
  "duration": "43260ms",
  "attempts": 1,
  "startTime": "2025-07-02T20:02:43.281Z",
  "endTime": "2025-07-02T20:03:26.541Z"
}
[2025-07-02T20:03:26.541Z] [ERROR] 💥 Script failed: attrition_score.py (attempt 1/3) {
  "duration": "43260ms",
  "error": "Script failed after 3 attempts: Command failed: \"python3\" \"/Users/sim/TestingPig/attrition_score.py\" \"--batch-size=10\" \"--log-level=INFO\"\n2025-07-02 15:03:25,863 - INFO - Loading faiss.\n2025-07-02 15:03:25,881 - INFO - Successfully loaded faiss.\n2025-07-02 15:03:25,885 - INFO - Failed to load GPU Faiss: name 'GpuIndexIVFFlat' is not defined. Will not load constructor refs for GPU indexes. This is only an error if you're trying to use GPU Faiss.\n2025-07-02 15:03:25,885 - INFO - Starting Attrition Score Analyzer (Multi-Database Version)...\n2025-07-02 15:03:25,886 - INFO - MongoDB URI loaded: mongodb+srv://simarjotsingh5244:NUMotMgntP7AcNrQ@cluster0.nen0dzs.mongodb.net/\nusage: attrition_score.py [-h] [--watch] [--email EMAIL] [--db DB] [--npm]\n                          [--single-db]\nattrition_score.py: error: unrecognized arguments: --batch-size=10 --log-level=INFO\n",
  "code": "N/A",
  "signal": "N/A"
}
[2025-07-02T20:03:26.541Z] [INFO] ⏳ Waiting 5s before next script...
[2025-07-02T20:03:31.543Z] [INFO] [RESOURCE] Memory: 4.20MB used, 4.81MB total, 36.70MB RSS | Load: 3.58, 2.57, 2.56
[2025-07-02T20:03:31.544Z] [WARN] [WARNING] High memory usage: 87.3% of heap used
[2025-07-02T20:03:31.545Z] [INFO] 
📋 [3/4] Starting script: Successor Identification {
  "script": "successor_identification.py",
  "args": "--batch --max-workers=4",
  "timeout": "2700s",
  "maxRetries": 1,
  "retryDelay": "20000ms"
}
[2025-07-02T20:03:31.545Z] [DEBUG] Executing script: successor_identification.py {
  "args": [
    "--batch",
    "--max-workers=4"
  ],
  "pid": 83014,
  "cwd": "/Users/sim/TestingPig",
  "pythonPath": "python3",
  "timeout": 2700000,
  "maxRetries": 1
}
[2025-07-02T20:03:36.388Z] [WARN] Script attempt 1 failed, will retry: successor_identification.py {
  "script": "successor_identification.py",
  "duration": "4843ms",
  "exitCode": 2,
  "signal": null,
  "attempt": 1,
  "maxAttempts": 2,
  "error": "Command failed: \"python3\" \"/Users/sim/TestingPig/successor_identification.py\" \"--batch\" \"--max-workers=4\"\n2025-07-02 15:03:35,301 - INFO - ================================================================================\n2025-07-02 15:03:35,302 - INFO - Successor Identification System starting up...\n2025-07-02 15:03:35,302 - INFO - Python version: 3.13.5 (main, Jun 11 2025, 15:36:57) [Clang 17.0.0 (clang-1700.0.13.3)]\n2025-07-02 15:03:35,331 - INFO - Platform: macOS-15.5-arm64-arm-64bit-Mach-O\n2025-07-02 15:03:35,332 - INFO - Process ID: 83205\n2025-07-02 15:03:35,597 - INFO - [Memory] Initial memory usage | RSS: 398.59MB | VMS: 402309.38MB | CPU: 0.0% | GC Objects: 375,776\n2025-07-02 15:03:35,603 - INFO - MongoDB URI loaded: mongodb+srv://simarjotsingh5244:NUMotMgntP7AcNrQ@cluster0.nen0dzs.mongodb.net/\n2025-07-02 15:03:35,819 - INFO - [Memory] Application startup | RSS: 401.5MB | VMS: 402309.38MB | CPU: 0.0% | GC Objects: 375,795\nusage: successor_identification.py [-h] [--email EMAIL] [--db DB] [--refresh]\n                                   [--watch] [--batch-size BATCH_SIZE] [--npm]\nsuccessor_identification.py: error: argument --batch-size: expected one argument\n"
}
[2025-07-02T20:03:36.388Z] [WARN] Retry attempt 2 of 1 after 20000ms... {
  "script": "successor_identification.py",
  "previousError": "Command failed: \"python3\" \"/Users/sim/TestingPig/successor_identification.py\" \"--batch\" \"--max-workers=4\"\n2025-07-02 15:03:35,301 - INFO - ================================================================================\n2025-07-02 15:03:35,302 - INFO - Successor Identification System starting up...\n2025-07-02 15:03:35,302 - INFO - Python version: 3.13.5 (main, Jun 11 2025, 15:36:57) [Clang 17.0.0 (clang-1700.0.13.3)]\n2025-07-02 15:03:35,331 - INFO - Platform: macOS-15.5-arm64-arm-64bit-Mach-O\n2025-07-02 15:03:35,332 - INFO - Process ID: 83205\n2025-07-02 15:03:35,597 - INFO - [Memory] Initial memory usage | RSS: 398.59MB | VMS: 402309.38MB | CPU: 0.0% | GC Objects: 375,776\n2025-07-02 15:03:35,603 - INFO - MongoDB URI loaded: mongodb+srv://simarjotsingh5244:NUMotMgntP7AcNrQ@cluster0.nen0dzs.mongodb.net/\n2025-07-02 15:03:35,819 - INFO - [Memory] Application startup | RSS: 401.5MB | VMS: 402309.38MB | CPU: 0.0% | GC Objects: 375,795\nusage: successor_identification.py [-h] [--email EMAIL] [--db DB] [--refresh]\n                                   [--watch] [--batch-size BATCH_SIZE] [--npm]\nsuccessor_identification.py: error: argument --batch-size: expected one argument\n"
}
[2025-07-02T20:04:01.496Z] [ERROR] Script failed after 2 attempts: successor_identification.py {
  "script": "successor_identification.py",
  "duration": "29951ms",
  "exitCode": 2,
  "signal": null,
  "attempt": 2,
  "maxAttempts": 2,
  "error": "Command failed: \"python3\" \"/Users/sim/TestingPig/successor_identification.py\" \"--batch\" \"--max-workers=4\"\n2025-07-02 15:04:00,196 - INFO - ================================================================================\n2025-07-02 15:04:00,196 - INFO - Successor Identification System starting up...\n2025-07-02 15:04:00,196 - INFO - Python version: 3.13.5 (main, Jun 11 2025, 15:36:57) [Clang 17.0.0 (clang-1700.0.13.3)]\n2025-07-02 15:04:00,225 - INFO - Platform: macOS-15.5-arm64-arm-64bit-Mach-O\n2025-07-02 15:04:00,225 - INFO - Process ID: 83274\n2025-07-02 15:04:00,478 - INFO - [Memory] Initial memory usage | RSS: 398.56MB | VMS: 402564.38MB | CPU: 0.1% | GC Objects: 375,776\n2025-07-02 15:04:00,485 - INFO - MongoDB URI loaded: mongodb+srv://simarjotsingh5244:NUMotMgntP7AcNrQ@cluster0.nen0dzs.mongodb.net/\n2025-07-02 15:04:00,817 - INFO - [Memory] Application startup | RSS: 401.52MB | VMS: 402564.38MB | CPU: 0.2% | GC Objects: 375,795\nusage: successor_identification.py [-h] [--email EMAIL] [--db DB] [--refresh]\n                                   [--watch] [--batch-size BATCH_SIZE] [--npm]\nsuccessor_identification.py: error: argument --batch-size: expected one argument\n"
}
[2025-07-02T20:04:01.498Z] [ERROR] [successor_identification.py STDERR] 2025-07-02 15:04:00,196 - INFO - ================================================================================
2025-07-02 15:04:00,196 - INFO - Successor Identification System starting up...
2025-07-02 15:04:00,196 - INFO - Python version: 3.13.5 (main, Jun 11 2025, 15:36:57) [Clang 17.0.0 (clang-1700.0.13.3)]
2025-07-02 15:04:00,225 - INFO - Platform: macOS-15.5-arm64-arm-64bit-Mach-O
2025-07-02 15:04:00,225 - INFO - Process ID: 83274
2025-07-02 15:04:00,478 - INFO - [Memory] Initial memory usage | RSS: 398.56MB | VMS: 402564.38MB | CPU: 0.1% | GC Objects: 375,776
2025-07-02 15:04:00,485 - INFO - MongoDB URI loaded: mongodb+srv://simarjotsingh5244:NUMotMgntP7AcNrQ@cluster0.nen0dzs.mongodb.net/
2025-07-02 15:04:00,817 - INFO - [Memory] Application startup | RSS: 401.52MB | VMS: 402564.38MB | CPU: 0.2% | GC Objects: 375,795
usage: successor_identification.py [-h] [--email EMAIL] [--db DB] [--refresh]
                                   [--watch] [--batch-size BATCH_SIZE] [--npm]
successor_identification.py: error: argument --batch-size: expected one argument

[2025-07-02T20:04:01.498Z] [ERROR] ❌ [3/4] Successor Identification failed after 30.0s (attempt 1) {
  "script": "successor_identification.py",
  "duration": "29953ms",
  "attempts": 1,
  "startTime": "2025-07-02T20:03:31.545Z",
  "endTime": "2025-07-02T20:04:01.498Z"
}
[2025-07-02T20:04:01.499Z] [ERROR] 💥 Script failed: successor_identification.py (attempt 1/2) {
  "duration": "29953ms",
  "error": "Script failed after 2 attempts: Command failed: \"python3\" \"/Users/sim/TestingPig/successor_identification.py\" \"--batch\" \"--max-workers=4\"\n2025-07-02 15:04:00,196 - INFO - ================================================================================\n2025-07-02 15:04:00,196 - INFO - Successor Identification System starting up...\n2025-07-02 15:04:00,196 - INFO - Python version: 3.13.5 (main, Jun 11 2025, 15:36:57) [Clang 17.0.0 (clang-1700.0.13.3)]\n2025-07-02 15:04:00,225 - INFO - Platform: macOS-15.5-arm64-arm-64bit-Mach-O\n2025-07-02 15:04:00,225 - INFO - Process ID: 83274\n2025-07-02 15:04:00,478 - INFO - [Memory] Initial memory usage | RSS: 398.56MB | VMS: 402564.38MB | CPU: 0.1% | GC Objects: 375,776\n2025-07-02 15:04:00,485 - INFO - MongoDB URI loaded: mongodb+srv://simarjotsingh5244:NUMotMgntP7AcNrQ@cluster0.nen0dzs.mongodb.net/\n2025-07-02 15:04:00,817 - INFO - [Memory] Application startup | RSS: 401.52MB | VMS: 402564.38MB | CPU: 0.2% | GC Objects: 375,795\nusage: successor_identification.py [-h] [--email EMAIL] [--db DB] [--refresh]\n                                   [--watch] [--batch-size BATCH_SIZE] [--npm]\nsuccessor_identification.py: error: argument --batch-size: expected one argument\n",
  "code": "N/A",
  "signal": "N/A"
}
[2025-07-02T20:04:01.499Z] [INFO] ⏳ Waiting 5s before next script...
[2025-07-02T20:04:06.501Z] [INFO] [RESOURCE] Memory: 4.65MB used, 5.06MB total, 37.31MB RSS | Load: 3.29, 2.60, 2.58
[2025-07-02T20:04:06.501Z] [WARN] [WARNING] High memory usage: 91.8% of heap used
[2025-07-02T20:04:06.502Z] [WARN] [WARNING] Critical memory usage - consider increasing Node.js memory limit
[2025-07-02T20:04:06.503Z] [INFO] 
📋 [4/4] Starting script: Successor Finder {
  "script": "successor_finder.py",
  "args": "--refresh --verbose",
  "timeout": "1800s",
  "maxRetries": 2,
  "retryDelay": "10000ms"
}
[2025-07-02T20:04:06.503Z] [DEBUG] Executing script: successor_finder.py {
  "args": [
    "--refresh",
    "--verbose"
  ],
  "pid": 83014,
  "cwd": "/Users/sim/TestingPig",
  "pythonPath": "python3",
  "timeout": 1800000,
  "maxRetries": 2
}
[2025-07-02T20:04:06.553Z] [WARN] Script attempt 1 failed, will retry: successor_finder.py {
  "script": "successor_finder.py",
  "duration": "50ms",
  "exitCode": 1,
  "signal": null,
  "attempt": 1,
  "maxAttempts": 3,
  "error": "Command failed: \"python3\" \"/Users/sim/TestingPig/successor_finder.py\" \"--refresh\" \"--verbose\"\n  File \"/Users/sim/TestingPig/successor_finder.py\", line 1080\n    \"\"\"Main function for running the successor finder tool\"\"\"\n                                                          ^\nSyntaxError: unterminated triple-quoted string literal (detected at line 1146)\n"
}
[2025-07-02T20:04:06.553Z] [WARN] Retry attempt 2 of 2 after 10000ms... {
  "script": "successor_finder.py",
  "previousError": "Command failed: \"python3\" \"/Users/sim/TestingPig/successor_finder.py\" \"--refresh\" \"--verbose\"\n  File \"/Users/sim/TestingPig/successor_finder.py\", line 1080\n    \"\"\"Main function for running the successor finder tool\"\"\"\n                                                          ^\nSyntaxError: unterminated triple-quoted string literal (detected at line 1146)\n"
}
[2025-07-02T20:04:07.303Z] [WARN] Received SIGINT, shutting down gracefully...
[2025-07-02T20:04:07.304Z] [INFO] Cleanup completed, exiting...
[2025-07-02T20:04:10.799Z] [INFO] 🚀 Starting data update daemon... {
  "nodeVersion": "v20.19.3",
  "platform": "darwin",
  "arch": "arm64",
  "pid": 83329,
  "cwd": "/Users/sim/TestingPig",
  "system": {
    "cpus": 8,
    "memory": {
      "total": "16.00 GB",
      "free": "0.39 GB",
      "usage": "97.53%"
    },
    "load": [
      3.02490234375,
      2.5576171875,
      2.56005859375
    ]
  },
  "env": "production"
}
[2025-07-02T20:04:10.800Z] [INFO] [RESOURCE] Memory: 4.26MB used, 4.56MB total, 36.58MB RSS | Load: 3.02, 2.56, 2.56
[2025-07-02T20:04:10.800Z] [WARN] [WARNING] High memory usage: 93.4% of heap used
[2025-07-02T20:04:10.800Z] [WARN] [WARNING] Critical memory usage - consider increasing Node.js memory limit
[2025-07-02T20:04:10.800Z] [INFO] Performing initial data update...
[2025-07-02T20:04:10.801Z] [INFO] 🚀 Starting scheduled data updates... {
  "system": {
    "platform": "darwin",
    "arch": "arm64",
    "node": "v20.19.3",
    "pid": 83329,
    "cpus": 8,
    "memory": {
      "total": "16.00 GB",
      "free": "0.39 GB",
      "usage": "97.53%"
    }
  },
  "totalScripts": 4,
  "logLevel": "INFO"
}
[2025-07-02T20:04:10.801Z] [INFO] 
📋 [1/4] Starting script: Employee Utilization Analysis {
  "script": "employee_utilization_analyzer.py",
  "args": "",
  "timeout": "1800s",
  "maxRetries": 2,
  "retryDelay": "10000ms"
}
[2025-07-02T20:04:10.802Z] [DEBUG] Executing script: employee_utilization_analyzer.py {
  "args": [],
  "pid": 83329,
  "cwd": "/Users/sim/TestingPig",
  "pythonPath": "python3",
  "timeout": 1800000,
  "maxRetries": 2
}
[2025-07-02T20:04:24.949Z] [INFO] Script completed successfully: employee_utilization_analyzer.py {
  "duration": "14147ms",
  "exitCode": 0,
  "attempt": 1
}
[2025-07-02T20:04:24.950Z] [WARN] [employee_utilization_analyzer.py STDERR] 2025-07-02 15:04:14,238 - INFO - Loading faiss.
2025-07-02 15:04:14,268 - INFO - Successfully loaded faiss.
2025-07-02 15:04:14,272 - INFO - Failed to load GPU Faiss: name 'GpuIndexIVFFlat' is not defined. Will not load constructor refs for GPU indexes. This is only an error if you're trying to use GPU Faiss.
2025-07-02 15:04:14,272 - INFO - Starting Attrition Score Analyzer (Multi-Database Version)...
2025-07-02 15:04:14,274 - INFO - MongoDB URI loaded: mongodb+srv://simarjotsingh5244:NUMotMgntP7AcNrQ@cluster0.nen0dzs.mongodb.net/
2025-07-02 15:04:14,274 - INFO - Employee Utilization Analyzer starting up...
2025-07-02 15:04:14,275 - INFO - MongoDB URI: mongodb+srv://simarjotsingh5244:NUMotMgntP7AcNrQ@cluster0.nen0dzs.mongodb.net/
2025-07-02 15:04:14,276 - INFO - Starting Employee Utilization Analyzer...
2025-07-02 15:04:14,276 - INFO - [MEMORY] Before MongoDB connection
2025-07-02 15:04:14,276 - INFO -   • RSS: 405.64 MB
2025-07-02 15:04:14,276 - INFO -   • VMS: 401894.45 MB
2025-07-02 15:04:14,279 - INFO -   • USS: 325.53 MB
2025-07-02 15:04:14,279 - INFO - [CPU] Before MongoDB connection
2025-07-02 15:04:14,384 - INFO -   • CPU %: 0.0%
2025-07-02 15:04:14,384 - INFO -   • Threads: 1
2025-07-02 15:04:14,384 - INFO -   • Open files: 0
2025-07-02 15:04:14,384 - INFO -   • Python allocated blocks: 1594161
2025-07-02 15:04:14,384 - INFO - [GC] Before MongoDB connection
2025-07-02 15:04:14,411 - WARNING - Could not get GC info: object of type 'function' has no len()
2025-07-02 15:04:14,411 - INFO - --------------------------------------------------------------------------------
2025-07-02 15:04:14,411 - INFO - Attempting MongoDB connection (attempt 1/3)
2025-07-02 15:04:15,342 - INFO - Successfully connected to MongoDB at mongodb+srv://simarjotsingh5244:NUMotMgntP7AcNrQ@cluster0.nen0dzs.mongodb.net/
2025-07-02 15:04:15,398 - INFO - MongoDB server version: 8.0.11
2025-07-02 15:04:15,399 - INFO - MongoDB connections: 73
2025-07-02 15:04:15,399 - INFO - [MEMORY] After MongoDB connection
2025-07-02 15:04:15,399 - INFO -   • RSS: 416.27 MB
2025-07-02 15:04:15,400 - INFO -   • VMS: 402183.22 MB
2025-07-02 15:04:15,404 - INFO -   • USS: 331.42 MB
2025-07-02 15:04:15,404 - INFO - [CPU] After MongoDB connection
2025-07-02 15:04:15,508 - INFO -   • CPU %: 0.5%
2025-07-02 15:04:15,508 - INFO -   • Threads: 8
2025-07-02 15:04:15,508 - INFO -   • Open files: 0
2025-07-02 15:04:15,509 - INFO -   • Python allocated blocks: 1615806
2025-07-02 15:04:15,509 - INFO - [GC] After MongoDB connection
2025-07-02 15:04:15,545 - WARNING - Could not get GC info: object of type 'Parameter' has no len()
2025-07-02 15:04:15,545 - INFO - --------------------------------------------------------------------------------
2025-07-02 15:04:15,548 - INFO - [RESOURCE] Database Connection
2025-07-02 15:04:15,548 - INFO -   • Duration: 1.2694 seconds
2025-07-02 15:04:15,548 - INFO -   • Memory (RSS): 405.64MB -> 419.28MB (Δ+13.64MB)
2025-07-02 15:04:15,548 - INFO -   • CPU Usage: 16.7% -> 7.8%
2025-07-02 15:04:15,548 - INFO -   • Tracemalloc - Current: 2.73MB, Peak: 5.88MB
2025-07-02 15:04:15,650 - INFO -   • GC Stats: [{'collections': 310, 'collected': 7562, 'uncollectable': 0}, {'collections': 28, 'collected': 714, 'uncollectable': 0}, {'collections': 3, 'collected': 500, 'uncollectable': 0}]
2025-07-02 15:04:15,651 - INFO - [MEMORY] Before model loading
2025-07-02 15:04:15,651 - INFO -   • RSS: 419.30 MB
2025-07-02 15:04:15,651 - INFO -   • VMS: 402183.22 MB
2025-07-02 15:04:15,653 - INFO -   • USS: 330.36 MB
2025-07-02 15:04:15,654 - INFO - [CPU] Before model loading
2025-07-02 15:04:15,759 - INFO -   • CPU %: 0.2%
2025-07-02 15:04:15,759 - INFO -   • Threads: 6
2025-07-02 15:04:15,759 - INFO -   • Open files: 0
2025-07-02 15:04:15,759 - INFO -   • Python allocated blocks: 1614045
2025-07-02 15:04:15,759 - INFO - [GC] Before model loading
2025-07-02 15:04:15,780 - INFO -   • Gen 0: 4 objects
2025-07-02 15:04:15,785 - WARNING - Could not get GC info: object of type 'Process' has no len()
2025-07-02 15:04:15,785 - INFO - --------------------------------------------------------------------------------
2025-07-02 15:04:15,785 - INFO - Loading model: all-MiniLM-L6-v2
2025-07-02 15:04:15,786 - INFO - Available memory before loading: 5071.58 MB
2025-07-02 15:04:15,809 - INFO - Use pytorch device_name: mps
2025-07-02 15:04:15,809 - INFO - Load pretrained SentenceTransformer: all-MiniLM-L6-v2
2025-07-02 15:04:19,190 - INFO - Use pytorch device_name: mps
2025-07-02 15:04:19,190 - INFO - Load pretrained SentenceTransformer: all-MiniLM-L6-v2
2025-07-02 15:04:20,353 - INFO - Model loaded in 4.57 seconds
2025-07-02 15:04:20,353 - INFO - Pre-computing benchmark task embeddings...
2025-07-02 15:04:20,360 - INFO - [RESOURCE] Model Loading
2025-07-02 15:04:20,360 - INFO -   • Duration: 4.7020 seconds
2025-07-02 15:04:20,360 - INFO -   • Memory (RSS): 419.30MB -> 326.52MB (Δ-92.78MB)
2025-07-02 15:04:20,360 - INFO -   • CPU Usage: 23.3% -> 23.7%
2025-07-02 15:04:20,360 - INFO -   • Tracemalloc - Current: 10.90MB, Peak: 15.87MB
2025-07-02 15:04:20,556 - INFO -   • GC Stats: [{'collections': 323, 'collected': 9454, 'uncollectable': 0}, {'collections': 29, 'collected': 714, 'uncollectable': 0}, {'collections': 4, 'collected': 4214, 'uncollectable': 0}]
2025-07-02 15:04:20,556 - INFO - [MEMORY] Before MongoDB connection
2025-07-02 15:04:20,556 - INFO -   • RSS: 405.83 MB
2025-07-02 15:04:20,556 - INFO -   • VMS: 403809.14 MB
2025-07-02 15:04:20,559 - INFO -   • USS: 295.77 MB
2025-07-02 15:04:20,559 - INFO - [CPU] Before MongoDB connection
2025-07-02 15:04:20,664 - INFO -   • CPU %: 0.1%
2025-07-02 15:04:20,665 - INFO -   • Threads: 4
2025-07-02 15:04:20,665 - INFO -   • Open files: 2
2025-07-02 15:04:20,665 - INFO -   • Python allocated blocks: 1665820
2025-07-02 15:04:20,665 - INFO - [GC] Before MongoDB connection
2025-07-02 15:04:20,684 - INFO -   • Gen 0: 4 objects
2025-07-02 15:04:20,687 - WARNING - Could not get GC info: object of type 'Process' has no len()
2025-07-02 15:04:20,687 - INFO - --------------------------------------------------------------------------------
2025-07-02 15:04:20,687 - INFO - Attempting MongoDB connection (attempt 1/3)
2025-07-02 15:04:21,268 - INFO - Successfully connected to MongoDB at mongodb+srv://simarjotsingh5244:NUMotMgntP7AcNrQ@cluster0.nen0dzs.mongodb.net/
2025-07-02 15:04:21,324 - INFO - MongoDB server version: 8.0.11
2025-07-02 15:04:21,324 - INFO - MongoDB connections: 74
2025-07-02 15:04:21,325 - INFO - [MEMORY] After MongoDB connection
2025-07-02 15:04:21,325 - INFO -   • RSS: 409.36 MB
2025-07-02 15:04:21,325 - INFO -   • VMS: 403922.58 MB
2025-07-02 15:04:21,332 - INFO -   • USS: 296.83 MB
2025-07-02 15:04:21,332 - INFO - [CPU] After MongoDB connection
2025-07-02 15:04:21,436 - INFO -   • CPU %: 0.6%
2025-07-02 15:04:21,437 - INFO -   • Threads: 11
2025-07-02 15:04:21,437 - INFO -   • Open files: 2
2025-07-02 15:04:21,438 - INFO -   • Python allocated blocks: 1667166
2025-07-02 15:04:21,438 - INFO - [GC] After MongoDB connection
2025-07-02 15:04:21,466 - INFO -   • Gen 0: 4 objects
2025-07-02 15:04:21,469 - WARNING - Could not get GC info: object of type 'MongoClient' has no len()
2025-07-02 15:04:21,469 - INFO - --------------------------------------------------------------------------------
2025-07-02 15:04:21,470 - INFO - [RESOURCE] Database Connection
2025-07-02 15:04:21,470 - INFO -   • Duration: 0.9135 seconds
2025-07-02 15:04:21,470 - INFO -   • Memory (RSS): 405.83MB -> 412.48MB (Δ+6.66MB)
2025-07-02 15:04:21,470 - INFO -   • CPU Usage: 41.9% -> 20.5%
2025-07-02 15:04:21,470 - INFO -   • Tracemalloc - Current: 0.15MB, Peak: 3.31MB
2025-07-02 15:04:21,600 - INFO -   • GC Stats: [{'collections': 323, 'collected': 9454, 'uncollectable': 0}, {'collections': 29, 'collected': 714, 'uncollectable': 0}, {'collections': 5, 'collected': 4224, 'uncollectable': 0}]
2025-07-02 15:04:21,600 - INFO - [MEMORY] Before model loading
2025-07-02 15:04:21,600 - INFO -   • RSS: 412.44 MB
2025-07-02 15:04:21,601 - INFO -   • VMS: 403902.52 MB
2025-07-02 15:04:21,603 - INFO -   • USS: 296.80 MB
2025-07-02 15:04:21,603 - INFO - [CPU] Before model loading
2025-07-02 15:04:21,708 - INFO -   • CPU %: 0.1%
2025-07-02 15:04:21,708 - INFO -   • Threads: 9
2025-07-02 15:04:21,709 - INFO -   • Open files: 2
2025-07-02 15:04:21,709 - INFO -   • Python allocated blocks: 1666558
2025-07-02 15:04:21,709 - INFO - [GC] Before model loading
2025-07-02 15:04:21,726 - INFO -   • Gen 0: 4 objects
2025-07-02 15:04:21,729 - WARNING - Could not get GC info: object of type 'Process' has no len()
2025-07-02 15:04:21,730 - INFO - --------------------------------------------------------------------------------
2025-07-02 15:04:21,730 - INFO - Loading model: all-MiniLM-L6-v2
2025-07-02 15:04:21,730 - INFO - Available memory before loading: 4282.23 MB
2025-07-02 15:04:21,731 - INFO - Use pytorch device_name: mps
2025-07-02 15:04:21,731 - INFO - Load pretrained SentenceTransformer: all-MiniLM-L6-v2
2025-07-02 15:04:22,885 - INFO - Use pytorch device_name: mps
2025-07-02 15:04:22,885 - INFO - Load pretrained SentenceTransformer: all-MiniLM-L6-v2
2025-07-02 15:04:24,029 - INFO - Model loaded in 2.30 seconds
2025-07-02 15:04:24,029 - INFO - Pre-computing benchmark task embeddings...
2025-07-02 15:04:24,031 - INFO - [RESOURCE] Model Loading
2025-07-02 15:04:24,031 - INFO -   • Duration: 2.4293 seconds
2025-07-02 15:04:24,031 - INFO -   • Memory (RSS): 412.44MB -> 429.34MB (Δ+16.91MB)
2025-07-02 15:04:24,031 - INFO -   • CPU Usage: 26.7% -> 22.2%
2025-07-02 15:04:24,031 - INFO -   • Tracemalloc - Current: 0.68MB, Peak: 5.64MB
2025-07-02 15:04:24,165 - INFO -   • GC Stats: [{'collections': 325, 'collected': 9474, 'uncollectable': 0}, {'collections': 29, 'collected': 714, 'uncollectable': 0}, {'collections': 6, 'collected': 7935, 'uncollectable': 0}]
2025-07-02 15:04:24,165 - ERROR - Failed listing databases: 'NoneType' object has no attribute 'list_database_names'
2025-07-02 15:04:24,165 - INFO - Found tenant DBs: []
2025-07-02 15:04:24,165 - INFO - Processing completed. Exiting.

[2025-07-02T20:04:24.950Z] [SUCCESS] ✅ [1/4] Employee Utilization Analysis completed successfully in 14.1s {
  "script": "employee_utilization_analyzer.py",
  "duration": "14149ms",
  "attempts": 1,
  "startTime": "2025-07-02T20:04:10.801Z",
  "endTime": "2025-07-02T20:04:24.950Z"
}
[2025-07-02T20:04:24.950Z] [INFO] ⏳ Waiting 5s before next script...
[2025-07-02T20:04:29.952Z] [INFO] [RESOURCE] Memory: 3.73MB used, 5.06MB total, 36.06MB RSS | Load: 2.87, 2.55, 2.56
[2025-07-02T20:04:29.953Z] [WARN] [WARNING] High memory usage: 73.7% of heap used
[2025-07-02T20:04:29.953Z] [INFO] 
📋 [2/4] Starting script: Attrition Score Calculation {
  "script": "attrition_score.py",
  "args": "",
  "timeout": "3600s",
  "maxRetries": 2,
  "retryDelay": "15000ms"
}
[2025-07-02T20:04:29.954Z] [DEBUG] Executing script: attrition_score.py {
  "args": [],
  "pid": 83329,
  "cwd": "/Users/sim/TestingPig",
  "pythonPath": "python3",
  "timeout": 3600000,
  "maxRetries": 2
}
[2025-07-02T20:04:39.598Z] [INFO] Script completed successfully: attrition_score.py {
  "duration": "9644ms",
  "exitCode": 0,
  "attempt": 1
}
[2025-07-02T20:04:39.599Z] [WARN] [attrition_score.py STDERR] 2025-07-02 15:04:33,963 - INFO - Loading faiss.
2025-07-02 15:04:33,983 - INFO - Successfully loaded faiss.
2025-07-02 15:04:33,987 - INFO - Failed to load GPU Faiss: name 'GpuIndexIVFFlat' is not defined. Will not load constructor refs for GPU indexes. This is only an error if you're trying to use GPU Faiss.
2025-07-02 15:04:33,987 - INFO - Starting Attrition Score Analyzer (Multi-Database Version)...
2025-07-02 15:04:33,989 - INFO - MongoDB URI loaded: mongodb+srv://simarjotsingh5244:NUMotMgntP7AcNrQ@cluster0.nen0dzs.mongodb.net/
2025-07-02 15:04:33,990 - INFO - Starting Attrition Score Analyzer (Multi-Database Version)...
2025-07-02 15:04:33,990 - INFO - Connecting to MongoDB at mongodb+srv://simarjotsingh5244:NUMotMgntP7AcNrQ@cluster0.nen0dzs.mongodb.net/...
2025-07-02 15:04:34,605 - INFO - MongoDB connection successful.
2025-07-02 15:04:34,667 - INFO - Found 5 databases: company_9jxwph8g, company_9txtcvbl, company_pyat1tbz, company_ry0iwbpw, test
2025-07-02 15:04:34,800 - INFO - Added database company_9jxwph8g to active databases
2025-07-02 15:04:34,932 - INFO - Added database company_9txtcvbl to active databases
2025-07-02 15:04:35,066 - INFO - Added database company_pyat1tbz to active databases
2025-07-02 15:04:35,202 - INFO - Added database company_ry0iwbpw to active databases
2025-07-02 15:04:35,347 - INFO - Added database test to active databases
2025-07-02 15:04:35,348 - INFO - Active databases for processing: 5
2025-07-02 15:04:35,348 - INFO - Loading sentence transformer model...
2025-07-02 15:04:35,381 - INFO - Use pytorch device_name: mps
2025-07-02 15:04:35,381 - INFO - Load pretrained SentenceTransformer: all-MiniLM-L6-v2
2025-07-02 15:04:37,079 - INFO - Model loaded in 1.73 seconds
Batches:   0%|          | 0/1 [00:00<?, ?it/s]Batches: 100%|██████████| 1/1 [00:00<00:00,  6.37it/s]Batches: 100%|██████████| 1/1 [00:00<00:00,  6.36it/s]
2025-07-02 15:04:37,250 - INFO - Initialized role vector index with 11 items
Batches:   0%|          | 0/1 [00:00<?, ?it/s]Batches: 100%|██████████| 1/1 [00:00<00:00, 12.64it/s]
2025-07-02 15:04:37,331 - INFO - Initialized responsibility vector index with 3 items
2025-07-02 15:04:37,409 - INFO - Found 5 databases: company_9jxwph8g, company_9txtcvbl, company_pyat1tbz, company_ry0iwbpw, test
2025-07-02 15:04:37,410 - INFO - Active databases for processing: 5
2025-07-02 15:04:37,410 - INFO - Processing documents in company_9jxwph8g database...
2025-07-02 15:04:37,519 - INFO - Starting Attrition Score Analyzer (Multi-Database Version)...
2025-07-02 15:04:37,522 - INFO - MongoDB URI loaded: mongodb+srv://simarjotsingh5244:NUMotMgntP7AcNrQ@cluster0.nen0dzs.mongodb.net/
2025-07-02 15:04:37,582 - INFO - Processed 3/3 documents in company_9jxwph8g
2025-07-02 15:04:37,743 - INFO - Completed processing 3 documents in company_9jxwph8g
2025-07-02 15:04:37,743 - INFO - Processing documents in company_9txtcvbl database...
2025-07-02 15:04:37,799 - INFO - No documents found in company_9txtcvbl
2025-07-02 15:04:37,799 - INFO - Processing documents in company_pyat1tbz database...
2025-07-02 15:04:37,964 - INFO - Processed 1/1 documents in company_pyat1tbz
2025-07-02 15:04:38,091 - INFO - Completed processing 1 documents in company_pyat1tbz
2025-07-02 15:04:38,092 - INFO - Processing documents in company_ry0iwbpw database...
2025-07-02 15:04:38,256 - INFO - Processed 2/2 documents in company_ry0iwbpw
2025-07-02 15:04:38,382 - INFO - Completed processing 2 documents in company_ry0iwbpw
2025-07-02 15:04:38,382 - INFO - Processing documents in test database...
2025-07-02 15:04:38,435 - INFO - No documents found in test
2025-07-02 15:04:38,435 - INFO - Total documents processed across all databases: 6
2025-07-02 15:04:38,435 - INFO - Initial processing completed. Exiting.

[2025-07-02T20:04:39.599Z] [SUCCESS] ✅ [2/4] Attrition Score Calculation completed successfully in 9.6s {
  "script": "attrition_score.py",
  "duration": "9646ms",
  "attempts": 1,
  "startTime": "2025-07-02T20:04:29.954Z",
  "endTime": "2025-07-02T20:04:39.599Z"
}
[2025-07-02T20:04:39.599Z] [INFO] ⏳ Waiting 5s before next script...
[2025-07-02T20:04:44.601Z] [INFO] [RESOURCE] Memory: 3.94MB used, 5.06MB total, 36.42MB RSS | Load: 2.80, 2.56, 2.56
[2025-07-02T20:04:44.602Z] [WARN] [WARNING] High memory usage: 77.9% of heap used
[2025-07-02T20:04:44.604Z] [INFO] 
📋 [3/4] Starting script: Successor Identification {
  "script": "successor_identification.py",
  "args": "--batch --max-workers=4",
  "timeout": "2700s",
  "maxRetries": 1,
  "retryDelay": "20000ms"
}
[2025-07-02T20:04:44.605Z] [DEBUG] Executing script: successor_identification.py {
  "args": [
    "--batch",
    "--max-workers=4"
  ],
  "pid": 83329,
  "cwd": "/Users/sim/TestingPig",
  "pythonPath": "python3",
  "timeout": 2700000,
  "maxRetries": 1
}
[2025-07-02T20:04:49.639Z] [WARN] Script attempt 1 failed, will retry: successor_identification.py {
  "script": "successor_identification.py",
  "duration": "5034ms",
  "exitCode": 2,
  "signal": null,
  "attempt": 1,
  "maxAttempts": 2,
  "error": "Command failed: \"python3\" \"/Users/sim/TestingPig/successor_identification.py\" \"--batch\" \"--max-workers=4\"\n2025-07-02 15:04:48,566 - INFO - ================================================================================\n2025-07-02 15:04:48,566 - INFO - Successor Identification System starting up...\n2025-07-02 15:04:48,567 - INFO - Python version: 3.13.5 (main, Jun 11 2025, 15:36:57) [Clang 17.0.0 (clang-1700.0.13.3)]\n2025-07-02 15:04:48,589 - INFO - Platform: macOS-15.5-arm64-arm-64bit-Mach-O\n2025-07-02 15:04:48,589 - INFO - Process ID: 83410\n2025-07-02 15:04:48,845 - INFO - [Memory] Initial memory usage | RSS: 398.52MB | VMS: 402563.38MB | CPU: 0.0% | GC Objects: 375,776\n2025-07-02 15:04:48,851 - INFO - MongoDB URI loaded: mongodb+srv://simarjotsingh5244:NUMotMgntP7AcNrQ@cluster0.nen0dzs.mongodb.net/\n2025-07-02 15:04:49,058 - INFO - [Memory] Application startup | RSS: 398.58MB | VMS: 402563.38MB | CPU: 0.1% | GC Objects: 375,795\nusage: successor_identification.py [-h] [--email EMAIL] [--db DB] [--refresh]\n                                   [--watch] [--batch-size BATCH_SIZE] [--npm]\nsuccessor_identification.py: error: argument --batch-size: expected one argument\n"
}
[2025-07-02T20:04:49.639Z] [WARN] Retry attempt 2 of 1 after 20000ms... {
  "script": "successor_identification.py",
  "previousError": "Command failed: \"python3\" \"/Users/sim/TestingPig/successor_identification.py\" \"--batch\" \"--max-workers=4\"\n2025-07-02 15:04:48,566 - INFO - ================================================================================\n2025-07-02 15:04:48,566 - INFO - Successor Identification System starting up...\n2025-07-02 15:04:48,567 - INFO - Python version: 3.13.5 (main, Jun 11 2025, 15:36:57) [Clang 17.0.0 (clang-1700.0.13.3)]\n2025-07-02 15:04:48,589 - INFO - Platform: macOS-15.5-arm64-arm-64bit-Mach-O\n2025-07-02 15:04:48,589 - INFO - Process ID: 83410\n2025-07-02 15:04:48,845 - INFO - [Memory] Initial memory usage | RSS: 398.52MB | VMS: 402563.38MB | CPU: 0.0% | GC Objects: 375,776\n2025-07-02 15:04:48,851 - INFO - MongoDB URI loaded: mongodb+srv://simarjotsingh5244:NUMotMgntP7AcNrQ@cluster0.nen0dzs.mongodb.net/\n2025-07-02 15:04:49,058 - INFO - [Memory] Application startup | RSS: 398.58MB | VMS: 402563.38MB | CPU: 0.1% | GC Objects: 375,795\nusage: successor_identification.py [-h] [--email EMAIL] [--db DB] [--refresh]\n                                   [--watch] [--batch-size BATCH_SIZE] [--npm]\nsuccessor_identification.py: error: argument --batch-size: expected one argument\n"
}
[2025-07-02T20:05:14.177Z] [ERROR] Script failed after 2 attempts: successor_identification.py {
  "script": "successor_identification.py",
  "duration": "29572ms",
  "exitCode": 2,
  "signal": null,
  "attempt": 2,
  "maxAttempts": 2,
  "error": "Command failed: \"python3\" \"/Users/sim/TestingPig/successor_identification.py\" \"--batch\" \"--max-workers=4\"\n2025-07-02 15:05:13,047 - INFO - ================================================================================\n2025-07-02 15:05:13,047 - INFO - Successor Identification System starting up...\n2025-07-02 15:05:13,047 - INFO - Python version: 3.13.5 (main, Jun 11 2025, 15:36:57) [Clang 17.0.0 (clang-1700.0.13.3)]\n2025-07-02 15:05:13,068 - INFO - Platform: macOS-15.5-arm64-arm-64bit-Mach-O\n2025-07-02 15:05:13,068 - INFO - Process ID: 83487\n2025-07-02 15:05:13,343 - INFO - [Memory] Initial memory usage | RSS: 393.22MB | VMS: 401897.38MB | CPU: 0.0% | GC Objects: 375,776\n2025-07-02 15:05:13,348 - INFO - MongoDB URI loaded: mongodb+srv://simarjotsingh5244:NUMotMgntP7AcNrQ@cluster0.nen0dzs.mongodb.net/\n2025-07-02 15:05:13,569 - INFO - [Memory] Application startup | RSS: 396.19MB | VMS: 401897.38MB | CPU: 0.0% | GC Objects: 375,795\nusage: successor_identification.py [-h] [--email EMAIL] [--db DB] [--refresh]\n                                   [--watch] [--batch-size BATCH_SIZE] [--npm]\nsuccessor_identification.py: error: argument --batch-size: expected one argument\n"
}
[2025-07-02T20:05:14.177Z] [ERROR] [successor_identification.py STDERR] 2025-07-02 15:05:13,047 - INFO - ================================================================================
2025-07-02 15:05:13,047 - INFO - Successor Identification System starting up...
2025-07-02 15:05:13,047 - INFO - Python version: 3.13.5 (main, Jun 11 2025, 15:36:57) [Clang 17.0.0 (clang-1700.0.13.3)]
2025-07-02 15:05:13,068 - INFO - Platform: macOS-15.5-arm64-arm-64bit-Mach-O
2025-07-02 15:05:13,068 - INFO - Process ID: 83487
2025-07-02 15:05:13,343 - INFO - [Memory] Initial memory usage | RSS: 393.22MB | VMS: 401897.38MB | CPU: 0.0% | GC Objects: 375,776
2025-07-02 15:05:13,348 - INFO - MongoDB URI loaded: mongodb+srv://simarjotsingh5244:NUMotMgntP7AcNrQ@cluster0.nen0dzs.mongodb.net/
2025-07-02 15:05:13,569 - INFO - [Memory] Application startup | RSS: 396.19MB | VMS: 401897.38MB | CPU: 0.0% | GC Objects: 375,795
usage: successor_identification.py [-h] [--email EMAIL] [--db DB] [--refresh]
                                   [--watch] [--batch-size BATCH_SIZE] [--npm]
successor_identification.py: error: argument --batch-size: expected one argument

[2025-07-02T20:05:14.177Z] [ERROR] ❌ [3/4] Successor Identification failed after 29.6s (attempt 1) {
  "script": "successor_identification.py",
  "duration": "29574ms",
  "attempts": 1,
  "startTime": "2025-07-02T20:04:44.604Z",
  "endTime": "2025-07-02T20:05:14.177Z"
}
[2025-07-02T20:05:14.178Z] [ERROR] 💥 Script failed: successor_identification.py (attempt 1/2) {
  "duration": "29574ms",
  "error": "Script failed after 2 attempts: Command failed: \"python3\" \"/Users/sim/TestingPig/successor_identification.py\" \"--batch\" \"--max-workers=4\"\n2025-07-02 15:05:13,047 - INFO - ================================================================================\n2025-07-02 15:05:13,047 - INFO - Successor Identification System starting up...\n2025-07-02 15:05:13,047 - INFO - Python version: 3.13.5 (main, Jun 11 2025, 15:36:57) [Clang 17.0.0 (clang-1700.0.13.3)]\n2025-07-02 15:05:13,068 - INFO - Platform: macOS-15.5-arm64-arm-64bit-Mach-O\n2025-07-02 15:05:13,068 - INFO - Process ID: 83487\n2025-07-02 15:05:13,343 - INFO - [Memory] Initial memory usage | RSS: 393.22MB | VMS: 401897.38MB | CPU: 0.0% | GC Objects: 375,776\n2025-07-02 15:05:13,348 - INFO - MongoDB URI loaded: mongodb+srv://simarjotsingh5244:NUMotMgntP7AcNrQ@cluster0.nen0dzs.mongodb.net/\n2025-07-02 15:05:13,569 - INFO - [Memory] Application startup | RSS: 396.19MB | VMS: 401897.38MB | CPU: 0.0% | GC Objects: 375,795\nusage: successor_identification.py [-h] [--email EMAIL] [--db DB] [--refresh]\n                                   [--watch] [--batch-size BATCH_SIZE] [--npm]\nsuccessor_identification.py: error: argument --batch-size: expected one argument\n",
  "code": "N/A",
  "signal": "N/A"
}
[2025-07-02T20:05:14.178Z] [INFO] ⏳ Waiting 5s before next script...
[2025-07-02T20:05:19.179Z] [INFO] [RESOURCE] Memory: 4.52MB used, 5.31MB total, 37.08MB RSS | Load: 2.53, 2.54, 2.55
[2025-07-02T20:05:19.180Z] [WARN] [WARNING] High memory usage: 85.0% of heap used
[2025-07-02T20:05:19.181Z] [INFO] 
📋 [4/4] Starting script: Successor Finder {
  "script": "successor_finder.py",
  "args": "--refresh --verbose",
  "timeout": "1800s",
  "maxRetries": 2,
  "retryDelay": "10000ms"
}
[2025-07-02T20:05:19.182Z] [DEBUG] Executing script: successor_finder.py {
  "args": [
    "--refresh",
    "--verbose"
  ],
  "pid": 83329,
  "cwd": "/Users/sim/TestingPig",
  "pythonPath": "python3",
  "timeout": 1800000,
  "maxRetries": 2
}
[2025-07-02T20:05:19.228Z] [WARN] Script attempt 1 failed, will retry: successor_finder.py {
  "script": "successor_finder.py",
  "duration": "47ms",
  "exitCode": 1,
  "signal": null,
  "attempt": 1,
  "maxAttempts": 3,
  "error": "Command failed: \"python3\" \"/Users/sim/TestingPig/successor_finder.py\" \"--refresh\" \"--verbose\"\n  File \"/Users/sim/TestingPig/successor_finder.py\", line 1080\n    \"\"\"Main function for running the successor finder tool\"\"\"\n                                                          ^\nSyntaxError: unterminated triple-quoted string literal (detected at line 1146)\n"
}
[2025-07-02T20:05:19.229Z] [WARN] Retry attempt 2 of 2 after 10000ms... {
  "script": "successor_finder.py",
  "previousError": "Command failed: \"python3\" \"/Users/sim/TestingPig/successor_finder.py\" \"--refresh\" \"--verbose\"\n  File \"/Users/sim/TestingPig/successor_finder.py\", line 1080\n    \"\"\"Main function for running the successor finder tool\"\"\"\n                                                          ^\nSyntaxError: unterminated triple-quoted string literal (detected at line 1146)\n"
}
[2025-07-02T20:05:29.280Z] [WARN] Script attempt 2 failed, will retry: successor_finder.py {
  "script": "successor_finder.py",
  "duration": "10099ms",
  "exitCode": 1,
  "signal": null,
  "attempt": 2,
  "maxAttempts": 3,
  "error": "Command failed: \"python3\" \"/Users/sim/TestingPig/successor_finder.py\" \"--refresh\" \"--verbose\"\n  File \"/Users/sim/TestingPig/successor_finder.py\", line 1080\n    \"\"\"Main function for running the successor finder tool\"\"\"\n                                                          ^\nSyntaxError: unterminated triple-quoted string literal (detected at line 1146)\n"
}
[2025-07-02T20:05:29.280Z] [WARN] Retry attempt 3 of 2 after 10000ms... {
  "script": "successor_finder.py",
  "previousError": "Command failed: \"python3\" \"/Users/sim/TestingPig/successor_finder.py\" \"--refresh\" \"--verbose\"\n  File \"/Users/sim/TestingPig/successor_finder.py\", line 1080\n    \"\"\"Main function for running the successor finder tool\"\"\"\n                                                          ^\nSyntaxError: unterminated triple-quoted string literal (detected at line 1146)\n"
}
[2025-07-02T20:05:39.332Z] [ERROR] Script failed after 3 attempts: successor_finder.py {
  "script": "successor_finder.py",
  "duration": "20151ms",
  "exitCode": 1,
  "signal": null,
  "attempt": 3,
  "maxAttempts": 3,
  "error": "Command failed: \"python3\" \"/Users/sim/TestingPig/successor_finder.py\" \"--refresh\" \"--verbose\"\n  File \"/Users/sim/TestingPig/successor_finder.py\", line 1080\n    \"\"\"Main function for running the successor finder tool\"\"\"\n                                                          ^\nSyntaxError: unterminated triple-quoted string literal (detected at line 1146)\n"
}
[2025-07-02T20:05:39.332Z] [ERROR] [successor_finder.py STDERR]   File "/Users/sim/TestingPig/successor_finder.py", line 1080
    """Main function for running the successor finder tool"""
                                                          ^
SyntaxError: unterminated triple-quoted string literal (detected at line 1146)

[2025-07-02T20:05:39.332Z] [ERROR] ❌ [4/4] Successor Finder failed after 20.2s (attempt 1) {
  "script": "successor_finder.py",
  "duration": "20151ms",
  "attempts": 1,
  "startTime": "2025-07-02T20:05:19.181Z",
  "endTime": "2025-07-02T20:05:39.332Z"
}
[2025-07-02T20:05:39.333Z] [ERROR] 💥 Script failed: successor_finder.py (attempt 1/3) {
  "duration": "20151ms",
  "error": "Script failed after 3 attempts: Command failed: \"python3\" \"/Users/sim/TestingPig/successor_finder.py\" \"--refresh\" \"--verbose\"\n  File \"/Users/sim/TestingPig/successor_finder.py\", line 1080\n    \"\"\"Main function for running the successor finder tool\"\"\"\n                                                          ^\nSyntaxError: unterminated triple-quoted string literal (detected at line 1146)\n",
  "code": "N/A",
  "signal": "N/A"
}
[2025-07-02T20:05:39.333Z] [INFO] ⏳ Waiting 5s before next script...
[2025-07-02T20:05:44.334Z] [INFO] [RESOURCE] Memory: 4.11MB used, 5.31MB total, 36.80MB RSS | Load: 2.37, 2.51, 2.54
[2025-07-02T20:05:44.335Z] [WARN] [WARNING] High memory usage: 77.4% of heap used
[2025-07-02T20:05:44.336Z] [INFO] 
📊 ====== DATA UPDATE SUMMARY ======
[2025-07-02T20:05:44.337Z] [INFO] 📅 Started: 2025-07-02T20:04:10.801Z
[2025-07-02T20:05:44.337Z] [INFO] 🏁 Finished: 2025-07-02T20:05:44.336Z
[2025-07-02T20:05:44.337Z] [INFO] ⏱️  Total Duration: 1.6 minutes
[2025-07-02T20:05:44.337Z] [INFO] 📋 Scripts: 4 total, 2 successful, 2 failed
[2025-07-02T20:05:44.338Z] [INFO] 📈 Success Rate: 50.0%
[2025-07-02T20:05:44.338Z] [INFO] 
📋 SCRIPT EXECUTION STATUS:
[2025-07-02T20:05:44.349Z] [INFO] 
💾 SYSTEM RESOURCE USAGE:
[2025-07-02T20:05:44.349Z] [INFO] Memory: 4.24MB used / 5.31MB total
[2025-07-02T20:05:44.350Z] [INFO] RSS: 38.13MB
[2025-07-02T20:05:44.350Z] [INFO] Load: 2.37, 2.51, 2.54
[2025-07-02T20:05:44.350Z] [WARN] 
⚠️  COMPLETED WITH 2 OF 4 SCRIPTS FAILING
[2025-07-02T20:05:44.350Z] [FATAL] Fatal error during data updates: totalDuration is not defined {
  "error": "totalDuration is not defined",
  "stack": "ReferenceError: totalDuration is not defined\n    at runAllUpdates (/Users/sim/TestingPig/scripts/data-update-daemon.js:705:17)\n    at async runDaemon (/Users/sim/TestingPig/scripts/data-update-daemon.js:858:20)",
  "script": "successor_finder.py",
  "duration": "25.2s"
}
[2025-07-02T20:05:44.350Z] [INFO] [RESOURCE] Memory: 4.27MB used, 5.31MB total, 38.66MB RSS | Load: 2.37, 2.51, 2.54
[2025-07-02T20:05:44.351Z] [WARN] [WARNING] High memory usage: 80.4% of heap used
[2025-07-02T20:05:44.351Z] [WARN] Initial update completed with 2 failures
[2025-07-02T20:05:44.351Z] [INFO] Initial update completed. Next update in 1440 minutes.
[2025-07-02T20:08:33.676Z] [INFO] 🚀 Starting data update daemon... {
  "nodeVersion": "v20.19.3",
  "platform": "darwin",
  "arch": "arm64",
  "pid": 84703,
  "cwd": "/Users/sim/TestingPig",
  "system": {
    "cpus": 8,
    "memory": {
      "total": "16.00 GB",
      "free": "0.14 GB",
      "usage": "99.09%"
    },
    "load": [
      1.48876953125,
      2.0654296875,
      2.3486328125
    ]
  },
  "env": "production"
}
[2025-07-02T20:08:33.677Z] [INFO] [RESOURCE] Memory: 4.26MB used, 4.56MB total, 36.89MB RSS | Load: 1.49, 2.07, 2.35
[2025-07-02T20:08:33.677Z] [WARN] [WARNING] High memory usage: 93.4% of heap used
[2025-07-02T20:08:33.677Z] [WARN] [WARNING] Critical memory usage - consider increasing Node.js memory limit
[2025-07-02T20:08:33.677Z] [INFO] Performing initial data update...
[2025-07-02T20:08:33.678Z] [INFO] 🚀 Starting scheduled data updates... {
  "system": {
    "platform": "darwin",
    "arch": "arm64",
    "node": "v20.19.3",
    "pid": 84703,
    "cpus": 8,
    "memory": {
      "total": "16.00 GB",
      "free": "0.14 GB",
      "usage": "99.09%"
    }
  },
  "totalScripts": 4,
  "logLevel": "INFO"
}
[2025-07-02T20:08:33.678Z] [INFO] 
📋 [1/4] Starting script: Employee Utilization Analysis {
  "script": "employee_utilization_analyzer.py",
  "args": "",
  "timeout": "1800s",
  "maxRetries": 2,
  "retryDelay": "10000ms"
}
[2025-07-02T20:08:33.678Z] [DEBUG] Executing script: employee_utilization_analyzer.py {
  "args": [],
  "pid": 84703,
  "cwd": "/Users/sim/TestingPig",
  "pythonPath": "python3",
  "timeout": 1800000,
  "maxRetries": 2
}
[2025-07-02T20:08:49.105Z] [INFO] Script completed successfully: employee_utilization_analyzer.py {
  "duration": "15427ms",
  "exitCode": 0,
  "attempt": 1
}
[2025-07-02T20:08:49.106Z] [WARN] [employee_utilization_analyzer.py STDERR] 2025-07-02 15:08:38,295 - INFO - Loading faiss.
2025-07-02 15:08:38,327 - INFO - Successfully loaded faiss.
2025-07-02 15:08:38,331 - INFO - Failed to load GPU Faiss: name 'GpuIndexIVFFlat' is not defined. Will not load constructor refs for GPU indexes. This is only an error if you're trying to use GPU Faiss.
2025-07-02 15:08:38,331 - INFO - Starting Attrition Score Analyzer (Multi-Database Version)...
2025-07-02 15:08:38,333 - INFO - MongoDB URI loaded: mongodb+srv://simarjotsingh5244:NUMotMgntP7AcNrQ@cluster0.nen0dzs.mongodb.net/
2025-07-02 15:08:38,333 - INFO - Employee Utilization Analyzer starting up...
2025-07-02 15:08:38,335 - INFO - MongoDB URI: mongodb+srv://simarjotsingh5244:NUMotMgntP7AcNrQ@cluster0.nen0dzs.mongodb.net/
2025-07-02 15:08:38,336 - INFO - Starting Employee Utilization Analyzer...
2025-07-02 15:08:38,336 - INFO - [MEMORY] Before MongoDB connection
2025-07-02 15:08:38,336 - INFO -   • RSS: 406.95 MB
2025-07-02 15:08:38,336 - INFO -   • VMS: 402040.70 MB
2025-07-02 15:08:38,338 - INFO -   • USS: 324.52 MB
2025-07-02 15:08:38,339 - INFO - [CPU] Before MongoDB connection
2025-07-02 15:08:38,444 - INFO -   • CPU %: 0.0%
2025-07-02 15:08:38,444 - INFO -   • Threads: 1
2025-07-02 15:08:38,444 - INFO -   • Open files: 0
2025-07-02 15:08:38,445 - INFO -   • Python allocated blocks: 1594194
2025-07-02 15:08:38,445 - INFO - [GC] Before MongoDB connection
2025-07-02 15:08:38,473 - WARNING - Could not get GC info: object of type 'function' has no len()
2025-07-02 15:08:38,473 - INFO - --------------------------------------------------------------------------------
2025-07-02 15:08:38,473 - INFO - Attempting MongoDB connection (attempt 1/3)
2025-07-02 15:08:39,384 - INFO - Successfully connected to MongoDB at mongodb+srv://simarjotsingh5244:NUMotMgntP7AcNrQ@cluster0.nen0dzs.mongodb.net/
2025-07-02 15:08:39,436 - INFO - MongoDB server version: 8.0.11
2025-07-02 15:08:39,437 - INFO - MongoDB connections: 73
2025-07-02 15:08:39,437 - INFO - [MEMORY] After MongoDB connection
2025-07-02 15:08:39,437 - INFO -   • RSS: 417.84 MB
2025-07-02 15:08:39,438 - INFO -   • VMS: 402319.47 MB
2025-07-02 15:08:39,443 - INFO -   • USS: 320.56 MB
2025-07-02 15:08:39,443 - INFO - [CPU] After MongoDB connection
2025-07-02 15:08:39,548 - INFO -   • CPU %: 0.4%
2025-07-02 15:08:39,548 - INFO -   • Threads: 8
2025-07-02 15:08:39,548 - INFO -   • Open files: 0
2025-07-02 15:08:39,549 - INFO -   • Python allocated blocks: 1615842
2025-07-02 15:08:39,549 - INFO - [GC] After MongoDB connection
2025-07-02 15:08:39,586 - WARNING - Could not get GC info: object of type 'Parameter' has no len()
2025-07-02 15:08:39,586 - INFO - --------------------------------------------------------------------------------
2025-07-02 15:08:39,589 - INFO - [RESOURCE] Database Connection
2025-07-02 15:08:39,589 - INFO -   • Duration: 1.2507 seconds
2025-07-02 15:08:39,589 - INFO -   • Memory (RSS): 406.95MB -> 420.84MB (Δ+13.89MB)
2025-07-02 15:08:39,589 - INFO -   • CPU Usage: 15.6% -> 10.3%
2025-07-02 15:08:39,589 - INFO -   • Tracemalloc - Current: 2.73MB, Peak: 5.88MB
2025-07-02 15:08:39,690 - INFO -   • GC Stats: [{'collections': 310, 'collected': 7564, 'uncollectable': 0}, {'collections': 28, 'collected': 712, 'uncollectable': 0}, {'collections': 3, 'collected': 500, 'uncollectable': 0}]
2025-07-02 15:08:39,691 - INFO - [MEMORY] Before model loading
2025-07-02 15:08:39,691 - INFO -   • RSS: 420.86 MB
2025-07-02 15:08:39,691 - INFO -   • VMS: 402319.47 MB
2025-07-02 15:08:39,693 - INFO -   • USS: 319.47 MB
2025-07-02 15:08:39,693 - INFO - [CPU] Before model loading
2025-07-02 15:08:39,799 - INFO -   • CPU %: 0.3%
2025-07-02 15:08:39,799 - INFO -   • Threads: 4
2025-07-02 15:08:39,799 - INFO -   • Open files: 0
2025-07-02 15:08:39,799 - INFO -   • Python allocated blocks: 1614040
2025-07-02 15:08:39,799 - INFO - [GC] Before model loading
2025-07-02 15:08:39,820 - INFO -   • Gen 0: 4 objects
2025-07-02 15:08:39,825 - WARNING - Could not get GC info: object of type 'Process' has no len()
2025-07-02 15:08:39,825 - INFO - --------------------------------------------------------------------------------
2025-07-02 15:08:39,825 - INFO - Loading model: all-MiniLM-L6-v2
2025-07-02 15:08:39,825 - INFO - Available memory before loading: 5134.67 MB
2025-07-02 15:08:39,849 - INFO - Use pytorch device_name: mps
2025-07-02 15:08:39,849 - INFO - Load pretrained SentenceTransformer: all-MiniLM-L6-v2
2025-07-02 15:08:43,056 - INFO - Use pytorch device_name: mps
2025-07-02 15:08:43,056 - INFO - Load pretrained SentenceTransformer: all-MiniLM-L6-v2
2025-07-02 15:08:44,364 - INFO - Model loaded in 4.54 seconds
2025-07-02 15:08:44,364 - INFO - Pre-computing benchmark task embeddings...
2025-07-02 15:08:44,375 - INFO - [RESOURCE] Model Loading
2025-07-02 15:08:44,376 - INFO -   • Duration: 4.6735 seconds
2025-07-02 15:08:44,376 - INFO -   • Memory (RSS): 420.86MB -> 419.45MB (Δ-1.41MB)
2025-07-02 15:08:44,376 - INFO -   • CPU Usage: 23.2% -> 24.8%
2025-07-02 15:08:44,376 - INFO -   • Tracemalloc - Current: 10.90MB, Peak: 15.86MB
2025-07-02 15:08:44,512 - INFO -   • GC Stats: [{'collections': 323, 'collected': 9456, 'uncollectable': 0}, {'collections': 29, 'collected': 712, 'uncollectable': 0}, {'collections': 4, 'collected': 4214, 'uncollectable': 0}]
2025-07-02 15:08:44,512 - INFO - [MEMORY] Before MongoDB connection
2025-07-02 15:08:44,512 - INFO -   • RSS: 425.00 MB
2025-07-02 15:08:44,512 - INFO -   • VMS: 403680.39 MB
2025-07-02 15:08:44,515 - INFO -   • USS: 304.95 MB
2025-07-02 15:08:44,515 - INFO - [CPU] Before MongoDB connection
2025-07-02 15:08:44,620 - INFO -   • CPU %: 0.1%
2025-07-02 15:08:44,620 - INFO -   • Threads: 4
2025-07-02 15:08:44,620 - INFO -   • Open files: 2
2025-07-02 15:08:44,620 - INFO -   • Python allocated blocks: 1665717
2025-07-02 15:08:44,621 - INFO - [GC] Before MongoDB connection
2025-07-02 15:08:44,637 - INFO -   • Gen 0: 4 objects
2025-07-02 15:08:44,640 - WARNING - Could not get GC info: object of type 'Process' has no len()
2025-07-02 15:08:44,640 - INFO - --------------------------------------------------------------------------------
2025-07-02 15:08:44,641 - INFO - Attempting MongoDB connection (attempt 1/3)
2025-07-02 15:08:45,201 - INFO - Successfully connected to MongoDB at mongodb+srv://simarjotsingh5244:NUMotMgntP7AcNrQ@cluster0.nen0dzs.mongodb.net/
2025-07-02 15:08:45,253 - INFO - MongoDB server version: 8.0.11
2025-07-02 15:08:45,253 - INFO - MongoDB connections: 74
2025-07-02 15:08:45,253 - INFO - [MEMORY] After MongoDB connection
2025-07-02 15:08:45,253 - INFO -   • RSS: 426.20 MB
2025-07-02 15:08:45,253 - INFO -   • VMS: 403792.83 MB
2025-07-02 15:08:45,258 - INFO -   • USS: 305.95 MB
2025-07-02 15:08:45,258 - INFO - [CPU] After MongoDB connection
2025-07-02 15:08:45,361 - INFO -   • CPU %: 0.3%
2025-07-02 15:08:45,362 - INFO -   • Threads: 11
2025-07-02 15:08:45,362 - INFO -   • Open files: 2
2025-07-02 15:08:45,363 - INFO -   • Python allocated blocks: 1667068
2025-07-02 15:08:45,363 - INFO - [GC] After MongoDB connection
2025-07-02 15:08:45,431 - INFO -   • Gen 0: 4 objects
2025-07-02 15:08:45,435 - WARNING - Could not get GC info: object of type 'MongoClient' has no len()
2025-07-02 15:08:45,435 - INFO - --------------------------------------------------------------------------------
2025-07-02 15:08:45,436 - INFO - [RESOURCE] Database Connection
2025-07-02 15:08:45,436 - INFO -   • Duration: 0.9237 seconds
2025-07-02 15:08:45,436 - INFO -   • Memory (RSS): 425.00MB -> 429.25MB (Δ+4.25MB)
2025-07-02 15:08:45,436 - INFO -   • CPU Usage: 60.0% -> 26.0%
2025-07-02 15:08:45,436 - INFO -   • Tracemalloc - Current: 0.15MB, Peak: 3.31MB
2025-07-02 15:08:45,545 - INFO -   • GC Stats: [{'collections': 323, 'collected': 9456, 'uncollectable': 0}, {'collections': 29, 'collected': 712, 'uncollectable': 0}, {'collections': 5, 'collected': 4224, 'uncollectable': 0}]
2025-07-02 15:08:45,546 - INFO - [MEMORY] Before model loading
2025-07-02 15:08:45,546 - INFO -   • RSS: 429.25 MB
2025-07-02 15:08:45,546 - INFO -   • VMS: 403792.83 MB
2025-07-02 15:08:45,549 - INFO -   • USS: 305.91 MB
2025-07-02 15:08:45,549 - INFO - [CPU] Before model loading
2025-07-02 15:08:45,654 - INFO -   • CPU %: 0.1%
2025-07-02 15:08:45,654 - INFO -   • Threads: 10
2025-07-02 15:08:45,654 - INFO -   • Open files: 2
2025-07-02 15:08:45,654 - INFO -   • Python allocated blocks: 1666492
2025-07-02 15:08:45,654 - INFO - [GC] Before model loading
2025-07-02 15:08:45,676 - INFO -   • Gen 0: 4 objects
2025-07-02 15:08:45,680 - WARNING - Could not get GC info: object of type 'Process' has no len()
2025-07-02 15:08:45,680 - INFO - --------------------------------------------------------------------------------
2025-07-02 15:08:45,680 - INFO - Loading model: all-MiniLM-L6-v2
2025-07-02 15:08:45,680 - INFO - Available memory before loading: 4400.97 MB
2025-07-02 15:08:45,681 - INFO - Use pytorch device_name: mps
2025-07-02 15:08:45,681 - INFO - Load pretrained SentenceTransformer: all-MiniLM-L6-v2
2025-07-02 15:08:46,993 - INFO - Use pytorch device_name: mps
2025-07-02 15:08:46,993 - INFO - Load pretrained SentenceTransformer: all-MiniLM-L6-v2
2025-07-02 15:08:48,172 - INFO - Model loaded in 2.49 seconds
2025-07-02 15:08:48,172 - INFO - Pre-computing benchmark task embeddings...
2025-07-02 15:08:48,174 - INFO - [RESOURCE] Model Loading
2025-07-02 15:08:48,174 - INFO -   • Duration: 2.6266 seconds
2025-07-02 15:08:48,174 - INFO -   • Memory (RSS): 429.25MB -> 438.53MB (Δ+9.28MB)
2025-07-02 15:08:48,174 - INFO -   • CPU Usage: 34.8% -> 32.2%
2025-07-02 15:08:48,174 - INFO -   • Tracemalloc - Current: 0.67MB, Peak: 5.64MB
2025-07-02 15:08:48,309 - INFO -   • GC Stats: [{'collections': 325, 'collected': 9476, 'uncollectable': 0}, {'collections': 29, 'collected': 712, 'uncollectable': 0}, {'collections': 6, 'collected': 7935, 'uncollectable': 0}]
2025-07-02 15:08:48,309 - ERROR - Failed listing databases: 'NoneType' object has no attribute 'list_database_names'
2025-07-02 15:08:48,310 - INFO - Found tenant DBs: []
2025-07-02 15:08:48,310 - INFO - Processing completed. Exiting.

[2025-07-02T20:08:49.106Z] [SUCCESS] ✅ [1/4] Employee Utilization Analysis completed successfully in 15.4s {
  "script": "employee_utilization_analyzer.py",
  "duration": "15428ms",
  "attempts": 1,
  "startTime": "2025-07-02T20:08:33.678Z",
  "endTime": "2025-07-02T20:08:49.106Z"
}
[2025-07-02T20:08:49.106Z] [INFO] ⏳ Waiting 5s before next script...
[2025-07-02T20:08:54.109Z] [INFO] [RESOURCE] Memory: 3.76MB used, 4.81MB total, 35.30MB RSS | Load: 1.77, 2.09, 2.35
[2025-07-02T20:08:54.110Z] [WARN] [WARNING] High memory usage: 78.1% of heap used
[2025-07-02T20:08:54.111Z] [INFO] 
📋 [2/4] Starting script: Attrition Score Calculation {
  "script": "attrition_score.py",
  "args": "",
  "timeout": "3600s",
  "maxRetries": 2,
  "retryDelay": "15000ms"
}
[2025-07-02T20:08:54.112Z] [DEBUG] Executing script: attrition_score.py {
  "args": [],
  "pid": 84703,
  "cwd": "/Users/sim/TestingPig",
  "pythonPath": "python3",
  "timeout": 3600000,
  "maxRetries": 2
}
[2025-07-02T20:09:03.700Z] [INFO] Script completed successfully: attrition_score.py {
  "duration": "9588ms",
  "exitCode": 0,
  "attempt": 1
}
[2025-07-02T20:09:03.700Z] [WARN] [attrition_score.py STDERR] 2025-07-02 15:08:58,222 - INFO - Loading faiss.
2025-07-02 15:08:58,241 - INFO - Successfully loaded faiss.
2025-07-02 15:08:58,245 - INFO - Failed to load GPU Faiss: name 'GpuIndexIVFFlat' is not defined. Will not load constructor refs for GPU indexes. This is only an error if you're trying to use GPU Faiss.
2025-07-02 15:08:58,245 - INFO - Starting Attrition Score Analyzer (Multi-Database Version)...
2025-07-02 15:08:58,247 - INFO - MongoDB URI loaded: mongodb+srv://simarjotsingh5244:NUMotMgntP7AcNrQ@cluster0.nen0dzs.mongodb.net/
2025-07-02 15:08:58,247 - INFO - Starting Attrition Score Analyzer (Multi-Database Version)...
2025-07-02 15:08:58,248 - INFO - Connecting to MongoDB at mongodb+srv://simarjotsingh5244:NUMotMgntP7AcNrQ@cluster0.nen0dzs.mongodb.net/...
2025-07-02 15:08:58,844 - INFO - MongoDB connection successful.
2025-07-02 15:08:58,901 - INFO - Found 5 databases: company_9jxwph8g, company_9txtcvbl, company_pyat1tbz, company_ry0iwbpw, test
2025-07-02 15:08:59,027 - INFO - Added database company_9jxwph8g to active databases
2025-07-02 15:08:59,154 - INFO - Added database company_9txtcvbl to active databases
2025-07-02 15:08:59,278 - INFO - Added database company_pyat1tbz to active databases
2025-07-02 15:08:59,403 - INFO - Added database company_ry0iwbpw to active databases
2025-07-02 15:08:59,529 - INFO - Added database test to active databases
2025-07-02 15:08:59,529 - INFO - Active databases for processing: 5
2025-07-02 15:08:59,530 - INFO - Loading sentence transformer model...
2025-07-02 15:08:59,561 - INFO - Use pytorch device_name: mps
2025-07-02 15:08:59,561 - INFO - Load pretrained SentenceTransformer: all-MiniLM-L6-v2
2025-07-02 15:09:01,247 - INFO - Model loaded in 1.72 seconds
Batches:   0%|          | 0/1 [00:00<?, ?it/s]Batches: 100%|██████████| 1/1 [00:00<00:00,  6.50it/s]Batches: 100%|██████████| 1/1 [00:00<00:00,  6.48it/s]
2025-07-02 15:09:01,422 - INFO - Initialized role vector index with 11 items
Batches:   0%|          | 0/1 [00:00<?, ?it/s]Batches: 100%|██████████| 1/1 [00:00<00:00, 11.94it/s]
2025-07-02 15:09:01,507 - INFO - Initialized responsibility vector index with 3 items
2025-07-02 15:09:01,569 - INFO - Found 5 databases: company_9jxwph8g, company_9txtcvbl, company_pyat1tbz, company_ry0iwbpw, test
2025-07-02 15:09:01,569 - INFO - Active databases for processing: 5
2025-07-02 15:09:01,569 - INFO - Processing documents in company_9jxwph8g database...
2025-07-02 15:09:01,669 - INFO - Starting Attrition Score Analyzer (Multi-Database Version)...
2025-07-02 15:09:01,672 - INFO - MongoDB URI loaded: mongodb+srv://simarjotsingh5244:NUMotMgntP7AcNrQ@cluster0.nen0dzs.mongodb.net/
2025-07-02 15:09:01,726 - INFO - Processed 3/3 documents in company_9jxwph8g
2025-07-02 15:09:01,908 - INFO - Completed processing 3 documents in company_9jxwph8g
2025-07-02 15:09:01,909 - INFO - Processing documents in company_9txtcvbl database...
2025-07-02 15:09:01,957 - INFO - No documents found in company_9txtcvbl
2025-07-02 15:09:01,957 - INFO - Processing documents in company_pyat1tbz database...
2025-07-02 15:09:02,107 - INFO - Processed 1/1 documents in company_pyat1tbz
2025-07-02 15:09:02,242 - INFO - Completed processing 1 documents in company_pyat1tbz
2025-07-02 15:09:02,242 - INFO - Processing documents in company_ry0iwbpw database...
2025-07-02 15:09:02,396 - INFO - Processed 2/2 documents in company_ry0iwbpw
2025-07-02 15:09:02,507 - INFO - Completed processing 2 documents in company_ry0iwbpw
2025-07-02 15:09:02,507 - INFO - Processing documents in test database...
2025-07-02 15:09:02,556 - INFO - No documents found in test
2025-07-02 15:09:02,556 - INFO - Total documents processed across all databases: 6
2025-07-02 15:09:02,556 - INFO - Initial processing completed. Exiting.

[2025-07-02T20:09:03.700Z] [SUCCESS] ✅ [2/4] Attrition Score Calculation completed successfully in 9.6s {
  "script": "attrition_score.py",
  "duration": "9589ms",
  "attempts": 1,
  "startTime": "2025-07-02T20:08:54.112Z",
  "endTime": "2025-07-02T20:09:03.700Z"
}
[2025-07-02T20:09:03.700Z] [INFO] ⏳ Waiting 5s before next script...
[2025-07-02T20:09:08.702Z] [INFO] [RESOURCE] Memory: 3.95MB used, 4.81MB total, 35.80MB RSS | Load: 1.97, 2.12, 2.35
[2025-07-02T20:09:08.703Z] [WARN] [WARNING] High memory usage: 82.2% of heap used
[2025-07-02T20:09:08.704Z] [INFO] 
📋 [3/4] Starting script: Successor Identification {
  "script": "successor_identification.py",
  "args": "--refresh --batch-size=10",
  "timeout": "2700s",
  "maxRetries": 1,
  "retryDelay": "20000ms"
}
[2025-07-02T20:09:08.706Z] [DEBUG] Executing script: successor_identification.py {
  "args": [
    "--refresh",
    "--batch-size=10"
  ],
  "pid": 84703,
  "cwd": "/Users/sim/TestingPig",
  "pythonPath": "python3",
  "timeout": 2700000,
  "maxRetries": 1
}
[2025-07-02T20:09:25.120Z] [INFO] Script completed successfully: successor_identification.py {
  "duration": "16414ms",
  "exitCode": 0,
  "attempt": 1
}
[2025-07-02T20:09:25.120Z] [DEBUG] [successor_identification.py OUTPUT] Refreshed successor analysis for {'status': 'completed', 'total_processed': 0, 'total_errors': 6, 'duration_seconds': 3.3860950469970703, 'processing_rate': 0.0} employees across all databases

[2025-07-02T20:09:25.120Z] [WARN] [successor_identification.py STDERR] 2025-07-02 15:09:12,473 - INFO - ================================================================================
2025-07-02 15:09:12,473 - INFO - Successor Identification System starting up...
2025-07-02 15:09:12,473 - INFO - Python version: 3.13.5 (main, Jun 11 2025, 15:36:57) [Clang 17.0.0 (clang-1700.0.13.3)]
2025-07-02 15:09:12,497 - INFO - Platform: macOS-15.5-arm64-arm-64bit-Mach-O
2025-07-02 15:09:12,497 - INFO - Process ID: 84820
2025-07-02 15:09:12,756 - INFO - [Memory] Initial memory usage | RSS: 393.83MB | VMS: 401769.38MB | CPU: 0.0% | GC Objects: 375,776
2025-07-02 15:09:12,762 - INFO - MongoDB URI loaded: mongodb+srv://simarjotsingh5244:NUMotMgntP7AcNrQ@cluster0.nen0dzs.mongodb.net/
2025-07-02 15:09:12,970 - INFO - [Memory] Application startup | RSS: 396.77MB | VMS: 401897.38MB | CPU: 0.1% | GC Objects: 375,795
2025-07-02 15:09:13,184 - INFO - [Memory] Before database connection | RSS: 399.69MB | VMS: 401897.38MB | CPU: 0.0% | GC Objects: 375,831
2025-07-02 15:09:13,184 - INFO - [Resource] Starting connect_db...
2025-07-02 15:09:13,397 - INFO - [Memory] Before connect_db | RSS: 399.72MB | VMS: 401897.38MB | CPU: 0.0% | GC Objects: 375,831
2025-07-02 15:09:13,397 - INFO - Connecting to MongoDB at mongodb+srv://simarjotsingh5244:NUMotMgntP7AcNrQ@cluster0.nen0dzs.mongodb.net/... (attempt 1/3)
2025-07-02 15:09:14,055 - INFO - MongoDB connection successful.
2025-07-02 15:09:14,115 - INFO - Found 6 databases: company_9jxwph8g, company_9txtcvbl, company_pyat1tbz, company_ry0iwbpw, org_sim_db, test
2025-07-02 15:09:14,243 - INFO - Added database company_9jxwph8g to active databases
2025-07-02 15:09:14,383 - INFO - Added database company_9txtcvbl to active databases
2025-07-02 15:09:14,508 - INFO - Added database company_pyat1tbz to active databases
2025-07-02 15:09:14,633 - INFO - Added database company_ry0iwbpw to active databases
2025-07-02 15:09:14,683 - INFO - Skipping database org_sim_db: No 'users' collection
2025-07-02 15:09:14,810 - INFO - Added database test to active databases
2025-07-02 15:09:14,810 - INFO - Active databases for processing: 5
2025-07-02 15:09:15,041 - INFO - [Memory] After connect_db (1.41s) | RSS: 407.09MB | VMS: 402047.14MB | CPU: 0.2% | GC Objects: 381,505
2025-07-02 15:09:15,260 - INFO - [Memory] After database connection | RSS: 407.09MB | VMS: 402047.14MB | CPU: 0.0% | GC Objects: 381,493
2025-07-02 15:09:15,476 - INFO - [Memory] Before model loading | RSS: 407.09MB | VMS: 402047.14MB | CPU: 0.0% | GC Objects: 381,493
2025-07-02 15:09:15,476 - INFO - [Resource] Starting load_model...
2025-07-02 15:09:15,689 - INFO - [Memory] Before load_model | RSS: 407.14MB | VMS: 402047.14MB | CPU: 0.1% | GC Objects: 381,493
2025-07-02 15:09:15,689 - INFO - Loading sentence transformer model...
2025-07-02 15:09:15,909 - INFO - [Memory] Before model loading | RSS: 407.14MB | VMS: 402047.14MB | CPU: 0.2% | GC Objects: 381,493
2025-07-02 15:09:15,930 - INFO - Use pytorch device_name: mps
2025-07-02 15:09:15,930 - INFO - Load pretrained SentenceTransformer: all-MiniLM-L6-v2
2025-07-02 15:09:18,963 - INFO - [Memory] After model loading (3.04s) | RSS: 452.28MB | VMS: 403504.52MB | CPU: 0.3% | GC Objects: 398,199
2025-07-02 15:09:19,316 - INFO - [Memory] After GC | RSS: 452.33MB | VMS: 403504.52MB | CPU: 0.1% | GC Objects: 398,199
2025-07-02 15:09:19,556 - INFO - [Memory] After load_model (3.63s) | RSS: 452.38MB | VMS: 403504.52MB | CPU: 0.1% | GC Objects: 398,199
2025-07-02 15:09:19,782 - INFO - [Memory] After model loading | RSS: 452.66MB | VMS: 403504.52MB | CPU: 0.3% | GC Objects: 398,199
2025-07-02 15:09:19,782 - INFO - [Resource] Starting refresh_successor_analysis...
2025-07-02 15:09:20,008 - INFO - [Memory] Before refresh_successor_analysis | RSS: 452.69MB | VMS: 403504.5MB | CPU: 0.2% | GC Objects: 398,199
2025-07-02 15:09:20,234 - INFO - [Memory] Starting refresh_successor_analysis | RSS: 452.69MB | VMS: 403498.5MB | CPU: 0.1% | GC Objects: 398,199
2025-07-02 15:09:20,294 - INFO - Found 6 databases: company_9jxwph8g, company_9txtcvbl, company_pyat1tbz, company_ry0iwbpw, org_sim_db, test
2025-07-02 15:09:20,342 - INFO - Skipping database org_sim_db: No 'users' collection
2025-07-02 15:09:20,342 - INFO - Active databases for processing: 5
2025-07-02 15:09:20,343 - INFO - Processing successor analysis in company_9jxwph8g database...
2025-07-02 15:09:20,619 - INFO - [Memory] Starting processing database: company_9jxwph8g | RSS: 452.69MB | VMS: 403498.5MB | CPU: 0.1% | GC Objects: 398,201
2025-07-02 15:09:20,678 - INFO - Processing 3 employees in database: company_9jxwph8g
2025-07-02 15:09:20,833 - ERROR - Error processing user a@testing2.com: name 'process_single_document' is not defined
Traceback (most recent call last):
  File "/Users/sim/TestingPig/successor_identification.py", line 412, in refresh_successor_analysis
    process_single_document(email, db_name)
    ^^^^^^^^^^^^^^^^^^^^^^^
NameError: name 'process_single_document' is not defined
2025-07-02 15:09:21,096 - INFO - [Memory] Error processing user a@testing2.com | RSS: 452.69MB | VMS: 403498.5MB | CPU: 0.1% | GC Objects: 398,391
2025-07-02 15:09:21,097 - ERROR - Error processing user user1@testing2.com: name 'process_single_document' is not defined
Traceback (most recent call last):
  File "/Users/sim/TestingPig/successor_identification.py", line 412, in refresh_successor_analysis
    process_single_document(email, db_name)
    ^^^^^^^^^^^^^^^^^^^^^^^
NameError: name 'process_single_document' is not defined
2025-07-02 15:09:21,332 - INFO - [Memory] Error processing user user1@testing2.com | RSS: 452.69MB | VMS: 403498.5MB | CPU: 0.2% | GC Objects: 398,330
2025-07-02 15:09:21,332 - ERROR - Error processing user a@testing32.com: name 'process_single_document' is not defined
Traceback (most recent call last):
  File "/Users/sim/TestingPig/successor_identification.py", line 412, in refresh_successor_analysis
    process_single_document(email, db_name)
    ^^^^^^^^^^^^^^^^^^^^^^^
NameError: name 'process_single_document' is not defined
2025-07-02 15:09:21,564 - INFO - [Memory] Error processing user a@testing32.com | RSS: 452.69MB | VMS: 403498.5MB | CPU: 0.0% | GC Objects: 398,277
2025-07-02 15:09:21,564 - INFO - Completed processing 0 employees in company_9jxwph8g in 0.9 seconds
2025-07-02 15:09:21,564 - INFO - Processing successor analysis in company_9txtcvbl database...
2025-07-02 15:09:21,815 - INFO - [Memory] Starting processing database: company_9txtcvbl | RSS: 452.69MB | VMS: 403498.5MB | CPU: 0.2% | GC Objects: 398,271
2025-07-02 15:09:21,868 - INFO - Processing 0 employees in database: company_9txtcvbl
2025-07-02 15:09:21,916 - INFO - Completed processing 0 employees in company_9txtcvbl in 0.0 seconds
2025-07-02 15:09:21,916 - INFO - Processing successor analysis in company_pyat1tbz database...
2025-07-02 15:09:22,167 - INFO - [Memory] Starting processing database: company_pyat1tbz | RSS: 452.69MB | VMS: 403498.5MB | CPU: 0.1% | GC Objects: 398,271
2025-07-02 15:09:22,216 - INFO - Processing 1 employees in database: company_pyat1tbz
2025-07-02 15:09:22,273 - ERROR - Error processing user kanthony010@gmail.com: name 'process_single_document' is not defined
Traceback (most recent call last):
  File "/Users/sim/TestingPig/successor_identification.py", line 412, in refresh_successor_analysis
    process_single_document(email, db_name)
    ^^^^^^^^^^^^^^^^^^^^^^^
NameError: name 'process_single_document' is not defined
2025-07-02 15:09:22,511 - INFO - [Memory] Error processing user kanthony010@gmail.com | RSS: 452.69MB | VMS: 403498.5MB | CPU: 0.3% | GC Objects: 398,226
2025-07-02 15:09:22,511 - INFO - Completed processing 0 employees in company_pyat1tbz in 0.3 seconds
2025-07-02 15:09:22,511 - INFO - Processing successor analysis in company_ry0iwbpw database...
2025-07-02 15:09:22,735 - INFO - [Memory] Starting processing database: company_ry0iwbpw | RSS: 452.69MB | VMS: 403498.5MB | CPU: 0.0% | GC Objects: 398,220
2025-07-02 15:09:22,788 - INFO - Processing 2 employees in database: company_ry0iwbpw
2025-07-02 15:09:22,838 - ERROR - Error processing user user1@testingdemo.com: name 'process_single_document' is not defined
Traceback (most recent call last):
  File "/Users/sim/TestingPig/successor_identification.py", line 412, in refresh_successor_analysis
    process_single_document(email, db_name)
    ^^^^^^^^^^^^^^^^^^^^^^^
NameError: name 'process_single_document' is not defined
2025-07-02 15:09:23,072 - INFO - [Memory] Error processing user user1@testingdemo.com | RSS: 452.69MB | VMS: 403498.5MB | CPU: 0.1% | GC Objects: 398,242
2025-07-02 15:09:23,072 - ERROR - Error processing user user2@testingdemo.com: name 'process_single_document' is not defined
Traceback (most recent call last):
  File "/Users/sim/TestingPig/successor_identification.py", line 412, in refresh_successor_analysis
    process_single_document(email, db_name)
    ^^^^^^^^^^^^^^^^^^^^^^^
NameError: name 'process_single_document' is not defined
2025-07-02 15:09:23,298 - INFO - [Memory] Error processing user user2@testingdemo.com | RSS: 452.69MB | VMS: 403498.5MB | CPU: 0.1% | GC Objects: 398,227
2025-07-02 15:09:23,298 - INFO - Completed processing 0 employees in company_ry0iwbpw in 0.5 seconds
2025-07-02 15:09:23,298 - INFO - Processing successor analysis in test database...
2025-07-02 15:09:23,524 - INFO - [Memory] Starting processing database: test | RSS: 452.88MB | VMS: 403498.5MB | CPU: 0.2% | GC Objects: 398,221
2025-07-02 15:09:23,572 - INFO - Processing 0 employees in database: test
2025-07-02 15:09:23,620 - INFO - Completed processing 0 employees in test in 0.0 seconds
2025-07-02 15:09:23,620 - INFO - Completed refresh_successor_analysis in 3.4 seconds. Processed 0 employees with 6 errors.
2025-07-02 15:09:23,877 - INFO - [Memory] Completed refresh_successor_analysis | RSS: 452.88MB | VMS: 403498.5MB | CPU: 0.1% | GC Objects: 398,221
2025-07-02 15:09:24,093 - INFO - [Memory] After refresh_successor_analysis (3.87s) | RSS: 452.89MB | VMS: 403497.95MB | CPU: 0.2% | GC Objects: 398,197

[2025-07-02T20:09:25.120Z] [SUCCESS] ✅ [3/4] Successor Identification completed successfully in 16.4s {
  "script": "successor_identification.py",
  "duration": "16416ms",
  "attempts": 1,
  "startTime": "2025-07-02T20:09:08.705Z",
  "endTime": "2025-07-02T20:09:25.120Z"
}
[2025-07-02T20:09:25.120Z] [INFO] ⏳ Waiting 5s before next script...
[2025-07-02T20:09:30.122Z] [INFO] [RESOURCE] Memory: 4.32MB used, 4.81MB total, 36.34MB RSS | Load: 2.39, 2.19, 2.37
[2025-07-02T20:09:30.123Z] [WARN] [WARNING] High memory usage: 89.7% of heap used
[2025-07-02T20:09:30.124Z] [INFO] 
📋 [4/4] Starting script: Successor Finder {
  "script": "successor_finder.py",
  "args": "--refresh-all --batch-size=10 --verbose",
  "timeout": "3600s",
  "maxRetries": 2,
  "retryDelay": "10000ms"
}
[2025-07-02T20:09:30.125Z] [DEBUG] Executing script: successor_finder.py {
  "args": [
    "--refresh-all",
    "--batch-size=10",
    "--verbose"
  ],
  "pid": 84703,
  "cwd": "/Users/sim/TestingPig",
  "pythonPath": "python3",
  "timeout": 3600000,
  "maxRetries": 2
}
[2025-07-02T20:09:34.453Z] [INFO] Script completed successfully: successor_finder.py {
  "duration": "4329ms",
  "exitCode": 0,
  "attempt": 1
}
[2025-07-02T20:09:34.453Z] [WARN] [successor_finder.py STDERR] 2025-07-02 15:09:33,927 - INFO - Successor Finder starting up...
2025-07-02 15:09:33,929 - INFO - MongoDB URI loaded: mongodb+srv://simarjotsingh5244:NUMotMgntP7AcNrQ@cluster0.nen0dzs.mongodb.net/

[2025-07-02T20:09:34.454Z] [SUCCESS] ✅ [4/4] Successor Finder completed successfully in 4.3s {
  "script": "successor_finder.py",
  "duration": "4330ms",
  "attempts": 1,
  "startTime": "2025-07-02T20:09:30.124Z",
  "endTime": "2025-07-02T20:09:34.454Z"
}
[2025-07-02T20:09:34.454Z] [INFO] ⏳ Waiting 5s before next script...
[2025-07-02T20:09:39.456Z] [INFO] [RESOURCE] Memory: 4.63MB used, 5.06MB total, 36.55MB RSS | Load: 2.33, 2.19, 2.37
[2025-07-02T20:09:39.456Z] [WARN] [WARNING] High memory usage: 91.4% of heap used
[2025-07-02T20:09:39.457Z] [WARN] [WARNING] Critical memory usage - consider increasing Node.js memory limit
[2025-07-02T20:09:39.458Z] [INFO] 
📊 ====== DATA UPDATE SUMMARY ======
[2025-07-02T20:09:39.458Z] [INFO] 📅 Started: 2025-07-02T20:08:33.678Z
[2025-07-02T20:09:39.458Z] [INFO] 🏁 Finished: 2025-07-02T20:09:39.457Z
[2025-07-02T20:09:39.459Z] [INFO] ⏱️  Total Duration: 1.1 minutes
[2025-07-02T20:09:39.459Z] [INFO] 📋 Scripts: 4 total, 4 successful, 0 failed
[2025-07-02T20:09:39.459Z] [INFO] 📈 Success Rate: 100.0%
[2025-07-02T20:09:39.460Z] [INFO] 
📋 SCRIPT EXECUTION STATUS:
[2025-07-02T20:09:39.463Z] [INFO] 
💾 SYSTEM RESOURCE USAGE:
[2025-07-02T20:09:39.463Z] [INFO] Memory: 4.74MB used / 5.06MB total
[2025-07-02T20:09:39.464Z] [INFO] RSS: 37.19MB
[2025-07-02T20:09:39.464Z] [INFO] Load: 2.33, 2.19, 2.37
[2025-07-02T20:09:39.464Z] [SUCCESS] 
🎉 ALL DATA UPDATES COMPLETED SUCCESSFULLY!
[2025-07-02T20:09:39.465Z] [FATAL] Fatal error during data updates: totalDuration is not defined {
  "error": "totalDuration is not defined",
  "stack": "ReferenceError: totalDuration is not defined\n    at runAllUpdates (/Users/sim/TestingPig/scripts/data-update-daemon.js:705:17)\n    at async runDaemon (/Users/sim/TestingPig/scripts/data-update-daemon.js:858:20)",
  "script": "successor_finder.py",
  "duration": "9.3s"
}
[2025-07-02T20:09:39.465Z] [INFO] [RESOURCE] Memory: 4.76MB used, 5.06MB total, 37.33MB RSS | Load: 2.33, 2.19, 2.37
[2025-07-02T20:09:39.465Z] [WARN] [WARNING] High memory usage: 94.1% of heap used
[2025-07-02T20:09:39.465Z] [WARN] [WARNING] Critical memory usage - consider increasing Node.js memory limit
[2025-07-02T20:09:39.466Z] [WARN] Initial update completed with 0 failures
[2025-07-02T20:09:39.466Z] [INFO] Initial update completed. Next update in 1440 minutes.
[2025-07-02T20:11:36.632Z] [INFO] 🚀 Starting data update daemon... {
  "nodeVersion": "v20.19.3",
  "platform": "darwin",
  "arch": "arm64",
  "pid": 85210,
  "cwd": "/Users/sim/TestingPig",
  "system": {
    "cpus": 8,
    "memory": {
      "total": "16.00 GB",
      "free": "0.19 GB",
      "usage": "98.82%"
    },
    "load": [
      1.28076171875,
      1.82861328125,
      2.20166015625
    ]
  },
  "env": "production"
}
[2025-07-02T20:11:36.636Z] [INFO] [RESOURCE] Memory: 4.26MB used, 4.56MB total, 36.63MB RSS | Load: 1.28, 1.83, 2.20
[2025-07-02T20:11:36.636Z] [WARN] [WARNING] High memory usage: 93.4% of heap used
[2025-07-02T20:11:36.636Z] [WARN] [WARNING] Critical memory usage - consider increasing Node.js memory limit
[2025-07-02T20:11:36.636Z] [INFO] Performing initial data update...
[2025-07-02T20:11:36.637Z] [INFO] 🚀 Starting scheduled data updates... {
  "system": {
    "platform": "darwin",
    "arch": "arm64",
    "node": "v20.19.3",
    "pid": 85210,
    "cpus": 8,
    "memory": {
      "total": "16.00 GB",
      "free": "0.19 GB",
      "usage": "98.81%"
    }
  },
  "totalScripts": 4,
  "logLevel": "INFO"
}
[2025-07-02T20:11:36.637Z] [INFO] 
📋 [1/4] Starting script: Employee Utilization Analysis {
  "script": "employee_utilization_analyzer.py",
  "args": "",
  "timeout": "1800s",
  "maxRetries": 2,
  "retryDelay": "10000ms"
}
[2025-07-02T20:11:36.638Z] [DEBUG] Executing script: employee_utilization_analyzer.py {
  "args": [],
  "pid": 85210,
  "cwd": "/Users/sim/TestingPig",
  "pythonPath": "python3",
  "timeout": 1800000,
  "maxRetries": 2
}
[2025-07-02T20:11:51.711Z] [INFO] Script completed successfully: employee_utilization_analyzer.py {
  "duration": "15074ms",
  "exitCode": 0,
  "attempt": 1
}
[2025-07-02T20:11:51.712Z] [WARN] [employee_utilization_analyzer.py STDERR] 2025-07-02 15:11:41,340 - INFO - Loading faiss.
2025-07-02 15:11:41,373 - INFO - Successfully loaded faiss.
2025-07-02 15:11:41,377 - INFO - Failed to load GPU Faiss: name 'GpuIndexIVFFlat' is not defined. Will not load constructor refs for GPU indexes. This is only an error if you're trying to use GPU Faiss.
2025-07-02 15:11:41,377 - INFO - Starting Attrition Score Analyzer (Multi-Database Version)...
2025-07-02 15:11:41,379 - INFO - MongoDB URI loaded: mongodb+srv://simarjotsingh5244:NUMotMgntP7AcNrQ@cluster0.nen0dzs.mongodb.net/
2025-07-02 15:11:41,379 - INFO - Employee Utilization Analyzer starting up...
2025-07-02 15:11:41,381 - INFO - MongoDB URI: mongodb+srv://simarjotsingh5244:NUMotMgntP7AcNrQ@cluster0.nen0dzs.mongodb.net/
2025-07-02 15:11:41,382 - INFO - Starting Employee Utilization Analyzer...
2025-07-02 15:11:41,382 - INFO - [MEMORY] Before MongoDB connection
2025-07-02 15:11:41,382 - INFO -   • RSS: 405.16 MB
2025-07-02 15:11:41,382 - INFO -   • VMS: 401913.83 MB
2025-07-02 15:11:41,384 - INFO -   • USS: 321.83 MB
2025-07-02 15:11:41,384 - INFO - [CPU] Before MongoDB connection
2025-07-02 15:11:41,490 - INFO -   • CPU %: 0.0%
2025-07-02 15:11:41,490 - INFO -   • Threads: 1
2025-07-02 15:11:41,490 - INFO -   • Open files: 0
2025-07-02 15:11:41,490 - INFO -   • Python allocated blocks: 1594211
2025-07-02 15:11:41,490 - INFO - [GC] Before MongoDB connection
2025-07-02 15:11:41,517 - WARNING - Could not get GC info: object of type 'function' has no len()
2025-07-02 15:11:41,517 - INFO - --------------------------------------------------------------------------------
2025-07-02 15:11:41,517 - INFO - Attempting MongoDB connection (attempt 1/3)
2025-07-02 15:11:42,453 - INFO - Successfully connected to MongoDB at mongodb+srv://simarjotsingh5244:NUMotMgntP7AcNrQ@cluster0.nen0dzs.mongodb.net/
2025-07-02 15:11:42,506 - INFO - MongoDB server version: 8.0.11
2025-07-02 15:11:42,506 - INFO - MongoDB connections: 73
2025-07-02 15:11:42,506 - INFO - [MEMORY] After MongoDB connection
2025-07-02 15:11:42,507 - INFO -   • RSS: 415.62 MB
2025-07-02 15:11:42,507 - INFO -   • VMS: 402191.59 MB
2025-07-02 15:11:42,511 - INFO -   • USS: 328.67 MB
2025-07-02 15:11:42,511 - INFO - [CPU] After MongoDB connection
2025-07-02 15:11:42,612 - INFO -   • CPU %: 1.1%
2025-07-02 15:11:42,612 - INFO -   • Threads: 8
2025-07-02 15:11:42,612 - INFO -   • Open files: 0
2025-07-02 15:11:42,613 - INFO -   • Python allocated blocks: 1615826
2025-07-02 15:11:42,613 - INFO - [GC] After MongoDB connection
2025-07-02 15:11:42,642 - WARNING - Could not get GC info: object of type 'Parameter' has no len()
2025-07-02 15:11:42,642 - INFO - --------------------------------------------------------------------------------
2025-07-02 15:11:42,644 - INFO - [RESOURCE] Database Connection
2025-07-02 15:11:42,644 - INFO -   • Duration: 1.2603 seconds
2025-07-02 15:11:42,644 - INFO -   • Memory (RSS): 405.16MB -> 418.62MB (Δ+13.47MB)
2025-07-02 15:11:42,644 - INFO -   • CPU Usage: 16.1% -> 10.3%
2025-07-02 15:11:42,644 - INFO -   • Tracemalloc - Current: 2.73MB, Peak: 5.88MB
2025-07-02 15:11:42,745 - INFO -   • GC Stats: [{'collections': 310, 'collected': 7562, 'uncollectable': 0}, {'collections': 28, 'collected': 714, 'uncollectable': 0}, {'collections': 3, 'collected': 500, 'uncollectable': 0}]
2025-07-02 15:11:42,746 - INFO - [MEMORY] Before model loading
2025-07-02 15:11:42,746 - INFO -   • RSS: 418.64 MB
2025-07-02 15:11:42,746 - INFO -   • VMS: 402191.59 MB
2025-07-02 15:11:42,748 - INFO -   • USS: 327.72 MB
2025-07-02 15:11:42,748 - INFO - [CPU] Before model loading
2025-07-02 15:11:42,853 - INFO -   • CPU %: 0.3%
2025-07-02 15:11:42,853 - INFO -   • Threads: 4
2025-07-02 15:11:42,854 - INFO -   • Open files: 0
2025-07-02 15:11:42,854 - INFO -   • Python allocated blocks: 1614027
2025-07-02 15:11:42,854 - INFO - [GC] Before model loading
2025-07-02 15:11:42,876 - INFO -   • Gen 0: 4 objects
2025-07-02 15:11:42,882 - WARNING - Could not get GC info: object of type 'Process' has no len()
2025-07-02 15:11:42,882 - INFO - --------------------------------------------------------------------------------
2025-07-02 15:11:42,882 - INFO - Loading model: all-MiniLM-L6-v2
2025-07-02 15:11:42,882 - INFO - Available memory before loading: 5179.72 MB
2025-07-02 15:11:42,906 - INFO - Use pytorch device_name: mps
2025-07-02 15:11:42,906 - INFO - Load pretrained SentenceTransformer: all-MiniLM-L6-v2
2025-07-02 15:11:46,098 - INFO - Use pytorch device_name: mps
2025-07-02 15:11:46,098 - INFO - Load pretrained SentenceTransformer: all-MiniLM-L6-v2
2025-07-02 15:11:47,318 - INFO - Model loaded in 4.44 seconds
2025-07-02 15:11:47,319 - INFO - Pre-computing benchmark task embeddings...
2025-07-02 15:11:47,326 - INFO - [RESOURCE] Model Loading
2025-07-02 15:11:47,326 - INFO -   • Duration: 4.5732 seconds
2025-07-02 15:11:47,326 - INFO -   • Memory (RSS): 418.64MB -> 306.67MB (Δ-111.97MB)
2025-07-02 15:11:47,326 - INFO -   • CPU Usage: 17.3% -> 14.6%
2025-07-02 15:11:47,326 - INFO -   • Tracemalloc - Current: 10.90MB, Peak: 15.87MB
2025-07-02 15:11:47,459 - INFO -   • GC Stats: [{'collections': 323, 'collected': 9454, 'uncollectable': 0}, {'collections': 29, 'collected': 714, 'uncollectable': 0}, {'collections': 4, 'collected': 4214, 'uncollectable': 0}]
2025-07-02 15:11:47,460 - INFO - [MEMORY] Before MongoDB connection
2025-07-02 15:11:47,460 - INFO -   • RSS: 390.06 MB
2025-07-02 15:11:47,460 - INFO -   • VMS: 403553.52 MB
2025-07-02 15:11:47,462 - INFO -   • USS: 272.53 MB
2025-07-02 15:11:47,462 - INFO - [CPU] Before MongoDB connection
2025-07-02 15:11:47,567 - INFO -   • CPU %: 0.0%
2025-07-02 15:11:47,567 - INFO -   • Threads: 4
2025-07-02 15:11:47,568 - INFO -   • Open files: 2
2025-07-02 15:11:47,568 - INFO -   • Python allocated blocks: 1665750
2025-07-02 15:11:47,568 - INFO - [GC] Before MongoDB connection
2025-07-02 15:11:47,590 - INFO -   • Gen 0: 4 objects
2025-07-02 15:11:47,595 - WARNING - Could not get GC info: object of type 'Process' has no len()
2025-07-02 15:11:47,595 - INFO - --------------------------------------------------------------------------------
2025-07-02 15:11:47,595 - INFO - Attempting MongoDB connection (attempt 1/3)
2025-07-02 15:11:48,147 - INFO - Successfully connected to MongoDB at mongodb+srv://simarjotsingh5244:NUMotMgntP7AcNrQ@cluster0.nen0dzs.mongodb.net/
2025-07-02 15:11:48,199 - INFO - MongoDB server version: 8.0.11
2025-07-02 15:11:48,199 - INFO - MongoDB connections: 74
2025-07-02 15:11:48,200 - INFO - [MEMORY] After MongoDB connection
2025-07-02 15:11:48,200 - INFO -   • RSS: 398.75 MB
2025-07-02 15:11:48,200 - INFO -   • VMS: 403665.95 MB
2025-07-02 15:11:48,205 - INFO -   • USS: 276.36 MB
2025-07-02 15:11:48,205 - INFO - [CPU] After MongoDB connection
2025-07-02 15:11:48,309 - INFO -   • CPU %: 0.1%
2025-07-02 15:11:48,309 - INFO -   • Threads: 11
2025-07-02 15:11:48,310 - INFO -   • Open files: 2
2025-07-02 15:11:48,310 - INFO -   • Python allocated blocks: 1667102
2025-07-02 15:11:48,310 - INFO - [GC] After MongoDB connection
2025-07-02 15:11:48,341 - INFO -   • Gen 0: 4 objects
2025-07-02 15:11:48,347 - WARNING - Could not get GC info: object of type 'MongoClient' has no len()
2025-07-02 15:11:48,347 - INFO - --------------------------------------------------------------------------------
2025-07-02 15:11:48,348 - INFO - [RESOURCE] Database Connection
2025-07-02 15:11:48,348 - INFO -   • Duration: 0.8877 seconds
2025-07-02 15:11:48,348 - INFO -   • Memory (RSS): 390.06MB -> 401.75MB (Δ+11.69MB)
2025-07-02 15:11:48,348 - INFO -   • CPU Usage: 13.6% -> 4.2%
2025-07-02 15:11:48,348 - INFO -   • Tracemalloc - Current: 0.15MB, Peak: 3.31MB
2025-07-02 15:11:48,445 - INFO -   • GC Stats: [{'collections': 323, 'collected': 9454, 'uncollectable': 0}, {'collections': 29, 'collected': 714, 'uncollectable': 0}, {'collections': 5, 'collected': 4224, 'uncollectable': 0}]
2025-07-02 15:11:48,446 - INFO - [MEMORY] Before model loading
2025-07-02 15:11:48,446 - INFO -   • RSS: 401.75 MB
2025-07-02 15:11:48,446 - INFO -   • VMS: 403665.95 MB
2025-07-02 15:11:48,448 - INFO -   • USS: 276.27 MB
2025-07-02 15:11:48,448 - INFO - [CPU] Before model loading
2025-07-02 15:11:48,554 - INFO -   • CPU %: 0.2%
2025-07-02 15:11:48,554 - INFO -   • Threads: 8
2025-07-02 15:11:48,554 - INFO -   • Open files: 2
2025-07-02 15:11:48,554 - INFO -   • Python allocated blocks: 1666480
2025-07-02 15:11:48,554 - INFO - [GC] Before model loading
2025-07-02 15:11:48,573 - INFO -   • Gen 0: 4 objects
2025-07-02 15:11:48,578 - WARNING - Could not get GC info: object of type 'Process' has no len()
2025-07-02 15:11:48,578 - INFO - --------------------------------------------------------------------------------
2025-07-02 15:11:48,578 - INFO - Loading model: all-MiniLM-L6-v2
2025-07-02 15:11:48,578 - INFO - Available memory before loading: 4449.28 MB
2025-07-02 15:11:48,579 - INFO - Use pytorch device_name: mps
2025-07-02 15:11:48,579 - INFO - Load pretrained SentenceTransformer: all-MiniLM-L6-v2
2025-07-02 15:11:49,725 - INFO - Use pytorch device_name: mps
2025-07-02 15:11:49,726 - INFO - Load pretrained SentenceTransformer: all-MiniLM-L6-v2
2025-07-02 15:11:50,946 - INFO - Model loaded in 2.37 seconds
2025-07-02 15:11:50,947 - INFO - Pre-computing benchmark task embeddings...
2025-07-02 15:11:50,948 - INFO - [RESOURCE] Model Loading
2025-07-02 15:11:50,948 - INFO -   • Duration: 2.5011 seconds
2025-07-02 15:11:50,948 - INFO -   • Memory (RSS): 401.75MB -> 413.12MB (Δ+11.38MB)
2025-07-02 15:11:50,948 - INFO -   • CPU Usage: 16.3% -> 5.9%
2025-07-02 15:11:50,948 - INFO -   • Tracemalloc - Current: 0.68MB, Peak: 5.64MB
2025-07-02 15:11:51,055 - INFO -   • GC Stats: [{'collections': 325, 'collected': 9474, 'uncollectable': 0}, {'collections': 29, 'collected': 714, 'uncollectable': 0}, {'collections': 6, 'collected': 7935, 'uncollectable': 0}]
2025-07-02 15:11:51,055 - ERROR - Failed listing databases: 'NoneType' object has no attribute 'list_database_names'
2025-07-02 15:11:51,055 - INFO - Found tenant DBs: []
2025-07-02 15:11:51,055 - INFO - Processing completed. Exiting.

[2025-07-02T20:11:51.712Z] [SUCCESS] ✅ [1/4] Employee Utilization Analysis completed successfully in 15.1s {
  "script": "employee_utilization_analyzer.py",
  "duration": "15075ms",
  "attempts": 1,
  "startTime": "2025-07-02T20:11:36.637Z",
  "endTime": "2025-07-02T20:11:51.712Z"
}
[2025-07-02T20:11:51.712Z] [INFO] ⏳ Waiting 5s before next script...
[2025-07-02T20:11:56.715Z] [INFO] [RESOURCE] Memory: 3.92MB used, 5.06MB total, 34.42MB RSS | Load: 1.34, 1.81, 2.18
[2025-07-02T20:11:56.715Z] [WARN] [WARNING] High memory usage: 77.3% of heap used
[2025-07-02T20:11:56.716Z] [INFO] 
📋 [2/4] Starting script: Attrition Score Calculation {
  "script": "attrition_score.py",
  "args": "",
  "timeout": "3600s",
  "maxRetries": 2,
  "retryDelay": "15000ms"
}
[2025-07-02T20:11:56.717Z] [DEBUG] Executing script: attrition_score.py {
  "args": [],
  "pid": 85210,
  "cwd": "/Users/sim/TestingPig",
  "pythonPath": "python3",
  "timeout": 3600000,
  "maxRetries": 2
}
[2025-07-02T20:12:06.073Z] [INFO] Script completed successfully: attrition_score.py {
  "duration": "9356ms",
  "exitCode": 0,
  "attempt": 1
}
[2025-07-02T20:12:06.074Z] [WARN] [attrition_score.py STDERR] 2025-07-02 15:12:00,749 - INFO - Loading faiss.
2025-07-02 15:12:00,768 - INFO - Successfully loaded faiss.
2025-07-02 15:12:00,772 - INFO - Failed to load GPU Faiss: name 'GpuIndexIVFFlat' is not defined. Will not load constructor refs for GPU indexes. This is only an error if you're trying to use GPU Faiss.
2025-07-02 15:12:00,772 - INFO - Starting Attrition Score Analyzer (Multi-Database Version)...
2025-07-02 15:12:00,774 - INFO - MongoDB URI loaded: mongodb+srv://simarjotsingh5244:NUMotMgntP7AcNrQ@cluster0.nen0dzs.mongodb.net/
2025-07-02 15:12:00,775 - INFO - Starting Attrition Score Analyzer (Multi-Database Version)...
2025-07-02 15:12:00,775 - INFO - Connecting to MongoDB at mongodb+srv://simarjotsingh5244:NUMotMgntP7AcNrQ@cluster0.nen0dzs.mongodb.net/...
2025-07-02 15:12:01,347 - INFO - MongoDB connection successful.
2025-07-02 15:12:01,404 - INFO - Found 5 databases: company_9jxwph8g, company_9txtcvbl, company_pyat1tbz, company_ry0iwbpw, test
2025-07-02 15:12:01,531 - INFO - Added database company_9jxwph8g to active databases
2025-07-02 15:12:01,655 - INFO - Added database company_9txtcvbl to active databases
2025-07-02 15:12:01,778 - INFO - Added database company_pyat1tbz to active databases
2025-07-02 15:12:01,902 - INFO - Added database company_ry0iwbpw to active databases
2025-07-02 15:12:02,032 - INFO - Added database test to active databases
2025-07-02 15:12:02,032 - INFO - Active databases for processing: 5
2025-07-02 15:12:02,032 - INFO - Loading sentence transformer model...
2025-07-02 15:12:02,064 - INFO - Use pytorch device_name: mps
2025-07-02 15:12:02,064 - INFO - Load pretrained SentenceTransformer: all-MiniLM-L6-v2
2025-07-02 15:12:03,739 - INFO - Model loaded in 1.71 seconds
Batches:   0%|          | 0/1 [00:00<?, ?it/s]Batches: 100%|██████████| 1/1 [00:00<00:00,  7.09it/s]Batches: 100%|██████████| 1/1 [00:00<00:00,  7.08it/s]
2025-07-02 15:12:03,898 - INFO - Initialized role vector index with 11 items
Batches:   0%|          | 0/1 [00:00<?, ?it/s]Batches: 100%|██████████| 1/1 [00:00<00:00, 12.90it/s]
2025-07-02 15:12:03,977 - INFO - Initialized responsibility vector index with 3 items
2025-07-02 15:12:04,038 - INFO - Found 5 databases: company_9jxwph8g, company_9txtcvbl, company_pyat1tbz, company_ry0iwbpw, test
2025-07-02 15:12:04,038 - INFO - Active databases for processing: 5
2025-07-02 15:12:04,038 - INFO - Processing documents in company_9jxwph8g database...
2025-07-02 15:12:04,140 - INFO - Starting Attrition Score Analyzer (Multi-Database Version)...
2025-07-02 15:12:04,143 - INFO - MongoDB URI loaded: mongodb+srv://simarjotsingh5244:NUMotMgntP7AcNrQ@cluster0.nen0dzs.mongodb.net/
2025-07-02 15:12:04,197 - INFO - Processed 3/3 documents in company_9jxwph8g
2025-07-02 15:12:04,359 - INFO - Completed processing 3 documents in company_9jxwph8g
2025-07-02 15:12:04,359 - INFO - Processing documents in company_9txtcvbl database...
2025-07-02 15:12:04,407 - INFO - No documents found in company_9txtcvbl
2025-07-02 15:12:04,407 - INFO - Processing documents in company_pyat1tbz database...
2025-07-02 15:12:04,565 - INFO - Processed 1/1 documents in company_pyat1tbz
2025-07-02 15:12:04,694 - INFO - Completed processing 1 documents in company_pyat1tbz
2025-07-02 15:12:04,694 - INFO - Processing documents in company_ry0iwbpw database...
2025-07-02 15:12:04,843 - INFO - Processed 2/2 documents in company_ry0iwbpw
2025-07-02 15:12:04,939 - INFO - Completed processing 2 documents in company_ry0iwbpw
2025-07-02 15:12:04,939 - INFO - Processing documents in test database...
2025-07-02 15:12:04,987 - INFO - No documents found in test
2025-07-02 15:12:04,987 - INFO - Total documents processed across all databases: 6
2025-07-02 15:12:04,987 - INFO - Initial processing completed. Exiting.

[2025-07-02T20:12:06.074Z] [SUCCESS] ✅ [2/4] Attrition Score Calculation completed successfully in 9.4s {
  "script": "attrition_score.py",
  "duration": "9358ms",
  "attempts": 1,
  "startTime": "2025-07-02T20:11:56.717Z",
  "endTime": "2025-07-02T20:12:06.074Z"
}
[2025-07-02T20:12:06.074Z] [INFO] ⏳ Waiting 5s before next script...
[2025-07-02T20:12:11.076Z] [INFO] [RESOURCE] Memory: 4.11MB used, 5.06MB total, 34.88MB RSS | Load: 1.27, 1.77, 2.16
[2025-07-02T20:12:11.078Z] [WARN] [WARNING] High memory usage: 81.2% of heap used
[2025-07-02T20:12:11.078Z] [INFO] 
📋 [3/4] Starting script: Successor Identification {
  "script": "successor_identification.py",
  "args": "--refresh --batch-size=10",
  "timeout": "2700s",
  "maxRetries": 1,
  "retryDelay": "20000ms"
}
[2025-07-02T20:12:11.080Z] [DEBUG] Executing script: successor_identification.py {
  "args": [
    "--refresh",
    "--batch-size=10"
  ],
  "pid": 85210,
  "cwd": "/Users/sim/TestingPig",
  "pythonPath": "python3",
  "timeout": 2700000,
  "maxRetries": 1
}
[2025-07-02T20:12:27.459Z] [INFO] Script completed successfully: successor_identification.py {
  "duration": "16379ms",
  "exitCode": 0,
  "attempt": 1
}
[2025-07-02T20:12:27.460Z] [DEBUG] [successor_identification.py OUTPUT] Refreshed successor analysis for {'status': 'completed', 'total_processed': 0, 'total_errors': 6, 'duration_seconds': 3.2762908935546875, 'processing_rate': 0.0} employees across all databases

[2025-07-02T20:12:27.460Z] [WARN] [successor_identification.py STDERR] 2025-07-02 15:12:14,880 - INFO - ================================================================================
2025-07-02 15:12:14,881 - INFO - Successor Identification System starting up...
2025-07-02 15:12:14,881 - INFO - Python version: 3.13.5 (main, Jun 11 2025, 15:36:57) [Clang 17.0.0 (clang-1700.0.13.3)]
2025-07-02 15:12:14,904 - INFO - Platform: macOS-15.5-arm64-arm-64bit-Mach-O
2025-07-02 15:12:14,904 - INFO - Process ID: 85307
2025-07-02 15:12:15,158 - INFO - [Memory] Initial memory usage | RSS: 395.03MB | VMS: 401888.38MB | CPU: 0.0% | GC Objects: 375,777
2025-07-02 15:12:15,164 - INFO - MongoDB URI loaded: mongodb+srv://simarjotsingh5244:NUMotMgntP7AcNrQ@cluster0.nen0dzs.mongodb.net/
2025-07-02 15:12:15,368 - INFO - [Memory] Application startup | RSS: 395.09MB | VMS: 401888.38MB | CPU: 0.0% | GC Objects: 375,796
2025-07-02 15:12:15,602 - INFO - [Memory] Before database connection | RSS: 395.14MB | VMS: 401888.38MB | CPU: 0.1% | GC Objects: 375,832
2025-07-02 15:12:15,602 - INFO - [Resource] Starting connect_db...
2025-07-02 15:12:15,818 - INFO - [Memory] Before connect_db | RSS: 395.17MB | VMS: 401888.38MB | CPU: 0.1% | GC Objects: 375,832
2025-07-02 15:12:15,818 - INFO - Connecting to MongoDB at mongodb+srv://simarjotsingh5244:NUMotMgntP7AcNrQ@cluster0.nen0dzs.mongodb.net/... (attempt 1/3)
2025-07-02 15:12:16,455 - INFO - MongoDB connection successful.
2025-07-02 15:12:16,513 - INFO - Found 6 databases: company_9jxwph8g, company_9txtcvbl, company_pyat1tbz, company_ry0iwbpw, org_sim_db, test
2025-07-02 15:12:16,662 - INFO - Added database company_9jxwph8g to active databases
2025-07-02 15:12:16,786 - INFO - Added database company_9txtcvbl to active databases
2025-07-02 15:12:16,910 - INFO - Added database company_pyat1tbz to active databases
2025-07-02 15:12:17,038 - INFO - Added database company_ry0iwbpw to active databases
2025-07-02 15:12:17,088 - INFO - Skipping database org_sim_db: No 'users' collection
2025-07-02 15:12:17,213 - INFO - Added database test to active databases
2025-07-02 15:12:17,213 - INFO - Active databases for processing: 5
2025-07-02 15:12:17,443 - INFO - [Memory] After connect_db (1.40s) | RSS: 402.53MB | VMS: 402038.14MB | CPU: 0.2% | GC Objects: 381,506
2025-07-02 15:12:17,666 - INFO - [Memory] After database connection | RSS: 402.55MB | VMS: 402038.14MB | CPU: 0.0% | GC Objects: 381,494
2025-07-02 15:12:17,889 - INFO - [Memory] Before model loading | RSS: 402.59MB | VMS: 402038.14MB | CPU: 0.0% | GC Objects: 381,494
2025-07-02 15:12:17,889 - INFO - [Resource] Starting load_model...
2025-07-02 15:12:18,112 - INFO - [Memory] Before load_model | RSS: 405.31MB | VMS: 402038.14MB | CPU: 0.1% | GC Objects: 381,494
2025-07-02 15:12:18,112 - INFO - Loading sentence transformer model...
2025-07-02 15:12:18,335 - INFO - [Memory] Before model loading | RSS: 405.31MB | VMS: 402038.14MB | CPU: 0.2% | GC Objects: 381,494
2025-07-02 15:12:18,355 - INFO - Use pytorch device_name: mps
2025-07-02 15:12:18,355 - INFO - Load pretrained SentenceTransformer: all-MiniLM-L6-v2
2025-07-02 15:12:21,326 - INFO - [Memory] After model loading (2.98s) | RSS: 449.48MB | VMS: 403376.52MB | CPU: 0.3% | GC Objects: 398,200
2025-07-02 15:12:21,649 - INFO - [Memory] After GC | RSS: 449.5MB | VMS: 403376.52MB | CPU: 0.1% | GC Objects: 398,200
2025-07-02 15:12:21,877 - INFO - [Memory] After load_model (3.54s) | RSS: 452.22MB | VMS: 403376.52MB | CPU: 0.2% | GC Objects: 398,200
2025-07-02 15:12:22,102 - INFO - [Memory] After model loading | RSS: 452.22MB | VMS: 403376.52MB | CPU: 0.2% | GC Objects: 398,200
2025-07-02 15:12:22,103 - INFO - [Resource] Starting refresh_successor_analysis...
2025-07-02 15:12:22,328 - INFO - [Memory] Before refresh_successor_analysis | RSS: 452.27MB | VMS: 403376.5MB | CPU: 0.3% | GC Objects: 398,200
2025-07-02 15:12:22,551 - INFO - [Memory] Starting refresh_successor_analysis | RSS: 452.27MB | VMS: 403376.5MB | CPU: 0.1% | GC Objects: 398,200
2025-07-02 15:12:22,612 - INFO - Found 6 databases: company_9jxwph8g, company_9txtcvbl, company_pyat1tbz, company_ry0iwbpw, org_sim_db, test
2025-07-02 15:12:22,660 - INFO - Skipping database org_sim_db: No 'users' collection
2025-07-02 15:12:22,660 - INFO - Active databases for processing: 5
2025-07-02 15:12:22,660 - INFO - Processing successor analysis in company_9jxwph8g database...
2025-07-02 15:12:22,910 - INFO - [Memory] Starting processing database: company_9jxwph8g | RSS: 452.28MB | VMS: 403376.5MB | CPU: 0.1% | GC Objects: 398,202
2025-07-02 15:12:22,963 - INFO - Processing 3 employees in database: company_9jxwph8g
2025-07-02 15:12:23,113 - ERROR - Error processing user a@testing2.com: name 'process_single_document' is not defined
Traceback (most recent call last):
  File "/Users/sim/TestingPig/successor_identification.py", line 412, in refresh_successor_analysis
    process_single_document(email, db_name)
    ^^^^^^^^^^^^^^^^^^^^^^^
NameError: name 'process_single_document' is not defined
2025-07-02 15:12:23,353 - INFO - [Memory] Error processing user a@testing2.com | RSS: 453.06MB | VMS: 403370.5MB | CPU: 0.5% | GC Objects: 398,392
2025-07-02 15:12:23,354 - ERROR - Error processing user user1@testing2.com: name 'process_single_document' is not defined
Traceback (most recent call last):
  File "/Users/sim/TestingPig/successor_identification.py", line 412, in refresh_successor_analysis
    process_single_document(email, db_name)
    ^^^^^^^^^^^^^^^^^^^^^^^
NameError: name 'process_single_document' is not defined
2025-07-02 15:12:23,578 - INFO - [Memory] Error processing user user1@testing2.com | RSS: 453.09MB | VMS: 403370.5MB | CPU: 0.0% | GC Objects: 398,331
2025-07-02 15:12:23,578 - ERROR - Error processing user a@testing32.com: name 'process_single_document' is not defined
Traceback (most recent call last):
  File "/Users/sim/TestingPig/successor_identification.py", line 412, in refresh_successor_analysis
    process_single_document(email, db_name)
    ^^^^^^^^^^^^^^^^^^^^^^^
NameError: name 'process_single_document' is not defined
2025-07-02 15:12:23,801 - INFO - [Memory] Error processing user a@testing32.com | RSS: 453.09MB | VMS: 403370.5MB | CPU: 0.2% | GC Objects: 398,278
2025-07-02 15:12:23,801 - INFO - Completed processing 0 employees in company_9jxwph8g in 0.8 seconds
2025-07-02 15:12:23,801 - INFO - Processing successor analysis in company_9txtcvbl database...
2025-07-02 15:12:24,040 - INFO - [Memory] Starting processing database: company_9txtcvbl | RSS: 453.09MB | VMS: 403370.5MB | CPU: 0.1% | GC Objects: 398,272
2025-07-02 15:12:24,088 - INFO - Processing 0 employees in database: company_9txtcvbl
2025-07-02 15:12:24,137 - INFO - Completed processing 0 employees in company_9txtcvbl in 0.0 seconds
2025-07-02 15:12:24,137 - INFO - Processing successor analysis in company_pyat1tbz database...
2025-07-02 15:12:24,375 - INFO - [Memory] Starting processing database: company_pyat1tbz | RSS: 453.09MB | VMS: 403370.5MB | CPU: 0.3% | GC Objects: 398,272
2025-07-02 15:12:24,427 - INFO - Processing 1 employees in database: company_pyat1tbz
2025-07-02 15:12:24,477 - ERROR - Error processing user kanthony010@gmail.com: name 'process_single_document' is not defined
Traceback (most recent call last):
  File "/Users/sim/TestingPig/successor_identification.py", line 412, in refresh_successor_analysis
    process_single_document(email, db_name)
    ^^^^^^^^^^^^^^^^^^^^^^^
NameError: name 'process_single_document' is not defined
2025-07-02 15:12:24,709 - INFO - [Memory] Error processing user kanthony010@gmail.com | RSS: 453.09MB | VMS: 403370.5MB | CPU: 0.1% | GC Objects: 398,227
2025-07-02 15:12:24,709 - INFO - Completed processing 0 employees in company_pyat1tbz in 0.3 seconds
2025-07-02 15:12:24,709 - INFO - Processing successor analysis in company_ry0iwbpw database...
2025-07-02 15:12:24,934 - INFO - [Memory] Starting processing database: company_ry0iwbpw | RSS: 453.09MB | VMS: 403370.5MB | CPU: 0.0% | GC Objects: 398,221
2025-07-02 15:12:24,983 - INFO - Processing 2 employees in database: company_ry0iwbpw
2025-07-02 15:12:25,034 - ERROR - Error processing user user1@testingdemo.com: name 'process_single_document' is not defined
Traceback (most recent call last):
  File "/Users/sim/TestingPig/successor_identification.py", line 412, in refresh_successor_analysis
    process_single_document(email, db_name)
    ^^^^^^^^^^^^^^^^^^^^^^^
NameError: name 'process_single_document' is not defined
2025-07-02 15:12:25,275 - INFO - [Memory] Error processing user user1@testingdemo.com | RSS: 453.09MB | VMS: 403370.5MB | CPU: 0.1% | GC Objects: 398,243
2025-07-02 15:12:25,275 - ERROR - Error processing user user2@testingdemo.com: name 'process_single_document' is not defined
Traceback (most recent call last):
  File "/Users/sim/TestingPig/successor_identification.py", line 412, in refresh_successor_analysis
    process_single_document(email, db_name)
    ^^^^^^^^^^^^^^^^^^^^^^^
NameError: name 'process_single_document' is not defined
2025-07-02 15:12:25,510 - INFO - [Memory] Error processing user user2@testingdemo.com | RSS: 453.09MB | VMS: 403370.5MB | CPU: 0.0% | GC Objects: 398,228
2025-07-02 15:12:25,510 - INFO - Completed processing 0 employees in company_ry0iwbpw in 0.5 seconds
2025-07-02 15:12:25,510 - INFO - Processing successor analysis in test database...
2025-07-02 15:12:25,727 - INFO - [Memory] Starting processing database: test | RSS: 453.11MB | VMS: 403370.5MB | CPU: 0.1% | GC Objects: 398,222
2025-07-02 15:12:25,779 - INFO - Processing 0 employees in database: test
2025-07-02 15:12:25,828 - INFO - Completed processing 0 employees in test in 0.0 seconds
2025-07-02 15:12:25,828 - INFO - Completed refresh_successor_analysis in 3.3 seconds. Processed 0 employees with 6 errors.
2025-07-02 15:12:26,067 - INFO - [Memory] Completed refresh_successor_analysis | RSS: 453.11MB | VMS: 403370.5MB | CPU: 0.1% | GC Objects: 398,220
2025-07-02 15:12:26,293 - INFO - [Memory] After refresh_successor_analysis (3.74s) | RSS: 456.16MB | VMS: 403370.5MB | CPU: 1.1% | GC Objects: 398,201

[2025-07-02T20:12:27.460Z] [SUCCESS] ✅ [3/4] Successor Identification completed successfully in 16.4s {
  "script": "successor_identification.py",
  "duration": "16382ms",
  "attempts": 1,
  "startTime": "2025-07-02T20:12:11.079Z",
  "endTime": "2025-07-02T20:12:27.460Z"
}
[2025-07-02T20:12:27.460Z] [INFO] ⏳ Waiting 5s before next script...
[2025-07-02T20:12:32.462Z] [INFO] [RESOURCE] Memory: 4.36MB used, 5.06MB total, 35.44MB RSS | Load: 2.05, 1.91, 2.20
[2025-07-02T20:12:32.463Z] [WARN] [WARNING] High memory usage: 86.1% of heap used
[2025-07-02T20:12:32.463Z] [INFO] 
📋 [4/4] Starting script: Successor Finder {
  "script": "successor_finder.py",
  "args": "--refresh-all --batch-size=10 --verbose",
  "timeout": "3600s",
  "maxRetries": 2,
  "retryDelay": "10000ms"
}
[2025-07-02T20:12:32.464Z] [DEBUG] Executing script: successor_finder.py {
  "args": [
    "--refresh-all",
    "--batch-size=10",
    "--verbose"
  ],
  "pid": 85210,
  "cwd": "/Users/sim/TestingPig",
  "pythonPath": "python3",
  "timeout": 3600000,
  "maxRetries": 2
}
[2025-07-02T20:12:36.862Z] [INFO] Script completed successfully: successor_finder.py {
  "duration": "4398ms",
  "exitCode": 0,
  "attempt": 1
}
[2025-07-02T20:12:36.862Z] [WARN] [successor_finder.py STDERR] 2025-07-02 15:12:36,354 - INFO - Successor Finder starting up...
2025-07-02 15:12:36,356 - INFO - MongoDB URI loaded: mongodb+srv://simarjotsingh5244:NUMotMgntP7AcNrQ@cluster0.nen0dzs.mongodb.net/

[2025-07-02T20:12:36.863Z] [SUCCESS] ✅ [4/4] Successor Finder completed successfully in 4.4s {
  "script": "successor_finder.py",
  "duration": "4400ms",
  "attempts": 1,
  "startTime": "2025-07-02T20:12:32.464Z",
  "endTime": "2025-07-02T20:12:36.863Z"
}
[2025-07-02T20:12:36.863Z] [INFO] ⏳ Waiting 5s before next script...
[2025-07-02T20:12:41.863Z] [INFO] [RESOURCE] Memory: 4.67MB used, 5.31MB total, 35.66MB RSS | Load: 1.95, 1.90, 2.20
[2025-07-02T20:12:41.864Z] [WARN] [WARNING] High memory usage: 87.9% of heap used
[2025-07-02T20:12:41.865Z] [INFO] 
📊 ====== DATA UPDATE SUMMARY ======
[2025-07-02T20:12:41.865Z] [INFO] 📅 Started: 2025-07-02T20:11:36.637Z
[2025-07-02T20:12:41.866Z] [INFO] 🏁 Finished: 2025-07-02T20:12:41.865Z
[2025-07-02T20:12:41.866Z] [INFO] ⏱️  Total Duration: 1.1 minutes
[2025-07-02T20:12:41.866Z] [INFO] 📋 Scripts: 4 total, 4 successful, 0 failed
[2025-07-02T20:12:41.866Z] [INFO] 📈 Success Rate: 100.0%
[2025-07-02T20:12:41.866Z] [INFO] 
📋 SCRIPT EXECUTION STATUS:
[2025-07-02T20:12:41.873Z] [INFO] 
💾 SYSTEM RESOURCE USAGE:
[2025-07-02T20:12:41.873Z] [INFO] Memory: 4.77MB used / 5.31MB total
[2025-07-02T20:12:41.873Z] [INFO] RSS: 36.42MB
[2025-07-02T20:12:41.873Z] [INFO] Load: 1.95, 1.90, 2.20
[2025-07-02T20:12:41.873Z] [SUCCESS] 
🎉 ALL DATA UPDATES COMPLETED SUCCESSFULLY!
[2025-07-02T20:12:41.874Z] [FATAL] Fatal error during data updates: totalDuration is not defined {
  "error": "totalDuration is not defined",
  "stack": "ReferenceError: totalDuration is not defined\n    at runAllUpdates (/Users/sim/TestingPig/scripts/data-update-daemon.js:705:17)\n    at async runDaemon (/Users/sim/TestingPig/scripts/data-update-daemon.js:862:20)",
  "script": "successor_finder.py",
  "duration": "9.4s",
  "totalDuration": "65.2s"
}
[2025-07-02T20:12:41.874Z] [INFO] [RESOURCE] Memory: 4.80MB used, 5.31MB total, 36.61MB RSS | Load: 1.95, 1.90, 2.20
[2025-07-02T20:12:41.874Z] [WARN] [WARNING] High memory usage: 90.4% of heap used
[2025-07-02T20:12:41.874Z] [WARN] [WARNING] Critical memory usage - consider increasing Node.js memory limit
[2025-07-02T20:12:41.875Z] [WARN] Initial update completed with 0 failures
[2025-07-02T20:12:41.875Z] [INFO] Initial update completed. Next update in 1440 minutes.
[2025-07-02T20:53:10.583Z] [INFO] 🚀 Starting data update daemon... {
  "nodeVersion": "v20.19.3",
  "platform": "darwin",
  "arch": "arm64",
  "pid": 87425,
  "cwd": "/Users/sim/TestingPig",
  "system": {
    "cpus": 8,
    "memory": {
      "total": "16.00 GB",
      "free": "0.08 GB",
      "usage": "99.53%"
    },
    "load": [
      2.9990234375,
      3.349609375,
      3.33056640625
    ]
  },
  "env": "production"
}
[2025-07-02T20:53:10.590Z] [INFO] [RESOURCE] Memory: 4.26MB used, 4.56MB total, 37.31MB RSS | Load: 3.00, 3.35, 3.33
[2025-07-02T20:53:10.590Z] [WARN] [WARNING] High memory usage: 93.4% of heap used
[2025-07-02T20:53:10.590Z] [WARN] [WARNING] Critical memory usage - consider increasing Node.js memory limit
[2025-07-02T20:53:10.590Z] [INFO] Performing initial data update...
[2025-07-02T20:53:10.591Z] [INFO] 🚀 Starting scheduled data updates... {
  "system": {
    "platform": "darwin",
    "arch": "arm64",
    "node": "v20.19.3",
    "pid": 87425,
    "cpus": 8,
    "memory": {
      "total": "16.00 GB",
      "free": "0.08 GB",
      "usage": "99.52%"
    }
  },
  "totalScripts": 4,
  "logLevel": "INFO"
}
[2025-07-02T20:53:10.591Z] [INFO] 
📋 [1/4] Starting script: Employee Utilization Analysis {
  "script": "employee_utilization_analyzer.py",
  "args": "",
  "timeout": "1800s",
  "maxRetries": 2,
  "retryDelay": "10000ms"
}
[2025-07-02T20:53:10.592Z] [DEBUG] Executing script: employee_utilization_analyzer.py {
  "args": [],
  "pid": 87425,
  "cwd": "/Users/sim/TestingPig",
  "pythonPath": "python3",
  "timeout": 1800000,
  "maxRetries": 2
}
[2025-07-02T20:53:49.287Z] [INFO] Script completed successfully: employee_utilization_analyzer.py {
  "duration": "38696ms",
  "exitCode": 0,
  "attempt": 1
}
[2025-07-02T20:53:49.288Z] [INFO] [RESOURCE] Memory: 3.80MB used, 4.81MB total, 35.42MB RSS | Load: 2.52, 3.21, 3.28
[2025-07-02T20:53:49.288Z] [WARN] [WARNING] High memory usage: 79.0% of heap used
[2025-07-02T20:53:49.288Z] [WARN] [employee_utilization_analyzer.py STDERR] 2025-07-02 15:53:15,727 - INFO - Starting Attrition Score Analyzer (Multi-Database Version)...
2025-07-02 15:53:15,729 - INFO - MongoDB URI loaded: mongodb+srv://simarjotsingh5244:NUMotMgntP7AcNrQ@cluster0.nen0dzs.mongodb.net/
2025-07-02 15:53:15,729 - INFO - Employee Utilization Analyzer starting up...
2025-07-02 15:53:15,730 - INFO - MongoDB URI: mongodb+srv://simarjotsingh5244:NUMotMgntP7AcNrQ@cluster0.nen0dzs.mongodb.net/
2025-07-02 15:53:15,731 - INFO - Starting Employee Utilization Analyzer...
2025-07-02 15:53:15,732 - INFO - [MEMORY] Before MongoDB connection
2025-07-02 15:53:15,732 - INFO -   • RSS: 388.62 MB
2025-07-02 15:53:15,732 - INFO -   • VMS: 402330.45 MB
2025-07-02 15:53:15,734 - INFO -   • USS: 310.89 MB
2025-07-02 15:53:15,734 - INFO - [CPU] Before MongoDB connection
2025-07-02 15:53:15,839 - INFO -   • CPU %: 0.1%
2025-07-02 15:53:15,840 - INFO -   • Threads: 1
2025-07-02 15:53:15,840 - INFO -   • Open files: 0
2025-07-02 15:53:15,840 - INFO -   • Python allocated blocks: 1594330
2025-07-02 15:53:15,840 - INFO - [GC] Before MongoDB connection
2025-07-02 15:53:15,867 - WARNING - Could not get GC info: object of type 'function' has no len()
2025-07-02 15:53:15,867 - INFO - --------------------------------------------------------------------------------
2025-07-02 15:53:15,867 - INFO - Attempting MongoDB connection (attempt 1/3)
2025-07-02 15:53:16,781 - INFO - Successfully connected to MongoDB at mongodb+srv://simarjotsingh5244:NUMotMgntP7AcNrQ@cluster0.nen0dzs.mongodb.net/
2025-07-02 15:53:16,833 - INFO - MongoDB server version: 8.0.11
2025-07-02 15:53:16,834 - INFO - MongoDB connections: 64
2025-07-02 15:53:16,834 - INFO - [MEMORY] After MongoDB connection
2025-07-02 15:53:16,834 - INFO -   • RSS: 399.47 MB
2025-07-02 15:53:16,835 - INFO -   • VMS: 402446.22 MB
2025-07-02 15:53:16,839 - INFO -   • USS: 318.14 MB
2025-07-02 15:53:16,840 - INFO - [CPU] After MongoDB connection
2025-07-02 15:53:16,945 - INFO -   • CPU %: 0.3%
2025-07-02 15:53:16,945 - INFO -   • Threads: 8
2025-07-02 15:53:16,946 - INFO -   • Open files: 0
2025-07-02 15:53:16,946 - INFO -   • Python allocated blocks: 1615919
2025-07-02 15:53:16,947 - INFO - [GC] After MongoDB connection
2025-07-02 15:53:16,983 - WARNING - Could not get GC info: object of type 'Parameter' has no len()
2025-07-02 15:53:16,983 - INFO - --------------------------------------------------------------------------------
2025-07-02 15:53:16,985 - INFO - [RESOURCE] Database Connection
2025-07-02 15:53:16,985 - INFO -   • Duration: 1.2516 seconds
2025-07-02 15:53:16,985 - INFO -   • Memory (RSS): 388.62MB -> 402.16MB (Δ+13.53MB)
2025-07-02 15:53:16,985 - INFO -   • CPU Usage: 29.5% -> 6.6%
2025-07-02 15:53:16,985 - INFO -   • Tracemalloc - Current: 2.73MB, Peak: 5.88MB
2025-07-02 15:53:17,083 - INFO -   • GC Stats: [{'collections': 310, 'collected': 7562, 'uncollectable': 0}, {'collections': 28, 'collected': 714, 'uncollectable': 0}, {'collections': 3, 'collected': 500, 'uncollectable': 0}]
2025-07-02 15:53:17,083 - INFO - [MEMORY] Before model loading
2025-07-02 15:53:17,083 - INFO -   • RSS: 402.17 MB
2025-07-02 15:53:17,083 - INFO -   • VMS: 402446.22 MB
2025-07-02 15:53:17,086 - INFO -   • USS: 316.62 MB
2025-07-02 15:53:17,086 - INFO - [CPU] Before model loading
2025-07-02 15:53:17,190 - INFO -   • CPU %: 0.3%
2025-07-02 15:53:17,190 - INFO -   • Threads: 4
2025-07-02 15:53:17,190 - INFO -   • Open files: 0
2025-07-02 15:53:17,190 - INFO -   • Python allocated blocks: 1614130
2025-07-02 15:53:17,190 - INFO - [GC] Before model loading
2025-07-02 15:53:17,206 - INFO -   • Gen 0: 4 objects
2025-07-02 15:53:17,211 - WARNING - Could not get GC info: object of type 'Process' has no len()
2025-07-02 15:53:17,211 - INFO - --------------------------------------------------------------------------------
2025-07-02 15:53:17,211 - INFO - Loading model: all-MiniLM-L6-v2
2025-07-02 15:53:17,211 - INFO - Available memory before loading: 4422.88 MB
2025-07-02 15:53:17,242 - INFO - Use pytorch device_name: mps
2025-07-02 15:53:17,242 - INFO - Load pretrained SentenceTransformer: all-MiniLM-L6-v2
2025-07-02 15:53:20,500 - INFO - Use pytorch device_name: mps
2025-07-02 15:53:20,500 - INFO - Load pretrained SentenceTransformer: all-MiniLM-L6-v2
2025-07-02 15:53:21,672 - INFO - Model loaded in 4.46 seconds
2025-07-02 15:53:21,672 - INFO - Pre-computing benchmark task embeddings...
2025-07-02 15:53:21,680 - INFO - [RESOURCE] Model Loading
2025-07-02 15:53:21,680 - INFO -   • Duration: 4.5890 seconds
2025-07-02 15:53:21,680 - INFO -   • Memory (RSS): 402.17MB -> 428.38MB (Δ+26.20MB)
2025-07-02 15:53:21,680 - INFO -   • CPU Usage: 24.1% -> 23.6%
2025-07-02 15:53:21,680 - INFO -   • Tracemalloc - Current: 10.90MB, Peak: 15.87MB
2025-07-02 15:53:21,814 - INFO -   • GC Stats: [{'collections': 323, 'collected': 9454, 'uncollectable': 0}, {'collections': 29, 'collected': 714, 'uncollectable': 0}, {'collections': 4, 'collected': 4214, 'uncollectable': 0}]
2025-07-02 15:53:21,814 - INFO - [MEMORY] Before MongoDB connection
2025-07-02 15:53:21,814 - INFO -   • RSS: 431.36 MB
2025-07-02 15:53:21,814 - INFO -   • VMS: 403680.14 MB
2025-07-02 15:53:21,816 - INFO -   • USS: 317.92 MB
2025-07-02 15:53:21,816 - INFO - [CPU] Before MongoDB connection
2025-07-02 15:53:21,917 - INFO -   • CPU %: 0.1%
2025-07-02 15:53:21,917 - INFO -   • Threads: 4
2025-07-02 15:53:21,917 - INFO -   • Open files: 2
2025-07-02 15:53:21,917 - INFO -   • Python allocated blocks: 1665905
2025-07-02 15:53:21,917 - INFO - [GC] Before MongoDB connection
2025-07-02 15:53:21,936 - INFO -   • Gen 0: 4 objects
2025-07-02 15:53:21,939 - WARNING - Could not get GC info: object of type 'Process' has no len()
2025-07-02 15:53:21,939 - INFO - --------------------------------------------------------------------------------
2025-07-02 15:53:21,939 - INFO - Attempting MongoDB connection (attempt 1/3)
2025-07-02 15:53:22,483 - INFO - Successfully connected to MongoDB at mongodb+srv://simarjotsingh5244:NUMotMgntP7AcNrQ@cluster0.nen0dzs.mongodb.net/
2025-07-02 15:53:22,535 - INFO - MongoDB server version: 8.0.11
2025-07-02 15:53:22,535 - INFO - MongoDB connections: 65
2025-07-02 15:53:22,536 - INFO - [MEMORY] After MongoDB connection
2025-07-02 15:53:22,536 - INFO -   • RSS: 433.33 MB
2025-07-02 15:53:22,536 - INFO -   • VMS: 403792.58 MB
2025-07-02 15:53:22,541 - INFO -   • USS: 319.08 MB
2025-07-02 15:53:22,541 - INFO - [CPU] After MongoDB connection
2025-07-02 15:53:22,646 - INFO -   • CPU %: 0.1%
2025-07-02 15:53:22,646 - INFO -   • Threads: 11
2025-07-02 15:53:22,647 - INFO -   • Open files: 2
2025-07-02 15:53:22,647 - INFO -   • Python allocated blocks: 1667255
2025-07-02 15:53:22,647 - INFO - [GC] After MongoDB connection
2025-07-02 15:53:22,679 - INFO -   • Gen 0: 4 objects
2025-07-02 15:53:22,685 - WARNING - Could not get GC info: object of type 'MongoClient' has no len()
2025-07-02 15:53:22,686 - INFO - --------------------------------------------------------------------------------
2025-07-02 15:53:22,686 - INFO - [RESOURCE] Database Connection
2025-07-02 15:53:22,686 - INFO -   • Duration: 0.8722 seconds
2025-07-02 15:53:22,686 - INFO -   • Memory (RSS): 431.36MB -> 436.28MB (Δ+4.92MB)
2025-07-02 15:53:22,686 - INFO -   • CPU Usage: 33.0% -> 14.2%
2025-07-02 15:53:22,686 - INFO -   • Tracemalloc - Current: 0.15MB, Peak: 3.31MB
2025-07-02 15:53:22,794 - INFO -   • GC Stats: [{'collections': 323, 'collected': 9454, 'uncollectable': 0}, {'collections': 29, 'collected': 714, 'uncollectable': 0}, {'collections': 5, 'collected': 4224, 'uncollectable': 0}]
2025-07-02 15:53:22,795 - INFO - [MEMORY] Before model loading
2025-07-02 15:53:22,795 - INFO -   • RSS: 436.28 MB
2025-07-02 15:53:22,795 - INFO -   • VMS: 403788.58 MB
2025-07-02 15:53:22,797 - INFO -   • USS: 318.89 MB
2025-07-02 15:53:22,797 - INFO - [CPU] Before model loading
2025-07-02 15:53:22,902 - INFO -   • CPU %: 0.2%
2025-07-02 15:53:22,903 - INFO -   • Threads: 8
2025-07-02 15:53:22,903 - INFO -   • Open files: 2
2025-07-02 15:53:22,903 - INFO -   • Python allocated blocks: 1666640
2025-07-02 15:53:22,903 - INFO - [GC] Before model loading
2025-07-02 15:53:22,926 - INFO -   • Gen 0: 4 objects
2025-07-02 15:53:22,929 - WARNING - Could not get GC info: object of type 'Process' has no len()
2025-07-02 15:53:22,929 - INFO - --------------------------------------------------------------------------------
2025-07-02 15:53:22,929 - INFO - Loading model: all-MiniLM-L6-v2
2025-07-02 15:53:22,930 - INFO - Available memory before loading: 3547.84 MB
2025-07-02 15:53:22,930 - INFO - Use pytorch device_name: mps
2025-07-02 15:53:22,930 - INFO - Load pretrained SentenceTransformer: all-MiniLM-L6-v2
2025-07-02 15:53:24,087 - INFO - Use pytorch device_name: mps
2025-07-02 15:53:24,088 - INFO - Load pretrained SentenceTransformer: all-MiniLM-L6-v2
2025-07-02 15:53:25,246 - INFO - Model loaded in 2.32 seconds
2025-07-02 15:53:25,246 - INFO - Pre-computing benchmark task embeddings...
2025-07-02 15:53:25,247 - INFO - [RESOURCE] Model Loading
2025-07-02 15:53:25,247 - INFO -   • Duration: 2.4512 seconds
2025-07-02 15:53:25,247 - INFO -   • Memory (RSS): 436.28MB -> 452.30MB (Δ+16.02MB)
2025-07-02 15:53:25,247 - INFO -   • CPU Usage: 29.8% -> 17.6%
2025-07-02 15:53:25,247 - INFO -   • Tracemalloc - Current: 0.68MB, Peak: 5.65MB
2025-07-02 15:53:25,366 - INFO -   • GC Stats: [{'collections': 325, 'collected': 9474, 'uncollectable': 0}, {'collections': 29, 'collected': 714, 'uncollectable': 0}, {'collections': 6, 'collected': 7935, 'uncollectable': 0}]
2025-07-02 15:53:25,366 - INFO - [MEMORY] Before MongoDB connection
2025-07-02 15:53:25,366 - INFO -   • RSS: 452.30 MB
2025-07-02 15:53:25,366 - INFO -   • VMS: 403809.59 MB
2025-07-02 15:53:25,369 - INFO -   • USS: 320.94 MB
2025-07-02 15:53:25,369 - INFO - [CPU] Before MongoDB connection
2025-07-02 15:53:25,474 - INFO -   • CPU %: 0.1%
2025-07-02 15:53:25,474 - INFO -   • Threads: 3
2025-07-02 15:53:25,474 - INFO -   • Open files: 2
2025-07-02 15:53:25,474 - INFO -   • Python allocated blocks: 1666546
2025-07-02 15:53:25,474 - INFO - [GC] Before MongoDB connection
2025-07-02 15:53:25,491 - INFO -   • Gen 0: 4 objects
2025-07-02 15:53:25,494 - WARNING - Could not get GC info: object of type 'Process' has no len()
2025-07-02 15:53:25,494 - INFO - --------------------------------------------------------------------------------
2025-07-02 15:53:25,494 - INFO - Attempting MongoDB connection (attempt 1/3)
2025-07-02 15:53:26,061 - INFO - Successfully connected to MongoDB at mongodb+srv://simarjotsingh5244:NUMotMgntP7AcNrQ@cluster0.nen0dzs.mongodb.net/
2025-07-02 15:53:26,116 - INFO - MongoDB server version: 8.0.11
2025-07-02 15:53:26,116 - INFO - MongoDB connections: 66
2025-07-02 15:53:26,117 - INFO - [MEMORY] After MongoDB connection
2025-07-02 15:53:26,117 - INFO -   • RSS: 452.78 MB
2025-07-02 15:53:26,117 - INFO -   • VMS: 403922.03 MB
2025-07-02 15:53:26,122 - INFO -   • USS: 321.42 MB
2025-07-02 15:53:26,122 - INFO - [CPU] After MongoDB connection
2025-07-02 15:53:26,224 - INFO -   • CPU %: 0.6%
2025-07-02 15:53:26,225 - INFO -   • Threads: 10
2025-07-02 15:53:26,225 - INFO -   • Open files: 2
2025-07-02 15:53:26,226 - INFO -   • Python allocated blocks: 1667951
2025-07-02 15:53:26,226 - INFO - [GC] After MongoDB connection
2025-07-02 15:53:26,260 - INFO -   • Gen 0: 4 objects
2025-07-02 15:53:26,266 - WARNING - Could not get GC info: object of type 'MongoClient' has no len()
2025-07-02 15:53:26,266 - INFO - --------------------------------------------------------------------------------
2025-07-02 15:53:26,267 - INFO - [RESOURCE] Database Connection
2025-07-02 15:53:26,267 - INFO -   • Duration: 0.9001 seconds
2025-07-02 15:53:26,267 - INFO -   • Memory (RSS): 452.30MB -> 455.86MB (Δ+3.56MB)
2025-07-02 15:53:26,267 - INFO -   • CPU Usage: 23.5% -> 9.3%
2025-07-02 15:53:26,267 - INFO -   • Tracemalloc - Current: 0.15MB, Peak: 3.31MB
2025-07-02 15:53:26,368 - INFO -   • GC Stats: [{'collections': 325, 'collected': 9474, 'uncollectable': 0}, {'collections': 29, 'collected': 714, 'uncollectable': 0}, {'collections': 7, 'collected': 7945, 'uncollectable': 0}]
2025-07-02 15:53:26,438 - INFO - Found tenant DBs: ['company_9jxwph8g', 'company_9txtcvbl', 'company_pyat1tbz', 'company_ry0iwbpw', 'test']
2025-07-02 15:53:26,438 - INFO - Processing all documents in company_9jxwph8g.users...
2025-07-02 15:53:26,512 - INFO - Ensured users index in company_9jxwph8g
2025-07-02 15:53:26,513 - INFO - Starting to process documents in users...
2025-07-02 15:53:39,723 - INFO - Bulk update completed: 6 documents modified in users
2025-07-02 15:53:39,723 - INFO - Completed processing 3 documents
2025-07-02 15:53:39,723 - INFO - Processing all documents in company_9txtcvbl.users...
2025-07-02 15:53:39,815 - INFO - Ensured users index in company_9txtcvbl
2025-07-02 15:53:39,815 - INFO - Starting to process documents in users...
2025-07-02 15:53:39,863 - INFO - Completed processing 0 documents
2025-07-02 15:53:39,863 - INFO - Processing all documents in company_pyat1tbz.users...
2025-07-02 15:53:39,939 - INFO - Ensured users index in company_pyat1tbz
2025-07-02 15:53:39,939 - INFO - Starting to process documents in users...
2025-07-02 15:53:40,335 - INFO - Bulk update completed: 2 documents modified in users
2025-07-02 15:53:40,335 - INFO - Completed processing 1 documents
2025-07-02 15:53:40,335 - INFO - Processing all documents in company_ry0iwbpw.users...
2025-07-02 15:53:40,410 - INFO - Ensured users index in company_ry0iwbpw
2025-07-02 15:53:40,410 - INFO - Starting to process documents in users...
2025-07-02 15:53:45,910 - INFO - Bulk update completed: 6 documents modified in users
2025-07-02 15:53:45,910 - INFO - Completed processing 2 documents
2025-07-02 15:53:45,910 - INFO - Processing all documents in test.users...
2025-07-02 15:53:45,985 - INFO - Ensured users index in test
2025-07-02 15:53:45,985 - INFO - Starting to process documents in users...
2025-07-02 15:53:46,035 - INFO - Completed processing 0 documents
2025-07-02 15:53:46,035 - INFO - Processing completed. Exiting.

[2025-07-02T20:53:49.288Z] [SUCCESS] ✅ [1/4] Employee Utilization Analysis completed successfully in 38.7s {
  "script": "employee_utilization_analyzer.py",
  "duration": "38697ms",
  "attempts": 1,
  "startTime": "2025-07-02T20:53:10.591Z",
  "endTime": "2025-07-02T20:53:49.288Z"
}
[2025-07-02T20:53:49.289Z] [INFO] ⏳ Waiting 5s before next script...
[2025-07-02T20:53:54.293Z] [INFO] [RESOURCE] Memory: 4.03MB used, 5.06MB total, 35.91MB RSS | Load: 2.64, 3.22, 3.28
[2025-07-02T20:53:54.294Z] [WARN] [WARNING] High memory usage: 79.6% of heap used
[2025-07-02T20:53:54.295Z] [INFO] 
📋 [2/4] Starting script: Attrition Score Calculation {
  "script": "attrition_score.py",
  "args": "",
  "timeout": "3600s",
  "maxRetries": 2,
  "retryDelay": "15000ms"
}
[2025-07-02T20:53:54.296Z] [DEBUG] Executing script: attrition_score.py {
  "args": [],
  "pid": 87425,
  "cwd": "/Users/sim/TestingPig",
  "pythonPath": "python3",
  "timeout": 3600000,
  "maxRetries": 2
}
[2025-07-02T20:54:05.494Z] [INFO] Script completed successfully: attrition_score.py {
  "duration": "11199ms",
  "exitCode": 0,
  "attempt": 1
}
[2025-07-02T20:54:05.495Z] [WARN] [attrition_score.py STDERR] 2025-07-02 15:53:59,292 - INFO - Starting Attrition Score Analyzer (Multi-Database Version)...
2025-07-02 15:53:59,294 - INFO - MongoDB URI loaded: mongodb+srv://simarjotsingh5244:NUMotMgntP7AcNrQ@cluster0.nen0dzs.mongodb.net/
2025-07-02 15:53:59,295 - INFO - Starting Attrition Score Analyzer (Multi-Database Version)...
2025-07-02 15:53:59,295 - INFO - Connecting to MongoDB at mongodb+srv://simarjotsingh5244:NUMotMgntP7AcNrQ@cluster0.nen0dzs.mongodb.net/...
2025-07-02 15:53:59,900 - INFO - MongoDB connection successful.
2025-07-02 15:53:59,957 - INFO - Found 5 databases: company_9jxwph8g, company_9txtcvbl, company_pyat1tbz, company_ry0iwbpw, test
2025-07-02 15:54:00,086 - INFO - Added database company_9jxwph8g to active databases
2025-07-02 15:54:00,210 - INFO - Added database company_9txtcvbl to active databases
2025-07-02 15:54:00,336 - INFO - Added database company_pyat1tbz to active databases
2025-07-02 15:54:00,458 - INFO - Added database company_ry0iwbpw to active databases
2025-07-02 15:54:00,583 - INFO - Added database test to active databases
2025-07-02 15:54:00,583 - INFO - Active databases for processing: 5
2025-07-02 15:54:00,583 - INFO - Loading sentence transformer model...
2025-07-02 15:54:00,616 - INFO - Use pytorch device_name: mps
2025-07-02 15:54:00,616 - INFO - Load pretrained SentenceTransformer: all-MiniLM-L6-v2
2025-07-02 15:54:02,690 - INFO - Model loaded in 2.11 seconds
Batches:   0%|          | 0/1 [00:00<?, ?it/s]Batches: 100%|██████████| 1/1 [00:00<00:00,  5.39it/s]Batches: 100%|██████████| 1/1 [00:00<00:00,  5.37it/s]
2025-07-02 15:54:02,889 - INFO - Initialized role vector index with 11 items
Batches:   0%|          | 0/1 [00:00<?, ?it/s]Batches: 100%|██████████| 1/1 [00:00<00:00, 11.56it/s]
2025-07-02 15:54:02,977 - INFO - Initialized responsibility vector index with 3 items
2025-07-02 15:54:03,039 - INFO - Found 5 databases: company_9jxwph8g, company_9txtcvbl, company_pyat1tbz, company_ry0iwbpw, test
2025-07-02 15:54:03,039 - INFO - Active databases for processing: 5
2025-07-02 15:54:03,039 - INFO - Processing documents in company_9jxwph8g database...
2025-07-02 15:54:03,148 - INFO - Starting Attrition Score Analyzer (Multi-Database Version)...
2025-07-02 15:54:03,150 - INFO - MongoDB URI loaded: mongodb+srv://simarjotsingh5244:NUMotMgntP7AcNrQ@cluster0.nen0dzs.mongodb.net/
2025-07-02 15:54:03,204 - INFO - Processed 3/3 documents in company_9jxwph8g
2025-07-02 15:54:03,419 - INFO - Completed processing 3 documents in company_9jxwph8g
2025-07-02 15:54:03,419 - INFO - Processing documents in company_9txtcvbl database...
2025-07-02 15:54:03,469 - INFO - No documents found in company_9txtcvbl
2025-07-02 15:54:03,469 - INFO - Processing documents in company_pyat1tbz database...
2025-07-02 15:54:03,616 - INFO - Processed 1/1 documents in company_pyat1tbz
2025-07-02 15:54:03,745 - INFO - Completed processing 1 documents in company_pyat1tbz
2025-07-02 15:54:03,745 - INFO - Processing documents in company_ry0iwbpw database...
2025-07-02 15:54:03,904 - INFO - Processed 2/2 documents in company_ry0iwbpw
2025-07-02 15:54:04,027 - INFO - Completed processing 2 documents in company_ry0iwbpw
2025-07-02 15:54:04,027 - INFO - Processing documents in test database...
2025-07-02 15:54:04,075 - INFO - No documents found in test
2025-07-02 15:54:04,075 - INFO - Total documents processed across all databases: 6
2025-07-02 15:54:04,075 - INFO - Initial processing completed. Exiting.

[2025-07-02T20:54:05.495Z] [SUCCESS] ✅ [2/4] Attrition Score Calculation completed successfully in 11.2s {
  "script": "attrition_score.py",
  "duration": "11200ms",
  "attempts": 1,
  "startTime": "2025-07-02T20:53:54.295Z",
  "endTime": "2025-07-02T20:54:05.495Z"
}
[2025-07-02T20:54:05.495Z] [INFO] ⏳ Waiting 5s before next script...
[2025-07-02T20:54:10.498Z] [INFO] [RESOURCE] Memory: 4.22MB used, 5.06MB total, 33.75MB RSS | Load: 2.76, 3.22, 3.28
[2025-07-02T20:54:10.498Z] [WARN] [WARNING] High memory usage: 83.3% of heap used
[2025-07-02T20:54:10.498Z] [INFO] 
📋 [3/4] Starting script: Successor Identification {
  "script": "successor_identification.py",
  "args": "--refresh --batch-size=10",
  "timeout": "2700s",
  "maxRetries": 1,
  "retryDelay": "20000ms"
}
[2025-07-02T20:54:10.499Z] [DEBUG] Executing script: successor_identification.py {
  "args": [
    "--refresh",
    "--batch-size=10"
  ],
  "pid": 87425,
  "cwd": "/Users/sim/TestingPig",
  "pythonPath": "python3",
  "timeout": 2700000,
  "maxRetries": 1
}
[2025-07-02T20:54:28.730Z] [INFO] Script completed successfully: successor_identification.py {
  "duration": "18231ms",
  "exitCode": 0,
  "attempt": 1
}
[2025-07-02T20:54:28.731Z] [DEBUG] [successor_identification.py OUTPUT] Refreshed successor analysis for {'status': 'completed', 'total_processed': 6, 'total_errors': 0, 'duration_seconds': 3.053473711013794, 'processing_rate': 1.9649751620124216} employees across all databases

[2025-07-02T20:54:28.731Z] [WARN] [successor_identification.py STDERR] 2025-07-02 15:54:15,179 - INFO - ================================================================================
2025-07-02 15:54:15,180 - INFO - Successor Identification System starting up...
2025-07-02 15:54:15,180 - INFO - Python version: 3.13.5 (main, Jun 11 2025, 15:36:57) [Clang 17.0.0 (clang-1700.0.13.3)]
2025-07-02 15:54:15,211 - INFO - Platform: macOS-15.5-arm64-arm-64bit-Mach-O
2025-07-02 15:54:15,212 - INFO - Process ID: 87613
2025-07-02 15:54:15,636 - INFO - [Memory] Initial memory usage | RSS: 398.81MB | VMS: 402563.38MB | CPU: 0.1% | GC Objects: 375,776
2025-07-02 15:54:15,644 - INFO - MongoDB URI loaded: mongodb+srv://simarjotsingh5244:NUMotMgntP7AcNrQ@cluster0.nen0dzs.mongodb.net/
2025-07-02 15:54:15,879 - INFO - [Memory] Application startup | RSS: 398.84MB | VMS: 402563.38MB | CPU: 0.1% | GC Objects: 375,796
2025-07-02 15:54:16,108 - INFO - [Memory] Before database connection | RSS: 398.88MB | VMS: 402563.38MB | CPU: 0.1% | GC Objects: 375,832
2025-07-02 15:54:16,108 - INFO - [Resource] Starting connect_db...
2025-07-02 15:54:16,327 - INFO - [Memory] Before connect_db | RSS: 401.66MB | VMS: 402563.38MB | CPU: 0.1% | GC Objects: 375,832
2025-07-02 15:54:16,327 - INFO - Connecting to MongoDB at mongodb+srv://simarjotsingh5244:NUMotMgntP7AcNrQ@cluster0.nen0dzs.mongodb.net/... (attempt 1/3)
2025-07-02 15:54:17,106 - INFO - MongoDB connection successful.
2025-07-02 15:54:17,165 - INFO - Found 6 databases: company_9jxwph8g, company_9txtcvbl, company_pyat1tbz, company_ry0iwbpw, org_sim_db, test
2025-07-02 15:54:17,310 - INFO - Added database company_9jxwph8g to active databases
2025-07-02 15:54:17,438 - INFO - Added database company_9txtcvbl to active databases
2025-07-02 15:54:17,561 - INFO - Added database company_pyat1tbz to active databases
2025-07-02 15:54:17,682 - INFO - Added database company_ry0iwbpw to active databases
2025-07-02 15:54:17,732 - INFO - Skipping database org_sim_db: No 'users' collection
2025-07-02 15:54:17,871 - INFO - Added database test to active databases
2025-07-02 15:54:17,872 - INFO - Active databases for processing: 5
2025-07-02 15:54:18,117 - INFO - [Memory] After connect_db (1.55s) | RSS: 407.58MB | VMS: 402678.14MB | CPU: 0.3% | GC Objects: 381,506
2025-07-02 15:54:18,335 - INFO - [Memory] After database connection | RSS: 410.58MB | VMS: 402678.14MB | CPU: 0.0% | GC Objects: 381,494
2025-07-02 15:54:18,595 - INFO - [Memory] Before model loading | RSS: 410.58MB | VMS: 402678.14MB | CPU: 0.1% | GC Objects: 381,494
2025-07-02 15:54:18,595 - INFO - [Resource] Starting load_model...
2025-07-02 15:54:18,818 - INFO - [Memory] Before load_model | RSS: 413.02MB | VMS: 402678.14MB | CPU: 0.2% | GC Objects: 381,494
2025-07-02 15:54:18,818 - INFO - Loading sentence transformer model...
2025-07-02 15:54:19,039 - INFO - [Memory] Before model loading | RSS: 415.94MB | VMS: 402678.14MB | CPU: 0.3% | GC Objects: 381,494
2025-07-02 15:54:19,060 - INFO - Use pytorch device_name: mps
2025-07-02 15:54:19,060 - INFO - Load pretrained SentenceTransformer: all-MiniLM-L6-v2
2025-07-02 15:54:22,497 - INFO - [Memory] After model loading (3.37s) | RSS: 180.44MB | VMS: 403888.52MB | CPU: 0.1% | GC Objects: 398,200
2025-07-02 15:54:22,843 - INFO - [Memory] After GC | RSS: 366.69MB | VMS: 403888.52MB | CPU: 0.3% | GC Objects: 398,200
2025-07-02 15:54:23,080 - INFO - [Memory] After load_model (4.02s) | RSS: 370.02MB | VMS: 403888.52MB | CPU: 0.2% | GC Objects: 398,200
2025-07-02 15:54:23,327 - INFO - [Memory] After model loading | RSS: 370.14MB | VMS: 403888.5MB | CPU: 0.1% | GC Objects: 398,200
2025-07-02 15:54:23,327 - INFO - [Resource] Starting refresh_successor_analysis...
2025-07-02 15:54:23,715 - INFO - [Memory] Before refresh_successor_analysis | RSS: 376.81MB | VMS: 403888.5MB | CPU: 0.1% | GC Objects: 398,200
2025-07-02 15:54:23,945 - INFO - [Memory] Starting refresh_successor_analysis | RSS: 381.45MB | VMS: 403888.5MB | CPU: 0.1% | GC Objects: 398,200
2025-07-02 15:54:24,004 - INFO - Found 6 databases: company_9jxwph8g, company_9txtcvbl, company_pyat1tbz, company_ry0iwbpw, org_sim_db, test
2025-07-02 15:54:24,052 - INFO - Skipping database org_sim_db: No 'users' collection
2025-07-02 15:54:24,052 - INFO - Active databases for processing: 5
2025-07-02 15:54:24,052 - INFO - Processing successor analysis in company_9jxwph8g database...
2025-07-02 15:54:24,323 - INFO - [Memory] Starting processing database: company_9jxwph8g | RSS: 387.19MB | VMS: 403882.5MB | CPU: 0.1% | GC Objects: 398,202
2025-07-02 15:54:24,375 - INFO - Processing 3 employees in database: company_9jxwph8g
2025-07-02 15:54:24,577 - WARNING - Employee with email a@testing2.com not found in database company_9jxwph8g
2025-07-02 15:54:24,839 - INFO - [Memory] company_9jxwph8g: 1/3 (33.3%) - 5.0 docs/sec | RSS: 388.39MB | VMS: 403882.5MB | CPU: 0.2% | GC Objects: 398,307
2025-07-02 15:54:24,891 - WARNING - Employee with email user1@testing2.com not found in database company_9jxwph8g
2025-07-02 15:54:24,939 - WARNING - Employee with email a@testing32.com not found in database company_9jxwph8g
2025-07-02 15:54:24,939 - INFO - Completed processing 3 employees in company_9jxwph8g in 0.6 seconds
2025-07-02 15:54:24,940 - INFO - Processing successor analysis in company_9txtcvbl database...
2025-07-02 15:54:25,205 - INFO - [Memory] Starting processing database: company_9txtcvbl | RSS: 388.42MB | VMS: 403882.5MB | CPU: 0.1% | GC Objects: 398,237
2025-07-02 15:54:25,254 - INFO - Processing 0 employees in database: company_9txtcvbl
2025-07-02 15:54:25,302 - INFO - Completed processing 0 employees in company_9txtcvbl in 0.0 seconds
2025-07-02 15:54:25,303 - INFO - Processing successor analysis in company_pyat1tbz database...
2025-07-02 15:54:25,558 - INFO - [Memory] Starting processing database: company_pyat1tbz | RSS: 388.42MB | VMS: 403882.5MB | CPU: 0.3% | GC Objects: 398,237
2025-07-02 15:54:25,625 - INFO - Processing 1 employees in database: company_pyat1tbz
2025-07-02 15:54:25,724 - WARNING - Employee with email kanthony010@gmail.com not found in database company_pyat1tbz
2025-07-02 15:54:25,984 - INFO - [Memory] company_pyat1tbz: 1/1 (100.0%) - 10.0 docs/sec | RSS: 388.44MB | VMS: 403882.5MB | CPU: 0.8% | GC Objects: 398,219
2025-07-02 15:54:25,984 - INFO - Completed processing 1 employees in company_pyat1tbz in 0.4 seconds
2025-07-02 15:54:25,984 - INFO - Processing successor analysis in company_ry0iwbpw database...
2025-07-02 15:54:26,203 - INFO - [Memory] Starting processing database: company_ry0iwbpw | RSS: 389.06MB | VMS: 403882.5MB | CPU: 0.0% | GC Objects: 398,215
2025-07-02 15:54:26,251 - INFO - Processing 2 employees in database: company_ry0iwbpw
2025-07-02 15:54:26,350 - WARNING - Employee with email user1@testingdemo.com not found in database company_ry0iwbpw
2025-07-02 15:54:26,622 - INFO - [Memory] company_ry0iwbpw: 1/2 (50.0%) - 10.1 docs/sec | RSS: 389.11MB | VMS: 403882.5MB | CPU: 0.2% | GC Objects: 398,238
2025-07-02 15:54:26,674 - WARNING - Employee with email user2@testingdemo.com not found in database company_ry0iwbpw
2025-07-02 15:54:26,674 - INFO - Completed processing 2 employees in company_ry0iwbpw in 0.4 seconds
2025-07-02 15:54:26,674 - INFO - Processing successor analysis in test database...
2025-07-02 15:54:26,900 - INFO - [Memory] Starting processing database: test | RSS: 389.25MB | VMS: 403882.5MB | CPU: 0.1% | GC Objects: 398,216
2025-07-02 15:54:26,951 - INFO - Processing 0 employees in database: test
2025-07-02 15:54:26,999 - INFO - Completed processing 0 employees in test in 0.0 seconds
2025-07-02 15:54:26,999 - INFO - Completed refresh_successor_analysis in 3.1 seconds. Processed 6 employees with 0 errors.
2025-07-02 15:54:27,269 - INFO - [Memory] Completed refresh_successor_analysis | RSS: 389.47MB | VMS: 403882.5MB | CPU: 0.2% | GC Objects: 398,213
2025-07-02 15:54:27,497 - INFO - [Memory] After refresh_successor_analysis (3.55s) | RSS: 389.58MB | VMS: 403881.95MB | CPU: 0.5% | GC Objects: 398,201

[2025-07-02T20:54:28.731Z] [SUCCESS] ✅ [3/4] Successor Identification completed successfully in 18.2s {
  "script": "successor_identification.py",
  "duration": "18233ms",
  "attempts": 1,
  "startTime": "2025-07-02T20:54:10.499Z",
  "endTime": "2025-07-02T20:54:28.731Z"
}
[2025-07-02T20:54:28.731Z] [INFO] ⏳ Waiting 5s before next script...
[2025-07-02T20:54:33.733Z] [INFO] [RESOURCE] Memory: 4.45MB used, 5.06MB total, 33.89MB RSS | Load: 2.44, 3.12, 3.25
[2025-07-02T20:54:33.734Z] [WARN] [WARNING] High memory usage: 88.0% of heap used
[2025-07-02T20:54:33.735Z] [INFO] 
📋 [4/4] Starting script: Successor Finder {
  "script": "successor_finder.py",
  "args": "--refresh-all --batch-size=10 --verbose",
  "timeout": "3600s",
  "maxRetries": 2,
  "retryDelay": "10000ms"
}
[2025-07-02T20:54:33.736Z] [DEBUG] Executing script: successor_finder.py {
  "args": [
    "--refresh-all",
    "--batch-size=10",
    "--verbose"
  ],
  "pid": 87425,
  "cwd": "/Users/sim/TestingPig",
  "pythonPath": "python3",
  "timeout": 3600000,
  "maxRetries": 2
}
[2025-07-02T20:54:38.681Z] [INFO] Script completed successfully: successor_finder.py {
  "duration": "4946ms",
  "exitCode": 0,
  "attempt": 1
}
[2025-07-02T20:54:38.681Z] [WARN] [successor_finder.py STDERR] 2025-07-02 15:54:38,141 - INFO - Successor Finder starting up...
2025-07-02 15:54:38,143 - INFO - MongoDB URI loaded: mongodb+srv://simarjotsingh5244:NUMotMgntP7AcNrQ@cluster0.nen0dzs.mongodb.net/

[2025-07-02T20:54:38.681Z] [SUCCESS] ✅ [4/4] Successor Finder completed successfully in 4.9s {
  "script": "successor_finder.py",
  "duration": "4946ms",
  "attempts": 1,
  "startTime": "2025-07-02T20:54:33.735Z",
  "endTime": "2025-07-02T20:54:38.681Z"
}
[2025-07-02T20:54:38.681Z] [INFO] ⏳ Waiting 5s before next script...
[2025-07-02T20:54:43.683Z] [INFO] [RESOURCE] Memory: 4.08MB used, 5.31MB total, 34.63MB RSS | Load: 2.51, 3.12, 3.24
[2025-07-02T20:54:43.684Z] [WARN] [WARNING] High memory usage: 76.9% of heap used
[2025-07-02T20:54:43.685Z] [INFO] 
📊 ====== DATA UPDATE SUMMARY ======
[2025-07-02T20:54:43.685Z] [INFO] 📅 Started: 2025-07-02T20:53:10.591Z
[2025-07-02T20:54:43.686Z] [INFO] 🏁 Finished: 2025-07-02T20:54:43.684Z
[2025-07-02T20:54:43.686Z] [INFO] ⏱️  Total Duration: 1.6 minutes
[2025-07-02T20:54:43.686Z] [INFO] 📋 Scripts: 4 total, 4 successful, 0 failed
[2025-07-02T20:54:43.687Z] [INFO] 📈 Success Rate: 100.0%
[2025-07-02T20:54:43.687Z] [INFO] 
📋 SCRIPT EXECUTION STATUS:
[2025-07-02T20:54:43.695Z] [INFO] 
💾 SYSTEM RESOURCE USAGE:
[2025-07-02T20:54:43.696Z] [INFO] Memory: 4.19MB used / 5.31MB total
[2025-07-02T20:54:43.696Z] [INFO] RSS: 35.44MB
[2025-07-02T20:54:43.696Z] [INFO] Load: 2.51, 3.12, 3.24
[2025-07-02T20:54:43.697Z] [SUCCESS] 
🎉 ALL DATA UPDATES COMPLETED SUCCESSFULLY!
[2025-07-02T20:54:43.699Z] [FATAL] Fatal error during data updates: totalDuration is not defined {
  "error": "totalDuration is not defined",
  "stack": "ReferenceError: totalDuration is not defined\n    at runAllUpdates (/Users/sim/TestingPig/scripts/data-update-daemon.js:705:17)\n    at async runDaemon (/Users/sim/TestingPig/scripts/data-update-daemon.js:862:20)",
  "script": "successor_finder.py",
  "duration": "10.0s",
  "totalDuration": "93.1s"
}
[2025-07-02T20:54:43.699Z] [INFO] [RESOURCE] Memory: 4.22MB used, 5.31MB total, 35.78MB RSS | Load: 2.51, 3.12, 3.24
[2025-07-02T20:54:43.699Z] [WARN] [WARNING] High memory usage: 79.4% of heap used
[2025-07-02T20:54:43.699Z] [WARN] Initial update completed with 0 failures
[2025-07-02T20:54:43.700Z] [INFO] Initial update completed. Next update in 1440 minutes.
[2025-07-02T20:59:26.268Z] [INFO] 🚀 Starting data update daemon... {
  "nodeVersion": "v20.19.3",
  "platform": "darwin",
  "arch": "arm64",
  "pid": 88467,
  "cwd": "/Users/sim/TestingPig",
  "system": {
    "cpus": 8,
    "memory": {
      "total": "16.00 GB",
      "free": "0.06 GB",
      "usage": "99.60%"
    },
    "load": [
      1.9443359375,
      2.36962890625,
      2.85693359375
    ]
  },
  "env": "production"
}
[2025-07-02T20:59:26.276Z] [INFO] [RESOURCE] Memory: 4.26MB used, 4.56MB total, 37.09MB RSS | Load: 1.94, 2.37, 2.86
[2025-07-02T20:59:26.276Z] [WARN] [WARNING] High memory usage: 93.4% of heap used
[2025-07-02T20:59:26.276Z] [WARN] [WARNING] Critical memory usage - consider increasing Node.js memory limit
[2025-07-02T20:59:26.276Z] [INFO] Performing initial data update...
[2025-07-02T20:59:26.277Z] [INFO] 🚀 Starting scheduled data updates... {
  "system": {
    "platform": "darwin",
    "arch": "arm64",
    "node": "v20.19.3",
    "pid": 88467,
    "cpus": 8,
    "memory": {
      "total": "16.00 GB",
      "free": "0.07 GB",
      "usage": "99.59%"
    }
  },
  "totalScripts": 4,
  "logLevel": "INFO"
}
[2025-07-02T20:59:26.277Z] [INFO] 
📋 [1/4] Starting script: Employee Utilization Analysis {
  "script": "employee_utilization_analyzer.py",
  "args": "",
  "timeout": "1800s",
  "maxRetries": 2,
  "retryDelay": "10000ms"
}
[2025-07-02T20:59:26.278Z] [DEBUG] Executing script: employee_utilization_analyzer.py {
  "args": [],
  "pid": 88467,
  "cwd": "/Users/sim/TestingPig",
  "pythonPath": "python3",
  "timeout": 1800000,
  "maxRetries": 2
}
[2025-07-02T20:59:53.881Z] [INFO] Script completed successfully: employee_utilization_analyzer.py {
  "duration": "27604ms",
  "exitCode": 0,
  "attempt": 1
}
[2025-07-02T20:59:53.881Z] [WARN] [employee_utilization_analyzer.py STDERR] 2025-07-02 15:59:31,615 - INFO - Starting Attrition Score Analyzer (Multi-Database Version)...
2025-07-02 15:59:31,617 - INFO - MongoDB URI loaded: mongodb+srv://simarjotsingh5244:NUMotMgntP7AcNrQ@cluster0.nen0dzs.mongodb.net/
2025-07-02 15:59:31,617 - INFO - Employee Utilization Analyzer starting up...
2025-07-02 15:59:31,619 - INFO - MongoDB URI: mongodb+srv://simarjotsingh5244:NUMotMgntP7AcNrQ@cluster0.nen0dzs.mongodb.net/
2025-07-02 15:59:31,620 - INFO - Starting Employee Utilization Analyzer...
2025-07-02 15:59:31,620 - INFO - [MEMORY] Before MongoDB connection
2025-07-02 15:59:31,620 - INFO -   • RSS: 375.98 MB
2025-07-02 15:59:31,620 - INFO -   • VMS: 402578.45 MB
2025-07-02 15:59:31,623 - INFO -   • USS: 294.55 MB
2025-07-02 15:59:31,623 - INFO - [CPU] Before MongoDB connection
2025-07-02 15:59:31,728 - INFO -   • CPU %: 0.0%
2025-07-02 15:59:31,728 - INFO -   • Threads: 1
2025-07-02 15:59:31,728 - INFO -   • Open files: 0
2025-07-02 15:59:31,729 - INFO -   • Python allocated blocks: 1594226
2025-07-02 15:59:31,729 - INFO - [GC] Before MongoDB connection
2025-07-02 15:59:31,755 - WARNING - Could not get GC info: object of type 'function' has no len()
2025-07-02 15:59:31,755 - INFO - --------------------------------------------------------------------------------
2025-07-02 15:59:31,755 - INFO - Attempting MongoDB connection (attempt 1/3)
2025-07-02 15:59:32,672 - INFO - Successfully connected to MongoDB at mongodb+srv://simarjotsingh5244:NUMotMgntP7AcNrQ@cluster0.nen0dzs.mongodb.net/
2025-07-02 15:59:32,729 - INFO - MongoDB server version: 8.0.11
2025-07-02 15:59:32,729 - INFO - MongoDB connections: 63
2025-07-02 15:59:32,729 - INFO - [MEMORY] After MongoDB connection
2025-07-02 15:59:32,730 - INFO -   • RSS: 383.98 MB
2025-07-02 15:59:32,730 - INFO -   • VMS: 402694.22 MB
2025-07-02 15:59:32,734 - INFO -   • USS: 301.92 MB
2025-07-02 15:59:32,734 - INFO - [CPU] After MongoDB connection
2025-07-02 15:59:32,839 - INFO -   • CPU %: 0.4%
2025-07-02 15:59:32,839 - INFO -   • Threads: 8
2025-07-02 15:59:32,839 - INFO -   • Open files: 0
2025-07-02 15:59:32,840 - INFO -   • Python allocated blocks: 1615873
2025-07-02 15:59:32,840 - INFO - [GC] After MongoDB connection
2025-07-02 15:59:32,876 - WARNING - Could not get GC info: object of type 'Parameter' has no len()
2025-07-02 15:59:32,876 - INFO - --------------------------------------------------------------------------------
2025-07-02 15:59:32,879 - INFO - [RESOURCE] Database Connection
2025-07-02 15:59:32,879 - INFO -   • Duration: 1.2565 seconds
2025-07-02 15:59:32,879 - INFO -   • Memory (RSS): 375.98MB -> 386.98MB (Δ+11.00MB)
2025-07-02 15:59:32,879 - INFO -   • CPU Usage: 30.8% -> 8.4%
2025-07-02 15:59:32,879 - INFO -   • Tracemalloc - Current: 2.73MB, Peak: 5.88MB
2025-07-02 15:59:32,972 - INFO -   • GC Stats: [{'collections': 310, 'collected': 7564, 'uncollectable': 0}, {'collections': 28, 'collected': 712, 'uncollectable': 0}, {'collections': 3, 'collected': 500, 'uncollectable': 0}]
2025-07-02 15:59:32,973 - INFO - [MEMORY] Before model loading
2025-07-02 15:59:32,973 - INFO -   • RSS: 387.00 MB
2025-07-02 15:59:32,973 - INFO -   • VMS: 402694.22 MB
2025-07-02 15:59:32,975 - INFO -   • USS: 300.77 MB
2025-07-02 15:59:32,975 - INFO - [CPU] Before model loading
2025-07-02 15:59:33,081 - INFO -   • CPU %: 0.3%
2025-07-02 15:59:33,081 - INFO -   • Threads: 4
2025-07-02 15:59:33,081 - INFO -   • Open files: 0
2025-07-02 15:59:33,081 - INFO -   • Python allocated blocks: 1614071
2025-07-02 15:59:33,081 - INFO - [GC] Before model loading
2025-07-02 15:59:33,101 - INFO -   • Gen 0: 4 objects
2025-07-02 15:59:33,106 - WARNING - Could not get GC info: object of type 'Process' has no len()
2025-07-02 15:59:33,106 - INFO - --------------------------------------------------------------------------------
2025-07-02 15:59:33,106 - INFO - Loading model: all-MiniLM-L6-v2
2025-07-02 15:59:33,106 - INFO - Available memory before loading: 4388.03 MB
2025-07-02 15:59:33,135 - INFO - Use pytorch device_name: mps
2025-07-02 15:59:33,135 - INFO - Load pretrained SentenceTransformer: all-MiniLM-L6-v2
2025-07-02 15:59:36,635 - INFO - Use pytorch device_name: mps
2025-07-02 15:59:36,635 - INFO - Load pretrained SentenceTransformer: all-MiniLM-L6-v2
2025-07-02 15:59:37,921 - INFO - Model loaded in 4.81 seconds
2025-07-02 15:59:37,921 - INFO - Pre-computing benchmark task embeddings...
2025-07-02 15:59:38,020 - INFO - [RESOURCE] Model Loading
2025-07-02 15:59:38,020 - INFO -   • Duration: 4.9489 seconds
2025-07-02 15:59:38,020 - INFO -   • Memory (RSS): 387.00MB -> 360.33MB (Δ-26.67MB)
2025-07-02 15:59:38,021 - INFO -   • CPU Usage: 13.3% -> 24.6%
2025-07-02 15:59:38,021 - INFO -   • Tracemalloc - Current: 10.90MB, Peak: 15.87MB
2025-07-02 15:59:38,198 - INFO -   • GC Stats: [{'collections': 323, 'collected': 9456, 'uncollectable': 0}, {'collections': 29, 'collected': 712, 'uncollectable': 0}, {'collections': 4, 'collected': 4214, 'uncollectable': 0}]
2025-07-02 15:59:38,198 - INFO - [MEMORY] Before MongoDB connection
2025-07-02 15:59:38,198 - INFO -   • RSS: 416.58 MB
2025-07-02 15:59:38,199 - INFO -   • VMS: 403800.14 MB
2025-07-02 15:59:38,201 - INFO -   • USS: 299.86 MB
2025-07-02 15:59:38,201 - INFO - [CPU] Before MongoDB connection
2025-07-02 15:59:38,306 - INFO -   • CPU %: 0.1%
2025-07-02 15:59:38,306 - INFO -   • Threads: 4
2025-07-02 15:59:38,307 - INFO -   • Open files: 2
2025-07-02 15:59:38,307 - INFO -   • Python allocated blocks: 1665834
2025-07-02 15:59:38,307 - INFO - [GC] Before MongoDB connection
2025-07-02 15:59:38,331 - INFO -   • Gen 0: 4 objects
2025-07-02 15:59:38,334 - WARNING - Could not get GC info: object of type 'Process' has no len()
2025-07-02 15:59:38,335 - INFO - --------------------------------------------------------------------------------
2025-07-02 15:59:38,335 - INFO - Attempting MongoDB connection (attempt 1/3)
2025-07-02 15:59:38,914 - INFO - Successfully connected to MongoDB at mongodb+srv://simarjotsingh5244:NUMotMgntP7AcNrQ@cluster0.nen0dzs.mongodb.net/
2025-07-02 15:59:38,971 - INFO - MongoDB server version: 8.0.11
2025-07-02 15:59:38,971 - INFO - MongoDB connections: 64
2025-07-02 15:59:38,972 - INFO - [MEMORY] After MongoDB connection
2025-07-02 15:59:38,972 - INFO -   • RSS: 422.45 MB
2025-07-02 15:59:38,972 - INFO -   • VMS: 403912.58 MB
2025-07-02 15:59:38,980 - INFO -   • USS: 300.78 MB
2025-07-02 15:59:38,980 - INFO - [CPU] After MongoDB connection
2025-07-02 15:59:39,084 - INFO -   • CPU %: 0.6%
2025-07-02 15:59:39,084 - INFO -   • Threads: 11
2025-07-02 15:59:39,085 - INFO -   • Open files: 2
2025-07-02 15:59:39,085 - INFO -   • Python allocated blocks: 1667190
2025-07-02 15:59:39,086 - INFO - [GC] After MongoDB connection
2025-07-02 15:59:39,125 - INFO -   • Gen 0: 4 objects
2025-07-02 15:59:39,131 - WARNING - Could not get GC info: object of type 'MongoClient' has no len()
2025-07-02 15:59:39,131 - INFO - --------------------------------------------------------------------------------
2025-07-02 15:59:39,131 - INFO - [RESOURCE] Database Connection
2025-07-02 15:59:39,131 - INFO -   • Duration: 0.9327 seconds
2025-07-02 15:59:39,131 - INFO -   • Memory (RSS): 416.58MB -> 426.34MB (Δ+9.77MB)
2025-07-02 15:59:39,131 - INFO -   • CPU Usage: 62.8% -> 10.0%
2025-07-02 15:59:39,131 - INFO -   • Tracemalloc - Current: 0.15MB, Peak: 3.31MB
2025-07-02 15:59:39,237 - INFO -   • GC Stats: [{'collections': 323, 'collected': 9456, 'uncollectable': 0}, {'collections': 29, 'collected': 712, 'uncollectable': 0}, {'collections': 5, 'collected': 4224, 'uncollectable': 0}]
2025-07-02 15:59:39,238 - INFO - [MEMORY] Before model loading
2025-07-02 15:59:39,238 - INFO -   • RSS: 426.34 MB
2025-07-02 15:59:39,238 - INFO -   • VMS: 403906.58 MB
2025-07-02 15:59:39,240 - INFO -   • USS: 301.58 MB
2025-07-02 15:59:39,240 - INFO - [CPU] Before model loading
2025-07-02 15:59:39,346 - INFO -   • CPU %: 0.2%
2025-07-02 15:59:39,346 - INFO -   • Threads: 9
2025-07-02 15:59:39,346 - INFO -   • Open files: 2
2025-07-02 15:59:39,346 - INFO -   • Python allocated blocks: 1666587
2025-07-02 15:59:39,346 - INFO - [GC] Before model loading
2025-07-02 15:59:39,370 - INFO -   • Gen 0: 4 objects
2025-07-02 15:59:39,373 - WARNING - Could not get GC info: object of type 'Process' has no len()
2025-07-02 15:59:39,373 - INFO - --------------------------------------------------------------------------------
2025-07-02 15:59:39,373 - INFO - Loading model: all-MiniLM-L6-v2
2025-07-02 15:59:39,373 - INFO - Available memory before loading: 3534.03 MB
2025-07-02 15:59:39,374 - INFO - Use pytorch device_name: mps
2025-07-02 15:59:39,374 - INFO - Load pretrained SentenceTransformer: all-MiniLM-L6-v2
2025-07-02 15:59:40,705 - INFO - Use pytorch device_name: mps
2025-07-02 15:59:40,705 - INFO - Load pretrained SentenceTransformer: all-MiniLM-L6-v2
2025-07-02 15:59:41,875 - INFO - Model loaded in 2.50 seconds
2025-07-02 15:59:41,875 - INFO - Pre-computing benchmark task embeddings...
2025-07-02 15:59:41,877 - INFO - [RESOURCE] Model Loading
2025-07-02 15:59:41,877 - INFO -   • Duration: 2.6378 seconds
2025-07-02 15:59:41,877 - INFO -   • Memory (RSS): 426.34MB -> 443.28MB (Δ+16.94MB)
2025-07-02 15:59:41,877 - INFO -   • CPU Usage: 24.1% -> 14.5%
2025-07-02 15:59:41,877 - INFO -   • Tracemalloc - Current: 0.67MB, Peak: 5.64MB
2025-07-02 15:59:41,988 - INFO -   • GC Stats: [{'collections': 325, 'collected': 9476, 'uncollectable': 0}, {'collections': 29, 'collected': 712, 'uncollectable': 0}, {'collections': 6, 'collected': 7935, 'uncollectable': 0}]
2025-07-02 15:59:41,988 - INFO - [MEMORY] Before MongoDB connection
2025-07-02 15:59:41,988 - INFO -   • RSS: 443.28 MB
2025-07-02 15:59:41,988 - INFO -   • VMS: 403804.14 MB
2025-07-02 15:59:41,991 - INFO -   • USS: 304.27 MB
2025-07-02 15:59:41,991 - INFO - [CPU] Before MongoDB connection
2025-07-02 15:59:42,096 - INFO -   • CPU %: 0.1%
2025-07-02 15:59:42,096 - INFO -   • Threads: 4
2025-07-02 15:59:42,096 - INFO -   • Open files: 2
2025-07-02 15:59:42,097 - INFO -   • Python allocated blocks: 1666404
2025-07-02 15:59:42,097 - INFO - [GC] Before MongoDB connection
2025-07-02 15:59:42,119 - INFO -   • Gen 0: 4 objects
2025-07-02 15:59:42,123 - WARNING - Could not get GC info: object of type 'Process' has no len()
2025-07-02 15:59:42,123 - INFO - --------------------------------------------------------------------------------
2025-07-02 15:59:42,123 - INFO - Attempting MongoDB connection (attempt 1/3)
2025-07-02 15:59:42,727 - INFO - Successfully connected to MongoDB at mongodb+srv://simarjotsingh5244:NUMotMgntP7AcNrQ@cluster0.nen0dzs.mongodb.net/
2025-07-02 15:59:42,783 - INFO - MongoDB server version: 8.0.11
2025-07-02 15:59:42,783 - INFO - MongoDB connections: 65
2025-07-02 15:59:42,784 - INFO - [MEMORY] After MongoDB connection
2025-07-02 15:59:42,784 - INFO -   • RSS: 443.73 MB
2025-07-02 15:59:42,784 - INFO -   • VMS: 403916.58 MB
2025-07-02 15:59:42,787 - INFO -   • USS: 304.72 MB
2025-07-02 15:59:42,787 - INFO - [CPU] After MongoDB connection
2025-07-02 15:59:42,891 - INFO -   • CPU %: 0.6%
2025-07-02 15:59:42,892 - INFO -   • Threads: 11
2025-07-02 15:59:42,894 - INFO -   • Open files: 2
2025-07-02 15:59:42,895 - INFO -   • Python allocated blocks: 1667807
2025-07-02 15:59:42,895 - INFO - [GC] After MongoDB connection
2025-07-02 15:59:42,931 - INFO -   • Gen 0: 4 objects
2025-07-02 15:59:42,938 - WARNING - Could not get GC info: object of type 'MongoClient' has no len()
2025-07-02 15:59:42,938 - INFO - --------------------------------------------------------------------------------
2025-07-02 15:59:42,938 - INFO - [RESOURCE] Database Connection
2025-07-02 15:59:42,938 - INFO -   • Duration: 0.9498 seconds
2025-07-02 15:59:42,938 - INFO -   • Memory (RSS): 443.28MB -> 444.31MB (Δ+1.03MB)
2025-07-02 15:59:42,939 - INFO -   • CPU Usage: 22.8% -> 12.5%
2025-07-02 15:59:42,939 - INFO -   • Tracemalloc - Current: 0.15MB, Peak: 3.30MB
2025-07-02 15:59:43,042 - INFO -   • GC Stats: [{'collections': 325, 'collected': 9476, 'uncollectable': 0}, {'collections': 29, 'collected': 712, 'uncollectable': 0}, {'collections': 7, 'collected': 7945, 'uncollectable': 0}]
2025-07-02 15:59:43,104 - INFO - Found tenant DBs: ['company_9jxwph8g', 'company_9txtcvbl', 'company_pyat1tbz', 'company_ry0iwbpw', 'test']
2025-07-02 15:59:43,104 - INFO - Processing all documents in company_9jxwph8g.users...
2025-07-02 15:59:43,184 - INFO - Ensured users index in company_9jxwph8g
2025-07-02 15:59:43,184 - INFO - Starting to process documents in users...
2025-07-02 15:59:48,498 - INFO - Bulk update completed: 5 documents modified in users
2025-07-02 15:59:48,498 - INFO - Completed processing 3 documents
2025-07-02 15:59:48,498 - INFO - Processing all documents in company_9txtcvbl.users...
2025-07-02 15:59:48,581 - INFO - Ensured users index in company_9txtcvbl
2025-07-02 15:59:48,581 - INFO - Starting to process documents in users...
2025-07-02 15:59:48,634 - INFO - Completed processing 0 documents
2025-07-02 15:59:48,635 - INFO - Processing all documents in company_pyat1tbz.users...
2025-07-02 15:59:48,714 - INFO - Ensured users index in company_pyat1tbz
2025-07-02 15:59:48,715 - INFO - Starting to process documents in users...
2025-07-02 15:59:49,093 - INFO - Bulk update completed: 1 documents modified in users
2025-07-02 15:59:49,093 - INFO - Completed processing 1 documents
2025-07-02 15:59:49,093 - INFO - Processing all documents in company_ry0iwbpw.users...
2025-07-02 15:59:49,173 - INFO - Ensured users index in company_ry0iwbpw
2025-07-02 15:59:49,173 - INFO - Starting to process documents in users...
2025-07-02 15:59:50,525 - INFO - Bulk update completed: 2 documents modified in users
2025-07-02 15:59:50,525 - INFO - Completed processing 2 documents
2025-07-02 15:59:50,525 - INFO - Processing all documents in test.users...
2025-07-02 15:59:50,605 - INFO - Ensured users index in test
2025-07-02 15:59:50,605 - INFO - Starting to process documents in users...
2025-07-02 15:59:50,657 - INFO - Completed processing 0 documents
2025-07-02 15:59:50,657 - INFO - Processing completed. Exiting.

[2025-07-02T20:59:53.882Z] [SUCCESS] ✅ [1/4] Employee Utilization Analysis completed successfully in 27.6s {
  "script": "employee_utilization_analyzer.py",
  "duration": "27605ms",
  "attempts": 1,
  "startTime": "2025-07-02T20:59:26.277Z",
  "endTime": "2025-07-02T20:59:53.882Z"
}
[2025-07-02T20:59:53.882Z] [INFO] ⏳ Waiting 5s before next script...
[2025-07-02T20:59:58.884Z] [INFO] [RESOURCE] Memory: 4.03MB used, 5.06MB total, 35.94MB RSS | Load: 2.18, 2.39, 2.85
[2025-07-02T20:59:58.886Z] [WARN] [WARNING] High memory usage: 79.6% of heap used
[2025-07-02T20:59:58.887Z] [INFO] 
📋 [2/4] Starting script: Attrition Score Calculation {
  "script": "attrition_score.py",
  "args": "",
  "timeout": "3600s",
  "maxRetries": 2,
  "retryDelay": "15000ms"
}
[2025-07-02T20:59:58.888Z] [DEBUG] Executing script: attrition_score.py {
  "args": [],
  "pid": 88467,
  "cwd": "/Users/sim/TestingPig",
  "pythonPath": "python3",
  "timeout": 3600000,
  "maxRetries": 2
}
[2025-07-02T21:00:09.237Z] [INFO] Script completed successfully: attrition_score.py {
  "duration": "10350ms",
  "exitCode": 0,
  "attempt": 1
}
[2025-07-02T21:00:09.238Z] [WARN] [attrition_score.py STDERR] 2025-07-02 16:00:03,383 - INFO - Starting Attrition Score Analyzer (Multi-Database Version)...
2025-07-02 16:00:03,385 - INFO - MongoDB URI loaded: mongodb+srv://simarjotsingh5244:NUMotMgntP7AcNrQ@cluster0.nen0dzs.mongodb.net/
2025-07-02 16:00:03,386 - INFO - Starting Attrition Score Analyzer (Multi-Database Version)...
2025-07-02 16:00:03,386 - INFO - Connecting to MongoDB at mongodb+srv://simarjotsingh5244:NUMotMgntP7AcNrQ@cluster0.nen0dzs.mongodb.net/...
2025-07-02 16:00:03,995 - INFO - MongoDB connection successful.
2025-07-02 16:00:04,057 - INFO - Found 5 databases: company_9jxwph8g, company_9txtcvbl, company_pyat1tbz, company_ry0iwbpw, test
2025-07-02 16:00:04,191 - INFO - Added database company_9jxwph8g to active databases
2025-07-02 16:00:04,328 - INFO - Added database company_9txtcvbl to active databases
2025-07-02 16:00:04,467 - INFO - Added database company_pyat1tbz to active databases
2025-07-02 16:00:04,602 - INFO - Added database company_ry0iwbpw to active databases
2025-07-02 16:00:04,753 - INFO - Added database test to active databases
2025-07-02 16:00:04,753 - INFO - Active databases for processing: 5
2025-07-02 16:00:04,753 - INFO - Loading sentence transformer model...
2025-07-02 16:00:04,788 - INFO - Use pytorch device_name: mps
2025-07-02 16:00:04,788 - INFO - Load pretrained SentenceTransformer: all-MiniLM-L6-v2
2025-07-02 16:00:06,579 - INFO - Model loaded in 1.83 seconds
Batches:   0%|          | 0/1 [00:00<?, ?it/s]Batches: 100%|██████████| 1/1 [00:00<00:00,  5.40it/s]Batches: 100%|██████████| 1/1 [00:00<00:00,  5.39it/s]
2025-07-02 16:00:06,777 - INFO - Initialized role vector index with 11 items
Batches:   0%|          | 0/1 [00:00<?, ?it/s]Batches: 100%|██████████| 1/1 [00:00<00:00, 11.01it/s]
2025-07-02 16:00:06,870 - INFO - Initialized responsibility vector index with 3 items
2025-07-02 16:00:06,928 - INFO - Found 5 databases: company_9jxwph8g, company_9txtcvbl, company_pyat1tbz, company_ry0iwbpw, test
2025-07-02 16:00:06,928 - INFO - Active databases for processing: 5
2025-07-02 16:00:06,928 - INFO - Processing documents in company_9jxwph8g database...
2025-07-02 16:00:07,028 - INFO - Starting Attrition Score Analyzer (Multi-Database Version)...
2025-07-02 16:00:07,031 - INFO - MongoDB URI loaded: mongodb+srv://simarjotsingh5244:NUMotMgntP7AcNrQ@cluster0.nen0dzs.mongodb.net/
2025-07-02 16:00:07,086 - INFO - Processed 3/3 documents in company_9jxwph8g
2025-07-02 16:00:07,256 - INFO - Completed processing 3 documents in company_9jxwph8g
2025-07-02 16:00:07,256 - INFO - Processing documents in company_9txtcvbl database...
2025-07-02 16:00:07,304 - INFO - No documents found in company_9txtcvbl
2025-07-02 16:00:07,304 - INFO - Processing documents in company_pyat1tbz database...
2025-07-02 16:00:07,455 - INFO - Processed 1/1 documents in company_pyat1tbz
2025-07-02 16:00:07,582 - INFO - Completed processing 1 documents in company_pyat1tbz
2025-07-02 16:00:07,582 - INFO - Processing documents in company_ry0iwbpw database...
2025-07-02 16:00:07,731 - INFO - Processed 2/2 documents in company_ry0iwbpw
2025-07-02 16:00:07,852 - INFO - Completed processing 2 documents in company_ry0iwbpw
2025-07-02 16:00:07,852 - INFO - Processing documents in test database...
2025-07-02 16:00:07,901 - INFO - No documents found in test
2025-07-02 16:00:07,901 - INFO - Total documents processed across all databases: 6
2025-07-02 16:00:07,901 - INFO - Initial processing completed. Exiting.

[2025-07-02T21:00:09.238Z] [SUCCESS] ✅ [2/4] Attrition Score Calculation completed successfully in 10.4s {
  "script": "attrition_score.py",
  "duration": "10351ms",
  "attempts": 1,
  "startTime": "2025-07-02T20:59:58.887Z",
  "endTime": "2025-07-02T21:00:09.238Z"
}
[2025-07-02T21:00:09.238Z] [INFO] ⏳ Waiting 5s before next script...
[2025-07-02T21:00:14.240Z] [INFO] [RESOURCE] Memory: 4.22MB used, 5.06MB total, 36.17MB RSS | Load: 2.05, 2.36, 2.83
[2025-07-02T21:00:14.241Z] [WARN] [WARNING] High memory usage: 83.3% of heap used
[2025-07-02T21:00:14.242Z] [INFO] 
📋 [3/4] Starting script: Successor Identification {
  "script": "successor_identification.py",
  "args": "--refresh --batch-size=10",
  "timeout": "2700s",
  "maxRetries": 1,
  "retryDelay": "20000ms"
}
[2025-07-02T21:00:14.244Z] [DEBUG] Executing script: successor_identification.py {
  "args": [
    "--refresh",
    "--batch-size=10"
  ],
  "pid": 88467,
  "cwd": "/Users/sim/TestingPig",
  "pythonPath": "python3",
  "timeout": 2700000,
  "maxRetries": 1
}
[2025-07-02T21:00:30.827Z] [INFO] Script completed successfully: successor_identification.py {
  "duration": "16584ms",
  "exitCode": 0,
  "attempt": 1
}
[2025-07-02T21:00:30.827Z] [DEBUG] [successor_identification.py OUTPUT] Refreshed successor analysis for {'status': 'completed', 'total_processed': 6, 'total_errors': 0, 'duration_seconds': 3.1094107627868652, 'processing_rate': 1.929626047419477} employees across all databases

[2025-07-02T21:00:30.827Z] [WARN] [successor_identification.py STDERR] 2025-07-02 16:00:18,252 - INFO - ================================================================================
2025-07-02 16:00:18,253 - INFO - Successor Identification System starting up...
2025-07-02 16:00:18,253 - INFO - Python version: 3.13.5 (main, Jun 11 2025, 15:36:57) [Clang 17.0.0 (clang-1700.0.13.3)]
2025-07-02 16:00:18,283 - INFO - Platform: macOS-15.5-arm64-arm-64bit-Mach-O
2025-07-02 16:00:18,283 - INFO - Process ID: 88619
2025-07-02 16:00:18,543 - INFO - [Memory] Initial memory usage | RSS: 395.38MB | VMS: 402162.38MB | CPU: 0.0% | GC Objects: 375,777
2025-07-02 16:00:18,548 - INFO - MongoDB URI loaded: mongodb+srv://simarjotsingh5244:NUMotMgntP7AcNrQ@cluster0.nen0dzs.mongodb.net/
2025-07-02 16:00:18,756 - INFO - [Memory] Application startup | RSS: 398.39MB | VMS: 402162.38MB | CPU: 0.0% | GC Objects: 375,797
2025-07-02 16:00:18,966 - INFO - [Memory] Before database connection | RSS: 398.45MB | VMS: 402162.38MB | CPU: 0.0% | GC Objects: 375,833
2025-07-02 16:00:18,966 - INFO - [Resource] Starting connect_db...
2025-07-02 16:00:19,175 - INFO - [Memory] Before connect_db | RSS: 398.45MB | VMS: 402162.38MB | CPU: 0.1% | GC Objects: 375,833
2025-07-02 16:00:19,175 - INFO - Connecting to MongoDB at mongodb+srv://simarjotsingh5244:NUMotMgntP7AcNrQ@cluster0.nen0dzs.mongodb.net/... (attempt 1/3)
2025-07-02 16:00:19,867 - INFO - MongoDB connection successful.
2025-07-02 16:00:19,926 - INFO - Found 6 databases: company_9jxwph8g, company_9txtcvbl, company_pyat1tbz, company_ry0iwbpw, org_sim_db, test
2025-07-02 16:00:20,055 - INFO - Added database company_9jxwph8g to active databases
2025-07-02 16:00:20,191 - INFO - Added database company_9txtcvbl to active databases
2025-07-02 16:00:20,320 - INFO - Added database company_pyat1tbz to active databases
2025-07-02 16:00:20,447 - INFO - Added database company_ry0iwbpw to active databases
2025-07-02 16:00:20,499 - INFO - Skipping database org_sim_db: No 'users' collection
2025-07-02 16:00:20,626 - INFO - Added database test to active databases
2025-07-02 16:00:20,626 - INFO - Active databases for processing: 5
2025-07-02 16:00:20,861 - INFO - [Memory] After connect_db (1.45s) | RSS: 408.23MB | VMS: 402303.14MB | CPU: 0.2% | GC Objects: 381,507
2025-07-02 16:00:21,079 - INFO - [Memory] After database connection | RSS: 408.23MB | VMS: 402303.14MB | CPU: 0.1% | GC Objects: 381,495
2025-07-02 16:00:21,297 - INFO - [Memory] Before model loading | RSS: 408.23MB | VMS: 402303.14MB | CPU: 0.0% | GC Objects: 381,495
2025-07-02 16:00:21,297 - INFO - [Resource] Starting load_model...
2025-07-02 16:00:21,522 - INFO - [Memory] Before load_model | RSS: 408.23MB | VMS: 402303.14MB | CPU: 0.1% | GC Objects: 381,495
2025-07-02 16:00:21,522 - INFO - Loading sentence transformer model...
2025-07-02 16:00:21,742 - INFO - [Memory] Before model loading | RSS: 408.23MB | VMS: 402303.14MB | CPU: 0.2% | GC Objects: 381,495
2025-07-02 16:00:21,761 - INFO - Use pytorch device_name: mps
2025-07-02 16:00:21,762 - INFO - Load pretrained SentenceTransformer: all-MiniLM-L6-v2
2025-07-02 16:00:24,997 - INFO - [Memory] After model loading (3.19s) | RSS: 335.67MB | VMS: 403760.52MB | CPU: 0.2% | GC Objects: 398,201
2025-07-02 16:00:25,334 - INFO - [Memory] After GC | RSS: 356.38MB | VMS: 403760.52MB | CPU: 0.1% | GC Objects: 398,201
2025-07-02 16:00:25,559 - INFO - [Memory] After load_model (3.81s) | RSS: 359.52MB | VMS: 403760.52MB | CPU: 0.0% | GC Objects: 398,201
2025-07-02 16:00:25,781 - INFO - [Memory] After model loading | RSS: 362.61MB | VMS: 403760.5MB | CPU: 0.2% | GC Objects: 398,201
2025-07-02 16:00:25,782 - INFO - [Resource] Starting refresh_successor_analysis...
2025-07-02 16:00:26,010 - INFO - [Memory] Before refresh_successor_analysis | RSS: 363.61MB | VMS: 403760.5MB | CPU: 0.1% | GC Objects: 398,201
2025-07-02 16:00:26,242 - INFO - [Memory] Starting refresh_successor_analysis | RSS: 365.8MB | VMS: 403760.5MB | CPU: 0.2% | GC Objects: 398,201
2025-07-02 16:00:26,300 - INFO - Found 6 databases: company_9jxwph8g, company_9txtcvbl, company_pyat1tbz, company_ry0iwbpw, org_sim_db, test
2025-07-02 16:00:26,349 - INFO - Skipping database org_sim_db: No 'users' collection
2025-07-02 16:00:26,349 - INFO - Active databases for processing: 5
2025-07-02 16:00:26,349 - INFO - Processing successor analysis in company_9jxwph8g database...
2025-07-02 16:00:26,622 - INFO - [Memory] Starting processing database: company_9jxwph8g | RSS: 366.03MB | VMS: 403754.5MB | CPU: 0.1% | GC Objects: 398,203
2025-07-02 16:00:26,675 - INFO - Processing 3 employees in database: company_9jxwph8g
2025-07-02 16:00:26,878 - WARNING - Employee with email a@testing2.com not found in database company_9jxwph8g
2025-07-02 16:00:27,129 - INFO - [Memory] company_9jxwph8g: 1/3 (33.3%) - 4.9 docs/sec | RSS: 367.97MB | VMS: 403754.5MB | CPU: 0.1% | GC Objects: 398,308
2025-07-02 16:00:27,178 - WARNING - Employee with email user1@testing2.com not found in database company_9jxwph8g
2025-07-02 16:00:27,225 - WARNING - Employee with email a@testing32.com not found in database company_9jxwph8g
2025-07-02 16:00:27,226 - INFO - Completed processing 3 employees in company_9jxwph8g in 0.6 seconds
2025-07-02 16:00:27,226 - INFO - Processing successor analysis in company_9txtcvbl database...
2025-07-02 16:00:27,492 - INFO - [Memory] Starting processing database: company_9txtcvbl | RSS: 367.98MB | VMS: 403754.5MB | CPU: 0.1% | GC Objects: 398,238
2025-07-02 16:00:27,544 - INFO - Processing 0 employees in database: company_9txtcvbl
2025-07-02 16:00:27,592 - INFO - Completed processing 0 employees in company_9txtcvbl in 0.0 seconds
2025-07-02 16:00:27,592 - INFO - Processing successor analysis in company_pyat1tbz database...
2025-07-02 16:00:27,852 - INFO - [Memory] Starting processing database: company_pyat1tbz | RSS: 367.98MB | VMS: 403754.5MB | CPU: 0.3% | GC Objects: 398,238
2025-07-02 16:00:27,904 - INFO - Processing 1 employees in database: company_pyat1tbz
2025-07-02 16:00:28,014 - WARNING - Employee with email kanthony010@gmail.com not found in database company_pyat1tbz
2025-07-02 16:00:28,312 - INFO - [Memory] company_pyat1tbz: 1/1 (100.0%) - 9.1 docs/sec | RSS: 371.06MB | VMS: 403754.5MB | CPU: 0.1% | GC Objects: 398,220
2025-07-02 16:00:28,312 - INFO - Completed processing 1 employees in company_pyat1tbz in 0.4 seconds
2025-07-02 16:00:28,313 - INFO - Processing successor analysis in company_ry0iwbpw database...
2025-07-02 16:00:28,536 - INFO - [Memory] Starting processing database: company_ry0iwbpw | RSS: 373.02MB | VMS: 403754.5MB | CPU: 0.1% | GC Objects: 398,216
2025-07-02 16:00:28,589 - INFO - Processing 2 employees in database: company_ry0iwbpw
2025-07-02 16:00:28,687 - WARNING - Employee with email user1@testingdemo.com not found in database company_ry0iwbpw
2025-07-02 16:00:28,963 - INFO - [Memory] company_ry0iwbpw: 1/2 (50.0%) - 10.1 docs/sec | RSS: 373.06MB | VMS: 403754.5MB | CPU: 0.1% | GC Objects: 398,239
2025-07-02 16:00:29,015 - WARNING - Employee with email user2@testingdemo.com not found in database company_ry0iwbpw
2025-07-02 16:00:29,015 - INFO - Completed processing 2 employees in company_ry0iwbpw in 0.4 seconds
2025-07-02 16:00:29,016 - INFO - Processing successor analysis in test database...
2025-07-02 16:00:29,249 - INFO - [Memory] Starting processing database: test | RSS: 376.16MB | VMS: 403754.5MB | CPU: 0.2% | GC Objects: 398,217
2025-07-02 16:00:29,303 - INFO - Processing 0 employees in database: test
2025-07-02 16:00:29,351 - INFO - Completed processing 0 employees in test in 0.0 seconds
2025-07-02 16:00:29,351 - INFO - Completed refresh_successor_analysis in 3.1 seconds. Processed 6 employees with 0 errors.
2025-07-02 16:00:29,603 - INFO - [Memory] Completed refresh_successor_analysis | RSS: 363.11MB | VMS: 403754.5MB | CPU: 0.4% | GC Objects: 398,216
2025-07-02 16:00:29,830 - INFO - [Memory] After refresh_successor_analysis (3.59s) | RSS: 364.09MB | VMS: 403754.5MB | CPU: 0.1% | GC Objects: 398,192

[2025-07-02T21:00:30.827Z] [SUCCESS] ✅ [3/4] Successor Identification completed successfully in 16.6s {
  "script": "successor_identification.py",
  "duration": "16585ms",
  "attempts": 1,
  "startTime": "2025-07-02T21:00:14.242Z",
  "endTime": "2025-07-02T21:00:30.827Z"
}
[2025-07-02T21:00:30.828Z] [INFO] ⏳ Waiting 5s before next script...
[2025-07-02T21:00:35.829Z] [INFO] [RESOURCE] Memory: 4.45MB used, 5.06MB total, 34.41MB RSS | Load: 2.02, 2.33, 2.80
[2025-07-02T21:00:35.830Z] [WARN] [WARNING] High memory usage: 88.0% of heap used
[2025-07-02T21:00:35.830Z] [INFO] 
📋 [4/4] Starting script: Successor Finder {
  "script": "successor_finder.py",
  "args": "--refresh-all --batch-size=10 --verbose",
  "timeout": "3600s",
  "maxRetries": 2,
  "retryDelay": "10000ms"
}
[2025-07-02T21:00:35.831Z] [DEBUG] Executing script: successor_finder.py {
  "args": [
    "--refresh-all",
    "--batch-size=10",
    "--verbose"
  ],
  "pid": 88467,
  "cwd": "/Users/sim/TestingPig",
  "pythonPath": "python3",
  "timeout": 3600000,
  "maxRetries": 2
}
[2025-07-02T21:00:40.455Z] [INFO] Script completed successfully: successor_finder.py {
  "duration": "4624ms",
  "exitCode": 0,
  "attempt": 1
}
[2025-07-02T21:00:40.455Z] [WARN] [successor_finder.py STDERR] 2025-07-02 16:00:39,936 - INFO - Successor Finder starting up...
2025-07-02 16:00:39,938 - INFO - MongoDB URI loaded: mongodb+srv://simarjotsingh5244:NUMotMgntP7AcNrQ@cluster0.nen0dzs.mongodb.net/

[2025-07-02T21:00:40.456Z] [SUCCESS] ✅ [4/4] Successor Finder completed successfully in 4.6s {
  "script": "successor_finder.py",
  "duration": "4626ms",
  "attempts": 1,
  "startTime": "2025-07-02T21:00:35.831Z",
  "endTime": "2025-07-02T21:00:40.456Z"
}
[2025-07-02T21:00:40.456Z] [INFO] ⏳ Waiting 5s before next script...
[2025-07-02T21:00:45.458Z] [INFO] [RESOURCE] Memory: 4.08MB used, 5.31MB total, 34.69MB RSS | Load: 2.15, 2.35, 2.80
[2025-07-02T21:00:45.458Z] [WARN] [WARNING] High memory usage: 76.7% of heap used
[2025-07-02T21:00:45.459Z] [INFO] 
📊 ====== DATA UPDATE SUMMARY ======
[2025-07-02T21:00:45.460Z] [INFO] 📅 Started: 2025-07-02T20:59:26.277Z
[2025-07-02T21:00:45.460Z] [INFO] 🏁 Finished: 2025-07-02T21:00:45.459Z
[2025-07-02T21:00:45.460Z] [INFO] ⏱️  Total Duration: 1.3 minutes
[2025-07-02T21:00:45.460Z] [INFO] 📋 Scripts: 4 total, 4 successful, 0 failed
[2025-07-02T21:00:45.461Z] [INFO] 📈 Success Rate: 100.0%
[2025-07-02T21:00:45.461Z] [INFO] 
📋 SCRIPT EXECUTION STATUS:
[2025-07-02T21:00:45.471Z] [INFO] 
💾 SYSTEM RESOURCE USAGE:
[2025-07-02T21:00:45.472Z] [INFO] Memory: 4.18MB used / 5.31MB total
[2025-07-02T21:00:45.472Z] [INFO] RSS: 35.58MB
[2025-07-02T21:00:45.472Z] [INFO] Load: 2.15, 2.35, 2.80
[2025-07-02T21:00:45.473Z] [SUCCESS] 
🎉 ALL DATA UPDATES COMPLETED SUCCESSFULLY!
[2025-07-02T21:00:45.473Z] [INFO] [RESOURCE] Memory: 4.20MB used, 5.31MB total, 35.61MB RSS | Load: 2.15, 2.35, 2.80
[2025-07-02T21:00:45.473Z] [WARN] [WARNING] High memory usage: 79.1% of heap used
[2025-07-02T21:00:45.473Z] [INFO] Initial update completed. Next update in 1440 minutes.
[2025-07-02T21:03:58.225Z] [INFO] 🚀 Starting data update daemon... {
  "nodeVersion": "v20.19.3",
  "platform": "darwin",
  "arch": "arm64",
  "pid": 89312,
  "cwd": "/Users/sim/TestingPig",
  "system": {
    "cpus": 8,
    "memory": {
      "total": "16.00 GB",
      "free": "0.07 GB",
      "usage": "99.53%"
    },
    "load": [
      3.3720703125,
      2.716796875,
      2.85498046875
    ]
  },
  "env": "production"
}
[2025-07-02T21:03:58.232Z] [INFO] [RESOURCE] Memory: 4.26MB used, 4.56MB total, 37.05MB RSS | Load: 3.37, 2.72, 2.85
[2025-07-02T21:03:58.232Z] [WARN] [WARNING] High memory usage: 93.4% of heap used
[2025-07-02T21:03:58.232Z] [WARN] [WARNING] Critical memory usage - consider increasing Node.js memory limit
[2025-07-02T21:03:58.233Z] [INFO] Performing initial data update...
[2025-07-02T21:03:58.233Z] [INFO] 🚀 Starting scheduled data updates... {
  "system": {
    "platform": "darwin",
    "arch": "arm64",
    "node": "v20.19.3",
    "pid": 89312,
    "cpus": 8,
    "memory": {
      "total": "16.00 GB",
      "free": "0.07 GB",
      "usage": "99.55%"
    }
  },
  "totalScripts": 4,
  "logLevel": "INFO"
}
[2025-07-02T21:03:58.233Z] [INFO] 
📋 [1/4] Starting script: Employee Utilization Analysis {
  "script": "employee_utilization_analyzer.py",
  "args": "",
  "timeout": "1800s",
  "maxRetries": 2,
  "retryDelay": "10000ms"
}
[2025-07-02T21:03:58.234Z] [DEBUG] Executing script: employee_utilization_analyzer.py {
  "args": [],
  "pid": 89312,
  "cwd": "/Users/sim/TestingPig",
  "pythonPath": "python3",
  "timeout": 1800000,
  "maxRetries": 2
}
[2025-07-02T21:04:25.020Z] [INFO] Script completed successfully: employee_utilization_analyzer.py {
  "duration": "26786ms",
  "exitCode": 0,
  "attempt": 1
}
[2025-07-02T21:04:25.021Z] [WARN] [employee_utilization_analyzer.py STDERR] 2025-07-02 16:04:03,328 - INFO - Starting Attrition Score Analyzer (Multi-Database Version)...
2025-07-02 16:04:03,331 - INFO - MongoDB URI loaded: mongodb+srv://simarjotsingh5244:NUMotMgntP7AcNrQ@cluster0.nen0dzs.mongodb.net/
2025-07-02 16:04:03,331 - INFO - Employee Utilization Analyzer starting up...
2025-07-02 16:04:03,333 - INFO - MongoDB URI: mongodb+srv://simarjotsingh5244:NUMotMgntP7AcNrQ@cluster0.nen0dzs.mongodb.net/
2025-07-02 16:04:03,334 - INFO - Starting Employee Utilization Analyzer...
2025-07-02 16:04:03,335 - INFO - [MEMORY] Before MongoDB connection
2025-07-02 16:04:03,335 - INFO -   • RSS: 407.55 MB
2025-07-02 16:04:03,335 - INFO -   • VMS: 402450.45 MB
2025-07-02 16:04:03,337 - INFO -   • USS: 326.33 MB
2025-07-02 16:04:03,337 - INFO - [CPU] Before MongoDB connection
2025-07-02 16:04:03,439 - INFO -   • CPU %: 0.1%
2025-07-02 16:04:03,439 - INFO -   • Threads: 1
2025-07-02 16:04:03,439 - INFO -   • Open files: 0
2025-07-02 16:04:03,440 - INFO -   • Python allocated blocks: 1594214
2025-07-02 16:04:03,440 - INFO - [GC] Before MongoDB connection
2025-07-02 16:04:03,461 - WARNING - Could not get GC info: object of type 'function' has no len()
2025-07-02 16:04:03,461 - INFO - --------------------------------------------------------------------------------
2025-07-02 16:04:03,462 - INFO - Attempting MongoDB connection (attempt 1/3)
2025-07-02 16:04:04,351 - INFO - Successfully connected to MongoDB at mongodb+srv://simarjotsingh5244:NUMotMgntP7AcNrQ@cluster0.nen0dzs.mongodb.net/
2025-07-02 16:04:04,403 - INFO - MongoDB server version: 8.0.11
2025-07-02 16:04:04,403 - INFO - MongoDB connections: 63
2025-07-02 16:04:04,404 - INFO - [MEMORY] After MongoDB connection
2025-07-02 16:04:04,404 - INFO -   • RSS: 413.89 MB
2025-07-02 16:04:04,404 - INFO -   • VMS: 402567.22 MB
2025-07-02 16:04:04,408 - INFO -   • USS: 330.52 MB
2025-07-02 16:04:04,408 - INFO - [CPU] After MongoDB connection
2025-07-02 16:04:04,514 - INFO -   • CPU %: 0.5%
2025-07-02 16:04:04,515 - INFO -   • Threads: 8
2025-07-02 16:04:04,515 - INFO -   • Open files: 0
2025-07-02 16:04:04,516 - INFO -   • Python allocated blocks: 1615893
2025-07-02 16:04:04,516 - INFO - [GC] After MongoDB connection
2025-07-02 16:04:04,555 - WARNING - Could not get GC info: object of type 'Parameter' has no len()
2025-07-02 16:04:04,556 - INFO - --------------------------------------------------------------------------------
2025-07-02 16:04:04,558 - INFO - [RESOURCE] Database Connection
2025-07-02 16:04:04,558 - INFO -   • Duration: 1.2213 seconds
2025-07-02 16:04:04,558 - INFO -   • Memory (RSS): 407.55MB -> 416.91MB (Δ+9.36MB)
2025-07-02 16:04:04,558 - INFO -   • CPU Usage: 33.0% -> 22.5%
2025-07-02 16:04:04,558 - INFO -   • Tracemalloc - Current: 2.73MB, Peak: 5.89MB
2025-07-02 16:04:04,672 - INFO -   • GC Stats: [{'collections': 310, 'collected': 7562, 'uncollectable': 0}, {'collections': 28, 'collected': 714, 'uncollectable': 0}, {'collections': 3, 'collected': 500, 'uncollectable': 0}]
2025-07-02 16:04:04,672 - INFO - [MEMORY] Before model loading
2025-07-02 16:04:04,672 - INFO -   • RSS: 416.92 MB
2025-07-02 16:04:04,672 - INFO -   • VMS: 402567.22 MB
2025-07-02 16:04:04,675 - INFO -   • USS: 329.52 MB
2025-07-02 16:04:04,675 - INFO - [CPU] Before model loading
2025-07-02 16:04:04,780 - INFO -   • CPU %: 0.3%
2025-07-02 16:04:04,780 - INFO -   • Threads: 4
2025-07-02 16:04:04,780 - INFO -   • Open files: 0
2025-07-02 16:04:04,780 - INFO -   • Python allocated blocks: 1614093
2025-07-02 16:04:04,780 - INFO - [GC] Before model loading
2025-07-02 16:04:04,802 - INFO -   • Gen 0: 4 objects
2025-07-02 16:04:04,806 - WARNING - Could not get GC info: object of type 'Process' has no len()
2025-07-02 16:04:04,806 - INFO - --------------------------------------------------------------------------------
2025-07-02 16:04:04,806 - INFO - Loading model: all-MiniLM-L6-v2
2025-07-02 16:04:04,806 - INFO - Available memory before loading: 4271.22 MB
2025-07-02 16:04:04,831 - INFO - Use pytorch device_name: mps
2025-07-02 16:04:04,831 - INFO - Load pretrained SentenceTransformer: all-MiniLM-L6-v2
2025-07-02 16:04:08,350 - INFO - Use pytorch device_name: mps
2025-07-02 16:04:08,351 - INFO - Load pretrained SentenceTransformer: all-MiniLM-L6-v2
2025-07-02 16:04:09,633 - INFO - Model loaded in 4.83 seconds
2025-07-02 16:04:09,633 - INFO - Pre-computing benchmark task embeddings...
2025-07-02 16:04:09,640 - INFO - [RESOURCE] Model Loading
2025-07-02 16:04:09,640 - INFO -   • Duration: 4.9616 seconds
2025-07-02 16:04:09,640 - INFO -   • Memory (RSS): 416.92MB -> 356.67MB (Δ-60.25MB)
2025-07-02 16:04:09,640 - INFO -   • CPU Usage: 28.3% -> 23.7%
2025-07-02 16:04:09,640 - INFO -   • Tracemalloc - Current: 10.90MB, Peak: 15.87MB
2025-07-02 16:04:09,777 - INFO -   • GC Stats: [{'collections': 323, 'collected': 9454, 'uncollectable': 0}, {'collections': 29, 'collected': 714, 'uncollectable': 0}, {'collections': 4, 'collected': 4214, 'uncollectable': 0}]
2025-07-02 16:04:09,777 - INFO - [MEMORY] Before MongoDB connection
2025-07-02 16:04:09,777 - INFO -   • RSS: 422.69 MB
2025-07-02 16:04:09,777 - INFO -   • VMS: 403809.14 MB
2025-07-02 16:04:09,780 - INFO -   • USS: 312.38 MB
2025-07-02 16:04:09,780 - INFO - [CPU] Before MongoDB connection
2025-07-02 16:04:09,885 - INFO -   • CPU %: 0.0%
2025-07-02 16:04:09,885 - INFO -   • Threads: 4
2025-07-02 16:04:09,885 - INFO -   • Open files: 2
2025-07-02 16:04:09,886 - INFO -   • Python allocated blocks: 1665823
2025-07-02 16:04:09,886 - INFO - [GC] Before MongoDB connection
2025-07-02 16:04:09,906 - INFO -   • Gen 0: 4 objects
2025-07-02 16:04:09,912 - WARNING - Could not get GC info: object of type 'Process' has no len()
2025-07-02 16:04:09,912 - INFO - --------------------------------------------------------------------------------
2025-07-02 16:04:09,912 - INFO - Attempting MongoDB connection (attempt 1/3)
2025-07-02 16:04:10,499 - INFO - Successfully connected to MongoDB at mongodb+srv://simarjotsingh5244:NUMotMgntP7AcNrQ@cluster0.nen0dzs.mongodb.net/
2025-07-02 16:04:10,551 - INFO - MongoDB server version: 8.0.11
2025-07-02 16:04:10,551 - INFO - MongoDB connections: 64
2025-07-02 16:04:10,552 - INFO - [MEMORY] After MongoDB connection
2025-07-02 16:04:10,552 - INFO -   • RSS: 425.41 MB
2025-07-02 16:04:10,552 - INFO -   • VMS: 403921.58 MB
2025-07-02 16:04:10,559 - INFO -   • USS: 314.06 MB
2025-07-02 16:04:10,559 - INFO - [CPU] After MongoDB connection
2025-07-02 16:04:10,660 - INFO -   • CPU %: 0.6%
2025-07-02 16:04:10,660 - INFO -   • Threads: 11
2025-07-02 16:04:10,660 - INFO -   • Open files: 2
2025-07-02 16:04:10,661 - INFO -   • Python allocated blocks: 1667145
2025-07-02 16:04:10,661 - INFO - [GC] After MongoDB connection
2025-07-02 16:04:10,698 - INFO -   • Gen 0: 4 objects
2025-07-02 16:04:10,703 - WARNING - Could not get GC info: object of type 'MongoClient' has no len()
2025-07-02 16:04:10,704 - INFO - --------------------------------------------------------------------------------
2025-07-02 16:04:10,704 - INFO - [RESOURCE] Database Connection
2025-07-02 16:04:10,704 - INFO -   • Duration: 0.9266 seconds
2025-07-02 16:04:10,704 - INFO -   • Memory (RSS): 422.69MB -> 428.45MB (Δ+5.77MB)
2025-07-02 16:04:10,704 - INFO -   • CPU Usage: 28.9% -> 6.6%
2025-07-02 16:04:10,704 - INFO -   • Tracemalloc - Current: 0.15MB, Peak: 3.31MB
2025-07-02 16:04:10,806 - INFO -   • GC Stats: [{'collections': 323, 'collected': 9454, 'uncollectable': 0}, {'collections': 29, 'collected': 714, 'uncollectable': 0}, {'collections': 5, 'collected': 4224, 'uncollectable': 0}]
2025-07-02 16:04:10,807 - INFO - [MEMORY] Before model loading
2025-07-02 16:04:10,807 - INFO -   • RSS: 428.45 MB
2025-07-02 16:04:10,807 - INFO -   • VMS: 403921.58 MB
2025-07-02 16:04:10,809 - INFO -   • USS: 313.98 MB
2025-07-02 16:04:10,809 - INFO - [CPU] Before model loading
2025-07-02 16:04:10,914 - INFO -   • CPU %: 0.3%
2025-07-02 16:04:10,915 - INFO -   • Threads: 8
2025-07-02 16:04:10,915 - INFO -   • Open files: 2
2025-07-02 16:04:10,915 - INFO -   • Python allocated blocks: 1666526
2025-07-02 16:04:10,915 - INFO - [GC] Before model loading
2025-07-02 16:04:10,937 - INFO -   • Gen 0: 4 objects
2025-07-02 16:04:10,941 - WARNING - Could not get GC info: object of type 'Process' has no len()
2025-07-02 16:04:10,941 - INFO - --------------------------------------------------------------------------------
2025-07-02 16:04:10,941 - INFO - Loading model: all-MiniLM-L6-v2
2025-07-02 16:04:10,941 - INFO - Available memory before loading: 3457.77 MB
2025-07-02 16:04:10,942 - INFO - Use pytorch device_name: mps
2025-07-02 16:04:10,942 - INFO - Load pretrained SentenceTransformer: all-MiniLM-L6-v2
2025-07-02 16:04:12,160 - INFO - Use pytorch device_name: mps
2025-07-02 16:04:12,160 - INFO - Load pretrained SentenceTransformer: all-MiniLM-L6-v2
2025-07-02 16:04:13,465 - INFO - Model loaded in 2.52 seconds
2025-07-02 16:04:13,465 - INFO - Pre-computing benchmark task embeddings...
2025-07-02 16:04:13,466 - INFO - [RESOURCE] Model Loading
2025-07-02 16:04:13,466 - INFO -   • Duration: 2.6588 seconds
2025-07-02 16:04:13,466 - INFO -   • Memory (RSS): 428.45MB -> 445.08MB (Δ+16.62MB)
2025-07-02 16:04:13,466 - INFO -   • CPU Usage: 19.5% -> 8.5%
2025-07-02 16:04:13,466 - INFO -   • Tracemalloc - Current: 0.68MB, Peak: 5.64MB
2025-07-02 16:04:13,567 - INFO -   • GC Stats: [{'collections': 325, 'collected': 9474, 'uncollectable': 0}, {'collections': 29, 'collected': 714, 'uncollectable': 0}, {'collections': 6, 'collected': 7935, 'uncollectable': 0}]
2025-07-02 16:04:13,568 - INFO - [MEMORY] Before MongoDB connection
2025-07-02 16:04:13,568 - INFO -   • RSS: 445.08 MB
2025-07-02 16:04:13,568 - INFO -   • VMS: 403809.59 MB
2025-07-02 16:04:13,570 - INFO -   • USS: 319.84 MB
2025-07-02 16:04:13,570 - INFO - [CPU] Before MongoDB connection
2025-07-02 16:04:13,675 - INFO -   • CPU %: 0.0%
2025-07-02 16:04:13,675 - INFO -   • Threads: 3
2025-07-02 16:04:13,675 - INFO -   • Open files: 2
2025-07-02 16:04:13,676 - INFO -   • Python allocated blocks: 1666442
2025-07-02 16:04:13,676 - INFO - [GC] Before MongoDB connection
2025-07-02 16:04:13,697 - INFO -   • Gen 0: 4 objects
2025-07-02 16:04:13,702 - WARNING - Could not get GC info: object of type 'Process' has no len()
2025-07-02 16:04:13,702 - INFO - --------------------------------------------------------------------------------
2025-07-02 16:04:13,702 - INFO - Attempting MongoDB connection (attempt 1/3)
2025-07-02 16:04:14,264 - INFO - Successfully connected to MongoDB at mongodb+srv://simarjotsingh5244:NUMotMgntP7AcNrQ@cluster0.nen0dzs.mongodb.net/
2025-07-02 16:04:14,316 - INFO - MongoDB server version: 8.0.11
2025-07-02 16:04:14,317 - INFO - MongoDB connections: 65
2025-07-02 16:04:14,317 - INFO - [MEMORY] After MongoDB connection
2025-07-02 16:04:14,318 - INFO -   • RSS: 446.34 MB
2025-07-02 16:04:14,318 - INFO -   • VMS: 403922.03 MB
2025-07-02 16:04:14,325 - INFO -   • USS: 319.16 MB
2025-07-02 16:04:14,325 - INFO - [CPU] After MongoDB connection
2025-07-02 16:04:14,428 - INFO -   • CPU %: 0.4%
2025-07-02 16:04:14,428 - INFO -   • Threads: 10
2025-07-02 16:04:14,429 - INFO -   • Open files: 2
2025-07-02 16:04:14,429 - INFO -   • Python allocated blocks: 1667843
2025-07-02 16:04:14,429 - INFO - [GC] After MongoDB connection
2025-07-02 16:04:14,470 - INFO -   • Gen 0: 4 objects
2025-07-02 16:04:14,476 - WARNING - Could not get GC info: object of type 'MongoClient' has no len()
2025-07-02 16:04:14,476 - INFO - --------------------------------------------------------------------------------
2025-07-02 16:04:14,477 - INFO - [RESOURCE] Database Connection
2025-07-02 16:04:14,477 - INFO -   • Duration: 0.9090 seconds
2025-07-02 16:04:14,477 - INFO -   • Memory (RSS): 445.08MB -> 447.66MB (Δ+2.58MB)
2025-07-02 16:04:14,477 - INFO -   • CPU Usage: 16.0% -> 6.1%
2025-07-02 16:04:14,477 - INFO -   • Tracemalloc - Current: 0.15MB, Peak: 3.30MB
2025-07-02 16:04:14,575 - INFO -   • GC Stats: [{'collections': 325, 'collected': 9474, 'uncollectable': 0}, {'collections': 29, 'collected': 714, 'uncollectable': 0}, {'collections': 7, 'collected': 7945, 'uncollectable': 0}]
2025-07-02 16:04:14,637 - INFO - Found tenant DBs: ['company_9jxwph8g', 'company_9txtcvbl', 'company_pyat1tbz', 'company_ry0iwbpw', 'test']
2025-07-02 16:04:14,637 - INFO - Processing all documents in company_9jxwph8g.users...
2025-07-02 16:04:14,713 - INFO - Ensured users index in company_9jxwph8g
2025-07-02 16:04:14,713 - INFO - Starting to process documents in users...
2025-07-02 16:04:19,766 - INFO - Bulk update completed: 5 documents modified in users
2025-07-02 16:04:19,766 - INFO - Completed processing 3 documents
2025-07-02 16:04:19,767 - INFO - Processing all documents in company_9txtcvbl.users...
2025-07-02 16:04:19,844 - INFO - Ensured users index in company_9txtcvbl
2025-07-02 16:04:19,844 - INFO - Starting to process documents in users...
2025-07-02 16:04:19,894 - INFO - Completed processing 0 documents
2025-07-02 16:04:19,894 - INFO - Processing all documents in company_pyat1tbz.users...
2025-07-02 16:04:19,970 - INFO - Ensured users index in company_pyat1tbz
2025-07-02 16:04:19,970 - INFO - Starting to process documents in users...
2025-07-02 16:04:20,348 - INFO - Bulk update completed: 1 documents modified in users
2025-07-02 16:04:20,348 - INFO - Completed processing 1 documents
2025-07-02 16:04:20,348 - INFO - Processing all documents in company_ry0iwbpw.users...
2025-07-02 16:04:20,423 - INFO - Ensured users index in company_ry0iwbpw
2025-07-02 16:04:20,424 - INFO - Starting to process documents in users...
2025-07-02 16:04:21,589 - INFO - Bulk update completed: 3 documents modified in users
2025-07-02 16:04:21,589 - INFO - Completed processing 2 documents
2025-07-02 16:04:21,589 - INFO - Processing all documents in test.users...
2025-07-02 16:04:21,665 - INFO - Ensured users index in test
2025-07-02 16:04:21,665 - INFO - Starting to process documents in users...
2025-07-02 16:04:21,714 - INFO - Completed processing 0 documents
2025-07-02 16:04:21,714 - INFO - Processing completed. Exiting.

[2025-07-02T21:04:25.022Z] [SUCCESS] ✅ [1/4] Employee Utilization Analysis completed successfully in 26.8s {
  "script": "employee_utilization_analyzer.py",
  "duration": "26788ms",
  "attempts": 1,
  "startTime": "2025-07-02T21:03:58.233Z",
  "endTime": "2025-07-02T21:04:25.021Z"
}
[2025-07-02T21:04:25.022Z] [INFO] ⏳ Waiting 5s before next script...
[2025-07-02T21:04:30.024Z] [INFO] [RESOURCE] Memory: 4.03MB used, 5.06MB total, 36.00MB RSS | Load: 2.54, 2.58, 2.80
[2025-07-02T21:04:30.024Z] [WARN] [WARNING] High memory usage: 79.6% of heap used
[2025-07-02T21:04:30.025Z] [INFO] 
📋 [2/4] Starting script: Attrition Score Calculation {
  "script": "attrition_score.py",
  "args": "",
  "timeout": "3600s",
  "maxRetries": 2,
  "retryDelay": "15000ms"
}
[2025-07-02T21:04:30.026Z] [DEBUG] Executing script: attrition_score.py {
  "args": [],
  "pid": 89312,
  "cwd": "/Users/sim/TestingPig",
  "pythonPath": "python3",
  "timeout": 3600000,
  "maxRetries": 2
}
[2025-07-02T21:04:40.071Z] [INFO] Script completed successfully: attrition_score.py {
  "duration": "10045ms",
  "exitCode": 0,
  "attempt": 1
}
[2025-07-02T21:04:40.072Z] [WARN] [attrition_score.py STDERR] 2025-07-02 16:04:34,340 - INFO - Starting Attrition Score Analyzer (Multi-Database Version)...
2025-07-02 16:04:34,342 - INFO - MongoDB URI loaded: mongodb+srv://simarjotsingh5244:NUMotMgntP7AcNrQ@cluster0.nen0dzs.mongodb.net/
2025-07-02 16:04:34,343 - INFO - Starting Attrition Score Analyzer (Multi-Database Version)...
2025-07-02 16:04:34,343 - INFO - Connecting to MongoDB at mongodb+srv://simarjotsingh5244:NUMotMgntP7AcNrQ@cluster0.nen0dzs.mongodb.net/...
2025-07-02 16:04:34,920 - INFO - MongoDB connection successful.
2025-07-02 16:04:34,979 - INFO - Found 5 databases: company_9jxwph8g, company_9txtcvbl, company_pyat1tbz, company_ry0iwbpw, test
2025-07-02 16:04:35,105 - INFO - Added database company_9jxwph8g to active databases
2025-07-02 16:04:35,229 - INFO - Added database company_9txtcvbl to active databases
2025-07-02 16:04:35,354 - INFO - Added database company_pyat1tbz to active databases
2025-07-02 16:04:35,480 - INFO - Added database company_ry0iwbpw to active databases
2025-07-02 16:04:35,602 - INFO - Added database test to active databases
2025-07-02 16:04:35,603 - INFO - Active databases for processing: 5
2025-07-02 16:04:35,603 - INFO - Loading sentence transformer model...
2025-07-02 16:04:35,638 - INFO - Use pytorch device_name: mps
2025-07-02 16:04:35,638 - INFO - Load pretrained SentenceTransformer: all-MiniLM-L6-v2
2025-07-02 16:04:37,463 - INFO - Model loaded in 1.86 seconds
Batches:   0%|          | 0/1 [00:00<?, ?it/s]Batches: 100%|██████████| 1/1 [00:00<00:00,  6.57it/s]Batches: 100%|██████████| 1/1 [00:00<00:00,  6.55it/s]
2025-07-02 16:04:37,630 - INFO - Initialized role vector index with 11 items
Batches:   0%|          | 0/1 [00:00<?, ?it/s]Batches: 100%|██████████| 1/1 [00:00<00:00, 12.19it/s]
2025-07-02 16:04:37,714 - INFO - Initialized responsibility vector index with 3 items
2025-07-02 16:04:37,772 - INFO - Found 5 databases: company_9jxwph8g, company_9txtcvbl, company_pyat1tbz, company_ry0iwbpw, test
2025-07-02 16:04:37,772 - INFO - Active databases for processing: 5
2025-07-02 16:04:37,772 - INFO - Processing documents in company_9jxwph8g database...
2025-07-02 16:04:37,873 - INFO - Starting Attrition Score Analyzer (Multi-Database Version)...
2025-07-02 16:04:37,876 - INFO - MongoDB URI loaded: mongodb+srv://simarjotsingh5244:NUMotMgntP7AcNrQ@cluster0.nen0dzs.mongodb.net/
2025-07-02 16:04:37,936 - INFO - Processed 3/3 documents in company_9jxwph8g
2025-07-02 16:04:38,129 - INFO - Completed processing 3 documents in company_9jxwph8g
2025-07-02 16:04:38,129 - INFO - Processing documents in company_9txtcvbl database...
2025-07-02 16:04:38,177 - INFO - No documents found in company_9txtcvbl
2025-07-02 16:04:38,177 - INFO - Processing documents in company_pyat1tbz database...
2025-07-02 16:04:38,327 - INFO - Processed 1/1 documents in company_pyat1tbz
2025-07-02 16:04:38,454 - INFO - Completed processing 1 documents in company_pyat1tbz
2025-07-02 16:04:38,454 - INFO - Processing documents in company_ry0iwbpw database...
2025-07-02 16:04:38,604 - INFO - Processed 2/2 documents in company_ry0iwbpw
2025-07-02 16:04:38,721 - INFO - Completed processing 2 documents in company_ry0iwbpw
2025-07-02 16:04:38,721 - INFO - Processing documents in test database...
2025-07-02 16:04:38,769 - INFO - No documents found in test
2025-07-02 16:04:38,769 - INFO - Total documents processed across all databases: 6
2025-07-02 16:04:38,769 - INFO - Initial processing completed. Exiting.

[2025-07-02T21:04:40.072Z] [SUCCESS] ✅ [2/4] Attrition Score Calculation completed successfully in 10.0s {
  "script": "attrition_score.py",
  "duration": "10047ms",
  "attempts": 1,
  "startTime": "2025-07-02T21:04:30.026Z",
  "endTime": "2025-07-02T21:04:40.072Z"
}
[2025-07-02T21:04:40.072Z] [INFO] ⏳ Waiting 5s before next script...
[2025-07-02T21:04:45.074Z] [INFO] [RESOURCE] Memory: 4.22MB used, 5.06MB total, 36.11MB RSS | Load: 2.20, 2.50, 2.77
[2025-07-02T21:04:45.074Z] [WARN] [WARNING] High memory usage: 83.4% of heap used
[2025-07-02T21:04:45.074Z] [INFO] 
📋 [3/4] Starting script: Successor Identification {
  "script": "successor_identification.py",
  "args": "--refresh --batch-size=10",
  "timeout": "2700s",
  "maxRetries": 1,
  "retryDelay": "20000ms"
}
[2025-07-02T21:04:45.075Z] [DEBUG] Executing script: successor_identification.py {
  "args": [
    "--refresh",
    "--batch-size=10"
  ],
  "pid": 89312,
  "cwd": "/Users/sim/TestingPig",
  "pythonPath": "python3",
  "timeout": 2700000,
  "maxRetries": 1
}
[2025-07-02T21:05:02.732Z] [INFO] Script completed successfully: successor_identification.py {
  "duration": "17657ms",
  "exitCode": 0,
  "attempt": 1
}
[2025-07-02T21:05:02.733Z] [DEBUG] [successor_identification.py OUTPUT] Refreshed successor analysis for {'status': 'completed', 'total_processed': 6, 'total_errors': 0, 'duration_seconds': 3.1103930473327637, 'processing_rate': 1.9290166576038175} employees across all databases

[2025-07-02T21:05:02.733Z] [WARN] [successor_identification.py STDERR] 2025-07-02 16:04:49,319 - INFO - ================================================================================
2025-07-02 16:04:49,320 - INFO - Successor Identification System starting up...
2025-07-02 16:04:49,320 - INFO - Python version: 3.13.5 (main, Jun 11 2025, 15:36:57) [Clang 17.0.0 (clang-1700.0.13.3)]
2025-07-02 16:04:49,345 - INFO - Platform: macOS-15.5-arm64-arm-64bit-Mach-O
2025-07-02 16:04:49,345 - INFO - Process ID: 89459
2025-07-02 16:04:49,605 - INFO - [Memory] Initial memory usage | RSS: 400.3MB | VMS: 402556.38MB | CPU: 0.0% | GC Objects: 375,776
2025-07-02 16:04:49,610 - INFO - MongoDB URI loaded: mongodb+srv://simarjotsingh5244:NUMotMgntP7AcNrQ@cluster0.nen0dzs.mongodb.net/
2025-07-02 16:04:49,822 - INFO - [Memory] Application startup | RSS: 402.77MB | VMS: 402556.38MB | CPU: 0.0% | GC Objects: 375,796
2025-07-02 16:04:50,054 - INFO - [Memory] Before database connection | RSS: 403.06MB | VMS: 402556.38MB | CPU: 0.1% | GC Objects: 375,832
2025-07-02 16:04:50,054 - INFO - [Resource] Starting connect_db...
2025-07-02 16:04:50,293 - INFO - [Memory] Before connect_db | RSS: 405.94MB | VMS: 402556.38MB | CPU: 0.1% | GC Objects: 375,832
2025-07-02 16:04:50,293 - INFO - Connecting to MongoDB at mongodb+srv://simarjotsingh5244:NUMotMgntP7AcNrQ@cluster0.nen0dzs.mongodb.net/... (attempt 1/3)
2025-07-02 16:04:50,949 - INFO - MongoDB connection successful.
2025-07-02 16:04:51,009 - INFO - Found 6 databases: company_9jxwph8g, company_9txtcvbl, company_pyat1tbz, company_ry0iwbpw, org_sim_db, test
2025-07-02 16:04:51,136 - INFO - Added database company_9jxwph8g to active databases
2025-07-02 16:04:51,267 - INFO - Added database company_9txtcvbl to active databases
2025-07-02 16:04:51,390 - INFO - Added database company_pyat1tbz to active databases
2025-07-02 16:04:51,518 - INFO - Added database company_ry0iwbpw to active databases
2025-07-02 16:04:51,567 - INFO - Skipping database org_sim_db: No 'users' collection
2025-07-02 16:04:51,696 - INFO - Added database test to active databases
2025-07-02 16:04:51,696 - INFO - Active databases for processing: 5
2025-07-02 16:04:51,968 - INFO - [Memory] After connect_db (1.40s) | RSS: 414.88MB | VMS: 402671.14MB | CPU: 0.2% | GC Objects: 381,506
2025-07-02 16:04:52,206 - INFO - [Memory] After database connection | RSS: 414.92MB | VMS: 402671.14MB | CPU: 0.1% | GC Objects: 381,494
2025-07-02 16:04:52,453 - INFO - [Memory] Before model loading | RSS: 414.92MB | VMS: 402671.14MB | CPU: 0.1% | GC Objects: 381,494
2025-07-02 16:04:52,453 - INFO - [Resource] Starting load_model...
2025-07-02 16:04:52,701 - INFO - [Memory] Before load_model | RSS: 414.95MB | VMS: 402671.14MB | CPU: 0.2% | GC Objects: 381,494
2025-07-02 16:04:52,701 - INFO - Loading sentence transformer model...
2025-07-02 16:04:52,945 - INFO - [Memory] Before model loading | RSS: 414.95MB | VMS: 402671.14MB | CPU: 0.1% | GC Objects: 381,494
2025-07-02 16:04:52,966 - INFO - Use pytorch device_name: mps
2025-07-02 16:04:52,966 - INFO - Load pretrained SentenceTransformer: all-MiniLM-L6-v2
2025-07-02 16:04:56,525 - INFO - [Memory] After model loading (3.38s) | RSS: 340.36MB | VMS: 403879.52MB | CPU: 0.2% | GC Objects: 398,200
2025-07-02 16:04:56,953 - INFO - [Memory] After GC | RSS: 398.38MB | VMS: 403879.52MB | CPU: 0.2% | GC Objects: 398,200
2025-07-02 16:04:57,198 - INFO - [Memory] After load_model (4.25s) | RSS: 401.34MB | VMS: 403879.5MB | CPU: 0.1% | GC Objects: 398,200
2025-07-02 16:04:57,440 - INFO - [Memory] After model loading | RSS: 404.12MB | VMS: 403879.5MB | CPU: 0.1% | GC Objects: 398,200
2025-07-02 16:04:57,440 - INFO - [Resource] Starting refresh_successor_analysis...
2025-07-02 16:04:57,683 - INFO - [Memory] Before refresh_successor_analysis | RSS: 406.8MB | VMS: 403873.5MB | CPU: 0.1% | GC Objects: 398,200
2025-07-02 16:04:57,911 - INFO - [Memory] Starting refresh_successor_analysis | RSS: 406.86MB | VMS: 403873.5MB | CPU: 0.2% | GC Objects: 398,200
2025-07-02 16:04:57,969 - INFO - Found 6 databases: company_9jxwph8g, company_9txtcvbl, company_pyat1tbz, company_ry0iwbpw, org_sim_db, test
2025-07-02 16:04:58,018 - INFO - Skipping database org_sim_db: No 'users' collection
2025-07-02 16:04:58,018 - INFO - Active databases for processing: 5
2025-07-02 16:04:58,018 - INFO - Processing successor analysis in company_9jxwph8g database...
2025-07-02 16:04:58,267 - INFO - [Memory] Starting processing database: company_9jxwph8g | RSS: 411.31MB | VMS: 403873.5MB | CPU: 0.1% | GC Objects: 398,202
2025-07-02 16:04:58,316 - INFO - Processing 3 employees in database: company_9jxwph8g
2025-07-02 16:04:58,513 - WARNING - Employee with email a@testing2.com not found in database company_9jxwph8g
2025-07-02 16:04:58,773 - INFO - [Memory] company_9jxwph8g: 1/3 (33.3%) - 5.1 docs/sec | RSS: 413.59MB | VMS: 403873.5MB | CPU: 0.2% | GC Objects: 398,307
2025-07-02 16:04:58,822 - WARNING - Employee with email user1@testing2.com not found in database company_9jxwph8g
2025-07-02 16:04:58,871 - WARNING - Employee with email a@testing32.com not found in database company_9jxwph8g
2025-07-02 16:04:58,871 - INFO - Completed processing 3 employees in company_9jxwph8g in 0.6 seconds
2025-07-02 16:04:58,871 - INFO - Processing successor analysis in company_9txtcvbl database...
2025-07-02 16:04:59,128 - INFO - [Memory] Starting processing database: company_9txtcvbl | RSS: 413.66MB | VMS: 403873.5MB | CPU: 0.3% | GC Objects: 398,237
2025-07-02 16:04:59,177 - INFO - Processing 0 employees in database: company_9txtcvbl
2025-07-02 16:04:59,226 - INFO - Completed processing 0 employees in company_9txtcvbl in 0.0 seconds
2025-07-02 16:04:59,226 - INFO - Processing successor analysis in company_pyat1tbz database...
2025-07-02 16:04:59,490 - INFO - [Memory] Starting processing database: company_pyat1tbz | RSS: 416.72MB | VMS: 403873.5MB | CPU: 0.2% | GC Objects: 398,237
2025-07-02 16:04:59,540 - INFO - Processing 1 employees in database: company_pyat1tbz
2025-07-02 16:04:59,637 - WARNING - Employee with email kanthony010@gmail.com not found in database company_pyat1tbz
2025-07-02 16:04:59,937 - INFO - [Memory] company_pyat1tbz: 1/1 (100.0%) - 10.3 docs/sec | RSS: 415.42MB | VMS: 403873.5MB | CPU: 0.1% | GC Objects: 398,219
2025-07-02 16:04:59,938 - INFO - Completed processing 1 employees in company_pyat1tbz in 0.4 seconds
2025-07-02 16:04:59,938 - INFO - Processing successor analysis in company_ry0iwbpw database...
2025-07-02 16:05:00,200 - INFO - [Memory] Starting processing database: company_ry0iwbpw | RSS: 415.44MB | VMS: 403873.5MB | CPU: 0.4% | GC Objects: 398,215
2025-07-02 16:05:00,249 - INFO - Processing 2 employees in database: company_ry0iwbpw
2025-07-02 16:05:00,348 - WARNING - Employee with email user1@testingdemo.com not found in database company_ry0iwbpw
2025-07-02 16:05:00,616 - INFO - [Memory] company_ry0iwbpw: 1/2 (50.0%) - 10.1 docs/sec | RSS: 415.28MB | VMS: 403873.5MB | CPU: 0.1% | GC Objects: 398,238
2025-07-02 16:05:00,663 - WARNING - Employee with email user2@testingdemo.com not found in database company_ry0iwbpw
2025-07-02 16:05:00,664 - INFO - Completed processing 2 employees in company_ry0iwbpw in 0.4 seconds
2025-07-02 16:05:00,664 - INFO - Processing successor analysis in test database...
2025-07-02 16:05:00,925 - INFO - [Memory] Starting processing database: test | RSS: 416.08MB | VMS: 403873.5MB | CPU: 0.4% | GC Objects: 398,207
2025-07-02 16:05:00,974 - INFO - Processing 0 employees in database: test
2025-07-02 16:05:01,022 - INFO - Completed processing 0 employees in test in 0.0 seconds
2025-07-02 16:05:01,022 - INFO - Completed refresh_successor_analysis in 3.1 seconds. Processed 6 employees with 0 errors.
2025-07-02 16:05:01,399 - INFO - [Memory] Completed refresh_successor_analysis | RSS: 416.25MB | VMS: 403872.95MB | CPU: 0.1% | GC Objects: 398,205
2025-07-02 16:05:01,636 - INFO - [Memory] After refresh_successor_analysis (3.72s) | RSS: 416.25MB | VMS: 403872.95MB | CPU: 0.1% | GC Objects: 398,191

[2025-07-02T21:05:02.733Z] [SUCCESS] ✅ [3/4] Successor Identification completed successfully in 17.7s {
  "script": "successor_identification.py",
  "duration": "17659ms",
  "attempts": 1,
  "startTime": "2025-07-02T21:04:45.075Z",
  "endTime": "2025-07-02T21:05:02.733Z"
}
[2025-07-02T21:05:02.734Z] [INFO] ⏳ Waiting 5s before next script...
[2025-07-02T21:05:07.735Z] [INFO] [RESOURCE] Memory: 4.46MB used, 5.06MB total, 34.02MB RSS | Load: 2.33, 2.51, 2.76
[2025-07-02T21:05:07.736Z] [WARN] [WARNING] High memory usage: 88.0% of heap used
[2025-07-02T21:05:07.736Z] [INFO] 
📋 [4/4] Starting script: Successor Finder {
  "script": "successor_finder.py",
  "args": "--refresh-all --batch-size=10 --verbose",
  "timeout": "3600s",
  "maxRetries": 2,
  "retryDelay": "10000ms"
}
[2025-07-02T21:05:07.737Z] [DEBUG] Executing script: successor_finder.py {
  "args": [
    "--refresh-all",
    "--batch-size=10",
    "--verbose"
  ],
  "pid": 89312,
  "cwd": "/Users/sim/TestingPig",
  "pythonPath": "python3",
  "timeout": 3600000,
  "maxRetries": 2
}
[2025-07-02T21:05:13.117Z] [INFO] Script completed successfully: successor_finder.py {
  "duration": "5380ms",
  "exitCode": 0,
  "attempt": 1
}
[2025-07-02T21:05:13.118Z] [WARN] [successor_finder.py STDERR] 2025-07-02 16:05:12,269 - INFO - Successor Finder starting up...
2025-07-02 16:05:12,271 - INFO - MongoDB URI loaded: mongodb+srv://simarjotsingh5244:NUMotMgntP7AcNrQ@cluster0.nen0dzs.mongodb.net/

[2025-07-02T21:05:13.118Z] [SUCCESS] ✅ [4/4] Successor Finder completed successfully in 5.4s {
  "script": "successor_finder.py",
  "duration": "5382ms",
  "attempts": 1,
  "startTime": "2025-07-02T21:05:07.737Z",
  "endTime": "2025-07-02T21:05:13.118Z"
}
[2025-07-02T21:05:13.118Z] [INFO] ⏳ Waiting 5s before next script...
[2025-07-02T21:05:18.119Z] [INFO] [RESOURCE] Memory: 4.07MB used, 5.31MB total, 34.61MB RSS | Load: 2.44, 2.53, 2.76
[2025-07-02T21:05:18.120Z] [WARN] [WARNING] High memory usage: 76.6% of heap used
[2025-07-02T21:05:18.121Z] [INFO] 
📊 ====== DATA UPDATE SUMMARY ======
[2025-07-02T21:05:18.121Z] [INFO] 📅 Started: 2025-07-02T21:03:58.233Z
[2025-07-02T21:05:18.121Z] [INFO] 🏁 Finished: 2025-07-02T21:05:18.120Z
[2025-07-02T21:05:18.121Z] [INFO] ⏱️  Total Duration: 1.3 minutes
[2025-07-02T21:05:18.121Z] [INFO] 📋 Scripts: 4 total, 4 successful, 0 failed
[2025-07-02T21:05:18.122Z] [INFO] 📈 Success Rate: 100.0%
[2025-07-02T21:05:18.122Z] [INFO] 
📋 SCRIPT EXECUTION STATUS:
[2025-07-02T21:05:18.129Z] [INFO] 
💾 SYSTEM RESOURCE USAGE:
[2025-07-02T21:05:18.130Z] [INFO] Memory: 4.17MB used / 5.31MB total
[2025-07-02T21:05:18.130Z] [INFO] RSS: 35.69MB
[2025-07-02T21:05:18.130Z] [INFO] Load: 2.44, 2.53, 2.76
[2025-07-02T21:05:18.130Z] [SUCCESS] 
🎉 ALL DATA UPDATES COMPLETED SUCCESSFULLY!
[2025-07-02T21:05:18.130Z] [INFO] [RESOURCE] Memory: 4.19MB used, 5.31MB total, 35.72MB RSS | Load: 2.44, 2.53, 2.76
[2025-07-02T21:05:18.130Z] [WARN] [WARNING] High memory usage: 78.9% of heap used
[2025-07-02T21:05:18.130Z] [INFO] Initial update completed. Next update in 1440 minutes.
