[2025-08-15T10:30:18.256Z] [INFO] Starting scheduled reports daemon with check interval of 10000ms
[2025-08-15T10:30:18.257Z] [INFO] Checking for scheduled reports...
[2025-08-15T10:30:19.405Z] [DEBUG] Connected to MongoDB
[2025-08-15T10:30:19.477Z] [INFO] Found 2 company databases
[2025-08-15T10:30:19.477Z] [DEBUG] Processing company database: company_ieebsmug
[2025-08-15T10:30:19.541Z] [DEBUG] Skipping company_ieebsmug: No scheduled reports collection found
[2025-08-15T10:30:19.541Z] [DEBUG] Processing company database: company_ry0iwbpw
[2025-08-15T10:30:19.605Z] [DEBUG] Finding reports to execute in company_ry0iwbpw (current time: 2025-08-15T10:30:19.605Z)
[2025-08-15T10:30:19.673Z] [INFO] Found 0 reports to execute in company_ry0iwbpw
[2025-08-15T10:30:19.673Z] [INFO] Scheduled reports check completed
[2025-08-15T10:30:19.675Z] [DEBUG] MongoDB connection closed
[2025-08-15T10:30:19.675Z] [INFO] Daemon is now running continuously...
[2025-08-15T10:30:29.676Z] [INFO] Checking for scheduled reports...
[2025-08-15T10:30:31.264Z] [DEBUG] Connected to MongoDB
[2025-08-15T10:30:31.390Z] [INFO] Found 2 company databases
[2025-08-15T10:30:31.390Z] [DEBUG] Processing company database: company_ieebsmug
[2025-08-15T10:30:31.504Z] [DEBUG] Skipping company_ieebsmug: No scheduled reports collection found
[2025-08-15T10:30:31.505Z] [DEBUG] Processing company database: company_ry0iwbpw
[2025-08-15T10:30:31.568Z] [DEBUG] Finding reports to execute in company_ry0iwbpw (current time: 2025-08-15T10:30:31.568Z)
[2025-08-15T10:30:31.631Z] [INFO] Found 0 reports to execute in company_ry0iwbpw
[2025-08-15T10:30:31.632Z] [INFO] Scheduled reports check completed
[2025-08-15T10:30:31.633Z] [DEBUG] MongoDB connection closed
[2025-08-15T10:30:39.677Z] [INFO] Checking for scheduled reports...
[2025-08-15T10:30:40.395Z] [DEBUG] Connected to MongoDB
[2025-08-15T10:30:40.468Z] [INFO] Found 2 company databases
[2025-08-15T10:30:40.468Z] [DEBUG] Processing company database: company_ieebsmug
[2025-08-15T10:30:40.530Z] [DEBUG] Skipping company_ieebsmug: No scheduled reports collection found
[2025-08-15T10:30:40.530Z] [DEBUG] Processing company database: company_ry0iwbpw
[2025-08-15T10:30:40.594Z] [DEBUG] Finding reports to execute in company_ry0iwbpw (current time: 2025-08-15T10:30:40.594Z)
[2025-08-15T10:30:40.658Z] [INFO] Found 0 reports to execute in company_ry0iwbpw
[2025-08-15T10:30:40.658Z] [INFO] Scheduled reports check completed
[2025-08-15T10:30:40.659Z] [DEBUG] MongoDB connection closed
[2025-08-15T10:30:49.678Z] [INFO] Checking for scheduled reports...
[2025-08-15T10:30:50.401Z] [DEBUG] Connected to MongoDB
[2025-08-15T10:30:50.475Z] [INFO] Found 2 company databases
[2025-08-15T10:30:50.475Z] [DEBUG] Processing company database: company_ieebsmug
[2025-08-15T10:30:50.539Z] [DEBUG] Skipping company_ieebsmug: No scheduled reports collection found
[2025-08-15T10:30:50.540Z] [DEBUG] Processing company database: company_ry0iwbpw
[2025-08-15T10:30:50.605Z] [DEBUG] Finding reports to execute in company_ry0iwbpw (current time: 2025-08-15T10:30:50.605Z)
[2025-08-15T10:30:50.674Z] [INFO] Found 0 reports to execute in company_ry0iwbpw
[2025-08-15T10:30:50.675Z] [INFO] Scheduled reports check completed
[2025-08-15T10:30:50.679Z] [DEBUG] MongoDB connection closed
[2025-08-15T10:30:59.679Z] [INFO] Checking for scheduled reports...
[2025-08-15T10:31:00.415Z] [DEBUG] Connected to MongoDB
[2025-08-15T10:31:00.487Z] [INFO] Found 2 company databases
[2025-08-15T10:31:00.487Z] [DEBUG] Processing company database: company_ieebsmug
[2025-08-15T10:31:00.562Z] [DEBUG] Skipping company_ieebsmug: No scheduled reports collection found
[2025-08-15T10:31:00.562Z] [DEBUG] Processing company database: company_ry0iwbpw
[2025-08-15T10:31:00.626Z] [DEBUG] Finding reports to execute in company_ry0iwbpw (current time: 2025-08-15T10:31:00.626Z)
[2025-08-15T10:31:00.689Z] [INFO] Found 0 reports to execute in company_ry0iwbpw
[2025-08-15T10:31:00.690Z] [INFO] Scheduled reports check completed
[2025-08-15T10:31:00.691Z] [DEBUG] MongoDB connection closed
[2025-08-15T10:31:09.680Z] [INFO] Checking for scheduled reports...
[2025-08-15T10:31:10.422Z] [DEBUG] Connected to MongoDB
[2025-08-15T10:31:10.538Z] [INFO] Found 2 company databases
[2025-08-15T10:31:10.538Z] [DEBUG] Processing company database: company_ieebsmug
[2025-08-15T10:31:10.602Z] [DEBUG] Skipping company_ieebsmug: No scheduled reports collection found
[2025-08-15T10:31:10.603Z] [DEBUG] Processing company database: company_ry0iwbpw
[2025-08-15T10:31:10.668Z] [DEBUG] Finding reports to execute in company_ry0iwbpw (current time: 2025-08-15T10:31:10.668Z)
[2025-08-15T10:31:10.733Z] [INFO] Found 0 reports to execute in company_ry0iwbpw
[2025-08-15T10:31:10.734Z] [INFO] Scheduled reports check completed
[2025-08-15T10:31:10.737Z] [DEBUG] MongoDB connection closed
[2025-08-15T10:31:19.681Z] [INFO] Checking for scheduled reports...
[2025-08-15T10:31:20.475Z] [DEBUG] Connected to MongoDB
[2025-08-15T10:31:20.549Z] [INFO] Found 2 company databases
[2025-08-15T10:31:20.549Z] [DEBUG] Processing company database: company_ieebsmug
[2025-08-15T10:31:20.613Z] [DEBUG] Skipping company_ieebsmug: No scheduled reports collection found
[2025-08-15T10:31:20.613Z] [DEBUG] Processing company database: company_ry0iwbpw
[2025-08-15T10:31:20.706Z] [DEBUG] Finding reports to execute in company_ry0iwbpw (current time: 2025-08-15T10:31:20.706Z)
[2025-08-15T10:31:20.776Z] [INFO] Found 0 reports to execute in company_ry0iwbpw
[2025-08-15T10:31:20.777Z] [INFO] Scheduled reports check completed
[2025-08-15T10:31:20.780Z] [DEBUG] MongoDB connection closed
[2025-08-15T10:31:29.682Z] [INFO] Checking for scheduled reports...
[2025-08-15T10:31:30.402Z] [DEBUG] Connected to MongoDB
[2025-08-15T10:31:30.475Z] [INFO] Found 2 company databases
[2025-08-15T10:31:30.476Z] [DEBUG] Processing company database: company_ieebsmug
[2025-08-15T10:31:30.539Z] [DEBUG] Skipping company_ieebsmug: No scheduled reports collection found
[2025-08-15T10:31:30.540Z] [DEBUG] Processing company database: company_ry0iwbpw
[2025-08-15T10:31:30.605Z] [DEBUG] Finding reports to execute in company_ry0iwbpw (current time: 2025-08-15T10:31:30.605Z)
[2025-08-15T10:31:30.670Z] [INFO] Found 0 reports to execute in company_ry0iwbpw
[2025-08-15T10:31:30.671Z] [INFO] Scheduled reports check completed
[2025-08-15T10:31:30.674Z] [DEBUG] MongoDB connection closed
[2025-08-15T10:31:39.682Z] [INFO] Checking for scheduled reports...
[2025-08-15T10:31:40.677Z] [DEBUG] Connected to MongoDB
[2025-08-15T10:31:40.749Z] [INFO] Found 2 company databases
[2025-08-15T10:31:40.750Z] [DEBUG] Processing company database: company_ieebsmug
[2025-08-15T10:31:40.818Z] [DEBUG] Skipping company_ieebsmug: No scheduled reports collection found
[2025-08-15T10:31:40.819Z] [DEBUG] Processing company database: company_ry0iwbpw
[2025-08-15T10:31:40.891Z] [DEBUG] Finding reports to execute in company_ry0iwbpw (current time: 2025-08-15T10:31:40.891Z)
[2025-08-15T10:31:40.955Z] [INFO] Found 0 reports to execute in company_ry0iwbpw
[2025-08-15T10:31:40.956Z] [INFO] Scheduled reports check completed
[2025-08-15T10:31:40.959Z] [DEBUG] MongoDB connection closed
[2025-08-15T10:31:49.683Z] [INFO] Checking for scheduled reports...
[2025-08-15T10:31:50.420Z] [DEBUG] Connected to MongoDB
[2025-08-15T10:31:50.493Z] [INFO] Found 2 company databases
[2025-08-15T10:31:50.494Z] [DEBUG] Processing company database: company_ieebsmug
[2025-08-15T10:31:50.560Z] [DEBUG] Skipping company_ieebsmug: No scheduled reports collection found
[2025-08-15T10:31:50.560Z] [DEBUG] Processing company database: company_ry0iwbpw
[2025-08-15T10:31:50.626Z] [DEBUG] Finding reports to execute in company_ry0iwbpw (current time: 2025-08-15T10:31:50.626Z)
[2025-08-15T10:31:50.692Z] [INFO] Found 0 reports to execute in company_ry0iwbpw
[2025-08-15T10:31:50.692Z] [INFO] Scheduled reports check completed
[2025-08-15T10:31:50.696Z] [DEBUG] MongoDB connection closed
[2025-08-15T10:31:59.684Z] [INFO] Checking for scheduled reports...
[2025-08-15T10:32:01.249Z] [DEBUG] Connected to MongoDB
[2025-08-15T10:32:01.378Z] [INFO] Found 2 company databases
[2025-08-15T10:32:01.379Z] [DEBUG] Processing company database: company_ieebsmug
[2025-08-15T10:32:01.501Z] [DEBUG] Skipping company_ieebsmug: No scheduled reports collection found
[2025-08-15T10:32:01.502Z] [DEBUG] Processing company database: company_ry0iwbpw
[2025-08-15T10:32:01.622Z] [DEBUG] Finding reports to execute in company_ry0iwbpw (current time: 2025-08-15T10:32:01.622Z)
[2025-08-15T10:32:01.692Z] [INFO] Found 0 reports to execute in company_ry0iwbpw
[2025-08-15T10:32:01.693Z] [INFO] Scheduled reports check completed
[2025-08-15T10:32:01.693Z] [DEBUG] MongoDB connection closed
[2025-08-15T10:32:09.685Z] [INFO] Checking for scheduled reports...
[2025-08-15T10:32:10.408Z] [DEBUG] Connected to MongoDB
[2025-08-15T10:32:10.480Z] [INFO] Found 2 company databases
[2025-08-15T10:32:10.481Z] [DEBUG] Processing company database: company_ieebsmug
[2025-08-15T10:32:10.544Z] [DEBUG] Skipping company_ieebsmug: No scheduled reports collection found
[2025-08-15T10:32:10.545Z] [DEBUG] Processing company database: company_ry0iwbpw
[2025-08-15T10:32:10.610Z] [DEBUG] Finding reports to execute in company_ry0iwbpw (current time: 2025-08-15T10:32:10.610Z)
[2025-08-15T10:32:10.676Z] [INFO] Found 0 reports to execute in company_ry0iwbpw
[2025-08-15T10:32:10.677Z] [INFO] Scheduled reports check completed
[2025-08-15T10:32:10.680Z] [DEBUG] MongoDB connection closed
[2025-08-15T10:32:19.685Z] [INFO] Checking for scheduled reports...
[2025-08-15T10:32:20.570Z] [DEBUG] Connected to MongoDB
[2025-08-15T10:32:20.642Z] [INFO] Found 2 company databases
[2025-08-15T10:32:20.642Z] [DEBUG] Processing company database: company_ieebsmug
[2025-08-15T10:32:20.705Z] [DEBUG] Skipping company_ieebsmug: No scheduled reports collection found
[2025-08-15T10:32:20.705Z] [DEBUG] Processing company database: company_ry0iwbpw
[2025-08-15T10:32:20.768Z] [DEBUG] Finding reports to execute in company_ry0iwbpw (current time: 2025-08-15T10:32:20.768Z)
[2025-08-15T10:32:20.831Z] [INFO] Found 0 reports to execute in company_ry0iwbpw
[2025-08-15T10:32:20.831Z] [INFO] Scheduled reports check completed
[2025-08-15T10:32:20.833Z] [DEBUG] MongoDB connection closed
[2025-08-15T10:32:29.685Z] [INFO] Checking for scheduled reports...
[2025-08-15T10:32:30.405Z] [DEBUG] Connected to MongoDB
[2025-08-15T10:32:30.478Z] [INFO] Found 2 company databases
[2025-08-15T10:32:30.479Z] [DEBUG] Processing company database: company_ieebsmug
[2025-08-15T10:32:30.542Z] [DEBUG] Skipping company_ieebsmug: No scheduled reports collection found
[2025-08-15T10:32:30.543Z] [DEBUG] Processing company database: company_ry0iwbpw
[2025-08-15T10:32:30.608Z] [DEBUG] Finding reports to execute in company_ry0iwbpw (current time: 2025-08-15T10:32:30.608Z)
[2025-08-15T10:32:30.672Z] [INFO] Found 0 reports to execute in company_ry0iwbpw
[2025-08-15T10:32:30.673Z] [INFO] Scheduled reports check completed
[2025-08-15T10:32:30.676Z] [DEBUG] MongoDB connection closed
[2025-08-15T10:32:39.687Z] [INFO] Checking for scheduled reports...
[2025-08-15T10:32:40.408Z] [DEBUG] Connected to MongoDB
[2025-08-15T10:32:40.479Z] [INFO] Found 2 company databases
[2025-08-15T10:32:40.480Z] [DEBUG] Processing company database: company_ieebsmug
[2025-08-15T10:32:40.547Z] [DEBUG] Skipping company_ieebsmug: No scheduled reports collection found
[2025-08-15T10:32:40.547Z] [DEBUG] Processing company database: company_ry0iwbpw
[2025-08-15T10:32:40.610Z] [DEBUG] Finding reports to execute in company_ry0iwbpw (current time: 2025-08-15T10:32:40.610Z)
[2025-08-15T10:32:40.673Z] [INFO] Found 0 reports to execute in company_ry0iwbpw
[2025-08-15T10:32:40.674Z] [INFO] Scheduled reports check completed
[2025-08-15T10:32:40.676Z] [DEBUG] MongoDB connection closed
[2025-08-15T10:32:49.689Z] [INFO] Checking for scheduled reports...
[2025-08-15T10:32:50.413Z] [DEBUG] Connected to MongoDB
[2025-08-15T10:32:50.486Z] [INFO] Found 2 company databases
[2025-08-15T10:32:50.486Z] [DEBUG] Processing company database: company_ieebsmug
[2025-08-15T10:32:50.550Z] [DEBUG] Skipping company_ieebsmug: No scheduled reports collection found
[2025-08-15T10:32:50.550Z] [DEBUG] Processing company database: company_ry0iwbpw
[2025-08-15T10:32:50.623Z] [DEBUG] Finding reports to execute in company_ry0iwbpw (current time: 2025-08-15T10:32:50.623Z)
[2025-08-15T10:32:50.688Z] [INFO] Found 0 reports to execute in company_ry0iwbpw
[2025-08-15T10:32:50.688Z] [INFO] Scheduled reports check completed
[2025-08-15T10:32:50.691Z] [DEBUG] MongoDB connection closed
[2025-08-15T10:32:59.690Z] [INFO] Checking for scheduled reports...
[2025-08-15T10:33:00.549Z] [DEBUG] Connected to MongoDB
[2025-08-15T10:33:00.620Z] [INFO] Found 2 company databases
[2025-08-15T10:33:00.620Z] [DEBUG] Processing company database: company_ieebsmug
[2025-08-15T10:33:00.684Z] [DEBUG] Skipping company_ieebsmug: No scheduled reports collection found
[2025-08-15T10:33:00.685Z] [DEBUG] Processing company database: company_ry0iwbpw
[2025-08-15T10:33:00.748Z] [DEBUG] Finding reports to execute in company_ry0iwbpw (current time: 2025-08-15T10:33:00.748Z)
[2025-08-15T10:33:00.812Z] [INFO] Found 0 reports to execute in company_ry0iwbpw
[2025-08-15T10:33:00.813Z] [INFO] Scheduled reports check completed
[2025-08-15T10:33:00.816Z] [DEBUG] MongoDB connection closed
[2025-08-15T10:33:09.691Z] [INFO] Checking for scheduled reports...
[2025-08-15T10:33:10.405Z] [DEBUG] Connected to MongoDB
[2025-08-15T10:33:10.486Z] [INFO] Found 2 company databases
[2025-08-15T10:33:10.487Z] [DEBUG] Processing company database: company_ieebsmug
[2025-08-15T10:33:10.549Z] [DEBUG] Skipping company_ieebsmug: No scheduled reports collection found
[2025-08-15T10:33:10.550Z] [DEBUG] Processing company database: company_ry0iwbpw
[2025-08-15T10:33:10.613Z] [DEBUG] Finding reports to execute in company_ry0iwbpw (current time: 2025-08-15T10:33:10.613Z)
[2025-08-15T10:33:10.682Z] [INFO] Found 0 reports to execute in company_ry0iwbpw
[2025-08-15T10:33:10.683Z] [INFO] Scheduled reports check completed
[2025-08-15T10:33:10.684Z] [DEBUG] MongoDB connection closed
[2025-08-15T10:33:19.692Z] [INFO] Checking for scheduled reports...
[2025-08-15T10:33:20.494Z] [DEBUG] Connected to MongoDB
[2025-08-15T10:33:20.566Z] [INFO] Found 2 company databases
[2025-08-15T10:33:20.567Z] [DEBUG] Processing company database: company_ieebsmug
[2025-08-15T10:33:20.631Z] [DEBUG] Skipping company_ieebsmug: No scheduled reports collection found
[2025-08-15T10:33:20.631Z] [DEBUG] Processing company database: company_ry0iwbpw
[2025-08-15T10:33:20.695Z] [DEBUG] Finding reports to execute in company_ry0iwbpw (current time: 2025-08-15T10:33:20.695Z)
[2025-08-15T10:33:20.758Z] [INFO] Found 0 reports to execute in company_ry0iwbpw
[2025-08-15T10:33:20.759Z] [INFO] Scheduled reports check completed
[2025-08-15T10:33:20.761Z] [DEBUG] MongoDB connection closed
[2025-08-15T10:33:29.692Z] [INFO] Checking for scheduled reports...
[2025-08-15T10:33:30.409Z] [DEBUG] Connected to MongoDB
[2025-08-15T10:33:30.484Z] [INFO] Found 2 company databases
[2025-08-15T10:33:30.485Z] [DEBUG] Processing company database: company_ieebsmug
[2025-08-15T10:33:30.547Z] [DEBUG] Skipping company_ieebsmug: No scheduled reports collection found
[2025-08-15T10:33:30.548Z] [DEBUG] Processing company database: company_ry0iwbpw
[2025-08-15T10:33:30.613Z] [DEBUG] Finding reports to execute in company_ry0iwbpw (current time: 2025-08-15T10:33:30.613Z)
[2025-08-15T10:33:30.677Z] [INFO] Found 0 reports to execute in company_ry0iwbpw
[2025-08-15T10:33:30.678Z] [INFO] Scheduled reports check completed
[2025-08-15T10:33:30.681Z] [DEBUG] MongoDB connection closed
[2025-08-15T10:33:39.693Z] [INFO] Checking for scheduled reports...
[2025-08-15T10:33:40.401Z] [DEBUG] Connected to MongoDB
[2025-08-15T10:33:40.473Z] [INFO] Found 2 company databases
[2025-08-15T10:33:40.474Z] [DEBUG] Processing company database: company_ieebsmug
[2025-08-15T10:33:40.538Z] [DEBUG] Skipping company_ieebsmug: No scheduled reports collection found
[2025-08-15T10:33:40.539Z] [DEBUG] Processing company database: company_ry0iwbpw
[2025-08-15T10:33:40.603Z] [DEBUG] Finding reports to execute in company_ry0iwbpw (current time: 2025-08-15T10:33:40.603Z)
[2025-08-15T10:33:40.672Z] [INFO] Found 0 reports to execute in company_ry0iwbpw
[2025-08-15T10:33:40.673Z] [INFO] Scheduled reports check completed
[2025-08-15T10:33:40.676Z] [DEBUG] MongoDB connection closed
[2025-08-15T10:33:49.694Z] [INFO] Checking for scheduled reports...
[2025-08-15T10:33:50.408Z] [DEBUG] Connected to MongoDB
[2025-08-15T10:33:50.478Z] [INFO] Found 2 company databases
[2025-08-15T10:33:50.479Z] [DEBUG] Processing company database: company_ieebsmug
[2025-08-15T10:33:50.542Z] [DEBUG] Skipping company_ieebsmug: No scheduled reports collection found
[2025-08-15T10:33:50.542Z] [DEBUG] Processing company database: company_ry0iwbpw
[2025-08-15T10:33:50.608Z] [DEBUG] Finding reports to execute in company_ry0iwbpw (current time: 2025-08-15T10:33:50.608Z)
[2025-08-15T10:33:50.672Z] [INFO] Found 0 reports to execute in company_ry0iwbpw
[2025-08-15T10:33:50.672Z] [INFO] Scheduled reports check completed
[2025-08-15T10:33:50.674Z] [DEBUG] MongoDB connection closed
[2025-08-15T10:33:59.695Z] [INFO] Checking for scheduled reports...
[2025-08-15T10:34:00.402Z] [DEBUG] Connected to MongoDB
[2025-08-15T10:34:00.474Z] [INFO] Found 2 company databases
[2025-08-15T10:34:00.474Z] [DEBUG] Processing company database: company_ieebsmug
[2025-08-15T10:34:00.542Z] [DEBUG] Skipping company_ieebsmug: No scheduled reports collection found
[2025-08-15T10:34:00.543Z] [DEBUG] Processing company database: company_ry0iwbpw
[2025-08-15T10:34:00.607Z] [DEBUG] Finding reports to execute in company_ry0iwbpw (current time: 2025-08-15T10:34:00.607Z)
[2025-08-15T10:34:00.671Z] [INFO] Found 0 reports to execute in company_ry0iwbpw
[2025-08-15T10:34:00.672Z] [INFO] Scheduled reports check completed
[2025-08-15T10:34:00.675Z] [DEBUG] MongoDB connection closed
[2025-08-15T10:34:09.696Z] [INFO] Checking for scheduled reports...
[2025-08-15T10:34:10.407Z] [DEBUG] Connected to MongoDB
[2025-08-15T10:34:10.478Z] [INFO] Found 2 company databases
[2025-08-15T10:34:10.478Z] [DEBUG] Processing company database: company_ieebsmug
[2025-08-15T10:34:10.542Z] [DEBUG] Skipping company_ieebsmug: No scheduled reports collection found
[2025-08-15T10:34:10.542Z] [DEBUG] Processing company database: company_ry0iwbpw
[2025-08-15T10:34:10.605Z] [DEBUG] Finding reports to execute in company_ry0iwbpw (current time: 2025-08-15T10:34:10.605Z)
[2025-08-15T10:34:10.669Z] [INFO] Found 0 reports to execute in company_ry0iwbpw
[2025-08-15T10:34:10.669Z] [INFO] Scheduled reports check completed
[2025-08-15T10:34:10.671Z] [DEBUG] MongoDB connection closed
[2025-08-15T10:34:19.697Z] [INFO] Checking for scheduled reports...
[2025-08-15T10:34:20.626Z] [DEBUG] Connected to MongoDB
[2025-08-15T10:34:20.696Z] [INFO] Found 2 company databases
[2025-08-15T10:34:20.697Z] [DEBUG] Processing company database: company_ieebsmug
[2025-08-15T10:34:20.760Z] [DEBUG] Skipping company_ieebsmug: No scheduled reports collection found
[2025-08-15T10:34:20.760Z] [DEBUG] Processing company database: company_ry0iwbpw
[2025-08-15T10:34:20.824Z] [DEBUG] Finding reports to execute in company_ry0iwbpw (current time: 2025-08-15T10:34:20.824Z)
[2025-08-15T10:34:20.890Z] [INFO] Found 0 reports to execute in company_ry0iwbpw
[2025-08-15T10:34:20.890Z] [INFO] Scheduled reports check completed
[2025-08-15T10:34:20.893Z] [DEBUG] MongoDB connection closed
[2025-08-15T10:34:29.698Z] [INFO] Checking for scheduled reports...
[2025-08-15T10:34:30.415Z] [DEBUG] Connected to MongoDB
[2025-08-15T10:34:30.487Z] [INFO] Found 2 company databases
[2025-08-15T10:34:30.488Z] [DEBUG] Processing company database: company_ieebsmug
[2025-08-15T10:34:30.551Z] [DEBUG] Skipping company_ieebsmug: No scheduled reports collection found
[2025-08-15T10:34:30.552Z] [DEBUG] Processing company database: company_ry0iwbpw
[2025-08-15T10:34:30.615Z] [DEBUG] Finding reports to execute in company_ry0iwbpw (current time: 2025-08-15T10:34:30.615Z)
[2025-08-15T10:34:30.678Z] [INFO] Found 0 reports to execute in company_ry0iwbpw
[2025-08-15T10:34:30.679Z] [INFO] Scheduled reports check completed
[2025-08-15T10:34:30.680Z] [DEBUG] MongoDB connection closed
[2025-08-15T10:34:39.700Z] [INFO] Checking for scheduled reports...
[2025-08-15T10:34:40.412Z] [DEBUG] Connected to MongoDB
[2025-08-15T10:34:40.484Z] [INFO] Found 2 company databases
[2025-08-15T10:34:40.485Z] [DEBUG] Processing company database: company_ieebsmug
[2025-08-15T10:34:40.548Z] [DEBUG] Skipping company_ieebsmug: No scheduled reports collection found
[2025-08-15T10:34:40.549Z] [DEBUG] Processing company database: company_ry0iwbpw
[2025-08-15T10:34:40.612Z] [DEBUG] Finding reports to execute in company_ry0iwbpw (current time: 2025-08-15T10:34:40.612Z)
[2025-08-15T10:34:40.676Z] [INFO] Found 0 reports to execute in company_ry0iwbpw
[2025-08-15T10:34:40.676Z] [INFO] Scheduled reports check completed
[2025-08-15T10:34:40.678Z] [DEBUG] MongoDB connection closed
[2025-08-15T10:34:49.700Z] [INFO] Checking for scheduled reports...
[2025-08-15T10:34:50.427Z] [DEBUG] Connected to MongoDB
[2025-08-15T10:34:50.499Z] [INFO] Found 2 company databases
[2025-08-15T10:34:50.500Z] [DEBUG] Processing company database: company_ieebsmug
[2025-08-15T10:34:50.567Z] [DEBUG] Skipping company_ieebsmug: No scheduled reports collection found
[2025-08-15T10:34:50.567Z] [DEBUG] Processing company database: company_ry0iwbpw
[2025-08-15T10:34:50.632Z] [DEBUG] Finding reports to execute in company_ry0iwbpw (current time: 2025-08-15T10:34:50.632Z)
[2025-08-15T10:34:50.697Z] [INFO] Found 0 reports to execute in company_ry0iwbpw
[2025-08-15T10:34:50.698Z] [INFO] Scheduled reports check completed
[2025-08-15T10:34:50.700Z] [DEBUG] MongoDB connection closed
[2025-08-15T10:34:59.701Z] [INFO] Checking for scheduled reports...
[2025-08-15T10:35:01.244Z] [DEBUG] Connected to MongoDB
[2025-08-15T10:35:01.370Z] [INFO] Found 2 company databases
[2025-08-15T10:35:01.371Z] [DEBUG] Processing company database: company_ieebsmug
[2025-08-15T10:35:01.496Z] [DEBUG] Skipping company_ieebsmug: No scheduled reports collection found
[2025-08-15T10:35:01.497Z] [DEBUG] Processing company database: company_ry0iwbpw
[2025-08-15T10:35:01.622Z] [DEBUG] Finding reports to execute in company_ry0iwbpw (current time: 2025-08-15T10:35:01.622Z)
[2025-08-15T10:35:01.727Z] [INFO] Found 0 reports to execute in company_ry0iwbpw
[2025-08-15T10:35:01.728Z] [INFO] Scheduled reports check completed
[2025-08-15T10:35:01.729Z] [DEBUG] MongoDB connection closed
[2025-08-15T10:35:09.702Z] [INFO] Checking for scheduled reports...
[2025-08-15T10:35:10.431Z] [DEBUG] Connected to MongoDB
[2025-08-15T10:35:10.502Z] [INFO] Found 2 company databases
[2025-08-15T10:35:10.503Z] [DEBUG] Processing company database: company_ieebsmug
[2025-08-15T10:35:10.566Z] [DEBUG] Skipping company_ieebsmug: No scheduled reports collection found
[2025-08-15T10:35:10.567Z] [DEBUG] Processing company database: company_ry0iwbpw
[2025-08-15T10:35:10.632Z] [DEBUG] Finding reports to execute in company_ry0iwbpw (current time: 2025-08-15T10:35:10.632Z)
[2025-08-15T10:35:10.698Z] [INFO] Found 0 reports to execute in company_ry0iwbpw
[2025-08-15T10:35:10.699Z] [INFO] Scheduled reports check completed
[2025-08-15T10:35:10.702Z] [DEBUG] MongoDB connection closed
[2025-08-15T10:35:19.703Z] [INFO] Checking for scheduled reports...
[2025-08-15T10:35:20.580Z] [DEBUG] Connected to MongoDB
[2025-08-15T10:35:20.653Z] [INFO] Found 2 company databases
[2025-08-15T10:35:20.653Z] [DEBUG] Processing company database: company_ieebsmug
[2025-08-15T10:35:20.717Z] [DEBUG] Skipping company_ieebsmug: No scheduled reports collection found
[2025-08-15T10:35:20.718Z] [DEBUG] Processing company database: company_ry0iwbpw
[2025-08-15T10:35:20.783Z] [DEBUG] Finding reports to execute in company_ry0iwbpw (current time: 2025-08-15T10:35:20.783Z)
[2025-08-15T10:35:20.847Z] [INFO] Found 0 reports to execute in company_ry0iwbpw
[2025-08-15T10:35:20.847Z] [INFO] Scheduled reports check completed
[2025-08-15T10:35:20.849Z] [DEBUG] MongoDB connection closed
[2025-08-15T10:35:29.703Z] [INFO] Checking for scheduled reports...
[2025-08-15T10:35:30.427Z] [DEBUG] Connected to MongoDB
[2025-08-15T10:35:30.503Z] [INFO] Found 2 company databases
[2025-08-15T10:35:30.504Z] [DEBUG] Processing company database: company_ieebsmug
[2025-08-15T10:35:30.569Z] [DEBUG] Skipping company_ieebsmug: No scheduled reports collection found
[2025-08-15T10:35:30.569Z] [DEBUG] Processing company database: company_ry0iwbpw
[2025-08-15T10:35:30.634Z] [DEBUG] Finding reports to execute in company_ry0iwbpw (current time: 2025-08-15T10:35:30.634Z)
[2025-08-15T10:35:30.703Z] [INFO] Found 0 reports to execute in company_ry0iwbpw
[2025-08-15T10:35:30.704Z] [INFO] Scheduled reports check completed
[2025-08-15T10:35:30.706Z] [DEBUG] MongoDB connection closed
[2025-08-15T10:35:39.704Z] [INFO] Checking for scheduled reports...
[2025-08-15T10:35:40.707Z] [DEBUG] Connected to MongoDB
[2025-08-15T10:35:40.779Z] [INFO] Found 2 company databases
[2025-08-15T10:35:40.780Z] [DEBUG] Processing company database: company_ieebsmug
[2025-08-15T10:35:40.846Z] [DEBUG] Skipping company_ieebsmug: No scheduled reports collection found
[2025-08-15T10:35:40.847Z] [DEBUG] Processing company database: company_ry0iwbpw
[2025-08-15T10:35:40.919Z] [DEBUG] Finding reports to execute in company_ry0iwbpw (current time: 2025-08-15T10:35:40.919Z)
[2025-08-15T10:35:40.983Z] [INFO] Found 0 reports to execute in company_ry0iwbpw
[2025-08-15T10:35:40.984Z] [INFO] Scheduled reports check completed
[2025-08-15T10:35:40.988Z] [DEBUG] MongoDB connection closed
[2025-08-15T10:35:49.705Z] [INFO] Checking for scheduled reports...
[2025-08-15T10:35:50.660Z] [DEBUG] Connected to MongoDB
[2025-08-15T10:35:50.748Z] [INFO] Found 2 company databases
[2025-08-15T10:35:50.749Z] [DEBUG] Processing company database: company_ieebsmug
[2025-08-15T10:35:50.927Z] [DEBUG] Skipping company_ieebsmug: No scheduled reports collection found
[2025-08-15T10:35:50.928Z] [DEBUG] Processing company database: company_ry0iwbpw
[2025-08-15T10:35:51.003Z] [DEBUG] Finding reports to execute in company_ry0iwbpw (current time: 2025-08-15T10:35:51.003Z)
[2025-08-15T10:35:51.160Z] [INFO] Found 0 reports to execute in company_ry0iwbpw
[2025-08-15T10:35:51.161Z] [INFO] Scheduled reports check completed
[2025-08-15T10:35:51.163Z] [DEBUG] MongoDB connection closed
[2025-08-15T10:35:59.706Z] [INFO] Checking for scheduled reports...
[2025-08-15T10:36:00.404Z] [DEBUG] Connected to MongoDB
[2025-08-15T10:36:00.474Z] [INFO] Found 2 company databases
[2025-08-15T10:36:00.475Z] [DEBUG] Processing company database: company_ieebsmug
[2025-08-15T10:36:00.537Z] [DEBUG] Skipping company_ieebsmug: No scheduled reports collection found
[2025-08-15T10:36:00.538Z] [DEBUG] Processing company database: company_ry0iwbpw
[2025-08-15T10:36:00.600Z] [DEBUG] Finding reports to execute in company_ry0iwbpw (current time: 2025-08-15T10:36:00.600Z)
[2025-08-15T10:36:00.662Z] [INFO] Found 0 reports to execute in company_ry0iwbpw
[2025-08-15T10:36:00.662Z] [INFO] Scheduled reports check completed
[2025-08-15T10:36:00.663Z] [DEBUG] MongoDB connection closed
[2025-08-15T10:36:09.707Z] [INFO] Checking for scheduled reports...
[2025-08-15T10:36:10.406Z] [DEBUG] Connected to MongoDB
[2025-08-15T10:36:10.476Z] [INFO] Found 2 company databases
[2025-08-15T10:36:10.477Z] [DEBUG] Processing company database: company_ieebsmug
[2025-08-15T10:36:10.546Z] [DEBUG] Skipping company_ieebsmug: No scheduled reports collection found
[2025-08-15T10:36:10.546Z] [DEBUG] Processing company database: company_ry0iwbpw
[2025-08-15T10:36:10.608Z] [DEBUG] Finding reports to execute in company_ry0iwbpw (current time: 2025-08-15T10:36:10.608Z)
[2025-08-15T10:36:10.670Z] [INFO] Found 0 reports to execute in company_ry0iwbpw
[2025-08-15T10:36:10.671Z] [INFO] Scheduled reports check completed
[2025-08-15T10:36:10.672Z] [DEBUG] MongoDB connection closed
[2025-08-15T10:36:19.708Z] [INFO] Checking for scheduled reports...
[2025-08-15T10:36:20.509Z] [DEBUG] Connected to MongoDB
[2025-08-15T10:36:20.580Z] [INFO] Found 2 company databases
[2025-08-15T10:36:20.581Z] [DEBUG] Processing company database: company_ieebsmug
[2025-08-15T10:36:20.645Z] [DEBUG] Skipping company_ieebsmug: No scheduled reports collection found
[2025-08-15T10:36:20.646Z] [DEBUG] Processing company database: company_ry0iwbpw
[2025-08-15T10:36:20.708Z] [DEBUG] Finding reports to execute in company_ry0iwbpw (current time: 2025-08-15T10:36:20.708Z)
[2025-08-15T10:36:20.771Z] [INFO] Found 0 reports to execute in company_ry0iwbpw
[2025-08-15T10:36:20.772Z] [INFO] Scheduled reports check completed
[2025-08-15T10:36:20.773Z] [DEBUG] MongoDB connection closed
[2025-08-15T10:36:29.708Z] [INFO] Checking for scheduled reports...
[2025-08-15T10:36:31.083Z] [DEBUG] Connected to MongoDB
[2025-08-15T10:36:31.210Z] [INFO] Found 2 company databases
[2025-08-15T10:36:31.211Z] [DEBUG] Processing company database: company_ieebsmug
[2025-08-15T10:36:31.335Z] [DEBUG] Skipping company_ieebsmug: No scheduled reports collection found
[2025-08-15T10:36:31.335Z] [DEBUG] Processing company database: company_ry0iwbpw
[2025-08-15T10:36:31.458Z] [DEBUG] Finding reports to execute in company_ry0iwbpw (current time: 2025-08-15T10:36:31.458Z)
[2025-08-15T10:36:31.583Z] [INFO] Found 0 reports to execute in company_ry0iwbpw
[2025-08-15T10:36:31.584Z] [INFO] Scheduled reports check completed
[2025-08-15T10:36:31.586Z] [DEBUG] MongoDB connection closed
[2025-08-15T10:36:39.708Z] [INFO] Checking for scheduled reports...
[2025-08-15T10:36:40.453Z] [DEBUG] Connected to MongoDB
[2025-08-15T10:36:40.525Z] [INFO] Found 2 company databases
[2025-08-15T10:36:40.526Z] [DEBUG] Processing company database: company_ieebsmug
[2025-08-15T10:36:40.589Z] [DEBUG] Skipping company_ieebsmug: No scheduled reports collection found
[2025-08-15T10:36:40.589Z] [DEBUG] Processing company database: company_ry0iwbpw
[2025-08-15T10:36:40.666Z] [DEBUG] Finding reports to execute in company_ry0iwbpw (current time: 2025-08-15T10:36:40.666Z)
[2025-08-15T10:36:40.729Z] [INFO] Found 0 reports to execute in company_ry0iwbpw
[2025-08-15T10:36:40.730Z] [INFO] Scheduled reports check completed
[2025-08-15T10:36:40.732Z] [DEBUG] MongoDB connection closed
[2025-08-15T10:36:49.709Z] [INFO] Checking for scheduled reports...
[2025-08-15T10:36:50.419Z] [DEBUG] Connected to MongoDB
[2025-08-15T10:36:50.491Z] [INFO] Found 2 company databases
[2025-08-15T10:36:50.492Z] [DEBUG] Processing company database: company_ieebsmug
[2025-08-15T10:36:50.555Z] [DEBUG] Skipping company_ieebsmug: No scheduled reports collection found
[2025-08-15T10:36:50.555Z] [DEBUG] Processing company database: company_ry0iwbpw
[2025-08-15T10:36:50.620Z] [DEBUG] Finding reports to execute in company_ry0iwbpw (current time: 2025-08-15T10:36:50.620Z)
[2025-08-15T10:36:50.683Z] [INFO] Found 0 reports to execute in company_ry0iwbpw
[2025-08-15T10:36:50.684Z] [INFO] Scheduled reports check completed
[2025-08-15T10:36:50.686Z] [DEBUG] MongoDB connection closed
[2025-08-15T10:36:59.711Z] [INFO] Checking for scheduled reports...
[2025-08-15T10:37:00.527Z] [DEBUG] Connected to MongoDB
[2025-08-15T10:37:00.600Z] [INFO] Found 2 company databases
[2025-08-15T10:37:00.601Z] [DEBUG] Processing company database: company_ieebsmug
[2025-08-15T10:37:00.665Z] [DEBUG] Skipping company_ieebsmug: No scheduled reports collection found
[2025-08-15T10:37:00.666Z] [DEBUG] Processing company database: company_ry0iwbpw
[2025-08-15T10:37:00.730Z] [DEBUG] Finding reports to execute in company_ry0iwbpw (current time: 2025-08-15T10:37:00.730Z)
[2025-08-15T10:37:00.796Z] [INFO] Found 0 reports to execute in company_ry0iwbpw
[2025-08-15T10:37:00.797Z] [INFO] Scheduled reports check completed
[2025-08-15T10:37:00.799Z] [DEBUG] MongoDB connection closed
[2025-08-15T10:37:09.711Z] [INFO] Checking for scheduled reports...
[2025-08-15T10:37:10.501Z] [DEBUG] Connected to MongoDB
[2025-08-15T10:37:10.576Z] [INFO] Found 2 company databases
[2025-08-15T10:37:10.577Z] [DEBUG] Processing company database: company_ieebsmug
[2025-08-15T10:37:10.640Z] [DEBUG] Skipping company_ieebsmug: No scheduled reports collection found
[2025-08-15T10:37:10.641Z] [DEBUG] Processing company database: company_ry0iwbpw
[2025-08-15T10:37:10.713Z] [DEBUG] Finding reports to execute in company_ry0iwbpw (current time: 2025-08-15T10:37:10.713Z)
[2025-08-15T10:37:10.778Z] [INFO] Found 0 reports to execute in company_ry0iwbpw
[2025-08-15T10:37:10.778Z] [INFO] Scheduled reports check completed
[2025-08-15T10:37:10.781Z] [DEBUG] MongoDB connection closed
[2025-08-15T10:37:19.712Z] [INFO] Checking for scheduled reports...
[2025-08-15T10:37:20.469Z] [DEBUG] Connected to MongoDB
[2025-08-15T10:37:20.541Z] [INFO] Found 2 company databases
[2025-08-15T10:37:20.542Z] [DEBUG] Processing company database: company_ieebsmug
[2025-08-15T10:37:20.606Z] [DEBUG] Skipping company_ieebsmug: No scheduled reports collection found
[2025-08-15T10:37:20.606Z] [DEBUG] Processing company database: company_ry0iwbpw
[2025-08-15T10:37:20.677Z] [DEBUG] Finding reports to execute in company_ry0iwbpw (current time: 2025-08-15T10:37:20.676Z)
[2025-08-15T10:37:20.740Z] [INFO] Found 0 reports to execute in company_ry0iwbpw
[2025-08-15T10:37:20.741Z] [INFO] Scheduled reports check completed
[2025-08-15T10:37:20.744Z] [DEBUG] MongoDB connection closed
[2025-08-15T10:37:29.712Z] [INFO] Checking for scheduled reports...
[2025-08-15T10:37:30.453Z] [DEBUG] Connected to MongoDB
[2025-08-15T10:37:30.537Z] [INFO] Found 2 company databases
[2025-08-15T10:37:30.538Z] [DEBUG] Processing company database: company_ieebsmug
[2025-08-15T10:37:30.601Z] [DEBUG] Skipping company_ieebsmug: No scheduled reports collection found
[2025-08-15T10:37:30.602Z] [DEBUG] Processing company database: company_ry0iwbpw
[2025-08-15T10:37:30.666Z] [DEBUG] Finding reports to execute in company_ry0iwbpw (current time: 2025-08-15T10:37:30.666Z)
[2025-08-15T10:37:30.730Z] [INFO] Found 0 reports to execute in company_ry0iwbpw
[2025-08-15T10:37:30.730Z] [INFO] Scheduled reports check completed
[2025-08-15T10:37:30.733Z] [DEBUG] MongoDB connection closed
[2025-08-15T10:37:39.712Z] [INFO] Checking for scheduled reports...
[2025-08-15T10:37:40.428Z] [DEBUG] Connected to MongoDB
[2025-08-15T10:37:40.506Z] [INFO] Found 2 company databases
[2025-08-15T10:37:40.507Z] [DEBUG] Processing company database: company_ieebsmug
[2025-08-15T10:37:40.570Z] [DEBUG] Skipping company_ieebsmug: No scheduled reports collection found
[2025-08-15T10:37:40.571Z] [DEBUG] Processing company database: company_ry0iwbpw
[2025-08-15T10:37:40.636Z] [DEBUG] Finding reports to execute in company_ry0iwbpw (current time: 2025-08-15T10:37:40.636Z)
[2025-08-15T10:37:40.700Z] [INFO] Found 0 reports to execute in company_ry0iwbpw
[2025-08-15T10:37:40.700Z] [INFO] Scheduled reports check completed
[2025-08-15T10:37:40.703Z] [DEBUG] MongoDB connection closed
[2025-08-15T10:37:49.713Z] [INFO] Checking for scheduled reports...
[2025-08-15T10:37:50.441Z] [DEBUG] Connected to MongoDB
[2025-08-15T10:37:50.512Z] [INFO] Found 2 company databases
[2025-08-15T10:37:50.513Z] [DEBUG] Processing company database: company_ieebsmug
[2025-08-15T10:37:50.582Z] [DEBUG] Skipping company_ieebsmug: No scheduled reports collection found
[2025-08-15T10:37:50.582Z] [DEBUG] Processing company database: company_ry0iwbpw
[2025-08-15T10:37:50.648Z] [DEBUG] Finding reports to execute in company_ry0iwbpw (current time: 2025-08-15T10:37:50.647Z)
[2025-08-15T10:37:50.711Z] [INFO] Found 0 reports to execute in company_ry0iwbpw
[2025-08-15T10:37:50.712Z] [INFO] Scheduled reports check completed
[2025-08-15T10:37:50.715Z] [DEBUG] MongoDB connection closed
[2025-08-15T10:37:59.713Z] [INFO] Checking for scheduled reports...
[2025-08-15T10:38:01.415Z] [DEBUG] Connected to MongoDB
[2025-08-15T10:38:01.539Z] [INFO] Found 2 company databases
[2025-08-15T10:38:01.540Z] [DEBUG] Processing company database: company_ieebsmug
[2025-08-15T10:38:01.666Z] [DEBUG] Skipping company_ieebsmug: No scheduled reports collection found
[2025-08-15T10:38:01.667Z] [DEBUG] Processing company database: company_ry0iwbpw
[2025-08-15T10:38:01.791Z] [DEBUG] Finding reports to execute in company_ry0iwbpw (current time: 2025-08-15T10:38:01.791Z)
[2025-08-15T10:38:01.914Z] [INFO] Found 0 reports to execute in company_ry0iwbpw
[2025-08-15T10:38:01.915Z] [INFO] Scheduled reports check completed
[2025-08-15T10:38:01.918Z] [DEBUG] MongoDB connection closed
[2025-08-15T10:38:09.714Z] [INFO] Checking for scheduled reports...
[2025-08-15T10:38:10.428Z] [DEBUG] Connected to MongoDB
[2025-08-15T10:38:10.511Z] [INFO] Found 2 company databases
[2025-08-15T10:38:10.511Z] [DEBUG] Processing company database: company_ieebsmug
[2025-08-15T10:38:10.574Z] [DEBUG] Skipping company_ieebsmug: No scheduled reports collection found
[2025-08-15T10:38:10.574Z] [DEBUG] Processing company database: company_ry0iwbpw
[2025-08-15T10:38:10.640Z] [DEBUG] Finding reports to execute in company_ry0iwbpw (current time: 2025-08-15T10:38:10.640Z)
[2025-08-15T10:38:10.708Z] [INFO] Found 0 reports to execute in company_ry0iwbpw
[2025-08-15T10:38:10.708Z] [INFO] Scheduled reports check completed
[2025-08-15T10:38:10.710Z] [DEBUG] MongoDB connection closed
[2025-08-15T10:38:19.715Z] [INFO] Checking for scheduled reports...
[2025-08-15T10:38:20.707Z] [DEBUG] Connected to MongoDB
[2025-08-15T10:38:20.781Z] [INFO] Found 2 company databases
[2025-08-15T10:38:20.781Z] [DEBUG] Processing company database: company_ieebsmug
[2025-08-15T10:38:20.844Z] [DEBUG] Skipping company_ieebsmug: No scheduled reports collection found
[2025-08-15T10:38:20.845Z] [DEBUG] Processing company database: company_ry0iwbpw
[2025-08-15T10:38:20.909Z] [DEBUG] Finding reports to execute in company_ry0iwbpw (current time: 2025-08-15T10:38:20.909Z)
[2025-08-15T10:38:20.979Z] [INFO] Found 0 reports to execute in company_ry0iwbpw
[2025-08-15T10:38:20.980Z] [INFO] Scheduled reports check completed
[2025-08-15T10:38:20.982Z] [DEBUG] MongoDB connection closed
[2025-08-15T10:38:29.717Z] [INFO] Checking for scheduled reports...
[2025-08-15T10:38:30.439Z] [DEBUG] Connected to MongoDB
[2025-08-15T10:38:30.510Z] [INFO] Found 2 company databases
[2025-08-15T10:38:30.510Z] [DEBUG] Processing company database: company_ieebsmug
[2025-08-15T10:38:30.573Z] [DEBUG] Skipping company_ieebsmug: No scheduled reports collection found
[2025-08-15T10:38:30.573Z] [DEBUG] Processing company database: company_ry0iwbpw
[2025-08-15T10:38:30.636Z] [DEBUG] Finding reports to execute in company_ry0iwbpw (current time: 2025-08-15T10:38:30.636Z)
[2025-08-15T10:38:30.700Z] [INFO] Found 0 reports to execute in company_ry0iwbpw
[2025-08-15T10:38:30.701Z] [INFO] Scheduled reports check completed
[2025-08-15T10:38:30.703Z] [DEBUG] MongoDB connection closed
[2025-08-15T10:38:39.717Z] [INFO] Checking for scheduled reports...
[2025-08-15T10:38:40.443Z] [DEBUG] Connected to MongoDB
[2025-08-15T10:38:40.514Z] [INFO] Found 2 company databases
[2025-08-15T10:38:40.515Z] [DEBUG] Processing company database: company_ieebsmug
[2025-08-15T10:38:40.578Z] [DEBUG] Skipping company_ieebsmug: No scheduled reports collection found
[2025-08-15T10:38:40.579Z] [DEBUG] Processing company database: company_ry0iwbpw
[2025-08-15T10:38:40.645Z] [DEBUG] Finding reports to execute in company_ry0iwbpw (current time: 2025-08-15T10:38:40.645Z)
[2025-08-15T10:38:40.710Z] [INFO] Found 0 reports to execute in company_ry0iwbpw
[2025-08-15T10:38:40.711Z] [INFO] Scheduled reports check completed
[2025-08-15T10:38:40.715Z] [DEBUG] MongoDB connection closed
[2025-08-15T10:38:49.719Z] [INFO] Checking for scheduled reports...
[2025-08-15T10:38:50.456Z] [DEBUG] Connected to MongoDB
[2025-08-15T10:38:50.529Z] [INFO] Found 2 company databases
[2025-08-15T10:38:50.530Z] [DEBUG] Processing company database: company_ieebsmug
[2025-08-15T10:38:50.593Z] [DEBUG] Skipping company_ieebsmug: No scheduled reports collection found
[2025-08-15T10:38:50.594Z] [DEBUG] Processing company database: company_ry0iwbpw
[2025-08-15T10:38:50.680Z] [DEBUG] Finding reports to execute in company_ry0iwbpw (current time: 2025-08-15T10:38:50.680Z)
[2025-08-15T10:38:50.742Z] [INFO] Found 0 reports to execute in company_ry0iwbpw
[2025-08-15T10:38:50.743Z] [INFO] Scheduled reports check completed
[2025-08-15T10:38:50.745Z] [DEBUG] MongoDB connection closed
[2025-08-15T10:38:59.720Z] [INFO] Checking for scheduled reports...
[2025-08-15T10:39:00.448Z] [DEBUG] Connected to MongoDB
[2025-08-15T10:39:00.520Z] [INFO] Found 2 company databases
[2025-08-15T10:39:00.521Z] [DEBUG] Processing company database: company_ieebsmug
[2025-08-15T10:39:00.584Z] [DEBUG] Skipping company_ieebsmug: No scheduled reports collection found
[2025-08-15T10:39:00.585Z] [DEBUG] Processing company database: company_ry0iwbpw
[2025-08-15T10:39:00.649Z] [DEBUG] Finding reports to execute in company_ry0iwbpw (current time: 2025-08-15T10:39:00.649Z)
[2025-08-15T10:39:00.713Z] [INFO] Found 0 reports to execute in company_ry0iwbpw
[2025-08-15T10:39:00.714Z] [INFO] Scheduled reports check completed
[2025-08-15T10:39:00.717Z] [DEBUG] MongoDB connection closed
[2025-08-15T10:39:09.721Z] [INFO] Checking for scheduled reports...
[2025-08-15T10:39:10.458Z] [DEBUG] Connected to MongoDB
[2025-08-15T10:39:10.529Z] [INFO] Found 2 company databases
[2025-08-15T10:39:10.530Z] [DEBUG] Processing company database: company_ieebsmug
[2025-08-15T10:39:10.593Z] [DEBUG] Skipping company_ieebsmug: No scheduled reports collection found
[2025-08-15T10:39:10.593Z] [DEBUG] Processing company database: company_ry0iwbpw
[2025-08-15T10:39:10.656Z] [DEBUG] Finding reports to execute in company_ry0iwbpw (current time: 2025-08-15T10:39:10.656Z)
[2025-08-15T10:39:10.718Z] [INFO] Found 0 reports to execute in company_ry0iwbpw
[2025-08-15T10:39:10.718Z] [INFO] Scheduled reports check completed
[2025-08-15T10:39:10.720Z] [DEBUG] MongoDB connection closed
[2025-08-15T10:39:19.723Z] [INFO] Checking for scheduled reports...
[2025-08-15T10:39:20.477Z] [DEBUG] Connected to MongoDB
[2025-08-15T10:39:20.549Z] [INFO] Found 2 company databases
[2025-08-15T10:39:20.549Z] [DEBUG] Processing company database: company_ieebsmug
[2025-08-15T10:39:20.611Z] [DEBUG] Skipping company_ieebsmug: No scheduled reports collection found
[2025-08-15T10:39:20.612Z] [DEBUG] Processing company database: company_ry0iwbpw
[2025-08-15T10:39:20.677Z] [DEBUG] Finding reports to execute in company_ry0iwbpw (current time: 2025-08-15T10:39:20.677Z)
[2025-08-15T10:39:20.740Z] [INFO] Found 0 reports to execute in company_ry0iwbpw
[2025-08-15T10:39:20.741Z] [INFO] Scheduled reports check completed
[2025-08-15T10:39:20.742Z] [DEBUG] MongoDB connection closed
[2025-08-15T10:39:29.723Z] [INFO] Checking for scheduled reports...
[2025-08-15T10:39:30.524Z] [DEBUG] Connected to MongoDB
[2025-08-15T10:39:30.596Z] [INFO] Found 2 company databases
[2025-08-15T10:39:30.596Z] [DEBUG] Processing company database: company_ieebsmug
[2025-08-15T10:39:30.661Z] [DEBUG] Skipping company_ieebsmug: No scheduled reports collection found
[2025-08-15T10:39:30.662Z] [DEBUG] Processing company database: company_ry0iwbpw
[2025-08-15T10:39:30.725Z] [DEBUG] Finding reports to execute in company_ry0iwbpw (current time: 2025-08-15T10:39:30.725Z)
[2025-08-15T10:39:30.790Z] [INFO] Found 0 reports to execute in company_ry0iwbpw
[2025-08-15T10:39:30.790Z] [INFO] Scheduled reports check completed
[2025-08-15T10:39:30.793Z] [DEBUG] MongoDB connection closed
[2025-08-15T10:39:39.724Z] [INFO] Checking for scheduled reports...
[2025-08-15T10:39:40.579Z] [DEBUG] Connected to MongoDB
[2025-08-15T10:39:40.662Z] [INFO] Found 2 company databases
[2025-08-15T10:39:40.662Z] [DEBUG] Processing company database: company_ieebsmug
[2025-08-15T10:39:40.725Z] [DEBUG] Skipping company_ieebsmug: No scheduled reports collection found
[2025-08-15T10:39:40.725Z] [DEBUG] Processing company database: company_ry0iwbpw
[2025-08-15T10:39:40.788Z] [DEBUG] Finding reports to execute in company_ry0iwbpw (current time: 2025-08-15T10:39:40.788Z)
[2025-08-15T10:39:40.850Z] [INFO] Found 0 reports to execute in company_ry0iwbpw
[2025-08-15T10:39:40.850Z] [INFO] Scheduled reports check completed
[2025-08-15T10:39:40.852Z] [DEBUG] MongoDB connection closed
[2025-08-15T10:39:49.724Z] [INFO] Checking for scheduled reports...
[2025-08-15T10:39:50.445Z] [DEBUG] Connected to MongoDB
[2025-08-15T10:39:50.525Z] [INFO] Found 2 company databases
[2025-08-15T10:39:50.526Z] [DEBUG] Processing company database: company_ieebsmug
[2025-08-15T10:39:50.588Z] [DEBUG] Skipping company_ieebsmug: No scheduled reports collection found
[2025-08-15T10:39:50.589Z] [DEBUG] Processing company database: company_ry0iwbpw
[2025-08-15T10:39:50.651Z] [DEBUG] Finding reports to execute in company_ry0iwbpw (current time: 2025-08-15T10:39:50.651Z)
[2025-08-15T10:39:50.716Z] [INFO] Found 0 reports to execute in company_ry0iwbpw
[2025-08-15T10:39:50.716Z] [INFO] Scheduled reports check completed
[2025-08-15T10:39:50.718Z] [DEBUG] MongoDB connection closed
[2025-08-15T10:39:59.725Z] [INFO] Checking for scheduled reports...
[2025-08-15T10:40:00.450Z] [DEBUG] Connected to MongoDB
[2025-08-15T10:40:00.521Z] [INFO] Found 2 company databases
[2025-08-15T10:40:00.522Z] [DEBUG] Processing company database: company_ieebsmug
[2025-08-15T10:40:00.585Z] [DEBUG] Skipping company_ieebsmug: No scheduled reports collection found
[2025-08-15T10:40:00.586Z] [DEBUG] Processing company database: company_ry0iwbpw
[2025-08-15T10:40:00.649Z] [DEBUG] Finding reports to execute in company_ry0iwbpw (current time: 2025-08-15T10:40:00.649Z)
[2025-08-15T10:40:00.713Z] [INFO] Found 0 reports to execute in company_ry0iwbpw
[2025-08-15T10:40:00.714Z] [INFO] Scheduled reports check completed
[2025-08-15T10:40:00.716Z] [DEBUG] MongoDB connection closed
[2025-08-15T10:40:09.726Z] [INFO] Checking for scheduled reports...
[2025-08-15T10:40:10.448Z] [DEBUG] Connected to MongoDB
[2025-08-15T10:40:10.519Z] [INFO] Found 2 company databases
[2025-08-15T10:40:10.519Z] [DEBUG] Processing company database: company_ieebsmug
[2025-08-15T10:40:10.581Z] [DEBUG] Skipping company_ieebsmug: No scheduled reports collection found
[2025-08-15T10:40:10.581Z] [DEBUG] Processing company database: company_ry0iwbpw
[2025-08-15T10:40:10.644Z] [DEBUG] Finding reports to execute in company_ry0iwbpw (current time: 2025-08-15T10:40:10.644Z)
[2025-08-15T10:40:10.707Z] [INFO] Found 0 reports to execute in company_ry0iwbpw
[2025-08-15T10:40:10.707Z] [INFO] Scheduled reports check completed
[2025-08-15T10:40:10.709Z] [DEBUG] MongoDB connection closed
[2025-08-15T10:40:19.726Z] [INFO] Checking for scheduled reports...
[2025-08-15T10:40:20.446Z] [DEBUG] Connected to MongoDB
[2025-08-15T10:40:20.520Z] [INFO] Found 2 company databases
[2025-08-15T10:40:20.520Z] [DEBUG] Processing company database: company_ieebsmug
[2025-08-15T10:40:20.582Z] [DEBUG] Skipping company_ieebsmug: No scheduled reports collection found
[2025-08-15T10:40:20.582Z] [DEBUG] Processing company database: company_ry0iwbpw
[2025-08-15T10:40:20.646Z] [DEBUG] Finding reports to execute in company_ry0iwbpw (current time: 2025-08-15T10:40:20.646Z)
[2025-08-15T10:40:20.707Z] [INFO] Found 0 reports to execute in company_ry0iwbpw
[2025-08-15T10:40:20.707Z] [INFO] Scheduled reports check completed
[2025-08-15T10:40:20.708Z] [DEBUG] MongoDB connection closed
[2025-08-15T10:40:29.727Z] [INFO] Checking for scheduled reports...
[2025-08-15T10:40:30.484Z] [DEBUG] Connected to MongoDB
[2025-08-15T10:40:30.556Z] [INFO] Found 2 company databases
[2025-08-15T10:40:30.556Z] [DEBUG] Processing company database: company_ieebsmug
[2025-08-15T10:40:30.618Z] [DEBUG] Skipping company_ieebsmug: No scheduled reports collection found
[2025-08-15T10:40:30.618Z] [DEBUG] Processing company database: company_ry0iwbpw
[2025-08-15T10:40:30.681Z] [DEBUG] Finding reports to execute in company_ry0iwbpw (current time: 2025-08-15T10:40:30.681Z)
[2025-08-15T10:40:30.744Z] [INFO] Found 0 reports to execute in company_ry0iwbpw
[2025-08-15T10:40:30.745Z] [INFO] Scheduled reports check completed
[2025-08-15T10:40:30.747Z] [DEBUG] MongoDB connection closed
[2025-08-15T10:40:39.728Z] [INFO] Checking for scheduled reports...
[2025-08-15T10:40:40.469Z] [DEBUG] Connected to MongoDB
[2025-08-15T10:40:40.540Z] [INFO] Found 2 company databases
[2025-08-15T10:40:40.541Z] [DEBUG] Processing company database: company_ieebsmug
[2025-08-15T10:40:40.604Z] [DEBUG] Skipping company_ieebsmug: No scheduled reports collection found
[2025-08-15T10:40:40.605Z] [DEBUG] Processing company database: company_ry0iwbpw
[2025-08-15T10:40:40.668Z] [DEBUG] Finding reports to execute in company_ry0iwbpw (current time: 2025-08-15T10:40:40.668Z)
[2025-08-15T10:40:40.732Z] [INFO] Found 0 reports to execute in company_ry0iwbpw
[2025-08-15T10:40:40.733Z] [INFO] Scheduled reports check completed
[2025-08-15T10:40:40.736Z] [DEBUG] MongoDB connection closed
[2025-08-15T10:40:49.730Z] [INFO] Checking for scheduled reports...
[2025-08-15T10:40:50.462Z] [DEBUG] Connected to MongoDB
[2025-08-15T10:40:50.534Z] [INFO] Found 2 company databases
[2025-08-15T10:40:50.535Z] [DEBUG] Processing company database: company_ieebsmug
[2025-08-15T10:40:50.598Z] [DEBUG] Skipping company_ieebsmug: No scheduled reports collection found
[2025-08-15T10:40:50.599Z] [DEBUG] Processing company database: company_ry0iwbpw
[2025-08-15T10:40:50.662Z] [DEBUG] Finding reports to execute in company_ry0iwbpw (current time: 2025-08-15T10:40:50.662Z)
[2025-08-15T10:40:50.727Z] [INFO] Found 0 reports to execute in company_ry0iwbpw
[2025-08-15T10:40:50.727Z] [INFO] Scheduled reports check completed
[2025-08-15T10:40:50.730Z] [DEBUG] MongoDB connection closed
[2025-08-15T10:40:59.732Z] [INFO] Checking for scheduled reports...
[2025-08-15T10:41:01.332Z] [DEBUG] Connected to MongoDB
[2025-08-15T10:41:01.543Z] [INFO] Found 2 company databases
[2025-08-15T10:41:01.544Z] [DEBUG] Processing company database: company_ieebsmug
[2025-08-15T10:41:01.668Z] [DEBUG] Skipping company_ieebsmug: No scheduled reports collection found
[2025-08-15T10:41:01.668Z] [DEBUG] Processing company database: company_ry0iwbpw
[2025-08-15T10:41:01.794Z] [DEBUG] Finding reports to execute in company_ry0iwbpw (current time: 2025-08-15T10:41:01.794Z)
[2025-08-15T10:41:01.918Z] [INFO] Found 0 reports to execute in company_ry0iwbpw
[2025-08-15T10:41:01.919Z] [INFO] Scheduled reports check completed
[2025-08-15T10:41:01.922Z] [DEBUG] MongoDB connection closed
[2025-08-15T10:41:09.732Z] [INFO] Checking for scheduled reports...
[2025-08-15T10:41:10.460Z] [DEBUG] Connected to MongoDB
[2025-08-15T10:41:10.537Z] [INFO] Found 2 company databases
[2025-08-15T10:41:10.538Z] [DEBUG] Processing company database: company_ieebsmug
[2025-08-15T10:41:10.600Z] [DEBUG] Skipping company_ieebsmug: No scheduled reports collection found
[2025-08-15T10:41:10.601Z] [DEBUG] Processing company database: company_ry0iwbpw
[2025-08-15T10:41:10.664Z] [DEBUG] Finding reports to execute in company_ry0iwbpw (current time: 2025-08-15T10:41:10.664Z)
[2025-08-15T10:41:10.728Z] [INFO] Found 0 reports to execute in company_ry0iwbpw
[2025-08-15T10:41:10.728Z] [INFO] Scheduled reports check completed
[2025-08-15T10:41:10.731Z] [DEBUG] MongoDB connection closed
[2025-08-15T10:41:19.734Z] [INFO] Checking for scheduled reports...
[2025-08-15T10:41:20.589Z] [DEBUG] Connected to MongoDB
[2025-08-15T10:41:20.661Z] [INFO] Found 2 company databases
[2025-08-15T10:41:20.662Z] [DEBUG] Processing company database: company_ieebsmug
[2025-08-15T10:41:20.725Z] [DEBUG] Skipping company_ieebsmug: No scheduled reports collection found
[2025-08-15T10:41:20.726Z] [DEBUG] Processing company database: company_ry0iwbpw
[2025-08-15T10:41:20.790Z] [DEBUG] Finding reports to execute in company_ry0iwbpw (current time: 2025-08-15T10:41:20.790Z)
[2025-08-15T10:41:20.853Z] [INFO] Found 0 reports to execute in company_ry0iwbpw
[2025-08-15T10:41:20.854Z] [INFO] Scheduled reports check completed
[2025-08-15T10:41:20.856Z] [DEBUG] MongoDB connection closed
[2025-08-15T10:41:29.736Z] [INFO] Checking for scheduled reports...
[2025-08-15T10:41:30.471Z] [DEBUG] Connected to MongoDB
[2025-08-15T10:41:30.542Z] [INFO] Found 2 company databases
[2025-08-15T10:41:30.543Z] [DEBUG] Processing company database: company_ieebsmug
[2025-08-15T10:41:30.606Z] [DEBUG] Skipping company_ieebsmug: No scheduled reports collection found
[2025-08-15T10:41:30.607Z] [DEBUG] Processing company database: company_ry0iwbpw
[2025-08-15T10:41:30.670Z] [DEBUG] Finding reports to execute in company_ry0iwbpw (current time: 2025-08-15T10:41:30.670Z)
[2025-08-15T10:41:30.733Z] [INFO] Found 0 reports to execute in company_ry0iwbpw
[2025-08-15T10:41:30.733Z] [INFO] Scheduled reports check completed
[2025-08-15T10:41:30.735Z] [DEBUG] MongoDB connection closed
[2025-08-15T10:41:39.736Z] [INFO] Checking for scheduled reports...
[2025-08-15T10:41:40.459Z] [DEBUG] Connected to MongoDB
[2025-08-15T10:41:40.531Z] [INFO] Found 2 company databases
[2025-08-15T10:41:40.532Z] [DEBUG] Processing company database: company_ieebsmug
[2025-08-15T10:41:40.599Z] [DEBUG] Skipping company_ieebsmug: No scheduled reports collection found
[2025-08-15T10:41:40.599Z] [DEBUG] Processing company database: company_ry0iwbpw
[2025-08-15T10:41:40.665Z] [DEBUG] Finding reports to execute in company_ry0iwbpw (current time: 2025-08-15T10:41:40.665Z)
[2025-08-15T10:41:40.729Z] [INFO] Found 0 reports to execute in company_ry0iwbpw
[2025-08-15T10:41:40.730Z] [INFO] Scheduled reports check completed
[2025-08-15T10:41:40.732Z] [DEBUG] MongoDB connection closed
[2025-08-15T10:41:49.737Z] [INFO] Checking for scheduled reports...
[2025-08-15T10:41:50.473Z] [DEBUG] Connected to MongoDB
[2025-08-15T10:41:50.544Z] [INFO] Found 2 company databases
[2025-08-15T10:41:50.545Z] [DEBUG] Processing company database: company_ieebsmug
[2025-08-15T10:41:50.608Z] [DEBUG] Skipping company_ieebsmug: No scheduled reports collection found
[2025-08-15T10:41:50.609Z] [DEBUG] Processing company database: company_ry0iwbpw
[2025-08-15T10:41:50.672Z] [DEBUG] Finding reports to execute in company_ry0iwbpw (current time: 2025-08-15T10:41:50.672Z)
[2025-08-15T10:41:50.737Z] [INFO] Found 0 reports to execute in company_ry0iwbpw
[2025-08-15T10:41:50.737Z] [INFO] Scheduled reports check completed
[2025-08-15T10:41:50.740Z] [DEBUG] MongoDB connection closed
[2025-08-15T10:41:59.738Z] [INFO] Checking for scheduled reports...
[2025-08-15T10:42:00.463Z] [DEBUG] Connected to MongoDB
[2025-08-15T10:42:00.537Z] [INFO] Found 2 company databases
[2025-08-15T10:42:00.537Z] [DEBUG] Processing company database: company_ieebsmug
[2025-08-15T10:42:00.601Z] [DEBUG] Skipping company_ieebsmug: No scheduled reports collection found
[2025-08-15T10:42:00.602Z] [DEBUG] Processing company database: company_ry0iwbpw
[2025-08-15T10:42:00.668Z] [DEBUG] Finding reports to execute in company_ry0iwbpw (current time: 2025-08-15T10:42:00.668Z)
[2025-08-15T10:42:00.732Z] [INFO] Found 0 reports to execute in company_ry0iwbpw
[2025-08-15T10:42:00.733Z] [INFO] Scheduled reports check completed
[2025-08-15T10:42:00.736Z] [DEBUG] MongoDB connection closed
[2025-08-15T10:42:09.738Z] [INFO] Checking for scheduled reports...
[2025-08-15T10:42:10.458Z] [DEBUG] Connected to MongoDB
[2025-08-15T10:42:10.530Z] [INFO] Found 2 company databases
[2025-08-15T10:42:10.530Z] [DEBUG] Processing company database: company_ieebsmug
[2025-08-15T10:42:10.595Z] [DEBUG] Skipping company_ieebsmug: No scheduled reports collection found
[2025-08-15T10:42:10.596Z] [DEBUG] Processing company database: company_ry0iwbpw
[2025-08-15T10:42:10.659Z] [DEBUG] Finding reports to execute in company_ry0iwbpw (current time: 2025-08-15T10:42:10.659Z)
[2025-08-15T10:42:10.729Z] [INFO] Found 0 reports to execute in company_ry0iwbpw
[2025-08-15T10:42:10.730Z] [INFO] Scheduled reports check completed
[2025-08-15T10:42:10.732Z] [DEBUG] MongoDB connection closed
[2025-08-15T10:42:19.739Z] [INFO] Checking for scheduled reports...
[2025-08-15T10:42:20.640Z] [DEBUG] Connected to MongoDB
[2025-08-15T10:42:20.712Z] [INFO] Found 2 company databases
[2025-08-15T10:42:20.713Z] [DEBUG] Processing company database: company_ieebsmug
[2025-08-15T10:42:20.791Z] [DEBUG] Skipping company_ieebsmug: No scheduled reports collection found
[2025-08-15T10:42:20.792Z] [DEBUG] Processing company database: company_ry0iwbpw
[2025-08-15T10:42:20.857Z] [DEBUG] Finding reports to execute in company_ry0iwbpw (current time: 2025-08-15T10:42:20.857Z)
[2025-08-15T10:42:20.921Z] [INFO] Found 0 reports to execute in company_ry0iwbpw
[2025-08-15T10:42:20.922Z] [INFO] Scheduled reports check completed
[2025-08-15T10:42:20.924Z] [DEBUG] MongoDB connection closed
[2025-08-15T10:42:29.740Z] [INFO] Checking for scheduled reports...
[2025-08-15T10:42:30.497Z] [DEBUG] Connected to MongoDB
[2025-08-15T10:42:30.570Z] [INFO] Found 2 company databases
[2025-08-15T10:42:30.570Z] [DEBUG] Processing company database: company_ieebsmug
[2025-08-15T10:42:30.633Z] [DEBUG] Skipping company_ieebsmug: No scheduled reports collection found
[2025-08-15T10:42:30.634Z] [DEBUG] Processing company database: company_ry0iwbpw
[2025-08-15T10:42:30.699Z] [DEBUG] Finding reports to execute in company_ry0iwbpw (current time: 2025-08-15T10:42:30.699Z)
[2025-08-15T10:42:30.764Z] [INFO] Found 0 reports to execute in company_ry0iwbpw
[2025-08-15T10:42:30.765Z] [INFO] Scheduled reports check completed
[2025-08-15T10:42:30.767Z] [DEBUG] MongoDB connection closed
[2025-08-15T10:42:39.740Z] [INFO] Checking for scheduled reports...
[2025-08-15T10:42:40.448Z] [DEBUG] Connected to MongoDB
[2025-08-15T10:42:40.530Z] [INFO] Found 2 company databases
[2025-08-15T10:42:40.530Z] [DEBUG] Processing company database: company_ieebsmug
[2025-08-15T10:42:40.594Z] [DEBUG] Skipping company_ieebsmug: No scheduled reports collection found
[2025-08-15T10:42:40.594Z] [DEBUG] Processing company database: company_ry0iwbpw
[2025-08-15T10:42:40.656Z] [DEBUG] Finding reports to execute in company_ry0iwbpw (current time: 2025-08-15T10:42:40.656Z)
[2025-08-15T10:42:40.722Z] [INFO] Found 0 reports to execute in company_ry0iwbpw
[2025-08-15T10:42:40.722Z] [INFO] Scheduled reports check completed
[2025-08-15T10:42:40.723Z] [DEBUG] MongoDB connection closed
[2025-08-15T10:42:49.742Z] [INFO] Checking for scheduled reports...
[2025-08-15T10:42:50.459Z] [DEBUG] Connected to MongoDB
[2025-08-15T10:42:50.530Z] [INFO] Found 2 company databases
[2025-08-15T10:42:50.530Z] [DEBUG] Processing company database: company_ieebsmug
[2025-08-15T10:42:50.601Z] [DEBUG] Skipping company_ieebsmug: No scheduled reports collection found
[2025-08-15T10:42:50.601Z] [DEBUG] Processing company database: company_ry0iwbpw
[2025-08-15T10:42:50.664Z] [DEBUG] Finding reports to execute in company_ry0iwbpw (current time: 2025-08-15T10:42:50.664Z)
[2025-08-15T10:42:50.727Z] [INFO] Found 0 reports to execute in company_ry0iwbpw
[2025-08-15T10:42:50.728Z] [INFO] Scheduled reports check completed
[2025-08-15T10:42:50.729Z] [DEBUG] MongoDB connection closed
[2025-08-15T10:42:59.742Z] [INFO] Checking for scheduled reports...
[2025-08-15T10:43:00.454Z] [DEBUG] Connected to MongoDB
[2025-08-15T10:43:00.527Z] [INFO] Found 2 company databases
[2025-08-15T10:43:00.527Z] [DEBUG] Processing company database: company_ieebsmug
[2025-08-15T10:43:00.592Z] [DEBUG] Skipping company_ieebsmug: No scheduled reports collection found
[2025-08-15T10:43:00.593Z] [DEBUG] Processing company database: company_ry0iwbpw
[2025-08-15T10:43:00.660Z] [DEBUG] Finding reports to execute in company_ry0iwbpw (current time: 2025-08-15T10:43:00.660Z)
[2025-08-15T10:43:00.723Z] [INFO] Found 0 reports to execute in company_ry0iwbpw
[2025-08-15T10:43:00.724Z] [INFO] Scheduled reports check completed
[2025-08-15T10:43:00.724Z] [DEBUG] MongoDB connection closed
[2025-08-15T10:43:09.744Z] [INFO] Checking for scheduled reports...
[2025-08-15T10:43:10.462Z] [DEBUG] Connected to MongoDB
[2025-08-15T10:43:10.534Z] [INFO] Found 2 company databases
[2025-08-15T10:43:10.535Z] [DEBUG] Processing company database: company_ieebsmug
[2025-08-15T10:43:10.598Z] [DEBUG] Skipping company_ieebsmug: No scheduled reports collection found
[2025-08-15T10:43:10.599Z] [DEBUG] Processing company database: company_ry0iwbpw
[2025-08-15T10:43:10.664Z] [DEBUG] Finding reports to execute in company_ry0iwbpw (current time: 2025-08-15T10:43:10.664Z)
[2025-08-15T10:43:10.727Z] [INFO] Found 0 reports to execute in company_ry0iwbpw
[2025-08-15T10:43:10.728Z] [INFO] Scheduled reports check completed
[2025-08-15T10:43:10.730Z] [DEBUG] MongoDB connection closed
[2025-08-15T10:43:19.744Z] [INFO] Checking for scheduled reports...
[2025-08-15T10:43:20.523Z] [DEBUG] Connected to MongoDB
[2025-08-15T10:43:20.597Z] [INFO] Found 2 company databases
[2025-08-15T10:43:20.597Z] [DEBUG] Processing company database: company_ieebsmug
[2025-08-15T10:43:20.660Z] [DEBUG] Skipping company_ieebsmug: No scheduled reports collection found
[2025-08-15T10:43:20.661Z] [DEBUG] Processing company database: company_ry0iwbpw
[2025-08-15T10:43:20.725Z] [DEBUG] Finding reports to execute in company_ry0iwbpw (current time: 2025-08-15T10:43:20.725Z)
[2025-08-15T10:43:20.793Z] [INFO] Found 0 reports to execute in company_ry0iwbpw
[2025-08-15T10:43:20.793Z] [INFO] Scheduled reports check completed
[2025-08-15T10:43:20.796Z] [DEBUG] MongoDB connection closed
[2025-08-15T10:43:29.744Z] [INFO] Checking for scheduled reports...
[2025-08-15T10:43:30.521Z] [DEBUG] Connected to MongoDB
[2025-08-15T10:43:30.591Z] [INFO] Found 2 company databases
[2025-08-15T10:43:30.592Z] [DEBUG] Processing company database: company_ieebsmug
[2025-08-15T10:43:30.654Z] [DEBUG] Skipping company_ieebsmug: No scheduled reports collection found
[2025-08-15T10:43:30.655Z] [DEBUG] Processing company database: company_ry0iwbpw
[2025-08-15T10:43:30.718Z] [DEBUG] Finding reports to execute in company_ry0iwbpw (current time: 2025-08-15T10:43:30.718Z)
[2025-08-15T10:43:30.781Z] [INFO] Found 0 reports to execute in company_ry0iwbpw
[2025-08-15T10:43:30.782Z] [INFO] Scheduled reports check completed
[2025-08-15T10:43:30.783Z] [DEBUG] MongoDB connection closed
[2025-08-15T10:43:39.744Z] [INFO] Checking for scheduled reports...
[2025-08-15T10:43:40.646Z] [DEBUG] Connected to MongoDB
[2025-08-15T10:43:40.718Z] [INFO] Found 2 company databases
[2025-08-15T10:43:40.718Z] [DEBUG] Processing company database: company_ieebsmug
[2025-08-15T10:43:40.781Z] [DEBUG] Skipping company_ieebsmug: No scheduled reports collection found
[2025-08-15T10:43:40.781Z] [DEBUG] Processing company database: company_ry0iwbpw
[2025-08-15T10:43:40.844Z] [DEBUG] Finding reports to execute in company_ry0iwbpw (current time: 2025-08-15T10:43:40.844Z)
[2025-08-15T10:43:40.907Z] [INFO] Found 0 reports to execute in company_ry0iwbpw
[2025-08-15T10:43:40.907Z] [INFO] Scheduled reports check completed
[2025-08-15T10:43:40.909Z] [DEBUG] MongoDB connection closed
[2025-08-15T10:43:49.744Z] [INFO] Checking for scheduled reports...
[2025-08-15T10:43:50.475Z] [DEBUG] Connected to MongoDB
[2025-08-15T10:43:50.546Z] [INFO] Found 2 company databases
[2025-08-15T10:43:50.547Z] [DEBUG] Processing company database: company_ieebsmug
[2025-08-15T10:43:50.610Z] [DEBUG] Skipping company_ieebsmug: No scheduled reports collection found
[2025-08-15T10:43:50.611Z] [DEBUG] Processing company database: company_ry0iwbpw
[2025-08-15T10:43:50.674Z] [DEBUG] Finding reports to execute in company_ry0iwbpw (current time: 2025-08-15T10:43:50.674Z)
[2025-08-15T10:43:50.738Z] [INFO] Found 0 reports to execute in company_ry0iwbpw
[2025-08-15T10:43:50.739Z] [INFO] Scheduled reports check completed
[2025-08-15T10:43:50.741Z] [DEBUG] MongoDB connection closed
[2025-08-15T10:43:59.745Z] [INFO] Checking for scheduled reports...
[2025-08-15T10:44:00.477Z] [DEBUG] Connected to MongoDB
[2025-08-15T10:44:00.547Z] [INFO] Found 2 company databases
[2025-08-15T10:44:00.548Z] [DEBUG] Processing company database: company_ieebsmug
[2025-08-15T10:44:00.614Z] [DEBUG] Skipping company_ieebsmug: No scheduled reports collection found
[2025-08-15T10:44:00.615Z] [DEBUG] Processing company database: company_ry0iwbpw
[2025-08-15T10:44:00.682Z] [DEBUG] Finding reports to execute in company_ry0iwbpw (current time: 2025-08-15T10:44:00.682Z)
[2025-08-15T10:44:00.747Z] [INFO] Found 0 reports to execute in company_ry0iwbpw
[2025-08-15T10:44:00.748Z] [INFO] Scheduled reports check completed
[2025-08-15T10:44:00.750Z] [DEBUG] MongoDB connection closed
[2025-08-15T10:44:09.746Z] [INFO] Checking for scheduled reports...
[2025-08-15T10:44:10.480Z] [DEBUG] Connected to MongoDB
[2025-08-15T10:44:10.550Z] [INFO] Found 2 company databases
[2025-08-15T10:44:10.551Z] [DEBUG] Processing company database: company_ieebsmug
[2025-08-15T10:44:10.613Z] [DEBUG] Skipping company_ieebsmug: No scheduled reports collection found
[2025-08-15T10:44:10.614Z] [DEBUG] Processing company database: company_ry0iwbpw
[2025-08-15T10:44:10.676Z] [DEBUG] Finding reports to execute in company_ry0iwbpw (current time: 2025-08-15T10:44:10.676Z)
[2025-08-15T10:44:10.741Z] [INFO] Found 0 reports to execute in company_ry0iwbpw
[2025-08-15T10:44:10.741Z] [INFO] Scheduled reports check completed
[2025-08-15T10:44:10.743Z] [DEBUG] MongoDB connection closed
[2025-08-15T10:44:19.747Z] [INFO] Checking for scheduled reports...
[2025-08-15T10:44:20.485Z] [DEBUG] Connected to MongoDB
[2025-08-15T10:44:20.556Z] [INFO] Found 2 company databases
[2025-08-15T10:44:20.557Z] [DEBUG] Processing company database: company_ieebsmug
[2025-08-15T10:44:20.621Z] [DEBUG] Skipping company_ieebsmug: No scheduled reports collection found
[2025-08-15T10:44:20.621Z] [DEBUG] Processing company database: company_ry0iwbpw
[2025-08-15T10:44:20.685Z] [DEBUG] Finding reports to execute in company_ry0iwbpw (current time: 2025-08-15T10:44:20.685Z)
[2025-08-15T10:44:20.750Z] [INFO] Found 0 reports to execute in company_ry0iwbpw
[2025-08-15T10:44:20.750Z] [INFO] Scheduled reports check completed
[2025-08-15T10:44:20.751Z] [DEBUG] MongoDB connection closed
[2025-08-15T10:44:29.747Z] [INFO] Checking for scheduled reports...
[2025-08-15T10:44:30.508Z] [DEBUG] Connected to MongoDB
[2025-08-15T10:44:30.579Z] [INFO] Found 2 company databases
[2025-08-15T10:44:30.580Z] [DEBUG] Processing company database: company_ieebsmug
[2025-08-15T10:44:30.643Z] [DEBUG] Skipping company_ieebsmug: No scheduled reports collection found
[2025-08-15T10:44:30.644Z] [DEBUG] Processing company database: company_ry0iwbpw
[2025-08-15T10:44:30.708Z] [DEBUG] Finding reports to execute in company_ry0iwbpw (current time: 2025-08-15T10:44:30.707Z)
[2025-08-15T10:44:30.771Z] [INFO] Found 0 reports to execute in company_ry0iwbpw
[2025-08-15T10:44:30.771Z] [INFO] Scheduled reports check completed
[2025-08-15T10:44:30.774Z] [DEBUG] MongoDB connection closed
[2025-08-15T10:44:39.749Z] [INFO] Checking for scheduled reports...
[2025-08-15T10:44:40.459Z] [DEBUG] Connected to MongoDB
[2025-08-15T10:44:40.530Z] [INFO] Found 2 company databases
[2025-08-15T10:44:40.531Z] [DEBUG] Processing company database: company_ieebsmug
[2025-08-15T10:44:40.606Z] [DEBUG] Skipping company_ieebsmug: No scheduled reports collection found
[2025-08-15T10:44:40.607Z] [DEBUG] Processing company database: company_ry0iwbpw
[2025-08-15T10:44:40.671Z] [DEBUG] Finding reports to execute in company_ry0iwbpw (current time: 2025-08-15T10:44:40.671Z)
[2025-08-15T10:44:40.734Z] [INFO] Found 0 reports to execute in company_ry0iwbpw
[2025-08-15T10:44:40.735Z] [INFO] Scheduled reports check completed
[2025-08-15T10:44:40.737Z] [DEBUG] MongoDB connection closed
[2025-08-15T10:44:49.750Z] [INFO] Checking for scheduled reports...
[2025-08-15T10:44:50.463Z] [DEBUG] Connected to MongoDB
[2025-08-15T10:44:50.535Z] [INFO] Found 2 company databases
[2025-08-15T10:44:50.536Z] [DEBUG] Processing company database: company_ieebsmug
[2025-08-15T10:44:50.599Z] [DEBUG] Skipping company_ieebsmug: No scheduled reports collection found
[2025-08-15T10:44:50.600Z] [DEBUG] Processing company database: company_ry0iwbpw
[2025-08-15T10:44:50.663Z] [DEBUG] Finding reports to execute in company_ry0iwbpw (current time: 2025-08-15T10:44:50.663Z)
[2025-08-15T10:44:50.726Z] [INFO] Found 0 reports to execute in company_ry0iwbpw
[2025-08-15T10:44:50.726Z] [INFO] Scheduled reports check completed
[2025-08-15T10:44:50.728Z] [DEBUG] MongoDB connection closed
[2025-08-15T10:44:59.751Z] [INFO] Checking for scheduled reports...
[2025-08-15T10:45:00.652Z] [DEBUG] Connected to MongoDB
[2025-08-15T10:45:00.722Z] [INFO] Found 2 company databases
[2025-08-15T10:45:00.723Z] [DEBUG] Processing company database: company_ieebsmug
[2025-08-15T10:45:00.787Z] [DEBUG] Skipping company_ieebsmug: No scheduled reports collection found
[2025-08-15T10:45:00.787Z] [DEBUG] Processing company database: company_ry0iwbpw
[2025-08-15T10:45:00.853Z] [DEBUG] Finding reports to execute in company_ry0iwbpw (current time: 2025-08-15T10:45:00.853Z)
[2025-08-15T10:45:00.916Z] [INFO] Found 0 reports to execute in company_ry0iwbpw
[2025-08-15T10:45:00.917Z] [INFO] Scheduled reports check completed
[2025-08-15T10:45:00.918Z] [DEBUG] MongoDB connection closed
[2025-08-15T10:45:09.751Z] [INFO] Checking for scheduled reports...
[2025-08-15T10:45:10.478Z] [DEBUG] Connected to MongoDB
[2025-08-15T10:45:10.559Z] [INFO] Found 2 company databases
[2025-08-15T10:45:10.560Z] [DEBUG] Processing company database: company_ieebsmug
[2025-08-15T10:45:10.626Z] [DEBUG] Skipping company_ieebsmug: No scheduled reports collection found
[2025-08-15T10:45:10.627Z] [DEBUG] Processing company database: company_ry0iwbpw
[2025-08-15T10:45:10.693Z] [DEBUG] Finding reports to execute in company_ry0iwbpw (current time: 2025-08-15T10:45:10.693Z)
[2025-08-15T10:45:10.757Z] [INFO] Found 0 reports to execute in company_ry0iwbpw
[2025-08-15T10:45:10.757Z] [INFO] Scheduled reports check completed
[2025-08-15T10:45:10.759Z] [DEBUG] MongoDB connection closed
[2025-08-15T10:45:19.752Z] [INFO] Checking for scheduled reports...
[2025-08-15T10:45:20.551Z] [DEBUG] Connected to MongoDB
[2025-08-15T10:45:20.623Z] [INFO] Found 2 company databases
[2025-08-15T10:45:20.624Z] [DEBUG] Processing company database: company_ieebsmug
[2025-08-15T10:45:20.687Z] [DEBUG] Skipping company_ieebsmug: No scheduled reports collection found
[2025-08-15T10:45:20.687Z] [DEBUG] Processing company database: company_ry0iwbpw
[2025-08-15T10:45:20.750Z] [DEBUG] Finding reports to execute in company_ry0iwbpw (current time: 2025-08-15T10:45:20.750Z)
[2025-08-15T10:45:20.817Z] [INFO] Found 0 reports to execute in company_ry0iwbpw
[2025-08-15T10:45:20.818Z] [INFO] Scheduled reports check completed
[2025-08-15T10:45:20.820Z] [DEBUG] MongoDB connection closed
[2025-08-15T10:45:29.753Z] [INFO] Checking for scheduled reports...
[2025-08-15T10:45:30.506Z] [DEBUG] Connected to MongoDB
[2025-08-15T10:45:30.578Z] [INFO] Found 2 company databases
[2025-08-15T10:45:30.579Z] [DEBUG] Processing company database: company_ieebsmug
[2025-08-15T10:45:30.644Z] [DEBUG] Skipping company_ieebsmug: No scheduled reports collection found
[2025-08-15T10:45:30.644Z] [DEBUG] Processing company database: company_ry0iwbpw
[2025-08-15T10:45:30.708Z] [DEBUG] Finding reports to execute in company_ry0iwbpw (current time: 2025-08-15T10:45:30.708Z)
[2025-08-15T10:45:30.772Z] [INFO] Found 0 reports to execute in company_ry0iwbpw
[2025-08-15T10:45:30.773Z] [INFO] Scheduled reports check completed
[2025-08-15T10:45:30.775Z] [DEBUG] MongoDB connection closed
[2025-08-15T10:45:39.754Z] [INFO] Checking for scheduled reports...
[2025-08-15T10:45:40.469Z] [DEBUG] Connected to MongoDB
[2025-08-15T10:45:40.542Z] [INFO] Found 2 company databases
[2025-08-15T10:45:40.543Z] [DEBUG] Processing company database: company_ieebsmug
[2025-08-15T10:45:40.607Z] [DEBUG] Skipping company_ieebsmug: No scheduled reports collection found
[2025-08-15T10:45:40.607Z] [DEBUG] Processing company database: company_ry0iwbpw
[2025-08-15T10:45:40.671Z] [DEBUG] Finding reports to execute in company_ry0iwbpw (current time: 2025-08-15T10:45:40.671Z)
[2025-08-15T10:45:40.735Z] [INFO] Found 0 reports to execute in company_ry0iwbpw
[2025-08-15T10:45:40.736Z] [INFO] Scheduled reports check completed
[2025-08-15T10:45:40.739Z] [DEBUG] MongoDB connection closed
[2025-08-15T10:45:49.755Z] [INFO] Checking for scheduled reports...
[2025-08-15T10:45:50.473Z] [DEBUG] Connected to MongoDB
[2025-08-15T10:45:50.544Z] [INFO] Found 2 company databases
[2025-08-15T10:45:50.545Z] [DEBUG] Processing company database: company_ieebsmug
[2025-08-15T10:45:50.615Z] [DEBUG] Skipping company_ieebsmug: No scheduled reports collection found
[2025-08-15T10:45:50.617Z] [DEBUG] Processing company database: company_ry0iwbpw
[2025-08-15T10:45:50.681Z] [DEBUG] Finding reports to execute in company_ry0iwbpw (current time: 2025-08-15T10:45:50.681Z)
[2025-08-15T10:45:50.745Z] [INFO] Found 0 reports to execute in company_ry0iwbpw
[2025-08-15T10:45:50.746Z] [INFO] Scheduled reports check completed
[2025-08-15T10:45:50.749Z] [DEBUG] MongoDB connection closed
[2025-08-15T10:45:59.755Z] [INFO] Checking for scheduled reports...
[2025-08-15T10:46:00.476Z] [DEBUG] Connected to MongoDB
[2025-08-15T10:46:00.550Z] [INFO] Found 2 company databases
[2025-08-15T10:46:00.550Z] [DEBUG] Processing company database: company_ieebsmug
[2025-08-15T10:46:00.617Z] [DEBUG] Skipping company_ieebsmug: No scheduled reports collection found
[2025-08-15T10:46:00.618Z] [DEBUG] Processing company database: company_ry0iwbpw
[2025-08-15T10:46:00.681Z] [DEBUG] Finding reports to execute in company_ry0iwbpw (current time: 2025-08-15T10:46:00.681Z)
[2025-08-15T10:46:00.743Z] [INFO] Found 0 reports to execute in company_ry0iwbpw
[2025-08-15T10:46:00.743Z] [INFO] Scheduled reports check completed
[2025-08-15T10:46:00.744Z] [DEBUG] MongoDB connection closed
[2025-08-15T10:46:09.755Z] [INFO] Checking for scheduled reports...
[2025-08-15T10:46:10.468Z] [DEBUG] Connected to MongoDB
[2025-08-15T10:46:10.540Z] [INFO] Found 2 company databases
[2025-08-15T10:46:10.540Z] [DEBUG] Processing company database: company_ieebsmug
[2025-08-15T10:46:10.603Z] [DEBUG] Skipping company_ieebsmug: No scheduled reports collection found
[2025-08-15T10:46:10.603Z] [DEBUG] Processing company database: company_ry0iwbpw
[2025-08-15T10:46:10.674Z] [DEBUG] Finding reports to execute in company_ry0iwbpw (current time: 2025-08-15T10:46:10.674Z)
[2025-08-15T10:46:10.738Z] [INFO] Found 0 reports to execute in company_ry0iwbpw
[2025-08-15T10:46:10.738Z] [INFO] Scheduled reports check completed
[2025-08-15T10:46:10.740Z] [DEBUG] MongoDB connection closed
[2025-08-15T10:46:19.756Z] [INFO] Checking for scheduled reports...
[2025-08-15T10:46:20.681Z] [DEBUG] Connected to MongoDB
[2025-08-15T10:46:20.752Z] [INFO] Found 2 company databases
[2025-08-15T10:46:20.753Z] [DEBUG] Processing company database: company_ieebsmug
[2025-08-15T10:46:20.816Z] [DEBUG] Skipping company_ieebsmug: No scheduled reports collection found
[2025-08-15T10:46:20.817Z] [DEBUG] Processing company database: company_ry0iwbpw
[2025-08-15T10:46:20.884Z] [DEBUG] Finding reports to execute in company_ry0iwbpw (current time: 2025-08-15T10:46:20.884Z)
[2025-08-15T10:46:20.950Z] [INFO] Found 0 reports to execute in company_ry0iwbpw
[2025-08-15T10:46:20.951Z] [INFO] Scheduled reports check completed
[2025-08-15T10:46:20.952Z] [DEBUG] MongoDB connection closed
[2025-08-15T10:46:29.757Z] [INFO] Checking for scheduled reports...
[2025-08-15T10:46:30.524Z] [DEBUG] Connected to MongoDB
[2025-08-15T10:46:30.596Z] [INFO] Found 2 company databases
[2025-08-15T10:46:30.597Z] [DEBUG] Processing company database: company_ieebsmug
[2025-08-15T10:46:30.666Z] [DEBUG] Skipping company_ieebsmug: No scheduled reports collection found
[2025-08-15T10:46:30.666Z] [DEBUG] Processing company database: company_ry0iwbpw
[2025-08-15T10:46:30.730Z] [DEBUG] Finding reports to execute in company_ry0iwbpw (current time: 2025-08-15T10:46:30.730Z)
[2025-08-15T10:46:30.792Z] [INFO] Found 0 reports to execute in company_ry0iwbpw
[2025-08-15T10:46:30.792Z] [INFO] Scheduled reports check completed
[2025-08-15T10:46:30.793Z] [DEBUG] MongoDB connection closed
[2025-08-15T10:46:39.758Z] [INFO] Checking for scheduled reports...
[2025-08-15T10:46:40.524Z] [DEBUG] Connected to MongoDB
[2025-08-15T10:46:40.596Z] [INFO] Found 2 company databases
[2025-08-15T10:46:40.596Z] [DEBUG] Processing company database: company_ieebsmug
[2025-08-15T10:46:40.660Z] [DEBUG] Skipping company_ieebsmug: No scheduled reports collection found
[2025-08-15T10:46:40.660Z] [DEBUG] Processing company database: company_ry0iwbpw
[2025-08-15T10:46:40.725Z] [DEBUG] Finding reports to execute in company_ry0iwbpw (current time: 2025-08-15T10:46:40.725Z)
[2025-08-15T10:46:40.790Z] [INFO] Found 0 reports to execute in company_ry0iwbpw
[2025-08-15T10:46:40.791Z] [INFO] Scheduled reports check completed
[2025-08-15T10:46:40.793Z] [DEBUG] MongoDB connection closed
[2025-08-15T10:46:49.759Z] [INFO] Checking for scheduled reports...
[2025-08-15T10:46:50.480Z] [DEBUG] Connected to MongoDB
[2025-08-15T10:46:50.555Z] [INFO] Found 2 company databases
[2025-08-15T10:46:50.555Z] [DEBUG] Processing company database: company_ieebsmug
[2025-08-15T10:46:50.629Z] [DEBUG] Skipping company_ieebsmug: No scheduled reports collection found
[2025-08-15T10:46:50.629Z] [DEBUG] Processing company database: company_ry0iwbpw
[2025-08-15T10:46:50.695Z] [DEBUG] Finding reports to execute in company_ry0iwbpw (current time: 2025-08-15T10:46:50.695Z)
[2025-08-15T10:46:50.759Z] [INFO] Found 0 reports to execute in company_ry0iwbpw
[2025-08-15T10:46:50.759Z] [INFO] Scheduled reports check completed
[2025-08-15T10:46:50.761Z] [DEBUG] MongoDB connection closed
[2025-08-15T10:46:59.760Z] [INFO] Checking for scheduled reports...
[2025-08-15T10:47:01.172Z] [DEBUG] Connected to MongoDB
[2025-08-15T10:47:01.337Z] [INFO] Found 2 company databases
[2025-08-15T10:47:01.337Z] [DEBUG] Processing company database: company_ieebsmug
[2025-08-15T10:47:01.515Z] [DEBUG] Skipping company_ieebsmug: No scheduled reports collection found
[2025-08-15T10:47:01.516Z] [DEBUG] Processing company database: company_ry0iwbpw
[2025-08-15T10:47:01.635Z] [DEBUG] Finding reports to execute in company_ry0iwbpw (current time: 2025-08-15T10:47:01.635Z)
[2025-08-15T10:47:01.814Z] [INFO] Found 0 reports to execute in company_ry0iwbpw
[2025-08-15T10:47:01.815Z] [INFO] Scheduled reports check completed
[2025-08-15T10:47:01.816Z] [DEBUG] MongoDB connection closed
[2025-08-15T10:47:09.760Z] [INFO] Checking for scheduled reports...
[2025-08-15T10:47:10.509Z] [DEBUG] Connected to MongoDB
[2025-08-15T10:47:10.579Z] [INFO] Found 2 company databases
[2025-08-15T10:47:10.580Z] [DEBUG] Processing company database: company_ieebsmug
[2025-08-15T10:47:10.646Z] [DEBUG] Skipping company_ieebsmug: No scheduled reports collection found
[2025-08-15T10:47:10.647Z] [DEBUG] Processing company database: company_ry0iwbpw
[2025-08-15T10:47:10.723Z] [DEBUG] Finding reports to execute in company_ry0iwbpw (current time: 2025-08-15T10:47:10.723Z)
[2025-08-15T10:47:10.789Z] [INFO] Found 0 reports to execute in company_ry0iwbpw
[2025-08-15T10:47:10.789Z] [INFO] Scheduled reports check completed
[2025-08-15T10:47:10.792Z] [DEBUG] MongoDB connection closed
[2025-08-15T10:47:19.761Z] [INFO] Checking for scheduled reports...
[2025-08-15T10:47:20.467Z] [DEBUG] Connected to MongoDB
[2025-08-15T10:47:20.537Z] [INFO] Found 2 company databases
[2025-08-15T10:47:20.537Z] [DEBUG] Processing company database: company_ieebsmug
[2025-08-15T10:47:20.601Z] [DEBUG] Skipping company_ieebsmug: No scheduled reports collection found
[2025-08-15T10:47:20.601Z] [DEBUG] Processing company database: company_ry0iwbpw
[2025-08-15T10:47:20.664Z] [DEBUG] Finding reports to execute in company_ry0iwbpw (current time: 2025-08-15T10:47:20.664Z)
[2025-08-15T10:47:20.729Z] [INFO] Found 0 reports to execute in company_ry0iwbpw
[2025-08-15T10:47:20.729Z] [INFO] Scheduled reports check completed
[2025-08-15T10:47:20.730Z] [DEBUG] MongoDB connection closed
[2025-08-15T10:47:29.762Z] [INFO] Checking for scheduled reports...
[2025-08-15T10:47:30.526Z] [DEBUG] Connected to MongoDB
[2025-08-15T10:47:30.602Z] [INFO] Found 2 company databases
[2025-08-15T10:47:30.602Z] [DEBUG] Processing company database: company_ieebsmug
[2025-08-15T10:47:30.664Z] [DEBUG] Skipping company_ieebsmug: No scheduled reports collection found
[2025-08-15T10:47:30.664Z] [DEBUG] Processing company database: company_ry0iwbpw
[2025-08-15T10:47:30.726Z] [DEBUG] Finding reports to execute in company_ry0iwbpw (current time: 2025-08-15T10:47:30.726Z)
[2025-08-15T10:47:30.789Z] [INFO] Found 0 reports to execute in company_ry0iwbpw
[2025-08-15T10:47:30.790Z] [INFO] Scheduled reports check completed
[2025-08-15T10:47:30.792Z] [DEBUG] MongoDB connection closed
[2025-08-15T10:47:39.763Z] [INFO] Checking for scheduled reports...
[2025-08-15T10:47:40.465Z] [DEBUG] Connected to MongoDB
[2025-08-15T10:47:40.538Z] [INFO] Found 2 company databases
[2025-08-15T10:47:40.539Z] [DEBUG] Processing company database: company_ieebsmug
[2025-08-15T10:47:40.606Z] [DEBUG] Skipping company_ieebsmug: No scheduled reports collection found
[2025-08-15T10:47:40.607Z] [DEBUG] Processing company database: company_ry0iwbpw
[2025-08-15T10:47:40.671Z] [DEBUG] Finding reports to execute in company_ry0iwbpw (current time: 2025-08-15T10:47:40.670Z)
[2025-08-15T10:47:40.738Z] [INFO] Found 0 reports to execute in company_ry0iwbpw
[2025-08-15T10:47:40.739Z] [INFO] Scheduled reports check completed
[2025-08-15T10:47:40.741Z] [DEBUG] MongoDB connection closed
[2025-08-15T10:47:49.765Z] [INFO] Checking for scheduled reports...
[2025-08-15T10:47:50.472Z] [DEBUG] Connected to MongoDB
[2025-08-15T10:47:50.542Z] [INFO] Found 2 company databases
[2025-08-15T10:47:50.542Z] [DEBUG] Processing company database: company_ieebsmug
[2025-08-15T10:47:50.605Z] [DEBUG] Skipping company_ieebsmug: No scheduled reports collection found
[2025-08-15T10:47:50.605Z] [DEBUG] Processing company database: company_ry0iwbpw
[2025-08-15T10:47:50.669Z] [DEBUG] Finding reports to execute in company_ry0iwbpw (current time: 2025-08-15T10:47:50.669Z)
[2025-08-15T10:47:50.732Z] [INFO] Found 0 reports to execute in company_ry0iwbpw
[2025-08-15T10:47:50.733Z] [INFO] Scheduled reports check completed
[2025-08-15T10:47:50.734Z] [DEBUG] MongoDB connection closed
[2025-08-15T10:47:59.765Z] [INFO] Checking for scheduled reports...
[2025-08-15T10:48:00.500Z] [DEBUG] Connected to MongoDB
[2025-08-15T10:48:00.571Z] [INFO] Found 2 company databases
[2025-08-15T10:48:00.572Z] [DEBUG] Processing company database: company_ieebsmug
[2025-08-15T10:48:00.635Z] [DEBUG] Skipping company_ieebsmug: No scheduled reports collection found
[2025-08-15T10:48:00.635Z] [DEBUG] Processing company database: company_ry0iwbpw
[2025-08-15T10:48:00.699Z] [DEBUG] Finding reports to execute in company_ry0iwbpw (current time: 2025-08-15T10:48:00.699Z)
[2025-08-15T10:48:00.762Z] [INFO] Found 0 reports to execute in company_ry0iwbpw
[2025-08-15T10:48:00.763Z] [INFO] Scheduled reports check completed
[2025-08-15T10:48:00.765Z] [DEBUG] MongoDB connection closed
[2025-08-15T10:48:09.766Z] [INFO] Checking for scheduled reports...
[2025-08-15T10:48:10.480Z] [DEBUG] Connected to MongoDB
[2025-08-15T10:48:10.552Z] [INFO] Found 2 company databases
[2025-08-15T10:48:10.553Z] [DEBUG] Processing company database: company_ieebsmug
[2025-08-15T10:48:10.616Z] [DEBUG] Skipping company_ieebsmug: No scheduled reports collection found
[2025-08-15T10:48:10.616Z] [DEBUG] Processing company database: company_ry0iwbpw
[2025-08-15T10:48:10.684Z] [DEBUG] Finding reports to execute in company_ry0iwbpw (current time: 2025-08-15T10:48:10.684Z)
[2025-08-15T10:48:10.748Z] [INFO] Found 0 reports to execute in company_ry0iwbpw
[2025-08-15T10:48:10.749Z] [INFO] Scheduled reports check completed
[2025-08-15T10:48:10.750Z] [DEBUG] MongoDB connection closed
[2025-08-15T10:48:19.766Z] [INFO] Checking for scheduled reports...
[2025-08-15T10:48:20.558Z] [DEBUG] Connected to MongoDB
[2025-08-15T10:48:20.628Z] [INFO] Found 2 company databases
[2025-08-15T10:48:20.629Z] [DEBUG] Processing company database: company_ieebsmug
[2025-08-15T10:48:20.691Z] [DEBUG] Skipping company_ieebsmug: No scheduled reports collection found
[2025-08-15T10:48:20.691Z] [DEBUG] Processing company database: company_ry0iwbpw
[2025-08-15T10:48:20.756Z] [DEBUG] Finding reports to execute in company_ry0iwbpw (current time: 2025-08-15T10:48:20.756Z)
[2025-08-15T10:48:20.818Z] [INFO] Found 0 reports to execute in company_ry0iwbpw
[2025-08-15T10:48:20.818Z] [INFO] Scheduled reports check completed
[2025-08-15T10:48:20.820Z] [DEBUG] MongoDB connection closed
[2025-08-15T10:48:29.766Z] [INFO] Checking for scheduled reports...
[2025-08-15T10:48:31.448Z] [DEBUG] Connected to MongoDB
[2025-08-15T10:48:31.629Z] [INFO] Found 2 company databases
[2025-08-15T10:48:31.629Z] [DEBUG] Processing company database: company_ieebsmug
[2025-08-15T10:48:31.753Z] [DEBUG] Skipping company_ieebsmug: No scheduled reports collection found
[2025-08-15T10:48:31.753Z] [DEBUG] Processing company database: company_ry0iwbpw
[2025-08-15T10:48:31.926Z] [DEBUG] Finding reports to execute in company_ry0iwbpw (current time: 2025-08-15T10:48:31.926Z)
[2025-08-15T10:48:32.020Z] [INFO] Found 0 reports to execute in company_ry0iwbpw
[2025-08-15T10:48:32.020Z] [INFO] Scheduled reports check completed
[2025-08-15T10:48:32.021Z] [DEBUG] MongoDB connection closed
[2025-08-15T10:48:39.766Z] [INFO] Checking for scheduled reports...
[2025-08-15T10:48:40.478Z] [DEBUG] Connected to MongoDB
[2025-08-15T10:48:40.550Z] [INFO] Found 2 company databases
[2025-08-15T10:48:40.550Z] [DEBUG] Processing company database: company_ieebsmug
[2025-08-15T10:48:40.613Z] [DEBUG] Skipping company_ieebsmug: No scheduled reports collection found
[2025-08-15T10:48:40.614Z] [DEBUG] Processing company database: company_ry0iwbpw
[2025-08-15T10:48:40.678Z] [DEBUG] Finding reports to execute in company_ry0iwbpw (current time: 2025-08-15T10:48:40.678Z)
[2025-08-15T10:48:40.740Z] [INFO] Found 0 reports to execute in company_ry0iwbpw
[2025-08-15T10:48:40.741Z] [INFO] Scheduled reports check completed
[2025-08-15T10:48:40.742Z] [DEBUG] MongoDB connection closed
[2025-08-15T10:48:49.767Z] [INFO] Checking for scheduled reports...
[2025-08-15T10:48:50.481Z] [DEBUG] Connected to MongoDB
[2025-08-15T10:48:50.552Z] [INFO] Found 2 company databases
[2025-08-15T10:48:50.553Z] [DEBUG] Processing company database: company_ieebsmug
[2025-08-15T10:48:50.627Z] [DEBUG] Skipping company_ieebsmug: No scheduled reports collection found
[2025-08-15T10:48:50.627Z] [DEBUG] Processing company database: company_ry0iwbpw
[2025-08-15T10:48:50.690Z] [DEBUG] Finding reports to execute in company_ry0iwbpw (current time: 2025-08-15T10:48:50.690Z)
[2025-08-15T10:48:50.753Z] [INFO] Found 0 reports to execute in company_ry0iwbpw
[2025-08-15T10:48:50.753Z] [INFO] Scheduled reports check completed
[2025-08-15T10:48:50.754Z] [DEBUG] MongoDB connection closed
[2025-08-15T10:48:59.768Z] [INFO] Checking for scheduled reports...
[2025-08-15T10:49:00.619Z] [DEBUG] Connected to MongoDB
[2025-08-15T10:49:00.691Z] [INFO] Found 2 company databases
[2025-08-15T10:49:00.692Z] [DEBUG] Processing company database: company_ieebsmug
[2025-08-15T10:49:00.756Z] [DEBUG] Skipping company_ieebsmug: No scheduled reports collection found
[2025-08-15T10:49:00.757Z] [DEBUG] Processing company database: company_ry0iwbpw
[2025-08-15T10:49:00.834Z] [DEBUG] Finding reports to execute in company_ry0iwbpw (current time: 2025-08-15T10:49:00.834Z)
[2025-08-15T10:49:00.896Z] [INFO] Found 0 reports to execute in company_ry0iwbpw
[2025-08-15T10:49:00.896Z] [INFO] Scheduled reports check completed
[2025-08-15T10:49:00.897Z] [DEBUG] MongoDB connection closed
[2025-08-15T10:49:09.769Z] [INFO] Checking for scheduled reports...
[2025-08-15T10:49:10.511Z] [DEBUG] Connected to MongoDB
[2025-08-15T10:49:10.594Z] [INFO] Found 2 company databases
[2025-08-15T10:49:10.594Z] [DEBUG] Processing company database: company_ieebsmug
[2025-08-15T10:49:10.658Z] [DEBUG] Skipping company_ieebsmug: No scheduled reports collection found
[2025-08-15T10:49:10.658Z] [DEBUG] Processing company database: company_ry0iwbpw
[2025-08-15T10:49:10.722Z] [DEBUG] Finding reports to execute in company_ry0iwbpw (current time: 2025-08-15T10:49:10.722Z)
[2025-08-15T10:49:10.785Z] [INFO] Found 0 reports to execute in company_ry0iwbpw
[2025-08-15T10:49:10.786Z] [INFO] Scheduled reports check completed
[2025-08-15T10:49:10.787Z] [DEBUG] MongoDB connection closed
[2025-08-15T10:49:19.770Z] [INFO] Checking for scheduled reports...
[2025-08-15T10:49:20.727Z] [DEBUG] Connected to MongoDB
[2025-08-15T10:49:20.798Z] [INFO] Found 2 company databases
[2025-08-15T10:49:20.799Z] [DEBUG] Processing company database: company_ieebsmug
[2025-08-15T10:49:20.861Z] [DEBUG] Skipping company_ieebsmug: No scheduled reports collection found
[2025-08-15T10:49:20.862Z] [DEBUG] Processing company database: company_ry0iwbpw
[2025-08-15T10:49:20.925Z] [DEBUG] Finding reports to execute in company_ry0iwbpw (current time: 2025-08-15T10:49:20.924Z)
[2025-08-15T10:49:20.990Z] [INFO] Found 0 reports to execute in company_ry0iwbpw
[2025-08-15T10:49:20.990Z] [INFO] Scheduled reports check completed
[2025-08-15T10:49:20.993Z] [DEBUG] MongoDB connection closed
[2025-08-15T10:49:29.771Z] [INFO] Checking for scheduled reports...
[2025-08-15T10:49:30.499Z] [DEBUG] Connected to MongoDB
[2025-08-15T10:49:30.571Z] [INFO] Found 2 company databases
[2025-08-15T10:49:30.571Z] [DEBUG] Processing company database: company_ieebsmug
[2025-08-15T10:49:30.633Z] [DEBUG] Skipping company_ieebsmug: No scheduled reports collection found
[2025-08-15T10:49:30.633Z] [DEBUG] Processing company database: company_ry0iwbpw
[2025-08-15T10:49:30.696Z] [DEBUG] Finding reports to execute in company_ry0iwbpw (current time: 2025-08-15T10:49:30.696Z)
[2025-08-15T10:49:30.758Z] [INFO] Found 0 reports to execute in company_ry0iwbpw
[2025-08-15T10:49:30.759Z] [INFO] Scheduled reports check completed
[2025-08-15T10:49:30.759Z] [DEBUG] MongoDB connection closed
[2025-08-15T10:49:39.771Z] [INFO] Checking for scheduled reports...
[2025-08-15T10:49:40.477Z] [DEBUG] Connected to MongoDB
[2025-08-15T10:49:40.550Z] [INFO] Found 2 company databases
[2025-08-15T10:49:40.550Z] [DEBUG] Processing company database: company_ieebsmug
[2025-08-15T10:49:40.612Z] [DEBUG] Skipping company_ieebsmug: No scheduled reports collection found
[2025-08-15T10:49:40.612Z] [DEBUG] Processing company database: company_ry0iwbpw
[2025-08-15T10:49:40.674Z] [DEBUG] Finding reports to execute in company_ry0iwbpw (current time: 2025-08-15T10:49:40.674Z)
[2025-08-15T10:49:40.736Z] [INFO] Found 0 reports to execute in company_ry0iwbpw
[2025-08-15T10:49:40.736Z] [INFO] Scheduled reports check completed
[2025-08-15T10:49:40.737Z] [DEBUG] MongoDB connection closed
[2025-08-15T10:49:49.772Z] [INFO] Checking for scheduled reports...
[2025-08-15T10:49:50.476Z] [DEBUG] Connected to MongoDB
[2025-08-15T10:49:50.547Z] [INFO] Found 2 company databases
[2025-08-15T10:49:50.547Z] [DEBUG] Processing company database: company_ieebsmug
[2025-08-15T10:49:50.609Z] [DEBUG] Skipping company_ieebsmug: No scheduled reports collection found
[2025-08-15T10:49:50.610Z] [DEBUG] Processing company database: company_ry0iwbpw
[2025-08-15T10:49:50.672Z] [DEBUG] Finding reports to execute in company_ry0iwbpw (current time: 2025-08-15T10:49:50.672Z)
[2025-08-15T10:49:50.735Z] [INFO] Found 0 reports to execute in company_ry0iwbpw
[2025-08-15T10:49:50.736Z] [INFO] Scheduled reports check completed
[2025-08-15T10:49:50.737Z] [DEBUG] MongoDB connection closed
[2025-08-15T10:49:59.774Z] [INFO] Checking for scheduled reports...
[2025-08-15T10:50:01.213Z] [DEBUG] Connected to MongoDB
[2025-08-15T10:50:01.393Z] [INFO] Found 2 company databases
[2025-08-15T10:50:01.394Z] [DEBUG] Processing company database: company_ieebsmug
[2025-08-15T10:50:01.569Z] [DEBUG] Skipping company_ieebsmug: No scheduled reports collection found
[2025-08-15T10:50:01.570Z] [DEBUG] Processing company database: company_ry0iwbpw
[2025-08-15T10:50:01.746Z] [DEBUG] Finding reports to execute in company_ry0iwbpw (current time: 2025-08-15T10:50:01.746Z)
[2025-08-15T10:50:01.861Z] [INFO] Found 0 reports to execute in company_ry0iwbpw
[2025-08-15T10:50:01.861Z] [INFO] Scheduled reports check completed
[2025-08-15T10:50:01.862Z] [DEBUG] MongoDB connection closed
[2025-08-15T10:50:09.775Z] [INFO] Checking for scheduled reports...
[2025-08-15T10:50:10.499Z] [DEBUG] Connected to MongoDB
[2025-08-15T10:50:10.571Z] [INFO] Found 2 company databases
[2025-08-15T10:50:10.572Z] [DEBUG] Processing company database: company_ieebsmug
[2025-08-15T10:50:10.634Z] [DEBUG] Skipping company_ieebsmug: No scheduled reports collection found
[2025-08-15T10:50:10.635Z] [DEBUG] Processing company database: company_ry0iwbpw
[2025-08-15T10:50:10.700Z] [DEBUG] Finding reports to execute in company_ry0iwbpw (current time: 2025-08-15T10:50:10.700Z)
[2025-08-15T10:50:10.766Z] [INFO] Found 0 reports to execute in company_ry0iwbpw
[2025-08-15T10:50:10.767Z] [INFO] Scheduled reports check completed
[2025-08-15T10:50:10.770Z] [DEBUG] MongoDB connection closed
[2025-08-15T10:50:19.776Z] [INFO] Checking for scheduled reports...
[2025-08-15T10:50:20.506Z] [DEBUG] Connected to MongoDB
[2025-08-15T10:50:20.576Z] [INFO] Found 2 company databases
[2025-08-15T10:50:20.576Z] [DEBUG] Processing company database: company_ieebsmug
[2025-08-15T10:50:20.689Z] [DEBUG] Skipping company_ieebsmug: No scheduled reports collection found
[2025-08-15T10:50:20.689Z] [DEBUG] Processing company database: company_ry0iwbpw
[2025-08-15T10:50:20.752Z] [DEBUG] Finding reports to execute in company_ry0iwbpw (current time: 2025-08-15T10:50:20.752Z)
[2025-08-15T10:50:20.813Z] [INFO] Found 0 reports to execute in company_ry0iwbpw
[2025-08-15T10:50:20.813Z] [INFO] Scheduled reports check completed
[2025-08-15T10:50:20.814Z] [DEBUG] MongoDB connection closed
[2025-08-15T10:50:29.777Z] [INFO] Checking for scheduled reports...
[2025-08-15T10:50:30.499Z] [DEBUG] Connected to MongoDB
[2025-08-15T10:50:30.572Z] [INFO] Found 2 company databases
[2025-08-15T10:50:30.573Z] [DEBUG] Processing company database: company_ieebsmug
[2025-08-15T10:50:30.635Z] [DEBUG] Skipping company_ieebsmug: No scheduled reports collection found
[2025-08-15T10:50:30.636Z] [DEBUG] Processing company database: company_ry0iwbpw
[2025-08-15T10:50:30.699Z] [DEBUG] Finding reports to execute in company_ry0iwbpw (current time: 2025-08-15T10:50:30.699Z)
[2025-08-15T10:50:30.762Z] [INFO] Found 0 reports to execute in company_ry0iwbpw
[2025-08-15T10:50:30.763Z] [INFO] Scheduled reports check completed
[2025-08-15T10:50:30.765Z] [DEBUG] MongoDB connection closed
[2025-08-15T10:50:39.778Z] [INFO] Checking for scheduled reports...
[2025-08-15T10:50:40.637Z] [DEBUG] Connected to MongoDB
[2025-08-15T10:50:40.709Z] [INFO] Found 2 company databases
[2025-08-15T10:50:40.710Z] [DEBUG] Processing company database: company_ieebsmug
[2025-08-15T10:50:40.773Z] [DEBUG] Skipping company_ieebsmug: No scheduled reports collection found
[2025-08-15T10:50:40.773Z] [DEBUG] Processing company database: company_ry0iwbpw
[2025-08-15T10:50:40.837Z] [DEBUG] Finding reports to execute in company_ry0iwbpw (current time: 2025-08-15T10:50:40.837Z)
[2025-08-15T10:50:40.911Z] [INFO] Found 0 reports to execute in company_ry0iwbpw
[2025-08-15T10:50:40.912Z] [INFO] Scheduled reports check completed
[2025-08-15T10:50:40.914Z] [DEBUG] MongoDB connection closed
[2025-08-15T10:50:49.778Z] [INFO] Checking for scheduled reports...
[2025-08-15T10:50:50.514Z] [DEBUG] Connected to MongoDB
[2025-08-15T10:50:50.586Z] [INFO] Found 2 company databases
[2025-08-15T10:50:50.586Z] [DEBUG] Processing company database: company_ieebsmug
[2025-08-15T10:50:50.655Z] [DEBUG] Skipping company_ieebsmug: No scheduled reports collection found
[2025-08-15T10:50:50.655Z] [DEBUG] Processing company database: company_ry0iwbpw
[2025-08-15T10:50:50.722Z] [DEBUG] Finding reports to execute in company_ry0iwbpw (current time: 2025-08-15T10:50:50.722Z)
[2025-08-15T10:50:50.785Z] [INFO] Found 0 reports to execute in company_ry0iwbpw
[2025-08-15T10:50:50.785Z] [INFO] Scheduled reports check completed
[2025-08-15T10:50:50.788Z] [DEBUG] MongoDB connection closed
[2025-08-15T10:50:59.780Z] [INFO] Checking for scheduled reports...
[2025-08-15T10:51:00.505Z] [DEBUG] Connected to MongoDB
[2025-08-15T10:51:00.577Z] [INFO] Found 2 company databases
[2025-08-15T10:51:00.577Z] [DEBUG] Processing company database: company_ieebsmug
[2025-08-15T10:51:00.639Z] [DEBUG] Skipping company_ieebsmug: No scheduled reports collection found
[2025-08-15T10:51:00.640Z] [DEBUG] Processing company database: company_ry0iwbpw
[2025-08-15T10:51:00.702Z] [DEBUG] Finding reports to execute in company_ry0iwbpw (current time: 2025-08-15T10:51:00.702Z)
[2025-08-15T10:51:00.765Z] [INFO] Found 0 reports to execute in company_ry0iwbpw
[2025-08-15T10:51:00.766Z] [INFO] Scheduled reports check completed
[2025-08-15T10:51:00.769Z] [DEBUG] MongoDB connection closed
[2025-08-15T10:51:09.780Z] [INFO] Checking for scheduled reports...
[2025-08-15T10:51:10.515Z] [DEBUG] Connected to MongoDB
[2025-08-15T10:51:10.586Z] [INFO] Found 2 company databases
[2025-08-15T10:51:10.587Z] [DEBUG] Processing company database: company_ieebsmug
[2025-08-15T10:51:10.649Z] [DEBUG] Skipping company_ieebsmug: No scheduled reports collection found
[2025-08-15T10:51:10.650Z] [DEBUG] Processing company database: company_ry0iwbpw
[2025-08-15T10:51:10.714Z] [DEBUG] Finding reports to execute in company_ry0iwbpw (current time: 2025-08-15T10:51:10.714Z)
[2025-08-15T10:51:10.777Z] [INFO] Found 0 reports to execute in company_ry0iwbpw
[2025-08-15T10:51:10.778Z] [INFO] Scheduled reports check completed
[2025-08-15T10:51:10.780Z] [DEBUG] MongoDB connection closed
[2025-08-15T10:51:19.781Z] [INFO] Checking for scheduled reports...
[2025-08-15T10:51:20.504Z] [DEBUG] Connected to MongoDB
[2025-08-15T10:51:20.577Z] [INFO] Found 2 company databases
[2025-08-15T10:51:20.577Z] [DEBUG] Processing company database: company_ieebsmug
[2025-08-15T10:51:20.639Z] [DEBUG] Skipping company_ieebsmug: No scheduled reports collection found
[2025-08-15T10:51:20.640Z] [DEBUG] Processing company database: company_ry0iwbpw
[2025-08-15T10:51:20.703Z] [DEBUG] Finding reports to execute in company_ry0iwbpw (current time: 2025-08-15T10:51:20.703Z)
[2025-08-15T10:51:20.768Z] [INFO] Found 0 reports to execute in company_ry0iwbpw
[2025-08-15T10:51:20.768Z] [INFO] Scheduled reports check completed
[2025-08-15T10:51:20.770Z] [DEBUG] MongoDB connection closed
[2025-08-15T10:51:29.783Z] [INFO] Checking for scheduled reports...
[2025-08-15T10:51:30.581Z] [DEBUG] Connected to MongoDB
[2025-08-15T10:51:30.652Z] [INFO] Found 2 company databases
[2025-08-15T10:51:30.653Z] [DEBUG] Processing company database: company_ieebsmug
[2025-08-15T10:51:30.715Z] [DEBUG] Skipping company_ieebsmug: No scheduled reports collection found
[2025-08-15T10:51:30.715Z] [DEBUG] Processing company database: company_ry0iwbpw
[2025-08-15T10:51:30.778Z] [DEBUG] Finding reports to execute in company_ry0iwbpw (current time: 2025-08-15T10:51:30.778Z)
[2025-08-15T10:51:30.842Z] [INFO] Found 0 reports to execute in company_ry0iwbpw
[2025-08-15T10:51:30.843Z] [INFO] Scheduled reports check completed
[2025-08-15T10:51:30.846Z] [DEBUG] MongoDB connection closed
[2025-08-15T10:51:39.784Z] [INFO] Checking for scheduled reports...
[2025-08-15T10:51:40.604Z] [DEBUG] Connected to MongoDB
[2025-08-15T10:51:40.675Z] [INFO] Found 2 company databases
[2025-08-15T10:51:40.675Z] [DEBUG] Processing company database: company_ieebsmug
[2025-08-15T10:51:40.742Z] [DEBUG] Skipping company_ieebsmug: No scheduled reports collection found
[2025-08-15T10:51:40.742Z] [DEBUG] Processing company database: company_ry0iwbpw
[2025-08-15T10:51:40.823Z] [DEBUG] Finding reports to execute in company_ry0iwbpw (current time: 2025-08-15T10:51:40.823Z)
[2025-08-15T10:51:40.885Z] [INFO] Found 0 reports to execute in company_ry0iwbpw
[2025-08-15T10:51:40.885Z] [INFO] Scheduled reports check completed
[2025-08-15T10:51:40.886Z] [DEBUG] MongoDB connection closed
[2025-08-15T10:51:49.788Z] [INFO] Checking for scheduled reports...
[2025-08-15T10:51:50.531Z] [DEBUG] Connected to MongoDB
[2025-08-15T10:51:50.603Z] [INFO] Found 2 company databases
[2025-08-15T10:51:50.603Z] [DEBUG] Processing company database: company_ieebsmug
[2025-08-15T10:51:50.665Z] [DEBUG] Skipping company_ieebsmug: No scheduled reports collection found
[2025-08-15T10:51:50.665Z] [DEBUG] Processing company database: company_ry0iwbpw
[2025-08-15T10:51:50.728Z] [DEBUG] Finding reports to execute in company_ry0iwbpw (current time: 2025-08-15T10:51:50.728Z)
[2025-08-15T10:51:50.789Z] [INFO] Found 0 reports to execute in company_ry0iwbpw
[2025-08-15T10:51:50.789Z] [INFO] Scheduled reports check completed
[2025-08-15T10:51:50.790Z] [DEBUG] MongoDB connection closed
[2025-08-15T10:51:59.788Z] [INFO] Checking for scheduled reports...
[2025-08-15T10:52:00.516Z] [DEBUG] Connected to MongoDB
[2025-08-15T10:52:00.587Z] [INFO] Found 2 company databases
[2025-08-15T10:52:00.587Z] [DEBUG] Processing company database: company_ieebsmug
[2025-08-15T10:52:00.649Z] [DEBUG] Skipping company_ieebsmug: No scheduled reports collection found
[2025-08-15T10:52:00.649Z] [DEBUG] Processing company database: company_ry0iwbpw
[2025-08-15T10:52:00.710Z] [DEBUG] Finding reports to execute in company_ry0iwbpw (current time: 2025-08-15T10:52:00.710Z)
[2025-08-15T10:52:00.771Z] [INFO] Found 0 reports to execute in company_ry0iwbpw
[2025-08-15T10:52:00.772Z] [INFO] Scheduled reports check completed
[2025-08-15T10:52:00.773Z] [DEBUG] MongoDB connection closed
[2025-08-15T10:52:09.789Z] [INFO] Checking for scheduled reports...
[2025-08-15T10:52:10.538Z] [DEBUG] Connected to MongoDB
[2025-08-15T10:52:10.611Z] [INFO] Found 2 company databases
[2025-08-15T10:52:10.612Z] [DEBUG] Processing company database: company_ieebsmug
[2025-08-15T10:52:10.675Z] [DEBUG] Skipping company_ieebsmug: No scheduled reports collection found
[2025-08-15T10:52:10.676Z] [DEBUG] Processing company database: company_ry0iwbpw
[2025-08-15T10:52:10.739Z] [DEBUG] Finding reports to execute in company_ry0iwbpw (current time: 2025-08-15T10:52:10.739Z)
[2025-08-15T10:52:10.803Z] [INFO] Found 0 reports to execute in company_ry0iwbpw
[2025-08-15T10:52:10.804Z] [INFO] Scheduled reports check completed
[2025-08-15T10:52:10.806Z] [DEBUG] MongoDB connection closed
[2025-08-15T10:52:19.790Z] [INFO] Checking for scheduled reports...
[2025-08-15T10:52:20.520Z] [DEBUG] Connected to MongoDB
[2025-08-15T10:52:20.590Z] [INFO] Found 2 company databases
[2025-08-15T10:52:20.591Z] [DEBUG] Processing company database: company_ieebsmug
[2025-08-15T10:52:20.654Z] [DEBUG] Skipping company_ieebsmug: No scheduled reports collection found
[2025-08-15T10:52:20.655Z] [DEBUG] Processing company database: company_ry0iwbpw
[2025-08-15T10:52:20.717Z] [DEBUG] Finding reports to execute in company_ry0iwbpw (current time: 2025-08-15T10:52:20.717Z)
[2025-08-15T10:52:20.780Z] [INFO] Found 0 reports to execute in company_ry0iwbpw
[2025-08-15T10:52:20.781Z] [INFO] Scheduled reports check completed
[2025-08-15T10:52:20.783Z] [DEBUG] MongoDB connection closed
[2025-08-15T10:52:29.791Z] [INFO] Checking for scheduled reports...
[2025-08-15T10:52:30.602Z] [DEBUG] Connected to MongoDB
[2025-08-15T10:52:30.674Z] [INFO] Found 2 company databases
[2025-08-15T10:52:30.675Z] [DEBUG] Processing company database: company_ieebsmug
[2025-08-15T10:52:30.738Z] [DEBUG] Skipping company_ieebsmug: No scheduled reports collection found
[2025-08-15T10:52:30.738Z] [DEBUG] Processing company database: company_ry0iwbpw
[2025-08-15T10:52:30.802Z] [DEBUG] Finding reports to execute in company_ry0iwbpw (current time: 2025-08-15T10:52:30.802Z)
[2025-08-15T10:52:30.865Z] [INFO] Found 0 reports to execute in company_ry0iwbpw
[2025-08-15T10:52:30.866Z] [INFO] Scheduled reports check completed
[2025-08-15T10:52:30.872Z] [DEBUG] MongoDB connection closed
[2025-08-15T10:52:39.792Z] [INFO] Checking for scheduled reports...
[2025-08-15T10:52:40.536Z] [DEBUG] Connected to MongoDB
[2025-08-15T10:52:40.606Z] [INFO] Found 2 company databases
[2025-08-15T10:52:40.607Z] [DEBUG] Processing company database: company_ieebsmug
[2025-08-15T10:52:40.670Z] [DEBUG] Skipping company_ieebsmug: No scheduled reports collection found
[2025-08-15T10:52:40.670Z] [DEBUG] Processing company database: company_ry0iwbpw
[2025-08-15T10:52:40.733Z] [DEBUG] Finding reports to execute in company_ry0iwbpw (current time: 2025-08-15T10:52:40.733Z)
[2025-08-15T10:52:40.800Z] [INFO] Found 0 reports to execute in company_ry0iwbpw
[2025-08-15T10:52:40.800Z] [INFO] Scheduled reports check completed
[2025-08-15T10:52:40.801Z] [DEBUG] MongoDB connection closed
[2025-08-15T10:52:49.793Z] [INFO] Checking for scheduled reports...
[2025-08-15T10:52:50.535Z] [DEBUG] Connected to MongoDB
[2025-08-15T10:52:50.608Z] [INFO] Found 2 company databases
[2025-08-15T10:52:50.608Z] [DEBUG] Processing company database: company_ieebsmug
[2025-08-15T10:52:50.671Z] [DEBUG] Skipping company_ieebsmug: No scheduled reports collection found
[2025-08-15T10:52:50.671Z] [DEBUG] Processing company database: company_ry0iwbpw
[2025-08-15T10:52:50.734Z] [DEBUG] Finding reports to execute in company_ry0iwbpw (current time: 2025-08-15T10:52:50.734Z)
[2025-08-15T10:52:50.796Z] [INFO] Found 0 reports to execute in company_ry0iwbpw
[2025-08-15T10:52:50.796Z] [INFO] Scheduled reports check completed
[2025-08-15T10:52:50.798Z] [DEBUG] MongoDB connection closed
[2025-08-15T10:52:59.794Z] [INFO] Checking for scheduled reports...
[2025-08-15T10:53:00.971Z] [DEBUG] Connected to MongoDB
[2025-08-15T10:53:01.147Z] [INFO] Found 2 company databases
[2025-08-15T10:53:01.148Z] [DEBUG] Processing company database: company_ieebsmug
[2025-08-15T10:53:01.245Z] [DEBUG] Skipping company_ieebsmug: No scheduled reports collection found
[2025-08-15T10:53:01.245Z] [DEBUG] Processing company database: company_ry0iwbpw
[2025-08-15T10:53:01.423Z] [DEBUG] Finding reports to execute in company_ry0iwbpw (current time: 2025-08-15T10:53:01.423Z)
[2025-08-15T10:53:01.520Z] [INFO] Found 0 reports to execute in company_ry0iwbpw
[2025-08-15T10:53:01.520Z] [INFO] Scheduled reports check completed
[2025-08-15T10:53:01.520Z] [DEBUG] MongoDB connection closed
[2025-08-15T10:53:09.795Z] [INFO] Checking for scheduled reports...
[2025-08-15T10:53:10.526Z] [DEBUG] Connected to MongoDB
[2025-08-15T10:53:10.599Z] [INFO] Found 2 company databases
[2025-08-15T10:53:10.599Z] [DEBUG] Processing company database: company_ieebsmug
[2025-08-15T10:53:10.665Z] [DEBUG] Skipping company_ieebsmug: No scheduled reports collection found
[2025-08-15T10:53:10.665Z] [DEBUG] Processing company database: company_ry0iwbpw
[2025-08-15T10:53:10.729Z] [DEBUG] Finding reports to execute in company_ry0iwbpw (current time: 2025-08-15T10:53:10.729Z)
[2025-08-15T10:53:10.793Z] [INFO] Found 0 reports to execute in company_ry0iwbpw
[2025-08-15T10:53:10.793Z] [INFO] Scheduled reports check completed
[2025-08-15T10:53:10.794Z] [DEBUG] MongoDB connection closed
[2025-08-15T10:53:19.796Z] [INFO] Checking for scheduled reports...
[2025-08-15T10:53:20.519Z] [DEBUG] Connected to MongoDB
[2025-08-15T10:53:20.591Z] [INFO] Found 2 company databases
[2025-08-15T10:53:20.591Z] [DEBUG] Processing company database: company_ieebsmug
[2025-08-15T10:53:20.654Z] [DEBUG] Skipping company_ieebsmug: No scheduled reports collection found
[2025-08-15T10:53:20.654Z] [DEBUG] Processing company database: company_ry0iwbpw
[2025-08-15T10:53:20.723Z] [DEBUG] Finding reports to execute in company_ry0iwbpw (current time: 2025-08-15T10:53:20.723Z)
[2025-08-15T10:53:20.789Z] [INFO] Found 0 reports to execute in company_ry0iwbpw
[2025-08-15T10:53:20.790Z] [INFO] Scheduled reports check completed
[2025-08-15T10:53:20.791Z] [DEBUG] MongoDB connection closed
[2025-08-15T10:53:29.797Z] [INFO] Checking for scheduled reports...
[2025-08-15T10:53:31.128Z] [DEBUG] Connected to MongoDB
[2025-08-15T10:53:31.199Z] [INFO] Found 2 company databases
[2025-08-15T10:53:31.199Z] [DEBUG] Processing company database: company_ieebsmug
[2025-08-15T10:53:31.262Z] [DEBUG] Skipping company_ieebsmug: No scheduled reports collection found
[2025-08-15T10:53:31.263Z] [DEBUG] Processing company database: company_ry0iwbpw
[2025-08-15T10:53:31.325Z] [DEBUG] Finding reports to execute in company_ry0iwbpw (current time: 2025-08-15T10:53:31.325Z)
[2025-08-15T10:53:31.392Z] [INFO] Found 0 reports to execute in company_ry0iwbpw
[2025-08-15T10:53:31.392Z] [INFO] Scheduled reports check completed
[2025-08-15T10:53:31.393Z] [DEBUG] MongoDB connection closed
[2025-08-15T10:53:39.799Z] [INFO] Checking for scheduled reports...
[2025-08-15T10:53:40.514Z] [DEBUG] Connected to MongoDB
[2025-08-15T10:53:40.602Z] [INFO] Found 2 company databases
[2025-08-15T10:53:40.602Z] [DEBUG] Processing company database: company_ieebsmug
[2025-08-15T10:53:40.665Z] [DEBUG] Skipping company_ieebsmug: No scheduled reports collection found
[2025-08-15T10:53:40.665Z] [DEBUG] Processing company database: company_ry0iwbpw
[2025-08-15T10:53:40.728Z] [DEBUG] Finding reports to execute in company_ry0iwbpw (current time: 2025-08-15T10:53:40.728Z)
[2025-08-15T10:53:40.791Z] [INFO] Found 0 reports to execute in company_ry0iwbpw
[2025-08-15T10:53:40.791Z] [INFO] Scheduled reports check completed
[2025-08-15T10:53:40.793Z] [DEBUG] MongoDB connection closed
[2025-08-15T10:53:49.800Z] [INFO] Checking for scheduled reports...
[2025-08-15T10:53:50.569Z] [DEBUG] Connected to MongoDB
[2025-08-15T10:53:50.639Z] [INFO] Found 2 company databases
[2025-08-15T10:53:50.639Z] [DEBUG] Processing company database: company_ieebsmug
[2025-08-15T10:53:50.702Z] [DEBUG] Skipping company_ieebsmug: No scheduled reports collection found
[2025-08-15T10:53:50.702Z] [DEBUG] Processing company database: company_ry0iwbpw
[2025-08-15T10:53:50.765Z] [DEBUG] Finding reports to execute in company_ry0iwbpw (current time: 2025-08-15T10:53:50.765Z)
[2025-08-15T10:53:50.834Z] [INFO] Found 0 reports to execute in company_ry0iwbpw
[2025-08-15T10:53:50.834Z] [INFO] Scheduled reports check completed
[2025-08-15T10:53:50.835Z] [DEBUG] MongoDB connection closed
[2025-08-15T10:53:59.801Z] [INFO] Checking for scheduled reports...
[2025-08-15T10:54:00.517Z] [DEBUG] Connected to MongoDB
[2025-08-15T10:54:00.594Z] [INFO] Found 2 company databases
[2025-08-15T10:54:00.595Z] [DEBUG] Processing company database: company_ieebsmug
[2025-08-15T10:54:00.657Z] [DEBUG] Skipping company_ieebsmug: No scheduled reports collection found
[2025-08-15T10:54:00.658Z] [DEBUG] Processing company database: company_ry0iwbpw
[2025-08-15T10:54:00.721Z] [DEBUG] Finding reports to execute in company_ry0iwbpw (current time: 2025-08-15T10:54:00.721Z)
[2025-08-15T10:54:00.786Z] [INFO] Found 0 reports to execute in company_ry0iwbpw
[2025-08-15T10:54:00.787Z] [INFO] Scheduled reports check completed
[2025-08-15T10:54:00.788Z] [DEBUG] MongoDB connection closed
[2025-08-15T10:54:09.802Z] [INFO] Checking for scheduled reports...
[2025-08-15T10:54:11.345Z] [DEBUG] Connected to MongoDB
[2025-08-15T10:54:11.522Z] [INFO] Found 2 company databases
[2025-08-15T10:54:11.522Z] [DEBUG] Processing company database: company_ieebsmug
[2025-08-15T10:54:11.699Z] [DEBUG] Skipping company_ieebsmug: No scheduled reports collection found
[2025-08-15T10:54:11.699Z] [DEBUG] Processing company database: company_ry0iwbpw
[2025-08-15T10:54:11.820Z] [DEBUG] Finding reports to execute in company_ry0iwbpw (current time: 2025-08-15T10:54:11.820Z)
[2025-08-15T10:54:11.997Z] [INFO] Found 0 reports to execute in company_ry0iwbpw
[2025-08-15T10:54:11.997Z] [INFO] Scheduled reports check completed
[2025-08-15T10:54:11.999Z] [DEBUG] MongoDB connection closed
[2025-08-15T10:54:19.803Z] [INFO] Checking for scheduled reports...
[2025-08-15T10:54:20.666Z] [DEBUG] Connected to MongoDB
[2025-08-15T10:54:20.739Z] [INFO] Found 2 company databases
[2025-08-15T10:54:20.740Z] [DEBUG] Processing company database: company_ieebsmug
[2025-08-15T10:54:20.803Z] [DEBUG] Skipping company_ieebsmug: No scheduled reports collection found
[2025-08-15T10:54:20.803Z] [DEBUG] Processing company database: company_ry0iwbpw
[2025-08-15T10:54:20.865Z] [DEBUG] Finding reports to execute in company_ry0iwbpw (current time: 2025-08-15T10:54:20.865Z)
[2025-08-15T10:54:20.938Z] [INFO] Found 0 reports to execute in company_ry0iwbpw
[2025-08-15T10:54:20.938Z] [INFO] Scheduled reports check completed
[2025-08-15T10:54:20.940Z] [DEBUG] MongoDB connection closed
[2025-08-15T10:54:29.803Z] [INFO] Checking for scheduled reports...
[2025-08-15T10:54:30.747Z] [DEBUG] Connected to MongoDB
[2025-08-15T10:54:30.819Z] [INFO] Found 2 company databases
[2025-08-15T10:54:30.819Z] [DEBUG] Processing company database: company_ieebsmug
[2025-08-15T10:54:30.882Z] [DEBUG] Skipping company_ieebsmug: No scheduled reports collection found
[2025-08-15T10:54:30.882Z] [DEBUG] Processing company database: company_ry0iwbpw
[2025-08-15T10:54:30.945Z] [DEBUG] Finding reports to execute in company_ry0iwbpw (current time: 2025-08-15T10:54:30.945Z)
[2025-08-15T10:54:31.014Z] [INFO] Found 0 reports to execute in company_ry0iwbpw
[2025-08-15T10:54:31.014Z] [INFO] Scheduled reports check completed
[2025-08-15T10:54:31.016Z] [DEBUG] MongoDB connection closed
[2025-08-15T10:54:39.804Z] [INFO] Checking for scheduled reports...
[2025-08-15T10:54:40.811Z] [DEBUG] Connected to MongoDB
[2025-08-15T10:54:40.882Z] [INFO] Found 2 company databases
[2025-08-15T10:54:40.883Z] [DEBUG] Processing company database: company_ieebsmug
[2025-08-15T10:54:40.944Z] [DEBUG] Skipping company_ieebsmug: No scheduled reports collection found
[2025-08-15T10:54:40.945Z] [DEBUG] Processing company database: company_ry0iwbpw
[2025-08-15T10:54:41.007Z] [DEBUG] Finding reports to execute in company_ry0iwbpw (current time: 2025-08-15T10:54:41.007Z)
[2025-08-15T10:54:41.069Z] [INFO] Found 0 reports to execute in company_ry0iwbpw
[2025-08-15T10:54:41.069Z] [INFO] Scheduled reports check completed
[2025-08-15T10:54:41.070Z] [DEBUG] MongoDB connection closed
[2025-08-15T10:54:49.804Z] [INFO] Checking for scheduled reports...
[2025-08-15T10:54:50.585Z] [DEBUG] Connected to MongoDB
[2025-08-15T10:54:50.657Z] [INFO] Found 2 company databases
[2025-08-15T10:54:50.658Z] [DEBUG] Processing company database: company_ieebsmug
[2025-08-15T10:54:50.721Z] [DEBUG] Skipping company_ieebsmug: No scheduled reports collection found
[2025-08-15T10:54:50.722Z] [DEBUG] Processing company database: company_ry0iwbpw
[2025-08-15T10:54:50.786Z] [DEBUG] Finding reports to execute in company_ry0iwbpw (current time: 2025-08-15T10:54:50.786Z)
[2025-08-15T10:54:50.848Z] [INFO] Found 0 reports to execute in company_ry0iwbpw
[2025-08-15T10:54:50.849Z] [INFO] Scheduled reports check completed
[2025-08-15T10:54:50.851Z] [DEBUG] MongoDB connection closed
[2025-08-15T10:54:59.806Z] [INFO] Checking for scheduled reports...
[2025-08-15T10:55:00.545Z] [DEBUG] Connected to MongoDB
[2025-08-15T10:55:00.616Z] [INFO] Found 2 company databases
[2025-08-15T10:55:00.616Z] [DEBUG] Processing company database: company_ieebsmug
[2025-08-15T10:55:00.677Z] [DEBUG] Skipping company_ieebsmug: No scheduled reports collection found
[2025-08-15T10:55:00.677Z] [DEBUG] Processing company database: company_ry0iwbpw
[2025-08-15T10:55:00.740Z] [DEBUG] Finding reports to execute in company_ry0iwbpw (current time: 2025-08-15T10:55:00.740Z)
[2025-08-15T10:55:00.806Z] [INFO] Found 0 reports to execute in company_ry0iwbpw
[2025-08-15T10:55:00.806Z] [INFO] Scheduled reports check completed
[2025-08-15T10:55:00.808Z] [DEBUG] MongoDB connection closed
[2025-08-15T10:55:09.808Z] [INFO] Checking for scheduled reports...
[2025-08-15T10:55:10.536Z] [DEBUG] Connected to MongoDB
[2025-08-15T10:55:10.607Z] [INFO] Found 2 company databases
[2025-08-15T10:55:10.608Z] [DEBUG] Processing company database: company_ieebsmug
[2025-08-15T10:55:10.674Z] [DEBUG] Skipping company_ieebsmug: No scheduled reports collection found
[2025-08-15T10:55:10.674Z] [DEBUG] Processing company database: company_ry0iwbpw
[2025-08-15T10:55:10.739Z] [DEBUG] Finding reports to execute in company_ry0iwbpw (current time: 2025-08-15T10:55:10.739Z)
[2025-08-15T10:55:10.802Z] [INFO] Found 0 reports to execute in company_ry0iwbpw
[2025-08-15T10:55:10.803Z] [INFO] Scheduled reports check completed
[2025-08-15T10:55:10.806Z] [DEBUG] MongoDB connection closed
[2025-08-15T10:55:19.808Z] [INFO] Checking for scheduled reports...
[2025-08-15T10:55:20.534Z] [DEBUG] Connected to MongoDB
[2025-08-15T10:55:20.604Z] [INFO] Found 2 company databases
[2025-08-15T10:55:20.605Z] [DEBUG] Processing company database: company_ieebsmug
[2025-08-15T10:55:20.666Z] [DEBUG] Skipping company_ieebsmug: No scheduled reports collection found
[2025-08-15T10:55:20.666Z] [DEBUG] Processing company database: company_ry0iwbpw
[2025-08-15T10:55:20.727Z] [DEBUG] Finding reports to execute in company_ry0iwbpw (current time: 2025-08-15T10:55:20.727Z)
[2025-08-15T10:55:20.790Z] [INFO] Found 0 reports to execute in company_ry0iwbpw
[2025-08-15T10:55:20.790Z] [INFO] Scheduled reports check completed
[2025-08-15T10:55:20.791Z] [DEBUG] MongoDB connection closed
[2025-08-15T10:55:29.809Z] [INFO] Checking for scheduled reports...
[2025-08-15T10:55:30.549Z] [DEBUG] Connected to MongoDB
[2025-08-15T10:55:30.620Z] [INFO] Found 2 company databases
[2025-08-15T10:55:30.621Z] [DEBUG] Processing company database: company_ieebsmug
[2025-08-15T10:55:30.684Z] [DEBUG] Skipping company_ieebsmug: No scheduled reports collection found
[2025-08-15T10:55:30.684Z] [DEBUG] Processing company database: company_ry0iwbpw
[2025-08-15T10:55:30.748Z] [DEBUG] Finding reports to execute in company_ry0iwbpw (current time: 2025-08-15T10:55:30.748Z)
[2025-08-15T10:55:30.812Z] [INFO] Found 0 reports to execute in company_ry0iwbpw
[2025-08-15T10:55:30.812Z] [INFO] Scheduled reports check completed
[2025-08-15T10:55:30.815Z] [DEBUG] MongoDB connection closed
[2025-08-15T10:55:39.809Z] [INFO] Checking for scheduled reports...
[2025-08-15T10:55:40.545Z] [DEBUG] Connected to MongoDB
[2025-08-15T10:55:40.616Z] [INFO] Found 2 company databases
[2025-08-15T10:55:40.617Z] [DEBUG] Processing company database: company_ieebsmug
[2025-08-15T10:55:40.678Z] [DEBUG] Skipping company_ieebsmug: No scheduled reports collection found
[2025-08-15T10:55:40.678Z] [DEBUG] Processing company database: company_ry0iwbpw
[2025-08-15T10:55:40.745Z] [DEBUG] Finding reports to execute in company_ry0iwbpw (current time: 2025-08-15T10:55:40.745Z)
[2025-08-15T10:55:40.808Z] [INFO] Found 0 reports to execute in company_ry0iwbpw
[2025-08-15T10:55:40.809Z] [INFO] Scheduled reports check completed
[2025-08-15T10:55:40.810Z] [DEBUG] MongoDB connection closed
[2025-08-15T10:55:49.811Z] [INFO] Checking for scheduled reports...
[2025-08-15T10:55:50.560Z] [DEBUG] Connected to MongoDB
[2025-08-15T10:55:50.630Z] [INFO] Found 2 company databases
[2025-08-15T10:55:50.631Z] [DEBUG] Processing company database: company_ieebsmug
[2025-08-15T10:55:50.695Z] [DEBUG] Skipping company_ieebsmug: No scheduled reports collection found
[2025-08-15T10:55:50.695Z] [DEBUG] Processing company database: company_ry0iwbpw
[2025-08-15T10:55:50.768Z] [DEBUG] Finding reports to execute in company_ry0iwbpw (current time: 2025-08-15T10:55:50.768Z)
[2025-08-15T10:55:50.831Z] [INFO] Found 0 reports to execute in company_ry0iwbpw
[2025-08-15T10:55:50.832Z] [INFO] Scheduled reports check completed
[2025-08-15T10:55:50.833Z] [DEBUG] MongoDB connection closed
[2025-08-15T10:55:59.811Z] [INFO] Checking for scheduled reports...
[2025-08-15T10:56:00.613Z] [DEBUG] Connected to MongoDB
[2025-08-15T10:56:00.751Z] [INFO] Found 2 company databases
[2025-08-15T10:56:00.751Z] [DEBUG] Processing company database: company_ieebsmug
[2025-08-15T10:56:00.888Z] [DEBUG] Skipping company_ieebsmug: No scheduled reports collection found
[2025-08-15T10:56:00.889Z] [DEBUG] Processing company database: company_ry0iwbpw
[2025-08-15T10:56:00.974Z] [DEBUG] Finding reports to execute in company_ry0iwbpw (current time: 2025-08-15T10:56:00.974Z)
[2025-08-15T10:56:01.038Z] [INFO] Found 0 reports to execute in company_ry0iwbpw
[2025-08-15T10:56:01.038Z] [INFO] Scheduled reports check completed
[2025-08-15T10:56:01.040Z] [DEBUG] MongoDB connection closed
[2025-08-15T10:56:09.812Z] [INFO] Checking for scheduled reports...
[2025-08-15T10:56:10.525Z] [DEBUG] Connected to MongoDB
[2025-08-15T10:56:10.597Z] [INFO] Found 2 company databases
[2025-08-15T10:56:10.598Z] [DEBUG] Processing company database: company_ieebsmug
[2025-08-15T10:56:10.662Z] [DEBUG] Skipping company_ieebsmug: No scheduled reports collection found
[2025-08-15T10:56:10.663Z] [DEBUG] Processing company database: company_ry0iwbpw
[2025-08-15T10:56:10.726Z] [DEBUG] Finding reports to execute in company_ry0iwbpw (current time: 2025-08-15T10:56:10.726Z)
[2025-08-15T10:56:10.790Z] [INFO] Found 0 reports to execute in company_ry0iwbpw
[2025-08-15T10:56:10.790Z] [INFO] Scheduled reports check completed
[2025-08-15T10:56:10.792Z] [DEBUG] MongoDB connection closed
[2025-08-15T10:56:19.813Z] [INFO] Checking for scheduled reports...
[2025-08-15T10:56:20.542Z] [DEBUG] Connected to MongoDB
[2025-08-15T10:56:20.613Z] [INFO] Found 2 company databases
[2025-08-15T10:56:20.613Z] [DEBUG] Processing company database: company_ieebsmug
[2025-08-15T10:56:20.674Z] [DEBUG] Skipping company_ieebsmug: No scheduled reports collection found
[2025-08-15T10:56:20.675Z] [DEBUG] Processing company database: company_ry0iwbpw
[2025-08-15T10:56:20.738Z] [DEBUG] Finding reports to execute in company_ry0iwbpw (current time: 2025-08-15T10:56:20.738Z)
[2025-08-15T10:56:20.801Z] [INFO] Found 0 reports to execute in company_ry0iwbpw
[2025-08-15T10:56:20.802Z] [INFO] Scheduled reports check completed
[2025-08-15T10:56:20.804Z] [DEBUG] MongoDB connection closed
[2025-08-15T10:56:29.815Z] [INFO] Checking for scheduled reports...
[2025-08-15T10:56:30.555Z] [DEBUG] Connected to MongoDB
[2025-08-15T10:56:30.628Z] [INFO] Found 2 company databases
[2025-08-15T10:56:30.629Z] [DEBUG] Processing company database: company_ieebsmug
[2025-08-15T10:56:30.692Z] [DEBUG] Skipping company_ieebsmug: No scheduled reports collection found
[2025-08-15T10:56:30.692Z] [DEBUG] Processing company database: company_ry0iwbpw
[2025-08-15T10:56:30.759Z] [DEBUG] Finding reports to execute in company_ry0iwbpw (current time: 2025-08-15T10:56:30.759Z)
[2025-08-15T10:56:30.822Z] [INFO] Found 0 reports to execute in company_ry0iwbpw
[2025-08-15T10:56:30.823Z] [INFO] Scheduled reports check completed
[2025-08-15T10:56:30.826Z] [DEBUG] MongoDB connection closed
[2025-08-15T10:56:39.815Z] [INFO] Checking for scheduled reports...
[2025-08-15T10:56:40.592Z] [DEBUG] Connected to MongoDB
[2025-08-15T10:56:40.663Z] [INFO] Found 2 company databases
[2025-08-15T10:56:40.664Z] [DEBUG] Processing company database: company_ieebsmug
[2025-08-15T10:56:40.727Z] [DEBUG] Skipping company_ieebsmug: No scheduled reports collection found
[2025-08-15T10:56:40.727Z] [DEBUG] Processing company database: company_ry0iwbpw
[2025-08-15T10:56:40.793Z] [DEBUG] Finding reports to execute in company_ry0iwbpw (current time: 2025-08-15T10:56:40.793Z)
[2025-08-15T10:56:40.856Z] [INFO] Found 0 reports to execute in company_ry0iwbpw
[2025-08-15T10:56:40.857Z] [INFO] Scheduled reports check completed
[2025-08-15T10:56:40.860Z] [DEBUG] MongoDB connection closed
[2025-08-15T10:56:49.816Z] [INFO] Checking for scheduled reports...
[2025-08-15T10:56:50.677Z] [DEBUG] Connected to MongoDB
[2025-08-15T10:56:50.748Z] [INFO] Found 2 company databases
[2025-08-15T10:56:50.749Z] [DEBUG] Processing company database: company_ieebsmug
[2025-08-15T10:56:50.814Z] [DEBUG] Skipping company_ieebsmug: No scheduled reports collection found
[2025-08-15T10:56:50.815Z] [DEBUG] Processing company database: company_ry0iwbpw
[2025-08-15T10:56:50.882Z] [DEBUG] Finding reports to execute in company_ry0iwbpw (current time: 2025-08-15T10:56:50.882Z)
[2025-08-15T10:56:50.950Z] [INFO] Found 0 reports to execute in company_ry0iwbpw
[2025-08-15T10:56:50.950Z] [INFO] Scheduled reports check completed
[2025-08-15T10:56:50.953Z] [DEBUG] MongoDB connection closed
[2025-08-15T10:56:59.816Z] [INFO] Checking for scheduled reports...
[2025-08-15T10:57:00.585Z] [DEBUG] Connected to MongoDB
[2025-08-15T10:57:00.658Z] [INFO] Found 2 company databases
[2025-08-15T10:57:00.659Z] [DEBUG] Processing company database: company_ieebsmug
[2025-08-15T10:57:00.721Z] [DEBUG] Skipping company_ieebsmug: No scheduled reports collection found
[2025-08-15T10:57:00.721Z] [DEBUG] Processing company database: company_ry0iwbpw
[2025-08-15T10:57:00.793Z] [DEBUG] Finding reports to execute in company_ry0iwbpw (current time: 2025-08-15T10:57:00.793Z)
[2025-08-15T10:57:00.855Z] [INFO] Found 0 reports to execute in company_ry0iwbpw
[2025-08-15T10:57:00.856Z] [INFO] Scheduled reports check completed
[2025-08-15T10:57:00.859Z] [DEBUG] MongoDB connection closed
[2025-08-15T10:57:09.818Z] [INFO] Checking for scheduled reports...
[2025-08-15T10:57:10.545Z] [DEBUG] Connected to MongoDB
[2025-08-15T10:57:10.624Z] [INFO] Found 2 company databases
[2025-08-15T10:57:10.624Z] [DEBUG] Processing company database: company_ieebsmug
[2025-08-15T10:57:10.692Z] [DEBUG] Skipping company_ieebsmug: No scheduled reports collection found
[2025-08-15T10:57:10.692Z] [DEBUG] Processing company database: company_ry0iwbpw
[2025-08-15T10:57:10.761Z] [DEBUG] Finding reports to execute in company_ry0iwbpw (current time: 2025-08-15T10:57:10.761Z)
[2025-08-15T10:57:10.824Z] [INFO] Found 0 reports to execute in company_ry0iwbpw
[2025-08-15T10:57:10.825Z] [INFO] Scheduled reports check completed
[2025-08-15T10:57:10.828Z] [DEBUG] MongoDB connection closed
[2025-08-15T10:57:19.819Z] [INFO] Checking for scheduled reports...
[2025-08-15T10:57:20.532Z] [DEBUG] Connected to MongoDB
[2025-08-15T10:57:20.608Z] [INFO] Found 2 company databases
[2025-08-15T10:57:20.609Z] [DEBUG] Processing company database: company_ieebsmug
[2025-08-15T10:57:20.672Z] [DEBUG] Skipping company_ieebsmug: No scheduled reports collection found
[2025-08-15T10:57:20.673Z] [DEBUG] Processing company database: company_ry0iwbpw
[2025-08-15T10:57:20.735Z] [DEBUG] Finding reports to execute in company_ry0iwbpw (current time: 2025-08-15T10:57:20.735Z)
[2025-08-15T10:57:20.798Z] [INFO] Found 0 reports to execute in company_ry0iwbpw
[2025-08-15T10:57:20.798Z] [INFO] Scheduled reports check completed
[2025-08-15T10:57:20.799Z] [DEBUG] MongoDB connection closed
[2025-08-15T10:57:29.819Z] [INFO] Checking for scheduled reports...
[2025-08-15T10:57:30.545Z] [DEBUG] Connected to MongoDB
[2025-08-15T10:57:30.626Z] [INFO] Found 2 company databases
[2025-08-15T10:57:30.626Z] [DEBUG] Processing company database: company_ieebsmug
[2025-08-15T10:57:30.694Z] [DEBUG] Skipping company_ieebsmug: No scheduled reports collection found
[2025-08-15T10:57:30.694Z] [DEBUG] Processing company database: company_ry0iwbpw
[2025-08-15T10:57:30.758Z] [DEBUG] Finding reports to execute in company_ry0iwbpw (current time: 2025-08-15T10:57:30.758Z)
[2025-08-15T10:57:30.825Z] [INFO] Found 0 reports to execute in company_ry0iwbpw
[2025-08-15T10:57:30.825Z] [INFO] Scheduled reports check completed
[2025-08-15T10:57:30.828Z] [DEBUG] MongoDB connection closed
[2025-08-15T10:57:39.821Z] [INFO] Checking for scheduled reports...
[2025-08-15T10:57:40.542Z] [DEBUG] Connected to MongoDB
[2025-08-15T10:57:40.615Z] [INFO] Found 2 company databases
[2025-08-15T10:57:40.615Z] [DEBUG] Processing company database: company_ieebsmug
[2025-08-15T10:57:40.677Z] [DEBUG] Skipping company_ieebsmug: No scheduled reports collection found
[2025-08-15T10:57:40.677Z] [DEBUG] Processing company database: company_ry0iwbpw
[2025-08-15T10:57:40.757Z] [DEBUG] Finding reports to execute in company_ry0iwbpw (current time: 2025-08-15T10:57:40.757Z)
[2025-08-15T10:57:40.821Z] [INFO] Found 0 reports to execute in company_ry0iwbpw
[2025-08-15T10:57:40.822Z] [INFO] Scheduled reports check completed
[2025-08-15T10:57:40.827Z] [DEBUG] MongoDB connection closed
[2025-08-15T10:57:49.823Z] [INFO] Checking for scheduled reports...
[2025-08-15T10:57:50.641Z] [DEBUG] Connected to MongoDB
[2025-08-15T10:57:50.714Z] [INFO] Found 2 company databases
[2025-08-15T10:57:50.715Z] [DEBUG] Processing company database: company_ieebsmug
[2025-08-15T10:57:50.780Z] [DEBUG] Skipping company_ieebsmug: No scheduled reports collection found
[2025-08-15T10:57:50.781Z] [DEBUG] Processing company database: company_ry0iwbpw
[2025-08-15T10:57:50.845Z] [DEBUG] Finding reports to execute in company_ry0iwbpw (current time: 2025-08-15T10:57:50.845Z)
[2025-08-15T10:57:50.914Z] [INFO] Found 0 reports to execute in company_ry0iwbpw
[2025-08-15T10:57:50.915Z] [INFO] Scheduled reports check completed
[2025-08-15T10:57:50.917Z] [DEBUG] MongoDB connection closed
[2025-08-15T10:57:59.823Z] [INFO] Checking for scheduled reports...
[2025-08-15T10:58:00.734Z] [DEBUG] Connected to MongoDB
[2025-08-15T10:58:00.805Z] [INFO] Found 2 company databases
[2025-08-15T10:58:00.806Z] [DEBUG] Processing company database: company_ieebsmug
[2025-08-15T10:58:00.870Z] [DEBUG] Skipping company_ieebsmug: No scheduled reports collection found
[2025-08-15T10:58:00.871Z] [DEBUG] Processing company database: company_ry0iwbpw
[2025-08-15T10:58:00.936Z] [DEBUG] Finding reports to execute in company_ry0iwbpw (current time: 2025-08-15T10:58:00.936Z)
[2025-08-15T10:58:00.999Z] [INFO] Found 0 reports to execute in company_ry0iwbpw
[2025-08-15T10:58:01.000Z] [INFO] Scheduled reports check completed
[2025-08-15T10:58:01.002Z] [DEBUG] MongoDB connection closed
[2025-08-15T10:58:09.825Z] [INFO] Checking for scheduled reports...
[2025-08-15T10:58:10.540Z] [DEBUG] Connected to MongoDB
[2025-08-15T10:58:10.611Z] [INFO] Found 2 company databases
[2025-08-15T10:58:10.612Z] [DEBUG] Processing company database: company_ieebsmug
[2025-08-15T10:58:10.681Z] [DEBUG] Skipping company_ieebsmug: No scheduled reports collection found
[2025-08-15T10:58:10.682Z] [DEBUG] Processing company database: company_ry0iwbpw
[2025-08-15T10:58:10.746Z] [DEBUG] Finding reports to execute in company_ry0iwbpw (current time: 2025-08-15T10:58:10.746Z)
[2025-08-15T10:58:10.809Z] [INFO] Found 0 reports to execute in company_ry0iwbpw
[2025-08-15T10:58:10.810Z] [INFO] Scheduled reports check completed
[2025-08-15T10:58:10.812Z] [DEBUG] MongoDB connection closed
[2025-08-15T10:58:19.827Z] [INFO] Checking for scheduled reports...
[2025-08-15T10:58:20.544Z] [DEBUG] Connected to MongoDB
[2025-08-15T10:58:20.615Z] [INFO] Found 2 company databases
[2025-08-15T10:58:20.615Z] [DEBUG] Processing company database: company_ieebsmug
[2025-08-15T10:58:20.681Z] [DEBUG] Skipping company_ieebsmug: No scheduled reports collection found
[2025-08-15T10:58:20.681Z] [DEBUG] Processing company database: company_ry0iwbpw
[2025-08-15T10:58:20.743Z] [DEBUG] Finding reports to execute in company_ry0iwbpw (current time: 2025-08-15T10:58:20.743Z)
[2025-08-15T10:58:20.805Z] [INFO] Found 0 reports to execute in company_ry0iwbpw
[2025-08-15T10:58:20.805Z] [INFO] Scheduled reports check completed
[2025-08-15T10:58:20.805Z] [DEBUG] MongoDB connection closed
[2025-08-15T10:58:29.827Z] [INFO] Checking for scheduled reports...
[2025-08-15T10:58:30.530Z] [DEBUG] Connected to MongoDB
[2025-08-15T10:58:30.601Z] [INFO] Found 2 company databases
[2025-08-15T10:58:30.602Z] [DEBUG] Processing company database: company_ieebsmug
[2025-08-15T10:58:30.672Z] [DEBUG] Skipping company_ieebsmug: No scheduled reports collection found
[2025-08-15T10:58:30.672Z] [DEBUG] Processing company database: company_ry0iwbpw
[2025-08-15T10:58:30.734Z] [DEBUG] Finding reports to execute in company_ry0iwbpw (current time: 2025-08-15T10:58:30.734Z)
[2025-08-15T10:58:30.796Z] [INFO] Found 0 reports to execute in company_ry0iwbpw
[2025-08-15T10:58:30.797Z] [INFO] Scheduled reports check completed
[2025-08-15T10:58:30.800Z] [DEBUG] MongoDB connection closed
[2025-08-15T10:58:39.829Z] [INFO] Checking for scheduled reports...
[2025-08-15T10:58:40.563Z] [DEBUG] Connected to MongoDB
[2025-08-15T10:58:40.650Z] [INFO] Found 2 company databases
[2025-08-15T10:58:40.650Z] [DEBUG] Processing company database: company_ieebsmug
[2025-08-15T10:58:40.714Z] [DEBUG] Skipping company_ieebsmug: No scheduled reports collection found
[2025-08-15T10:58:40.714Z] [DEBUG] Processing company database: company_ry0iwbpw
[2025-08-15T10:58:40.779Z] [DEBUG] Finding reports to execute in company_ry0iwbpw (current time: 2025-08-15T10:58:40.779Z)
[2025-08-15T10:58:40.843Z] [INFO] Found 0 reports to execute in company_ry0iwbpw
[2025-08-15T10:58:40.844Z] [INFO] Scheduled reports check completed
[2025-08-15T10:58:40.846Z] [DEBUG] MongoDB connection closed
[2025-08-15T10:58:49.829Z] [INFO] Checking for scheduled reports...
[2025-08-15T10:58:50.552Z] [DEBUG] Connected to MongoDB
[2025-08-15T10:58:50.622Z] [INFO] Found 2 company databases
[2025-08-15T10:58:50.622Z] [DEBUG] Processing company database: company_ieebsmug
[2025-08-15T10:58:50.684Z] [DEBUG] Skipping company_ieebsmug: No scheduled reports collection found
[2025-08-15T10:58:50.684Z] [DEBUG] Processing company database: company_ry0iwbpw
[2025-08-15T10:58:50.745Z] [DEBUG] Finding reports to execute in company_ry0iwbpw (current time: 2025-08-15T10:58:50.745Z)
[2025-08-15T10:58:50.806Z] [INFO] Found 0 reports to execute in company_ry0iwbpw
[2025-08-15T10:58:50.807Z] [INFO] Scheduled reports check completed
[2025-08-15T10:58:50.808Z] [DEBUG] MongoDB connection closed
[2025-08-15T10:58:59.830Z] [INFO] Checking for scheduled reports...
[2025-08-15T10:59:00.600Z] [DEBUG] Connected to MongoDB
[2025-08-15T10:59:00.672Z] [INFO] Found 2 company databases
[2025-08-15T10:59:00.673Z] [DEBUG] Processing company database: company_ieebsmug
[2025-08-15T10:59:00.743Z] [DEBUG] Skipping company_ieebsmug: No scheduled reports collection found
[2025-08-15T10:59:00.744Z] [DEBUG] Processing company database: company_ry0iwbpw
[2025-08-15T10:59:00.835Z] [DEBUG] Finding reports to execute in company_ry0iwbpw (current time: 2025-08-15T10:59:00.835Z)
[2025-08-15T10:59:01.005Z] [INFO] Found 0 reports to execute in company_ry0iwbpw
[2025-08-15T10:59:01.006Z] [INFO] Scheduled reports check completed
[2025-08-15T10:59:01.008Z] [DEBUG] MongoDB connection closed
[2025-08-15T10:59:09.831Z] [INFO] Checking for scheduled reports...
[2025-08-15T10:59:10.593Z] [DEBUG] Connected to MongoDB
[2025-08-15T10:59:10.663Z] [INFO] Found 2 company databases
[2025-08-15T10:59:10.664Z] [DEBUG] Processing company database: company_ieebsmug
[2025-08-15T10:59:10.726Z] [DEBUG] Skipping company_ieebsmug: No scheduled reports collection found
[2025-08-15T10:59:10.727Z] [DEBUG] Processing company database: company_ry0iwbpw
[2025-08-15T10:59:10.790Z] [DEBUG] Finding reports to execute in company_ry0iwbpw (current time: 2025-08-15T10:59:10.790Z)
[2025-08-15T10:59:10.853Z] [INFO] Found 0 reports to execute in company_ry0iwbpw
[2025-08-15T10:59:10.853Z] [INFO] Scheduled reports check completed
[2025-08-15T10:59:10.855Z] [DEBUG] MongoDB connection closed
[2025-08-15T10:59:19.831Z] [INFO] Checking for scheduled reports...
[2025-08-15T10:59:20.543Z] [DEBUG] Connected to MongoDB
[2025-08-15T10:59:20.614Z] [INFO] Found 2 company databases
[2025-08-15T10:59:20.615Z] [DEBUG] Processing company database: company_ieebsmug
[2025-08-15T10:59:20.685Z] [DEBUG] Skipping company_ieebsmug: No scheduled reports collection found
[2025-08-15T10:59:20.686Z] [DEBUG] Processing company database: company_ry0iwbpw
[2025-08-15T10:59:20.748Z] [DEBUG] Finding reports to execute in company_ry0iwbpw (current time: 2025-08-15T10:59:20.748Z)
[2025-08-15T10:59:20.817Z] [INFO] Found 0 reports to execute in company_ry0iwbpw
[2025-08-15T10:59:20.818Z] [INFO] Scheduled reports check completed
[2025-08-15T10:59:20.820Z] [DEBUG] MongoDB connection closed
[2025-08-15T10:59:29.833Z] [INFO] Checking for scheduled reports...
[2025-08-15T10:59:30.578Z] [DEBUG] Connected to MongoDB
[2025-08-15T10:59:30.649Z] [INFO] Found 2 company databases
[2025-08-15T10:59:30.650Z] [DEBUG] Processing company database: company_ieebsmug
[2025-08-15T10:59:30.714Z] [DEBUG] Skipping company_ieebsmug: No scheduled reports collection found
[2025-08-15T10:59:30.714Z] [DEBUG] Processing company database: company_ry0iwbpw
[2025-08-15T10:59:30.779Z] [DEBUG] Finding reports to execute in company_ry0iwbpw (current time: 2025-08-15T10:59:30.779Z)
[2025-08-15T10:59:30.853Z] [INFO] Found 0 reports to execute in company_ry0iwbpw
[2025-08-15T10:59:30.854Z] [INFO] Scheduled reports check completed
[2025-08-15T10:59:30.857Z] [DEBUG] MongoDB connection closed
[2025-08-15T10:59:39.833Z] [INFO] Checking for scheduled reports...
[2025-08-15T10:59:40.886Z] [DEBUG] Connected to MongoDB
[2025-08-15T10:59:40.957Z] [INFO] Found 2 company databases
[2025-08-15T10:59:40.957Z] [DEBUG] Processing company database: company_ieebsmug
[2025-08-15T10:59:41.021Z] [DEBUG] Skipping company_ieebsmug: No scheduled reports collection found
[2025-08-15T10:59:41.023Z] [DEBUG] Processing company database: company_ry0iwbpw
[2025-08-15T10:59:41.087Z] [DEBUG] Finding reports to execute in company_ry0iwbpw (current time: 2025-08-15T10:59:41.087Z)
[2025-08-15T10:59:41.148Z] [INFO] Found 0 reports to execute in company_ry0iwbpw
[2025-08-15T10:59:41.148Z] [INFO] Scheduled reports check completed
[2025-08-15T10:59:41.149Z] [DEBUG] MongoDB connection closed
[2025-08-15T10:59:49.834Z] [INFO] Checking for scheduled reports...
[2025-08-15T10:59:50.575Z] [DEBUG] Connected to MongoDB
[2025-08-15T10:59:50.647Z] [INFO] Found 2 company databases
[2025-08-15T10:59:50.647Z] [DEBUG] Processing company database: company_ieebsmug
[2025-08-15T10:59:50.709Z] [DEBUG] Skipping company_ieebsmug: No scheduled reports collection found
[2025-08-15T10:59:50.711Z] [DEBUG] Processing company database: company_ry0iwbpw
[2025-08-15T10:59:50.775Z] [DEBUG] Finding reports to execute in company_ry0iwbpw (current time: 2025-08-15T10:59:50.775Z)
[2025-08-15T10:59:50.837Z] [INFO] Found 0 reports to execute in company_ry0iwbpw
[2025-08-15T10:59:50.838Z] [INFO] Scheduled reports check completed
[2025-08-15T10:59:50.839Z] [DEBUG] MongoDB connection closed
[2025-08-15T10:59:59.836Z] [INFO] Checking for scheduled reports...
[2025-08-15T11:00:00.575Z] [DEBUG] Connected to MongoDB
[2025-08-15T11:00:00.646Z] [INFO] Found 2 company databases
[2025-08-15T11:00:00.647Z] [DEBUG] Processing company database: company_ieebsmug
[2025-08-15T11:00:00.710Z] [DEBUG] Skipping company_ieebsmug: No scheduled reports collection found
[2025-08-15T11:00:00.711Z] [DEBUG] Processing company database: company_ry0iwbpw
[2025-08-15T11:00:00.775Z] [DEBUG] Finding reports to execute in company_ry0iwbpw (current time: 2025-08-15T11:00:00.775Z)
[2025-08-15T11:00:00.841Z] [INFO] Found 0 reports to execute in company_ry0iwbpw
[2025-08-15T11:00:00.841Z] [INFO] Scheduled reports check completed
[2025-08-15T11:00:00.844Z] [DEBUG] MongoDB connection closed
[2025-08-15T11:00:09.838Z] [INFO] Checking for scheduled reports...
[2025-08-15T11:00:10.569Z] [DEBUG] Connected to MongoDB
[2025-08-15T11:00:10.639Z] [INFO] Found 2 company databases
[2025-08-15T11:00:10.639Z] [DEBUG] Processing company database: company_ieebsmug
[2025-08-15T11:00:10.715Z] [DEBUG] Skipping company_ieebsmug: No scheduled reports collection found
[2025-08-15T11:00:10.715Z] [DEBUG] Processing company database: company_ry0iwbpw
[2025-08-15T11:00:10.778Z] [DEBUG] Finding reports to execute in company_ry0iwbpw (current time: 2025-08-15T11:00:10.778Z)
[2025-08-15T11:00:10.841Z] [INFO] Found 0 reports to execute in company_ry0iwbpw
[2025-08-15T11:00:10.842Z] [INFO] Scheduled reports check completed
[2025-08-15T11:00:10.843Z] [DEBUG] MongoDB connection closed
[2025-08-15T11:00:19.839Z] [INFO] Checking for scheduled reports...
[2025-08-15T11:00:20.590Z] [DEBUG] Connected to MongoDB
[2025-08-15T11:00:20.673Z] [INFO] Found 2 company databases
[2025-08-15T11:00:20.673Z] [DEBUG] Processing company database: company_ieebsmug
[2025-08-15T11:00:20.737Z] [DEBUG] Skipping company_ieebsmug: No scheduled reports collection found
[2025-08-15T11:00:20.738Z] [DEBUG] Processing company database: company_ry0iwbpw
[2025-08-15T11:00:20.804Z] [DEBUG] Finding reports to execute in company_ry0iwbpw (current time: 2025-08-15T11:00:20.804Z)
[2025-08-15T11:00:20.869Z] [INFO] Found 0 reports to execute in company_ry0iwbpw
[2025-08-15T11:00:20.870Z] [INFO] Scheduled reports check completed
[2025-08-15T11:00:20.871Z] [DEBUG] MongoDB connection closed
[2025-08-15T11:00:29.838Z] [INFO] Checking for scheduled reports...
[2025-08-15T11:00:30.579Z] [DEBUG] Connected to MongoDB
[2025-08-15T11:00:30.650Z] [INFO] Found 2 company databases
[2025-08-15T11:00:30.651Z] [DEBUG] Processing company database: company_ieebsmug
[2025-08-15T11:00:30.713Z] [DEBUG] Skipping company_ieebsmug: No scheduled reports collection found
[2025-08-15T11:00:30.713Z] [DEBUG] Processing company database: company_ry0iwbpw
[2025-08-15T11:00:30.775Z] [DEBUG] Finding reports to execute in company_ry0iwbpw (current time: 2025-08-15T11:00:30.775Z)
[2025-08-15T11:00:30.841Z] [INFO] Found 0 reports to execute in company_ry0iwbpw
[2025-08-15T11:00:30.841Z] [INFO] Scheduled reports check completed
[2025-08-15T11:00:30.842Z] [DEBUG] MongoDB connection closed
[2025-08-15T11:00:39.841Z] [INFO] Checking for scheduled reports...
[2025-08-15T11:00:40.556Z] [DEBUG] Connected to MongoDB
[2025-08-15T11:00:40.633Z] [INFO] Found 2 company databases
[2025-08-15T11:00:40.633Z] [DEBUG] Processing company database: company_ieebsmug
[2025-08-15T11:00:40.695Z] [DEBUG] Skipping company_ieebsmug: No scheduled reports collection found
[2025-08-15T11:00:40.696Z] [DEBUG] Processing company database: company_ry0iwbpw
[2025-08-15T11:00:40.867Z] [DEBUG] Finding reports to execute in company_ry0iwbpw (current time: 2025-08-15T11:00:40.867Z)
[2025-08-15T11:00:40.929Z] [INFO] Found 0 reports to execute in company_ry0iwbpw
[2025-08-15T11:00:40.929Z] [INFO] Scheduled reports check completed
[2025-08-15T11:00:40.931Z] [DEBUG] MongoDB connection closed
[2025-08-15T11:00:49.841Z] [INFO] Checking for scheduled reports...
[2025-08-15T11:00:50.680Z] [DEBUG] Connected to MongoDB
[2025-08-15T11:00:50.751Z] [INFO] Found 2 company databases
[2025-08-15T11:00:50.752Z] [DEBUG] Processing company database: company_ieebsmug
[2025-08-15T11:00:50.815Z] [DEBUG] Skipping company_ieebsmug: No scheduled reports collection found
[2025-08-15T11:00:50.815Z] [DEBUG] Processing company database: company_ry0iwbpw
[2025-08-15T11:00:50.892Z] [DEBUG] Finding reports to execute in company_ry0iwbpw (current time: 2025-08-15T11:00:50.892Z)
[2025-08-15T11:00:50.958Z] [INFO] Found 0 reports to execute in company_ry0iwbpw
[2025-08-15T11:00:50.959Z] [INFO] Scheduled reports check completed
[2025-08-15T11:00:50.965Z] [DEBUG] MongoDB connection closed
[2025-08-15T11:00:59.841Z] [INFO] Checking for scheduled reports...
[2025-08-15T11:01:00.745Z] [DEBUG] Connected to MongoDB
[2025-08-15T11:01:00.821Z] [INFO] Found 2 company databases
[2025-08-15T11:01:00.822Z] [DEBUG] Processing company database: company_ieebsmug
[2025-08-15T11:01:00.890Z] [DEBUG] Skipping company_ieebsmug: No scheduled reports collection found
[2025-08-15T11:01:00.891Z] [DEBUG] Processing company database: company_ry0iwbpw
[2025-08-15T11:01:00.955Z] [DEBUG] Finding reports to execute in company_ry0iwbpw (current time: 2025-08-15T11:01:00.955Z)
[2025-08-15T11:01:01.018Z] [INFO] Found 0 reports to execute in company_ry0iwbpw
[2025-08-15T11:01:01.019Z] [INFO] Scheduled reports check completed
[2025-08-15T11:01:01.021Z] [DEBUG] MongoDB connection closed
[2025-08-15T11:01:09.842Z] [INFO] Checking for scheduled reports...
[2025-08-15T11:01:10.630Z] [DEBUG] Connected to MongoDB
[2025-08-15T11:01:10.786Z] [INFO] Found 2 company databases
[2025-08-15T11:01:10.787Z] [DEBUG] Processing company database: company_ieebsmug
[2025-08-15T11:01:10.850Z] [DEBUG] Skipping company_ieebsmug: No scheduled reports collection found
[2025-08-15T11:01:10.851Z] [DEBUG] Processing company database: company_ry0iwbpw
[2025-08-15T11:01:10.916Z] [DEBUG] Finding reports to execute in company_ry0iwbpw (current time: 2025-08-15T11:01:10.916Z)
[2025-08-15T11:01:11.004Z] [INFO] Found 0 reports to execute in company_ry0iwbpw
[2025-08-15T11:01:11.005Z] [INFO] Scheduled reports check completed
[2025-08-15T11:01:11.008Z] [DEBUG] MongoDB connection closed
[2025-08-15T11:01:19.842Z] [INFO] Checking for scheduled reports...
[2025-08-15T11:01:20.540Z] [DEBUG] Connected to MongoDB
[2025-08-15T11:01:20.612Z] [INFO] Found 2 company databases
[2025-08-15T11:01:20.612Z] [DEBUG] Processing company database: company_ieebsmug
[2025-08-15T11:01:20.680Z] [DEBUG] Skipping company_ieebsmug: No scheduled reports collection found
[2025-08-15T11:01:20.680Z] [DEBUG] Processing company database: company_ry0iwbpw
[2025-08-15T11:01:20.743Z] [DEBUG] Finding reports to execute in company_ry0iwbpw (current time: 2025-08-15T11:01:20.743Z)
[2025-08-15T11:01:20.804Z] [INFO] Found 0 reports to execute in company_ry0iwbpw
[2025-08-15T11:01:20.805Z] [INFO] Scheduled reports check completed
[2025-08-15T11:01:20.806Z] [DEBUG] MongoDB connection closed
[2025-08-15T11:01:29.842Z] [INFO] Checking for scheduled reports...
[2025-08-15T11:01:30.573Z] [DEBUG] Connected to MongoDB
[2025-08-15T11:01:30.645Z] [INFO] Found 2 company databases
[2025-08-15T11:01:30.645Z] [DEBUG] Processing company database: company_ieebsmug
[2025-08-15T11:01:30.709Z] [DEBUG] Skipping company_ieebsmug: No scheduled reports collection found
[2025-08-15T11:01:30.710Z] [DEBUG] Processing company database: company_ry0iwbpw
[2025-08-15T11:01:30.772Z] [DEBUG] Finding reports to execute in company_ry0iwbpw (current time: 2025-08-15T11:01:30.772Z)
[2025-08-15T11:01:30.835Z] [INFO] Found 0 reports to execute in company_ry0iwbpw
[2025-08-15T11:01:30.835Z] [INFO] Scheduled reports check completed
[2025-08-15T11:01:30.837Z] [DEBUG] MongoDB connection closed
[2025-08-15T11:01:39.843Z] [INFO] Checking for scheduled reports...
[2025-08-15T11:01:40.565Z] [DEBUG] Connected to MongoDB
[2025-08-15T11:01:40.636Z] [INFO] Found 2 company databases
[2025-08-15T11:01:40.637Z] [DEBUG] Processing company database: company_ieebsmug
[2025-08-15T11:01:40.699Z] [DEBUG] Skipping company_ieebsmug: No scheduled reports collection found
[2025-08-15T11:01:40.699Z] [DEBUG] Processing company database: company_ry0iwbpw
[2025-08-15T11:01:40.763Z] [DEBUG] Finding reports to execute in company_ry0iwbpw (current time: 2025-08-15T11:01:40.763Z)
[2025-08-15T11:01:40.825Z] [INFO] Found 0 reports to execute in company_ry0iwbpw
[2025-08-15T11:01:40.826Z] [INFO] Scheduled reports check completed
[2025-08-15T11:01:40.827Z] [DEBUG] MongoDB connection closed
[2025-08-15T11:01:49.843Z] [INFO] Checking for scheduled reports...
[2025-08-15T11:01:50.566Z] [DEBUG] Connected to MongoDB
[2025-08-15T11:01:50.640Z] [INFO] Found 2 company databases
[2025-08-15T11:01:50.641Z] [DEBUG] Processing company database: company_ieebsmug
[2025-08-15T11:01:50.704Z] [DEBUG] Skipping company_ieebsmug: No scheduled reports collection found
[2025-08-15T11:01:50.705Z] [DEBUG] Processing company database: company_ry0iwbpw
[2025-08-15T11:01:50.768Z] [DEBUG] Finding reports to execute in company_ry0iwbpw (current time: 2025-08-15T11:01:50.768Z)
[2025-08-15T11:01:50.830Z] [INFO] Found 0 reports to execute in company_ry0iwbpw
[2025-08-15T11:01:50.831Z] [INFO] Scheduled reports check completed
[2025-08-15T11:01:50.833Z] [DEBUG] MongoDB connection closed
[2025-08-15T11:01:59.845Z] [INFO] Checking for scheduled reports...
[2025-08-15T11:02:00.603Z] [DEBUG] Connected to MongoDB
[2025-08-15T11:02:00.677Z] [INFO] Found 2 company databases
[2025-08-15T11:02:00.678Z] [DEBUG] Processing company database: company_ieebsmug
[2025-08-15T11:02:00.740Z] [DEBUG] Skipping company_ieebsmug: No scheduled reports collection found
[2025-08-15T11:02:00.740Z] [DEBUG] Processing company database: company_ry0iwbpw
[2025-08-15T11:02:00.802Z] [DEBUG] Finding reports to execute in company_ry0iwbpw (current time: 2025-08-15T11:02:00.802Z)
[2025-08-15T11:02:00.864Z] [INFO] Found 0 reports to execute in company_ry0iwbpw
[2025-08-15T11:02:00.865Z] [INFO] Scheduled reports check completed
[2025-08-15T11:02:00.866Z] [DEBUG] MongoDB connection closed
[2025-08-15T11:02:09.845Z] [INFO] Checking for scheduled reports...
[2025-08-15T11:02:10.615Z] [DEBUG] Connected to MongoDB
[2025-08-15T11:02:10.709Z] [INFO] Found 2 company databases
[2025-08-15T11:02:10.709Z] [DEBUG] Processing company database: company_ieebsmug
[2025-08-15T11:02:10.771Z] [DEBUG] Skipping company_ieebsmug: No scheduled reports collection found
[2025-08-15T11:02:10.772Z] [DEBUG] Processing company database: company_ry0iwbpw
[2025-08-15T11:02:10.850Z] [DEBUG] Finding reports to execute in company_ry0iwbpw (current time: 2025-08-15T11:02:10.850Z)
[2025-08-15T11:02:10.913Z] [INFO] Found 0 reports to execute in company_ry0iwbpw
[2025-08-15T11:02:10.913Z] [INFO] Scheduled reports check completed
[2025-08-15T11:02:10.915Z] [DEBUG] MongoDB connection closed
[2025-08-15T11:02:19.846Z] [INFO] Checking for scheduled reports...
[2025-08-15T11:02:20.623Z] [DEBUG] Connected to MongoDB
[2025-08-15T11:02:20.695Z] [INFO] Found 2 company databases
[2025-08-15T11:02:20.696Z] [DEBUG] Processing company database: company_ieebsmug
[2025-08-15T11:02:20.759Z] [DEBUG] Skipping company_ieebsmug: No scheduled reports collection found
[2025-08-15T11:02:20.759Z] [DEBUG] Processing company database: company_ry0iwbpw
[2025-08-15T11:02:20.823Z] [DEBUG] Finding reports to execute in company_ry0iwbpw (current time: 2025-08-15T11:02:20.823Z)
[2025-08-15T11:02:20.886Z] [INFO] Found 0 reports to execute in company_ry0iwbpw
[2025-08-15T11:02:20.887Z] [INFO] Scheduled reports check completed
[2025-08-15T11:02:20.889Z] [DEBUG] MongoDB connection closed
[2025-08-15T11:02:29.848Z] [INFO] Checking for scheduled reports...
[2025-08-15T11:02:30.682Z] [DEBUG] Connected to MongoDB
[2025-08-15T11:02:30.754Z] [INFO] Found 2 company databases
[2025-08-15T11:02:30.755Z] [DEBUG] Processing company database: company_ieebsmug
[2025-08-15T11:02:30.822Z] [DEBUG] Skipping company_ieebsmug: No scheduled reports collection found
[2025-08-15T11:02:30.824Z] [DEBUG] Processing company database: company_ry0iwbpw
[2025-08-15T11:02:30.887Z] [DEBUG] Finding reports to execute in company_ry0iwbpw (current time: 2025-08-15T11:02:30.887Z)
[2025-08-15T11:02:30.952Z] [INFO] Found 0 reports to execute in company_ry0iwbpw
[2025-08-15T11:02:30.952Z] [INFO] Scheduled reports check completed
[2025-08-15T11:02:30.954Z] [DEBUG] MongoDB connection closed
[2025-08-15T11:02:39.849Z] [INFO] Checking for scheduled reports...
[2025-08-15T11:02:40.558Z] [DEBUG] Connected to MongoDB
[2025-08-15T11:02:40.631Z] [INFO] Found 2 company databases
[2025-08-15T11:02:40.631Z] [DEBUG] Processing company database: company_ieebsmug
[2025-08-15T11:02:40.695Z] [DEBUG] Skipping company_ieebsmug: No scheduled reports collection found
[2025-08-15T11:02:40.696Z] [DEBUG] Processing company database: company_ry0iwbpw
[2025-08-15T11:02:40.760Z] [DEBUG] Finding reports to execute in company_ry0iwbpw (current time: 2025-08-15T11:02:40.760Z)
[2025-08-15T11:02:40.823Z] [INFO] Found 0 reports to execute in company_ry0iwbpw
[2025-08-15T11:02:40.823Z] [INFO] Scheduled reports check completed
[2025-08-15T11:02:40.826Z] [DEBUG] MongoDB connection closed
[2025-08-15T11:02:49.850Z] [INFO] Checking for scheduled reports...
[2025-08-15T11:02:50.576Z] [DEBUG] Connected to MongoDB
[2025-08-15T11:02:50.647Z] [INFO] Found 2 company databases
[2025-08-15T11:02:50.647Z] [DEBUG] Processing company database: company_ieebsmug
[2025-08-15T11:02:50.710Z] [DEBUG] Skipping company_ieebsmug: No scheduled reports collection found
[2025-08-15T11:02:50.710Z] [DEBUG] Processing company database: company_ry0iwbpw
[2025-08-15T11:02:50.793Z] [DEBUG] Finding reports to execute in company_ry0iwbpw (current time: 2025-08-15T11:02:50.793Z)
[2025-08-15T11:02:50.857Z] [INFO] Found 0 reports to execute in company_ry0iwbpw
[2025-08-15T11:02:50.857Z] [INFO] Scheduled reports check completed
[2025-08-15T11:02:50.860Z] [DEBUG] MongoDB connection closed
[2025-08-15T11:02:59.851Z] [INFO] Checking for scheduled reports...
[2025-08-15T11:03:00.627Z] [DEBUG] Connected to MongoDB
[2025-08-15T11:03:00.697Z] [INFO] Found 2 company databases
[2025-08-15T11:03:00.698Z] [DEBUG] Processing company database: company_ieebsmug
[2025-08-15T11:03:00.760Z] [DEBUG] Skipping company_ieebsmug: No scheduled reports collection found
[2025-08-15T11:03:00.761Z] [DEBUG] Processing company database: company_ry0iwbpw
[2025-08-15T11:03:00.823Z] [DEBUG] Finding reports to execute in company_ry0iwbpw (current time: 2025-08-15T11:03:00.823Z)
[2025-08-15T11:03:00.886Z] [INFO] Found 0 reports to execute in company_ry0iwbpw
[2025-08-15T11:03:00.886Z] [INFO] Scheduled reports check completed
[2025-08-15T11:03:00.887Z] [DEBUG] MongoDB connection closed
[2025-08-15T11:03:09.852Z] [INFO] Checking for scheduled reports...
[2025-08-15T11:03:10.589Z] [DEBUG] Connected to MongoDB
[2025-08-15T11:03:10.662Z] [INFO] Found 2 company databases
[2025-08-15T11:03:10.662Z] [DEBUG] Processing company database: company_ieebsmug
[2025-08-15T11:03:10.730Z] [DEBUG] Skipping company_ieebsmug: No scheduled reports collection found
[2025-08-15T11:03:10.730Z] [DEBUG] Processing company database: company_ry0iwbpw
[2025-08-15T11:03:10.793Z] [DEBUG] Finding reports to execute in company_ry0iwbpw (current time: 2025-08-15T11:03:10.793Z)
[2025-08-15T11:03:10.856Z] [INFO] Found 0 reports to execute in company_ry0iwbpw
[2025-08-15T11:03:10.856Z] [INFO] Scheduled reports check completed
[2025-08-15T11:03:10.858Z] [DEBUG] MongoDB connection closed
[2025-08-15T11:03:19.853Z] [INFO] Checking for scheduled reports...
[2025-08-15T11:03:20.614Z] [DEBUG] Connected to MongoDB
[2025-08-15T11:03:20.685Z] [INFO] Found 2 company databases
[2025-08-15T11:03:20.685Z] [DEBUG] Processing company database: company_ieebsmug
[2025-08-15T11:03:20.748Z] [DEBUG] Skipping company_ieebsmug: No scheduled reports collection found
[2025-08-15T11:03:20.749Z] [DEBUG] Processing company database: company_ry0iwbpw
[2025-08-15T11:03:20.821Z] [DEBUG] Finding reports to execute in company_ry0iwbpw (current time: 2025-08-15T11:03:20.821Z)
[2025-08-15T11:03:20.885Z] [INFO] Found 0 reports to execute in company_ry0iwbpw
[2025-08-15T11:03:20.886Z] [INFO] Scheduled reports check completed
[2025-08-15T11:03:20.887Z] [DEBUG] MongoDB connection closed
[2025-08-15T11:03:29.854Z] [INFO] Checking for scheduled reports...
[2025-08-15T11:03:30.587Z] [DEBUG] Connected to MongoDB
[2025-08-15T11:03:30.660Z] [INFO] Found 2 company databases
[2025-08-15T11:03:30.661Z] [DEBUG] Processing company database: company_ieebsmug
[2025-08-15T11:03:30.726Z] [DEBUG] Skipping company_ieebsmug: No scheduled reports collection found
[2025-08-15T11:03:30.727Z] [DEBUG] Processing company database: company_ry0iwbpw
[2025-08-15T11:03:30.789Z] [DEBUG] Finding reports to execute in company_ry0iwbpw (current time: 2025-08-15T11:03:30.789Z)
[2025-08-15T11:03:30.854Z] [INFO] Found 0 reports to execute in company_ry0iwbpw
[2025-08-15T11:03:30.855Z] [INFO] Scheduled reports check completed
[2025-08-15T11:03:30.856Z] [DEBUG] MongoDB connection closed
[2025-08-15T11:03:39.857Z] [INFO] Checking for scheduled reports...
[2025-08-15T11:03:40.724Z] [DEBUG] Connected to MongoDB
[2025-08-15T11:03:40.796Z] [INFO] Found 2 company databases
[2025-08-15T11:03:40.796Z] [DEBUG] Processing company database: company_ieebsmug
[2025-08-15T11:03:40.859Z] [DEBUG] Skipping company_ieebsmug: No scheduled reports collection found
[2025-08-15T11:03:40.859Z] [DEBUG] Processing company database: company_ry0iwbpw
[2025-08-15T11:03:40.922Z] [DEBUG] Finding reports to execute in company_ry0iwbpw (current time: 2025-08-15T11:03:40.922Z)
[2025-08-15T11:03:40.986Z] [INFO] Found 0 reports to execute in company_ry0iwbpw
[2025-08-15T11:03:40.986Z] [INFO] Scheduled reports check completed
[2025-08-15T11:03:40.988Z] [DEBUG] MongoDB connection closed
[2025-08-15T11:03:49.858Z] [INFO] Checking for scheduled reports...
[2025-08-15T11:03:50.591Z] [DEBUG] Connected to MongoDB
[2025-08-15T11:03:50.661Z] [INFO] Found 2 company databases
[2025-08-15T11:03:50.661Z] [DEBUG] Processing company database: company_ieebsmug
[2025-08-15T11:03:50.727Z] [DEBUG] Skipping company_ieebsmug: No scheduled reports collection found
[2025-08-15T11:03:50.728Z] [DEBUG] Processing company database: company_ry0iwbpw
[2025-08-15T11:03:50.791Z] [DEBUG] Finding reports to execute in company_ry0iwbpw (current time: 2025-08-15T11:03:50.790Z)
[2025-08-15T11:03:50.853Z] [INFO] Found 0 reports to execute in company_ry0iwbpw
[2025-08-15T11:03:50.854Z] [INFO] Scheduled reports check completed
[2025-08-15T11:03:50.855Z] [DEBUG] MongoDB connection closed
[2025-08-15T11:03:59.859Z] [INFO] Checking for scheduled reports...
[2025-08-15T11:04:00.675Z] [DEBUG] Connected to MongoDB
[2025-08-15T11:04:00.746Z] [INFO] Found 2 company databases
[2025-08-15T11:04:00.747Z] [DEBUG] Processing company database: company_ieebsmug
[2025-08-15T11:04:00.814Z] [DEBUG] Skipping company_ieebsmug: No scheduled reports collection found
[2025-08-15T11:04:00.814Z] [DEBUG] Processing company database: company_ry0iwbpw
[2025-08-15T11:04:00.877Z] [DEBUG] Finding reports to execute in company_ry0iwbpw (current time: 2025-08-15T11:04:00.877Z)
[2025-08-15T11:04:00.940Z] [INFO] Found 0 reports to execute in company_ry0iwbpw
[2025-08-15T11:04:00.941Z] [INFO] Scheduled reports check completed
[2025-08-15T11:04:00.943Z] [DEBUG] MongoDB connection closed
[2025-08-15T11:04:09.860Z] [INFO] Checking for scheduled reports...
[2025-08-15T11:04:10.582Z] [DEBUG] Connected to MongoDB
[2025-08-15T11:04:10.655Z] [INFO] Found 2 company databases
[2025-08-15T11:04:10.656Z] [DEBUG] Processing company database: company_ieebsmug
[2025-08-15T11:04:10.720Z] [DEBUG] Skipping company_ieebsmug: No scheduled reports collection found
[2025-08-15T11:04:10.720Z] [DEBUG] Processing company database: company_ry0iwbpw
[2025-08-15T11:04:10.786Z] [DEBUG] Finding reports to execute in company_ry0iwbpw (current time: 2025-08-15T11:04:10.786Z)
[2025-08-15T11:04:10.850Z] [INFO] Found 0 reports to execute in company_ry0iwbpw
[2025-08-15T11:04:10.851Z] [INFO] Scheduled reports check completed
[2025-08-15T11:04:10.853Z] [DEBUG] MongoDB connection closed
[2025-08-15T11:04:19.861Z] [INFO] Checking for scheduled reports...
[2025-08-15T11:04:20.584Z] [DEBUG] Connected to MongoDB
[2025-08-15T11:04:20.656Z] [INFO] Found 2 company databases
[2025-08-15T11:04:20.657Z] [DEBUG] Processing company database: company_ieebsmug
[2025-08-15T11:04:20.720Z] [DEBUG] Skipping company_ieebsmug: No scheduled reports collection found
[2025-08-15T11:04:20.721Z] [DEBUG] Processing company database: company_ry0iwbpw
[2025-08-15T11:04:20.784Z] [DEBUG] Finding reports to execute in company_ry0iwbpw (current time: 2025-08-15T11:04:20.784Z)
[2025-08-15T11:04:20.848Z] [INFO] Found 0 reports to execute in company_ry0iwbpw
[2025-08-15T11:04:20.849Z] [INFO] Scheduled reports check completed
[2025-08-15T11:04:20.851Z] [DEBUG] MongoDB connection closed
[2025-08-15T11:04:29.862Z] [INFO] Checking for scheduled reports...
[2025-08-15T11:04:30.644Z] [DEBUG] Connected to MongoDB
[2025-08-15T11:04:30.714Z] [INFO] Found 2 company databases
[2025-08-15T11:04:30.714Z] [DEBUG] Processing company database: company_ieebsmug
[2025-08-15T11:04:30.776Z] [DEBUG] Skipping company_ieebsmug: No scheduled reports collection found
[2025-08-15T11:04:30.776Z] [DEBUG] Processing company database: company_ry0iwbpw
[2025-08-15T11:04:30.839Z] [DEBUG] Finding reports to execute in company_ry0iwbpw (current time: 2025-08-15T11:04:30.839Z)
[2025-08-15T11:04:30.908Z] [INFO] Found 0 reports to execute in company_ry0iwbpw
[2025-08-15T11:04:30.908Z] [INFO] Scheduled reports check completed
[2025-08-15T11:04:30.909Z] [DEBUG] MongoDB connection closed
[2025-08-15T11:04:39.864Z] [INFO] Checking for scheduled reports...
[2025-08-15T11:04:40.616Z] [DEBUG] Connected to MongoDB
[2025-08-15T11:04:40.688Z] [INFO] Found 2 company databases
[2025-08-15T11:04:40.689Z] [DEBUG] Processing company database: company_ieebsmug
[2025-08-15T11:04:40.752Z] [DEBUG] Skipping company_ieebsmug: No scheduled reports collection found
[2025-08-15T11:04:40.753Z] [DEBUG] Processing company database: company_ry0iwbpw
[2025-08-15T11:04:40.817Z] [DEBUG] Finding reports to execute in company_ry0iwbpw (current time: 2025-08-15T11:04:40.817Z)
[2025-08-15T11:04:40.883Z] [INFO] Found 0 reports to execute in company_ry0iwbpw
[2025-08-15T11:04:40.884Z] [INFO] Scheduled reports check completed
[2025-08-15T11:04:40.886Z] [DEBUG] MongoDB connection closed
[2025-08-15T11:04:49.865Z] [INFO] Checking for scheduled reports...
[2025-08-15T11:04:50.593Z] [DEBUG] Connected to MongoDB
[2025-08-15T11:04:50.666Z] [INFO] Found 2 company databases
[2025-08-15T11:04:50.667Z] [DEBUG] Processing company database: company_ieebsmug
[2025-08-15T11:04:50.736Z] [DEBUG] Skipping company_ieebsmug: No scheduled reports collection found
[2025-08-15T11:04:50.737Z] [DEBUG] Processing company database: company_ry0iwbpw
[2025-08-15T11:04:50.800Z] [DEBUG] Finding reports to execute in company_ry0iwbpw (current time: 2025-08-15T11:04:50.800Z)
[2025-08-15T11:04:50.864Z] [INFO] Found 0 reports to execute in company_ry0iwbpw
[2025-08-15T11:04:50.865Z] [INFO] Scheduled reports check completed
[2025-08-15T11:04:50.870Z] [DEBUG] MongoDB connection closed
[2025-08-15T11:04:59.865Z] [INFO] Checking for scheduled reports...
[2025-08-15T11:05:00.748Z] [DEBUG] Connected to MongoDB
[2025-08-15T11:05:00.819Z] [INFO] Found 2 company databases
[2025-08-15T11:05:00.819Z] [DEBUG] Processing company database: company_ieebsmug
[2025-08-15T11:05:00.883Z] [DEBUG] Skipping company_ieebsmug: No scheduled reports collection found
[2025-08-15T11:05:00.883Z] [DEBUG] Processing company database: company_ry0iwbpw
[2025-08-15T11:05:00.946Z] [DEBUG] Finding reports to execute in company_ry0iwbpw (current time: 2025-08-15T11:05:00.946Z)
[2025-08-15T11:05:01.008Z] [INFO] Found 0 reports to execute in company_ry0iwbpw
[2025-08-15T11:05:01.008Z] [INFO] Scheduled reports check completed
[2025-08-15T11:05:01.010Z] [DEBUG] MongoDB connection closed
[2025-08-15T11:05:09.866Z] [INFO] Checking for scheduled reports...
[2025-08-15T11:05:10.658Z] [DEBUG] Connected to MongoDB
[2025-08-15T11:05:10.730Z] [INFO] Found 2 company databases
[2025-08-15T11:05:10.731Z] [DEBUG] Processing company database: company_ieebsmug
[2025-08-15T11:05:10.793Z] [DEBUG] Skipping company_ieebsmug: No scheduled reports collection found
[2025-08-15T11:05:10.793Z] [DEBUG] Processing company database: company_ry0iwbpw
[2025-08-15T11:05:10.856Z] [DEBUG] Finding reports to execute in company_ry0iwbpw (current time: 2025-08-15T11:05:10.856Z)
[2025-08-15T11:05:10.921Z] [INFO] Found 0 reports to execute in company_ry0iwbpw
[2025-08-15T11:05:10.921Z] [INFO] Scheduled reports check completed
[2025-08-15T11:05:10.922Z] [DEBUG] MongoDB connection closed
[2025-08-15T11:05:19.867Z] [INFO] Checking for scheduled reports...
[2025-08-15T11:05:20.585Z] [DEBUG] Connected to MongoDB
[2025-08-15T11:05:20.660Z] [INFO] Found 2 company databases
[2025-08-15T11:05:20.660Z] [DEBUG] Processing company database: company_ieebsmug
[2025-08-15T11:05:20.726Z] [DEBUG] Skipping company_ieebsmug: No scheduled reports collection found
[2025-08-15T11:05:20.726Z] [DEBUG] Processing company database: company_ry0iwbpw
[2025-08-15T11:05:20.788Z] [DEBUG] Finding reports to execute in company_ry0iwbpw (current time: 2025-08-15T11:05:20.788Z)
[2025-08-15T11:05:20.851Z] [INFO] Found 0 reports to execute in company_ry0iwbpw
[2025-08-15T11:05:20.852Z] [INFO] Scheduled reports check completed
[2025-08-15T11:05:20.853Z] [DEBUG] MongoDB connection closed
[2025-08-15T11:05:29.869Z] [INFO] Checking for scheduled reports...
[2025-08-15T11:05:30.655Z] [DEBUG] Connected to MongoDB
[2025-08-15T11:05:30.732Z] [INFO] Found 2 company databases
[2025-08-15T11:05:30.732Z] [DEBUG] Processing company database: company_ieebsmug
[2025-08-15T11:05:30.797Z] [DEBUG] Skipping company_ieebsmug: No scheduled reports collection found
[2025-08-15T11:05:30.798Z] [DEBUG] Processing company database: company_ry0iwbpw
[2025-08-15T11:05:30.861Z] [DEBUG] Finding reports to execute in company_ry0iwbpw (current time: 2025-08-15T11:05:30.861Z)
[2025-08-15T11:05:30.922Z] [INFO] Found 0 reports to execute in company_ry0iwbpw
[2025-08-15T11:05:30.923Z] [INFO] Scheduled reports check completed
[2025-08-15T11:05:30.926Z] [DEBUG] MongoDB connection closed
[2025-08-15T11:05:39.870Z] [INFO] Checking for scheduled reports...
[2025-08-15T11:05:40.610Z] [DEBUG] Connected to MongoDB
[2025-08-15T11:05:40.682Z] [INFO] Found 2 company databases
[2025-08-15T11:05:40.683Z] [DEBUG] Processing company database: company_ieebsmug
[2025-08-15T11:05:40.748Z] [DEBUG] Skipping company_ieebsmug: No scheduled reports collection found
[2025-08-15T11:05:40.748Z] [DEBUG] Processing company database: company_ry0iwbpw
[2025-08-15T11:05:40.813Z] [DEBUG] Finding reports to execute in company_ry0iwbpw (current time: 2025-08-15T11:05:40.813Z)
[2025-08-15T11:05:40.877Z] [INFO] Found 0 reports to execute in company_ry0iwbpw
[2025-08-15T11:05:40.877Z] [INFO] Scheduled reports check completed
[2025-08-15T11:05:40.880Z] [DEBUG] MongoDB connection closed
[2025-08-15T11:05:49.871Z] [INFO] Checking for scheduled reports...
[2025-08-15T11:05:50.605Z] [DEBUG] Connected to MongoDB
[2025-08-15T11:05:50.696Z] [INFO] Found 2 company databases
[2025-08-15T11:05:50.697Z] [DEBUG] Processing company database: company_ieebsmug
[2025-08-15T11:05:50.760Z] [DEBUG] Skipping company_ieebsmug: No scheduled reports collection found
[2025-08-15T11:05:50.760Z] [DEBUG] Processing company database: company_ry0iwbpw
[2025-08-15T11:05:50.825Z] [DEBUG] Finding reports to execute in company_ry0iwbpw (current time: 2025-08-15T11:05:50.825Z)
[2025-08-15T11:05:50.888Z] [INFO] Found 0 reports to execute in company_ry0iwbpw
[2025-08-15T11:05:50.889Z] [INFO] Scheduled reports check completed
[2025-08-15T11:05:50.892Z] [DEBUG] MongoDB connection closed
[2025-08-15T11:05:59.872Z] [INFO] Checking for scheduled reports...
[2025-08-15T11:06:00.590Z] [DEBUG] Connected to MongoDB
[2025-08-15T11:06:00.662Z] [INFO] Found 2 company databases
[2025-08-15T11:06:00.662Z] [DEBUG] Processing company database: company_ieebsmug
[2025-08-15T11:06:00.725Z] [DEBUG] Skipping company_ieebsmug: No scheduled reports collection found
[2025-08-15T11:06:00.726Z] [DEBUG] Processing company database: company_ry0iwbpw
[2025-08-15T11:06:00.797Z] [DEBUG] Finding reports to execute in company_ry0iwbpw (current time: 2025-08-15T11:06:00.797Z)
[2025-08-15T11:06:00.860Z] [INFO] Found 0 reports to execute in company_ry0iwbpw
[2025-08-15T11:06:00.861Z] [INFO] Scheduled reports check completed
[2025-08-15T11:06:00.863Z] [DEBUG] MongoDB connection closed
[2025-08-15T11:06:09.873Z] [INFO] Checking for scheduled reports...
[2025-08-15T11:06:10.598Z] [DEBUG] Connected to MongoDB
[2025-08-15T11:06:10.668Z] [INFO] Found 2 company databases
[2025-08-15T11:06:10.668Z] [DEBUG] Processing company database: company_ieebsmug
[2025-08-15T11:06:10.730Z] [DEBUG] Skipping company_ieebsmug: No scheduled reports collection found
[2025-08-15T11:06:10.731Z] [DEBUG] Processing company database: company_ry0iwbpw
[2025-08-15T11:06:10.793Z] [DEBUG] Finding reports to execute in company_ry0iwbpw (current time: 2025-08-15T11:06:10.793Z)
[2025-08-15T11:06:10.855Z] [INFO] Found 0 reports to execute in company_ry0iwbpw
[2025-08-15T11:06:10.856Z] [INFO] Scheduled reports check completed
[2025-08-15T11:06:10.857Z] [DEBUG] MongoDB connection closed
[2025-08-15T11:06:19.874Z] [INFO] Checking for scheduled reports...
[2025-08-15T11:06:20.861Z] [DEBUG] Connected to MongoDB
[2025-08-15T11:06:20.931Z] [INFO] Found 2 company databases
[2025-08-15T11:06:20.932Z] [DEBUG] Processing company database: company_ieebsmug
[2025-08-15T11:06:20.996Z] [DEBUG] Skipping company_ieebsmug: No scheduled reports collection found
[2025-08-15T11:06:20.996Z] [DEBUG] Processing company database: company_ry0iwbpw
[2025-08-15T11:06:21.060Z] [DEBUG] Finding reports to execute in company_ry0iwbpw (current time: 2025-08-15T11:06:21.060Z)
[2025-08-15T11:06:21.123Z] [INFO] Found 0 reports to execute in company_ry0iwbpw
[2025-08-15T11:06:21.123Z] [INFO] Scheduled reports check completed
[2025-08-15T11:06:21.125Z] [DEBUG] MongoDB connection closed
[2025-08-15T11:06:29.874Z] [INFO] Checking for scheduled reports...
[2025-08-15T11:06:30.604Z] [DEBUG] Connected to MongoDB
[2025-08-15T11:06:30.677Z] [INFO] Found 2 company databases
[2025-08-15T11:06:30.677Z] [DEBUG] Processing company database: company_ieebsmug
[2025-08-15T11:06:30.741Z] [DEBUG] Skipping company_ieebsmug: No scheduled reports collection found
[2025-08-15T11:06:30.742Z] [DEBUG] Processing company database: company_ry0iwbpw
[2025-08-15T11:06:30.806Z] [DEBUG] Finding reports to execute in company_ry0iwbpw (current time: 2025-08-15T11:06:30.806Z)
[2025-08-15T11:06:30.871Z] [INFO] Found 0 reports to execute in company_ry0iwbpw
[2025-08-15T11:06:30.872Z] [INFO] Scheduled reports check completed
[2025-08-15T11:06:30.874Z] [DEBUG] MongoDB connection closed
[2025-08-15T11:06:39.875Z] [INFO] Checking for scheduled reports...
[2025-08-15T11:06:40.625Z] [DEBUG] Connected to MongoDB
[2025-08-15T11:06:40.698Z] [INFO] Found 2 company databases
[2025-08-15T11:06:40.699Z] [DEBUG] Processing company database: company_ieebsmug
[2025-08-15T11:06:40.762Z] [DEBUG] Skipping company_ieebsmug: No scheduled reports collection found
[2025-08-15T11:06:40.763Z] [DEBUG] Processing company database: company_ry0iwbpw
[2025-08-15T11:06:40.828Z] [DEBUG] Finding reports to execute in company_ry0iwbpw (current time: 2025-08-15T11:06:40.828Z)
[2025-08-15T11:06:40.902Z] [INFO] Found 0 reports to execute in company_ry0iwbpw
[2025-08-15T11:06:40.903Z] [INFO] Scheduled reports check completed
[2025-08-15T11:06:40.904Z] [DEBUG] MongoDB connection closed
[2025-08-15T11:06:49.876Z] [INFO] Checking for scheduled reports...
[2025-08-15T11:06:50.615Z] [DEBUG] Connected to MongoDB
[2025-08-15T11:06:50.688Z] [INFO] Found 2 company databases
[2025-08-15T11:06:50.688Z] [DEBUG] Processing company database: company_ieebsmug
[2025-08-15T11:06:50.752Z] [DEBUG] Skipping company_ieebsmug: No scheduled reports collection found
[2025-08-15T11:06:50.752Z] [DEBUG] Processing company database: company_ry0iwbpw
[2025-08-15T11:06:50.815Z] [DEBUG] Finding reports to execute in company_ry0iwbpw (current time: 2025-08-15T11:06:50.815Z)
[2025-08-15T11:06:50.885Z] [INFO] Found 0 reports to execute in company_ry0iwbpw
[2025-08-15T11:06:50.886Z] [INFO] Scheduled reports check completed
[2025-08-15T11:06:50.888Z] [DEBUG] MongoDB connection closed
[2025-08-15T11:06:59.877Z] [INFO] Checking for scheduled reports...
[2025-08-15T11:07:01.231Z] [DEBUG] Connected to MongoDB
[2025-08-15T11:07:01.408Z] [INFO] Found 2 company databases
[2025-08-15T11:07:01.408Z] [DEBUG] Processing company database: company_ieebsmug
[2025-08-15T11:07:01.505Z] [DEBUG] Skipping company_ieebsmug: No scheduled reports collection found
[2025-08-15T11:07:01.506Z] [DEBUG] Processing company database: company_ry0iwbpw
[2025-08-15T11:07:01.612Z] [DEBUG] Finding reports to execute in company_ry0iwbpw (current time: 2025-08-15T11:07:01.612Z)
[2025-08-15T11:07:01.790Z] [INFO] Found 0 reports to execute in company_ry0iwbpw
[2025-08-15T11:07:01.791Z] [INFO] Scheduled reports check completed
[2025-08-15T11:07:01.793Z] [DEBUG] MongoDB connection closed
[2025-08-15T11:07:09.878Z] [INFO] Checking for scheduled reports...
[2025-08-15T11:07:10.610Z] [DEBUG] Connected to MongoDB
[2025-08-15T11:07:10.683Z] [INFO] Found 2 company databases
[2025-08-15T11:07:10.683Z] [DEBUG] Processing company database: company_ieebsmug
[2025-08-15T11:07:10.747Z] [DEBUG] Skipping company_ieebsmug: No scheduled reports collection found
[2025-08-15T11:07:10.747Z] [DEBUG] Processing company database: company_ry0iwbpw
[2025-08-15T11:07:10.813Z] [DEBUG] Finding reports to execute in company_ry0iwbpw (current time: 2025-08-15T11:07:10.813Z)
[2025-08-15T11:07:10.877Z] [INFO] Found 0 reports to execute in company_ry0iwbpw
[2025-08-15T11:07:10.878Z] [INFO] Scheduled reports check completed
[2025-08-15T11:07:10.881Z] [DEBUG] MongoDB connection closed
[2025-08-15T11:07:19.879Z] [INFO] Checking for scheduled reports...
[2025-08-15T11:07:20.614Z] [DEBUG] Connected to MongoDB
[2025-08-15T11:07:20.692Z] [INFO] Found 2 company databases
[2025-08-15T11:07:20.692Z] [DEBUG] Processing company database: company_ieebsmug
[2025-08-15T11:07:20.755Z] [DEBUG] Skipping company_ieebsmug: No scheduled reports collection found
[2025-08-15T11:07:20.756Z] [DEBUG] Processing company database: company_ry0iwbpw
[2025-08-15T11:07:20.821Z] [DEBUG] Finding reports to execute in company_ry0iwbpw (current time: 2025-08-15T11:07:20.821Z)
[2025-08-15T11:07:20.884Z] [INFO] Found 0 reports to execute in company_ry0iwbpw
[2025-08-15T11:07:20.885Z] [INFO] Scheduled reports check completed
[2025-08-15T11:07:20.886Z] [DEBUG] MongoDB connection closed
[2025-08-15T11:07:29.881Z] [INFO] Checking for scheduled reports...
[2025-08-15T11:07:30.786Z] [DEBUG] Connected to MongoDB
[2025-08-15T11:07:30.859Z] [INFO] Found 2 company databases
[2025-08-15T11:07:30.860Z] [DEBUG] Processing company database: company_ieebsmug
[2025-08-15T11:07:30.926Z] [DEBUG] Skipping company_ieebsmug: No scheduled reports collection found
[2025-08-15T11:07:30.927Z] [DEBUG] Processing company database: company_ry0iwbpw
[2025-08-15T11:07:30.990Z] [DEBUG] Finding reports to execute in company_ry0iwbpw (current time: 2025-08-15T11:07:30.990Z)
[2025-08-15T11:07:31.055Z] [INFO] Found 0 reports to execute in company_ry0iwbpw
[2025-08-15T11:07:31.056Z] [INFO] Scheduled reports check completed
[2025-08-15T11:07:31.057Z] [DEBUG] MongoDB connection closed
[2025-08-15T11:07:39.882Z] [INFO] Checking for scheduled reports...
[2025-08-15T11:07:40.660Z] [DEBUG] Connected to MongoDB
[2025-08-15T11:07:40.733Z] [INFO] Found 2 company databases
[2025-08-15T11:07:40.734Z] [DEBUG] Processing company database: company_ieebsmug
[2025-08-15T11:07:40.797Z] [DEBUG] Skipping company_ieebsmug: No scheduled reports collection found
[2025-08-15T11:07:40.798Z] [DEBUG] Processing company database: company_ry0iwbpw
[2025-08-15T11:07:40.861Z] [DEBUG] Finding reports to execute in company_ry0iwbpw (current time: 2025-08-15T11:07:40.861Z)
[2025-08-15T11:07:40.927Z] [INFO] Found 0 reports to execute in company_ry0iwbpw
[2025-08-15T11:07:40.927Z] [INFO] Scheduled reports check completed
[2025-08-15T11:07:40.930Z] [DEBUG] MongoDB connection closed
[2025-08-15T11:07:49.883Z] [INFO] Checking for scheduled reports...
[2025-08-15T11:07:50.724Z] [DEBUG] Connected to MongoDB
[2025-08-15T11:07:50.799Z] [INFO] Found 2 company databases
[2025-08-15T11:07:50.799Z] [DEBUG] Processing company database: company_ieebsmug
[2025-08-15T11:07:50.901Z] [DEBUG] Skipping company_ieebsmug: No scheduled reports collection found
[2025-08-15T11:07:50.902Z] [DEBUG] Processing company database: company_ry0iwbpw
[2025-08-15T11:07:50.965Z] [DEBUG] Finding reports to execute in company_ry0iwbpw (current time: 2025-08-15T11:07:50.965Z)
[2025-08-15T11:07:51.076Z] [INFO] Found 0 reports to execute in company_ry0iwbpw
[2025-08-15T11:07:51.076Z] [INFO] Scheduled reports check completed
[2025-08-15T11:07:51.078Z] [DEBUG] MongoDB connection closed
[2025-08-15T11:07:59.883Z] [INFO] Checking for scheduled reports...
[2025-08-15T11:08:00.622Z] [DEBUG] Connected to MongoDB
[2025-08-15T11:08:00.695Z] [INFO] Found 2 company databases
[2025-08-15T11:08:00.696Z] [DEBUG] Processing company database: company_ieebsmug
[2025-08-15T11:08:00.760Z] [DEBUG] Skipping company_ieebsmug: No scheduled reports collection found
[2025-08-15T11:08:00.760Z] [DEBUG] Processing company database: company_ry0iwbpw
[2025-08-15T11:08:00.824Z] [DEBUG] Finding reports to execute in company_ry0iwbpw (current time: 2025-08-15T11:08:00.824Z)
[2025-08-15T11:08:00.889Z] [INFO] Found 0 reports to execute in company_ry0iwbpw
[2025-08-15T11:08:00.889Z] [INFO] Scheduled reports check completed
[2025-08-15T11:08:00.890Z] [DEBUG] MongoDB connection closed
[2025-08-15T11:08:09.885Z] [INFO] Checking for scheduled reports...
[2025-08-15T11:08:10.630Z] [DEBUG] Connected to MongoDB
[2025-08-15T11:08:10.703Z] [INFO] Found 2 company databases
[2025-08-15T11:08:10.704Z] [DEBUG] Processing company database: company_ieebsmug
[2025-08-15T11:08:10.766Z] [DEBUG] Skipping company_ieebsmug: No scheduled reports collection found
[2025-08-15T11:08:10.767Z] [DEBUG] Processing company database: company_ry0iwbpw
[2025-08-15T11:08:10.836Z] [DEBUG] Finding reports to execute in company_ry0iwbpw (current time: 2025-08-15T11:08:10.836Z)
[2025-08-15T11:08:10.907Z] [INFO] Found 0 reports to execute in company_ry0iwbpw
[2025-08-15T11:08:10.908Z] [INFO] Scheduled reports check completed
[2025-08-15T11:08:10.911Z] [DEBUG] MongoDB connection closed
[2025-08-15T11:08:19.886Z] [INFO] Checking for scheduled reports...
[2025-08-15T11:08:20.620Z] [DEBUG] Connected to MongoDB
[2025-08-15T11:08:20.691Z] [INFO] Found 2 company databases
[2025-08-15T11:08:20.691Z] [DEBUG] Processing company database: company_ieebsmug
[2025-08-15T11:08:20.755Z] [DEBUG] Skipping company_ieebsmug: No scheduled reports collection found
[2025-08-15T11:08:20.755Z] [DEBUG] Processing company database: company_ry0iwbpw
[2025-08-15T11:08:20.819Z] [DEBUG] Finding reports to execute in company_ry0iwbpw (current time: 2025-08-15T11:08:20.819Z)
[2025-08-15T11:08:20.883Z] [INFO] Found 0 reports to execute in company_ry0iwbpw
[2025-08-15T11:08:20.884Z] [INFO] Scheduled reports check completed
[2025-08-15T11:08:20.885Z] [DEBUG] MongoDB connection closed
[2025-08-15T11:08:29.887Z] [INFO] Checking for scheduled reports...
[2025-08-15T11:08:31.520Z] [DEBUG] Connected to MongoDB
[2025-08-15T11:08:31.697Z] [INFO] Found 2 company databases
[2025-08-15T11:08:31.698Z] [DEBUG] Processing company database: company_ieebsmug
[2025-08-15T11:08:31.875Z] [DEBUG] Skipping company_ieebsmug: No scheduled reports collection found
[2025-08-15T11:08:31.875Z] [DEBUG] Processing company database: company_ry0iwbpw
[2025-08-15T11:08:32.481Z] [DEBUG] Finding reports to execute in company_ry0iwbpw (current time: 2025-08-15T11:08:32.481Z)
[2025-08-15T11:08:32.545Z] [INFO] Found 0 reports to execute in company_ry0iwbpw
[2025-08-15T11:08:32.545Z] [INFO] Scheduled reports check completed
[2025-08-15T11:08:32.546Z] [DEBUG] MongoDB connection closed
[2025-08-15T11:08:39.888Z] [INFO] Checking for scheduled reports...
[2025-08-15T11:08:40.649Z] [DEBUG] Connected to MongoDB
[2025-08-15T11:08:40.721Z] [INFO] Found 2 company databases
[2025-08-15T11:08:40.721Z] [DEBUG] Processing company database: company_ieebsmug
[2025-08-15T11:08:40.796Z] [DEBUG] Skipping company_ieebsmug: No scheduled reports collection found
[2025-08-15T11:08:40.796Z] [DEBUG] Processing company database: company_ry0iwbpw
[2025-08-15T11:08:40.859Z] [DEBUG] Finding reports to execute in company_ry0iwbpw (current time: 2025-08-15T11:08:40.859Z)
[2025-08-15T11:08:40.923Z] [INFO] Found 0 reports to execute in company_ry0iwbpw
[2025-08-15T11:08:40.923Z] [INFO] Scheduled reports check completed
[2025-08-15T11:08:40.924Z] [DEBUG] MongoDB connection closed
[2025-08-15T11:08:49.890Z] [INFO] Checking for scheduled reports...
[2025-08-15T11:08:50.643Z] [DEBUG] Connected to MongoDB
[2025-08-15T11:08:50.716Z] [INFO] Found 2 company databases
[2025-08-15T11:08:50.716Z] [DEBUG] Processing company database: company_ieebsmug
[2025-08-15T11:08:50.779Z] [DEBUG] Skipping company_ieebsmug: No scheduled reports collection found
[2025-08-15T11:08:50.779Z] [DEBUG] Processing company database: company_ry0iwbpw
[2025-08-15T11:08:50.843Z] [DEBUG] Finding reports to execute in company_ry0iwbpw (current time: 2025-08-15T11:08:50.843Z)
[2025-08-15T11:08:50.906Z] [INFO] Found 0 reports to execute in company_ry0iwbpw
[2025-08-15T11:08:50.907Z] [INFO] Scheduled reports check completed
[2025-08-15T11:08:50.908Z] [DEBUG] MongoDB connection closed
[2025-08-15T11:08:59.892Z] [INFO] Checking for scheduled reports...
[2025-08-15T11:09:00.914Z] [DEBUG] Connected to MongoDB
[2025-08-15T11:09:00.988Z] [INFO] Found 2 company databases
[2025-08-15T11:09:00.989Z] [DEBUG] Processing company database: company_ieebsmug
[2025-08-15T11:09:01.053Z] [DEBUG] Skipping company_ieebsmug: No scheduled reports collection found
[2025-08-15T11:09:01.053Z] [DEBUG] Processing company database: company_ry0iwbpw
[2025-08-15T11:09:01.134Z] [DEBUG] Finding reports to execute in company_ry0iwbpw (current time: 2025-08-15T11:09:01.134Z)
[2025-08-15T11:09:01.197Z] [INFO] Found 0 reports to execute in company_ry0iwbpw
[2025-08-15T11:09:01.198Z] [INFO] Scheduled reports check completed
[2025-08-15T11:09:01.200Z] [DEBUG] MongoDB connection closed
[2025-08-15T11:09:09.892Z] [INFO] Checking for scheduled reports...
[2025-08-15T11:09:10.615Z] [DEBUG] Connected to MongoDB
[2025-08-15T11:09:10.686Z] [INFO] Found 2 company databases
[2025-08-15T11:09:10.686Z] [DEBUG] Processing company database: company_ieebsmug
[2025-08-15T11:09:10.758Z] [DEBUG] Skipping company_ieebsmug: No scheduled reports collection found
[2025-08-15T11:09:10.758Z] [DEBUG] Processing company database: company_ry0iwbpw
[2025-08-15T11:09:10.828Z] [DEBUG] Finding reports to execute in company_ry0iwbpw (current time: 2025-08-15T11:09:10.828Z)
[2025-08-15T11:09:10.892Z] [INFO] Found 0 reports to execute in company_ry0iwbpw
[2025-08-15T11:09:10.893Z] [INFO] Scheduled reports check completed
[2025-08-15T11:09:10.897Z] [DEBUG] MongoDB connection closed
[2025-08-15T11:09:19.892Z] [INFO] Checking for scheduled reports...
[2025-08-15T11:09:20.643Z] [DEBUG] Connected to MongoDB
[2025-08-15T11:09:20.784Z] [INFO] Found 2 company databases
[2025-08-15T11:09:20.784Z] [DEBUG] Processing company database: company_ieebsmug
[2025-08-15T11:09:20.849Z] [DEBUG] Skipping company_ieebsmug: No scheduled reports collection found
[2025-08-15T11:09:20.849Z] [DEBUG] Processing company database: company_ry0iwbpw
[2025-08-15T11:09:20.961Z] [DEBUG] Finding reports to execute in company_ry0iwbpw (current time: 2025-08-15T11:09:20.961Z)
[2025-08-15T11:09:21.093Z] [INFO] Found 0 reports to execute in company_ry0iwbpw
[2025-08-15T11:09:21.094Z] [INFO] Scheduled reports check completed
[2025-08-15T11:09:21.096Z] [DEBUG] MongoDB connection closed
[2025-08-15T11:09:29.893Z] [INFO] Checking for scheduled reports...
[2025-08-15T11:09:30.613Z] [DEBUG] Connected to MongoDB
[2025-08-15T11:09:30.686Z] [INFO] Found 2 company databases
[2025-08-15T11:09:30.687Z] [DEBUG] Processing company database: company_ieebsmug
[2025-08-15T11:09:30.752Z] [DEBUG] Skipping company_ieebsmug: No scheduled reports collection found
[2025-08-15T11:09:30.752Z] [DEBUG] Processing company database: company_ry0iwbpw
[2025-08-15T11:09:30.814Z] [DEBUG] Finding reports to execute in company_ry0iwbpw (current time: 2025-08-15T11:09:30.814Z)
[2025-08-15T11:09:30.878Z] [INFO] Found 0 reports to execute in company_ry0iwbpw
[2025-08-15T11:09:30.878Z] [INFO] Scheduled reports check completed
[2025-08-15T11:09:30.879Z] [DEBUG] MongoDB connection closed
[2025-08-15T11:09:39.894Z] [INFO] Checking for scheduled reports...
[2025-08-15T11:09:40.652Z] [DEBUG] Connected to MongoDB
[2025-08-15T11:09:40.723Z] [INFO] Found 2 company databases
[2025-08-15T11:09:40.723Z] [DEBUG] Processing company database: company_ieebsmug
[2025-08-15T11:09:40.786Z] [DEBUG] Skipping company_ieebsmug: No scheduled reports collection found
[2025-08-15T11:09:40.786Z] [DEBUG] Processing company database: company_ry0iwbpw
[2025-08-15T11:09:40.850Z] [DEBUG] Finding reports to execute in company_ry0iwbpw (current time: 2025-08-15T11:09:40.850Z)
[2025-08-15T11:09:40.913Z] [INFO] Found 0 reports to execute in company_ry0iwbpw
[2025-08-15T11:09:40.913Z] [INFO] Scheduled reports check completed
[2025-08-15T11:09:40.915Z] [DEBUG] MongoDB connection closed
[2025-08-15T11:09:49.894Z] [INFO] Checking for scheduled reports...
[2025-08-15T11:09:50.673Z] [DEBUG] Connected to MongoDB
[2025-08-15T11:09:50.746Z] [INFO] Found 2 company databases
[2025-08-15T11:09:50.747Z] [DEBUG] Processing company database: company_ieebsmug
[2025-08-15T11:09:50.810Z] [DEBUG] Skipping company_ieebsmug: No scheduled reports collection found
[2025-08-15T11:09:50.811Z] [DEBUG] Processing company database: company_ry0iwbpw
[2025-08-15T11:09:50.877Z] [DEBUG] Finding reports to execute in company_ry0iwbpw (current time: 2025-08-15T11:09:50.877Z)
[2025-08-15T11:09:50.941Z] [INFO] Found 0 reports to execute in company_ry0iwbpw
[2025-08-15T11:09:50.941Z] [INFO] Scheduled reports check completed
[2025-08-15T11:09:50.944Z] [DEBUG] MongoDB connection closed
[2025-08-15T11:09:59.895Z] [INFO] Checking for scheduled reports...
[2025-08-15T11:10:00.621Z] [DEBUG] Connected to MongoDB
[2025-08-15T11:10:00.692Z] [INFO] Found 2 company databases
[2025-08-15T11:10:00.693Z] [DEBUG] Processing company database: company_ieebsmug
[2025-08-15T11:10:00.756Z] [DEBUG] Skipping company_ieebsmug: No scheduled reports collection found
[2025-08-15T11:10:00.757Z] [DEBUG] Processing company database: company_ry0iwbpw
[2025-08-15T11:10:00.821Z] [DEBUG] Finding reports to execute in company_ry0iwbpw (current time: 2025-08-15T11:10:00.821Z)
[2025-08-15T11:10:00.886Z] [INFO] Found 0 reports to execute in company_ry0iwbpw
[2025-08-15T11:10:00.886Z] [INFO] Scheduled reports check completed
[2025-08-15T11:10:00.889Z] [DEBUG] MongoDB connection closed
[2025-08-15T11:10:09.896Z] [INFO] Checking for scheduled reports...
[2025-08-15T11:10:10.615Z] [DEBUG] Connected to MongoDB
[2025-08-15T11:10:10.686Z] [INFO] Found 2 company databases
[2025-08-15T11:10:10.687Z] [DEBUG] Processing company database: company_ieebsmug
[2025-08-15T11:10:10.750Z] [DEBUG] Skipping company_ieebsmug: No scheduled reports collection found
[2025-08-15T11:10:10.750Z] [DEBUG] Processing company database: company_ry0iwbpw
[2025-08-15T11:10:10.814Z] [DEBUG] Finding reports to execute in company_ry0iwbpw (current time: 2025-08-15T11:10:10.814Z)
[2025-08-15T11:10:10.877Z] [INFO] Found 0 reports to execute in company_ry0iwbpw
[2025-08-15T11:10:10.878Z] [INFO] Scheduled reports check completed
[2025-08-15T11:10:10.881Z] [DEBUG] MongoDB connection closed
[2025-08-15T11:10:19.898Z] [INFO] Checking for scheduled reports...
[2025-08-15T11:10:20.731Z] [DEBUG] Connected to MongoDB
[2025-08-15T11:10:20.803Z] [INFO] Found 2 company databases
[2025-08-15T11:10:20.803Z] [DEBUG] Processing company database: company_ieebsmug
[2025-08-15T11:10:20.866Z] [DEBUG] Skipping company_ieebsmug: No scheduled reports collection found
[2025-08-15T11:10:20.867Z] [DEBUG] Processing company database: company_ry0iwbpw
[2025-08-15T11:10:20.930Z] [DEBUG] Finding reports to execute in company_ry0iwbpw (current time: 2025-08-15T11:10:20.930Z)
[2025-08-15T11:10:20.992Z] [INFO] Found 0 reports to execute in company_ry0iwbpw
[2025-08-15T11:10:20.993Z] [INFO] Scheduled reports check completed
[2025-08-15T11:10:20.995Z] [DEBUG] MongoDB connection closed
[2025-08-15T11:10:29.898Z] [INFO] Checking for scheduled reports...
[2025-08-15T11:10:30.627Z] [DEBUG] Connected to MongoDB
[2025-08-15T11:10:30.699Z] [INFO] Found 2 company databases
[2025-08-15T11:10:30.699Z] [DEBUG] Processing company database: company_ieebsmug
[2025-08-15T11:10:30.761Z] [DEBUG] Skipping company_ieebsmug: No scheduled reports collection found
[2025-08-15T11:10:30.761Z] [DEBUG] Processing company database: company_ry0iwbpw
[2025-08-15T11:10:30.824Z] [DEBUG] Finding reports to execute in company_ry0iwbpw (current time: 2025-08-15T11:10:30.823Z)
[2025-08-15T11:10:30.886Z] [INFO] Found 0 reports to execute in company_ry0iwbpw
[2025-08-15T11:10:30.887Z] [INFO] Scheduled reports check completed
[2025-08-15T11:10:30.888Z] [DEBUG] MongoDB connection closed
[2025-08-15T11:10:39.899Z] [INFO] Checking for scheduled reports...
[2025-08-15T11:10:40.676Z] [DEBUG] Connected to MongoDB
[2025-08-15T11:10:40.748Z] [INFO] Found 2 company databases
[2025-08-15T11:10:40.749Z] [DEBUG] Processing company database: company_ieebsmug
[2025-08-15T11:10:40.814Z] [DEBUG] Skipping company_ieebsmug: No scheduled reports collection found
[2025-08-15T11:10:40.815Z] [DEBUG] Processing company database: company_ry0iwbpw
[2025-08-15T11:10:40.880Z] [DEBUG] Finding reports to execute in company_ry0iwbpw (current time: 2025-08-15T11:10:40.880Z)
[2025-08-15T11:10:40.947Z] [INFO] Found 0 reports to execute in company_ry0iwbpw
[2025-08-15T11:10:40.948Z] [INFO] Scheduled reports check completed
[2025-08-15T11:10:40.950Z] [DEBUG] MongoDB connection closed
[2025-08-15T11:10:49.901Z] [INFO] Checking for scheduled reports...
[2025-08-15T11:10:50.639Z] [DEBUG] Connected to MongoDB
[2025-08-15T11:10:50.713Z] [INFO] Found 2 company databases
[2025-08-15T11:10:50.713Z] [DEBUG] Processing company database: company_ieebsmug
[2025-08-15T11:10:50.775Z] [DEBUG] Skipping company_ieebsmug: No scheduled reports collection found
[2025-08-15T11:10:50.776Z] [DEBUG] Processing company database: company_ry0iwbpw
[2025-08-15T11:10:50.838Z] [DEBUG] Finding reports to execute in company_ry0iwbpw (current time: 2025-08-15T11:10:50.838Z)
[2025-08-15T11:10:50.902Z] [INFO] Found 0 reports to execute in company_ry0iwbpw
[2025-08-15T11:10:50.903Z] [INFO] Scheduled reports check completed
[2025-08-15T11:10:50.905Z] [DEBUG] MongoDB connection closed
[2025-08-15T11:10:59.902Z] [INFO] Checking for scheduled reports...
[2025-08-15T11:11:00.682Z] [DEBUG] Connected to MongoDB
[2025-08-15T11:11:00.755Z] [INFO] Found 2 company databases
[2025-08-15T11:11:00.756Z] [DEBUG] Processing company database: company_ieebsmug
[2025-08-15T11:11:00.829Z] [DEBUG] Skipping company_ieebsmug: No scheduled reports collection found
[2025-08-15T11:11:00.829Z] [DEBUG] Processing company database: company_ry0iwbpw
[2025-08-15T11:11:00.896Z] [DEBUG] Finding reports to execute in company_ry0iwbpw (current time: 2025-08-15T11:11:00.896Z)
[2025-08-15T11:11:00.960Z] [INFO] Found 0 reports to execute in company_ry0iwbpw
[2025-08-15T11:11:00.961Z] [INFO] Scheduled reports check completed
[2025-08-15T11:11:00.964Z] [DEBUG] MongoDB connection closed
[2025-08-15T11:11:09.903Z] [INFO] Checking for scheduled reports...
[2025-08-15T11:11:10.641Z] [DEBUG] Connected to MongoDB
[2025-08-15T11:11:10.721Z] [INFO] Found 2 company databases
[2025-08-15T11:11:10.722Z] [DEBUG] Processing company database: company_ieebsmug
[2025-08-15T11:11:10.785Z] [DEBUG] Skipping company_ieebsmug: No scheduled reports collection found
[2025-08-15T11:11:10.785Z] [DEBUG] Processing company database: company_ry0iwbpw
[2025-08-15T11:11:10.850Z] [DEBUG] Finding reports to execute in company_ry0iwbpw (current time: 2025-08-15T11:11:10.850Z)
[2025-08-15T11:11:10.924Z] [INFO] Found 0 reports to execute in company_ry0iwbpw
[2025-08-15T11:11:10.925Z] [INFO] Scheduled reports check completed
[2025-08-15T11:11:10.928Z] [DEBUG] MongoDB connection closed
[2025-08-15T11:11:19.904Z] [INFO] Checking for scheduled reports...
[2025-08-15T11:11:20.654Z] [DEBUG] Connected to MongoDB
[2025-08-15T11:11:20.727Z] [INFO] Found 2 company databases
[2025-08-15T11:11:20.728Z] [DEBUG] Processing company database: company_ieebsmug
[2025-08-15T11:11:20.792Z] [DEBUG] Skipping company_ieebsmug: No scheduled reports collection found
[2025-08-15T11:11:20.793Z] [DEBUG] Processing company database: company_ry0iwbpw
[2025-08-15T11:11:20.859Z] [DEBUG] Finding reports to execute in company_ry0iwbpw (current time: 2025-08-15T11:11:20.859Z)
[2025-08-15T11:11:20.923Z] [INFO] Found 0 reports to execute in company_ry0iwbpw
[2025-08-15T11:11:20.923Z] [INFO] Scheduled reports check completed
[2025-08-15T11:11:20.926Z] [DEBUG] MongoDB connection closed
[2025-08-15T11:11:29.904Z] [INFO] Checking for scheduled reports...
[2025-08-15T11:11:30.651Z] [DEBUG] Connected to MongoDB
[2025-08-15T11:11:30.722Z] [INFO] Found 2 company databases
[2025-08-15T11:11:30.723Z] [DEBUG] Processing company database: company_ieebsmug
[2025-08-15T11:11:30.785Z] [DEBUG] Skipping company_ieebsmug: No scheduled reports collection found
[2025-08-15T11:11:30.786Z] [DEBUG] Processing company database: company_ry0iwbpw
[2025-08-15T11:11:30.851Z] [DEBUG] Finding reports to execute in company_ry0iwbpw (current time: 2025-08-15T11:11:30.851Z)
[2025-08-15T11:11:30.915Z] [INFO] Found 0 reports to execute in company_ry0iwbpw
[2025-08-15T11:11:30.916Z] [INFO] Scheduled reports check completed
[2025-08-15T11:11:30.918Z] [DEBUG] MongoDB connection closed
[2025-08-15T11:11:39.905Z] [INFO] Checking for scheduled reports...
[2025-08-15T11:11:40.863Z] [DEBUG] Connected to MongoDB
[2025-08-15T11:11:40.935Z] [INFO] Found 2 company databases
[2025-08-15T11:11:40.935Z] [DEBUG] Processing company database: company_ieebsmug
[2025-08-15T11:11:40.998Z] [DEBUG] Skipping company_ieebsmug: No scheduled reports collection found
[2025-08-15T11:11:40.999Z] [DEBUG] Processing company database: company_ry0iwbpw
[2025-08-15T11:11:41.061Z] [DEBUG] Finding reports to execute in company_ry0iwbpw (current time: 2025-08-15T11:11:41.061Z)
[2025-08-15T11:11:41.138Z] [INFO] Found 0 reports to execute in company_ry0iwbpw
[2025-08-15T11:11:41.139Z] [INFO] Scheduled reports check completed
[2025-08-15T11:11:41.141Z] [DEBUG] MongoDB connection closed
[2025-08-15T11:11:49.906Z] [INFO] Checking for scheduled reports...
[2025-08-15T11:11:50.630Z] [DEBUG] Connected to MongoDB
[2025-08-15T11:11:50.702Z] [INFO] Found 2 company databases
[2025-08-15T11:11:50.702Z] [DEBUG] Processing company database: company_ieebsmug
[2025-08-15T11:11:50.766Z] [DEBUG] Skipping company_ieebsmug: No scheduled reports collection found
[2025-08-15T11:11:50.767Z] [DEBUG] Processing company database: company_ry0iwbpw
[2025-08-15T11:11:50.832Z] [DEBUG] Finding reports to execute in company_ry0iwbpw (current time: 2025-08-15T11:11:50.832Z)
[2025-08-15T11:11:50.898Z] [INFO] Found 0 reports to execute in company_ry0iwbpw
[2025-08-15T11:11:50.899Z] [INFO] Scheduled reports check completed
[2025-08-15T11:11:50.901Z] [DEBUG] MongoDB connection closed
[2025-08-15T11:11:59.907Z] [INFO] Checking for scheduled reports...
[2025-08-15T11:12:00.629Z] [DEBUG] Connected to MongoDB
[2025-08-15T11:12:00.699Z] [INFO] Found 2 company databases
[2025-08-15T11:12:00.700Z] [DEBUG] Processing company database: company_ieebsmug
[2025-08-15T11:12:00.763Z] [DEBUG] Skipping company_ieebsmug: No scheduled reports collection found
[2025-08-15T11:12:00.763Z] [DEBUG] Processing company database: company_ry0iwbpw
[2025-08-15T11:12:00.834Z] [DEBUG] Finding reports to execute in company_ry0iwbpw (current time: 2025-08-15T11:12:00.834Z)
[2025-08-15T11:12:00.896Z] [INFO] Found 0 reports to execute in company_ry0iwbpw
[2025-08-15T11:12:00.897Z] [INFO] Scheduled reports check completed
[2025-08-15T11:12:00.899Z] [DEBUG] MongoDB connection closed
[2025-08-15T11:12:09.908Z] [INFO] Checking for scheduled reports...
[2025-08-15T11:12:10.696Z] [DEBUG] Connected to MongoDB
[2025-08-15T11:12:10.767Z] [INFO] Found 2 company databases
[2025-08-15T11:12:10.767Z] [DEBUG] Processing company database: company_ieebsmug
[2025-08-15T11:12:10.836Z] [DEBUG] Skipping company_ieebsmug: No scheduled reports collection found
[2025-08-15T11:12:10.836Z] [DEBUG] Processing company database: company_ry0iwbpw
[2025-08-15T11:12:10.900Z] [DEBUG] Finding reports to execute in company_ry0iwbpw (current time: 2025-08-15T11:12:10.900Z)
[2025-08-15T11:12:10.966Z] [INFO] Found 0 reports to execute in company_ry0iwbpw
[2025-08-15T11:12:10.966Z] [INFO] Scheduled reports check completed
[2025-08-15T11:12:10.968Z] [DEBUG] MongoDB connection closed
[2025-08-15T11:12:19.909Z] [INFO] Checking for scheduled reports...
[2025-08-15T11:12:20.618Z] [DEBUG] Connected to MongoDB
[2025-08-15T11:12:20.688Z] [INFO] Found 2 company databases
[2025-08-15T11:12:20.688Z] [DEBUG] Processing company database: company_ieebsmug
[2025-08-15T11:12:20.751Z] [DEBUG] Skipping company_ieebsmug: No scheduled reports collection found
[2025-08-15T11:12:20.752Z] [DEBUG] Processing company database: company_ry0iwbpw
[2025-08-15T11:12:20.826Z] [DEBUG] Finding reports to execute in company_ry0iwbpw (current time: 2025-08-15T11:12:20.826Z)
[2025-08-15T11:12:20.891Z] [INFO] Found 0 reports to execute in company_ry0iwbpw
[2025-08-15T11:12:20.892Z] [INFO] Scheduled reports check completed
[2025-08-15T11:12:20.895Z] [DEBUG] MongoDB connection closed
[2025-08-15T11:12:29.909Z] [INFO] Checking for scheduled reports...
[2025-08-15T11:12:30.624Z] [DEBUG] Connected to MongoDB
[2025-08-15T11:12:30.696Z] [INFO] Found 2 company databases
[2025-08-15T11:12:30.696Z] [DEBUG] Processing company database: company_ieebsmug
[2025-08-15T11:12:30.760Z] [DEBUG] Skipping company_ieebsmug: No scheduled reports collection found
[2025-08-15T11:12:30.760Z] [DEBUG] Processing company database: company_ry0iwbpw
[2025-08-15T11:12:30.823Z] [DEBUG] Finding reports to execute in company_ry0iwbpw (current time: 2025-08-15T11:12:30.823Z)
[2025-08-15T11:12:30.885Z] [INFO] Found 0 reports to execute in company_ry0iwbpw
[2025-08-15T11:12:30.886Z] [INFO] Scheduled reports check completed
[2025-08-15T11:12:30.887Z] [DEBUG] MongoDB connection closed
[2025-08-15T11:12:39.911Z] [INFO] Checking for scheduled reports...
[2025-08-15T11:12:40.682Z] [DEBUG] Connected to MongoDB
[2025-08-15T11:12:40.756Z] [INFO] Found 2 company databases
[2025-08-15T11:12:40.757Z] [DEBUG] Processing company database: company_ieebsmug
[2025-08-15T11:12:40.821Z] [DEBUG] Skipping company_ieebsmug: No scheduled reports collection found
[2025-08-15T11:12:40.822Z] [DEBUG] Processing company database: company_ry0iwbpw
[2025-08-15T11:12:40.887Z] [DEBUG] Finding reports to execute in company_ry0iwbpw (current time: 2025-08-15T11:12:40.887Z)
[2025-08-15T11:12:40.953Z] [INFO] Found 0 reports to execute in company_ry0iwbpw
[2025-08-15T11:12:40.953Z] [INFO] Scheduled reports check completed
[2025-08-15T11:12:40.956Z] [DEBUG] MongoDB connection closed
[2025-08-15T11:12:49.911Z] [INFO] Checking for scheduled reports...
[2025-08-15T11:12:50.725Z] [DEBUG] Connected to MongoDB
[2025-08-15T11:12:50.800Z] [INFO] Found 2 company databases
[2025-08-15T11:12:50.802Z] [DEBUG] Processing company database: company_ieebsmug
[2025-08-15T11:12:50.865Z] [DEBUG] Skipping company_ieebsmug: No scheduled reports collection found
[2025-08-15T11:12:50.865Z] [DEBUG] Processing company database: company_ry0iwbpw
[2025-08-15T11:12:50.930Z] [DEBUG] Finding reports to execute in company_ry0iwbpw (current time: 2025-08-15T11:12:50.930Z)
[2025-08-15T11:12:50.994Z] [INFO] Found 0 reports to execute in company_ry0iwbpw
[2025-08-15T11:12:50.995Z] [INFO] Scheduled reports check completed
[2025-08-15T11:12:50.997Z] [DEBUG] MongoDB connection closed
[2025-08-15T11:12:59.911Z] [INFO] Checking for scheduled reports...
[2025-08-15T11:13:01.082Z] [DEBUG] Connected to MongoDB
[2025-08-15T11:13:01.154Z] [INFO] Found 2 company databases
[2025-08-15T11:13:01.155Z] [DEBUG] Processing company database: company_ieebsmug
[2025-08-15T11:13:01.218Z] [DEBUG] Skipping company_ieebsmug: No scheduled reports collection found
[2025-08-15T11:13:01.219Z] [DEBUG] Processing company database: company_ry0iwbpw
[2025-08-15T11:13:01.282Z] [DEBUG] Finding reports to execute in company_ry0iwbpw (current time: 2025-08-15T11:13:01.282Z)
[2025-08-15T11:13:01.348Z] [INFO] Found 0 reports to execute in company_ry0iwbpw
[2025-08-15T11:13:01.349Z] [INFO] Scheduled reports check completed
[2025-08-15T11:13:01.351Z] [DEBUG] MongoDB connection closed
[2025-08-15T11:13:09.912Z] [INFO] Checking for scheduled reports...
[2025-08-15T11:13:10.641Z] [DEBUG] Connected to MongoDB
[2025-08-15T11:13:10.713Z] [INFO] Found 2 company databases
[2025-08-15T11:13:10.713Z] [DEBUG] Processing company database: company_ieebsmug
[2025-08-15T11:13:10.780Z] [DEBUG] Skipping company_ieebsmug: No scheduled reports collection found
[2025-08-15T11:13:10.781Z] [DEBUG] Processing company database: company_ry0iwbpw
[2025-08-15T11:13:10.845Z] [DEBUG] Finding reports to execute in company_ry0iwbpw (current time: 2025-08-15T11:13:10.845Z)
[2025-08-15T11:13:10.908Z] [INFO] Found 0 reports to execute in company_ry0iwbpw
[2025-08-15T11:13:10.909Z] [INFO] Scheduled reports check completed
[2025-08-15T11:13:10.912Z] [DEBUG] MongoDB connection closed
[2025-08-15T11:13:19.913Z] [INFO] Checking for scheduled reports...
[2025-08-15T11:13:20.651Z] [DEBUG] Connected to MongoDB
[2025-08-15T11:13:20.722Z] [INFO] Found 2 company databases
[2025-08-15T11:13:20.722Z] [DEBUG] Processing company database: company_ieebsmug
[2025-08-15T11:13:20.786Z] [DEBUG] Skipping company_ieebsmug: No scheduled reports collection found
[2025-08-15T11:13:20.786Z] [DEBUG] Processing company database: company_ry0iwbpw
[2025-08-15T11:13:20.859Z] [DEBUG] Finding reports to execute in company_ry0iwbpw (current time: 2025-08-15T11:13:20.859Z)
[2025-08-15T11:13:20.924Z] [INFO] Found 0 reports to execute in company_ry0iwbpw
[2025-08-15T11:13:20.925Z] [INFO] Scheduled reports check completed
[2025-08-15T11:13:20.926Z] [DEBUG] MongoDB connection closed
[2025-08-15T11:13:29.913Z] [INFO] Checking for scheduled reports...
[2025-08-15T11:13:30.622Z] [DEBUG] Connected to MongoDB
[2025-08-15T11:13:30.694Z] [INFO] Found 2 company databases
[2025-08-15T11:13:30.694Z] [DEBUG] Processing company database: company_ieebsmug
[2025-08-15T11:13:30.765Z] [DEBUG] Skipping company_ieebsmug: No scheduled reports collection found
[2025-08-15T11:13:30.766Z] [DEBUG] Processing company database: company_ry0iwbpw
[2025-08-15T11:13:30.828Z] [DEBUG] Finding reports to execute in company_ry0iwbpw (current time: 2025-08-15T11:13:30.828Z)
[2025-08-15T11:13:30.889Z] [INFO] Found 0 reports to execute in company_ry0iwbpw
[2025-08-15T11:13:30.890Z] [INFO] Scheduled reports check completed
[2025-08-15T11:13:30.891Z] [DEBUG] MongoDB connection closed
[2025-08-15T11:13:39.913Z] [INFO] Checking for scheduled reports...
[2025-08-15T11:13:40.664Z] [DEBUG] Connected to MongoDB
[2025-08-15T11:13:40.739Z] [INFO] Found 2 company databases
[2025-08-15T11:13:40.739Z] [DEBUG] Processing company database: company_ieebsmug
[2025-08-15T11:13:40.805Z] [DEBUG] Skipping company_ieebsmug: No scheduled reports collection found
[2025-08-15T11:13:40.806Z] [DEBUG] Processing company database: company_ry0iwbpw
[2025-08-15T11:13:40.871Z] [DEBUG] Finding reports to execute in company_ry0iwbpw (current time: 2025-08-15T11:13:40.871Z)
[2025-08-15T11:13:40.935Z] [INFO] Found 0 reports to execute in company_ry0iwbpw
[2025-08-15T11:13:40.936Z] [INFO] Scheduled reports check completed
[2025-08-15T11:13:40.939Z] [DEBUG] MongoDB connection closed
[2025-08-15T11:13:49.914Z] [INFO] Checking for scheduled reports...
[2025-08-15T11:13:50.651Z] [DEBUG] Connected to MongoDB
[2025-08-15T11:13:50.736Z] [INFO] Found 2 company databases
[2025-08-15T11:13:50.736Z] [DEBUG] Processing company database: company_ieebsmug
[2025-08-15T11:13:50.814Z] [DEBUG] Skipping company_ieebsmug: No scheduled reports collection found
[2025-08-15T11:13:50.815Z] [DEBUG] Processing company database: company_ry0iwbpw
[2025-08-15T11:13:50.877Z] [DEBUG] Finding reports to execute in company_ry0iwbpw (current time: 2025-08-15T11:13:50.877Z)
[2025-08-15T11:13:50.941Z] [INFO] Found 0 reports to execute in company_ry0iwbpw
[2025-08-15T11:13:50.941Z] [INFO] Scheduled reports check completed
[2025-08-15T11:13:50.943Z] [DEBUG] MongoDB connection closed
[2025-08-15T11:13:59.915Z] [INFO] Checking for scheduled reports...
[2025-08-15T11:14:00.633Z] [DEBUG] Connected to MongoDB
[2025-08-15T11:14:00.709Z] [INFO] Found 2 company databases
[2025-08-15T11:14:00.709Z] [DEBUG] Processing company database: company_ieebsmug
[2025-08-15T11:14:00.772Z] [DEBUG] Skipping company_ieebsmug: No scheduled reports collection found
[2025-08-15T11:14:00.773Z] [DEBUG] Processing company database: company_ry0iwbpw
[2025-08-15T11:14:00.836Z] [DEBUG] Finding reports to execute in company_ry0iwbpw (current time: 2025-08-15T11:14:00.836Z)
[2025-08-15T11:14:00.900Z] [INFO] Found 0 reports to execute in company_ry0iwbpw
[2025-08-15T11:14:00.901Z] [INFO] Scheduled reports check completed
[2025-08-15T11:14:00.904Z] [DEBUG] MongoDB connection closed
[2025-08-15T11:14:09.915Z] [INFO] Checking for scheduled reports...
[2025-08-15T11:14:10.674Z] [DEBUG] Connected to MongoDB
[2025-08-15T11:14:10.746Z] [INFO] Found 2 company databases
[2025-08-15T11:14:10.747Z] [DEBUG] Processing company database: company_ieebsmug
[2025-08-15T11:14:10.821Z] [DEBUG] Skipping company_ieebsmug: No scheduled reports collection found
[2025-08-15T11:14:10.821Z] [DEBUG] Processing company database: company_ry0iwbpw
[2025-08-15T11:14:10.886Z] [DEBUG] Finding reports to execute in company_ry0iwbpw (current time: 2025-08-15T11:14:10.886Z)
[2025-08-15T11:14:10.951Z] [INFO] Found 0 reports to execute in company_ry0iwbpw
[2025-08-15T11:14:10.952Z] [INFO] Scheduled reports check completed
[2025-08-15T11:14:10.954Z] [DEBUG] MongoDB connection closed
[2025-08-15T11:14:19.916Z] [INFO] Checking for scheduled reports...
[2025-08-15T11:14:20.789Z] [DEBUG] Connected to MongoDB
[2025-08-15T11:14:20.860Z] [INFO] Found 2 company databases
[2025-08-15T11:14:20.861Z] [DEBUG] Processing company database: company_ieebsmug
[2025-08-15T11:14:20.924Z] [DEBUG] Skipping company_ieebsmug: No scheduled reports collection found
[2025-08-15T11:14:20.925Z] [DEBUG] Processing company database: company_ry0iwbpw
[2025-08-15T11:14:20.992Z] [DEBUG] Finding reports to execute in company_ry0iwbpw (current time: 2025-08-15T11:14:20.992Z)
[2025-08-15T11:14:21.055Z] [INFO] Found 0 reports to execute in company_ry0iwbpw
[2025-08-15T11:14:21.056Z] [INFO] Scheduled reports check completed
[2025-08-15T11:14:21.058Z] [DEBUG] MongoDB connection closed
[2025-08-15T11:14:29.916Z] [INFO] Checking for scheduled reports...
[2025-08-15T11:14:30.643Z] [DEBUG] Connected to MongoDB
[2025-08-15T11:14:30.713Z] [INFO] Found 2 company databases
[2025-08-15T11:14:30.714Z] [DEBUG] Processing company database: company_ieebsmug
[2025-08-15T11:14:30.778Z] [DEBUG] Skipping company_ieebsmug: No scheduled reports collection found
[2025-08-15T11:14:30.779Z] [DEBUG] Processing company database: company_ry0iwbpw
[2025-08-15T11:14:30.842Z] [DEBUG] Finding reports to execute in company_ry0iwbpw (current time: 2025-08-15T11:14:30.842Z)
[2025-08-15T11:14:30.903Z] [INFO] Found 0 reports to execute in company_ry0iwbpw
[2025-08-15T11:14:30.904Z] [INFO] Scheduled reports check completed
[2025-08-15T11:14:30.905Z] [DEBUG] MongoDB connection closed
[2025-08-15T11:14:39.918Z] [INFO] Checking for scheduled reports...
[2025-08-15T11:14:40.636Z] [DEBUG] Connected to MongoDB
[2025-08-15T11:14:40.752Z] [INFO] Found 2 company databases
[2025-08-15T11:14:40.753Z] [DEBUG] Processing company database: company_ieebsmug
[2025-08-15T11:14:40.816Z] [DEBUG] Skipping company_ieebsmug: No scheduled reports collection found
[2025-08-15T11:14:40.817Z] [DEBUG] Processing company database: company_ry0iwbpw
[2025-08-15T11:14:40.880Z] [DEBUG] Finding reports to execute in company_ry0iwbpw (current time: 2025-08-15T11:14:40.880Z)
[2025-08-15T11:14:40.944Z] [INFO] Found 0 reports to execute in company_ry0iwbpw
[2025-08-15T11:14:40.944Z] [INFO] Scheduled reports check completed
[2025-08-15T11:14:40.945Z] [DEBUG] MongoDB connection closed
[2025-08-15T11:14:49.919Z] [INFO] Checking for scheduled reports...
[2025-08-15T11:14:50.903Z] [DEBUG] Connected to MongoDB
[2025-08-15T11:14:50.989Z] [INFO] Found 2 company databases
[2025-08-15T11:14:50.989Z] [DEBUG] Processing company database: company_ieebsmug
[2025-08-15T11:14:51.051Z] [DEBUG] Skipping company_ieebsmug: No scheduled reports collection found
[2025-08-15T11:14:51.051Z] [DEBUG] Processing company database: company_ry0iwbpw
[2025-08-15T11:14:51.140Z] [DEBUG] Finding reports to execute in company_ry0iwbpw (current time: 2025-08-15T11:14:51.140Z)
[2025-08-15T11:14:51.203Z] [INFO] Found 0 reports to execute in company_ry0iwbpw
[2025-08-15T11:14:51.204Z] [INFO] Scheduled reports check completed
[2025-08-15T11:14:51.205Z] [DEBUG] MongoDB connection closed
[2025-08-15T11:14:59.919Z] [INFO] Checking for scheduled reports...
[2025-08-15T11:15:00.750Z] [DEBUG] Connected to MongoDB
[2025-08-15T11:15:00.825Z] [INFO] Found 2 company databases
[2025-08-15T11:15:00.826Z] [DEBUG] Processing company database: company_ieebsmug
[2025-08-15T11:15:00.891Z] [DEBUG] Skipping company_ieebsmug: No scheduled reports collection found
[2025-08-15T11:15:00.892Z] [DEBUG] Processing company database: company_ry0iwbpw
[2025-08-15T11:15:00.959Z] [DEBUG] Finding reports to execute in company_ry0iwbpw (current time: 2025-08-15T11:15:00.959Z)
[2025-08-15T11:15:01.023Z] [INFO] Found 0 reports to execute in company_ry0iwbpw
[2025-08-15T11:15:01.024Z] [INFO] Scheduled reports check completed
[2025-08-15T11:15:01.026Z] [DEBUG] MongoDB connection closed
[2025-08-15T11:15:09.921Z] [INFO] Checking for scheduled reports...
[2025-08-15T11:15:10.640Z] [DEBUG] Connected to MongoDB
[2025-08-15T11:15:10.714Z] [INFO] Found 2 company databases
[2025-08-15T11:15:10.715Z] [DEBUG] Processing company database: company_ieebsmug
[2025-08-15T11:15:10.783Z] [DEBUG] Skipping company_ieebsmug: No scheduled reports collection found
[2025-08-15T11:15:10.784Z] [DEBUG] Processing company database: company_ry0iwbpw
[2025-08-15T11:15:10.849Z] [DEBUG] Finding reports to execute in company_ry0iwbpw (current time: 2025-08-15T11:15:10.849Z)
[2025-08-15T11:15:10.912Z] [INFO] Found 0 reports to execute in company_ry0iwbpw
[2025-08-15T11:15:10.912Z] [INFO] Scheduled reports check completed
[2025-08-15T11:15:10.915Z] [DEBUG] MongoDB connection closed
[2025-08-15T11:15:19.922Z] [INFO] Checking for scheduled reports...
[2025-08-15T11:15:20.707Z] [DEBUG] Connected to MongoDB
[2025-08-15T11:15:20.830Z] [INFO] Found 2 company databases
[2025-08-15T11:15:20.830Z] [DEBUG] Processing company database: company_ieebsmug
[2025-08-15T11:15:20.903Z] [DEBUG] Skipping company_ieebsmug: No scheduled reports collection found
[2025-08-15T11:15:20.903Z] [DEBUG] Processing company database: company_ry0iwbpw
[2025-08-15T11:15:20.986Z] [DEBUG] Finding reports to execute in company_ry0iwbpw (current time: 2025-08-15T11:15:20.986Z)
[2025-08-15T11:15:21.069Z] [INFO] Found 0 reports to execute in company_ry0iwbpw
[2025-08-15T11:15:21.069Z] [INFO] Scheduled reports check completed
[2025-08-15T11:15:21.072Z] [DEBUG] MongoDB connection closed
[2025-08-15T11:15:29.924Z] [INFO] Checking for scheduled reports...
[2025-08-15T11:15:30.742Z] [DEBUG] Connected to MongoDB
[2025-08-15T11:15:30.812Z] [INFO] Found 2 company databases
[2025-08-15T11:15:30.813Z] [DEBUG] Processing company database: company_ieebsmug
[2025-08-15T11:15:30.898Z] [DEBUG] Skipping company_ieebsmug: No scheduled reports collection found
[2025-08-15T11:15:30.899Z] [DEBUG] Processing company database: company_ry0iwbpw
[2025-08-15T11:15:30.980Z] [DEBUG] Finding reports to execute in company_ry0iwbpw (current time: 2025-08-15T11:15:30.980Z)
[2025-08-15T11:15:31.046Z] [INFO] Found 0 reports to execute in company_ry0iwbpw
[2025-08-15T11:15:31.046Z] [INFO] Scheduled reports check completed
[2025-08-15T11:15:31.049Z] [DEBUG] MongoDB connection closed
[2025-08-15T11:15:39.924Z] [INFO] Checking for scheduled reports...
[2025-08-15T11:15:40.779Z] [DEBUG] Connected to MongoDB
[2025-08-15T11:15:40.854Z] [INFO] Found 2 company databases
[2025-08-15T11:15:40.855Z] [DEBUG] Processing company database: company_ieebsmug
[2025-08-15T11:15:40.918Z] [DEBUG] Skipping company_ieebsmug: No scheduled reports collection found
[2025-08-15T11:15:40.918Z] [DEBUG] Processing company database: company_ry0iwbpw
[2025-08-15T11:15:40.981Z] [DEBUG] Finding reports to execute in company_ry0iwbpw (current time: 2025-08-15T11:15:40.981Z)
[2025-08-15T11:15:41.043Z] [INFO] Found 0 reports to execute in company_ry0iwbpw
[2025-08-15T11:15:41.043Z] [INFO] Scheduled reports check completed
[2025-08-15T11:15:41.045Z] [DEBUG] MongoDB connection closed
[2025-08-15T11:15:49.925Z] [INFO] Checking for scheduled reports...
[2025-08-15T11:15:50.688Z] [DEBUG] Connected to MongoDB
[2025-08-15T11:15:50.759Z] [INFO] Found 2 company databases
[2025-08-15T11:15:50.760Z] [DEBUG] Processing company database: company_ieebsmug
[2025-08-15T11:15:50.823Z] [DEBUG] Skipping company_ieebsmug: No scheduled reports collection found
[2025-08-15T11:15:50.824Z] [DEBUG] Processing company database: company_ry0iwbpw
[2025-08-15T11:15:50.890Z] [DEBUG] Finding reports to execute in company_ry0iwbpw (current time: 2025-08-15T11:15:50.890Z)
[2025-08-15T11:15:50.954Z] [INFO] Found 0 reports to execute in company_ry0iwbpw
[2025-08-15T11:15:50.954Z] [INFO] Scheduled reports check completed
[2025-08-15T11:15:50.956Z] [DEBUG] MongoDB connection closed
[2025-08-15T11:15:59.927Z] [INFO] Checking for scheduled reports...
[2025-08-15T11:16:00.739Z] [DEBUG] Connected to MongoDB
[2025-08-15T11:16:00.811Z] [INFO] Found 2 company databases
[2025-08-15T11:16:00.812Z] [DEBUG] Processing company database: company_ieebsmug
[2025-08-15T11:16:00.875Z] [DEBUG] Skipping company_ieebsmug: No scheduled reports collection found
[2025-08-15T11:16:00.876Z] [DEBUG] Processing company database: company_ry0iwbpw
[2025-08-15T11:16:00.946Z] [DEBUG] Finding reports to execute in company_ry0iwbpw (current time: 2025-08-15T11:16:00.946Z)
[2025-08-15T11:16:01.013Z] [INFO] Found 0 reports to execute in company_ry0iwbpw
[2025-08-15T11:16:01.016Z] [INFO] Scheduled reports check completed
[2025-08-15T11:16:01.022Z] [DEBUG] MongoDB connection closed
[2025-08-15T11:16:09.928Z] [INFO] Checking for scheduled reports...
[2025-08-15T11:16:10.695Z] [DEBUG] Connected to MongoDB
[2025-08-15T11:16:10.773Z] [INFO] Found 2 company databases
[2025-08-15T11:16:10.774Z] [DEBUG] Processing company database: company_ieebsmug
[2025-08-15T11:16:10.839Z] [DEBUG] Skipping company_ieebsmug: No scheduled reports collection found
[2025-08-15T11:16:10.839Z] [DEBUG] Processing company database: company_ry0iwbpw
[2025-08-15T11:16:10.902Z] [DEBUG] Finding reports to execute in company_ry0iwbpw (current time: 2025-08-15T11:16:10.902Z)
[2025-08-15T11:16:10.966Z] [INFO] Found 0 reports to execute in company_ry0iwbpw
[2025-08-15T11:16:10.966Z] [INFO] Scheduled reports check completed
[2025-08-15T11:16:10.968Z] [DEBUG] MongoDB connection closed
[2025-08-15T11:16:19.929Z] [INFO] Checking for scheduled reports...
[2025-08-15T11:16:20.662Z] [DEBUG] Connected to MongoDB
[2025-08-15T11:16:20.735Z] [INFO] Found 2 company databases
[2025-08-15T11:16:20.736Z] [DEBUG] Processing company database: company_ieebsmug
[2025-08-15T11:16:20.805Z] [DEBUG] Skipping company_ieebsmug: No scheduled reports collection found
[2025-08-15T11:16:20.806Z] [DEBUG] Processing company database: company_ry0iwbpw
[2025-08-15T11:16:20.870Z] [DEBUG] Finding reports to execute in company_ry0iwbpw (current time: 2025-08-15T11:16:20.870Z)
[2025-08-15T11:16:20.934Z] [INFO] Found 0 reports to execute in company_ry0iwbpw
[2025-08-15T11:16:20.934Z] [INFO] Scheduled reports check completed
[2025-08-15T11:16:20.937Z] [DEBUG] MongoDB connection closed
[2025-08-15T11:16:29.929Z] [INFO] Checking for scheduled reports...
[2025-08-15T11:16:30.668Z] [DEBUG] Connected to MongoDB
[2025-08-15T11:16:30.739Z] [INFO] Found 2 company databases
[2025-08-15T11:16:30.740Z] [DEBUG] Processing company database: company_ieebsmug
[2025-08-15T11:16:30.803Z] [DEBUG] Skipping company_ieebsmug: No scheduled reports collection found
[2025-08-15T11:16:30.804Z] [DEBUG] Processing company database: company_ry0iwbpw
[2025-08-15T11:16:30.869Z] [DEBUG] Finding reports to execute in company_ry0iwbpw (current time: 2025-08-15T11:16:30.869Z)
[2025-08-15T11:16:30.932Z] [INFO] Found 0 reports to execute in company_ry0iwbpw
[2025-08-15T11:16:30.933Z] [INFO] Scheduled reports check completed
[2025-08-15T11:16:30.935Z] [DEBUG] MongoDB connection closed
[2025-08-15T11:16:39.930Z] [INFO] Checking for scheduled reports...
[2025-08-15T11:16:40.656Z] [DEBUG] Connected to MongoDB
[2025-08-15T11:16:40.731Z] [INFO] Found 2 company databases
[2025-08-15T11:16:40.731Z] [DEBUG] Processing company database: company_ieebsmug
[2025-08-15T11:16:40.796Z] [DEBUG] Skipping company_ieebsmug: No scheduled reports collection found
[2025-08-15T11:16:40.797Z] [DEBUG] Processing company database: company_ry0iwbpw
[2025-08-15T11:16:40.873Z] [DEBUG] Finding reports to execute in company_ry0iwbpw (current time: 2025-08-15T11:16:40.873Z)
[2025-08-15T11:16:40.938Z] [INFO] Found 0 reports to execute in company_ry0iwbpw
[2025-08-15T11:16:40.938Z] [INFO] Scheduled reports check completed
[2025-08-15T11:16:40.940Z] [DEBUG] MongoDB connection closed
[2025-08-15T11:16:49.930Z] [INFO] Checking for scheduled reports...
[2025-08-15T11:16:50.661Z] [DEBUG] Connected to MongoDB
[2025-08-15T11:16:50.732Z] [INFO] Found 2 company databases
[2025-08-15T11:16:50.732Z] [DEBUG] Processing company database: company_ieebsmug
[2025-08-15T11:16:50.799Z] [DEBUG] Skipping company_ieebsmug: No scheduled reports collection found
[2025-08-15T11:16:50.799Z] [DEBUG] Processing company database: company_ry0iwbpw
[2025-08-15T11:16:50.863Z] [DEBUG] Finding reports to execute in company_ry0iwbpw (current time: 2025-08-15T11:16:50.863Z)
[2025-08-15T11:16:50.930Z] [INFO] Found 0 reports to execute in company_ry0iwbpw
[2025-08-15T11:16:50.931Z] [INFO] Scheduled reports check completed
[2025-08-15T11:16:50.933Z] [DEBUG] MongoDB connection closed
[2025-08-15T11:16:59.931Z] [INFO] Checking for scheduled reports...
[2025-08-15T11:17:00.673Z] [DEBUG] Connected to MongoDB
[2025-08-15T11:17:00.748Z] [INFO] Found 2 company databases
[2025-08-15T11:17:00.748Z] [DEBUG] Processing company database: company_ieebsmug
[2025-08-15T11:17:00.818Z] [DEBUG] Skipping company_ieebsmug: No scheduled reports collection found
[2025-08-15T11:17:00.819Z] [DEBUG] Processing company database: company_ry0iwbpw
[2025-08-15T11:17:00.884Z] [DEBUG] Finding reports to execute in company_ry0iwbpw (current time: 2025-08-15T11:17:00.884Z)
[2025-08-15T11:17:00.948Z] [INFO] Found 0 reports to execute in company_ry0iwbpw
[2025-08-15T11:17:00.950Z] [INFO] Scheduled reports check completed
[2025-08-15T11:17:00.952Z] [DEBUG] MongoDB connection closed
[2025-08-15T11:17:09.932Z] [INFO] Checking for scheduled reports...
[2025-08-15T11:17:11.447Z] [DEBUG] Connected to MongoDB
[2025-08-15T11:17:11.601Z] [INFO] Found 2 company databases
[2025-08-15T11:17:11.602Z] [DEBUG] Processing company database: company_ieebsmug
[2025-08-15T11:17:11.781Z] [DEBUG] Skipping company_ieebsmug: No scheduled reports collection found
[2025-08-15T11:17:11.781Z] [DEBUG] Processing company database: company_ry0iwbpw
[2025-08-15T11:17:11.958Z] [DEBUG] Finding reports to execute in company_ry0iwbpw (current time: 2025-08-15T11:17:11.958Z)
[2025-08-15T11:17:12.135Z] [INFO] Found 0 reports to execute in company_ry0iwbpw
[2025-08-15T11:17:12.136Z] [INFO] Scheduled reports check completed
[2025-08-15T11:17:12.137Z] [DEBUG] MongoDB connection closed
[2025-08-15T11:17:19.933Z] [INFO] Checking for scheduled reports...
[2025-08-15T11:17:20.684Z] [DEBUG] Connected to MongoDB
[2025-08-15T11:17:20.759Z] [INFO] Found 2 company databases
[2025-08-15T11:17:20.759Z] [DEBUG] Processing company database: company_ieebsmug
[2025-08-15T11:17:20.830Z] [DEBUG] Skipping company_ieebsmug: No scheduled reports collection found
[2025-08-15T11:17:20.831Z] [DEBUG] Processing company database: company_ry0iwbpw
[2025-08-15T11:17:20.895Z] [DEBUG] Finding reports to execute in company_ry0iwbpw (current time: 2025-08-15T11:17:20.895Z)
[2025-08-15T11:17:20.961Z] [INFO] Found 0 reports to execute in company_ry0iwbpw
[2025-08-15T11:17:20.962Z] [INFO] Scheduled reports check completed
[2025-08-15T11:17:20.964Z] [DEBUG] MongoDB connection closed
[2025-08-15T11:17:29.933Z] [INFO] Checking for scheduled reports...
[2025-08-15T11:17:30.664Z] [DEBUG] Connected to MongoDB
[2025-08-15T11:17:30.735Z] [INFO] Found 2 company databases
[2025-08-15T11:17:30.736Z] [DEBUG] Processing company database: company_ieebsmug
[2025-08-15T11:17:30.801Z] [DEBUG] Skipping company_ieebsmug: No scheduled reports collection found
[2025-08-15T11:17:30.801Z] [DEBUG] Processing company database: company_ry0iwbpw
[2025-08-15T11:17:30.867Z] [DEBUG] Finding reports to execute in company_ry0iwbpw (current time: 2025-08-15T11:17:30.866Z)
[2025-08-15T11:17:30.930Z] [INFO] Found 0 reports to execute in company_ry0iwbpw
[2025-08-15T11:17:30.931Z] [INFO] Scheduled reports check completed
[2025-08-15T11:17:30.934Z] [DEBUG] MongoDB connection closed
[2025-08-15T11:17:39.933Z] [INFO] Checking for scheduled reports...
[2025-08-15T11:17:40.669Z] [DEBUG] Connected to MongoDB
[2025-08-15T11:17:40.740Z] [INFO] Found 2 company databases
[2025-08-15T11:17:40.740Z] [DEBUG] Processing company database: company_ieebsmug
[2025-08-15T11:17:40.802Z] [DEBUG] Skipping company_ieebsmug: No scheduled reports collection found
[2025-08-15T11:17:40.803Z] [DEBUG] Processing company database: company_ry0iwbpw
[2025-08-15T11:17:40.867Z] [DEBUG] Finding reports to execute in company_ry0iwbpw (current time: 2025-08-15T11:17:40.867Z)
[2025-08-15T11:17:40.932Z] [INFO] Found 0 reports to execute in company_ry0iwbpw
[2025-08-15T11:17:40.932Z] [INFO] Scheduled reports check completed
[2025-08-15T11:17:40.935Z] [DEBUG] MongoDB connection closed
[2025-08-15T11:17:49.934Z] [INFO] Checking for scheduled reports...
[2025-08-15T11:17:50.670Z] [DEBUG] Connected to MongoDB
[2025-08-15T11:17:50.740Z] [INFO] Found 2 company databases
[2025-08-15T11:17:50.741Z] [DEBUG] Processing company database: company_ieebsmug
[2025-08-15T11:17:50.810Z] [DEBUG] Skipping company_ieebsmug: No scheduled reports collection found
[2025-08-15T11:17:50.812Z] [DEBUG] Processing company database: company_ry0iwbpw
[2025-08-15T11:17:50.874Z] [DEBUG] Finding reports to execute in company_ry0iwbpw (current time: 2025-08-15T11:17:50.874Z)
[2025-08-15T11:17:50.936Z] [INFO] Found 0 reports to execute in company_ry0iwbpw
[2025-08-15T11:17:50.937Z] [INFO] Scheduled reports check completed
[2025-08-15T11:17:50.938Z] [DEBUG] MongoDB connection closed
[2025-08-15T11:17:59.935Z] [INFO] Checking for scheduled reports...
[2025-08-15T11:18:00.712Z] [DEBUG] Connected to MongoDB
[2025-08-15T11:18:00.782Z] [INFO] Found 2 company databases
[2025-08-15T11:18:00.787Z] [DEBUG] Processing company database: company_ieebsmug
[2025-08-15T11:18:00.849Z] [DEBUG] Skipping company_ieebsmug: No scheduled reports collection found
[2025-08-15T11:18:00.849Z] [DEBUG] Processing company database: company_ry0iwbpw
[2025-08-15T11:18:00.912Z] [DEBUG] Finding reports to execute in company_ry0iwbpw (current time: 2025-08-15T11:18:00.912Z)
[2025-08-15T11:18:00.974Z] [INFO] Found 0 reports to execute in company_ry0iwbpw
[2025-08-15T11:18:00.974Z] [INFO] Scheduled reports check completed
[2025-08-15T11:18:00.974Z] [DEBUG] MongoDB connection closed
[2025-08-15T11:18:09.936Z] [INFO] Checking for scheduled reports...
[2025-08-15T11:18:10.656Z] [DEBUG] Connected to MongoDB
[2025-08-15T11:18:10.739Z] [INFO] Found 2 company databases
[2025-08-15T11:18:10.740Z] [DEBUG] Processing company database: company_ieebsmug
[2025-08-15T11:18:10.804Z] [DEBUG] Skipping company_ieebsmug: No scheduled reports collection found
[2025-08-15T11:18:10.804Z] [DEBUG] Processing company database: company_ry0iwbpw
[2025-08-15T11:18:10.869Z] [DEBUG] Finding reports to execute in company_ry0iwbpw (current time: 2025-08-15T11:18:10.869Z)
[2025-08-15T11:18:10.933Z] [INFO] Found 0 reports to execute in company_ry0iwbpw
[2025-08-15T11:18:10.933Z] [INFO] Scheduled reports check completed
[2025-08-15T11:18:10.935Z] [DEBUG] MongoDB connection closed
[2025-08-15T11:18:19.937Z] [INFO] Checking for scheduled reports...
[2025-08-15T11:18:21.021Z] [DEBUG] Connected to MongoDB
[2025-08-15T11:18:21.093Z] [INFO] Found 2 company databases
[2025-08-15T11:18:21.093Z] [DEBUG] Processing company database: company_ieebsmug
[2025-08-15T11:18:21.155Z] [DEBUG] Skipping company_ieebsmug: No scheduled reports collection found
[2025-08-15T11:18:21.155Z] [DEBUG] Processing company database: company_ry0iwbpw
[2025-08-15T11:18:21.220Z] [DEBUG] Finding reports to execute in company_ry0iwbpw (current time: 2025-08-15T11:18:21.220Z)
[2025-08-15T11:18:21.283Z] [INFO] Found 0 reports to execute in company_ry0iwbpw
[2025-08-15T11:18:21.283Z] [INFO] Scheduled reports check completed
[2025-08-15T11:18:21.285Z] [DEBUG] MongoDB connection closed
[2025-08-15T11:18:29.938Z] [INFO] Checking for scheduled reports...
[2025-08-15T11:18:30.676Z] [DEBUG] Connected to MongoDB
[2025-08-15T11:18:30.760Z] [INFO] Found 2 company databases
[2025-08-15T11:18:30.760Z] [DEBUG] Processing company database: company_ieebsmug
[2025-08-15T11:18:30.822Z] [DEBUG] Skipping company_ieebsmug: No scheduled reports collection found
[2025-08-15T11:18:30.822Z] [DEBUG] Processing company database: company_ry0iwbpw
[2025-08-15T11:18:30.883Z] [DEBUG] Finding reports to execute in company_ry0iwbpw (current time: 2025-08-15T11:18:30.883Z)
[2025-08-15T11:18:30.945Z] [INFO] Found 0 reports to execute in company_ry0iwbpw
[2025-08-15T11:18:30.946Z] [INFO] Scheduled reports check completed
[2025-08-15T11:18:30.947Z] [DEBUG] MongoDB connection closed
[2025-08-15T11:18:39.938Z] [INFO] Checking for scheduled reports...
[2025-08-15T11:18:40.660Z] [DEBUG] Connected to MongoDB
[2025-08-15T11:18:40.731Z] [INFO] Found 2 company databases
[2025-08-15T11:18:40.731Z] [DEBUG] Processing company database: company_ieebsmug
[2025-08-15T11:18:40.795Z] [DEBUG] Skipping company_ieebsmug: No scheduled reports collection found
[2025-08-15T11:18:40.795Z] [DEBUG] Processing company database: company_ry0iwbpw
[2025-08-15T11:18:40.858Z] [DEBUG] Finding reports to execute in company_ry0iwbpw (current time: 2025-08-15T11:18:40.858Z)
[2025-08-15T11:18:40.920Z] [INFO] Found 0 reports to execute in company_ry0iwbpw
[2025-08-15T11:18:40.921Z] [INFO] Scheduled reports check completed
[2025-08-15T11:18:40.922Z] [DEBUG] MongoDB connection closed
[2025-08-15T11:18:49.940Z] [INFO] Checking for scheduled reports...
[2025-08-15T11:18:50.679Z] [DEBUG] Connected to MongoDB
[2025-08-15T11:18:50.750Z] [INFO] Found 2 company databases
[2025-08-15T11:18:50.750Z] [DEBUG] Processing company database: company_ieebsmug
[2025-08-15T11:18:50.813Z] [DEBUG] Skipping company_ieebsmug: No scheduled reports collection found
[2025-08-15T11:18:50.814Z] [DEBUG] Processing company database: company_ry0iwbpw
[2025-08-15T11:18:50.877Z] [DEBUG] Finding reports to execute in company_ry0iwbpw (current time: 2025-08-15T11:18:50.877Z)
[2025-08-15T11:18:50.944Z] [INFO] Found 0 reports to execute in company_ry0iwbpw
[2025-08-15T11:18:50.944Z] [INFO] Scheduled reports check completed
[2025-08-15T11:18:50.945Z] [DEBUG] MongoDB connection closed
[2025-08-15T11:18:59.941Z] [INFO] Checking for scheduled reports...
[2025-08-15T11:19:00.852Z] [DEBUG] Connected to MongoDB
[2025-08-15T11:19:00.925Z] [INFO] Found 2 company databases
[2025-08-15T11:19:00.926Z] [DEBUG] Processing company database: company_ieebsmug
[2025-08-15T11:19:00.990Z] [DEBUG] Skipping company_ieebsmug: No scheduled reports collection found
[2025-08-15T11:19:00.990Z] [DEBUG] Processing company database: company_ry0iwbpw
[2025-08-15T11:19:01.053Z] [DEBUG] Finding reports to execute in company_ry0iwbpw (current time: 2025-08-15T11:19:01.053Z)
[2025-08-15T11:19:01.116Z] [INFO] Found 0 reports to execute in company_ry0iwbpw
[2025-08-15T11:19:01.116Z] [INFO] Scheduled reports check completed
[2025-08-15T11:19:01.118Z] [DEBUG] MongoDB connection closed
[2025-08-15T11:19:09.943Z] [INFO] Checking for scheduled reports...
[2025-08-15T11:19:10.667Z] [DEBUG] Connected to MongoDB
[2025-08-15T11:19:10.737Z] [INFO] Found 2 company databases
[2025-08-15T11:19:10.738Z] [DEBUG] Processing company database: company_ieebsmug
[2025-08-15T11:19:10.800Z] [DEBUG] Skipping company_ieebsmug: No scheduled reports collection found
[2025-08-15T11:19:10.800Z] [DEBUG] Processing company database: company_ry0iwbpw
[2025-08-15T11:19:10.862Z] [DEBUG] Finding reports to execute in company_ry0iwbpw (current time: 2025-08-15T11:19:10.862Z)
[2025-08-15T11:19:10.930Z] [INFO] Found 0 reports to execute in company_ry0iwbpw
[2025-08-15T11:19:10.930Z] [INFO] Scheduled reports check completed
[2025-08-15T11:19:10.930Z] [DEBUG] MongoDB connection closed
[2025-08-15T11:19:19.943Z] [INFO] Checking for scheduled reports...
[2025-08-15T11:19:20.659Z] [DEBUG] Connected to MongoDB
[2025-08-15T11:19:20.730Z] [INFO] Found 2 company databases
[2025-08-15T11:19:20.731Z] [DEBUG] Processing company database: company_ieebsmug
[2025-08-15T11:19:20.795Z] [DEBUG] Skipping company_ieebsmug: No scheduled reports collection found
[2025-08-15T11:19:20.795Z] [DEBUG] Processing company database: company_ry0iwbpw
[2025-08-15T11:19:20.860Z] [DEBUG] Finding reports to execute in company_ry0iwbpw (current time: 2025-08-15T11:19:20.860Z)
[2025-08-15T11:19:20.923Z] [INFO] Found 0 reports to execute in company_ry0iwbpw
[2025-08-15T11:19:20.924Z] [INFO] Scheduled reports check completed
[2025-08-15T11:19:20.926Z] [DEBUG] MongoDB connection closed
[2025-08-15T11:19:29.945Z] [INFO] Checking for scheduled reports...
[2025-08-15T11:19:30.699Z] [DEBUG] Connected to MongoDB
[2025-08-15T11:19:30.771Z] [INFO] Found 2 company databases
[2025-08-15T11:19:30.772Z] [DEBUG] Processing company database: company_ieebsmug
[2025-08-15T11:19:30.838Z] [DEBUG] Skipping company_ieebsmug: No scheduled reports collection found
[2025-08-15T11:19:30.838Z] [DEBUG] Processing company database: company_ry0iwbpw
[2025-08-15T11:19:30.904Z] [DEBUG] Finding reports to execute in company_ry0iwbpw (current time: 2025-08-15T11:19:30.904Z)
[2025-08-15T11:19:30.971Z] [INFO] Found 0 reports to execute in company_ry0iwbpw
[2025-08-15T11:19:30.971Z] [INFO] Scheduled reports check completed
[2025-08-15T11:19:30.974Z] [DEBUG] MongoDB connection closed
[2025-08-15T11:19:39.946Z] [INFO] Checking for scheduled reports...
[2025-08-15T11:19:40.898Z] [DEBUG] Connected to MongoDB
[2025-08-15T11:19:40.969Z] [INFO] Found 2 company databases
[2025-08-15T11:19:40.970Z] [DEBUG] Processing company database: company_ieebsmug
[2025-08-15T11:19:41.034Z] [DEBUG] Skipping company_ieebsmug: No scheduled reports collection found
[2025-08-15T11:19:41.035Z] [DEBUG] Processing company database: company_ry0iwbpw
[2025-08-15T11:19:41.105Z] [DEBUG] Finding reports to execute in company_ry0iwbpw (current time: 2025-08-15T11:19:41.105Z)
[2025-08-15T11:19:41.168Z] [INFO] Found 0 reports to execute in company_ry0iwbpw
[2025-08-15T11:19:41.169Z] [INFO] Scheduled reports check completed
[2025-08-15T11:19:41.171Z] [DEBUG] MongoDB connection closed
[2025-08-15T11:19:49.946Z] [INFO] Checking for scheduled reports...
[2025-08-15T11:19:50.689Z] [DEBUG] Connected to MongoDB
[2025-08-15T11:19:50.760Z] [INFO] Found 2 company databases
[2025-08-15T11:19:50.761Z] [DEBUG] Processing company database: company_ieebsmug
[2025-08-15T11:19:50.827Z] [DEBUG] Skipping company_ieebsmug: No scheduled reports collection found
[2025-08-15T11:19:50.828Z] [DEBUG] Processing company database: company_ry0iwbpw
[2025-08-15T11:19:50.901Z] [DEBUG] Finding reports to execute in company_ry0iwbpw (current time: 2025-08-15T11:19:50.901Z)
[2025-08-15T11:19:50.964Z] [INFO] Found 0 reports to execute in company_ry0iwbpw
[2025-08-15T11:19:50.965Z] [INFO] Scheduled reports check completed
[2025-08-15T11:19:50.967Z] [DEBUG] MongoDB connection closed
[2025-08-15T11:19:59.947Z] [INFO] Checking for scheduled reports...
[2025-08-15T11:20:00.760Z] [DEBUG] Connected to MongoDB
[2025-08-15T11:20:00.841Z] [INFO] Found 2 company databases
[2025-08-15T11:20:00.841Z] [DEBUG] Processing company database: company_ieebsmug
[2025-08-15T11:20:00.904Z] [DEBUG] Skipping company_ieebsmug: No scheduled reports collection found
[2025-08-15T11:20:00.905Z] [DEBUG] Processing company database: company_ry0iwbpw
[2025-08-15T11:20:00.978Z] [DEBUG] Finding reports to execute in company_ry0iwbpw (current time: 2025-08-15T11:20:00.978Z)
[2025-08-15T11:20:01.050Z] [INFO] Found 0 reports to execute in company_ry0iwbpw
[2025-08-15T11:20:01.050Z] [INFO] Scheduled reports check completed
[2025-08-15T11:20:01.051Z] [DEBUG] MongoDB connection closed
[2025-08-15T11:20:09.947Z] [INFO] Checking for scheduled reports...
[2025-08-15T11:20:10.671Z] [DEBUG] Connected to MongoDB
[2025-08-15T11:20:10.752Z] [INFO] Found 2 company databases
[2025-08-15T11:20:10.752Z] [DEBUG] Processing company database: company_ieebsmug
[2025-08-15T11:20:10.816Z] [DEBUG] Skipping company_ieebsmug: No scheduled reports collection found
[2025-08-15T11:20:10.817Z] [DEBUG] Processing company database: company_ry0iwbpw
[2025-08-15T11:20:10.887Z] [DEBUG] Finding reports to execute in company_ry0iwbpw (current time: 2025-08-15T11:20:10.887Z)
[2025-08-15T11:20:10.953Z] [INFO] Found 0 reports to execute in company_ry0iwbpw
[2025-08-15T11:20:10.954Z] [INFO] Scheduled reports check completed
[2025-08-15T11:20:10.956Z] [DEBUG] MongoDB connection closed
[2025-08-15T11:20:19.948Z] [INFO] Checking for scheduled reports...
[2025-08-15T11:20:20.679Z] [DEBUG] Connected to MongoDB
[2025-08-15T11:20:20.758Z] [INFO] Found 2 company databases
[2025-08-15T11:20:20.758Z] [DEBUG] Processing company database: company_ieebsmug
[2025-08-15T11:20:20.821Z] [DEBUG] Skipping company_ieebsmug: No scheduled reports collection found
[2025-08-15T11:20:20.821Z] [DEBUG] Processing company database: company_ry0iwbpw
[2025-08-15T11:20:20.893Z] [DEBUG] Finding reports to execute in company_ry0iwbpw (current time: 2025-08-15T11:20:20.893Z)
[2025-08-15T11:20:20.955Z] [INFO] Found 0 reports to execute in company_ry0iwbpw
[2025-08-15T11:20:20.956Z] [INFO] Scheduled reports check completed
[2025-08-15T11:20:20.958Z] [DEBUG] MongoDB connection closed
[2025-08-15T11:20:29.948Z] [INFO] Checking for scheduled reports...
[2025-08-15T11:20:30.686Z] [DEBUG] Connected to MongoDB
[2025-08-15T11:20:30.761Z] [INFO] Found 2 company databases
[2025-08-15T11:20:30.761Z] [DEBUG] Processing company database: company_ieebsmug
[2025-08-15T11:20:30.826Z] [DEBUG] Skipping company_ieebsmug: No scheduled reports collection found
[2025-08-15T11:20:30.827Z] [DEBUG] Processing company database: company_ry0iwbpw
[2025-08-15T11:20:30.893Z] [DEBUG] Finding reports to execute in company_ry0iwbpw (current time: 2025-08-15T11:20:30.893Z)
[2025-08-15T11:20:30.956Z] [INFO] Found 0 reports to execute in company_ry0iwbpw
[2025-08-15T11:20:30.957Z] [INFO] Scheduled reports check completed
[2025-08-15T11:20:30.959Z] [DEBUG] MongoDB connection closed
[2025-08-15T11:20:39.950Z] [INFO] Checking for scheduled reports...
[2025-08-15T11:20:40.700Z] [DEBUG] Connected to MongoDB
[2025-08-15T11:20:40.772Z] [INFO] Found 2 company databases
[2025-08-15T11:20:40.773Z] [DEBUG] Processing company database: company_ieebsmug
[2025-08-15T11:20:40.842Z] [DEBUG] Skipping company_ieebsmug: No scheduled reports collection found
[2025-08-15T11:20:40.842Z] [DEBUG] Processing company database: company_ry0iwbpw
[2025-08-15T11:20:40.907Z] [DEBUG] Finding reports to execute in company_ry0iwbpw (current time: 2025-08-15T11:20:40.907Z)
[2025-08-15T11:20:40.973Z] [INFO] Found 0 reports to execute in company_ry0iwbpw
[2025-08-15T11:20:40.974Z] [INFO] Scheduled reports check completed
[2025-08-15T11:20:40.976Z] [DEBUG] MongoDB connection closed
[2025-08-15T11:20:49.951Z] [INFO] Checking for scheduled reports...
[2025-08-15T11:20:50.692Z] [DEBUG] Connected to MongoDB
[2025-08-15T11:20:50.764Z] [INFO] Found 2 company databases
[2025-08-15T11:20:50.764Z] [DEBUG] Processing company database: company_ieebsmug
[2025-08-15T11:20:50.828Z] [DEBUG] Skipping company_ieebsmug: No scheduled reports collection found
[2025-08-15T11:20:50.829Z] [DEBUG] Processing company database: company_ry0iwbpw
[2025-08-15T11:20:50.908Z] [DEBUG] Finding reports to execute in company_ry0iwbpw (current time: 2025-08-15T11:20:50.908Z)
[2025-08-15T11:20:50.971Z] [INFO] Found 0 reports to execute in company_ry0iwbpw
[2025-08-15T11:20:50.972Z] [INFO] Scheduled reports check completed
[2025-08-15T11:20:50.974Z] [DEBUG] MongoDB connection closed
[2025-08-15T11:20:59.953Z] [INFO] Checking for scheduled reports...
[2025-08-15T11:21:00.916Z] [DEBUG] Connected to MongoDB
[2025-08-15T11:21:00.996Z] [INFO] Found 2 company databases
[2025-08-15T11:21:00.996Z] [DEBUG] Processing company database: company_ieebsmug
[2025-08-15T11:21:01.059Z] [DEBUG] Skipping company_ieebsmug: No scheduled reports collection found
[2025-08-15T11:21:01.059Z] [DEBUG] Processing company database: company_ry0iwbpw
[2025-08-15T11:21:01.122Z] [DEBUG] Finding reports to execute in company_ry0iwbpw (current time: 2025-08-15T11:21:01.122Z)
[2025-08-15T11:21:01.184Z] [INFO] Found 0 reports to execute in company_ry0iwbpw
[2025-08-15T11:21:01.184Z] [INFO] Scheduled reports check completed
[2025-08-15T11:21:01.187Z] [DEBUG] MongoDB connection closed
[2025-08-15T11:21:09.953Z] [INFO] Checking for scheduled reports...
[2025-08-15T11:21:10.677Z] [DEBUG] Connected to MongoDB
[2025-08-15T11:21:10.749Z] [INFO] Found 2 company databases
[2025-08-15T11:21:10.749Z] [DEBUG] Processing company database: company_ieebsmug
[2025-08-15T11:21:10.813Z] [DEBUG] Skipping company_ieebsmug: No scheduled reports collection found
[2025-08-15T11:21:10.813Z] [DEBUG] Processing company database: company_ry0iwbpw
[2025-08-15T11:21:10.878Z] [DEBUG] Finding reports to execute in company_ry0iwbpw (current time: 2025-08-15T11:21:10.878Z)
[2025-08-15T11:21:10.944Z] [INFO] Found 0 reports to execute in company_ry0iwbpw
[2025-08-15T11:21:10.945Z] [INFO] Scheduled reports check completed
[2025-08-15T11:21:10.950Z] [DEBUG] MongoDB connection closed
[2025-08-15T11:21:19.955Z] [INFO] Checking for scheduled reports...
[2025-08-15T11:21:20.678Z] [DEBUG] Connected to MongoDB
[2025-08-15T11:21:20.750Z] [INFO] Found 2 company databases
[2025-08-15T11:21:20.751Z] [DEBUG] Processing company database: company_ieebsmug
[2025-08-15T11:21:20.814Z] [DEBUG] Skipping company_ieebsmug: No scheduled reports collection found
[2025-08-15T11:21:20.815Z] [DEBUG] Processing company database: company_ry0iwbpw
[2025-08-15T11:21:20.877Z] [DEBUG] Finding reports to execute in company_ry0iwbpw (current time: 2025-08-15T11:21:20.877Z)
[2025-08-15T11:21:20.939Z] [INFO] Found 0 reports to execute in company_ry0iwbpw
[2025-08-15T11:21:20.940Z] [INFO] Scheduled reports check completed
[2025-08-15T11:21:20.942Z] [DEBUG] MongoDB connection closed
[2025-08-15T11:21:29.955Z] [INFO] Checking for scheduled reports...
[2025-08-15T11:21:30.695Z] [DEBUG] Connected to MongoDB
[2025-08-15T11:21:30.772Z] [INFO] Found 2 company databases
[2025-08-15T11:21:30.773Z] [DEBUG] Processing company database: company_ieebsmug
[2025-08-15T11:21:30.836Z] [DEBUG] Skipping company_ieebsmug: No scheduled reports collection found
[2025-08-15T11:21:30.837Z] [DEBUG] Processing company database: company_ry0iwbpw
[2025-08-15T11:21:30.906Z] [DEBUG] Finding reports to execute in company_ry0iwbpw (current time: 2025-08-15T11:21:30.906Z)
[2025-08-15T11:21:30.970Z] [INFO] Found 0 reports to execute in company_ry0iwbpw
[2025-08-15T11:21:30.970Z] [INFO] Scheduled reports check completed
[2025-08-15T11:21:30.971Z] [DEBUG] MongoDB connection closed
[2025-08-15T11:21:39.956Z] [INFO] Checking for scheduled reports...
[2025-08-15T11:21:40.671Z] [DEBUG] Connected to MongoDB
[2025-08-15T11:21:40.741Z] [INFO] Found 2 company databases
[2025-08-15T11:21:40.741Z] [DEBUG] Processing company database: company_ieebsmug
[2025-08-15T11:21:40.810Z] [DEBUG] Skipping company_ieebsmug: No scheduled reports collection found
[2025-08-15T11:21:40.811Z] [DEBUG] Processing company database: company_ry0iwbpw
[2025-08-15T11:21:40.873Z] [DEBUG] Finding reports to execute in company_ry0iwbpw (current time: 2025-08-15T11:21:40.873Z)
[2025-08-15T11:21:40.935Z] [INFO] Found 0 reports to execute in company_ry0iwbpw
[2025-08-15T11:21:40.936Z] [INFO] Scheduled reports check completed
[2025-08-15T11:21:40.937Z] [DEBUG] MongoDB connection closed
[2025-08-15T11:21:49.957Z] [INFO] Checking for scheduled reports...
[2025-08-15T11:21:50.699Z] [DEBUG] Connected to MongoDB
[2025-08-15T11:21:50.772Z] [INFO] Found 2 company databases
[2025-08-15T11:21:50.773Z] [DEBUG] Processing company database: company_ieebsmug
[2025-08-15T11:21:50.836Z] [DEBUG] Skipping company_ieebsmug: No scheduled reports collection found
[2025-08-15T11:21:50.837Z] [DEBUG] Processing company database: company_ry0iwbpw
[2025-08-15T11:21:50.909Z] [DEBUG] Finding reports to execute in company_ry0iwbpw (current time: 2025-08-15T11:21:50.909Z)
[2025-08-15T11:21:50.972Z] [INFO] Found 0 reports to execute in company_ry0iwbpw
[2025-08-15T11:21:50.973Z] [INFO] Scheduled reports check completed
[2025-08-15T11:21:50.975Z] [DEBUG] MongoDB connection closed
[2025-08-15T11:21:59.958Z] [INFO] Checking for scheduled reports...
[2025-08-15T11:22:00.842Z] [DEBUG] Connected to MongoDB
[2025-08-15T11:22:00.914Z] [INFO] Found 2 company databases
[2025-08-15T11:22:00.915Z] [DEBUG] Processing company database: company_ieebsmug
[2025-08-15T11:22:00.978Z] [DEBUG] Skipping company_ieebsmug: No scheduled reports collection found
[2025-08-15T11:22:00.979Z] [DEBUG] Processing company database: company_ry0iwbpw
[2025-08-15T11:22:01.043Z] [DEBUG] Finding reports to execute in company_ry0iwbpw (current time: 2025-08-15T11:22:01.043Z)
[2025-08-15T11:22:01.105Z] [INFO] Found 0 reports to execute in company_ry0iwbpw
[2025-08-15T11:22:01.105Z] [INFO] Scheduled reports check completed
[2025-08-15T11:22:01.107Z] [DEBUG] MongoDB connection closed
[2025-08-15T11:22:09.959Z] [INFO] Checking for scheduled reports...
[2025-08-15T11:22:10.733Z] [DEBUG] Connected to MongoDB
[2025-08-15T11:22:10.804Z] [INFO] Found 2 company databases
[2025-08-15T11:22:10.805Z] [DEBUG] Processing company database: company_ieebsmug
[2025-08-15T11:22:10.868Z] [DEBUG] Skipping company_ieebsmug: No scheduled reports collection found
[2025-08-15T11:22:10.869Z] [DEBUG] Processing company database: company_ry0iwbpw
[2025-08-15T11:22:10.933Z] [DEBUG] Finding reports to execute in company_ry0iwbpw (current time: 2025-08-15T11:22:10.933Z)
[2025-08-15T11:22:10.997Z] [INFO] Found 0 reports to execute in company_ry0iwbpw
[2025-08-15T11:22:10.998Z] [INFO] Scheduled reports check completed
[2025-08-15T11:22:11.002Z] [DEBUG] MongoDB connection closed
[2025-08-15T11:22:19.960Z] [INFO] Checking for scheduled reports...
[2025-08-15T11:22:20.784Z] [DEBUG] Connected to MongoDB
[2025-08-15T11:22:20.856Z] [INFO] Found 2 company databases
[2025-08-15T11:22:20.856Z] [DEBUG] Processing company database: company_ieebsmug
[2025-08-15T11:22:20.925Z] [DEBUG] Skipping company_ieebsmug: No scheduled reports collection found
[2025-08-15T11:22:20.926Z] [DEBUG] Processing company database: company_ry0iwbpw
[2025-08-15T11:22:20.991Z] [DEBUG] Finding reports to execute in company_ry0iwbpw (current time: 2025-08-15T11:22:20.991Z)
[2025-08-15T11:22:21.054Z] [INFO] Found 0 reports to execute in company_ry0iwbpw
[2025-08-15T11:22:21.054Z] [INFO] Scheduled reports check completed
[2025-08-15T11:22:21.056Z] [DEBUG] MongoDB connection closed
[2025-08-15T11:22:29.961Z] [INFO] Checking for scheduled reports...
[2025-08-15T11:22:30.698Z] [DEBUG] Connected to MongoDB
[2025-08-15T11:22:30.769Z] [INFO] Found 2 company databases
[2025-08-15T11:22:30.769Z] [DEBUG] Processing company database: company_ieebsmug
[2025-08-15T11:22:30.832Z] [DEBUG] Skipping company_ieebsmug: No scheduled reports collection found
[2025-08-15T11:22:30.833Z] [DEBUG] Processing company database: company_ry0iwbpw
[2025-08-15T11:22:30.896Z] [DEBUG] Finding reports to execute in company_ry0iwbpw (current time: 2025-08-15T11:22:30.896Z)
[2025-08-15T11:22:30.958Z] [INFO] Found 0 reports to execute in company_ry0iwbpw
[2025-08-15T11:22:30.958Z] [INFO] Scheduled reports check completed
[2025-08-15T11:22:30.960Z] [DEBUG] MongoDB connection closed
[2025-08-15T11:22:39.962Z] [INFO] Checking for scheduled reports...
[2025-08-15T11:22:40.699Z] [DEBUG] Connected to MongoDB
[2025-08-15T11:22:40.772Z] [INFO] Found 2 company databases
[2025-08-15T11:22:40.773Z] [DEBUG] Processing company database: company_ieebsmug
[2025-08-15T11:22:40.836Z] [DEBUG] Skipping company_ieebsmug: No scheduled reports collection found
[2025-08-15T11:22:40.836Z] [DEBUG] Processing company database: company_ry0iwbpw
[2025-08-15T11:22:40.901Z] [DEBUG] Finding reports to execute in company_ry0iwbpw (current time: 2025-08-15T11:22:40.901Z)
[2025-08-15T11:22:40.964Z] [INFO] Found 0 reports to execute in company_ry0iwbpw
[2025-08-15T11:22:40.965Z] [INFO] Scheduled reports check completed
[2025-08-15T11:22:40.967Z] [DEBUG] MongoDB connection closed
[2025-08-15T11:22:49.963Z] [INFO] Checking for scheduled reports...
[2025-08-15T11:22:50.688Z] [DEBUG] Connected to MongoDB
[2025-08-15T11:22:50.759Z] [INFO] Found 2 company databases
[2025-08-15T11:22:50.760Z] [DEBUG] Processing company database: company_ieebsmug
[2025-08-15T11:22:50.826Z] [DEBUG] Skipping company_ieebsmug: No scheduled reports collection found
[2025-08-15T11:22:50.827Z] [DEBUG] Processing company database: company_ry0iwbpw
[2025-08-15T11:22:50.890Z] [DEBUG] Finding reports to execute in company_ry0iwbpw (current time: 2025-08-15T11:22:50.890Z)
[2025-08-15T11:22:50.954Z] [INFO] Found 0 reports to execute in company_ry0iwbpw
[2025-08-15T11:22:50.954Z] [INFO] Scheduled reports check completed
[2025-08-15T11:22:50.956Z] [DEBUG] MongoDB connection closed
[2025-08-15T11:22:59.963Z] [INFO] Checking for scheduled reports...
[2025-08-15T11:23:00.726Z] [DEBUG] Connected to MongoDB
[2025-08-15T11:23:00.797Z] [INFO] Found 2 company databases
[2025-08-15T11:23:00.797Z] [DEBUG] Processing company database: company_ieebsmug
[2025-08-15T11:23:00.859Z] [DEBUG] Skipping company_ieebsmug: No scheduled reports collection found
[2025-08-15T11:23:00.860Z] [DEBUG] Processing company database: company_ry0iwbpw
[2025-08-15T11:23:00.932Z] [DEBUG] Finding reports to execute in company_ry0iwbpw (current time: 2025-08-15T11:23:00.932Z)
[2025-08-15T11:23:01.011Z] [INFO] Found 0 reports to execute in company_ry0iwbpw
[2025-08-15T11:23:01.012Z] [INFO] Scheduled reports check completed
[2025-08-15T11:23:01.014Z] [DEBUG] MongoDB connection closed
[2025-08-15T11:23:09.965Z] [INFO] Checking for scheduled reports...
[2025-08-15T11:23:10.768Z] [DEBUG] Connected to MongoDB
[2025-08-15T11:23:10.839Z] [INFO] Found 2 company databases
[2025-08-15T11:23:10.839Z] [DEBUG] Processing company database: company_ieebsmug
[2025-08-15T11:23:10.903Z] [DEBUG] Skipping company_ieebsmug: No scheduled reports collection found
[2025-08-15T11:23:10.904Z] [DEBUG] Processing company database: company_ry0iwbpw
[2025-08-15T11:23:10.967Z] [DEBUG] Finding reports to execute in company_ry0iwbpw (current time: 2025-08-15T11:23:10.967Z)
[2025-08-15T11:23:11.032Z] [INFO] Found 0 reports to execute in company_ry0iwbpw
[2025-08-15T11:23:11.032Z] [INFO] Scheduled reports check completed
[2025-08-15T11:23:11.035Z] [DEBUG] MongoDB connection closed
[2025-08-15T11:23:19.966Z] [INFO] Checking for scheduled reports...
[2025-08-15T11:23:20.691Z] [DEBUG] Connected to MongoDB
[2025-08-15T11:23:20.762Z] [INFO] Found 2 company databases
[2025-08-15T11:23:20.762Z] [DEBUG] Processing company database: company_ieebsmug
[2025-08-15T11:23:20.826Z] [DEBUG] Skipping company_ieebsmug: No scheduled reports collection found
[2025-08-15T11:23:20.826Z] [DEBUG] Processing company database: company_ry0iwbpw
[2025-08-15T11:23:20.900Z] [DEBUG] Finding reports to execute in company_ry0iwbpw (current time: 2025-08-15T11:23:20.900Z)
[2025-08-15T11:23:20.965Z] [INFO] Found 0 reports to execute in company_ry0iwbpw
[2025-08-15T11:23:20.965Z] [INFO] Scheduled reports check completed
[2025-08-15T11:23:20.967Z] [DEBUG] MongoDB connection closed
[2025-08-15T11:23:29.968Z] [INFO] Checking for scheduled reports...
[2025-08-15T11:23:30.728Z] [DEBUG] Connected to MongoDB
[2025-08-15T11:23:30.801Z] [INFO] Found 2 company databases
[2025-08-15T11:23:30.801Z] [DEBUG] Processing company database: company_ieebsmug
[2025-08-15T11:23:30.864Z] [DEBUG] Skipping company_ieebsmug: No scheduled reports collection found
[2025-08-15T11:23:30.865Z] [DEBUG] Processing company database: company_ry0iwbpw
[2025-08-15T11:23:30.938Z] [DEBUG] Finding reports to execute in company_ry0iwbpw (current time: 2025-08-15T11:23:30.938Z)
[2025-08-15T11:23:31.005Z] [INFO] Found 0 reports to execute in company_ry0iwbpw
[2025-08-15T11:23:31.005Z] [INFO] Scheduled reports check completed
[2025-08-15T11:23:31.008Z] [DEBUG] MongoDB connection closed
[2025-08-15T11:23:39.967Z] [INFO] Checking for scheduled reports...
[2025-08-15T11:23:40.698Z] [DEBUG] Connected to MongoDB
[2025-08-15T11:23:40.770Z] [INFO] Found 2 company databases
[2025-08-15T11:23:40.770Z] [DEBUG] Processing company database: company_ieebsmug
[2025-08-15T11:23:40.830Z] [DEBUG] Skipping company_ieebsmug: No scheduled reports collection found
[2025-08-15T11:23:40.831Z] [DEBUG] Processing company database: company_ry0iwbpw
[2025-08-15T11:23:40.893Z] [DEBUG] Finding reports to execute in company_ry0iwbpw (current time: 2025-08-15T11:23:40.893Z)
[2025-08-15T11:23:40.963Z] [INFO] Found 0 reports to execute in company_ry0iwbpw
[2025-08-15T11:23:40.964Z] [INFO] Scheduled reports check completed
[2025-08-15T11:23:40.966Z] [DEBUG] MongoDB connection closed
[2025-08-15T11:23:49.968Z] [INFO] Checking for scheduled reports...
[2025-08-15T11:23:50.708Z] [DEBUG] Connected to MongoDB
[2025-08-15T11:23:50.779Z] [INFO] Found 2 company databases
[2025-08-15T11:23:50.780Z] [DEBUG] Processing company database: company_ieebsmug
[2025-08-15T11:23:50.843Z] [DEBUG] Skipping company_ieebsmug: No scheduled reports collection found
[2025-08-15T11:23:50.843Z] [DEBUG] Processing company database: company_ry0iwbpw
[2025-08-15T11:23:50.907Z] [DEBUG] Finding reports to execute in company_ry0iwbpw (current time: 2025-08-15T11:23:50.907Z)
[2025-08-15T11:23:50.970Z] [INFO] Found 0 reports to execute in company_ry0iwbpw
[2025-08-15T11:23:50.970Z] [INFO] Scheduled reports check completed
[2025-08-15T11:23:50.974Z] [DEBUG] MongoDB connection closed
[2025-08-15T11:23:59.970Z] [INFO] Checking for scheduled reports...
[2025-08-15T11:24:00.797Z] [DEBUG] Connected to MongoDB
[2025-08-15T11:24:00.870Z] [INFO] Found 2 company databases
[2025-08-15T11:24:00.870Z] [DEBUG] Processing company database: company_ieebsmug
[2025-08-15T11:24:00.933Z] [DEBUG] Skipping company_ieebsmug: No scheduled reports collection found
[2025-08-15T11:24:00.933Z] [DEBUG] Processing company database: company_ry0iwbpw
[2025-08-15T11:24:00.995Z] [DEBUG] Finding reports to execute in company_ry0iwbpw (current time: 2025-08-15T11:24:00.995Z)
[2025-08-15T11:24:01.058Z] [INFO] Found 0 reports to execute in company_ry0iwbpw
[2025-08-15T11:24:01.058Z] [INFO] Scheduled reports check completed
[2025-08-15T11:24:01.061Z] [DEBUG] MongoDB connection closed
[2025-08-15T11:24:09.971Z] [INFO] Checking for scheduled reports...
[2025-08-15T11:24:10.713Z] [DEBUG] Connected to MongoDB
[2025-08-15T11:24:10.785Z] [INFO] Found 2 company databases
[2025-08-15T11:24:10.785Z] [DEBUG] Processing company database: company_ieebsmug
[2025-08-15T11:24:10.849Z] [DEBUG] Skipping company_ieebsmug: No scheduled reports collection found
[2025-08-15T11:24:10.850Z] [DEBUG] Processing company database: company_ry0iwbpw
[2025-08-15T11:24:10.915Z] [DEBUG] Finding reports to execute in company_ry0iwbpw (current time: 2025-08-15T11:24:10.915Z)
[2025-08-15T11:24:10.979Z] [INFO] Found 0 reports to execute in company_ry0iwbpw
[2025-08-15T11:24:10.980Z] [INFO] Scheduled reports check completed
[2025-08-15T11:24:10.983Z] [DEBUG] MongoDB connection closed
[2025-08-15T11:24:19.972Z] [INFO] Checking for scheduled reports...
[2025-08-15T11:24:20.707Z] [DEBUG] Connected to MongoDB
[2025-08-15T11:24:20.785Z] [INFO] Found 2 company databases
[2025-08-15T11:24:20.786Z] [DEBUG] Processing company database: company_ieebsmug
[2025-08-15T11:24:20.850Z] [DEBUG] Skipping company_ieebsmug: No scheduled reports collection found
[2025-08-15T11:24:20.850Z] [DEBUG] Processing company database: company_ry0iwbpw
[2025-08-15T11:24:20.913Z] [DEBUG] Finding reports to execute in company_ry0iwbpw (current time: 2025-08-15T11:24:20.913Z)
[2025-08-15T11:24:20.975Z] [INFO] Found 0 reports to execute in company_ry0iwbpw
[2025-08-15T11:24:20.976Z] [INFO] Scheduled reports check completed
[2025-08-15T11:24:20.977Z] [DEBUG] MongoDB connection closed
[2025-08-15T11:24:29.973Z] [INFO] Checking for scheduled reports...
[2025-08-15T11:24:30.726Z] [DEBUG] Connected to MongoDB
[2025-08-15T11:24:30.800Z] [INFO] Found 2 company databases
[2025-08-15T11:24:30.801Z] [DEBUG] Processing company database: company_ieebsmug
[2025-08-15T11:24:30.865Z] [DEBUG] Skipping company_ieebsmug: No scheduled reports collection found
[2025-08-15T11:24:30.866Z] [DEBUG] Processing company database: company_ry0iwbpw
[2025-08-15T11:24:30.931Z] [DEBUG] Finding reports to execute in company_ry0iwbpw (current time: 2025-08-15T11:24:30.931Z)
[2025-08-15T11:24:30.994Z] [INFO] Found 0 reports to execute in company_ry0iwbpw
[2025-08-15T11:24:30.994Z] [INFO] Scheduled reports check completed
[2025-08-15T11:24:30.995Z] [DEBUG] MongoDB connection closed
[2025-08-15T11:24:39.986Z] [INFO] Checking for scheduled reports...
[2025-08-15T11:24:40.718Z] [DEBUG] Connected to MongoDB
[2025-08-15T11:24:40.791Z] [INFO] Found 2 company databases
[2025-08-15T11:24:40.791Z] [DEBUG] Processing company database: company_ieebsmug
[2025-08-15T11:24:40.859Z] [DEBUG] Skipping company_ieebsmug: No scheduled reports collection found
[2025-08-15T11:24:40.860Z] [DEBUG] Processing company database: company_ry0iwbpw
[2025-08-15T11:24:40.923Z] [DEBUG] Finding reports to execute in company_ry0iwbpw (current time: 2025-08-15T11:24:40.923Z)
[2025-08-15T11:24:40.986Z] [INFO] Found 0 reports to execute in company_ry0iwbpw
[2025-08-15T11:24:40.986Z] [INFO] Scheduled reports check completed
[2025-08-15T11:24:40.988Z] [DEBUG] MongoDB connection closed
[2025-08-15T11:24:49.994Z] [INFO] Checking for scheduled reports...
[2025-08-15T11:24:50.765Z] [DEBUG] Connected to MongoDB
[2025-08-15T11:24:50.847Z] [INFO] Found 2 company databases
[2025-08-15T11:24:50.848Z] [DEBUG] Processing company database: company_ieebsmug
[2025-08-15T11:24:50.911Z] [DEBUG] Skipping company_ieebsmug: No scheduled reports collection found
[2025-08-15T11:24:50.911Z] [DEBUG] Processing company database: company_ry0iwbpw
[2025-08-15T11:24:50.979Z] [DEBUG] Finding reports to execute in company_ry0iwbpw (current time: 2025-08-15T11:24:50.979Z)
[2025-08-15T11:24:51.043Z] [INFO] Found 0 reports to execute in company_ry0iwbpw
[2025-08-15T11:24:51.043Z] [INFO] Scheduled reports check completed
[2025-08-15T11:24:51.045Z] [DEBUG] MongoDB connection closed
[2025-08-15T11:25:04.860Z] [INFO] Checking for scheduled reports...
[2025-08-15T11:25:06.326Z] [DEBUG] Connected to MongoDB
[2025-08-15T11:25:06.438Z] [INFO] Found 2 company databases
[2025-08-15T11:25:06.439Z] [DEBUG] Processing company database: company_ieebsmug
[2025-08-15T11:25:06.746Z] [DEBUG] Skipping company_ieebsmug: No scheduled reports collection found
[2025-08-15T11:25:06.746Z] [DEBUG] Processing company database: company_ry0iwbpw
[2025-08-15T11:25:06.923Z] [DEBUG] Finding reports to execute in company_ry0iwbpw (current time: 2025-08-15T11:25:06.923Z)
[2025-08-15T11:25:07.039Z] [INFO] Found 0 reports to execute in company_ry0iwbpw
[2025-08-15T11:25:07.039Z] [INFO] Scheduled reports check completed
[2025-08-15T11:25:07.041Z] [DEBUG] MongoDB connection closed
[2025-08-15T11:40:21.618Z] [INFO] Checking for scheduled reports...
[2025-08-15T11:40:21.622Z] [ERROR] Error in checkScheduledReports: querySrv ECONNREFUSED _mongodb._tcp.cluster0.nen0dzs.mongodb.net
[2025-08-15T11:40:21.622Z] [ERROR] Stack trace: Error: querySrv ECONNREFUSED _mongodb._tcp.cluster0.nen0dzs.mongodb.net
    at QueryReqWrap.onresolve [as oncomplete] (node:internal/dns/promises:291:17)
[2025-08-15T13:07:37.813Z] [INFO] Checking for scheduled reports...
[2025-08-15T13:07:37.889Z] [ERROR] Error in checkScheduledReports: querySrv ECONNREFUSED _mongodb._tcp.cluster0.nen0dzs.mongodb.net
[2025-08-15T13:07:37.889Z] [ERROR] Stack trace: Error: querySrv ECONNREFUSED _mongodb._tcp.cluster0.nen0dzs.mongodb.net
    at QueryReqWrap.onresolve [as oncomplete] (node:internal/dns/promises:291:17)
[2025-08-15T13:25:35.632Z] [INFO] Checking for scheduled reports...
[2025-08-15T13:25:35.636Z] [ERROR] Error in checkScheduledReports: querySrv ECONNREFUSED _mongodb._tcp.cluster0.nen0dzs.mongodb.net
[2025-08-15T13:25:35.636Z] [ERROR] Stack trace: Error: querySrv ECONNREFUSED _mongodb._tcp.cluster0.nen0dzs.mongodb.net
    at QueryReqWrap.onresolve [as oncomplete] (node:internal/dns/promises:291:17)
[2025-08-15T14:42:05.891Z] [INFO] Checking for scheduled reports...
[2025-08-15T14:42:05.895Z] [ERROR] Error in checkScheduledReports: querySrv ECONNREFUSED _mongodb._tcp.cluster0.nen0dzs.mongodb.net
[2025-08-15T14:42:05.896Z] [ERROR] Stack trace: Error: querySrv ECONNREFUSED _mongodb._tcp.cluster0.nen0dzs.mongodb.net
    at QueryReqWrap.onresolve [as oncomplete] (node:internal/dns/promises:291:17)
[2025-08-15T15:55:39.172Z] [INFO] Checking for scheduled reports...
[2025-08-15T15:55:39.178Z] [ERROR] Error in checkScheduledReports: querySrv ECONNREFUSED _mongodb._tcp.cluster0.nen0dzs.mongodb.net
[2025-08-15T15:55:39.178Z] [ERROR] Stack trace: Error: querySrv ECONNREFUSED _mongodb._tcp.cluster0.nen0dzs.mongodb.net
    at QueryReqWrap.onresolve [as oncomplete] (node:internal/dns/promises:291:17)
[2025-08-15T15:55:49.174Z] [INFO] Checking for scheduled reports...
[2025-08-15T15:55:49.176Z] [ERROR] Error in checkScheduledReports: querySrv ECONNREFUSED _mongodb._tcp.cluster0.nen0dzs.mongodb.net
[2025-08-15T15:55:49.176Z] [ERROR] Stack trace: Error: querySrv ECONNREFUSED _mongodb._tcp.cluster0.nen0dzs.mongodb.net
    at QueryReqWrap.onresolve [as oncomplete] (node:internal/dns/promises:291:17)
[2025-08-15T15:55:59.174Z] [INFO] Checking for scheduled reports...
[2025-08-15T15:55:59.178Z] [ERROR] Error in checkScheduledReports: querySrv ECONNREFUSED _mongodb._tcp.cluster0.nen0dzs.mongodb.net
[2025-08-15T15:55:59.178Z] [ERROR] Stack trace: Error: querySrv ECONNREFUSED _mongodb._tcp.cluster0.nen0dzs.mongodb.net
    at QueryReqWrap.onresolve [as oncomplete] (node:internal/dns/promises:291:17)
[2025-08-15T15:56:09.175Z] [INFO] Checking for scheduled reports...
[2025-08-15T15:56:09.177Z] [ERROR] Error in checkScheduledReports: querySrv ECONNREFUSED _mongodb._tcp.cluster0.nen0dzs.mongodb.net
[2025-08-15T15:56:09.178Z] [ERROR] Stack trace: Error: querySrv ECONNREFUSED _mongodb._tcp.cluster0.nen0dzs.mongodb.net
    at QueryReqWrap.onresolve [as oncomplete] (node:internal/dns/promises:291:17)
[2025-08-15T15:56:19.176Z] [INFO] Checking for scheduled reports...
[2025-08-15T15:56:29.180Z] [INFO] Checking for scheduled reports...
[2025-08-15T15:56:39.184Z] [INFO] Checking for scheduled reports...
[2025-08-15T15:56:49.187Z] [INFO] Checking for scheduled reports...
[2025-08-15T15:56:59.188Z] [INFO] Checking for scheduled reports...
[2025-08-15T15:57:09.189Z] [INFO] Checking for scheduled reports...
[2025-08-15T15:57:09.376Z] [ERROR] Error in checkScheduledReports: querySrv ETIMEOUT _mongodb._tcp.cluster0.nen0dzs.mongodb.net
[2025-08-15T15:57:09.376Z] [ERROR] Stack trace: Error: querySrv ETIMEOUT _mongodb._tcp.cluster0.nen0dzs.mongodb.net
    at QueryReqWrap.onresolve [as oncomplete] (node:internal/dns/promises:291:17)
[2025-08-15T15:57:10.377Z] [ERROR] Error in checkScheduledReports: querySrv ETIMEOUT _mongodb._tcp.cluster0.nen0dzs.mongodb.net
[2025-08-15T15:57:10.378Z] [ERROR] Stack trace: Error: querySrv ETIMEOUT _mongodb._tcp.cluster0.nen0dzs.mongodb.net
    at QueryReqWrap.onresolve [as oncomplete] (node:internal/dns/promises:291:17)
[2025-08-15T15:57:19.190Z] [INFO] Checking for scheduled reports...
[2025-08-15T15:57:29.190Z] [INFO] Checking for scheduled reports...
[2025-08-15T15:57:39.192Z] [INFO] Checking for scheduled reports...
[2025-08-15T15:57:42.403Z] [ERROR] Error in checkScheduledReports: querySrv ETIMEOUT _mongodb._tcp.cluster0.nen0dzs.mongodb.net
[2025-08-15T15:57:42.404Z] [ERROR] Stack trace: Error: querySrv ETIMEOUT _mongodb._tcp.cluster0.nen0dzs.mongodb.net
    at QueryReqWrap.onresolve [as oncomplete] (node:internal/dns/promises:291:17)
[2025-08-15T15:57:42.404Z] [ERROR] Error in checkScheduledReports: querySrv ETIMEOUT _mongodb._tcp.cluster0.nen0dzs.mongodb.net
[2025-08-15T15:57:42.404Z] [ERROR] Stack trace: Error: querySrv ETIMEOUT _mongodb._tcp.cluster0.nen0dzs.mongodb.net
    at QueryReqWrap.onresolve [as oncomplete] (node:internal/dns/promises:291:17)
[2025-08-15T15:57:56.503Z] [INFO] Starting scheduled reports daemon with check interval of 10000ms
[2025-08-15T15:57:56.504Z] [INFO] Checking for scheduled reports...
[2025-08-15T15:57:57.104Z] [DEBUG] Connected to MongoDB
[2025-08-15T15:57:57.153Z] [INFO] Found 2 company databases
[2025-08-15T15:57:57.153Z] [DEBUG] Processing company database: company_ieebsmug
[2025-08-15T15:57:57.201Z] [DEBUG] Skipping company_ieebsmug: No scheduled reports collection found
[2025-08-15T15:57:57.201Z] [DEBUG] Processing company database: company_ry0iwbpw
[2025-08-15T15:57:57.239Z] [DEBUG] Finding reports to execute in company_ry0iwbpw (current time: 2025-08-15T15:57:57.239Z)
[2025-08-15T15:57:57.279Z] [INFO] Found 0 reports to execute in company_ry0iwbpw
[2025-08-15T15:57:57.279Z] [INFO] Scheduled reports check completed
[2025-08-15T15:57:57.281Z] [DEBUG] MongoDB connection closed
[2025-08-15T15:57:57.281Z] [INFO] Daemon is now running continuously...
[2025-08-15T15:58:07.282Z] [INFO] Checking for scheduled reports...
[2025-08-15T15:58:07.773Z] [DEBUG] Connected to MongoDB
[2025-08-15T15:58:07.823Z] [INFO] Found 2 company databases
[2025-08-15T15:58:07.824Z] [DEBUG] Processing company database: company_ieebsmug
[2025-08-15T15:58:07.864Z] [DEBUG] Skipping company_ieebsmug: No scheduled reports collection found
[2025-08-15T15:58:07.865Z] [DEBUG] Processing company database: company_ry0iwbpw
[2025-08-15T15:58:07.910Z] [DEBUG] Finding reports to execute in company_ry0iwbpw (current time: 2025-08-15T15:58:07.910Z)
[2025-08-15T15:58:07.950Z] [INFO] Found 0 reports to execute in company_ry0iwbpw
[2025-08-15T15:58:07.951Z] [INFO] Scheduled reports check completed
[2025-08-15T15:58:07.955Z] [DEBUG] MongoDB connection closed
[2025-08-15T15:58:17.282Z] [INFO] Checking for scheduled reports...
[2025-08-15T15:58:17.753Z] [DEBUG] Connected to MongoDB
[2025-08-15T15:58:17.798Z] [INFO] Found 2 company databases
[2025-08-15T15:58:17.798Z] [DEBUG] Processing company database: company_ieebsmug
[2025-08-15T15:58:17.837Z] [DEBUG] Skipping company_ieebsmug: No scheduled reports collection found
[2025-08-15T15:58:17.837Z] [DEBUG] Processing company database: company_ry0iwbpw
[2025-08-15T15:58:17.874Z] [DEBUG] Finding reports to execute in company_ry0iwbpw (current time: 2025-08-15T15:58:17.874Z)
[2025-08-15T15:58:17.918Z] [INFO] Found 0 reports to execute in company_ry0iwbpw
[2025-08-15T15:58:17.918Z] [INFO] Scheduled reports check completed
[2025-08-15T15:58:17.918Z] [DEBUG] MongoDB connection closed
[2025-08-15T15:58:27.283Z] [INFO] Checking for scheduled reports...
[2025-08-15T15:58:27.738Z] [DEBUG] Connected to MongoDB
[2025-08-15T15:58:27.787Z] [INFO] Found 2 company databases
[2025-08-15T15:58:27.787Z] [DEBUG] Processing company database: company_ieebsmug
[2025-08-15T15:58:27.829Z] [DEBUG] Skipping company_ieebsmug: No scheduled reports collection found
[2025-08-15T15:58:27.830Z] [DEBUG] Processing company database: company_ry0iwbpw
[2025-08-15T15:58:27.868Z] [DEBUG] Finding reports to execute in company_ry0iwbpw (current time: 2025-08-15T15:58:27.868Z)
[2025-08-15T15:58:27.907Z] [INFO] Found 0 reports to execute in company_ry0iwbpw
[2025-08-15T15:58:27.907Z] [INFO] Scheduled reports check completed
[2025-08-15T15:58:27.909Z] [DEBUG] MongoDB connection closed
[2025-08-15T15:58:37.284Z] [INFO] Checking for scheduled reports...
[2025-08-15T15:58:37.735Z] [DEBUG] Connected to MongoDB
[2025-08-15T15:58:37.787Z] [INFO] Found 2 company databases
[2025-08-15T15:58:37.787Z] [DEBUG] Processing company database: company_ieebsmug
[2025-08-15T15:58:37.824Z] [DEBUG] Skipping company_ieebsmug: No scheduled reports collection found
[2025-08-15T15:58:37.825Z] [DEBUG] Processing company database: company_ry0iwbpw
[2025-08-15T15:58:37.863Z] [DEBUG] Finding reports to execute in company_ry0iwbpw (current time: 2025-08-15T15:58:37.863Z)
[2025-08-15T15:58:37.900Z] [INFO] Found 0 reports to execute in company_ry0iwbpw
[2025-08-15T15:58:37.901Z] [INFO] Scheduled reports check completed
[2025-08-15T15:58:37.902Z] [DEBUG] MongoDB connection closed
[2025-08-15T15:58:47.285Z] [INFO] Checking for scheduled reports...
[2025-08-15T15:58:47.784Z] [DEBUG] Connected to MongoDB
[2025-08-15T15:58:47.830Z] [INFO] Found 2 company databases
[2025-08-15T15:58:47.831Z] [DEBUG] Processing company database: company_ieebsmug
[2025-08-15T15:58:47.869Z] [DEBUG] Skipping company_ieebsmug: No scheduled reports collection found
[2025-08-15T15:58:47.870Z] [DEBUG] Processing company database: company_ry0iwbpw
[2025-08-15T15:58:47.908Z] [DEBUG] Finding reports to execute in company_ry0iwbpw (current time: 2025-08-15T15:58:47.908Z)
[2025-08-15T15:58:47.949Z] [INFO] Found 0 reports to execute in company_ry0iwbpw
[2025-08-15T15:58:47.949Z] [INFO] Scheduled reports check completed
[2025-08-15T15:58:47.950Z] [DEBUG] MongoDB connection closed
[2025-08-15T15:58:57.287Z] [INFO] Checking for scheduled reports...
[2025-08-15T15:58:57.768Z] [DEBUG] Connected to MongoDB
[2025-08-15T15:58:57.814Z] [INFO] Found 2 company databases
[2025-08-15T15:58:57.814Z] [DEBUG] Processing company database: company_ieebsmug
[2025-08-15T15:58:57.859Z] [DEBUG] Skipping company_ieebsmug: No scheduled reports collection found
[2025-08-15T15:58:57.860Z] [DEBUG] Processing company database: company_ry0iwbpw
[2025-08-15T15:58:57.898Z] [DEBUG] Finding reports to execute in company_ry0iwbpw (current time: 2025-08-15T15:58:57.898Z)
[2025-08-15T15:58:57.937Z] [INFO] Found 0 reports to execute in company_ry0iwbpw
[2025-08-15T15:58:57.937Z] [INFO] Scheduled reports check completed
[2025-08-15T15:58:57.939Z] [DEBUG] MongoDB connection closed
[2025-08-15T15:59:07.288Z] [INFO] Checking for scheduled reports...
[2025-08-15T15:59:07.811Z] [DEBUG] Connected to MongoDB
[2025-08-15T15:59:07.857Z] [INFO] Found 2 company databases
[2025-08-15T15:59:07.858Z] [DEBUG] Processing company database: company_ieebsmug
[2025-08-15T15:59:07.902Z] [DEBUG] Skipping company_ieebsmug: No scheduled reports collection found
[2025-08-15T15:59:07.903Z] [DEBUG] Processing company database: company_ry0iwbpw
[2025-08-15T15:59:07.942Z] [DEBUG] Finding reports to execute in company_ry0iwbpw (current time: 2025-08-15T15:59:07.942Z)
[2025-08-15T15:59:07.983Z] [INFO] Found 0 reports to execute in company_ry0iwbpw
[2025-08-15T15:59:07.984Z] [INFO] Scheduled reports check completed
[2025-08-15T15:59:07.990Z] [DEBUG] MongoDB connection closed
[2025-08-15T15:59:17.289Z] [INFO] Checking for scheduled reports...
[2025-08-15T15:59:17.998Z] [DEBUG] Connected to MongoDB
[2025-08-15T15:59:18.052Z] [INFO] Found 2 company databases
[2025-08-15T15:59:18.053Z] [DEBUG] Processing company database: company_ieebsmug
[2025-08-15T15:59:18.101Z] [DEBUG] Skipping company_ieebsmug: No scheduled reports collection found
[2025-08-15T15:59:18.102Z] [DEBUG] Processing company database: company_ry0iwbpw
[2025-08-15T15:59:18.148Z] [DEBUG] Finding reports to execute in company_ry0iwbpw (current time: 2025-08-15T15:59:18.148Z)
[2025-08-15T15:59:18.192Z] [INFO] Found 0 reports to execute in company_ry0iwbpw
[2025-08-15T15:59:18.193Z] [INFO] Scheduled reports check completed
[2025-08-15T15:59:18.197Z] [DEBUG] MongoDB connection closed
[2025-08-15T15:59:27.291Z] [INFO] Checking for scheduled reports...
[2025-08-15T15:59:28.426Z] [DEBUG] Connected to MongoDB
[2025-08-15T15:59:28.606Z] [INFO] Found 2 company databases
[2025-08-15T15:59:28.607Z] [DEBUG] Processing company database: company_ieebsmug
[2025-08-15T15:59:28.713Z] [DEBUG] Skipping company_ieebsmug: No scheduled reports collection found
[2025-08-15T15:59:28.713Z] [DEBUG] Processing company database: company_ry0iwbpw
[2025-08-15T15:59:28.793Z] [DEBUG] Finding reports to execute in company_ry0iwbpw (current time: 2025-08-15T15:59:28.793Z)
[2025-08-15T15:59:28.835Z] [INFO] Found 0 reports to execute in company_ry0iwbpw
[2025-08-15T15:59:28.835Z] [INFO] Scheduled reports check completed
[2025-08-15T15:59:28.837Z] [DEBUG] MongoDB connection closed
[2025-08-15T15:59:37.292Z] [INFO] Checking for scheduled reports...
[2025-08-15T15:59:37.786Z] [DEBUG] Connected to MongoDB
[2025-08-15T15:59:37.836Z] [INFO] Found 2 company databases
[2025-08-15T15:59:37.837Z] [DEBUG] Processing company database: company_ieebsmug
[2025-08-15T15:59:37.877Z] [DEBUG] Skipping company_ieebsmug: No scheduled reports collection found
[2025-08-15T15:59:37.877Z] [DEBUG] Processing company database: company_ry0iwbpw
[2025-08-15T15:59:37.916Z] [DEBUG] Finding reports to execute in company_ry0iwbpw (current time: 2025-08-15T15:59:37.916Z)
[2025-08-15T15:59:37.956Z] [INFO] Found 0 reports to execute in company_ry0iwbpw
[2025-08-15T15:59:37.957Z] [INFO] Scheduled reports check completed
[2025-08-15T15:59:37.960Z] [DEBUG] MongoDB connection closed
[2025-08-15T15:59:47.292Z] [INFO] Checking for scheduled reports...
[2025-08-15T15:59:47.781Z] [DEBUG] Connected to MongoDB
[2025-08-15T15:59:47.826Z] [INFO] Found 2 company databases
[2025-08-15T15:59:47.826Z] [DEBUG] Processing company database: company_ieebsmug
[2025-08-15T15:59:47.865Z] [DEBUG] Skipping company_ieebsmug: No scheduled reports collection found
[2025-08-15T15:59:47.865Z] [DEBUG] Processing company database: company_ry0iwbpw
[2025-08-15T15:59:47.902Z] [DEBUG] Finding reports to execute in company_ry0iwbpw (current time: 2025-08-15T15:59:47.902Z)
[2025-08-15T15:59:47.939Z] [INFO] Found 0 reports to execute in company_ry0iwbpw
[2025-08-15T15:59:47.939Z] [INFO] Scheduled reports check completed
[2025-08-15T15:59:47.941Z] [DEBUG] MongoDB connection closed
[2025-08-15T15:59:57.293Z] [INFO] Checking for scheduled reports...
[2025-08-15T15:59:57.808Z] [DEBUG] Connected to MongoDB
[2025-08-15T15:59:57.855Z] [INFO] Found 2 company databases
[2025-08-15T15:59:57.855Z] [DEBUG] Processing company database: company_ieebsmug
[2025-08-15T15:59:57.896Z] [DEBUG] Skipping company_ieebsmug: No scheduled reports collection found
[2025-08-15T15:59:57.896Z] [DEBUG] Processing company database: company_ry0iwbpw
[2025-08-15T15:59:57.936Z] [DEBUG] Finding reports to execute in company_ry0iwbpw (current time: 2025-08-15T15:59:57.936Z)
[2025-08-15T15:59:57.980Z] [INFO] Found 0 reports to execute in company_ry0iwbpw
[2025-08-15T15:59:57.981Z] [INFO] Scheduled reports check completed
[2025-08-15T15:59:57.982Z] [DEBUG] MongoDB connection closed
[2025-08-15T16:00:07.294Z] [INFO] Checking for scheduled reports...
[2025-08-15T16:00:07.774Z] [DEBUG] Connected to MongoDB
[2025-08-15T16:00:07.826Z] [INFO] Found 2 company databases
[2025-08-15T16:00:07.826Z] [DEBUG] Processing company database: company_ieebsmug
[2025-08-15T16:00:07.865Z] [DEBUG] Skipping company_ieebsmug: No scheduled reports collection found
[2025-08-15T16:00:07.865Z] [DEBUG] Processing company database: company_ry0iwbpw
[2025-08-15T16:00:07.913Z] [DEBUG] Finding reports to execute in company_ry0iwbpw (current time: 2025-08-15T16:00:07.913Z)
[2025-08-15T16:00:07.953Z] [INFO] Found 0 reports to execute in company_ry0iwbpw
[2025-08-15T16:00:07.954Z] [INFO] Scheduled reports check completed
[2025-08-15T16:00:07.956Z] [DEBUG] MongoDB connection closed
[2025-08-15T16:00:17.295Z] [INFO] Checking for scheduled reports...
[2025-08-15T16:00:17.811Z] [DEBUG] Connected to MongoDB
[2025-08-15T16:00:17.859Z] [INFO] Found 2 company databases
[2025-08-15T16:00:17.860Z] [DEBUG] Processing company database: company_ieebsmug
[2025-08-15T16:00:17.899Z] [DEBUG] Skipping company_ieebsmug: No scheduled reports collection found
[2025-08-15T16:00:17.900Z] [DEBUG] Processing company database: company_ry0iwbpw
[2025-08-15T16:00:17.940Z] [DEBUG] Finding reports to execute in company_ry0iwbpw (current time: 2025-08-15T16:00:17.940Z)
[2025-08-15T16:00:17.979Z] [INFO] Found 0 reports to execute in company_ry0iwbpw
[2025-08-15T16:00:17.979Z] [INFO] Scheduled reports check completed
[2025-08-15T16:00:17.981Z] [DEBUG] MongoDB connection closed
[2025-08-15T16:00:27.295Z] [INFO] Checking for scheduled reports...
[2025-08-15T16:00:27.838Z] [DEBUG] Connected to MongoDB
[2025-08-15T16:00:27.903Z] [INFO] Found 2 company databases
[2025-08-15T16:00:27.904Z] [DEBUG] Processing company database: company_ieebsmug
[2025-08-15T16:00:27.967Z] [DEBUG] Skipping company_ieebsmug: No scheduled reports collection found
[2025-08-15T16:00:27.968Z] [DEBUG] Processing company database: company_ry0iwbpw
[2025-08-15T16:00:28.034Z] [DEBUG] Finding reports to execute in company_ry0iwbpw (current time: 2025-08-15T16:00:28.034Z)
[2025-08-15T16:00:28.185Z] [INFO] Found 0 reports to execute in company_ry0iwbpw
[2025-08-15T16:00:28.186Z] [INFO] Scheduled reports check completed
[2025-08-15T16:00:28.188Z] [DEBUG] MongoDB connection closed
[2025-08-15T16:00:37.296Z] [INFO] Checking for scheduled reports...
[2025-08-15T16:00:37.838Z] [DEBUG] Connected to MongoDB
[2025-08-15T16:00:37.888Z] [INFO] Found 2 company databases
[2025-08-15T16:00:37.889Z] [DEBUG] Processing company database: company_ieebsmug
[2025-08-15T16:00:37.927Z] [DEBUG] Skipping company_ieebsmug: No scheduled reports collection found
[2025-08-15T16:00:37.928Z] [DEBUG] Processing company database: company_ry0iwbpw
[2025-08-15T16:00:37.966Z] [DEBUG] Finding reports to execute in company_ry0iwbpw (current time: 2025-08-15T16:00:37.966Z)
[2025-08-15T16:00:38.005Z] [INFO] Found 0 reports to execute in company_ry0iwbpw
[2025-08-15T16:00:38.006Z] [INFO] Scheduled reports check completed
[2025-08-15T16:00:38.008Z] [DEBUG] MongoDB connection closed
[2025-08-15T16:00:47.296Z] [INFO] Checking for scheduled reports...
[2025-08-15T16:00:47.773Z] [DEBUG] Connected to MongoDB
[2025-08-15T16:00:47.823Z] [INFO] Found 2 company databases
[2025-08-15T16:00:47.823Z] [DEBUG] Processing company database: company_ieebsmug
[2025-08-15T16:00:47.872Z] [DEBUG] Skipping company_ieebsmug: No scheduled reports collection found
[2025-08-15T16:00:47.872Z] [DEBUG] Processing company database: company_ry0iwbpw
[2025-08-15T16:00:47.910Z] [DEBUG] Finding reports to execute in company_ry0iwbpw (current time: 2025-08-15T16:00:47.910Z)
[2025-08-15T16:00:47.951Z] [INFO] Found 0 reports to execute in company_ry0iwbpw
[2025-08-15T16:00:47.951Z] [INFO] Scheduled reports check completed
[2025-08-15T16:00:47.952Z] [DEBUG] MongoDB connection closed
[2025-08-15T16:00:57.297Z] [INFO] Checking for scheduled reports...
[2025-08-15T16:00:57.798Z] [DEBUG] Connected to MongoDB
[2025-08-15T16:00:57.843Z] [INFO] Found 2 company databases
[2025-08-15T16:00:57.843Z] [DEBUG] Processing company database: company_ieebsmug
[2025-08-15T16:00:57.882Z] [DEBUG] Skipping company_ieebsmug: No scheduled reports collection found
[2025-08-15T16:00:57.882Z] [DEBUG] Processing company database: company_ry0iwbpw
[2025-08-15T16:00:57.927Z] [DEBUG] Finding reports to execute in company_ry0iwbpw (current time: 2025-08-15T16:00:57.927Z)
[2025-08-15T16:00:57.966Z] [INFO] Found 0 reports to execute in company_ry0iwbpw
[2025-08-15T16:00:57.967Z] [INFO] Scheduled reports check completed
[2025-08-15T16:00:57.969Z] [DEBUG] MongoDB connection closed
[2025-08-15T16:01:07.298Z] [INFO] Checking for scheduled reports...
[2025-08-15T16:01:07.770Z] [DEBUG] Connected to MongoDB
[2025-08-15T16:01:07.821Z] [INFO] Found 2 company databases
[2025-08-15T16:01:07.821Z] [DEBUG] Processing company database: company_ieebsmug
[2025-08-15T16:01:07.882Z] [DEBUG] Skipping company_ieebsmug: No scheduled reports collection found
[2025-08-15T16:01:07.883Z] [DEBUG] Processing company database: company_ry0iwbpw
[2025-08-15T16:01:07.924Z] [DEBUG] Finding reports to execute in company_ry0iwbpw (current time: 2025-08-15T16:01:07.924Z)
[2025-08-15T16:01:07.964Z] [INFO] Found 0 reports to execute in company_ry0iwbpw
[2025-08-15T16:01:07.964Z] [INFO] Scheduled reports check completed
[2025-08-15T16:01:07.967Z] [DEBUG] MongoDB connection closed
[2025-08-15T16:01:17.299Z] [INFO] Checking for scheduled reports...
[2025-08-15T16:01:17.770Z] [DEBUG] Connected to MongoDB
[2025-08-15T16:01:17.816Z] [INFO] Found 2 company databases
[2025-08-15T16:01:17.817Z] [DEBUG] Processing company database: company_ieebsmug
[2025-08-15T16:01:17.862Z] [DEBUG] Skipping company_ieebsmug: No scheduled reports collection found
[2025-08-15T16:01:17.863Z] [DEBUG] Processing company database: company_ry0iwbpw
[2025-08-15T16:01:17.902Z] [DEBUG] Finding reports to execute in company_ry0iwbpw (current time: 2025-08-15T16:01:17.902Z)
[2025-08-15T16:01:17.948Z] [INFO] Found 0 reports to execute in company_ry0iwbpw
[2025-08-15T16:01:17.949Z] [INFO] Scheduled reports check completed
[2025-08-15T16:01:17.951Z] [DEBUG] MongoDB connection closed
[2025-08-15T16:01:27.299Z] [INFO] Checking for scheduled reports...
[2025-08-15T16:01:27.792Z] [DEBUG] Connected to MongoDB
[2025-08-15T16:01:27.838Z] [INFO] Found 2 company databases
[2025-08-15T16:01:27.839Z] [DEBUG] Processing company database: company_ieebsmug
[2025-08-15T16:01:27.880Z] [DEBUG] Skipping company_ieebsmug: No scheduled reports collection found
[2025-08-15T16:01:27.880Z] [DEBUG] Processing company database: company_ry0iwbpw
[2025-08-15T16:01:27.920Z] [DEBUG] Finding reports to execute in company_ry0iwbpw (current time: 2025-08-15T16:01:27.920Z)
[2025-08-15T16:01:27.960Z] [INFO] Found 0 reports to execute in company_ry0iwbpw
[2025-08-15T16:01:27.961Z] [INFO] Scheduled reports check completed
[2025-08-15T16:01:27.963Z] [DEBUG] MongoDB connection closed
[2025-08-15T16:01:37.300Z] [INFO] Checking for scheduled reports...
[2025-08-15T16:01:37.804Z] [DEBUG] Connected to MongoDB
[2025-08-15T16:01:37.856Z] [INFO] Found 2 company databases
[2025-08-15T16:01:37.857Z] [DEBUG] Processing company database: company_ieebsmug
[2025-08-15T16:01:37.898Z] [DEBUG] Skipping company_ieebsmug: No scheduled reports collection found
[2025-08-15T16:01:37.898Z] [DEBUG] Processing company database: company_ry0iwbpw
[2025-08-15T16:01:37.939Z] [DEBUG] Finding reports to execute in company_ry0iwbpw (current time: 2025-08-15T16:01:37.939Z)
[2025-08-15T16:01:37.987Z] [INFO] Found 0 reports to execute in company_ry0iwbpw
[2025-08-15T16:01:37.988Z] [INFO] Scheduled reports check completed
[2025-08-15T16:01:37.990Z] [DEBUG] MongoDB connection closed
[2025-08-15T16:01:47.301Z] [INFO] Checking for scheduled reports...
[2025-08-15T16:01:47.758Z] [DEBUG] Connected to MongoDB
[2025-08-15T16:01:47.806Z] [INFO] Found 2 company databases
[2025-08-15T16:01:47.806Z] [DEBUG] Processing company database: company_ieebsmug
[2025-08-15T16:01:47.843Z] [DEBUG] Skipping company_ieebsmug: No scheduled reports collection found
[2025-08-15T16:01:47.843Z] [DEBUG] Processing company database: company_ry0iwbpw
[2025-08-15T16:01:47.893Z] [DEBUG] Finding reports to execute in company_ry0iwbpw (current time: 2025-08-15T16:01:47.893Z)
[2025-08-15T16:01:47.930Z] [INFO] Found 0 reports to execute in company_ry0iwbpw
[2025-08-15T16:01:47.931Z] [INFO] Scheduled reports check completed
[2025-08-15T16:01:47.931Z] [DEBUG] MongoDB connection closed
[2025-08-15T16:01:57.303Z] [INFO] Checking for scheduled reports...
[2025-08-15T16:01:57.877Z] [DEBUG] Connected to MongoDB
[2025-08-15T16:01:57.926Z] [INFO] Found 2 company databases
[2025-08-15T16:01:57.927Z] [DEBUG] Processing company database: company_ieebsmug
[2025-08-15T16:01:57.967Z] [DEBUG] Skipping company_ieebsmug: No scheduled reports collection found
[2025-08-15T16:01:57.967Z] [DEBUG] Processing company database: company_ry0iwbpw
[2025-08-15T16:01:58.008Z] [DEBUG] Finding reports to execute in company_ry0iwbpw (current time: 2025-08-15T16:01:58.008Z)
[2025-08-15T16:01:58.049Z] [INFO] Found 0 reports to execute in company_ry0iwbpw
[2025-08-15T16:01:58.050Z] [INFO] Scheduled reports check completed
[2025-08-15T16:01:58.052Z] [DEBUG] MongoDB connection closed
[2025-08-15T16:02:07.305Z] [INFO] Checking for scheduled reports...
[2025-08-15T16:02:07.783Z] [DEBUG] Connected to MongoDB
[2025-08-15T16:02:07.830Z] [INFO] Found 2 company databases
[2025-08-15T16:02:07.831Z] [DEBUG] Processing company database: company_ieebsmug
[2025-08-15T16:02:07.870Z] [DEBUG] Skipping company_ieebsmug: No scheduled reports collection found
[2025-08-15T16:02:07.870Z] [DEBUG] Processing company database: company_ry0iwbpw
[2025-08-15T16:02:07.909Z] [DEBUG] Finding reports to execute in company_ry0iwbpw (current time: 2025-08-15T16:02:07.909Z)
[2025-08-15T16:02:07.958Z] [INFO] Found 0 reports to execute in company_ry0iwbpw
[2025-08-15T16:02:07.958Z] [INFO] Scheduled reports check completed
[2025-08-15T16:02:07.960Z] [DEBUG] MongoDB connection closed
[2025-08-15T16:02:17.305Z] [INFO] Checking for scheduled reports...
[2025-08-15T16:02:17.992Z] [DEBUG] Connected to MongoDB
[2025-08-15T16:02:18.038Z] [INFO] Found 2 company databases
[2025-08-15T16:02:18.039Z] [DEBUG] Processing company database: company_ieebsmug
[2025-08-15T16:02:18.078Z] [DEBUG] Skipping company_ieebsmug: No scheduled reports collection found
[2025-08-15T16:02:18.079Z] [DEBUG] Processing company database: company_ry0iwbpw
[2025-08-15T16:02:18.118Z] [DEBUG] Finding reports to execute in company_ry0iwbpw (current time: 2025-08-15T16:02:18.118Z)
[2025-08-15T16:02:18.158Z] [INFO] Found 0 reports to execute in company_ry0iwbpw
[2025-08-15T16:02:18.158Z] [INFO] Scheduled reports check completed
[2025-08-15T16:02:18.160Z] [DEBUG] MongoDB connection closed
[2025-08-15T16:02:27.306Z] [INFO] Checking for scheduled reports...
[2025-08-15T16:02:27.799Z] [DEBUG] Connected to MongoDB
[2025-08-15T16:02:27.847Z] [INFO] Found 2 company databases
[2025-08-15T16:02:27.848Z] [DEBUG] Processing company database: company_ieebsmug
[2025-08-15T16:02:27.885Z] [DEBUG] Skipping company_ieebsmug: No scheduled reports collection found
[2025-08-15T16:02:27.886Z] [DEBUG] Processing company database: company_ry0iwbpw
[2025-08-15T16:02:27.925Z] [DEBUG] Finding reports to execute in company_ry0iwbpw (current time: 2025-08-15T16:02:27.925Z)
[2025-08-15T16:02:27.966Z] [INFO] Found 0 reports to execute in company_ry0iwbpw
[2025-08-15T16:02:27.966Z] [INFO] Scheduled reports check completed
[2025-08-15T16:02:27.968Z] [DEBUG] MongoDB connection closed
[2025-08-15T16:02:37.308Z] [INFO] Checking for scheduled reports...
[2025-08-15T16:02:38.068Z] [DEBUG] Connected to MongoDB
[2025-08-15T16:02:38.113Z] [INFO] Found 2 company databases
[2025-08-15T16:02:38.113Z] [DEBUG] Processing company database: company_ieebsmug
[2025-08-15T16:02:38.151Z] [DEBUG] Skipping company_ieebsmug: No scheduled reports collection found
[2025-08-15T16:02:38.151Z] [DEBUG] Processing company database: company_ry0iwbpw
[2025-08-15T16:02:38.189Z] [DEBUG] Finding reports to execute in company_ry0iwbpw (current time: 2025-08-15T16:02:38.189Z)
[2025-08-15T16:02:38.282Z] [INFO] Found 0 reports to execute in company_ry0iwbpw
[2025-08-15T16:02:38.282Z] [INFO] Scheduled reports check completed
[2025-08-15T16:02:38.283Z] [DEBUG] MongoDB connection closed
[2025-08-15T16:02:47.308Z] [INFO] Checking for scheduled reports...
[2025-08-15T16:02:47.780Z] [DEBUG] Connected to MongoDB
[2025-08-15T16:02:47.829Z] [INFO] Found 2 company databases
[2025-08-15T16:02:47.830Z] [DEBUG] Processing company database: company_ieebsmug
[2025-08-15T16:02:47.871Z] [DEBUG] Skipping company_ieebsmug: No scheduled reports collection found
[2025-08-15T16:02:47.871Z] [DEBUG] Processing company database: company_ry0iwbpw
[2025-08-15T16:02:47.915Z] [DEBUG] Finding reports to execute in company_ry0iwbpw (current time: 2025-08-15T16:02:47.915Z)
[2025-08-15T16:02:47.960Z] [INFO] Found 0 reports to execute in company_ry0iwbpw
[2025-08-15T16:02:47.963Z] [INFO] Scheduled reports check completed
[2025-08-15T16:02:47.965Z] [DEBUG] MongoDB connection closed
[2025-08-15T16:02:57.310Z] [INFO] Checking for scheduled reports...
[2025-08-15T16:02:57.815Z] [DEBUG] Connected to MongoDB
[2025-08-15T16:02:57.869Z] [INFO] Found 2 company databases
[2025-08-15T16:02:57.869Z] [DEBUG] Processing company database: company_ieebsmug
[2025-08-15T16:02:57.907Z] [DEBUG] Skipping company_ieebsmug: No scheduled reports collection found
[2025-08-15T16:02:57.907Z] [DEBUG] Processing company database: company_ry0iwbpw
[2025-08-15T16:02:57.959Z] [DEBUG] Finding reports to execute in company_ry0iwbpw (current time: 2025-08-15T16:02:57.959Z)
[2025-08-15T16:02:58.003Z] [INFO] Found 0 reports to execute in company_ry0iwbpw
[2025-08-15T16:02:58.003Z] [INFO] Scheduled reports check completed
[2025-08-15T16:02:58.006Z] [DEBUG] MongoDB connection closed
[2025-08-15T16:03:07.310Z] [INFO] Checking for scheduled reports...
[2025-08-15T16:03:07.810Z] [DEBUG] Connected to MongoDB
[2025-08-15T16:03:07.858Z] [INFO] Found 2 company databases
[2025-08-15T16:03:07.858Z] [DEBUG] Processing company database: company_ieebsmug
[2025-08-15T16:03:07.897Z] [DEBUG] Skipping company_ieebsmug: No scheduled reports collection found
[2025-08-15T16:03:07.897Z] [DEBUG] Processing company database: company_ry0iwbpw
[2025-08-15T16:03:07.937Z] [DEBUG] Finding reports to execute in company_ry0iwbpw (current time: 2025-08-15T16:03:07.937Z)
[2025-08-15T16:03:07.976Z] [INFO] Found 0 reports to execute in company_ry0iwbpw
[2025-08-15T16:03:07.976Z] [INFO] Scheduled reports check completed
[2025-08-15T16:03:07.978Z] [DEBUG] MongoDB connection closed
[2025-08-15T16:03:17.310Z] [INFO] Checking for scheduled reports...
[2025-08-15T16:03:17.921Z] [DEBUG] Connected to MongoDB
[2025-08-15T16:03:17.969Z] [INFO] Found 2 company databases
[2025-08-15T16:03:17.970Z] [DEBUG] Processing company database: company_ieebsmug
[2025-08-15T16:03:18.010Z] [DEBUG] Skipping company_ieebsmug: No scheduled reports collection found
[2025-08-15T16:03:18.011Z] [DEBUG] Processing company database: company_ry0iwbpw
[2025-08-15T16:03:18.055Z] [DEBUG] Finding reports to execute in company_ry0iwbpw (current time: 2025-08-15T16:03:18.055Z)
[2025-08-15T16:03:18.095Z] [INFO] Found 0 reports to execute in company_ry0iwbpw
[2025-08-15T16:03:18.096Z] [INFO] Scheduled reports check completed
[2025-08-15T16:03:18.097Z] [DEBUG] MongoDB connection closed
[2025-08-15T16:03:27.312Z] [INFO] Checking for scheduled reports...
[2025-08-15T16:03:27.824Z] [DEBUG] Connected to MongoDB
[2025-08-15T16:03:27.878Z] [INFO] Found 2 company databases
[2025-08-15T16:03:27.878Z] [DEBUG] Processing company database: company_ieebsmug
[2025-08-15T16:03:27.939Z] [DEBUG] Skipping company_ieebsmug: No scheduled reports collection found
[2025-08-15T16:03:27.939Z] [DEBUG] Processing company database: company_ry0iwbpw
[2025-08-15T16:03:27.978Z] [DEBUG] Finding reports to execute in company_ry0iwbpw (current time: 2025-08-15T16:03:27.978Z)
[2025-08-15T16:03:28.016Z] [INFO] Found 0 reports to execute in company_ry0iwbpw
[2025-08-15T16:03:28.017Z] [INFO] Scheduled reports check completed
[2025-08-15T16:03:28.019Z] [DEBUG] MongoDB connection closed
[2025-08-15T16:03:37.312Z] [INFO] Checking for scheduled reports...
[2025-08-15T16:03:37.796Z] [DEBUG] Connected to MongoDB
[2025-08-15T16:03:37.845Z] [INFO] Found 2 company databases
[2025-08-15T16:03:37.846Z] [DEBUG] Processing company database: company_ieebsmug
[2025-08-15T16:03:37.884Z] [DEBUG] Skipping company_ieebsmug: No scheduled reports collection found
[2025-08-15T16:03:37.884Z] [DEBUG] Processing company database: company_ry0iwbpw
[2025-08-15T16:03:37.922Z] [DEBUG] Finding reports to execute in company_ry0iwbpw (current time: 2025-08-15T16:03:37.922Z)
[2025-08-15T16:03:37.961Z] [INFO] Found 0 reports to execute in company_ry0iwbpw
[2025-08-15T16:03:37.961Z] [INFO] Scheduled reports check completed
[2025-08-15T16:03:37.963Z] [DEBUG] MongoDB connection closed
[2025-08-15T16:03:47.313Z] [INFO] Checking for scheduled reports...
[2025-08-15T16:03:47.802Z] [DEBUG] Connected to MongoDB
[2025-08-15T16:03:47.850Z] [INFO] Found 2 company databases
[2025-08-15T16:03:47.851Z] [DEBUG] Processing company database: company_ieebsmug
[2025-08-15T16:03:47.890Z] [DEBUG] Skipping company_ieebsmug: No scheduled reports collection found
[2025-08-15T16:03:47.891Z] [DEBUG] Processing company database: company_ry0iwbpw
[2025-08-15T16:03:47.931Z] [DEBUG] Finding reports to execute in company_ry0iwbpw (current time: 2025-08-15T16:03:47.931Z)
[2025-08-15T16:03:47.970Z] [INFO] Found 0 reports to execute in company_ry0iwbpw
[2025-08-15T16:03:47.970Z] [INFO] Scheduled reports check completed
[2025-08-15T16:03:47.972Z] [DEBUG] MongoDB connection closed
[2025-08-15T16:03:57.314Z] [INFO] Checking for scheduled reports...
[2025-08-15T16:03:57.811Z] [DEBUG] Connected to MongoDB
[2025-08-15T16:03:57.859Z] [INFO] Found 2 company databases
[2025-08-15T16:03:57.860Z] [DEBUG] Processing company database: company_ieebsmug
[2025-08-15T16:03:57.899Z] [DEBUG] Skipping company_ieebsmug: No scheduled reports collection found
[2025-08-15T16:03:57.899Z] [DEBUG] Processing company database: company_ry0iwbpw
[2025-08-15T16:03:57.946Z] [DEBUG] Finding reports to execute in company_ry0iwbpw (current time: 2025-08-15T16:03:57.946Z)
[2025-08-15T16:03:57.983Z] [INFO] Found 0 reports to execute in company_ry0iwbpw
[2025-08-15T16:03:57.984Z] [INFO] Scheduled reports check completed
[2025-08-15T16:03:57.986Z] [DEBUG] MongoDB connection closed
[2025-08-15T16:04:07.314Z] [INFO] Checking for scheduled reports...
[2025-08-15T16:04:07.789Z] [DEBUG] Connected to MongoDB
[2025-08-15T16:04:07.836Z] [INFO] Found 2 company databases
[2025-08-15T16:04:07.837Z] [DEBUG] Processing company database: company_ieebsmug
[2025-08-15T16:04:07.884Z] [DEBUG] Skipping company_ieebsmug: No scheduled reports collection found
[2025-08-15T16:04:07.885Z] [DEBUG] Processing company database: company_ry0iwbpw
[2025-08-15T16:04:07.923Z] [DEBUG] Finding reports to execute in company_ry0iwbpw (current time: 2025-08-15T16:04:07.923Z)
[2025-08-15T16:04:07.960Z] [INFO] Found 0 reports to execute in company_ry0iwbpw
[2025-08-15T16:04:07.961Z] [INFO] Scheduled reports check completed
[2025-08-15T16:04:07.963Z] [DEBUG] MongoDB connection closed
[2025-08-15T16:04:17.314Z] [INFO] Checking for scheduled reports...
[2025-08-15T16:04:17.792Z] [DEBUG] Connected to MongoDB
[2025-08-15T16:04:17.839Z] [INFO] Found 2 company databases
[2025-08-15T16:04:17.840Z] [DEBUG] Processing company database: company_ieebsmug
[2025-08-15T16:04:17.879Z] [DEBUG] Skipping company_ieebsmug: No scheduled reports collection found
[2025-08-15T16:04:17.879Z] [DEBUG] Processing company database: company_ry0iwbpw
[2025-08-15T16:04:17.918Z] [DEBUG] Finding reports to execute in company_ry0iwbpw (current time: 2025-08-15T16:04:17.918Z)
[2025-08-15T16:04:17.957Z] [INFO] Found 0 reports to execute in company_ry0iwbpw
[2025-08-15T16:04:17.957Z] [INFO] Scheduled reports check completed
[2025-08-15T16:04:17.960Z] [DEBUG] MongoDB connection closed
[2025-08-15T16:04:27.315Z] [INFO] Checking for scheduled reports...
[2025-08-15T16:04:27.827Z] [DEBUG] Connected to MongoDB
[2025-08-15T16:04:27.881Z] [INFO] Found 2 company databases
[2025-08-15T16:04:27.882Z] [DEBUG] Processing company database: company_ieebsmug
[2025-08-15T16:04:27.920Z] [DEBUG] Skipping company_ieebsmug: No scheduled reports collection found
[2025-08-15T16:04:27.920Z] [DEBUG] Processing company database: company_ry0iwbpw
[2025-08-15T16:04:27.959Z] [DEBUG] Finding reports to execute in company_ry0iwbpw (current time: 2025-08-15T16:04:27.959Z)
[2025-08-15T16:04:28.037Z] [INFO] Found 0 reports to execute in company_ry0iwbpw
[2025-08-15T16:04:28.037Z] [INFO] Scheduled reports check completed
[2025-08-15T16:04:28.040Z] [DEBUG] MongoDB connection closed
[2025-08-15T16:04:37.315Z] [INFO] Checking for scheduled reports...
[2025-08-15T16:04:37.847Z] [DEBUG] Connected to MongoDB
[2025-08-15T16:04:37.894Z] [INFO] Found 2 company databases
[2025-08-15T16:04:37.896Z] [DEBUG] Processing company database: company_ieebsmug
[2025-08-15T16:04:37.939Z] [DEBUG] Skipping company_ieebsmug: No scheduled reports collection found
[2025-08-15T16:04:37.939Z] [DEBUG] Processing company database: company_ry0iwbpw
[2025-08-15T16:04:37.981Z] [DEBUG] Finding reports to execute in company_ry0iwbpw (current time: 2025-08-15T16:04:37.981Z)
[2025-08-15T16:04:38.024Z] [INFO] Found 0 reports to execute in company_ry0iwbpw
[2025-08-15T16:04:38.024Z] [INFO] Scheduled reports check completed
[2025-08-15T16:04:38.028Z] [DEBUG] MongoDB connection closed
[2025-08-15T16:04:47.316Z] [INFO] Checking for scheduled reports...
[2025-08-15T16:04:47.813Z] [DEBUG] Connected to MongoDB
[2025-08-15T16:04:47.877Z] [INFO] Found 2 company databases
[2025-08-15T16:04:47.878Z] [DEBUG] Processing company database: company_ieebsmug
[2025-08-15T16:04:47.916Z] [DEBUG] Skipping company_ieebsmug: No scheduled reports collection found
[2025-08-15T16:04:47.917Z] [DEBUG] Processing company database: company_ry0iwbpw
[2025-08-15T16:04:47.963Z] [DEBUG] Finding reports to execute in company_ry0iwbpw (current time: 2025-08-15T16:04:47.963Z)
[2025-08-15T16:04:48.009Z] [INFO] Found 0 reports to execute in company_ry0iwbpw
[2025-08-15T16:04:48.009Z] [INFO] Scheduled reports check completed
[2025-08-15T16:04:48.011Z] [DEBUG] MongoDB connection closed
[2025-08-15T16:04:57.317Z] [INFO] Checking for scheduled reports...
[2025-08-15T16:04:57.812Z] [DEBUG] Connected to MongoDB
[2025-08-15T16:04:57.857Z] [INFO] Found 2 company databases
[2025-08-15T16:04:57.858Z] [DEBUG] Processing company database: company_ieebsmug
[2025-08-15T16:04:57.896Z] [DEBUG] Skipping company_ieebsmug: No scheduled reports collection found
[2025-08-15T16:04:57.896Z] [DEBUG] Processing company database: company_ry0iwbpw
[2025-08-15T16:04:57.938Z] [DEBUG] Finding reports to execute in company_ry0iwbpw (current time: 2025-08-15T16:04:57.938Z)
[2025-08-15T16:04:57.976Z] [INFO] Found 0 reports to execute in company_ry0iwbpw
[2025-08-15T16:04:57.977Z] [INFO] Scheduled reports check completed
[2025-08-15T16:04:57.979Z] [DEBUG] MongoDB connection closed
[2025-08-15T16:05:07.317Z] [INFO] Checking for scheduled reports...
[2025-08-15T16:05:07.819Z] [DEBUG] Connected to MongoDB
[2025-08-15T16:05:07.867Z] [INFO] Found 2 company databases
[2025-08-15T16:05:07.867Z] [DEBUG] Processing company database: company_ieebsmug
[2025-08-15T16:05:07.909Z] [DEBUG] Skipping company_ieebsmug: No scheduled reports collection found
[2025-08-15T16:05:07.910Z] [DEBUG] Processing company database: company_ry0iwbpw
[2025-08-15T16:05:07.950Z] [DEBUG] Finding reports to execute in company_ry0iwbpw (current time: 2025-08-15T16:05:07.950Z)
[2025-08-15T16:05:07.988Z] [INFO] Found 0 reports to execute in company_ry0iwbpw
[2025-08-15T16:05:07.989Z] [INFO] Scheduled reports check completed
[2025-08-15T16:05:07.990Z] [DEBUG] MongoDB connection closed
[2025-08-15T16:05:17.318Z] [INFO] Checking for scheduled reports...
[2025-08-15T16:05:17.856Z] [DEBUG] Connected to MongoDB
[2025-08-15T16:05:17.916Z] [INFO] Found 2 company databases
[2025-08-15T16:05:17.917Z] [DEBUG] Processing company database: company_ieebsmug
[2025-08-15T16:05:17.961Z] [DEBUG] Skipping company_ieebsmug: No scheduled reports collection found
[2025-08-15T16:05:17.961Z] [DEBUG] Processing company database: company_ry0iwbpw
[2025-08-15T16:05:18.001Z] [DEBUG] Finding reports to execute in company_ry0iwbpw (current time: 2025-08-15T16:05:18.001Z)
[2025-08-15T16:05:18.038Z] [INFO] Found 0 reports to execute in company_ry0iwbpw
[2025-08-15T16:05:18.038Z] [INFO] Scheduled reports check completed
[2025-08-15T16:05:18.040Z] [DEBUG] MongoDB connection closed
[2025-08-15T16:05:27.319Z] [INFO] Checking for scheduled reports...
[2025-08-15T16:05:27.785Z] [DEBUG] Connected to MongoDB
[2025-08-15T16:05:27.832Z] [INFO] Found 2 company databases
[2025-08-15T16:05:27.832Z] [DEBUG] Processing company database: company_ieebsmug
[2025-08-15T16:05:27.870Z] [DEBUG] Skipping company_ieebsmug: No scheduled reports collection found
[2025-08-15T16:05:27.871Z] [DEBUG] Processing company database: company_ry0iwbpw
[2025-08-15T16:05:27.909Z] [DEBUG] Finding reports to execute in company_ry0iwbpw (current time: 2025-08-15T16:05:27.909Z)
[2025-08-15T16:05:27.949Z] [INFO] Found 0 reports to execute in company_ry0iwbpw
[2025-08-15T16:05:27.950Z] [INFO] Scheduled reports check completed
[2025-08-15T16:05:27.951Z] [DEBUG] MongoDB connection closed
[2025-08-15T16:05:37.320Z] [INFO] Checking for scheduled reports...
[2025-08-15T16:05:37.797Z] [DEBUG] Connected to MongoDB
[2025-08-15T16:05:37.845Z] [INFO] Found 2 company databases
[2025-08-15T16:05:37.845Z] [DEBUG] Processing company database: company_ieebsmug
[2025-08-15T16:05:37.886Z] [DEBUG] Skipping company_ieebsmug: No scheduled reports collection found
[2025-08-15T16:05:37.887Z] [DEBUG] Processing company database: company_ry0iwbpw
[2025-08-15T16:05:37.925Z] [DEBUG] Finding reports to execute in company_ry0iwbpw (current time: 2025-08-15T16:05:37.925Z)
[2025-08-15T16:05:37.964Z] [INFO] Found 0 reports to execute in company_ry0iwbpw
[2025-08-15T16:05:37.965Z] [INFO] Scheduled reports check completed
[2025-08-15T16:05:37.967Z] [DEBUG] MongoDB connection closed
[2025-08-15T16:05:47.322Z] [INFO] Checking for scheduled reports...
[2025-08-15T16:05:47.812Z] [DEBUG] Connected to MongoDB
[2025-08-15T16:05:47.858Z] [INFO] Found 2 company databases
[2025-08-15T16:05:47.858Z] [DEBUG] Processing company database: company_ieebsmug
[2025-08-15T16:05:47.896Z] [DEBUG] Skipping company_ieebsmug: No scheduled reports collection found
[2025-08-15T16:05:47.897Z] [DEBUG] Processing company database: company_ry0iwbpw
[2025-08-15T16:05:47.937Z] [DEBUG] Finding reports to execute in company_ry0iwbpw (current time: 2025-08-15T16:05:47.937Z)
[2025-08-15T16:05:47.978Z] [INFO] Found 0 reports to execute in company_ry0iwbpw
[2025-08-15T16:05:47.979Z] [INFO] Scheduled reports check completed
[2025-08-15T16:05:47.981Z] [DEBUG] MongoDB connection closed
[2025-08-15T16:05:57.324Z] [INFO] Checking for scheduled reports...
[2025-08-15T16:05:57.914Z] [DEBUG] Connected to MongoDB
[2025-08-15T16:05:57.960Z] [INFO] Found 2 company databases
[2025-08-15T16:05:57.960Z] [DEBUG] Processing company database: company_ieebsmug
[2025-08-15T16:05:58.031Z] [DEBUG] Skipping company_ieebsmug: No scheduled reports collection found
[2025-08-15T16:05:58.032Z] [DEBUG] Processing company database: company_ry0iwbpw
[2025-08-15T16:05:58.070Z] [DEBUG] Finding reports to execute in company_ry0iwbpw (current time: 2025-08-15T16:05:58.070Z)
[2025-08-15T16:05:58.106Z] [INFO] Found 0 reports to execute in company_ry0iwbpw
[2025-08-15T16:05:58.107Z] [INFO] Scheduled reports check completed
[2025-08-15T16:05:58.108Z] [DEBUG] MongoDB connection closed
[2025-08-15T16:06:07.325Z] [INFO] Checking for scheduled reports...
[2025-08-15T16:06:07.837Z] [DEBUG] Connected to MongoDB
[2025-08-15T16:06:07.885Z] [INFO] Found 2 company databases
[2025-08-15T16:06:07.886Z] [DEBUG] Processing company database: company_ieebsmug
[2025-08-15T16:06:07.924Z] [DEBUG] Skipping company_ieebsmug: No scheduled reports collection found
[2025-08-15T16:06:07.924Z] [DEBUG] Processing company database: company_ry0iwbpw
[2025-08-15T16:06:07.973Z] [DEBUG] Finding reports to execute in company_ry0iwbpw (current time: 2025-08-15T16:06:07.973Z)
[2025-08-15T16:06:08.011Z] [INFO] Found 0 reports to execute in company_ry0iwbpw
[2025-08-15T16:06:08.012Z] [INFO] Scheduled reports check completed
[2025-08-15T16:06:08.015Z] [DEBUG] MongoDB connection closed
[2025-08-15T16:06:17.325Z] [INFO] Checking for scheduled reports...
[2025-08-15T16:06:17.836Z] [DEBUG] Connected to MongoDB
[2025-08-15T16:06:17.890Z] [INFO] Found 2 company databases
[2025-08-15T16:06:17.891Z] [DEBUG] Processing company database: company_ieebsmug
[2025-08-15T16:06:17.930Z] [DEBUG] Skipping company_ieebsmug: No scheduled reports collection found
[2025-08-15T16:06:17.930Z] [DEBUG] Processing company database: company_ry0iwbpw
[2025-08-15T16:06:17.970Z] [DEBUG] Finding reports to execute in company_ry0iwbpw (current time: 2025-08-15T16:06:17.969Z)
[2025-08-15T16:06:18.009Z] [INFO] Found 0 reports to execute in company_ry0iwbpw
[2025-08-15T16:06:18.009Z] [INFO] Scheduled reports check completed
[2025-08-15T16:06:18.013Z] [DEBUG] MongoDB connection closed
[2025-08-15T16:06:27.326Z] [INFO] Checking for scheduled reports...
[2025-08-15T16:06:27.796Z] [DEBUG] Connected to MongoDB
[2025-08-15T16:06:27.854Z] [INFO] Found 2 company databases
[2025-08-15T16:06:27.855Z] [DEBUG] Processing company database: company_ieebsmug
[2025-08-15T16:06:27.894Z] [DEBUG] Skipping company_ieebsmug: No scheduled reports collection found
[2025-08-15T16:06:27.895Z] [DEBUG] Processing company database: company_ry0iwbpw
[2025-08-15T16:06:27.936Z] [DEBUG] Finding reports to execute in company_ry0iwbpw (current time: 2025-08-15T16:06:27.936Z)
[2025-08-15T16:06:27.976Z] [INFO] Found 0 reports to execute in company_ry0iwbpw
[2025-08-15T16:06:27.976Z] [INFO] Scheduled reports check completed
[2025-08-15T16:06:27.978Z] [DEBUG] MongoDB connection closed
[2025-08-15T16:06:37.327Z] [INFO] Checking for scheduled reports...
[2025-08-15T16:06:37.804Z] [DEBUG] Connected to MongoDB
[2025-08-15T16:06:37.851Z] [INFO] Found 2 company databases
[2025-08-15T16:06:37.851Z] [DEBUG] Processing company database: company_ieebsmug
[2025-08-15T16:06:37.904Z] [DEBUG] Skipping company_ieebsmug: No scheduled reports collection found
[2025-08-15T16:06:37.905Z] [DEBUG] Processing company database: company_ry0iwbpw
[2025-08-15T16:06:37.952Z] [DEBUG] Finding reports to execute in company_ry0iwbpw (current time: 2025-08-15T16:06:37.952Z)
[2025-08-15T16:06:37.994Z] [INFO] Found 0 reports to execute in company_ry0iwbpw
[2025-08-15T16:06:37.995Z] [INFO] Scheduled reports check completed
[2025-08-15T16:06:38.001Z] [DEBUG] MongoDB connection closed
[2025-08-15T16:06:47.328Z] [INFO] Checking for scheduled reports...
[2025-08-15T16:06:47.842Z] [DEBUG] Connected to MongoDB
[2025-08-15T16:06:47.891Z] [INFO] Found 2 company databases
[2025-08-15T16:06:47.892Z] [DEBUG] Processing company database: company_ieebsmug
[2025-08-15T16:06:47.931Z] [DEBUG] Skipping company_ieebsmug: No scheduled reports collection found
[2025-08-15T16:06:47.931Z] [DEBUG] Processing company database: company_ry0iwbpw
[2025-08-15T16:06:47.973Z] [DEBUG] Finding reports to execute in company_ry0iwbpw (current time: 2025-08-15T16:06:47.973Z)
[2025-08-15T16:06:48.012Z] [INFO] Found 0 reports to execute in company_ry0iwbpw
[2025-08-15T16:06:48.013Z] [INFO] Scheduled reports check completed
[2025-08-15T16:06:48.014Z] [DEBUG] MongoDB connection closed
[2025-08-15T16:06:57.329Z] [INFO] Checking for scheduled reports...
[2025-08-15T16:06:57.915Z] [DEBUG] Connected to MongoDB
[2025-08-15T16:06:57.966Z] [INFO] Found 2 company databases
[2025-08-15T16:06:57.967Z] [DEBUG] Processing company database: company_ieebsmug
[2025-08-15T16:06:58.006Z] [DEBUG] Skipping company_ieebsmug: No scheduled reports collection found
[2025-08-15T16:06:58.006Z] [DEBUG] Processing company database: company_ry0iwbpw
[2025-08-15T16:06:58.048Z] [DEBUG] Finding reports to execute in company_ry0iwbpw (current time: 2025-08-15T16:06:58.048Z)
[2025-08-15T16:06:58.088Z] [INFO] Found 0 reports to execute in company_ry0iwbpw
[2025-08-15T16:06:58.088Z] [INFO] Scheduled reports check completed
[2025-08-15T16:06:58.090Z] [DEBUG] MongoDB connection closed
[2025-08-15T16:07:07.330Z] [INFO] Checking for scheduled reports...
[2025-08-15T16:07:07.808Z] [DEBUG] Connected to MongoDB
[2025-08-15T16:07:07.857Z] [INFO] Found 2 company databases
[2025-08-15T16:07:07.858Z] [DEBUG] Processing company database: company_ieebsmug
[2025-08-15T16:07:07.898Z] [DEBUG] Skipping company_ieebsmug: No scheduled reports collection found
[2025-08-15T16:07:07.899Z] [DEBUG] Processing company database: company_ry0iwbpw
[2025-08-15T16:07:07.938Z] [DEBUG] Finding reports to execute in company_ry0iwbpw (current time: 2025-08-15T16:07:07.938Z)
[2025-08-15T16:07:07.979Z] [INFO] Found 0 reports to execute in company_ry0iwbpw
[2025-08-15T16:07:07.980Z] [INFO] Scheduled reports check completed
[2025-08-15T16:07:07.982Z] [DEBUG] MongoDB connection closed
[2025-08-15T16:07:17.331Z] [INFO] Checking for scheduled reports...
[2025-08-15T16:07:17.849Z] [DEBUG] Connected to MongoDB
[2025-08-15T16:07:17.904Z] [INFO] Found 2 company databases
[2025-08-15T16:07:17.905Z] [DEBUG] Processing company database: company_ieebsmug
[2025-08-15T16:07:17.943Z] [DEBUG] Skipping company_ieebsmug: No scheduled reports collection found
[2025-08-15T16:07:17.943Z] [DEBUG] Processing company database: company_ry0iwbpw
[2025-08-15T16:07:17.984Z] [DEBUG] Finding reports to execute in company_ry0iwbpw (current time: 2025-08-15T16:07:17.984Z)
[2025-08-15T16:07:18.024Z] [INFO] Found 0 reports to execute in company_ry0iwbpw
[2025-08-15T16:07:18.025Z] [INFO] Scheduled reports check completed
[2025-08-15T16:07:18.027Z] [DEBUG] MongoDB connection closed
[2025-08-15T16:07:27.332Z] [INFO] Checking for scheduled reports...
[2025-08-15T16:07:27.775Z] [DEBUG] Connected to MongoDB
[2025-08-15T16:07:27.822Z] [INFO] Found 2 company databases
[2025-08-15T16:07:27.822Z] [DEBUG] Processing company database: company_ieebsmug
[2025-08-15T16:07:27.859Z] [DEBUG] Skipping company_ieebsmug: No scheduled reports collection found
[2025-08-15T16:07:27.860Z] [DEBUG] Processing company database: company_ry0iwbpw
[2025-08-15T16:07:27.901Z] [DEBUG] Finding reports to execute in company_ry0iwbpw (current time: 2025-08-15T16:07:27.901Z)
[2025-08-15T16:07:27.937Z] [INFO] Found 0 reports to execute in company_ry0iwbpw
[2025-08-15T16:07:27.937Z] [INFO] Scheduled reports check completed
[2025-08-15T16:07:27.937Z] [DEBUG] MongoDB connection closed
[2025-08-15T16:07:37.333Z] [INFO] Checking for scheduled reports...
[2025-08-15T16:07:37.801Z] [DEBUG] Connected to MongoDB
[2025-08-15T16:07:37.846Z] [INFO] Found 2 company databases
[2025-08-15T16:07:37.847Z] [DEBUG] Processing company database: company_ieebsmug
[2025-08-15T16:07:37.887Z] [DEBUG] Skipping company_ieebsmug: No scheduled reports collection found
[2025-08-15T16:07:37.887Z] [DEBUG] Processing company database: company_ry0iwbpw
[2025-08-15T16:07:37.925Z] [DEBUG] Finding reports to execute in company_ry0iwbpw (current time: 2025-08-15T16:07:37.925Z)
[2025-08-15T16:07:37.964Z] [INFO] Found 0 reports to execute in company_ry0iwbpw
[2025-08-15T16:07:37.965Z] [INFO] Scheduled reports check completed
[2025-08-15T16:07:37.966Z] [DEBUG] MongoDB connection closed
[2025-08-15T16:07:47.334Z] [INFO] Checking for scheduled reports...
[2025-08-15T16:07:47.817Z] [DEBUG] Connected to MongoDB
[2025-08-15T16:07:47.864Z] [INFO] Found 2 company databases
[2025-08-15T16:07:47.864Z] [DEBUG] Processing company database: company_ieebsmug
[2025-08-15T16:07:47.906Z] [DEBUG] Skipping company_ieebsmug: No scheduled reports collection found
[2025-08-15T16:07:47.907Z] [DEBUG] Processing company database: company_ry0iwbpw
[2025-08-15T16:07:47.947Z] [DEBUG] Finding reports to execute in company_ry0iwbpw (current time: 2025-08-15T16:07:47.947Z)
[2025-08-15T16:07:47.984Z] [INFO] Found 0 reports to execute in company_ry0iwbpw
[2025-08-15T16:07:47.984Z] [INFO] Scheduled reports check completed
[2025-08-15T16:07:47.986Z] [DEBUG] MongoDB connection closed
[2025-08-15T16:07:57.335Z] [INFO] Checking for scheduled reports...
[2025-08-15T16:07:57.875Z] [DEBUG] Connected to MongoDB
[2025-08-15T16:07:57.948Z] [INFO] Found 2 company databases
[2025-08-15T16:07:57.948Z] [DEBUG] Processing company database: company_ieebsmug
[2025-08-15T16:07:57.986Z] [DEBUG] Skipping company_ieebsmug: No scheduled reports collection found
[2025-08-15T16:07:57.986Z] [DEBUG] Processing company database: company_ry0iwbpw
[2025-08-15T16:07:58.038Z] [DEBUG] Finding reports to execute in company_ry0iwbpw (current time: 2025-08-15T16:07:58.038Z)
[2025-08-15T16:07:58.078Z] [INFO] Found 0 reports to execute in company_ry0iwbpw
[2025-08-15T16:07:58.078Z] [INFO] Scheduled reports check completed
[2025-08-15T16:07:58.079Z] [DEBUG] MongoDB connection closed
[2025-08-15T16:08:07.336Z] [INFO] Checking for scheduled reports...
[2025-08-15T16:08:07.884Z] [DEBUG] Connected to MongoDB
[2025-08-15T16:08:07.930Z] [INFO] Found 2 company databases
[2025-08-15T16:08:07.931Z] [DEBUG] Processing company database: company_ieebsmug
[2025-08-15T16:08:07.970Z] [DEBUG] Skipping company_ieebsmug: No scheduled reports collection found
[2025-08-15T16:08:07.970Z] [DEBUG] Processing company database: company_ry0iwbpw
[2025-08-15T16:08:08.008Z] [DEBUG] Finding reports to execute in company_ry0iwbpw (current time: 2025-08-15T16:08:08.008Z)
[2025-08-15T16:08:08.045Z] [INFO] Found 0 reports to execute in company_ry0iwbpw
[2025-08-15T16:08:08.045Z] [INFO] Scheduled reports check completed
[2025-08-15T16:08:08.046Z] [DEBUG] MongoDB connection closed
[2025-08-15T16:08:17.336Z] [INFO] Checking for scheduled reports...
[2025-08-15T16:08:17.880Z] [DEBUG] Connected to MongoDB
[2025-08-15T16:08:17.928Z] [INFO] Found 2 company databases
[2025-08-15T16:08:17.928Z] [DEBUG] Processing company database: company_ieebsmug
[2025-08-15T16:08:17.968Z] [DEBUG] Skipping company_ieebsmug: No scheduled reports collection found
[2025-08-15T16:08:17.969Z] [DEBUG] Processing company database: company_ry0iwbpw
[2025-08-15T16:08:18.008Z] [DEBUG] Finding reports to execute in company_ry0iwbpw (current time: 2025-08-15T16:08:18.008Z)
[2025-08-15T16:08:18.047Z] [INFO] Found 0 reports to execute in company_ry0iwbpw
[2025-08-15T16:08:18.048Z] [INFO] Scheduled reports check completed
[2025-08-15T16:08:18.050Z] [DEBUG] MongoDB connection closed
[2025-08-15T16:08:27.337Z] [INFO] Checking for scheduled reports...
[2025-08-15T16:08:27.824Z] [DEBUG] Connected to MongoDB
[2025-08-15T16:08:27.871Z] [INFO] Found 2 company databases
[2025-08-15T16:08:27.871Z] [DEBUG] Processing company database: company_ieebsmug
[2025-08-15T16:08:27.908Z] [DEBUG] Skipping company_ieebsmug: No scheduled reports collection found
[2025-08-15T16:08:27.909Z] [DEBUG] Processing company database: company_ry0iwbpw
[2025-08-15T16:08:27.947Z] [DEBUG] Finding reports to execute in company_ry0iwbpw (current time: 2025-08-15T16:08:27.947Z)
[2025-08-15T16:08:27.984Z] [INFO] Found 0 reports to execute in company_ry0iwbpw
[2025-08-15T16:08:27.985Z] [INFO] Scheduled reports check completed
[2025-08-15T16:08:27.986Z] [DEBUG] MongoDB connection closed
[2025-08-15T16:08:37.338Z] [INFO] Checking for scheduled reports...
[2025-08-15T16:08:37.854Z] [DEBUG] Connected to MongoDB
[2025-08-15T16:08:37.900Z] [INFO] Found 2 company databases
[2025-08-15T16:08:37.901Z] [DEBUG] Processing company database: company_ieebsmug
[2025-08-15T16:08:37.939Z] [DEBUG] Skipping company_ieebsmug: No scheduled reports collection found
[2025-08-15T16:08:37.939Z] [DEBUG] Processing company database: company_ry0iwbpw
[2025-08-15T16:08:37.978Z] [DEBUG] Finding reports to execute in company_ry0iwbpw (current time: 2025-08-15T16:08:37.978Z)
[2025-08-15T16:08:38.016Z] [INFO] Found 0 reports to execute in company_ry0iwbpw
[2025-08-15T16:08:38.017Z] [INFO] Scheduled reports check completed
[2025-08-15T16:08:38.018Z] [DEBUG] MongoDB connection closed
[2025-08-15T16:08:47.339Z] [INFO] Checking for scheduled reports...
[2025-08-15T16:08:47.844Z] [DEBUG] Connected to MongoDB
[2025-08-15T16:08:47.892Z] [INFO] Found 2 company databases
[2025-08-15T16:08:47.892Z] [DEBUG] Processing company database: company_ieebsmug
[2025-08-15T16:08:47.932Z] [DEBUG] Skipping company_ieebsmug: No scheduled reports collection found
[2025-08-15T16:08:47.933Z] [DEBUG] Processing company database: company_ry0iwbpw
[2025-08-15T16:08:47.974Z] [DEBUG] Finding reports to execute in company_ry0iwbpw (current time: 2025-08-15T16:08:47.974Z)
[2025-08-15T16:08:48.017Z] [INFO] Found 0 reports to execute in company_ry0iwbpw
[2025-08-15T16:08:48.018Z] [INFO] Scheduled reports check completed
[2025-08-15T16:08:48.020Z] [DEBUG] MongoDB connection closed
[2025-08-15T16:08:57.340Z] [INFO] Checking for scheduled reports...
[2025-08-15T16:08:57.845Z] [DEBUG] Connected to MongoDB
[2025-08-15T16:08:57.891Z] [INFO] Found 2 company databases
[2025-08-15T16:08:57.891Z] [DEBUG] Processing company database: company_ieebsmug
[2025-08-15T16:08:57.935Z] [DEBUG] Skipping company_ieebsmug: No scheduled reports collection found
[2025-08-15T16:08:57.936Z] [DEBUG] Processing company database: company_ry0iwbpw
[2025-08-15T16:08:57.979Z] [DEBUG] Finding reports to execute in company_ry0iwbpw (current time: 2025-08-15T16:08:57.978Z)
[2025-08-15T16:08:58.016Z] [INFO] Found 0 reports to execute in company_ry0iwbpw
[2025-08-15T16:08:58.017Z] [INFO] Scheduled reports check completed
[2025-08-15T16:08:58.018Z] [DEBUG] MongoDB connection closed
[2025-08-15T16:09:07.341Z] [INFO] Checking for scheduled reports...
[2025-08-15T16:09:07.820Z] [DEBUG] Connected to MongoDB
[2025-08-15T16:09:07.877Z] [INFO] Found 2 company databases
[2025-08-15T16:09:07.877Z] [DEBUG] Processing company database: company_ieebsmug
[2025-08-15T16:09:07.917Z] [DEBUG] Skipping company_ieebsmug: No scheduled reports collection found
[2025-08-15T16:09:07.918Z] [DEBUG] Processing company database: company_ry0iwbpw
[2025-08-15T16:09:07.957Z] [DEBUG] Finding reports to execute in company_ry0iwbpw (current time: 2025-08-15T16:09:07.957Z)
[2025-08-15T16:09:07.996Z] [INFO] Found 0 reports to execute in company_ry0iwbpw
[2025-08-15T16:09:07.997Z] [INFO] Scheduled reports check completed
[2025-08-15T16:09:07.999Z] [DEBUG] MongoDB connection closed
[2025-08-15T16:09:17.342Z] [INFO] Checking for scheduled reports...
[2025-08-15T16:09:17.873Z] [DEBUG] Connected to MongoDB
[2025-08-15T16:09:17.919Z] [INFO] Found 2 company databases
[2025-08-15T16:09:17.920Z] [DEBUG] Processing company database: company_ieebsmug
[2025-08-15T16:09:17.956Z] [DEBUG] Skipping company_ieebsmug: No scheduled reports collection found
[2025-08-15T16:09:17.957Z] [DEBUG] Processing company database: company_ry0iwbpw
[2025-08-15T16:09:18.001Z] [DEBUG] Finding reports to execute in company_ry0iwbpw (current time: 2025-08-15T16:09:18.001Z)
[2025-08-15T16:09:18.040Z] [INFO] Found 0 reports to execute in company_ry0iwbpw
[2025-08-15T16:09:18.041Z] [INFO] Scheduled reports check completed
[2025-08-15T16:09:18.042Z] [DEBUG] MongoDB connection closed
[2025-08-15T16:09:27.343Z] [INFO] Checking for scheduled reports...
[2025-08-15T16:09:27.819Z] [DEBUG] Connected to MongoDB
[2025-08-15T16:09:27.865Z] [INFO] Found 2 company databases
[2025-08-15T16:09:27.865Z] [DEBUG] Processing company database: company_ieebsmug
[2025-08-15T16:09:27.910Z] [DEBUG] Skipping company_ieebsmug: No scheduled reports collection found
[2025-08-15T16:09:27.911Z] [DEBUG] Processing company database: company_ry0iwbpw
[2025-08-15T16:09:27.949Z] [DEBUG] Finding reports to execute in company_ry0iwbpw (current time: 2025-08-15T16:09:27.949Z)
[2025-08-15T16:09:27.986Z] [INFO] Found 0 reports to execute in company_ry0iwbpw
[2025-08-15T16:09:27.986Z] [INFO] Scheduled reports check completed
[2025-08-15T16:09:27.988Z] [DEBUG] MongoDB connection closed
[2025-08-15T16:09:37.344Z] [INFO] Checking for scheduled reports...
[2025-08-15T16:09:37.804Z] [DEBUG] Connected to MongoDB
[2025-08-15T16:09:37.852Z] [INFO] Found 2 company databases
[2025-08-15T16:09:37.852Z] [DEBUG] Processing company database: company_ieebsmug
[2025-08-15T16:09:37.893Z] [DEBUG] Skipping company_ieebsmug: No scheduled reports collection found
[2025-08-15T16:09:37.893Z] [DEBUG] Processing company database: company_ry0iwbpw
[2025-08-15T16:09:37.930Z] [DEBUG] Finding reports to execute in company_ry0iwbpw (current time: 2025-08-15T16:09:37.930Z)
[2025-08-15T16:09:37.968Z] [INFO] Found 0 reports to execute in company_ry0iwbpw
[2025-08-15T16:09:37.968Z] [INFO] Scheduled reports check completed
[2025-08-15T16:09:37.970Z] [DEBUG] MongoDB connection closed
[2025-08-15T16:09:47.345Z] [INFO] Checking for scheduled reports...
[2025-08-15T16:09:47.854Z] [DEBUG] Connected to MongoDB
[2025-08-15T16:09:47.908Z] [INFO] Found 2 company databases
[2025-08-15T16:09:47.908Z] [DEBUG] Processing company database: company_ieebsmug
[2025-08-15T16:09:47.949Z] [DEBUG] Skipping company_ieebsmug: No scheduled reports collection found
[2025-08-15T16:09:47.950Z] [DEBUG] Processing company database: company_ry0iwbpw
[2025-08-15T16:09:47.990Z] [DEBUG] Finding reports to execute in company_ry0iwbpw (current time: 2025-08-15T16:09:47.990Z)
[2025-08-15T16:09:48.033Z] [INFO] Found 0 reports to execute in company_ry0iwbpw
[2025-08-15T16:09:48.034Z] [INFO] Scheduled reports check completed
[2025-08-15T16:09:48.036Z] [DEBUG] MongoDB connection closed
[2025-08-15T16:09:57.346Z] [INFO] Checking for scheduled reports...
[2025-08-15T16:09:57.918Z] [DEBUG] Connected to MongoDB
[2025-08-15T16:09:57.966Z] [INFO] Found 2 company databases
[2025-08-15T16:09:57.966Z] [DEBUG] Processing company database: company_ieebsmug
[2025-08-15T16:09:58.005Z] [DEBUG] Skipping company_ieebsmug: No scheduled reports collection found
[2025-08-15T16:09:58.006Z] [DEBUG] Processing company database: company_ry0iwbpw
[2025-08-15T16:09:58.046Z] [DEBUG] Finding reports to execute in company_ry0iwbpw (current time: 2025-08-15T16:09:58.046Z)
[2025-08-15T16:09:58.086Z] [INFO] Found 0 reports to execute in company_ry0iwbpw
[2025-08-15T16:09:58.087Z] [INFO] Scheduled reports check completed
[2025-08-15T16:09:58.089Z] [DEBUG] MongoDB connection closed
[2025-08-15T16:10:07.347Z] [INFO] Checking for scheduled reports...
[2025-08-15T16:10:07.842Z] [DEBUG] Connected to MongoDB
[2025-08-15T16:10:07.888Z] [INFO] Found 2 company databases
[2025-08-15T16:10:07.889Z] [DEBUG] Processing company database: company_ieebsmug
[2025-08-15T16:10:07.929Z] [DEBUG] Skipping company_ieebsmug: No scheduled reports collection found
[2025-08-15T16:10:07.929Z] [DEBUG] Processing company database: company_ry0iwbpw
[2025-08-15T16:10:07.969Z] [DEBUG] Finding reports to execute in company_ry0iwbpw (current time: 2025-08-15T16:10:07.969Z)
[2025-08-15T16:10:08.006Z] [INFO] Found 0 reports to execute in company_ry0iwbpw
[2025-08-15T16:10:08.007Z] [INFO] Scheduled reports check completed
[2025-08-15T16:10:08.008Z] [DEBUG] MongoDB connection closed
[2025-08-15T16:10:17.348Z] [INFO] Checking for scheduled reports...
[2025-08-15T16:10:17.830Z] [DEBUG] Connected to MongoDB
[2025-08-15T16:10:17.883Z] [INFO] Found 2 company databases
[2025-08-15T16:10:17.883Z] [DEBUG] Processing company database: company_ieebsmug
[2025-08-15T16:10:17.924Z] [DEBUG] Skipping company_ieebsmug: No scheduled reports collection found
[2025-08-15T16:10:17.925Z] [DEBUG] Processing company database: company_ry0iwbpw
[2025-08-15T16:10:17.962Z] [DEBUG] Finding reports to execute in company_ry0iwbpw (current time: 2025-08-15T16:10:17.962Z)
[2025-08-15T16:10:18.001Z] [INFO] Found 0 reports to execute in company_ry0iwbpw
[2025-08-15T16:10:18.002Z] [INFO] Scheduled reports check completed
[2025-08-15T16:10:18.004Z] [DEBUG] MongoDB connection closed
[2025-08-15T16:10:27.348Z] [INFO] Checking for scheduled reports...
[2025-08-15T16:10:27.826Z] [DEBUG] Connected to MongoDB
[2025-08-15T16:10:27.872Z] [INFO] Found 2 company databases
[2025-08-15T16:10:27.873Z] [DEBUG] Processing company database: company_ieebsmug
[2025-08-15T16:10:27.910Z] [DEBUG] Skipping company_ieebsmug: No scheduled reports collection found
[2025-08-15T16:10:27.910Z] [DEBUG] Processing company database: company_ry0iwbpw
[2025-08-15T16:10:27.948Z] [DEBUG] Finding reports to execute in company_ry0iwbpw (current time: 2025-08-15T16:10:27.947Z)
[2025-08-15T16:10:27.986Z] [INFO] Found 0 reports to execute in company_ry0iwbpw
[2025-08-15T16:10:27.987Z] [INFO] Scheduled reports check completed
[2025-08-15T16:10:27.988Z] [DEBUG] MongoDB connection closed
[2025-08-15T16:10:37.350Z] [INFO] Checking for scheduled reports...
[2025-08-15T16:10:37.836Z] [DEBUG] Connected to MongoDB
[2025-08-15T16:10:37.887Z] [INFO] Found 2 company databases
[2025-08-15T16:10:37.887Z] [DEBUG] Processing company database: company_ieebsmug
[2025-08-15T16:10:37.933Z] [DEBUG] Skipping company_ieebsmug: No scheduled reports collection found
[2025-08-15T16:10:37.933Z] [DEBUG] Processing company database: company_ry0iwbpw
[2025-08-15T16:10:37.973Z] [DEBUG] Finding reports to execute in company_ry0iwbpw (current time: 2025-08-15T16:10:37.973Z)
[2025-08-15T16:10:38.013Z] [INFO] Found 0 reports to execute in company_ry0iwbpw
[2025-08-15T16:10:38.013Z] [INFO] Scheduled reports check completed
[2025-08-15T16:10:38.014Z] [DEBUG] MongoDB connection closed
[2025-08-15T16:10:47.350Z] [INFO] Checking for scheduled reports...
[2025-08-15T16:10:47.823Z] [DEBUG] Connected to MongoDB
[2025-08-15T16:10:47.868Z] [INFO] Found 2 company databases
[2025-08-15T16:10:47.868Z] [DEBUG] Processing company database: company_ieebsmug
[2025-08-15T16:10:47.905Z] [DEBUG] Skipping company_ieebsmug: No scheduled reports collection found
[2025-08-15T16:10:47.905Z] [DEBUG] Processing company database: company_ry0iwbpw
[2025-08-15T16:10:47.944Z] [DEBUG] Finding reports to execute in company_ry0iwbpw (current time: 2025-08-15T16:10:47.944Z)
[2025-08-15T16:10:47.981Z] [INFO] Found 0 reports to execute in company_ry0iwbpw
[2025-08-15T16:10:47.981Z] [INFO] Scheduled reports check completed
[2025-08-15T16:10:47.982Z] [DEBUG] MongoDB connection closed
[2025-08-15T16:10:57.352Z] [INFO] Checking for scheduled reports...
[2025-08-15T16:10:57.851Z] [DEBUG] Connected to MongoDB
[2025-08-15T16:10:57.898Z] [INFO] Found 2 company databases
[2025-08-15T16:10:57.899Z] [DEBUG] Processing company database: company_ieebsmug
[2025-08-15T16:10:57.937Z] [DEBUG] Skipping company_ieebsmug: No scheduled reports collection found
[2025-08-15T16:10:57.938Z] [DEBUG] Processing company database: company_ry0iwbpw
[2025-08-15T16:10:57.980Z] [DEBUG] Finding reports to execute in company_ry0iwbpw (current time: 2025-08-15T16:10:57.980Z)
[2025-08-15T16:10:58.020Z] [INFO] Found 0 reports to execute in company_ry0iwbpw
[2025-08-15T16:10:58.021Z] [INFO] Scheduled reports check completed
[2025-08-15T16:10:58.024Z] [DEBUG] MongoDB connection closed
[2025-08-15T16:11:07.353Z] [INFO] Checking for scheduled reports...
[2025-08-15T16:11:07.835Z] [DEBUG] Connected to MongoDB
[2025-08-15T16:11:07.882Z] [INFO] Found 2 company databases
[2025-08-15T16:11:07.882Z] [DEBUG] Processing company database: company_ieebsmug
[2025-08-15T16:11:07.922Z] [DEBUG] Skipping company_ieebsmug: No scheduled reports collection found
[2025-08-15T16:11:07.922Z] [DEBUG] Processing company database: company_ry0iwbpw
[2025-08-15T16:11:07.961Z] [DEBUG] Finding reports to execute in company_ry0iwbpw (current time: 2025-08-15T16:11:07.961Z)
[2025-08-15T16:11:07.998Z] [INFO] Found 0 reports to execute in company_ry0iwbpw
[2025-08-15T16:11:07.999Z] [INFO] Scheduled reports check completed
[2025-08-15T16:11:07.999Z] [DEBUG] MongoDB connection closed
[2025-08-15T16:11:17.354Z] [INFO] Checking for scheduled reports...
[2025-08-15T16:11:17.880Z] [DEBUG] Connected to MongoDB
[2025-08-15T16:11:17.927Z] [INFO] Found 2 company databases
[2025-08-15T16:11:17.928Z] [DEBUG] Processing company database: company_ieebsmug
[2025-08-15T16:11:17.965Z] [DEBUG] Skipping company_ieebsmug: No scheduled reports collection found
[2025-08-15T16:11:17.966Z] [DEBUG] Processing company database: company_ry0iwbpw
[2025-08-15T16:11:18.004Z] [DEBUG] Finding reports to execute in company_ry0iwbpw (current time: 2025-08-15T16:11:18.004Z)
[2025-08-15T16:11:18.042Z] [INFO] Found 0 reports to execute in company_ry0iwbpw
[2025-08-15T16:11:18.042Z] [INFO] Scheduled reports check completed
[2025-08-15T16:11:18.044Z] [DEBUG] MongoDB connection closed
[2025-08-15T16:11:27.355Z] [INFO] Checking for scheduled reports...
[2025-08-15T16:11:27.838Z] [DEBUG] Connected to MongoDB
[2025-08-15T16:11:27.886Z] [INFO] Found 2 company databases
[2025-08-15T16:11:27.886Z] [DEBUG] Processing company database: company_ieebsmug
[2025-08-15T16:11:27.924Z] [DEBUG] Skipping company_ieebsmug: No scheduled reports collection found
[2025-08-15T16:11:27.925Z] [DEBUG] Processing company database: company_ry0iwbpw
[2025-08-15T16:11:27.963Z] [DEBUG] Finding reports to execute in company_ry0iwbpw (current time: 2025-08-15T16:11:27.963Z)
[2025-08-15T16:11:28.003Z] [INFO] Found 0 reports to execute in company_ry0iwbpw
[2025-08-15T16:11:28.003Z] [INFO] Scheduled reports check completed
[2025-08-15T16:11:28.005Z] [DEBUG] MongoDB connection closed
[2025-08-15T16:11:37.356Z] [INFO] Checking for scheduled reports...
[2025-08-15T16:11:37.846Z] [DEBUG] Connected to MongoDB
[2025-08-15T16:11:37.896Z] [INFO] Found 2 company databases
[2025-08-15T16:11:37.896Z] [DEBUG] Processing company database: company_ieebsmug
[2025-08-15T16:11:37.933Z] [DEBUG] Skipping company_ieebsmug: No scheduled reports collection found
[2025-08-15T16:11:37.933Z] [DEBUG] Processing company database: company_ry0iwbpw
[2025-08-15T16:11:37.970Z] [DEBUG] Finding reports to execute in company_ry0iwbpw (current time: 2025-08-15T16:11:37.970Z)
[2025-08-15T16:11:38.017Z] [INFO] Found 0 reports to execute in company_ry0iwbpw
[2025-08-15T16:11:38.017Z] [INFO] Scheduled reports check completed
[2025-08-15T16:11:38.018Z] [DEBUG] MongoDB connection closed
[2025-08-15T16:11:47.356Z] [INFO] Checking for scheduled reports...
[2025-08-15T16:11:47.827Z] [DEBUG] Connected to MongoDB
[2025-08-15T16:11:47.877Z] [INFO] Found 2 company databases
[2025-08-15T16:11:47.877Z] [DEBUG] Processing company database: company_ieebsmug
[2025-08-15T16:11:47.915Z] [DEBUG] Skipping company_ieebsmug: No scheduled reports collection found
[2025-08-15T16:11:47.915Z] [DEBUG] Processing company database: company_ry0iwbpw
[2025-08-15T16:11:47.955Z] [DEBUG] Finding reports to execute in company_ry0iwbpw (current time: 2025-08-15T16:11:47.955Z)
[2025-08-15T16:11:47.994Z] [INFO] Found 0 reports to execute in company_ry0iwbpw
[2025-08-15T16:11:47.995Z] [INFO] Scheduled reports check completed
[2025-08-15T16:11:47.997Z] [DEBUG] MongoDB connection closed
[2025-08-15T16:11:57.358Z] [INFO] Checking for scheduled reports...
[2025-08-15T16:11:57.878Z] [DEBUG] Connected to MongoDB
[2025-08-15T16:11:57.928Z] [INFO] Found 2 company databases
[2025-08-15T16:11:57.928Z] [DEBUG] Processing company database: company_ieebsmug
[2025-08-15T16:11:57.968Z] [DEBUG] Skipping company_ieebsmug: No scheduled reports collection found
[2025-08-15T16:11:57.968Z] [DEBUG] Processing company database: company_ry0iwbpw
[2025-08-15T16:11:58.006Z] [DEBUG] Finding reports to execute in company_ry0iwbpw (current time: 2025-08-15T16:11:58.006Z)
[2025-08-15T16:11:58.044Z] [INFO] Found 0 reports to execute in company_ry0iwbpw
[2025-08-15T16:11:58.044Z] [INFO] Scheduled reports check completed
[2025-08-15T16:11:58.046Z] [DEBUG] MongoDB connection closed
[2025-08-15T16:12:07.359Z] [INFO] Checking for scheduled reports...
[2025-08-15T16:12:07.838Z] [DEBUG] Connected to MongoDB
[2025-08-15T16:12:07.884Z] [INFO] Found 2 company databases
[2025-08-15T16:12:07.885Z] [DEBUG] Processing company database: company_ieebsmug
[2025-08-15T16:12:07.923Z] [DEBUG] Skipping company_ieebsmug: No scheduled reports collection found
[2025-08-15T16:12:07.924Z] [DEBUG] Processing company database: company_ry0iwbpw
[2025-08-15T16:12:07.966Z] [DEBUG] Finding reports to execute in company_ry0iwbpw (current time: 2025-08-15T16:12:07.966Z)
[2025-08-15T16:12:08.009Z] [INFO] Found 0 reports to execute in company_ry0iwbpw
[2025-08-15T16:12:08.010Z] [INFO] Scheduled reports check completed
[2025-08-15T16:12:08.011Z] [DEBUG] MongoDB connection closed
[2025-08-15T16:12:17.360Z] [INFO] Checking for scheduled reports...
[2025-08-15T16:12:17.839Z] [DEBUG] Connected to MongoDB
[2025-08-15T16:12:17.886Z] [INFO] Found 2 company databases
[2025-08-15T16:12:17.886Z] [DEBUG] Processing company database: company_ieebsmug
[2025-08-15T16:12:17.924Z] [DEBUG] Skipping company_ieebsmug: No scheduled reports collection found
[2025-08-15T16:12:17.924Z] [DEBUG] Processing company database: company_ry0iwbpw
[2025-08-15T16:12:17.963Z] [DEBUG] Finding reports to execute in company_ry0iwbpw (current time: 2025-08-15T16:12:17.963Z)
[2025-08-15T16:12:18.003Z] [INFO] Found 0 reports to execute in company_ry0iwbpw
[2025-08-15T16:12:18.003Z] [INFO] Scheduled reports check completed
[2025-08-15T16:12:18.004Z] [DEBUG] MongoDB connection closed
[2025-08-15T16:12:27.361Z] [INFO] Checking for scheduled reports...
[2025-08-15T16:12:27.850Z] [DEBUG] Connected to MongoDB
[2025-08-15T16:12:27.899Z] [INFO] Found 2 company databases
[2025-08-15T16:12:27.900Z] [DEBUG] Processing company database: company_ieebsmug
[2025-08-15T16:12:27.938Z] [DEBUG] Skipping company_ieebsmug: No scheduled reports collection found
[2025-08-15T16:12:27.939Z] [DEBUG] Processing company database: company_ry0iwbpw
[2025-08-15T16:12:27.979Z] [DEBUG] Finding reports to execute in company_ry0iwbpw (current time: 2025-08-15T16:12:27.979Z)
[2025-08-15T16:12:28.020Z] [INFO] Found 0 reports to execute in company_ry0iwbpw
[2025-08-15T16:12:28.020Z] [INFO] Scheduled reports check completed
[2025-08-15T16:12:28.022Z] [DEBUG] MongoDB connection closed
[2025-08-15T16:12:37.361Z] [INFO] Checking for scheduled reports...
[2025-08-15T16:12:37.881Z] [DEBUG] Connected to MongoDB
[2025-08-15T16:12:37.927Z] [INFO] Found 2 company databases
[2025-08-15T16:12:37.928Z] [DEBUG] Processing company database: company_ieebsmug
[2025-08-15T16:12:37.967Z] [DEBUG] Skipping company_ieebsmug: No scheduled reports collection found
[2025-08-15T16:12:37.968Z] [DEBUG] Processing company database: company_ry0iwbpw
[2025-08-15T16:12:38.022Z] [DEBUG] Finding reports to execute in company_ry0iwbpw (current time: 2025-08-15T16:12:38.022Z)
[2025-08-15T16:12:38.060Z] [INFO] Found 0 reports to execute in company_ry0iwbpw
[2025-08-15T16:12:38.060Z] [INFO] Scheduled reports check completed
[2025-08-15T16:12:38.062Z] [DEBUG] MongoDB connection closed
[2025-08-15T16:12:47.363Z] [INFO] Checking for scheduled reports...
[2025-08-15T16:12:47.880Z] [DEBUG] Connected to MongoDB
[2025-08-15T16:12:47.928Z] [INFO] Found 2 company databases
[2025-08-15T16:12:47.929Z] [DEBUG] Processing company database: company_ieebsmug
[2025-08-15T16:12:47.969Z] [DEBUG] Skipping company_ieebsmug: No scheduled reports collection found
[2025-08-15T16:12:47.969Z] [DEBUG] Processing company database: company_ry0iwbpw
[2025-08-15T16:12:48.009Z] [DEBUG] Finding reports to execute in company_ry0iwbpw (current time: 2025-08-15T16:12:48.009Z)
[2025-08-15T16:12:48.050Z] [INFO] Found 0 reports to execute in company_ry0iwbpw
[2025-08-15T16:12:48.050Z] [INFO] Scheduled reports check completed
[2025-08-15T16:12:48.052Z] [DEBUG] MongoDB connection closed
[2025-08-15T16:12:57.363Z] [INFO] Checking for scheduled reports...
[2025-08-15T16:12:57.899Z] [DEBUG] Connected to MongoDB
[2025-08-15T16:12:57.946Z] [INFO] Found 2 company databases
[2025-08-15T16:12:57.946Z] [DEBUG] Processing company database: company_ieebsmug
[2025-08-15T16:12:57.984Z] [DEBUG] Skipping company_ieebsmug: No scheduled reports collection found
[2025-08-15T16:12:57.985Z] [DEBUG] Processing company database: company_ry0iwbpw
[2025-08-15T16:12:58.025Z] [DEBUG] Finding reports to execute in company_ry0iwbpw (current time: 2025-08-15T16:12:58.025Z)
[2025-08-15T16:12:58.080Z] [INFO] Found 0 reports to execute in company_ry0iwbpw
[2025-08-15T16:12:58.080Z] [INFO] Scheduled reports check completed
[2025-08-15T16:12:58.082Z] [DEBUG] MongoDB connection closed
[2025-08-15T16:13:07.365Z] [INFO] Checking for scheduled reports...
[2025-08-15T16:13:07.862Z] [DEBUG] Connected to MongoDB
[2025-08-15T16:13:07.917Z] [INFO] Found 2 company databases
[2025-08-15T16:13:07.917Z] [DEBUG] Processing company database: company_ieebsmug
[2025-08-15T16:13:07.957Z] [DEBUG] Skipping company_ieebsmug: No scheduled reports collection found
[2025-08-15T16:13:07.957Z] [DEBUG] Processing company database: company_ry0iwbpw
[2025-08-15T16:13:08.008Z] [DEBUG] Finding reports to execute in company_ry0iwbpw (current time: 2025-08-15T16:13:08.008Z)
[2025-08-15T16:13:08.048Z] [INFO] Found 0 reports to execute in company_ry0iwbpw
[2025-08-15T16:13:08.048Z] [INFO] Scheduled reports check completed
[2025-08-15T16:13:08.050Z] [DEBUG] MongoDB connection closed
[2025-08-15T16:13:17.367Z] [INFO] Checking for scheduled reports...
[2025-08-15T16:13:17.841Z] [DEBUG] Connected to MongoDB
[2025-08-15T16:13:17.888Z] [INFO] Found 2 company databases
[2025-08-15T16:13:17.889Z] [DEBUG] Processing company database: company_ieebsmug
[2025-08-15T16:13:17.931Z] [DEBUG] Skipping company_ieebsmug: No scheduled reports collection found
[2025-08-15T16:13:17.932Z] [DEBUG] Processing company database: company_ry0iwbpw
[2025-08-15T16:13:17.975Z] [DEBUG] Finding reports to execute in company_ry0iwbpw (current time: 2025-08-15T16:13:17.975Z)
[2025-08-15T16:13:18.014Z] [INFO] Found 0 reports to execute in company_ry0iwbpw
[2025-08-15T16:13:18.015Z] [INFO] Scheduled reports check completed
[2025-08-15T16:13:18.017Z] [DEBUG] MongoDB connection closed
[2025-08-15T16:13:27.367Z] [INFO] Checking for scheduled reports...
[2025-08-15T16:13:27.844Z] [DEBUG] Connected to MongoDB
[2025-08-15T16:13:27.892Z] [INFO] Found 2 company databases
[2025-08-15T16:13:27.892Z] [DEBUG] Processing company database: company_ieebsmug
[2025-08-15T16:13:27.934Z] [DEBUG] Skipping company_ieebsmug: No scheduled reports collection found
[2025-08-15T16:13:27.935Z] [DEBUG] Processing company database: company_ry0iwbpw
[2025-08-15T16:13:27.974Z] [DEBUG] Finding reports to execute in company_ry0iwbpw (current time: 2025-08-15T16:13:27.974Z)
[2025-08-15T16:13:28.028Z] [INFO] Found 0 reports to execute in company_ry0iwbpw
[2025-08-15T16:13:28.028Z] [INFO] Scheduled reports check completed
[2025-08-15T16:13:28.030Z] [DEBUG] MongoDB connection closed
[2025-08-15T16:13:37.368Z] [INFO] Checking for scheduled reports...
[2025-08-15T16:13:37.848Z] [DEBUG] Connected to MongoDB
[2025-08-15T16:13:37.895Z] [INFO] Found 2 company databases
[2025-08-15T16:13:37.896Z] [DEBUG] Processing company database: company_ieebsmug
[2025-08-15T16:13:37.936Z] [DEBUG] Skipping company_ieebsmug: No scheduled reports collection found
[2025-08-15T16:13:37.937Z] [DEBUG] Processing company database: company_ry0iwbpw
[2025-08-15T16:13:37.977Z] [DEBUG] Finding reports to execute in company_ry0iwbpw (current time: 2025-08-15T16:13:37.977Z)
[2025-08-15T16:13:38.016Z] [INFO] Found 0 reports to execute in company_ry0iwbpw
[2025-08-15T16:13:38.017Z] [INFO] Scheduled reports check completed
[2025-08-15T16:13:38.018Z] [DEBUG] MongoDB connection closed
[2025-08-15T16:13:47.369Z] [INFO] Checking for scheduled reports...
[2025-08-15T16:13:47.852Z] [DEBUG] Connected to MongoDB
[2025-08-15T16:13:47.905Z] [INFO] Found 2 company databases
[2025-08-15T16:13:47.905Z] [DEBUG] Processing company database: company_ieebsmug
[2025-08-15T16:13:47.952Z] [DEBUG] Skipping company_ieebsmug: No scheduled reports collection found
[2025-08-15T16:13:47.952Z] [DEBUG] Processing company database: company_ry0iwbpw
[2025-08-15T16:13:48.004Z] [DEBUG] Finding reports to execute in company_ry0iwbpw (current time: 2025-08-15T16:13:48.004Z)
[2025-08-15T16:13:48.044Z] [INFO] Found 0 reports to execute in company_ry0iwbpw
[2025-08-15T16:13:48.044Z] [INFO] Scheduled reports check completed
[2025-08-15T16:13:48.046Z] [DEBUG] MongoDB connection closed
[2025-08-15T16:13:57.370Z] [INFO] Checking for scheduled reports...
[2025-08-15T16:13:57.929Z] [DEBUG] Connected to MongoDB
[2025-08-15T16:13:57.976Z] [INFO] Found 2 company databases
[2025-08-15T16:13:57.976Z] [DEBUG] Processing company database: company_ieebsmug
[2025-08-15T16:13:58.013Z] [DEBUG] Skipping company_ieebsmug: No scheduled reports collection found
[2025-08-15T16:13:58.013Z] [DEBUG] Processing company database: company_ry0iwbpw
[2025-08-15T16:13:58.050Z] [DEBUG] Finding reports to execute in company_ry0iwbpw (current time: 2025-08-15T16:13:58.050Z)
[2025-08-15T16:13:58.088Z] [INFO] Found 0 reports to execute in company_ry0iwbpw
[2025-08-15T16:13:58.088Z] [INFO] Scheduled reports check completed
[2025-08-15T16:13:58.089Z] [DEBUG] MongoDB connection closed
[2025-08-15T16:14:07.371Z] [INFO] Checking for scheduled reports...
[2025-08-15T16:14:07.873Z] [DEBUG] Connected to MongoDB
[2025-08-15T16:14:07.921Z] [INFO] Found 2 company databases
[2025-08-15T16:14:07.921Z] [DEBUG] Processing company database: company_ieebsmug
[2025-08-15T16:14:07.959Z] [DEBUG] Skipping company_ieebsmug: No scheduled reports collection found
[2025-08-15T16:14:07.959Z] [DEBUG] Processing company database: company_ry0iwbpw
[2025-08-15T16:14:07.998Z] [DEBUG] Finding reports to execute in company_ry0iwbpw (current time: 2025-08-15T16:14:07.998Z)
[2025-08-15T16:14:08.036Z] [INFO] Found 0 reports to execute in company_ry0iwbpw
[2025-08-15T16:14:08.037Z] [INFO] Scheduled reports check completed
[2025-08-15T16:14:08.039Z] [DEBUG] MongoDB connection closed
[2025-08-15T16:14:17.373Z] [INFO] Checking for scheduled reports...
[2025-08-15T16:14:17.851Z] [DEBUG] Connected to MongoDB
[2025-08-15T16:14:17.897Z] [INFO] Found 2 company databases
[2025-08-15T16:14:17.897Z] [DEBUG] Processing company database: company_ieebsmug
[2025-08-15T16:14:17.939Z] [DEBUG] Skipping company_ieebsmug: No scheduled reports collection found
[2025-08-15T16:14:17.939Z] [DEBUG] Processing company database: company_ry0iwbpw
[2025-08-15T16:14:17.977Z] [DEBUG] Finding reports to execute in company_ry0iwbpw (current time: 2025-08-15T16:14:17.977Z)
[2025-08-15T16:14:18.015Z] [INFO] Found 0 reports to execute in company_ry0iwbpw
[2025-08-15T16:14:18.015Z] [INFO] Scheduled reports check completed
[2025-08-15T16:14:18.017Z] [DEBUG] MongoDB connection closed
[2025-08-15T16:14:27.373Z] [INFO] Checking for scheduled reports...
[2025-08-15T16:14:27.840Z] [DEBUG] Connected to MongoDB
[2025-08-15T16:14:27.886Z] [INFO] Found 2 company databases
[2025-08-15T16:14:27.887Z] [DEBUG] Processing company database: company_ieebsmug
[2025-08-15T16:14:27.924Z] [DEBUG] Skipping company_ieebsmug: No scheduled reports collection found
[2025-08-15T16:14:27.925Z] [DEBUG] Processing company database: company_ry0iwbpw
[2025-08-15T16:14:27.963Z] [DEBUG] Finding reports to execute in company_ry0iwbpw (current time: 2025-08-15T16:14:27.963Z)
[2025-08-15T16:14:28.005Z] [INFO] Found 0 reports to execute in company_ry0iwbpw
[2025-08-15T16:14:28.005Z] [INFO] Scheduled reports check completed
[2025-08-15T16:14:28.007Z] [DEBUG] MongoDB connection closed
[2025-08-15T16:14:37.375Z] [INFO] Checking for scheduled reports...
[2025-08-15T16:14:37.856Z] [DEBUG] Connected to MongoDB
[2025-08-15T16:14:37.902Z] [INFO] Found 2 company databases
[2025-08-15T16:14:37.902Z] [DEBUG] Processing company database: company_ieebsmug
[2025-08-15T16:14:37.940Z] [DEBUG] Skipping company_ieebsmug: No scheduled reports collection found
[2025-08-15T16:14:37.941Z] [DEBUG] Processing company database: company_ry0iwbpw
[2025-08-15T16:14:37.988Z] [DEBUG] Finding reports to execute in company_ry0iwbpw (current time: 2025-08-15T16:14:37.988Z)
[2025-08-15T16:14:38.042Z] [INFO] Found 0 reports to execute in company_ry0iwbpw
[2025-08-15T16:14:38.042Z] [INFO] Scheduled reports check completed
[2025-08-15T16:14:38.045Z] [DEBUG] MongoDB connection closed
[2025-08-15T16:14:47.376Z] [INFO] Checking for scheduled reports...
[2025-08-15T16:14:47.853Z] [DEBUG] Connected to MongoDB
[2025-08-15T16:14:47.912Z] [INFO] Found 2 company databases
[2025-08-15T16:14:47.913Z] [DEBUG] Processing company database: company_ieebsmug
[2025-08-15T16:14:47.952Z] [DEBUG] Skipping company_ieebsmug: No scheduled reports collection found
[2025-08-15T16:14:47.953Z] [DEBUG] Processing company database: company_ry0iwbpw
[2025-08-15T16:14:47.994Z] [DEBUG] Finding reports to execute in company_ry0iwbpw (current time: 2025-08-15T16:14:47.994Z)
[2025-08-15T16:14:48.041Z] [INFO] Found 0 reports to execute in company_ry0iwbpw
[2025-08-15T16:14:48.041Z] [INFO] Scheduled reports check completed
[2025-08-15T16:14:48.043Z] [DEBUG] MongoDB connection closed
[2025-08-15T16:14:57.377Z] [INFO] Checking for scheduled reports...
[2025-08-15T16:14:57.887Z] [DEBUG] Connected to MongoDB
[2025-08-15T16:14:57.933Z] [INFO] Found 2 company databases
[2025-08-15T16:14:57.933Z] [DEBUG] Processing company database: company_ieebsmug
[2025-08-15T16:14:57.970Z] [DEBUG] Skipping company_ieebsmug: No scheduled reports collection found
[2025-08-15T16:14:57.970Z] [DEBUG] Processing company database: company_ry0iwbpw
[2025-08-15T16:14:58.008Z] [DEBUG] Finding reports to execute in company_ry0iwbpw (current time: 2025-08-15T16:14:58.008Z)
[2025-08-15T16:14:58.045Z] [INFO] Found 0 reports to execute in company_ry0iwbpw
[2025-08-15T16:14:58.045Z] [INFO] Scheduled reports check completed
[2025-08-15T16:14:58.047Z] [DEBUG] MongoDB connection closed
[2025-08-15T16:15:07.378Z] [INFO] Checking for scheduled reports...
[2025-08-15T16:15:07.845Z] [DEBUG] Connected to MongoDB
[2025-08-15T16:15:07.903Z] [INFO] Found 2 company databases
[2025-08-15T16:15:07.904Z] [DEBUG] Processing company database: company_ieebsmug
[2025-08-15T16:15:07.953Z] [DEBUG] Skipping company_ieebsmug: No scheduled reports collection found
[2025-08-15T16:15:07.953Z] [DEBUG] Processing company database: company_ry0iwbpw
[2025-08-15T16:15:07.994Z] [DEBUG] Finding reports to execute in company_ry0iwbpw (current time: 2025-08-15T16:15:07.994Z)
[2025-08-15T16:15:08.034Z] [INFO] Found 0 reports to execute in company_ry0iwbpw
[2025-08-15T16:15:08.035Z] [INFO] Scheduled reports check completed
[2025-08-15T16:15:08.036Z] [DEBUG] MongoDB connection closed
[2025-08-15T16:15:17.379Z] [INFO] Checking for scheduled reports...
[2025-08-15T16:15:17.930Z] [DEBUG] Connected to MongoDB
[2025-08-15T16:15:17.975Z] [INFO] Found 2 company databases
[2025-08-15T16:15:17.976Z] [DEBUG] Processing company database: company_ieebsmug
[2025-08-15T16:15:18.015Z] [DEBUG] Skipping company_ieebsmug: No scheduled reports collection found
[2025-08-15T16:15:18.015Z] [DEBUG] Processing company database: company_ry0iwbpw
[2025-08-15T16:15:18.056Z] [DEBUG] Finding reports to execute in company_ry0iwbpw (current time: 2025-08-15T16:15:18.056Z)
[2025-08-15T16:15:18.095Z] [INFO] Found 0 reports to execute in company_ry0iwbpw
[2025-08-15T16:15:18.095Z] [INFO] Scheduled reports check completed
[2025-08-15T16:15:18.097Z] [DEBUG] MongoDB connection closed
[2025-08-15T16:15:27.380Z] [INFO] Checking for scheduled reports...
[2025-08-15T16:15:27.855Z] [DEBUG] Connected to MongoDB
[2025-08-15T16:15:27.902Z] [INFO] Found 2 company databases
[2025-08-15T16:15:27.902Z] [DEBUG] Processing company database: company_ieebsmug
[2025-08-15T16:15:27.939Z] [DEBUG] Skipping company_ieebsmug: No scheduled reports collection found
[2025-08-15T16:15:27.940Z] [DEBUG] Processing company database: company_ry0iwbpw
[2025-08-15T16:15:27.979Z] [DEBUG] Finding reports to execute in company_ry0iwbpw (current time: 2025-08-15T16:15:27.979Z)
[2025-08-15T16:15:28.032Z] [INFO] Found 0 reports to execute in company_ry0iwbpw
[2025-08-15T16:15:28.033Z] [INFO] Scheduled reports check completed
[2025-08-15T16:15:28.035Z] [DEBUG] MongoDB connection closed
[2025-08-15T16:15:37.382Z] [INFO] Checking for scheduled reports...
[2025-08-15T16:15:37.873Z] [DEBUG] Connected to MongoDB
[2025-08-15T16:15:37.921Z] [INFO] Found 2 company databases
[2025-08-15T16:15:37.921Z] [DEBUG] Processing company database: company_ieebsmug
[2025-08-15T16:15:37.959Z] [DEBUG] Skipping company_ieebsmug: No scheduled reports collection found
[2025-08-15T16:15:37.959Z] [DEBUG] Processing company database: company_ry0iwbpw
[2025-08-15T16:15:38.015Z] [DEBUG] Finding reports to execute in company_ry0iwbpw (current time: 2025-08-15T16:15:38.015Z)
[2025-08-15T16:15:38.054Z] [INFO] Found 0 reports to execute in company_ry0iwbpw
[2025-08-15T16:15:38.055Z] [INFO] Scheduled reports check completed
[2025-08-15T16:15:38.055Z] [DEBUG] MongoDB connection closed
[2025-08-15T16:15:47.382Z] [INFO] Checking for scheduled reports...
[2025-08-15T16:15:47.857Z] [DEBUG] Connected to MongoDB
[2025-08-15T16:15:47.905Z] [INFO] Found 2 company databases
[2025-08-15T16:15:47.906Z] [DEBUG] Processing company database: company_ieebsmug
[2025-08-15T16:15:47.944Z] [DEBUG] Skipping company_ieebsmug: No scheduled reports collection found
[2025-08-15T16:15:47.944Z] [DEBUG] Processing company database: company_ry0iwbpw
[2025-08-15T16:15:47.982Z] [DEBUG] Finding reports to execute in company_ry0iwbpw (current time: 2025-08-15T16:15:47.982Z)
[2025-08-15T16:15:48.018Z] [INFO] Found 0 reports to execute in company_ry0iwbpw
[2025-08-15T16:15:48.018Z] [INFO] Scheduled reports check completed
[2025-08-15T16:15:48.020Z] [DEBUG] MongoDB connection closed
[2025-08-15T16:15:57.383Z] [INFO] Checking for scheduled reports...
[2025-08-15T16:15:57.901Z] [DEBUG] Connected to MongoDB
[2025-08-15T16:15:57.948Z] [INFO] Found 2 company databases
[2025-08-15T16:15:57.948Z] [DEBUG] Processing company database: company_ieebsmug
[2025-08-15T16:15:57.997Z] [DEBUG] Skipping company_ieebsmug: No scheduled reports collection found
[2025-08-15T16:15:57.998Z] [DEBUG] Processing company database: company_ry0iwbpw
[2025-08-15T16:15:58.039Z] [DEBUG] Finding reports to execute in company_ry0iwbpw (current time: 2025-08-15T16:15:58.039Z)
[2025-08-15T16:15:58.078Z] [INFO] Found 0 reports to execute in company_ry0iwbpw
[2025-08-15T16:15:58.079Z] [INFO] Scheduled reports check completed
[2025-08-15T16:15:58.081Z] [DEBUG] MongoDB connection closed
[2025-08-15T16:16:07.383Z] [INFO] Checking for scheduled reports...
[2025-08-15T16:16:07.861Z] [DEBUG] Connected to MongoDB
[2025-08-15T16:16:07.911Z] [INFO] Found 2 company databases
[2025-08-15T16:16:07.912Z] [DEBUG] Processing company database: company_ieebsmug
[2025-08-15T16:16:07.951Z] [DEBUG] Skipping company_ieebsmug: No scheduled reports collection found
[2025-08-15T16:16:07.951Z] [DEBUG] Processing company database: company_ry0iwbpw
[2025-08-15T16:16:07.991Z] [DEBUG] Finding reports to execute in company_ry0iwbpw (current time: 2025-08-15T16:16:07.991Z)
[2025-08-15T16:16:08.033Z] [INFO] Found 0 reports to execute in company_ry0iwbpw
[2025-08-15T16:16:08.033Z] [INFO] Scheduled reports check completed
[2025-08-15T16:16:08.035Z] [DEBUG] MongoDB connection closed
[2025-08-15T16:16:17.385Z] [INFO] Checking for scheduled reports...
[2025-08-15T16:16:17.860Z] [DEBUG] Connected to MongoDB
[2025-08-15T16:16:17.911Z] [INFO] Found 2 company databases
[2025-08-15T16:16:17.911Z] [DEBUG] Processing company database: company_ieebsmug
[2025-08-15T16:16:17.960Z] [DEBUG] Skipping company_ieebsmug: No scheduled reports collection found
[2025-08-15T16:16:17.960Z] [DEBUG] Processing company database: company_ry0iwbpw
[2025-08-15T16:16:18.000Z] [DEBUG] Finding reports to execute in company_ry0iwbpw (current time: 2025-08-15T16:16:18.000Z)
[2025-08-15T16:16:18.039Z] [INFO] Found 0 reports to execute in company_ry0iwbpw
[2025-08-15T16:16:18.040Z] [INFO] Scheduled reports check completed
[2025-08-15T16:16:18.041Z] [DEBUG] MongoDB connection closed
[2025-08-15T16:16:27.386Z] [INFO] Checking for scheduled reports...
[2025-08-15T16:16:27.877Z] [DEBUG] Connected to MongoDB
[2025-08-15T16:16:27.927Z] [INFO] Found 2 company databases
[2025-08-15T16:16:27.928Z] [DEBUG] Processing company database: company_ieebsmug
[2025-08-15T16:16:27.967Z] [DEBUG] Skipping company_ieebsmug: No scheduled reports collection found
[2025-08-15T16:16:27.968Z] [DEBUG] Processing company database: company_ry0iwbpw
[2025-08-15T16:16:28.011Z] [DEBUG] Finding reports to execute in company_ry0iwbpw (current time: 2025-08-15T16:16:28.011Z)
[2025-08-15T16:16:28.051Z] [INFO] Found 0 reports to execute in company_ry0iwbpw
[2025-08-15T16:16:28.051Z] [INFO] Scheduled reports check completed
[2025-08-15T16:16:28.052Z] [DEBUG] MongoDB connection closed
[2025-08-15T16:16:37.387Z] [INFO] Checking for scheduled reports...
[2025-08-15T16:16:37.920Z] [DEBUG] Connected to MongoDB
[2025-08-15T16:16:37.967Z] [INFO] Found 2 company databases
[2025-08-15T16:16:37.968Z] [DEBUG] Processing company database: company_ieebsmug
[2025-08-15T16:16:38.006Z] [DEBUG] Skipping company_ieebsmug: No scheduled reports collection found
[2025-08-15T16:16:38.007Z] [DEBUG] Processing company database: company_ry0iwbpw
[2025-08-15T16:16:38.057Z] [DEBUG] Finding reports to execute in company_ry0iwbpw (current time: 2025-08-15T16:16:38.057Z)
[2025-08-15T16:16:38.096Z] [INFO] Found 0 reports to execute in company_ry0iwbpw
[2025-08-15T16:16:38.097Z] [INFO] Scheduled reports check completed
[2025-08-15T16:16:38.098Z] [DEBUG] MongoDB connection closed
[2025-08-15T16:16:47.389Z] [INFO] Checking for scheduled reports...
[2025-08-15T16:16:47.876Z] [DEBUG] Connected to MongoDB
[2025-08-15T16:16:47.924Z] [INFO] Found 2 company databases
[2025-08-15T16:16:47.924Z] [DEBUG] Processing company database: company_ieebsmug
[2025-08-15T16:16:47.978Z] [DEBUG] Skipping company_ieebsmug: No scheduled reports collection found
[2025-08-15T16:16:47.979Z] [DEBUG] Processing company database: company_ry0iwbpw
[2025-08-15T16:16:48.020Z] [DEBUG] Finding reports to execute in company_ry0iwbpw (current time: 2025-08-15T16:16:48.020Z)
[2025-08-15T16:16:48.058Z] [INFO] Found 0 reports to execute in company_ry0iwbpw
[2025-08-15T16:16:48.059Z] [INFO] Scheduled reports check completed
[2025-08-15T16:16:48.060Z] [DEBUG] MongoDB connection closed
[2025-08-15T16:16:57.389Z] [INFO] Checking for scheduled reports...
[2025-08-15T16:16:57.912Z] [DEBUG] Connected to MongoDB
[2025-08-15T16:16:57.959Z] [INFO] Found 2 company databases
[2025-08-15T16:16:57.960Z] [DEBUG] Processing company database: company_ieebsmug
[2025-08-15T16:16:58.017Z] [DEBUG] Skipping company_ieebsmug: No scheduled reports collection found
[2025-08-15T16:16:58.017Z] [DEBUG] Processing company database: company_ry0iwbpw
[2025-08-15T16:16:58.064Z] [DEBUG] Finding reports to execute in company_ry0iwbpw (current time: 2025-08-15T16:16:58.064Z)
[2025-08-15T16:16:58.103Z] [INFO] Found 0 reports to execute in company_ry0iwbpw
[2025-08-15T16:16:58.104Z] [INFO] Scheduled reports check completed
[2025-08-15T16:16:58.106Z] [DEBUG] MongoDB connection closed
[2025-08-15T16:17:07.390Z] [INFO] Checking for scheduled reports...
[2025-08-15T16:17:07.851Z] [DEBUG] Connected to MongoDB
[2025-08-15T16:17:07.898Z] [INFO] Found 2 company databases
[2025-08-15T16:17:07.898Z] [DEBUG] Processing company database: company_ieebsmug
[2025-08-15T16:17:07.939Z] [DEBUG] Skipping company_ieebsmug: No scheduled reports collection found
[2025-08-15T16:17:07.939Z] [DEBUG] Processing company database: company_ry0iwbpw
[2025-08-15T16:17:07.980Z] [DEBUG] Finding reports to execute in company_ry0iwbpw (current time: 2025-08-15T16:17:07.980Z)
[2025-08-15T16:17:08.016Z] [INFO] Found 0 reports to execute in company_ry0iwbpw
[2025-08-15T16:17:08.017Z] [INFO] Scheduled reports check completed
[2025-08-15T16:17:08.018Z] [DEBUG] MongoDB connection closed
[2025-08-15T16:17:17.391Z] [INFO] Checking for scheduled reports...
[2025-08-15T16:17:17.882Z] [DEBUG] Connected to MongoDB
[2025-08-15T16:17:17.929Z] [INFO] Found 2 company databases
[2025-08-15T16:17:17.930Z] [DEBUG] Processing company database: company_ieebsmug
[2025-08-15T16:17:17.970Z] [DEBUG] Skipping company_ieebsmug: No scheduled reports collection found
[2025-08-15T16:17:17.970Z] [DEBUG] Processing company database: company_ry0iwbpw
[2025-08-15T16:17:18.012Z] [DEBUG] Finding reports to execute in company_ry0iwbpw (current time: 2025-08-15T16:17:18.012Z)
[2025-08-15T16:17:18.053Z] [INFO] Found 0 reports to execute in company_ry0iwbpw
[2025-08-15T16:17:18.053Z] [INFO] Scheduled reports check completed
[2025-08-15T16:17:18.056Z] [DEBUG] MongoDB connection closed
[2025-08-15T16:17:27.393Z] [INFO] Checking for scheduled reports...
[2025-08-15T16:17:27.873Z] [DEBUG] Connected to MongoDB
[2025-08-15T16:17:27.917Z] [INFO] Found 2 company databases
[2025-08-15T16:17:27.918Z] [DEBUG] Processing company database: company_ieebsmug
[2025-08-15T16:17:27.959Z] [DEBUG] Skipping company_ieebsmug: No scheduled reports collection found
[2025-08-15T16:17:27.959Z] [DEBUG] Processing company database: company_ry0iwbpw
[2025-08-15T16:17:28.012Z] [DEBUG] Finding reports to execute in company_ry0iwbpw (current time: 2025-08-15T16:17:28.012Z)
[2025-08-15T16:17:28.054Z] [INFO] Found 0 reports to execute in company_ry0iwbpw
[2025-08-15T16:17:28.055Z] [INFO] Scheduled reports check completed
[2025-08-15T16:17:28.056Z] [DEBUG] MongoDB connection closed
[2025-08-15T16:17:37.394Z] [INFO] Checking for scheduled reports...
[2025-08-15T16:17:37.874Z] [DEBUG] Connected to MongoDB
[2025-08-15T16:17:37.920Z] [INFO] Found 2 company databases
[2025-08-15T16:17:37.921Z] [DEBUG] Processing company database: company_ieebsmug
[2025-08-15T16:17:37.976Z] [DEBUG] Skipping company_ieebsmug: No scheduled reports collection found
[2025-08-15T16:17:37.977Z] [DEBUG] Processing company database: company_ry0iwbpw
[2025-08-15T16:17:38.016Z] [DEBUG] Finding reports to execute in company_ry0iwbpw (current time: 2025-08-15T16:17:38.016Z)
[2025-08-15T16:17:38.060Z] [INFO] Found 0 reports to execute in company_ry0iwbpw
[2025-08-15T16:17:38.061Z] [INFO] Scheduled reports check completed
[2025-08-15T16:17:38.064Z] [DEBUG] MongoDB connection closed
[2025-08-15T16:17:47.396Z] [INFO] Checking for scheduled reports...
[2025-08-15T16:17:47.877Z] [DEBUG] Connected to MongoDB
[2025-08-15T16:17:47.925Z] [INFO] Found 2 company databases
[2025-08-15T16:17:47.925Z] [DEBUG] Processing company database: company_ieebsmug
[2025-08-15T16:17:47.961Z] [DEBUG] Skipping company_ieebsmug: No scheduled reports collection found
[2025-08-15T16:17:47.962Z] [DEBUG] Processing company database: company_ry0iwbpw
[2025-08-15T16:17:48.003Z] [DEBUG] Finding reports to execute in company_ry0iwbpw (current time: 2025-08-15T16:17:48.003Z)
[2025-08-15T16:17:48.042Z] [INFO] Found 0 reports to execute in company_ry0iwbpw
[2025-08-15T16:17:48.042Z] [INFO] Scheduled reports check completed
[2025-08-15T16:17:48.044Z] [DEBUG] MongoDB connection closed
[2025-08-15T16:17:57.397Z] [INFO] Checking for scheduled reports...
[2025-08-15T16:17:58.044Z] [DEBUG] Connected to MongoDB
[2025-08-15T16:17:58.094Z] [INFO] Found 2 company databases
[2025-08-15T16:17:58.094Z] [DEBUG] Processing company database: company_ieebsmug
[2025-08-15T16:17:58.132Z] [DEBUG] Skipping company_ieebsmug: No scheduled reports collection found
[2025-08-15T16:17:58.132Z] [DEBUG] Processing company database: company_ry0iwbpw
[2025-08-15T16:17:58.170Z] [DEBUG] Finding reports to execute in company_ry0iwbpw (current time: 2025-08-15T16:17:58.170Z)
[2025-08-15T16:17:58.211Z] [INFO] Found 0 reports to execute in company_ry0iwbpw
[2025-08-15T16:17:58.211Z] [INFO] Scheduled reports check completed
[2025-08-15T16:17:58.215Z] [DEBUG] MongoDB connection closed
[2025-08-15T16:18:07.397Z] [INFO] Checking for scheduled reports...
[2025-08-15T16:18:07.883Z] [DEBUG] Connected to MongoDB
[2025-08-15T16:18:07.930Z] [INFO] Found 2 company databases
[2025-08-15T16:18:07.930Z] [DEBUG] Processing company database: company_ieebsmug
[2025-08-15T16:18:07.970Z] [DEBUG] Skipping company_ieebsmug: No scheduled reports collection found
[2025-08-15T16:18:07.971Z] [DEBUG] Processing company database: company_ry0iwbpw
[2025-08-15T16:18:08.019Z] [DEBUG] Finding reports to execute in company_ry0iwbpw (current time: 2025-08-15T16:18:08.019Z)
[2025-08-15T16:18:08.057Z] [INFO] Found 0 reports to execute in company_ry0iwbpw
[2025-08-15T16:18:08.057Z] [INFO] Scheduled reports check completed
[2025-08-15T16:18:08.057Z] [DEBUG] MongoDB connection closed
[2025-08-15T16:18:17.397Z] [INFO] Checking for scheduled reports...
[2025-08-15T16:18:17.884Z] [DEBUG] Connected to MongoDB
[2025-08-15T16:18:17.933Z] [INFO] Found 2 company databases
[2025-08-15T16:18:17.934Z] [DEBUG] Processing company database: company_ieebsmug
[2025-08-15T16:18:17.975Z] [DEBUG] Skipping company_ieebsmug: No scheduled reports collection found
[2025-08-15T16:18:17.976Z] [DEBUG] Processing company database: company_ry0iwbpw
[2025-08-15T16:18:18.018Z] [DEBUG] Finding reports to execute in company_ry0iwbpw (current time: 2025-08-15T16:18:18.018Z)
[2025-08-15T16:18:18.058Z] [INFO] Found 0 reports to execute in company_ry0iwbpw
[2025-08-15T16:18:18.059Z] [INFO] Scheduled reports check completed
[2025-08-15T16:18:18.062Z] [DEBUG] MongoDB connection closed
[2025-08-15T16:18:27.399Z] [INFO] Checking for scheduled reports...
[2025-08-15T16:18:27.893Z] [DEBUG] Connected to MongoDB
[2025-08-15T16:18:27.944Z] [INFO] Found 2 company databases
[2025-08-15T16:18:27.944Z] [DEBUG] Processing company database: company_ieebsmug
[2025-08-15T16:18:27.986Z] [DEBUG] Skipping company_ieebsmug: No scheduled reports collection found
[2025-08-15T16:18:27.986Z] [DEBUG] Processing company database: company_ry0iwbpw
[2025-08-15T16:18:28.038Z] [DEBUG] Finding reports to execute in company_ry0iwbpw (current time: 2025-08-15T16:18:28.037Z)
[2025-08-15T16:18:28.079Z] [INFO] Found 0 reports to execute in company_ry0iwbpw
[2025-08-15T16:18:28.079Z] [INFO] Scheduled reports check completed
[2025-08-15T16:18:28.081Z] [DEBUG] MongoDB connection closed
[2025-08-15T16:18:37.399Z] [INFO] Checking for scheduled reports...
[2025-08-15T16:18:37.893Z] [DEBUG] Connected to MongoDB
[2025-08-15T16:18:37.940Z] [INFO] Found 2 company databases
[2025-08-15T16:18:37.941Z] [DEBUG] Processing company database: company_ieebsmug
[2025-08-15T16:18:37.980Z] [DEBUG] Skipping company_ieebsmug: No scheduled reports collection found
[2025-08-15T16:18:37.980Z] [DEBUG] Processing company database: company_ry0iwbpw
[2025-08-15T16:18:38.021Z] [DEBUG] Finding reports to execute in company_ry0iwbpw (current time: 2025-08-15T16:18:38.021Z)
[2025-08-15T16:18:38.062Z] [INFO] Found 0 reports to execute in company_ry0iwbpw
[2025-08-15T16:18:38.063Z] [INFO] Scheduled reports check completed
[2025-08-15T16:18:38.065Z] [DEBUG] MongoDB connection closed
[2025-08-15T16:18:47.400Z] [INFO] Checking for scheduled reports...
[2025-08-15T16:18:47.877Z] [DEBUG] Connected to MongoDB
[2025-08-15T16:18:47.925Z] [INFO] Found 2 company databases
[2025-08-15T16:18:47.926Z] [DEBUG] Processing company database: company_ieebsmug
[2025-08-15T16:18:47.965Z] [DEBUG] Skipping company_ieebsmug: No scheduled reports collection found
[2025-08-15T16:18:47.966Z] [DEBUG] Processing company database: company_ry0iwbpw
[2025-08-15T16:18:48.006Z] [DEBUG] Finding reports to execute in company_ry0iwbpw (current time: 2025-08-15T16:18:48.006Z)
[2025-08-15T16:18:48.045Z] [INFO] Found 0 reports to execute in company_ry0iwbpw
[2025-08-15T16:18:48.046Z] [INFO] Scheduled reports check completed
[2025-08-15T16:18:48.049Z] [DEBUG] MongoDB connection closed
[2025-08-15T16:18:57.401Z] [INFO] Checking for scheduled reports...
[2025-08-15T16:18:57.908Z] [DEBUG] Connected to MongoDB
[2025-08-15T16:18:57.954Z] [INFO] Found 2 company databases
[2025-08-15T16:18:57.955Z] [DEBUG] Processing company database: company_ieebsmug
[2025-08-15T16:18:57.996Z] [DEBUG] Skipping company_ieebsmug: No scheduled reports collection found
[2025-08-15T16:18:57.996Z] [DEBUG] Processing company database: company_ry0iwbpw
[2025-08-15T16:18:58.037Z] [DEBUG] Finding reports to execute in company_ry0iwbpw (current time: 2025-08-15T16:18:58.037Z)
[2025-08-15T16:18:58.075Z] [INFO] Found 0 reports to execute in company_ry0iwbpw
[2025-08-15T16:18:58.076Z] [INFO] Scheduled reports check completed
[2025-08-15T16:18:58.077Z] [DEBUG] MongoDB connection closed
[2025-08-15T16:19:07.402Z] [INFO] Checking for scheduled reports...
[2025-08-15T16:19:07.887Z] [DEBUG] Connected to MongoDB
[2025-08-15T16:19:07.934Z] [INFO] Found 2 company databases
[2025-08-15T16:19:07.934Z] [DEBUG] Processing company database: company_ieebsmug
[2025-08-15T16:19:07.973Z] [DEBUG] Skipping company_ieebsmug: No scheduled reports collection found
[2025-08-15T16:19:07.973Z] [DEBUG] Processing company database: company_ry0iwbpw
[2025-08-15T16:19:08.014Z] [DEBUG] Finding reports to execute in company_ry0iwbpw (current time: 2025-08-15T16:19:08.014Z)
[2025-08-15T16:19:08.053Z] [INFO] Found 0 reports to execute in company_ry0iwbpw
[2025-08-15T16:19:08.053Z] [INFO] Scheduled reports check completed
[2025-08-15T16:19:08.055Z] [DEBUG] MongoDB connection closed
[2025-08-15T16:19:17.402Z] [INFO] Checking for scheduled reports...
[2025-08-15T16:19:17.938Z] [DEBUG] Connected to MongoDB
[2025-08-15T16:19:17.985Z] [INFO] Found 2 company databases
[2025-08-15T16:19:17.985Z] [DEBUG] Processing company database: company_ieebsmug
[2025-08-15T16:19:18.033Z] [DEBUG] Skipping company_ieebsmug: No scheduled reports collection found
[2025-08-15T16:19:18.033Z] [DEBUG] Processing company database: company_ry0iwbpw
[2025-08-15T16:19:18.083Z] [DEBUG] Finding reports to execute in company_ry0iwbpw (current time: 2025-08-15T16:19:18.083Z)
[2025-08-15T16:19:18.120Z] [INFO] Found 0 reports to execute in company_ry0iwbpw
[2025-08-15T16:19:18.121Z] [INFO] Scheduled reports check completed
[2025-08-15T16:19:18.122Z] [DEBUG] MongoDB connection closed
[2025-08-15T16:19:27.404Z] [INFO] Checking for scheduled reports...
[2025-08-15T16:19:27.901Z] [DEBUG] Connected to MongoDB
[2025-08-15T16:19:27.950Z] [INFO] Found 2 company databases
[2025-08-15T16:19:27.950Z] [DEBUG] Processing company database: company_ieebsmug
[2025-08-15T16:19:27.987Z] [DEBUG] Skipping company_ieebsmug: No scheduled reports collection found
[2025-08-15T16:19:27.987Z] [DEBUG] Processing company database: company_ry0iwbpw
[2025-08-15T16:19:28.027Z] [DEBUG] Finding reports to execute in company_ry0iwbpw (current time: 2025-08-15T16:19:28.027Z)
[2025-08-15T16:19:28.067Z] [INFO] Found 0 reports to execute in company_ry0iwbpw
[2025-08-15T16:19:28.067Z] [INFO] Scheduled reports check completed
[2025-08-15T16:19:28.069Z] [DEBUG] MongoDB connection closed
[2025-08-15T16:19:37.405Z] [INFO] Checking for scheduled reports...
[2025-08-15T16:19:37.892Z] [DEBUG] Connected to MongoDB
[2025-08-15T16:19:37.954Z] [INFO] Found 2 company databases
[2025-08-15T16:19:37.954Z] [DEBUG] Processing company database: company_ieebsmug
[2025-08-15T16:19:37.994Z] [DEBUG] Skipping company_ieebsmug: No scheduled reports collection found
[2025-08-15T16:19:37.994Z] [DEBUG] Processing company database: company_ry0iwbpw
[2025-08-15T16:19:38.033Z] [DEBUG] Finding reports to execute in company_ry0iwbpw (current time: 2025-08-15T16:19:38.033Z)
[2025-08-15T16:19:38.072Z] [INFO] Found 0 reports to execute in company_ry0iwbpw
[2025-08-15T16:19:38.073Z] [INFO] Scheduled reports check completed
[2025-08-15T16:19:38.074Z] [DEBUG] MongoDB connection closed
[2025-08-15T16:19:47.406Z] [INFO] Checking for scheduled reports...
[2025-08-15T16:19:47.890Z] [DEBUG] Connected to MongoDB
[2025-08-15T16:19:47.941Z] [INFO] Found 2 company databases
[2025-08-15T16:19:47.947Z] [DEBUG] Processing company database: company_ieebsmug
[2025-08-15T16:19:48.006Z] [DEBUG] Skipping company_ieebsmug: No scheduled reports collection found
[2025-08-15T16:19:48.008Z] [DEBUG] Processing company database: company_ry0iwbpw
[2025-08-15T16:19:48.046Z] [DEBUG] Finding reports to execute in company_ry0iwbpw (current time: 2025-08-15T16:19:48.046Z)
[2025-08-15T16:19:48.084Z] [INFO] Found 0 reports to execute in company_ry0iwbpw
[2025-08-15T16:19:48.085Z] [INFO] Scheduled reports check completed
[2025-08-15T16:19:48.086Z] [DEBUG] MongoDB connection closed
[2025-08-15T16:19:57.407Z] [INFO] Checking for scheduled reports...
[2025-08-15T16:19:57.903Z] [DEBUG] Connected to MongoDB
[2025-08-15T16:19:57.953Z] [INFO] Found 2 company databases
[2025-08-15T16:19:57.954Z] [DEBUG] Processing company database: company_ieebsmug
[2025-08-15T16:19:58.001Z] [DEBUG] Skipping company_ieebsmug: No scheduled reports collection found
[2025-08-15T16:19:58.001Z] [DEBUG] Processing company database: company_ry0iwbpw
[2025-08-15T16:19:58.051Z] [DEBUG] Finding reports to execute in company_ry0iwbpw (current time: 2025-08-15T16:19:58.051Z)
[2025-08-15T16:19:58.107Z] [INFO] Found 0 reports to execute in company_ry0iwbpw
[2025-08-15T16:19:58.107Z] [INFO] Scheduled reports check completed
[2025-08-15T16:19:58.110Z] [DEBUG] MongoDB connection closed
[2025-08-15T16:20:07.408Z] [INFO] Checking for scheduled reports...
[2025-08-15T16:20:07.866Z] [DEBUG] Connected to MongoDB
[2025-08-15T16:20:07.913Z] [INFO] Found 2 company databases
[2025-08-15T16:20:07.914Z] [DEBUG] Processing company database: company_ieebsmug
[2025-08-15T16:20:07.959Z] [DEBUG] Skipping company_ieebsmug: No scheduled reports collection found
[2025-08-15T16:20:07.960Z] [DEBUG] Processing company database: company_ry0iwbpw
[2025-08-15T16:20:08.008Z] [DEBUG] Finding reports to execute in company_ry0iwbpw (current time: 2025-08-15T16:20:08.008Z)
[2025-08-15T16:20:08.061Z] [INFO] Found 0 reports to execute in company_ry0iwbpw
[2025-08-15T16:20:08.062Z] [INFO] Scheduled reports check completed
[2025-08-15T16:20:08.064Z] [DEBUG] MongoDB connection closed
[2025-08-15T16:20:17.408Z] [INFO] Checking for scheduled reports...
[2025-08-15T16:20:17.896Z] [DEBUG] Connected to MongoDB
[2025-08-15T16:20:17.945Z] [INFO] Found 2 company databases
[2025-08-15T16:20:17.945Z] [DEBUG] Processing company database: company_ieebsmug
[2025-08-15T16:20:17.987Z] [DEBUG] Skipping company_ieebsmug: No scheduled reports collection found
[2025-08-15T16:20:17.988Z] [DEBUG] Processing company database: company_ry0iwbpw
[2025-08-15T16:20:18.025Z] [DEBUG] Finding reports to execute in company_ry0iwbpw (current time: 2025-08-15T16:20:18.025Z)
[2025-08-15T16:20:18.068Z] [INFO] Found 0 reports to execute in company_ry0iwbpw
[2025-08-15T16:20:18.068Z] [INFO] Scheduled reports check completed
[2025-08-15T16:20:18.071Z] [DEBUG] MongoDB connection closed
[2025-08-15T16:20:27.409Z] [INFO] Checking for scheduled reports...
[2025-08-15T16:20:27.890Z] [DEBUG] Connected to MongoDB
[2025-08-15T16:20:27.938Z] [INFO] Found 2 company databases
[2025-08-15T16:20:27.938Z] [DEBUG] Processing company database: company_ieebsmug
[2025-08-15T16:20:27.979Z] [DEBUG] Skipping company_ieebsmug: No scheduled reports collection found
[2025-08-15T16:20:27.980Z] [DEBUG] Processing company database: company_ry0iwbpw
[2025-08-15T16:20:28.022Z] [DEBUG] Finding reports to execute in company_ry0iwbpw (current time: 2025-08-15T16:20:28.022Z)
[2025-08-15T16:20:28.061Z] [INFO] Found 0 reports to execute in company_ry0iwbpw
[2025-08-15T16:20:28.061Z] [INFO] Scheduled reports check completed
[2025-08-15T16:20:28.063Z] [DEBUG] MongoDB connection closed
[2025-08-15T16:20:37.409Z] [INFO] Checking for scheduled reports...
[2025-08-15T16:20:37.950Z] [DEBUG] Connected to MongoDB
[2025-08-15T16:20:38.016Z] [INFO] Found 2 company databases
[2025-08-15T16:20:38.016Z] [DEBUG] Processing company database: company_ieebsmug
[2025-08-15T16:20:38.056Z] [DEBUG] Skipping company_ieebsmug: No scheduled reports collection found
[2025-08-15T16:20:38.057Z] [DEBUG] Processing company database: company_ry0iwbpw
[2025-08-15T16:20:38.096Z] [DEBUG] Finding reports to execute in company_ry0iwbpw (current time: 2025-08-15T16:20:38.096Z)
[2025-08-15T16:20:38.133Z] [INFO] Found 0 reports to execute in company_ry0iwbpw
[2025-08-15T16:20:38.133Z] [INFO] Scheduled reports check completed
[2025-08-15T16:20:38.135Z] [DEBUG] MongoDB connection closed
[2025-08-15T16:20:47.411Z] [INFO] Checking for scheduled reports...
[2025-08-15T16:20:47.888Z] [DEBUG] Connected to MongoDB
[2025-08-15T16:20:47.935Z] [INFO] Found 2 company databases
[2025-08-15T16:20:47.935Z] [DEBUG] Processing company database: company_ieebsmug
[2025-08-15T16:20:47.993Z] [DEBUG] Skipping company_ieebsmug: No scheduled reports collection found
[2025-08-15T16:20:47.994Z] [DEBUG] Processing company database: company_ry0iwbpw
[2025-08-15T16:20:48.033Z] [DEBUG] Finding reports to execute in company_ry0iwbpw (current time: 2025-08-15T16:20:48.033Z)
[2025-08-15T16:20:48.073Z] [INFO] Found 0 reports to execute in company_ry0iwbpw
[2025-08-15T16:20:48.074Z] [INFO] Scheduled reports check completed
[2025-08-15T16:20:48.075Z] [DEBUG] MongoDB connection closed
[2025-08-15T16:20:57.411Z] [INFO] Checking for scheduled reports...
[2025-08-15T16:20:57.927Z] [DEBUG] Connected to MongoDB
[2025-08-15T16:20:57.975Z] [INFO] Found 2 company databases
[2025-08-15T16:20:57.976Z] [DEBUG] Processing company database: company_ieebsmug
[2025-08-15T16:20:58.016Z] [DEBUG] Skipping company_ieebsmug: No scheduled reports collection found
[2025-08-15T16:20:58.017Z] [DEBUG] Processing company database: company_ry0iwbpw
[2025-08-15T16:20:58.055Z] [DEBUG] Finding reports to execute in company_ry0iwbpw (current time: 2025-08-15T16:20:58.055Z)
[2025-08-15T16:20:58.094Z] [INFO] Found 0 reports to execute in company_ry0iwbpw
[2025-08-15T16:20:58.095Z] [INFO] Scheduled reports check completed
[2025-08-15T16:20:58.095Z] [DEBUG] MongoDB connection closed
[2025-08-15T16:21:07.412Z] [INFO] Checking for scheduled reports...
[2025-08-15T16:21:07.906Z] [DEBUG] Connected to MongoDB
[2025-08-15T16:21:07.953Z] [INFO] Found 2 company databases
[2025-08-15T16:21:07.953Z] [DEBUG] Processing company database: company_ieebsmug
[2025-08-15T16:21:07.991Z] [DEBUG] Skipping company_ieebsmug: No scheduled reports collection found
[2025-08-15T16:21:07.992Z] [DEBUG] Processing company database: company_ry0iwbpw
[2025-08-15T16:21:08.038Z] [DEBUG] Finding reports to execute in company_ry0iwbpw (current time: 2025-08-15T16:21:08.038Z)
[2025-08-15T16:21:08.076Z] [INFO] Found 0 reports to execute in company_ry0iwbpw
[2025-08-15T16:21:08.076Z] [INFO] Scheduled reports check completed
[2025-08-15T16:21:08.077Z] [DEBUG] MongoDB connection closed
[2025-08-15T16:21:17.413Z] [INFO] Checking for scheduled reports...
[2025-08-15T16:21:17.893Z] [DEBUG] Connected to MongoDB
[2025-08-15T16:21:17.943Z] [INFO] Found 2 company databases
[2025-08-15T16:21:17.944Z] [DEBUG] Processing company database: company_ieebsmug
[2025-08-15T16:21:17.998Z] [DEBUG] Skipping company_ieebsmug: No scheduled reports collection found
[2025-08-15T16:21:17.998Z] [DEBUG] Processing company database: company_ry0iwbpw
[2025-08-15T16:21:18.055Z] [DEBUG] Finding reports to execute in company_ry0iwbpw (current time: 2025-08-15T16:21:18.055Z)
[2025-08-15T16:21:18.097Z] [INFO] Found 0 reports to execute in company_ry0iwbpw
[2025-08-15T16:21:18.098Z] [INFO] Scheduled reports check completed
[2025-08-15T16:21:18.099Z] [DEBUG] MongoDB connection closed
[2025-08-15T16:21:27.413Z] [INFO] Checking for scheduled reports...
[2025-08-15T16:21:27.881Z] [DEBUG] Connected to MongoDB
[2025-08-15T16:21:27.929Z] [INFO] Found 2 company databases
[2025-08-15T16:21:27.929Z] [DEBUG] Processing company database: company_ieebsmug
[2025-08-15T16:21:27.973Z] [DEBUG] Skipping company_ieebsmug: No scheduled reports collection found
[2025-08-15T16:21:27.973Z] [DEBUG] Processing company database: company_ry0iwbpw
[2025-08-15T16:21:28.020Z] [DEBUG] Finding reports to execute in company_ry0iwbpw (current time: 2025-08-15T16:21:28.020Z)
[2025-08-15T16:21:28.060Z] [INFO] Found 0 reports to execute in company_ry0iwbpw
[2025-08-15T16:21:28.060Z] [INFO] Scheduled reports check completed
[2025-08-15T16:21:28.062Z] [DEBUG] MongoDB connection closed
[2025-08-15T16:21:37.414Z] [INFO] Checking for scheduled reports...
[2025-08-15T16:21:37.902Z] [DEBUG] Connected to MongoDB
[2025-08-15T16:21:37.949Z] [INFO] Found 2 company databases
[2025-08-15T16:21:37.950Z] [DEBUG] Processing company database: company_ieebsmug
[2025-08-15T16:21:37.988Z] [DEBUG] Skipping company_ieebsmug: No scheduled reports collection found
[2025-08-15T16:21:37.989Z] [DEBUG] Processing company database: company_ry0iwbpw
[2025-08-15T16:21:38.032Z] [DEBUG] Finding reports to execute in company_ry0iwbpw (current time: 2025-08-15T16:21:38.032Z)
[2025-08-15T16:21:38.082Z] [INFO] Found 0 reports to execute in company_ry0iwbpw
[2025-08-15T16:21:38.082Z] [INFO] Scheduled reports check completed
[2025-08-15T16:21:38.085Z] [DEBUG] MongoDB connection closed
[2025-08-15T16:21:47.415Z] [INFO] Checking for scheduled reports...
[2025-08-15T16:21:47.904Z] [DEBUG] Connected to MongoDB
[2025-08-15T16:21:47.962Z] [INFO] Found 2 company databases
[2025-08-15T16:21:47.963Z] [DEBUG] Processing company database: company_ieebsmug
[2025-08-15T16:21:48.004Z] [DEBUG] Skipping company_ieebsmug: No scheduled reports collection found
[2025-08-15T16:21:48.004Z] [DEBUG] Processing company database: company_ry0iwbpw
[2025-08-15T16:21:48.051Z] [DEBUG] Finding reports to execute in company_ry0iwbpw (current time: 2025-08-15T16:21:48.051Z)
[2025-08-15T16:21:48.101Z] [INFO] Found 0 reports to execute in company_ry0iwbpw
[2025-08-15T16:21:48.101Z] [INFO] Scheduled reports check completed
[2025-08-15T16:21:48.103Z] [DEBUG] MongoDB connection closed
[2025-08-15T16:21:57.416Z] [INFO] Checking for scheduled reports...
[2025-08-15T16:21:57.915Z] [DEBUG] Connected to MongoDB
[2025-08-15T16:21:57.962Z] [INFO] Found 2 company databases
[2025-08-15T16:21:57.962Z] [DEBUG] Processing company database: company_ieebsmug
[2025-08-15T16:21:58.000Z] [DEBUG] Skipping company_ieebsmug: No scheduled reports collection found
[2025-08-15T16:21:58.001Z] [DEBUG] Processing company database: company_ry0iwbpw
[2025-08-15T16:21:58.039Z] [DEBUG] Finding reports to execute in company_ry0iwbpw (current time: 2025-08-15T16:21:58.039Z)
[2025-08-15T16:21:58.077Z] [INFO] Found 0 reports to execute in company_ry0iwbpw
[2025-08-15T16:21:58.077Z] [INFO] Scheduled reports check completed
[2025-08-15T16:21:58.080Z] [DEBUG] MongoDB connection closed
[2025-08-15T16:22:07.417Z] [INFO] Checking for scheduled reports...
[2025-08-15T16:22:08.415Z] [DEBUG] Connected to MongoDB
[2025-08-15T16:22:08.477Z] [INFO] Found 2 company databases
[2025-08-15T16:22:08.478Z] [DEBUG] Processing company database: company_ieebsmug
[2025-08-15T16:22:08.539Z] [DEBUG] Skipping company_ieebsmug: No scheduled reports collection found
[2025-08-15T16:22:08.540Z] [DEBUG] Processing company database: company_ry0iwbpw
[2025-08-15T16:22:08.596Z] [DEBUG] Finding reports to execute in company_ry0iwbpw (current time: 2025-08-15T16:22:08.596Z)
[2025-08-15T16:22:08.640Z] [INFO] Found 0 reports to execute in company_ry0iwbpw
[2025-08-15T16:22:08.641Z] [INFO] Scheduled reports check completed
[2025-08-15T16:22:08.643Z] [DEBUG] MongoDB connection closed
[2025-08-15T16:22:17.418Z] [INFO] Checking for scheduled reports...
[2025-08-15T16:22:17.959Z] [DEBUG] Connected to MongoDB
[2025-08-15T16:22:18.056Z] [INFO] Found 2 company databases
[2025-08-15T16:22:18.057Z] [DEBUG] Processing company database: company_ieebsmug
[2025-08-15T16:22:18.109Z] [DEBUG] Skipping company_ieebsmug: No scheduled reports collection found
[2025-08-15T16:22:18.110Z] [DEBUG] Processing company database: company_ry0iwbpw
[2025-08-15T16:22:18.150Z] [DEBUG] Finding reports to execute in company_ry0iwbpw (current time: 2025-08-15T16:22:18.150Z)
[2025-08-15T16:22:18.191Z] [INFO] Found 0 reports to execute in company_ry0iwbpw
[2025-08-15T16:22:18.192Z] [INFO] Scheduled reports check completed
[2025-08-15T16:22:18.195Z] [DEBUG] MongoDB connection closed
[2025-08-15T16:22:27.419Z] [INFO] Checking for scheduled reports...
[2025-08-15T16:22:27.884Z] [DEBUG] Connected to MongoDB
[2025-08-15T16:22:27.936Z] [INFO] Found 2 company databases
[2025-08-15T16:22:27.937Z] [DEBUG] Processing company database: company_ieebsmug
[2025-08-15T16:22:27.976Z] [DEBUG] Skipping company_ieebsmug: No scheduled reports collection found
[2025-08-15T16:22:27.976Z] [DEBUG] Processing company database: company_ry0iwbpw
[2025-08-15T16:22:28.014Z] [DEBUG] Finding reports to execute in company_ry0iwbpw (current time: 2025-08-15T16:22:28.014Z)
[2025-08-15T16:22:28.050Z] [INFO] Found 0 reports to execute in company_ry0iwbpw
[2025-08-15T16:22:28.051Z] [INFO] Scheduled reports check completed
[2025-08-15T16:22:28.052Z] [DEBUG] MongoDB connection closed
[2025-08-15T16:22:37.420Z] [INFO] Checking for scheduled reports...
[2025-08-15T16:22:37.916Z] [DEBUG] Connected to MongoDB
[2025-08-15T16:22:37.967Z] [INFO] Found 2 company databases
[2025-08-15T16:22:37.967Z] [DEBUG] Processing company database: company_ieebsmug
[2025-08-15T16:22:38.010Z] [DEBUG] Skipping company_ieebsmug: No scheduled reports collection found
[2025-08-15T16:22:38.010Z] [DEBUG] Processing company database: company_ry0iwbpw
[2025-08-15T16:22:38.050Z] [DEBUG] Finding reports to execute in company_ry0iwbpw (current time: 2025-08-15T16:22:38.050Z)
[2025-08-15T16:22:38.098Z] [INFO] Found 0 reports to execute in company_ry0iwbpw
[2025-08-15T16:22:38.099Z] [INFO] Scheduled reports check completed
[2025-08-15T16:22:38.099Z] [DEBUG] MongoDB connection closed
[2025-08-15T16:22:47.421Z] [INFO] Checking for scheduled reports...
[2025-08-15T16:22:47.907Z] [DEBUG] Connected to MongoDB
[2025-08-15T16:22:47.957Z] [INFO] Found 2 company databases
[2025-08-15T16:22:47.957Z] [DEBUG] Processing company database: company_ieebsmug
[2025-08-15T16:22:47.995Z] [DEBUG] Skipping company_ieebsmug: No scheduled reports collection found
[2025-08-15T16:22:47.995Z] [DEBUG] Processing company database: company_ry0iwbpw
[2025-08-15T16:22:48.035Z] [DEBUG] Finding reports to execute in company_ry0iwbpw (current time: 2025-08-15T16:22:48.035Z)
[2025-08-15T16:22:48.077Z] [INFO] Found 0 reports to execute in company_ry0iwbpw
[2025-08-15T16:22:48.077Z] [INFO] Scheduled reports check completed
[2025-08-15T16:22:48.078Z] [DEBUG] MongoDB connection closed
[2025-08-15T16:22:57.423Z] [INFO] Checking for scheduled reports...
[2025-08-15T16:22:57.921Z] [DEBUG] Connected to MongoDB
[2025-08-15T16:22:57.970Z] [INFO] Found 2 company databases
[2025-08-15T16:22:57.971Z] [DEBUG] Processing company database: company_ieebsmug
[2025-08-15T16:22:58.020Z] [DEBUG] Skipping company_ieebsmug: No scheduled reports collection found
[2025-08-15T16:22:58.020Z] [DEBUG] Processing company database: company_ry0iwbpw
[2025-08-15T16:22:58.059Z] [DEBUG] Finding reports to execute in company_ry0iwbpw (current time: 2025-08-15T16:22:58.059Z)
[2025-08-15T16:22:58.099Z] [INFO] Found 0 reports to execute in company_ry0iwbpw
[2025-08-15T16:22:58.099Z] [INFO] Scheduled reports check completed
[2025-08-15T16:22:58.102Z] [DEBUG] MongoDB connection closed
[2025-08-15T16:23:07.424Z] [INFO] Checking for scheduled reports...
[2025-08-15T16:23:07.902Z] [DEBUG] Connected to MongoDB
[2025-08-15T16:23:07.947Z] [INFO] Found 2 company databases
[2025-08-15T16:23:07.947Z] [DEBUG] Processing company database: company_ieebsmug
[2025-08-15T16:23:07.986Z] [DEBUG] Skipping company_ieebsmug: No scheduled reports collection found
[2025-08-15T16:23:07.986Z] [DEBUG] Processing company database: company_ry0iwbpw
[2025-08-15T16:23:08.041Z] [DEBUG] Finding reports to execute in company_ry0iwbpw (current time: 2025-08-15T16:23:08.041Z)
[2025-08-15T16:23:08.079Z] [INFO] Found 0 reports to execute in company_ry0iwbpw
[2025-08-15T16:23:08.080Z] [INFO] Scheduled reports check completed
[2025-08-15T16:23:08.081Z] [DEBUG] MongoDB connection closed
[2025-08-15T16:23:17.425Z] [INFO] Checking for scheduled reports...
[2025-08-15T16:23:17.942Z] [DEBUG] Connected to MongoDB
[2025-08-15T16:23:17.988Z] [INFO] Found 2 company databases
[2025-08-15T16:23:17.989Z] [DEBUG] Processing company database: company_ieebsmug
[2025-08-15T16:23:18.025Z] [DEBUG] Skipping company_ieebsmug: No scheduled reports collection found
[2025-08-15T16:23:18.026Z] [DEBUG] Processing company database: company_ry0iwbpw
[2025-08-15T16:23:18.063Z] [DEBUG] Finding reports to execute in company_ry0iwbpw (current time: 2025-08-15T16:23:18.063Z)
[2025-08-15T16:23:18.100Z] [INFO] Found 0 reports to execute in company_ry0iwbpw
[2025-08-15T16:23:18.101Z] [INFO] Scheduled reports check completed
[2025-08-15T16:23:18.102Z] [DEBUG] MongoDB connection closed
[2025-08-15T16:23:27.426Z] [INFO] Checking for scheduled reports...
[2025-08-15T16:23:27.899Z] [DEBUG] Connected to MongoDB
[2025-08-15T16:23:27.945Z] [INFO] Found 2 company databases
[2025-08-15T16:23:27.946Z] [DEBUG] Processing company database: company_ieebsmug
[2025-08-15T16:23:27.984Z] [DEBUG] Skipping company_ieebsmug: No scheduled reports collection found
[2025-08-15T16:23:27.984Z] [DEBUG] Processing company database: company_ry0iwbpw
[2025-08-15T16:23:28.022Z] [DEBUG] Finding reports to execute in company_ry0iwbpw (current time: 2025-08-15T16:23:28.022Z)
[2025-08-15T16:23:28.060Z] [INFO] Found 0 reports to execute in company_ry0iwbpw
[2025-08-15T16:23:28.060Z] [INFO] Scheduled reports check completed
[2025-08-15T16:23:28.063Z] [DEBUG] MongoDB connection closed
[2025-08-15T16:23:37.427Z] [INFO] Checking for scheduled reports...
[2025-08-15T16:23:37.899Z] [DEBUG] Connected to MongoDB
[2025-08-15T16:23:37.945Z] [INFO] Found 2 company databases
[2025-08-15T16:23:37.945Z] [DEBUG] Processing company database: company_ieebsmug
[2025-08-15T16:23:37.984Z] [DEBUG] Skipping company_ieebsmug: No scheduled reports collection found
[2025-08-15T16:23:37.985Z] [DEBUG] Processing company database: company_ry0iwbpw
[2025-08-15T16:23:38.024Z] [DEBUG] Finding reports to execute in company_ry0iwbpw (current time: 2025-08-15T16:23:38.024Z)
[2025-08-15T16:23:38.062Z] [INFO] Found 0 reports to execute in company_ry0iwbpw
[2025-08-15T16:23:38.063Z] [INFO] Scheduled reports check completed
[2025-08-15T16:23:38.064Z] [DEBUG] MongoDB connection closed
[2025-08-15T16:23:47.428Z] [INFO] Checking for scheduled reports...
[2025-08-15T16:23:48.099Z] [DEBUG] Connected to MongoDB
[2025-08-15T16:23:48.159Z] [INFO] Found 2 company databases
[2025-08-15T16:23:48.160Z] [DEBUG] Processing company database: company_ieebsmug
[2025-08-15T16:23:48.247Z] [DEBUG] Skipping company_ieebsmug: No scheduled reports collection found
[2025-08-15T16:23:48.248Z] [DEBUG] Processing company database: company_ry0iwbpw
[2025-08-15T16:23:48.313Z] [DEBUG] Finding reports to execute in company_ry0iwbpw (current time: 2025-08-15T16:23:48.313Z)
[2025-08-15T16:23:48.366Z] [INFO] Found 0 reports to execute in company_ry0iwbpw
[2025-08-15T16:23:48.366Z] [INFO] Scheduled reports check completed
[2025-08-15T16:23:48.369Z] [DEBUG] MongoDB connection closed
[2025-08-15T16:23:57.429Z] [INFO] Checking for scheduled reports...
[2025-08-15T16:23:58.268Z] [DEBUG] Connected to MongoDB
[2025-08-15T16:23:58.372Z] [INFO] Found 2 company databases
[2025-08-15T16:23:58.373Z] [DEBUG] Processing company database: company_ieebsmug
[2025-08-15T16:23:58.446Z] [DEBUG] Skipping company_ieebsmug: No scheduled reports collection found
[2025-08-15T16:23:58.447Z] [DEBUG] Processing company database: company_ry0iwbpw
[2025-08-15T16:23:58.509Z] [DEBUG] Finding reports to execute in company_ry0iwbpw (current time: 2025-08-15T16:23:58.509Z)
[2025-08-15T16:23:58.568Z] [INFO] Found 0 reports to execute in company_ry0iwbpw
[2025-08-15T16:23:58.568Z] [INFO] Scheduled reports check completed
[2025-08-15T16:23:58.571Z] [DEBUG] MongoDB connection closed
[2025-08-15T16:24:07.430Z] [INFO] Checking for scheduled reports...
[2025-08-15T16:24:08.052Z] [DEBUG] Connected to MongoDB
[2025-08-15T16:24:08.125Z] [INFO] Found 2 company databases
[2025-08-15T16:24:08.125Z] [DEBUG] Processing company database: company_ieebsmug
[2025-08-15T16:24:08.169Z] [DEBUG] Skipping company_ieebsmug: No scheduled reports collection found
[2025-08-15T16:24:08.169Z] [DEBUG] Processing company database: company_ry0iwbpw
[2025-08-15T16:24:08.224Z] [DEBUG] Finding reports to execute in company_ry0iwbpw (current time: 2025-08-15T16:24:08.224Z)
[2025-08-15T16:24:08.279Z] [INFO] Found 0 reports to execute in company_ry0iwbpw
[2025-08-15T16:24:08.279Z] [INFO] Scheduled reports check completed
[2025-08-15T16:24:08.281Z] [DEBUG] MongoDB connection closed
[2025-08-15T16:24:17.430Z] [INFO] Checking for scheduled reports...
[2025-08-15T16:24:17.901Z] [DEBUG] Connected to MongoDB
[2025-08-15T16:24:17.951Z] [INFO] Found 2 company databases
[2025-08-15T16:24:17.951Z] [DEBUG] Processing company database: company_ieebsmug
[2025-08-15T16:24:17.988Z] [DEBUG] Skipping company_ieebsmug: No scheduled reports collection found
[2025-08-15T16:24:17.989Z] [DEBUG] Processing company database: company_ry0iwbpw
[2025-08-15T16:24:18.038Z] [DEBUG] Finding reports to execute in company_ry0iwbpw (current time: 2025-08-15T16:24:18.038Z)
[2025-08-15T16:24:18.090Z] [INFO] Found 0 reports to execute in company_ry0iwbpw
[2025-08-15T16:24:18.091Z] [INFO] Scheduled reports check completed
[2025-08-15T16:24:18.092Z] [DEBUG] MongoDB connection closed
[2025-08-15T16:24:27.431Z] [INFO] Checking for scheduled reports...
[2025-08-15T16:24:27.905Z] [DEBUG] Connected to MongoDB
[2025-08-15T16:24:27.952Z] [INFO] Found 2 company databases
[2025-08-15T16:24:27.953Z] [DEBUG] Processing company database: company_ieebsmug
[2025-08-15T16:24:27.991Z] [DEBUG] Skipping company_ieebsmug: No scheduled reports collection found
[2025-08-15T16:24:27.992Z] [DEBUG] Processing company database: company_ry0iwbpw
[2025-08-15T16:24:28.032Z] [DEBUG] Finding reports to execute in company_ry0iwbpw (current time: 2025-08-15T16:24:28.032Z)
[2025-08-15T16:24:28.071Z] [INFO] Found 0 reports to execute in company_ry0iwbpw
[2025-08-15T16:24:28.072Z] [INFO] Scheduled reports check completed
[2025-08-15T16:24:28.073Z] [DEBUG] MongoDB connection closed
[2025-08-15T16:24:37.431Z] [INFO] Checking for scheduled reports...
[2025-08-15T16:24:37.991Z] [DEBUG] Connected to MongoDB
[2025-08-15T16:24:38.039Z] [INFO] Found 2 company databases
[2025-08-15T16:24:38.040Z] [DEBUG] Processing company database: company_ieebsmug
[2025-08-15T16:24:38.079Z] [DEBUG] Skipping company_ieebsmug: No scheduled reports collection found
[2025-08-15T16:24:38.080Z] [DEBUG] Processing company database: company_ry0iwbpw
[2025-08-15T16:24:38.129Z] [DEBUG] Finding reports to execute in company_ry0iwbpw (current time: 2025-08-15T16:24:38.129Z)
[2025-08-15T16:24:38.169Z] [INFO] Found 0 reports to execute in company_ry0iwbpw
[2025-08-15T16:24:38.169Z] [INFO] Scheduled reports check completed
[2025-08-15T16:24:38.172Z] [DEBUG] MongoDB connection closed
[2025-08-15T16:24:47.431Z] [INFO] Checking for scheduled reports...
[2025-08-15T16:24:47.915Z] [DEBUG] Connected to MongoDB
[2025-08-15T16:24:47.965Z] [INFO] Found 2 company databases
[2025-08-15T16:24:47.966Z] [DEBUG] Processing company database: company_ieebsmug
[2025-08-15T16:24:48.006Z] [DEBUG] Skipping company_ieebsmug: No scheduled reports collection found
[2025-08-15T16:24:48.007Z] [DEBUG] Processing company database: company_ry0iwbpw
[2025-08-15T16:24:48.059Z] [DEBUG] Finding reports to execute in company_ry0iwbpw (current time: 2025-08-15T16:24:48.059Z)
[2025-08-15T16:24:48.098Z] [INFO] Found 0 reports to execute in company_ry0iwbpw
[2025-08-15T16:24:48.099Z] [INFO] Scheduled reports check completed
[2025-08-15T16:24:48.100Z] [DEBUG] MongoDB connection closed
[2025-08-15T16:24:57.432Z] [INFO] Checking for scheduled reports...
[2025-08-15T16:24:57.958Z] [DEBUG] Connected to MongoDB
[2025-08-15T16:24:58.004Z] [INFO] Found 2 company databases
[2025-08-15T16:24:58.005Z] [DEBUG] Processing company database: company_ieebsmug
[2025-08-15T16:24:58.057Z] [DEBUG] Skipping company_ieebsmug: No scheduled reports collection found
[2025-08-15T16:24:58.058Z] [DEBUG] Processing company database: company_ry0iwbpw
[2025-08-15T16:24:58.100Z] [DEBUG] Finding reports to execute in company_ry0iwbpw (current time: 2025-08-15T16:24:58.100Z)
[2025-08-15T16:24:58.139Z] [INFO] Found 0 reports to execute in company_ry0iwbpw
[2025-08-15T16:24:58.139Z] [INFO] Scheduled reports check completed
[2025-08-15T16:24:58.142Z] [DEBUG] MongoDB connection closed
[2025-08-15T16:25:07.433Z] [INFO] Checking for scheduled reports...
[2025-08-15T16:25:07.936Z] [DEBUG] Connected to MongoDB
[2025-08-15T16:25:07.995Z] [INFO] Found 2 company databases
[2025-08-15T16:25:07.995Z] [DEBUG] Processing company database: company_ieebsmug
[2025-08-15T16:25:08.033Z] [DEBUG] Skipping company_ieebsmug: No scheduled reports collection found
[2025-08-15T16:25:08.034Z] [DEBUG] Processing company database: company_ry0iwbpw
[2025-08-15T16:25:08.073Z] [DEBUG] Finding reports to execute in company_ry0iwbpw (current time: 2025-08-15T16:25:08.073Z)
[2025-08-15T16:25:08.118Z] [INFO] Found 0 reports to execute in company_ry0iwbpw
[2025-08-15T16:25:08.119Z] [INFO] Scheduled reports check completed
[2025-08-15T16:25:08.121Z] [DEBUG] MongoDB connection closed
[2025-08-15T16:25:17.433Z] [INFO] Checking for scheduled reports...
[2025-08-15T16:25:17.920Z] [DEBUG] Connected to MongoDB
[2025-08-15T16:25:17.968Z] [INFO] Found 2 company databases
[2025-08-15T16:25:17.968Z] [DEBUG] Processing company database: company_ieebsmug
[2025-08-15T16:25:18.008Z] [DEBUG] Skipping company_ieebsmug: No scheduled reports collection found
[2025-08-15T16:25:18.008Z] [DEBUG] Processing company database: company_ry0iwbpw
[2025-08-15T16:25:18.050Z] [DEBUG] Finding reports to execute in company_ry0iwbpw (current time: 2025-08-15T16:25:18.050Z)
[2025-08-15T16:25:18.089Z] [INFO] Found 0 reports to execute in company_ry0iwbpw
[2025-08-15T16:25:18.089Z] [INFO] Scheduled reports check completed
[2025-08-15T16:25:18.091Z] [DEBUG] MongoDB connection closed
[2025-08-15T16:25:27.434Z] [INFO] Checking for scheduled reports...
[2025-08-15T16:25:27.947Z] [DEBUG] Connected to MongoDB
[2025-08-15T16:25:27.995Z] [INFO] Found 2 company databases
[2025-08-15T16:25:27.996Z] [DEBUG] Processing company database: company_ieebsmug
[2025-08-15T16:25:28.035Z] [DEBUG] Skipping company_ieebsmug: No scheduled reports collection found
[2025-08-15T16:25:28.036Z] [DEBUG] Processing company database: company_ry0iwbpw
[2025-08-15T16:25:28.076Z] [DEBUG] Finding reports to execute in company_ry0iwbpw (current time: 2025-08-15T16:25:28.076Z)
[2025-08-15T16:25:28.115Z] [INFO] Found 0 reports to execute in company_ry0iwbpw
[2025-08-15T16:25:28.116Z] [INFO] Scheduled reports check completed
[2025-08-15T16:25:28.118Z] [DEBUG] MongoDB connection closed
[2025-08-15T16:25:37.435Z] [INFO] Checking for scheduled reports...
[2025-08-15T16:25:37.908Z] [DEBUG] Connected to MongoDB
[2025-08-15T16:25:37.955Z] [INFO] Found 2 company databases
[2025-08-15T16:25:37.955Z] [DEBUG] Processing company database: company_ieebsmug
[2025-08-15T16:25:37.994Z] [DEBUG] Skipping company_ieebsmug: No scheduled reports collection found
[2025-08-15T16:25:37.995Z] [DEBUG] Processing company database: company_ry0iwbpw
[2025-08-15T16:25:38.033Z] [DEBUG] Finding reports to execute in company_ry0iwbpw (current time: 2025-08-15T16:25:38.033Z)
[2025-08-15T16:25:38.071Z] [INFO] Found 0 reports to execute in company_ry0iwbpw
[2025-08-15T16:25:38.072Z] [INFO] Scheduled reports check completed
[2025-08-15T16:25:38.075Z] [DEBUG] MongoDB connection closed
[2025-08-15T16:25:47.436Z] [INFO] Checking for scheduled reports...
[2025-08-15T16:25:47.910Z] [DEBUG] Connected to MongoDB
[2025-08-15T16:25:47.955Z] [INFO] Found 2 company databases
[2025-08-15T16:25:47.956Z] [DEBUG] Processing company database: company_ieebsmug
[2025-08-15T16:25:47.994Z] [DEBUG] Skipping company_ieebsmug: No scheduled reports collection found
[2025-08-15T16:25:47.995Z] [DEBUG] Processing company database: company_ry0iwbpw
[2025-08-15T16:25:48.042Z] [DEBUG] Finding reports to execute in company_ry0iwbpw (current time: 2025-08-15T16:25:48.042Z)
[2025-08-15T16:25:48.091Z] [INFO] Found 0 reports to execute in company_ry0iwbpw
[2025-08-15T16:25:48.091Z] [INFO] Scheduled reports check completed
[2025-08-15T16:25:48.093Z] [DEBUG] MongoDB connection closed
[2025-08-15T16:25:57.437Z] [INFO] Checking for scheduled reports...
[2025-08-15T16:25:57.991Z] [DEBUG] Connected to MongoDB
[2025-08-15T16:25:58.037Z] [INFO] Found 2 company databases
[2025-08-15T16:25:58.037Z] [DEBUG] Processing company database: company_ieebsmug
[2025-08-15T16:25:58.087Z] [DEBUG] Skipping company_ieebsmug: No scheduled reports collection found
[2025-08-15T16:25:58.088Z] [DEBUG] Processing company database: company_ry0iwbpw
[2025-08-15T16:25:58.131Z] [DEBUG] Finding reports to execute in company_ry0iwbpw (current time: 2025-08-15T16:25:58.131Z)
[2025-08-15T16:25:58.169Z] [INFO] Found 0 reports to execute in company_ry0iwbpw
[2025-08-15T16:25:58.170Z] [INFO] Scheduled reports check completed
[2025-08-15T16:25:58.172Z] [DEBUG] MongoDB connection closed
[2025-08-15T16:26:07.438Z] [INFO] Checking for scheduled reports...
[2025-08-15T16:26:07.897Z] [DEBUG] Connected to MongoDB
[2025-08-15T16:26:07.944Z] [INFO] Found 2 company databases
[2025-08-15T16:26:07.944Z] [DEBUG] Processing company database: company_ieebsmug
[2025-08-15T16:26:07.982Z] [DEBUG] Skipping company_ieebsmug: No scheduled reports collection found
[2025-08-15T16:26:07.982Z] [DEBUG] Processing company database: company_ry0iwbpw
[2025-08-15T16:26:08.019Z] [DEBUG] Finding reports to execute in company_ry0iwbpw (current time: 2025-08-15T16:26:08.019Z)
[2025-08-15T16:26:08.057Z] [INFO] Found 0 reports to execute in company_ry0iwbpw
[2025-08-15T16:26:08.058Z] [INFO] Scheduled reports check completed
[2025-08-15T16:26:08.060Z] [DEBUG] MongoDB connection closed
[2025-08-15T16:26:17.438Z] [INFO] Checking for scheduled reports...
[2025-08-15T16:26:17.922Z] [DEBUG] Connected to MongoDB
[2025-08-15T16:26:17.972Z] [INFO] Found 2 company databases
[2025-08-15T16:26:17.973Z] [DEBUG] Processing company database: company_ieebsmug
[2025-08-15T16:26:18.012Z] [DEBUG] Skipping company_ieebsmug: No scheduled reports collection found
[2025-08-15T16:26:18.012Z] [DEBUG] Processing company database: company_ry0iwbpw
[2025-08-15T16:26:18.052Z] [DEBUG] Finding reports to execute in company_ry0iwbpw (current time: 2025-08-15T16:26:18.052Z)
[2025-08-15T16:26:18.091Z] [INFO] Found 0 reports to execute in company_ry0iwbpw
[2025-08-15T16:26:18.092Z] [INFO] Scheduled reports check completed
[2025-08-15T16:26:18.094Z] [DEBUG] MongoDB connection closed
[2025-08-15T16:26:27.439Z] [INFO] Checking for scheduled reports...
[2025-08-15T16:26:27.904Z] [DEBUG] Connected to MongoDB
[2025-08-15T16:26:27.950Z] [INFO] Found 2 company databases
[2025-08-15T16:26:27.950Z] [DEBUG] Processing company database: company_ieebsmug
[2025-08-15T16:26:27.989Z] [DEBUG] Skipping company_ieebsmug: No scheduled reports collection found
[2025-08-15T16:26:27.989Z] [DEBUG] Processing company database: company_ry0iwbpw
[2025-08-15T16:26:28.028Z] [DEBUG] Finding reports to execute in company_ry0iwbpw (current time: 2025-08-15T16:26:28.028Z)
[2025-08-15T16:26:28.065Z] [INFO] Found 0 reports to execute in company_ry0iwbpw
[2025-08-15T16:26:28.066Z] [INFO] Scheduled reports check completed
[2025-08-15T16:26:28.067Z] [DEBUG] MongoDB connection closed
[2025-08-15T16:26:37.440Z] [INFO] Checking for scheduled reports...
[2025-08-15T16:26:37.920Z] [DEBUG] Connected to MongoDB
[2025-08-15T16:26:37.966Z] [INFO] Found 2 company databases
[2025-08-15T16:26:37.967Z] [DEBUG] Processing company database: company_ieebsmug
[2025-08-15T16:26:38.005Z] [DEBUG] Skipping company_ieebsmug: No scheduled reports collection found
[2025-08-15T16:26:38.006Z] [DEBUG] Processing company database: company_ry0iwbpw
[2025-08-15T16:26:38.047Z] [DEBUG] Finding reports to execute in company_ry0iwbpw (current time: 2025-08-15T16:26:38.047Z)
[2025-08-15T16:26:38.100Z] [INFO] Found 0 reports to execute in company_ry0iwbpw
[2025-08-15T16:26:38.100Z] [INFO] Scheduled reports check completed
[2025-08-15T16:26:38.103Z] [DEBUG] MongoDB connection closed
[2025-08-15T16:26:47.440Z] [INFO] Checking for scheduled reports...
[2025-08-15T16:26:47.913Z] [DEBUG] Connected to MongoDB
[2025-08-15T16:26:47.961Z] [INFO] Found 2 company databases
[2025-08-15T16:26:47.962Z] [DEBUG] Processing company database: company_ieebsmug
[2025-08-15T16:26:48.001Z] [DEBUG] Skipping company_ieebsmug: No scheduled reports collection found
[2025-08-15T16:26:48.001Z] [DEBUG] Processing company database: company_ry0iwbpw
[2025-08-15T16:26:48.040Z] [DEBUG] Finding reports to execute in company_ry0iwbpw (current time: 2025-08-15T16:26:48.040Z)
[2025-08-15T16:26:48.079Z] [INFO] Found 0 reports to execute in company_ry0iwbpw
[2025-08-15T16:26:48.079Z] [INFO] Scheduled reports check completed
[2025-08-15T16:26:48.080Z] [DEBUG] MongoDB connection closed
[2025-08-15T16:26:57.440Z] [INFO] Checking for scheduled reports...
[2025-08-15T16:26:57.995Z] [DEBUG] Connected to MongoDB
[2025-08-15T16:26:58.043Z] [INFO] Found 2 company databases
[2025-08-15T16:26:58.044Z] [DEBUG] Processing company database: company_ieebsmug
[2025-08-15T16:26:58.083Z] [DEBUG] Skipping company_ieebsmug: No scheduled reports collection found
[2025-08-15T16:26:58.084Z] [DEBUG] Processing company database: company_ry0iwbpw
[2025-08-15T16:26:58.122Z] [DEBUG] Finding reports to execute in company_ry0iwbpw (current time: 2025-08-15T16:26:58.122Z)
[2025-08-15T16:26:58.161Z] [INFO] Found 0 reports to execute in company_ry0iwbpw
[2025-08-15T16:26:58.162Z] [INFO] Scheduled reports check completed
[2025-08-15T16:26:58.163Z] [DEBUG] MongoDB connection closed
[2025-08-15T16:27:07.441Z] [INFO] Checking for scheduled reports...
[2025-08-15T16:27:07.917Z] [DEBUG] Connected to MongoDB
[2025-08-15T16:27:07.971Z] [INFO] Found 2 company databases
[2025-08-15T16:27:07.972Z] [DEBUG] Processing company database: company_ieebsmug
[2025-08-15T16:27:08.011Z] [DEBUG] Skipping company_ieebsmug: No scheduled reports collection found
[2025-08-15T16:27:08.011Z] [DEBUG] Processing company database: company_ry0iwbpw
[2025-08-15T16:27:08.053Z] [DEBUG] Finding reports to execute in company_ry0iwbpw (current time: 2025-08-15T16:27:08.053Z)
[2025-08-15T16:27:08.091Z] [INFO] Found 0 reports to execute in company_ry0iwbpw
[2025-08-15T16:27:08.092Z] [INFO] Scheduled reports check completed
[2025-08-15T16:27:08.094Z] [DEBUG] MongoDB connection closed
[2025-08-15T16:27:17.442Z] [INFO] Checking for scheduled reports...
[2025-08-15T16:27:18.020Z] [DEBUG] Connected to MongoDB
[2025-08-15T16:27:18.066Z] [INFO] Found 2 company databases
[2025-08-15T16:27:18.066Z] [DEBUG] Processing company database: company_ieebsmug
[2025-08-15T16:27:18.104Z] [DEBUG] Skipping company_ieebsmug: No scheduled reports collection found
[2025-08-15T16:27:18.105Z] [DEBUG] Processing company database: company_ry0iwbpw
[2025-08-15T16:27:18.142Z] [DEBUG] Finding reports to execute in company_ry0iwbpw (current time: 2025-08-15T16:27:18.142Z)
[2025-08-15T16:27:18.180Z] [INFO] Found 0 reports to execute in company_ry0iwbpw
[2025-08-15T16:27:18.180Z] [INFO] Scheduled reports check completed
[2025-08-15T16:27:18.181Z] [DEBUG] MongoDB connection closed
[2025-08-15T16:27:27.442Z] [INFO] Checking for scheduled reports...
[2025-08-15T16:27:27.925Z] [DEBUG] Connected to MongoDB
[2025-08-15T16:27:27.976Z] [INFO] Found 2 company databases
[2025-08-15T16:27:27.977Z] [DEBUG] Processing company database: company_ieebsmug
[2025-08-15T16:27:28.029Z] [DEBUG] Skipping company_ieebsmug: No scheduled reports collection found
[2025-08-15T16:27:28.030Z] [DEBUG] Processing company database: company_ry0iwbpw
[2025-08-15T16:27:28.071Z] [DEBUG] Finding reports to execute in company_ry0iwbpw (current time: 2025-08-15T16:27:28.071Z)
[2025-08-15T16:27:28.109Z] [INFO] Found 0 reports to execute in company_ry0iwbpw
[2025-08-15T16:27:28.110Z] [INFO] Scheduled reports check completed
[2025-08-15T16:27:28.111Z] [DEBUG] MongoDB connection closed
[2025-08-15T16:27:37.442Z] [INFO] Checking for scheduled reports...
[2025-08-15T16:27:37.910Z] [DEBUG] Connected to MongoDB
[2025-08-15T16:27:37.958Z] [INFO] Found 2 company databases
[2025-08-15T16:27:37.958Z] [DEBUG] Processing company database: company_ieebsmug
[2025-08-15T16:27:37.998Z] [DEBUG] Skipping company_ieebsmug: No scheduled reports collection found
[2025-08-15T16:27:37.999Z] [DEBUG] Processing company database: company_ry0iwbpw
[2025-08-15T16:27:38.037Z] [DEBUG] Finding reports to execute in company_ry0iwbpw (current time: 2025-08-15T16:27:38.037Z)
[2025-08-15T16:27:38.076Z] [INFO] Found 0 reports to execute in company_ry0iwbpw
[2025-08-15T16:27:38.077Z] [INFO] Scheduled reports check completed
[2025-08-15T16:27:38.078Z] [DEBUG] MongoDB connection closed
[2025-08-15T16:27:47.443Z] [INFO] Checking for scheduled reports...
[2025-08-15T16:27:47.935Z] [DEBUG] Connected to MongoDB
[2025-08-15T16:27:47.981Z] [INFO] Found 2 company databases
[2025-08-15T16:27:47.981Z] [DEBUG] Processing company database: company_ieebsmug
[2025-08-15T16:27:48.019Z] [DEBUG] Skipping company_ieebsmug: No scheduled reports collection found
[2025-08-15T16:27:48.019Z] [DEBUG] Processing company database: company_ry0iwbpw
[2025-08-15T16:27:48.056Z] [DEBUG] Finding reports to execute in company_ry0iwbpw (current time: 2025-08-15T16:27:48.056Z)
[2025-08-15T16:27:48.093Z] [INFO] Found 0 reports to execute in company_ry0iwbpw
[2025-08-15T16:27:48.094Z] [INFO] Scheduled reports check completed
[2025-08-15T16:27:48.095Z] [DEBUG] MongoDB connection closed
[2025-08-15T16:27:57.443Z] [INFO] Checking for scheduled reports...
[2025-08-15T16:27:57.963Z] [DEBUG] Connected to MongoDB
[2025-08-15T16:27:58.008Z] [INFO] Found 2 company databases
[2025-08-15T16:27:58.009Z] [DEBUG] Processing company database: company_ieebsmug
[2025-08-15T16:27:58.046Z] [DEBUG] Skipping company_ieebsmug: No scheduled reports collection found
[2025-08-15T16:27:58.046Z] [DEBUG] Processing company database: company_ry0iwbpw
[2025-08-15T16:27:58.083Z] [DEBUG] Finding reports to execute in company_ry0iwbpw (current time: 2025-08-15T16:27:58.083Z)
[2025-08-15T16:27:58.120Z] [INFO] Found 0 reports to execute in company_ry0iwbpw
[2025-08-15T16:27:58.121Z] [INFO] Scheduled reports check completed
[2025-08-15T16:27:58.123Z] [DEBUG] MongoDB connection closed
[2025-08-15T16:28:07.444Z] [INFO] Checking for scheduled reports...
[2025-08-15T16:28:07.916Z] [DEBUG] Connected to MongoDB
[2025-08-15T16:28:07.969Z] [INFO] Found 2 company databases
[2025-08-15T16:28:07.970Z] [DEBUG] Processing company database: company_ieebsmug
[2025-08-15T16:28:08.009Z] [DEBUG] Skipping company_ieebsmug: No scheduled reports collection found
[2025-08-15T16:28:08.010Z] [DEBUG] Processing company database: company_ry0iwbpw
[2025-08-15T16:28:08.057Z] [DEBUG] Finding reports to execute in company_ry0iwbpw (current time: 2025-08-15T16:28:08.057Z)
[2025-08-15T16:28:08.097Z] [INFO] Found 0 reports to execute in company_ry0iwbpw
[2025-08-15T16:28:08.097Z] [INFO] Scheduled reports check completed
[2025-08-15T16:28:08.099Z] [DEBUG] MongoDB connection closed
[2025-08-15T16:28:17.446Z] [INFO] Checking for scheduled reports...
[2025-08-15T16:28:17.955Z] [DEBUG] Connected to MongoDB
[2025-08-15T16:28:18.004Z] [INFO] Found 2 company databases
[2025-08-15T16:28:18.005Z] [DEBUG] Processing company database: company_ieebsmug
[2025-08-15T16:28:18.051Z] [DEBUG] Skipping company_ieebsmug: No scheduled reports collection found
[2025-08-15T16:28:18.051Z] [DEBUG] Processing company database: company_ry0iwbpw
[2025-08-15T16:28:18.094Z] [DEBUG] Finding reports to execute in company_ry0iwbpw (current time: 2025-08-15T16:28:18.094Z)
[2025-08-15T16:28:18.140Z] [INFO] Found 0 reports to execute in company_ry0iwbpw
[2025-08-15T16:28:18.144Z] [INFO] Scheduled reports check completed
[2025-08-15T16:28:18.149Z] [DEBUG] MongoDB connection closed
[2025-08-15T16:28:27.447Z] [INFO] Checking for scheduled reports...
[2025-08-15T16:28:27.928Z] [DEBUG] Connected to MongoDB
[2025-08-15T16:28:27.978Z] [INFO] Found 2 company databases
[2025-08-15T16:28:27.978Z] [DEBUG] Processing company database: company_ieebsmug
[2025-08-15T16:28:28.017Z] [DEBUG] Skipping company_ieebsmug: No scheduled reports collection found
[2025-08-15T16:28:28.017Z] [DEBUG] Processing company database: company_ry0iwbpw
[2025-08-15T16:28:28.059Z] [DEBUG] Finding reports to execute in company_ry0iwbpw (current time: 2025-08-15T16:28:28.059Z)
[2025-08-15T16:28:28.098Z] [INFO] Found 0 reports to execute in company_ry0iwbpw
[2025-08-15T16:28:28.098Z] [INFO] Scheduled reports check completed
[2025-08-15T16:28:28.099Z] [DEBUG] MongoDB connection closed
[2025-08-15T16:28:37.447Z] [INFO] Checking for scheduled reports...
[2025-08-15T16:28:38.050Z] [DEBUG] Connected to MongoDB
[2025-08-15T16:28:38.097Z] [INFO] Found 2 company databases
[2025-08-15T16:28:38.098Z] [DEBUG] Processing company database: company_ieebsmug
[2025-08-15T16:28:38.135Z] [DEBUG] Skipping company_ieebsmug: No scheduled reports collection found
[2025-08-15T16:28:38.135Z] [DEBUG] Processing company database: company_ry0iwbpw
[2025-08-15T16:28:38.175Z] [DEBUG] Finding reports to execute in company_ry0iwbpw (current time: 2025-08-15T16:28:38.175Z)
[2025-08-15T16:28:38.214Z] [INFO] Found 0 reports to execute in company_ry0iwbpw
[2025-08-15T16:28:38.214Z] [INFO] Scheduled reports check completed
[2025-08-15T16:28:38.215Z] [DEBUG] MongoDB connection closed
[2025-08-15T16:28:47.448Z] [INFO] Checking for scheduled reports...
[2025-08-15T16:28:47.936Z] [DEBUG] Connected to MongoDB
[2025-08-15T16:28:47.991Z] [INFO] Found 2 company databases
[2025-08-15T16:28:47.992Z] [DEBUG] Processing company database: company_ieebsmug
[2025-08-15T16:28:48.030Z] [DEBUG] Skipping company_ieebsmug: No scheduled reports collection found
[2025-08-15T16:28:48.030Z] [DEBUG] Processing company database: company_ry0iwbpw
[2025-08-15T16:28:48.071Z] [DEBUG] Finding reports to execute in company_ry0iwbpw (current time: 2025-08-15T16:28:48.071Z)
[2025-08-15T16:28:48.112Z] [INFO] Found 0 reports to execute in company_ry0iwbpw
[2025-08-15T16:28:48.113Z] [INFO] Scheduled reports check completed
[2025-08-15T16:28:48.114Z] [DEBUG] MongoDB connection closed
[2025-08-15T16:28:57.450Z] [INFO] Checking for scheduled reports...
[2025-08-15T16:28:57.956Z] [DEBUG] Connected to MongoDB
[2025-08-15T16:28:58.003Z] [INFO] Found 2 company databases
[2025-08-15T16:28:58.003Z] [DEBUG] Processing company database: company_ieebsmug
[2025-08-15T16:28:58.050Z] [DEBUG] Skipping company_ieebsmug: No scheduled reports collection found
[2025-08-15T16:28:58.051Z] [DEBUG] Processing company database: company_ry0iwbpw
[2025-08-15T16:28:58.090Z] [DEBUG] Finding reports to execute in company_ry0iwbpw (current time: 2025-08-15T16:28:58.090Z)
[2025-08-15T16:28:58.127Z] [INFO] Found 0 reports to execute in company_ry0iwbpw
[2025-08-15T16:28:58.127Z] [INFO] Scheduled reports check completed
[2025-08-15T16:28:58.128Z] [DEBUG] MongoDB connection closed
[2025-08-15T16:29:07.451Z] [INFO] Checking for scheduled reports...
[2025-08-15T16:29:07.930Z] [DEBUG] Connected to MongoDB
[2025-08-15T16:29:07.977Z] [INFO] Found 2 company databases
[2025-08-15T16:29:07.977Z] [DEBUG] Processing company database: company_ieebsmug
[2025-08-15T16:29:08.018Z] [DEBUG] Skipping company_ieebsmug: No scheduled reports collection found
[2025-08-15T16:29:08.019Z] [DEBUG] Processing company database: company_ry0iwbpw
[2025-08-15T16:29:08.058Z] [DEBUG] Finding reports to execute in company_ry0iwbpw (current time: 2025-08-15T16:29:08.058Z)
[2025-08-15T16:29:08.097Z] [INFO] Found 0 reports to execute in company_ry0iwbpw
[2025-08-15T16:29:08.097Z] [INFO] Scheduled reports check completed
[2025-08-15T16:29:08.099Z] [DEBUG] MongoDB connection closed
[2025-08-15T16:29:17.452Z] [INFO] Checking for scheduled reports...
[2025-08-15T16:29:17.985Z] [DEBUG] Connected to MongoDB
[2025-08-15T16:29:18.035Z] [INFO] Found 2 company databases
[2025-08-15T16:29:18.036Z] [DEBUG] Processing company database: company_ieebsmug
[2025-08-15T16:29:18.077Z] [DEBUG] Skipping company_ieebsmug: No scheduled reports collection found
[2025-08-15T16:29:18.078Z] [DEBUG] Processing company database: company_ry0iwbpw
[2025-08-15T16:29:18.135Z] [DEBUG] Finding reports to execute in company_ry0iwbpw (current time: 2025-08-15T16:29:18.135Z)
[2025-08-15T16:29:18.174Z] [INFO] Found 0 reports to execute in company_ry0iwbpw
[2025-08-15T16:29:18.175Z] [INFO] Scheduled reports check completed
[2025-08-15T16:29:18.177Z] [DEBUG] MongoDB connection closed
[2025-08-15T16:29:27.453Z] [INFO] Checking for scheduled reports...
[2025-08-15T16:29:27.952Z] [DEBUG] Connected to MongoDB
[2025-08-15T16:29:27.999Z] [INFO] Found 2 company databases
[2025-08-15T16:29:27.999Z] [DEBUG] Processing company database: company_ieebsmug
[2025-08-15T16:29:28.039Z] [DEBUG] Skipping company_ieebsmug: No scheduled reports collection found
[2025-08-15T16:29:28.040Z] [DEBUG] Processing company database: company_ry0iwbpw
[2025-08-15T16:29:28.086Z] [DEBUG] Finding reports to execute in company_ry0iwbpw (current time: 2025-08-15T16:29:28.086Z)
[2025-08-15T16:29:28.126Z] [INFO] Found 0 reports to execute in company_ry0iwbpw
[2025-08-15T16:29:28.126Z] [INFO] Scheduled reports check completed
[2025-08-15T16:29:28.128Z] [DEBUG] MongoDB connection closed
[2025-08-15T16:29:37.454Z] [INFO] Checking for scheduled reports...
[2025-08-15T16:29:37.928Z] [DEBUG] Connected to MongoDB
[2025-08-15T16:29:37.975Z] [INFO] Found 2 company databases
[2025-08-15T16:29:37.975Z] [DEBUG] Processing company database: company_ieebsmug
[2025-08-15T16:29:38.017Z] [DEBUG] Skipping company_ieebsmug: No scheduled reports collection found
[2025-08-15T16:29:38.017Z] [DEBUG] Processing company database: company_ry0iwbpw
[2025-08-15T16:29:38.058Z] [DEBUG] Finding reports to execute in company_ry0iwbpw (current time: 2025-08-15T16:29:38.058Z)
[2025-08-15T16:29:38.097Z] [INFO] Found 0 reports to execute in company_ry0iwbpw
[2025-08-15T16:29:38.097Z] [INFO] Scheduled reports check completed
[2025-08-15T16:29:38.099Z] [DEBUG] MongoDB connection closed
[2025-08-15T16:29:47.455Z] [INFO] Checking for scheduled reports...
[2025-08-15T16:29:47.949Z] [DEBUG] Connected to MongoDB
[2025-08-15T16:29:47.999Z] [INFO] Found 2 company databases
[2025-08-15T16:29:48.000Z] [DEBUG] Processing company database: company_ieebsmug
[2025-08-15T16:29:48.038Z] [DEBUG] Skipping company_ieebsmug: No scheduled reports collection found
[2025-08-15T16:29:48.039Z] [DEBUG] Processing company database: company_ry0iwbpw
[2025-08-15T16:29:48.082Z] [DEBUG] Finding reports to execute in company_ry0iwbpw (current time: 2025-08-15T16:29:48.082Z)
[2025-08-15T16:29:48.120Z] [INFO] Found 0 reports to execute in company_ry0iwbpw
[2025-08-15T16:29:48.120Z] [INFO] Scheduled reports check completed
[2025-08-15T16:29:48.122Z] [DEBUG] MongoDB connection closed
[2025-08-15T16:29:57.456Z] [INFO] Checking for scheduled reports...
[2025-08-15T16:29:58.080Z] [DEBUG] Connected to MongoDB
[2025-08-15T16:29:58.126Z] [INFO] Found 2 company databases
[2025-08-15T16:29:58.127Z] [DEBUG] Processing company database: company_ieebsmug
[2025-08-15T16:29:58.164Z] [DEBUG] Skipping company_ieebsmug: No scheduled reports collection found
[2025-08-15T16:29:58.164Z] [DEBUG] Processing company database: company_ry0iwbpw
[2025-08-15T16:29:58.202Z] [DEBUG] Finding reports to execute in company_ry0iwbpw (current time: 2025-08-15T16:29:58.202Z)
[2025-08-15T16:29:58.239Z] [INFO] Found 0 reports to execute in company_ry0iwbpw
[2025-08-15T16:29:58.240Z] [INFO] Scheduled reports check completed
[2025-08-15T16:29:58.241Z] [DEBUG] MongoDB connection closed
[2025-08-15T16:30:07.456Z] [INFO] Checking for scheduled reports...
[2025-08-15T16:30:07.938Z] [DEBUG] Connected to MongoDB
[2025-08-15T16:30:07.987Z] [INFO] Found 2 company databases
[2025-08-15T16:30:07.988Z] [DEBUG] Processing company database: company_ieebsmug
[2025-08-15T16:30:08.032Z] [DEBUG] Skipping company_ieebsmug: No scheduled reports collection found
[2025-08-15T16:30:08.032Z] [DEBUG] Processing company database: company_ry0iwbpw
[2025-08-15T16:30:08.076Z] [DEBUG] Finding reports to execute in company_ry0iwbpw (current time: 2025-08-15T16:30:08.076Z)
[2025-08-15T16:30:08.115Z] [INFO] Found 0 reports to execute in company_ry0iwbpw
[2025-08-15T16:30:08.116Z] [INFO] Scheduled reports check completed
[2025-08-15T16:30:08.118Z] [DEBUG] MongoDB connection closed
[2025-08-15T16:30:17.458Z] [INFO] Checking for scheduled reports...
[2025-08-15T16:30:17.956Z] [DEBUG] Connected to MongoDB
[2025-08-15T16:30:18.006Z] [INFO] Found 2 company databases
[2025-08-15T16:30:18.007Z] [DEBUG] Processing company database: company_ieebsmug
[2025-08-15T16:30:18.045Z] [DEBUG] Skipping company_ieebsmug: No scheduled reports collection found
[2025-08-15T16:30:18.046Z] [DEBUG] Processing company database: company_ry0iwbpw
[2025-08-15T16:30:18.087Z] [DEBUG] Finding reports to execute in company_ry0iwbpw (current time: 2025-08-15T16:30:18.087Z)
[2025-08-15T16:30:18.125Z] [INFO] Found 0 reports to execute in company_ry0iwbpw
[2025-08-15T16:30:18.125Z] [INFO] Scheduled reports check completed
[2025-08-15T16:30:18.127Z] [DEBUG] MongoDB connection closed
[2025-08-15T16:30:27.458Z] [INFO] Checking for scheduled reports...
[2025-08-15T16:30:27.933Z] [DEBUG] Connected to MongoDB
[2025-08-15T16:30:27.977Z] [INFO] Found 2 company databases
[2025-08-15T16:30:27.978Z] [DEBUG] Processing company database: company_ieebsmug
[2025-08-15T16:30:28.015Z] [DEBUG] Skipping company_ieebsmug: No scheduled reports collection found
[2025-08-15T16:30:28.016Z] [DEBUG] Processing company database: company_ry0iwbpw
[2025-08-15T16:30:28.053Z] [DEBUG] Finding reports to execute in company_ry0iwbpw (current time: 2025-08-15T16:30:28.053Z)
[2025-08-15T16:30:28.092Z] [INFO] Found 0 reports to execute in company_ry0iwbpw
[2025-08-15T16:30:28.092Z] [INFO] Scheduled reports check completed
[2025-08-15T16:30:28.093Z] [DEBUG] MongoDB connection closed
[2025-08-15T16:30:37.459Z] [INFO] Checking for scheduled reports...
[2025-08-15T16:30:37.935Z] [DEBUG] Connected to MongoDB
[2025-08-15T16:30:37.994Z] [INFO] Found 2 company databases
[2025-08-15T16:30:37.994Z] [DEBUG] Processing company database: company_ieebsmug
[2025-08-15T16:30:38.032Z] [DEBUG] Skipping company_ieebsmug: No scheduled reports collection found
[2025-08-15T16:30:38.033Z] [DEBUG] Processing company database: company_ry0iwbpw
[2025-08-15T16:30:38.074Z] [DEBUG] Finding reports to execute in company_ry0iwbpw (current time: 2025-08-15T16:30:38.074Z)
[2025-08-15T16:30:38.112Z] [INFO] Found 0 reports to execute in company_ry0iwbpw
[2025-08-15T16:30:38.113Z] [INFO] Scheduled reports check completed
[2025-08-15T16:30:38.116Z] [DEBUG] MongoDB connection closed
[2025-08-15T16:30:47.461Z] [INFO] Checking for scheduled reports...
[2025-08-15T16:30:47.938Z] [DEBUG] Connected to MongoDB
[2025-08-15T16:30:47.985Z] [INFO] Found 2 company databases
[2025-08-15T16:30:47.985Z] [DEBUG] Processing company database: company_ieebsmug
[2025-08-15T16:30:48.027Z] [DEBUG] Skipping company_ieebsmug: No scheduled reports collection found
[2025-08-15T16:30:48.028Z] [DEBUG] Processing company database: company_ry0iwbpw
[2025-08-15T16:30:48.071Z] [DEBUG] Finding reports to execute in company_ry0iwbpw (current time: 2025-08-15T16:30:48.071Z)
[2025-08-15T16:30:48.110Z] [INFO] Found 0 reports to execute in company_ry0iwbpw
[2025-08-15T16:30:48.111Z] [INFO] Scheduled reports check completed
[2025-08-15T16:30:48.113Z] [DEBUG] MongoDB connection closed
[2025-08-15T16:30:57.462Z] [INFO] Checking for scheduled reports...
[2025-08-15T16:30:57.992Z] [DEBUG] Connected to MongoDB
[2025-08-15T16:30:58.039Z] [INFO] Found 2 company databases
[2025-08-15T16:30:58.039Z] [DEBUG] Processing company database: company_ieebsmug
[2025-08-15T16:30:58.077Z] [DEBUG] Skipping company_ieebsmug: No scheduled reports collection found
[2025-08-15T16:30:58.078Z] [DEBUG] Processing company database: company_ry0iwbpw
[2025-08-15T16:30:58.117Z] [DEBUG] Finding reports to execute in company_ry0iwbpw (current time: 2025-08-15T16:30:58.117Z)
[2025-08-15T16:30:58.158Z] [INFO] Found 0 reports to execute in company_ry0iwbpw
[2025-08-15T16:30:58.158Z] [INFO] Scheduled reports check completed
[2025-08-15T16:30:58.161Z] [DEBUG] MongoDB connection closed
[2025-08-15T16:31:07.462Z] [INFO] Checking for scheduled reports...
[2025-08-15T16:31:07.993Z] [DEBUG] Connected to MongoDB
[2025-08-15T16:31:08.039Z] [INFO] Found 2 company databases
[2025-08-15T16:31:08.040Z] [DEBUG] Processing company database: company_ieebsmug
[2025-08-15T16:31:08.087Z] [DEBUG] Skipping company_ieebsmug: No scheduled reports collection found
[2025-08-15T16:31:08.087Z] [DEBUG] Processing company database: company_ry0iwbpw
[2025-08-15T16:31:08.130Z] [DEBUG] Finding reports to execute in company_ry0iwbpw (current time: 2025-08-15T16:31:08.130Z)
[2025-08-15T16:31:08.168Z] [INFO] Found 0 reports to execute in company_ry0iwbpw
[2025-08-15T16:31:08.169Z] [INFO] Scheduled reports check completed
[2025-08-15T16:31:08.170Z] [DEBUG] MongoDB connection closed
[2025-08-15T16:31:17.463Z] [INFO] Checking for scheduled reports...
[2025-08-15T16:31:18.023Z] [DEBUG] Connected to MongoDB
[2025-08-15T16:31:18.080Z] [INFO] Found 2 company databases
[2025-08-15T16:31:18.080Z] [DEBUG] Processing company database: company_ieebsmug
[2025-08-15T16:31:18.118Z] [DEBUG] Skipping company_ieebsmug: No scheduled reports collection found
[2025-08-15T16:31:18.119Z] [DEBUG] Processing company database: company_ry0iwbpw
[2025-08-15T16:31:18.158Z] [DEBUG] Finding reports to execute in company_ry0iwbpw (current time: 2025-08-15T16:31:18.158Z)
[2025-08-15T16:31:18.197Z] [INFO] Found 0 reports to execute in company_ry0iwbpw
[2025-08-15T16:31:18.197Z] [INFO] Scheduled reports check completed
[2025-08-15T16:31:18.198Z] [DEBUG] MongoDB connection closed
[2025-08-15T16:31:27.465Z] [INFO] Checking for scheduled reports...
[2025-08-15T16:31:27.974Z] [DEBUG] Connected to MongoDB
[2025-08-15T16:31:28.025Z] [INFO] Found 2 company databases
[2025-08-15T16:31:28.026Z] [DEBUG] Processing company database: company_ieebsmug
[2025-08-15T16:31:28.066Z] [DEBUG] Skipping company_ieebsmug: No scheduled reports collection found
[2025-08-15T16:31:28.066Z] [DEBUG] Processing company database: company_ry0iwbpw
[2025-08-15T16:31:28.106Z] [DEBUG] Finding reports to execute in company_ry0iwbpw (current time: 2025-08-15T16:31:28.106Z)
[2025-08-15T16:31:28.161Z] [INFO] Found 0 reports to execute in company_ry0iwbpw
[2025-08-15T16:31:28.161Z] [INFO] Scheduled reports check completed
[2025-08-15T16:31:28.163Z] [DEBUG] MongoDB connection closed
[2025-08-15T16:31:37.466Z] [INFO] Checking for scheduled reports...
[2025-08-15T16:31:37.966Z] [DEBUG] Connected to MongoDB
[2025-08-15T16:31:38.019Z] [INFO] Found 2 company databases
[2025-08-15T16:31:38.019Z] [DEBUG] Processing company database: company_ieebsmug
[2025-08-15T16:31:38.061Z] [DEBUG] Skipping company_ieebsmug: No scheduled reports collection found
[2025-08-15T16:31:38.061Z] [DEBUG] Processing company database: company_ry0iwbpw
[2025-08-15T16:31:38.101Z] [DEBUG] Finding reports to execute in company_ry0iwbpw (current time: 2025-08-15T16:31:38.101Z)
[2025-08-15T16:31:38.139Z] [INFO] Found 0 reports to execute in company_ry0iwbpw
[2025-08-15T16:31:38.140Z] [INFO] Scheduled reports check completed
[2025-08-15T16:31:38.141Z] [DEBUG] MongoDB connection closed
[2025-08-15T16:31:47.465Z] [INFO] Checking for scheduled reports...
[2025-08-15T16:31:47.967Z] [DEBUG] Connected to MongoDB
[2025-08-15T16:31:48.015Z] [INFO] Found 2 company databases
[2025-08-15T16:31:48.016Z] [DEBUG] Processing company database: company_ieebsmug
[2025-08-15T16:31:48.056Z] [DEBUG] Skipping company_ieebsmug: No scheduled reports collection found
[2025-08-15T16:31:48.056Z] [DEBUG] Processing company database: company_ry0iwbpw
[2025-08-15T16:31:48.098Z] [DEBUG] Finding reports to execute in company_ry0iwbpw (current time: 2025-08-15T16:31:48.098Z)
[2025-08-15T16:31:48.138Z] [INFO] Found 0 reports to execute in company_ry0iwbpw
[2025-08-15T16:31:48.138Z] [INFO] Scheduled reports check completed
[2025-08-15T16:31:48.139Z] [DEBUG] MongoDB connection closed
[2025-08-15T16:31:57.466Z] [INFO] Checking for scheduled reports...
[2025-08-15T16:31:57.973Z] [DEBUG] Connected to MongoDB
[2025-08-15T16:31:58.018Z] [INFO] Found 2 company databases
[2025-08-15T16:31:58.019Z] [DEBUG] Processing company database: company_ieebsmug
[2025-08-15T16:31:58.056Z] [DEBUG] Skipping company_ieebsmug: No scheduled reports collection found
[2025-08-15T16:31:58.056Z] [DEBUG] Processing company database: company_ry0iwbpw
[2025-08-15T16:31:58.096Z] [DEBUG] Finding reports to execute in company_ry0iwbpw (current time: 2025-08-15T16:31:58.096Z)
[2025-08-15T16:31:58.134Z] [INFO] Found 0 reports to execute in company_ry0iwbpw
[2025-08-15T16:31:58.135Z] [INFO] Scheduled reports check completed
[2025-08-15T16:31:58.136Z] [DEBUG] MongoDB connection closed
[2025-08-15T16:32:07.467Z] [INFO] Checking for scheduled reports...
[2025-08-15T16:32:07.987Z] [DEBUG] Connected to MongoDB
[2025-08-15T16:32:08.047Z] [INFO] Found 2 company databases
[2025-08-15T16:32:08.048Z] [DEBUG] Processing company database: company_ieebsmug
[2025-08-15T16:32:08.093Z] [DEBUG] Skipping company_ieebsmug: No scheduled reports collection found
[2025-08-15T16:32:08.094Z] [DEBUG] Processing company database: company_ry0iwbpw
[2025-08-15T16:32:08.133Z] [DEBUG] Finding reports to execute in company_ry0iwbpw (current time: 2025-08-15T16:32:08.133Z)
[2025-08-15T16:32:08.172Z] [INFO] Found 0 reports to execute in company_ry0iwbpw
[2025-08-15T16:32:08.173Z] [INFO] Scheduled reports check completed
[2025-08-15T16:32:08.177Z] [DEBUG] MongoDB connection closed
[2025-08-15T16:32:17.467Z] [INFO] Checking for scheduled reports...
[2025-08-15T16:32:17.987Z] [DEBUG] Connected to MongoDB
[2025-08-15T16:32:18.036Z] [INFO] Found 2 company databases
[2025-08-15T16:32:18.036Z] [DEBUG] Processing company database: company_ieebsmug
[2025-08-15T16:32:18.079Z] [DEBUG] Skipping company_ieebsmug: No scheduled reports collection found
[2025-08-15T16:32:18.079Z] [DEBUG] Processing company database: company_ry0iwbpw
[2025-08-15T16:32:18.116Z] [DEBUG] Finding reports to execute in company_ry0iwbpw (current time: 2025-08-15T16:32:18.116Z)
[2025-08-15T16:32:18.162Z] [INFO] Found 0 reports to execute in company_ry0iwbpw
[2025-08-15T16:32:18.162Z] [INFO] Scheduled reports check completed
[2025-08-15T16:32:18.163Z] [DEBUG] MongoDB connection closed
[2025-08-15T16:32:27.468Z] [INFO] Checking for scheduled reports...
[2025-08-15T16:32:27.939Z] [DEBUG] Connected to MongoDB
[2025-08-15T16:32:27.986Z] [INFO] Found 2 company databases
[2025-08-15T16:32:27.986Z] [DEBUG] Processing company database: company_ieebsmug
[2025-08-15T16:32:28.026Z] [DEBUG] Skipping company_ieebsmug: No scheduled reports collection found
[2025-08-15T16:32:28.027Z] [DEBUG] Processing company database: company_ry0iwbpw
[2025-08-15T16:32:28.066Z] [DEBUG] Finding reports to execute in company_ry0iwbpw (current time: 2025-08-15T16:32:28.066Z)
[2025-08-15T16:32:28.109Z] [INFO] Found 0 reports to execute in company_ry0iwbpw
[2025-08-15T16:32:28.110Z] [INFO] Scheduled reports check completed
[2025-08-15T16:32:28.113Z] [DEBUG] MongoDB connection closed
[2025-08-15T16:32:37.469Z] [INFO] Checking for scheduled reports...
[2025-08-15T16:32:38.038Z] [DEBUG] Connected to MongoDB
[2025-08-15T16:32:38.084Z] [INFO] Found 2 company databases
[2025-08-15T16:32:38.084Z] [DEBUG] Processing company database: company_ieebsmug
[2025-08-15T16:32:38.135Z] [DEBUG] Skipping company_ieebsmug: No scheduled reports collection found
[2025-08-15T16:32:38.136Z] [DEBUG] Processing company database: company_ry0iwbpw
[2025-08-15T16:32:38.174Z] [DEBUG] Finding reports to execute in company_ry0iwbpw (current time: 2025-08-15T16:32:38.174Z)
[2025-08-15T16:32:38.212Z] [INFO] Found 0 reports to execute in company_ry0iwbpw
[2025-08-15T16:32:38.212Z] [INFO] Scheduled reports check completed
[2025-08-15T16:32:38.214Z] [DEBUG] MongoDB connection closed
[2025-08-15T16:32:47.472Z] [INFO] Checking for scheduled reports...
[2025-08-15T16:32:48.010Z] [DEBUG] Connected to MongoDB
[2025-08-15T16:32:48.064Z] [INFO] Found 2 company databases
[2025-08-15T16:32:48.065Z] [DEBUG] Processing company database: company_ieebsmug
[2025-08-15T16:32:48.109Z] [DEBUG] Skipping company_ieebsmug: No scheduled reports collection found
[2025-08-15T16:32:48.109Z] [DEBUG] Processing company database: company_ry0iwbpw
[2025-08-15T16:32:48.152Z] [DEBUG] Finding reports to execute in company_ry0iwbpw (current time: 2025-08-15T16:32:48.152Z)
[2025-08-15T16:32:48.189Z] [INFO] Found 0 reports to execute in company_ry0iwbpw
[2025-08-15T16:32:48.189Z] [INFO] Scheduled reports check completed
[2025-08-15T16:32:48.191Z] [DEBUG] MongoDB connection closed
[2025-08-15T16:39:39.561Z] [INFO] Checking for scheduled reports...
[2025-08-15T16:39:39.564Z] [ERROR] Error in checkScheduledReports: querySrv ECONNREFUSED _mongodb._tcp.cluster0.nen0dzs.mongodb.net
[2025-08-15T16:39:39.565Z] [ERROR] Stack trace: Error: querySrv ECONNREFUSED _mongodb._tcp.cluster0.nen0dzs.mongodb.net
    at QueryReqWrap.onresolve [as oncomplete] (node:internal/dns/promises:291:17)
[2025-08-15T16:44:00.467Z] [INFO] Checking for scheduled reports...
[2025-08-15T16:44:01.024Z] [DEBUG] Connected to MongoDB
[2025-08-15T16:44:01.079Z] [INFO] Found 2 company databases
[2025-08-15T16:44:01.079Z] [DEBUG] Processing company database: company_ieebsmug
[2025-08-15T16:44:01.117Z] [DEBUG] Skipping company_ieebsmug: No scheduled reports collection found
[2025-08-15T16:44:01.117Z] [DEBUG] Processing company database: company_ry0iwbpw
[2025-08-15T16:44:01.156Z] [DEBUG] Finding reports to execute in company_ry0iwbpw (current time: 2025-08-15T16:44:01.156Z)
[2025-08-15T16:44:01.194Z] [INFO] Found 0 reports to execute in company_ry0iwbpw
[2025-08-15T16:44:01.194Z] [INFO] Scheduled reports check completed
[2025-08-15T16:44:01.196Z] [DEBUG] MongoDB connection closed
[2025-08-15T16:54:08.802Z] [INFO] Checking for scheduled reports...
[2025-08-15T16:54:08.807Z] [ERROR] Error in checkScheduledReports: querySrv ECONNREFUSED _mongodb._tcp.cluster0.nen0dzs.mongodb.net
[2025-08-15T16:54:08.807Z] [ERROR] Stack trace: Error: querySrv ECONNREFUSED _mongodb._tcp.cluster0.nen0dzs.mongodb.net
    at QueryReqWrap.onresolve [as oncomplete] (node:internal/dns/promises:291:17)
[2025-08-15T18:08:08.650Z] [INFO] Checking for scheduled reports...
[2025-08-15T18:08:08.654Z] [ERROR] Error in checkScheduledReports: querySrv ECONNREFUSED _mongodb._tcp.cluster0.nen0dzs.mongodb.net
[2025-08-15T18:08:08.654Z] [ERROR] Stack trace: Error: querySrv ECONNREFUSED _mongodb._tcp.cluster0.nen0dzs.mongodb.net
    at QueryReqWrap.onresolve [as oncomplete] (node:internal/dns/promises:291:17)
[2025-08-15T18:33:45.691Z] [INFO] Checking for scheduled reports...
[2025-08-15T18:33:45.694Z] [ERROR] Error in checkScheduledReports: querySrv ECONNREFUSED _mongodb._tcp.cluster0.nen0dzs.mongodb.net
[2025-08-15T18:33:45.694Z] [ERROR] Stack trace: Error: querySrv ECONNREFUSED _mongodb._tcp.cluster0.nen0dzs.mongodb.net
    at QueryReqWrap.onresolve [as oncomplete] (node:internal/dns/promises:291:17)
[2025-08-15T19:32:45.442Z] [INFO] Checking for scheduled reports...
[2025-08-15T19:32:45.445Z] [ERROR] Error in checkScheduledReports: querySrv ECONNREFUSED _mongodb._tcp.cluster0.nen0dzs.mongodb.net
[2025-08-15T19:32:45.446Z] [ERROR] Stack trace: Error: querySrv ECONNREFUSED _mongodb._tcp.cluster0.nen0dzs.mongodb.net
    at QueryReqWrap.onresolve [as oncomplete] (node:internal/dns/promises:291:17)
[2025-08-15T19:34:53.179Z] [INFO] Checking for scheduled reports...
[2025-08-15T19:34:53.182Z] [ERROR] Error in checkScheduledReports: querySrv ECONNREFUSED _mongodb._tcp.cluster0.nen0dzs.mongodb.net
[2025-08-15T19:34:53.183Z] [ERROR] Stack trace: Error: querySrv ECONNREFUSED _mongodb._tcp.cluster0.nen0dzs.mongodb.net
    at QueryReqWrap.onresolve [as oncomplete] (node:internal/dns/promises:291:17)
[2025-08-15T19:35:03.180Z] [INFO] Checking for scheduled reports...
[2025-08-15T19:35:03.184Z] [ERROR] Error in checkScheduledReports: querySrv ECONNREFUSED _mongodb._tcp.cluster0.nen0dzs.mongodb.net
[2025-08-15T19:35:03.184Z] [ERROR] Stack trace: Error: querySrv ECONNREFUSED _mongodb._tcp.cluster0.nen0dzs.mongodb.net
    at QueryReqWrap.onresolve [as oncomplete] (node:internal/dns/promises:291:17)
[2025-08-15T19:38:07.495Z] [INFO] Checking for scheduled reports...
[2025-08-15T19:38:07.499Z] [ERROR] Error in checkScheduledReports: querySrv ECONNREFUSED _mongodb._tcp.cluster0.nen0dzs.mongodb.net
[2025-08-15T19:38:07.499Z] [ERROR] Stack trace: Error: querySrv ECONNREFUSED _mongodb._tcp.cluster0.nen0dzs.mongodb.net
    at QueryReqWrap.onresolve [as oncomplete] (node:internal/dns/promises:291:17)
[2025-08-15T19:38:17.498Z] [INFO] Checking for scheduled reports...
[2025-08-15T19:38:17.501Z] [ERROR] Error in checkScheduledReports: querySrv ECONNREFUSED _mongodb._tcp.cluster0.nen0dzs.mongodb.net
[2025-08-15T19:38:17.501Z] [ERROR] Stack trace: Error: querySrv ECONNREFUSED _mongodb._tcp.cluster0.nen0dzs.mongodb.net
    at QueryReqWrap.onresolve [as oncomplete] (node:internal/dns/promises:291:17)
[2025-08-15T19:39:14.467Z] [INFO] Checking for scheduled reports...
[2025-08-15T19:39:14.470Z] [ERROR] Error in checkScheduledReports: querySrv ECONNREFUSED _mongodb._tcp.cluster0.nen0dzs.mongodb.net
[2025-08-15T19:39:14.471Z] [ERROR] Stack trace: Error: querySrv ECONNREFUSED _mongodb._tcp.cluster0.nen0dzs.mongodb.net
    at QueryReqWrap.onresolve [as oncomplete] (node:internal/dns/promises:291:17)
[2025-08-15T19:39:24.468Z] [INFO] Checking for scheduled reports...
[2025-08-15T19:39:24.470Z] [ERROR] Error in checkScheduledReports: querySrv ECONNREFUSED _mongodb._tcp.cluster0.nen0dzs.mongodb.net
[2025-08-15T19:39:24.470Z] [ERROR] Stack trace: Error: querySrv ECONNREFUSED _mongodb._tcp.cluster0.nen0dzs.mongodb.net
    at QueryReqWrap.onresolve [as oncomplete] (node:internal/dns/promises:291:17)
[2025-08-15T19:39:34.471Z] [INFO] Checking for scheduled reports...
[2025-08-15T19:39:34.474Z] [ERROR] Error in checkScheduledReports: querySrv ECONNREFUSED _mongodb._tcp.cluster0.nen0dzs.mongodb.net
[2025-08-15T19:39:34.475Z] [ERROR] Stack trace: Error: querySrv ECONNREFUSED _mongodb._tcp.cluster0.nen0dzs.mongodb.net
    at QueryReqWrap.onresolve [as oncomplete] (node:internal/dns/promises:291:17)
[2025-08-15T19:58:30.584Z] [INFO] Checking for scheduled reports...
[2025-08-15T19:58:30.587Z] [ERROR] Error in checkScheduledReports: querySrv ECONNREFUSED _mongodb._tcp.cluster0.nen0dzs.mongodb.net
[2025-08-15T19:58:30.588Z] [ERROR] Stack trace: Error: querySrv ECONNREFUSED _mongodb._tcp.cluster0.nen0dzs.mongodb.net
    at QueryReqWrap.onresolve [as oncomplete] (node:internal/dns/promises:291:17)
[2025-08-15T20:00:25.838Z] [INFO] Checking for scheduled reports...
[2025-08-15T20:00:25.841Z] [ERROR] Error in checkScheduledReports: querySrv ECONNREFUSED _mongodb._tcp.cluster0.nen0dzs.mongodb.net
[2025-08-15T20:00:25.841Z] [ERROR] Stack trace: Error: querySrv ECONNREFUSED _mongodb._tcp.cluster0.nen0dzs.mongodb.net
    at QueryReqWrap.onresolve [as oncomplete] (node:internal/dns/promises:291:17)
[2025-08-15T20:02:21.071Z] [INFO] Checking for scheduled reports...
[2025-08-15T20:02:21.075Z] [ERROR] Error in checkScheduledReports: querySrv ECONNREFUSED _mongodb._tcp.cluster0.nen0dzs.mongodb.net
[2025-08-15T20:02:21.076Z] [ERROR] Stack trace: Error: querySrv ECONNREFUSED _mongodb._tcp.cluster0.nen0dzs.mongodb.net
    at QueryReqWrap.onresolve [as oncomplete] (node:internal/dns/promises:291:17)
[2025-08-15T21:36:44.672Z] [INFO] Checking for scheduled reports...
[2025-08-15T21:36:44.675Z] [ERROR] Error in checkScheduledReports: querySrv ECONNREFUSED _mongodb._tcp.cluster0.nen0dzs.mongodb.net
[2025-08-15T21:36:44.675Z] [ERROR] Stack trace: Error: querySrv ECONNREFUSED _mongodb._tcp.cluster0.nen0dzs.mongodb.net
    at QueryReqWrap.onresolve [as oncomplete] (node:internal/dns/promises:291:17)
[2025-08-15T21:37:46.740Z] [INFO] Checking for scheduled reports...
[2025-08-15T21:37:46.743Z] [ERROR] Error in checkScheduledReports: querySrv ECONNREFUSED _mongodb._tcp.cluster0.nen0dzs.mongodb.net
[2025-08-15T21:37:46.744Z] [ERROR] Stack trace: Error: querySrv ECONNREFUSED _mongodb._tcp.cluster0.nen0dzs.mongodb.net
    at QueryReqWrap.onresolve [as oncomplete] (node:internal/dns/promises:291:17)
[2025-08-15T21:38:43.190Z] [INFO] Checking for scheduled reports...
[2025-08-15T21:38:43.193Z] [ERROR] Error in checkScheduledReports: querySrv ECONNREFUSED _mongodb._tcp.cluster0.nen0dzs.mongodb.net
[2025-08-15T21:38:43.194Z] [ERROR] Stack trace: Error: querySrv ECONNREFUSED _mongodb._tcp.cluster0.nen0dzs.mongodb.net
    at QueryReqWrap.onresolve [as oncomplete] (node:internal/dns/promises:291:17)
[2025-08-15T21:40:21.119Z] [INFO] Checking for scheduled reports...
[2025-08-15T21:40:21.122Z] [ERROR] Error in checkScheduledReports: querySrv ECONNREFUSED _mongodb._tcp.cluster0.nen0dzs.mongodb.net
[2025-08-15T21:40:21.123Z] [ERROR] Stack trace: Error: querySrv ECONNREFUSED _mongodb._tcp.cluster0.nen0dzs.mongodb.net
    at QueryReqWrap.onresolve [as oncomplete] (node:internal/dns/promises:291:17)
[2025-08-15T22:28:20.662Z] [INFO] Checking for scheduled reports...
[2025-08-15T22:28:20.665Z] [ERROR] Error in checkScheduledReports: querySrv ECONNREFUSED _mongodb._tcp.cluster0.nen0dzs.mongodb.net
[2025-08-15T22:28:20.666Z] [ERROR] Stack trace: Error: querySrv ECONNREFUSED _mongodb._tcp.cluster0.nen0dzs.mongodb.net
    at QueryReqWrap.onresolve [as oncomplete] (node:internal/dns/promises:291:17)
[2025-08-15T22:37:51.447Z] [INFO] Checking for scheduled reports...
[2025-08-15T22:37:51.450Z] [ERROR] Error in checkScheduledReports: querySrv ECONNREFUSED _mongodb._tcp.cluster0.nen0dzs.mongodb.net
[2025-08-15T22:37:51.451Z] [ERROR] Stack trace: Error: querySrv ECONNREFUSED _mongodb._tcp.cluster0.nen0dzs.mongodb.net
    at QueryReqWrap.onresolve [as oncomplete] (node:internal/dns/promises:291:17)
[2025-08-15T22:38:01.449Z] [INFO] Checking for scheduled reports...
[2025-08-15T22:38:01.453Z] [ERROR] Error in checkScheduledReports: querySrv ECONNREFUSED _mongodb._tcp.cluster0.nen0dzs.mongodb.net
[2025-08-15T22:38:01.454Z] [ERROR] Stack trace: Error: querySrv ECONNREFUSED _mongodb._tcp.cluster0.nen0dzs.mongodb.net
    at QueryReqWrap.onresolve [as oncomplete] (node:internal/dns/promises:291:17)
[2025-08-15T22:38:11.452Z] [INFO] Checking for scheduled reports...
[2025-08-15T22:38:11.455Z] [ERROR] Error in checkScheduledReports: querySrv ECONNREFUSED _mongodb._tcp.cluster0.nen0dzs.mongodb.net
[2025-08-15T22:38:11.455Z] [ERROR] Stack trace: Error: querySrv ECONNREFUSED _mongodb._tcp.cluster0.nen0dzs.mongodb.net
    at QueryReqWrap.onresolve [as oncomplete] (node:internal/dns/promises:291:17)
[2025-08-15T22:48:12.465Z] [INFO] Checking for scheduled reports...
[2025-08-15T22:48:12.470Z] [ERROR] Error in checkScheduledReports: querySrv ECONNREFUSED _mongodb._tcp.cluster0.nen0dzs.mongodb.net
[2025-08-15T22:48:12.470Z] [ERROR] Stack trace: Error: querySrv ECONNREFUSED _mongodb._tcp.cluster0.nen0dzs.mongodb.net
    at QueryReqWrap.onresolve [as oncomplete] (node:internal/dns/promises:291:17)
[2025-08-15T22:48:22.466Z] [INFO] Checking for scheduled reports...
[2025-08-15T22:48:22.472Z] [ERROR] Error in checkScheduledReports: querySrv ECONNREFUSED _mongodb._tcp.cluster0.nen0dzs.mongodb.net
[2025-08-15T22:48:22.472Z] [ERROR] Stack trace: Error: querySrv ECONNREFUSED _mongodb._tcp.cluster0.nen0dzs.mongodb.net
    at QueryReqWrap.onresolve [as oncomplete] (node:internal/dns/promises:291:17)
[2025-08-15T22:48:32.467Z] [INFO] Checking for scheduled reports...
[2025-08-15T22:48:32.470Z] [ERROR] Error in checkScheduledReports: querySrv ECONNREFUSED _mongodb._tcp.cluster0.nen0dzs.mongodb.net
[2025-08-15T22:48:32.470Z] [ERROR] Stack trace: Error: querySrv ECONNREFUSED _mongodb._tcp.cluster0.nen0dzs.mongodb.net
    at QueryReqWrap.onresolve [as oncomplete] (node:internal/dns/promises:291:17)
[2025-08-15T22:48:42.468Z] [INFO] Checking for scheduled reports...
[2025-08-15T22:48:42.471Z] [ERROR] Error in checkScheduledReports: querySrv ECONNREFUSED _mongodb._tcp.cluster0.nen0dzs.mongodb.net
[2025-08-15T22:48:42.472Z] [ERROR] Stack trace: Error: querySrv ECONNREFUSED _mongodb._tcp.cluster0.nen0dzs.mongodb.net
    at QueryReqWrap.onresolve [as oncomplete] (node:internal/dns/promises:291:17)
[2025-08-15T22:48:52.469Z] [INFO] Checking for scheduled reports...
[2025-08-15T22:48:52.473Z] [ERROR] Error in checkScheduledReports: querySrv ECONNREFUSED _mongodb._tcp.cluster0.nen0dzs.mongodb.net
[2025-08-15T22:48:52.474Z] [ERROR] Stack trace: Error: querySrv ECONNREFUSED _mongodb._tcp.cluster0.nen0dzs.mongodb.net
    at QueryReqWrap.onresolve [as oncomplete] (node:internal/dns/promises:291:17)
[2025-08-15T22:49:02.470Z] [INFO] Checking for scheduled reports...
[2025-08-15T22:49:02.475Z] [ERROR] Error in checkScheduledReports: querySrv ECONNREFUSED _mongodb._tcp.cluster0.nen0dzs.mongodb.net
[2025-08-15T22:49:02.476Z] [ERROR] Stack trace: Error: querySrv ECONNREFUSED _mongodb._tcp.cluster0.nen0dzs.mongodb.net
    at QueryReqWrap.onresolve [as oncomplete] (node:internal/dns/promises:291:17)
[2025-08-15T22:49:12.122Z] [INFO] Checking for scheduled reports...
[2025-08-15T22:49:22.124Z] [INFO] Checking for scheduled reports...
[2025-08-15T22:49:22.127Z] [ERROR] Error in checkScheduledReports: querySrv ETIMEOUT _mongodb._tcp.cluster0.nen0dzs.mongodb.net
[2025-08-15T22:49:22.127Z] [ERROR] Stack trace: Error: querySrv ETIMEOUT _mongodb._tcp.cluster0.nen0dzs.mongodb.net
    at QueryReqWrap.onresolve [as oncomplete] (node:internal/dns/promises:291:17)
[2025-08-15T22:49:32.124Z] [INFO] Checking for scheduled reports...
[2025-08-15T22:49:32.137Z] [ERROR] Error in checkScheduledReports: querySrv ETIMEOUT _mongodb._tcp.cluster0.nen0dzs.mongodb.net
[2025-08-15T22:49:32.138Z] [ERROR] Stack trace: Error: querySrv ETIMEOUT _mongodb._tcp.cluster0.nen0dzs.mongodb.net
    at QueryReqWrap.onresolve [as oncomplete] (node:internal/dns/promises:291:17)
[2025-08-15T22:49:57.362Z] [INFO] Starting scheduled reports daemon with check interval of 10000ms
[2025-08-15T22:49:57.363Z] [INFO] Checking for scheduled reports...
[2025-08-15T22:49:58.098Z] [DEBUG] Connected to MongoDB
[2025-08-15T22:49:58.160Z] [INFO] Found 2 company databases
[2025-08-15T22:49:58.161Z] [DEBUG] Processing company database: company_ieebsmug
[2025-08-15T22:49:58.214Z] [DEBUG] Skipping company_ieebsmug: No scheduled reports collection found
[2025-08-15T22:49:58.214Z] [DEBUG] Processing company database: company_ry0iwbpw
[2025-08-15T22:49:58.268Z] [DEBUG] Finding reports to execute in company_ry0iwbpw (current time: 2025-08-15T22:49:58.268Z)
[2025-08-15T22:49:58.322Z] [INFO] Found 0 reports to execute in company_ry0iwbpw
[2025-08-15T22:49:58.322Z] [INFO] Scheduled reports check completed
[2025-08-15T22:49:58.325Z] [DEBUG] MongoDB connection closed
[2025-08-15T22:49:58.326Z] [INFO] Daemon is now running continuously...
[2025-08-15T22:50:08.326Z] [INFO] Checking for scheduled reports...
[2025-08-15T22:50:09.161Z] [DEBUG] Connected to MongoDB
[2025-08-15T22:50:09.272Z] [INFO] Found 2 company databases
[2025-08-15T22:50:09.272Z] [DEBUG] Processing company database: company_ieebsmug
[2025-08-15T22:50:09.327Z] [DEBUG] Skipping company_ieebsmug: No scheduled reports collection found
[2025-08-15T22:50:09.328Z] [DEBUG] Processing company database: company_ry0iwbpw
[2025-08-15T22:50:09.469Z] [DEBUG] Finding reports to execute in company_ry0iwbpw (current time: 2025-08-15T22:50:09.469Z)
[2025-08-15T22:50:09.522Z] [INFO] Found 0 reports to execute in company_ry0iwbpw
[2025-08-15T22:50:09.522Z] [INFO] Scheduled reports check completed
[2025-08-15T22:50:09.523Z] [DEBUG] MongoDB connection closed
[2025-08-15T22:50:18.327Z] [INFO] Checking for scheduled reports...
[2025-08-15T22:50:18.935Z] [DEBUG] Connected to MongoDB
[2025-08-15T22:50:18.998Z] [INFO] Found 2 company databases
[2025-08-15T22:50:18.998Z] [DEBUG] Processing company database: company_ieebsmug
[2025-08-15T22:50:19.053Z] [DEBUG] Skipping company_ieebsmug: No scheduled reports collection found
[2025-08-15T22:50:19.053Z] [DEBUG] Processing company database: company_ry0iwbpw
[2025-08-15T22:50:19.109Z] [DEBUG] Finding reports to execute in company_ry0iwbpw (current time: 2025-08-15T22:50:19.109Z)
[2025-08-15T22:50:19.163Z] [INFO] Found 0 reports to execute in company_ry0iwbpw
[2025-08-15T22:50:19.163Z] [INFO] Scheduled reports check completed
[2025-08-15T22:50:19.166Z] [DEBUG] MongoDB connection closed
[2025-08-15T22:50:28.328Z] [INFO] Checking for scheduled reports...
[2025-08-15T22:50:29.163Z] [DEBUG] Connected to MongoDB
[2025-08-15T22:50:29.225Z] [INFO] Found 2 company databases
[2025-08-15T22:50:29.226Z] [DEBUG] Processing company database: company_ieebsmug
[2025-08-15T22:50:29.280Z] [DEBUG] Skipping company_ieebsmug: No scheduled reports collection found
[2025-08-15T22:50:29.281Z] [DEBUG] Processing company database: company_ry0iwbpw
[2025-08-15T22:50:29.335Z] [DEBUG] Finding reports to execute in company_ry0iwbpw (current time: 2025-08-15T22:50:29.335Z)
[2025-08-15T22:50:29.387Z] [INFO] Found 0 reports to execute in company_ry0iwbpw
[2025-08-15T22:50:29.388Z] [INFO] Scheduled reports check completed
[2025-08-15T22:50:29.390Z] [DEBUG] MongoDB connection closed
[2025-08-15T22:50:38.330Z] [INFO] Checking for scheduled reports...
[2025-08-15T22:50:38.931Z] [DEBUG] Connected to MongoDB
[2025-08-15T22:50:38.992Z] [INFO] Found 2 company databases
[2025-08-15T22:50:38.992Z] [DEBUG] Processing company database: company_ieebsmug
[2025-08-15T22:50:39.045Z] [DEBUG] Skipping company_ieebsmug: No scheduled reports collection found
[2025-08-15T22:50:39.045Z] [DEBUG] Processing company database: company_ry0iwbpw
[2025-08-15T22:50:39.098Z] [DEBUG] Finding reports to execute in company_ry0iwbpw (current time: 2025-08-15T22:50:39.098Z)
[2025-08-15T22:50:39.150Z] [INFO] Found 0 reports to execute in company_ry0iwbpw
[2025-08-15T22:50:39.150Z] [INFO] Scheduled reports check completed
[2025-08-15T22:50:39.151Z] [DEBUG] MongoDB connection closed
[2025-08-15T22:50:48.331Z] [INFO] Checking for scheduled reports...
[2025-08-15T22:50:48.939Z] [DEBUG] Connected to MongoDB
[2025-08-15T22:50:49.001Z] [INFO] Found 2 company databases
[2025-08-15T22:50:49.001Z] [DEBUG] Processing company database: company_ieebsmug
[2025-08-15T22:50:49.055Z] [DEBUG] Skipping company_ieebsmug: No scheduled reports collection found
[2025-08-15T22:50:49.055Z] [DEBUG] Processing company database: company_ry0iwbpw
[2025-08-15T22:50:49.109Z] [DEBUG] Finding reports to execute in company_ry0iwbpw (current time: 2025-08-15T22:50:49.109Z)
[2025-08-15T22:50:49.163Z] [INFO] Found 0 reports to execute in company_ry0iwbpw
[2025-08-15T22:50:49.163Z] [INFO] Scheduled reports check completed
[2025-08-15T22:50:49.165Z] [DEBUG] MongoDB connection closed
[2025-08-15T22:50:58.332Z] [INFO] Checking for scheduled reports...
[2025-08-15T22:50:59.064Z] [DEBUG] Connected to MongoDB
[2025-08-15T22:50:59.126Z] [INFO] Found 2 company databases
[2025-08-15T22:50:59.126Z] [DEBUG] Processing company database: company_ieebsmug
[2025-08-15T22:50:59.182Z] [DEBUG] Skipping company_ieebsmug: No scheduled reports collection found
[2025-08-15T22:50:59.183Z] [DEBUG] Processing company database: company_ry0iwbpw
[2025-08-15T22:50:59.238Z] [DEBUG] Finding reports to execute in company_ry0iwbpw (current time: 2025-08-15T22:50:59.238Z)
[2025-08-15T22:50:59.292Z] [INFO] Found 0 reports to execute in company_ry0iwbpw
[2025-08-15T22:50:59.293Z] [INFO] Scheduled reports check completed
[2025-08-15T22:50:59.296Z] [DEBUG] MongoDB connection closed
[2025-08-15T22:51:08.333Z] [INFO] Checking for scheduled reports...
[2025-08-15T22:51:08.941Z] [DEBUG] Connected to MongoDB
[2025-08-15T22:51:09.005Z] [INFO] Found 2 company databases
[2025-08-15T22:51:09.005Z] [DEBUG] Processing company database: company_ieebsmug
[2025-08-15T22:51:09.061Z] [DEBUG] Skipping company_ieebsmug: No scheduled reports collection found
[2025-08-15T22:51:09.061Z] [DEBUG] Processing company database: company_ry0iwbpw
[2025-08-15T22:51:09.117Z] [DEBUG] Finding reports to execute in company_ry0iwbpw (current time: 2025-08-15T22:51:09.117Z)
[2025-08-15T22:51:09.170Z] [INFO] Found 0 reports to execute in company_ry0iwbpw
[2025-08-15T22:51:09.171Z] [INFO] Scheduled reports check completed
[2025-08-15T22:51:09.173Z] [DEBUG] MongoDB connection closed
[2025-08-15T22:51:18.334Z] [INFO] Checking for scheduled reports...
[2025-08-15T22:51:18.961Z] [DEBUG] Connected to MongoDB
[2025-08-15T22:51:19.023Z] [INFO] Found 2 company databases
[2025-08-15T22:51:19.024Z] [DEBUG] Processing company database: company_ieebsmug
[2025-08-15T22:51:19.077Z] [DEBUG] Skipping company_ieebsmug: No scheduled reports collection found
[2025-08-15T22:51:19.077Z] [DEBUG] Processing company database: company_ry0iwbpw
[2025-08-15T22:51:19.132Z] [DEBUG] Finding reports to execute in company_ry0iwbpw (current time: 2025-08-15T22:51:19.132Z)
[2025-08-15T22:51:19.186Z] [INFO] Found 0 reports to execute in company_ry0iwbpw
[2025-08-15T22:51:19.186Z] [INFO] Scheduled reports check completed
[2025-08-15T22:51:19.188Z] [DEBUG] MongoDB connection closed
[2025-08-15T22:51:28.335Z] [INFO] Checking for scheduled reports...
[2025-08-15T22:51:29.025Z] [DEBUG] Connected to MongoDB
[2025-08-15T22:51:29.087Z] [INFO] Found 2 company databases
[2025-08-15T22:51:29.088Z] [DEBUG] Processing company database: company_ieebsmug
[2025-08-15T22:51:29.142Z] [DEBUG] Skipping company_ieebsmug: No scheduled reports collection found
[2025-08-15T22:51:29.142Z] [DEBUG] Processing company database: company_ry0iwbpw
[2025-08-15T22:51:29.197Z] [DEBUG] Finding reports to execute in company_ry0iwbpw (current time: 2025-08-15T22:51:29.197Z)
[2025-08-15T22:51:29.250Z] [INFO] Found 0 reports to execute in company_ry0iwbpw
[2025-08-15T22:51:29.251Z] [INFO] Scheduled reports check completed
[2025-08-15T22:51:29.253Z] [DEBUG] MongoDB connection closed
[2025-08-15T22:51:38.335Z] [INFO] Checking for scheduled reports...
[2025-08-15T22:51:38.966Z] [DEBUG] Connected to MongoDB
[2025-08-15T22:51:39.029Z] [INFO] Found 2 company databases
[2025-08-15T22:51:39.030Z] [DEBUG] Processing company database: company_ieebsmug
[2025-08-15T22:51:39.085Z] [DEBUG] Skipping company_ieebsmug: No scheduled reports collection found
[2025-08-15T22:51:39.086Z] [DEBUG] Processing company database: company_ry0iwbpw
[2025-08-15T22:51:39.142Z] [DEBUG] Finding reports to execute in company_ry0iwbpw (current time: 2025-08-15T22:51:39.141Z)
[2025-08-15T22:51:39.201Z] [INFO] Found 0 reports to execute in company_ry0iwbpw
[2025-08-15T22:51:39.202Z] [INFO] Scheduled reports check completed
[2025-08-15T22:51:39.205Z] [DEBUG] MongoDB connection closed
[2025-08-15T22:51:48.336Z] [INFO] Checking for scheduled reports...
[2025-08-15T22:51:49.095Z] [DEBUG] Connected to MongoDB
[2025-08-15T22:51:49.157Z] [INFO] Found 2 company databases
[2025-08-15T22:51:49.157Z] [DEBUG] Processing company database: company_ieebsmug
[2025-08-15T22:51:49.211Z] [DEBUG] Skipping company_ieebsmug: No scheduled reports collection found
[2025-08-15T22:51:49.211Z] [DEBUG] Processing company database: company_ry0iwbpw
[2025-08-15T22:51:49.265Z] [DEBUG] Finding reports to execute in company_ry0iwbpw (current time: 2025-08-15T22:51:49.265Z)
[2025-08-15T22:51:49.318Z] [INFO] Found 0 reports to execute in company_ry0iwbpw
[2025-08-15T22:51:49.319Z] [INFO] Scheduled reports check completed
[2025-08-15T22:51:49.323Z] [DEBUG] MongoDB connection closed
[2025-08-15T22:51:58.338Z] [INFO] Checking for scheduled reports...
[2025-08-15T22:51:59.069Z] [DEBUG] Connected to MongoDB
[2025-08-15T22:51:59.131Z] [INFO] Found 2 company databases
[2025-08-15T22:51:59.132Z] [DEBUG] Processing company database: company_ieebsmug
[2025-08-15T22:51:59.187Z] [DEBUG] Skipping company_ieebsmug: No scheduled reports collection found
[2025-08-15T22:51:59.187Z] [DEBUG] Processing company database: company_ry0iwbpw
[2025-08-15T22:51:59.241Z] [DEBUG] Finding reports to execute in company_ry0iwbpw (current time: 2025-08-15T22:51:59.241Z)
[2025-08-15T22:51:59.295Z] [INFO] Found 0 reports to execute in company_ry0iwbpw
[2025-08-15T22:51:59.295Z] [INFO] Scheduled reports check completed
[2025-08-15T22:51:59.297Z] [DEBUG] MongoDB connection closed
[2025-08-15T22:52:08.339Z] [INFO] Checking for scheduled reports...
[2025-08-15T22:52:08.926Z] [DEBUG] Connected to MongoDB
[2025-08-15T22:52:08.985Z] [INFO] Found 2 company databases
[2025-08-15T22:52:08.986Z] [DEBUG] Processing company database: company_ieebsmug
[2025-08-15T22:52:09.036Z] [DEBUG] Skipping company_ieebsmug: No scheduled reports collection found
[2025-08-15T22:52:09.037Z] [DEBUG] Processing company database: company_ry0iwbpw
[2025-08-15T22:52:09.089Z] [DEBUG] Finding reports to execute in company_ry0iwbpw (current time: 2025-08-15T22:52:09.088Z)
[2025-08-15T22:52:09.140Z] [INFO] Found 0 reports to execute in company_ry0iwbpw
[2025-08-15T22:52:09.140Z] [INFO] Scheduled reports check completed
[2025-08-15T22:52:09.144Z] [DEBUG] MongoDB connection closed
[2025-08-15T22:52:18.340Z] [INFO] Checking for scheduled reports...
[2025-08-15T22:52:18.909Z] [DEBUG] Connected to MongoDB
[2025-08-15T22:52:18.968Z] [INFO] Found 2 company databases
[2025-08-15T22:52:18.969Z] [DEBUG] Processing company database: company_ieebsmug
[2025-08-15T22:52:19.030Z] [DEBUG] Skipping company_ieebsmug: No scheduled reports collection found
[2025-08-15T22:52:19.031Z] [DEBUG] Processing company database: company_ry0iwbpw
[2025-08-15T22:52:19.082Z] [DEBUG] Finding reports to execute in company_ry0iwbpw (current time: 2025-08-15T22:52:19.082Z)
[2025-08-15T22:52:19.132Z] [INFO] Found 0 reports to execute in company_ry0iwbpw
[2025-08-15T22:52:19.133Z] [INFO] Scheduled reports check completed
[2025-08-15T22:52:19.135Z] [DEBUG] MongoDB connection closed
[2025-08-15T22:52:28.340Z] [INFO] Checking for scheduled reports...
[2025-08-15T22:52:28.969Z] [DEBUG] Connected to MongoDB
[2025-08-15T22:52:29.027Z] [INFO] Found 2 company databases
[2025-08-15T22:52:29.028Z] [DEBUG] Processing company database: company_ieebsmug
[2025-08-15T22:52:29.077Z] [DEBUG] Skipping company_ieebsmug: No scheduled reports collection found
[2025-08-15T22:52:29.078Z] [DEBUG] Processing company database: company_ry0iwbpw
[2025-08-15T22:52:29.132Z] [DEBUG] Finding reports to execute in company_ry0iwbpw (current time: 2025-08-15T22:52:29.132Z)
[2025-08-15T22:52:29.182Z] [INFO] Found 0 reports to execute in company_ry0iwbpw
[2025-08-15T22:52:29.183Z] [INFO] Scheduled reports check completed
[2025-08-15T22:52:29.186Z] [DEBUG] MongoDB connection closed
[2025-08-15T22:52:38.342Z] [INFO] Checking for scheduled reports...
[2025-08-15T22:52:38.916Z] [DEBUG] Connected to MongoDB
[2025-08-15T22:52:38.974Z] [INFO] Found 2 company databases
[2025-08-15T22:52:38.975Z] [DEBUG] Processing company database: company_ieebsmug
[2025-08-15T22:52:39.025Z] [DEBUG] Skipping company_ieebsmug: No scheduled reports collection found
[2025-08-15T22:52:39.026Z] [DEBUG] Processing company database: company_ry0iwbpw
[2025-08-15T22:52:39.076Z] [DEBUG] Finding reports to execute in company_ry0iwbpw (current time: 2025-08-15T22:52:39.076Z)
[2025-08-15T22:52:39.125Z] [INFO] Found 0 reports to execute in company_ry0iwbpw
[2025-08-15T22:52:39.126Z] [INFO] Scheduled reports check completed
[2025-08-15T22:52:39.130Z] [DEBUG] MongoDB connection closed
[2025-08-15T22:52:48.342Z] [INFO] Checking for scheduled reports...
[2025-08-15T22:52:48.938Z] [DEBUG] Connected to MongoDB
[2025-08-15T22:52:48.997Z] [INFO] Found 2 company databases
[2025-08-15T22:52:48.998Z] [DEBUG] Processing company database: company_ieebsmug
[2025-08-15T22:52:49.120Z] [DEBUG] Skipping company_ieebsmug: No scheduled reports collection found
[2025-08-15T22:52:49.121Z] [DEBUG] Processing company database: company_ry0iwbpw
[2025-08-15T22:52:49.171Z] [DEBUG] Finding reports to execute in company_ry0iwbpw (current time: 2025-08-15T22:52:49.171Z)
[2025-08-15T22:52:49.221Z] [INFO] Found 0 reports to execute in company_ry0iwbpw
[2025-08-15T22:52:49.221Z] [INFO] Scheduled reports check completed
[2025-08-15T22:52:49.223Z] [DEBUG] MongoDB connection closed
[2025-08-15T22:52:58.343Z] [INFO] Checking for scheduled reports...
[2025-08-15T22:52:59.021Z] [DEBUG] Connected to MongoDB
[2025-08-15T22:52:59.083Z] [INFO] Found 2 company databases
[2025-08-15T22:52:59.084Z] [DEBUG] Processing company database: company_ieebsmug
[2025-08-15T22:52:59.141Z] [DEBUG] Skipping company_ieebsmug: No scheduled reports collection found
[2025-08-15T22:52:59.141Z] [DEBUG] Processing company database: company_ry0iwbpw
[2025-08-15T22:52:59.197Z] [DEBUG] Finding reports to execute in company_ry0iwbpw (current time: 2025-08-15T22:52:59.197Z)
[2025-08-15T22:52:59.251Z] [INFO] Found 0 reports to execute in company_ry0iwbpw
[2025-08-15T22:52:59.252Z] [INFO] Scheduled reports check completed
[2025-08-15T22:52:59.254Z] [DEBUG] MongoDB connection closed
[2025-08-15T22:53:08.344Z] [INFO] Checking for scheduled reports...
[2025-08-15T22:53:09.036Z] [DEBUG] Connected to MongoDB
[2025-08-15T22:53:09.094Z] [INFO] Found 2 company databases
[2025-08-15T22:53:09.094Z] [DEBUG] Processing company database: company_ieebsmug
[2025-08-15T22:53:09.143Z] [DEBUG] Skipping company_ieebsmug: No scheduled reports collection found
[2025-08-15T22:53:09.143Z] [DEBUG] Processing company database: company_ry0iwbpw
[2025-08-15T22:53:09.193Z] [DEBUG] Finding reports to execute in company_ry0iwbpw (current time: 2025-08-15T22:53:09.193Z)
[2025-08-15T22:53:09.243Z] [INFO] Found 0 reports to execute in company_ry0iwbpw
[2025-08-15T22:53:09.243Z] [INFO] Scheduled reports check completed
[2025-08-15T22:53:09.245Z] [DEBUG] MongoDB connection closed
[2025-08-15T22:53:18.345Z] [INFO] Checking for scheduled reports...
[2025-08-15T22:53:18.917Z] [DEBUG] Connected to MongoDB
[2025-08-15T22:53:18.984Z] [INFO] Found 2 company databases
[2025-08-15T22:53:18.985Z] [DEBUG] Processing company database: company_ieebsmug
[2025-08-15T22:53:19.035Z] [DEBUG] Skipping company_ieebsmug: No scheduled reports collection found
[2025-08-15T22:53:19.036Z] [DEBUG] Processing company database: company_ry0iwbpw
[2025-08-15T22:53:19.086Z] [DEBUG] Finding reports to execute in company_ry0iwbpw (current time: 2025-08-15T22:53:19.086Z)
[2025-08-15T22:53:19.136Z] [INFO] Found 0 reports to execute in company_ry0iwbpw
[2025-08-15T22:53:19.137Z] [INFO] Scheduled reports check completed
[2025-08-15T22:53:19.139Z] [DEBUG] MongoDB connection closed
[2025-08-15T22:53:28.346Z] [INFO] Checking for scheduled reports...
[2025-08-15T22:53:28.927Z] [DEBUG] Connected to MongoDB
[2025-08-15T22:53:28.986Z] [INFO] Found 2 company databases
[2025-08-15T22:53:28.987Z] [DEBUG] Processing company database: company_ieebsmug
[2025-08-15T22:53:29.039Z] [DEBUG] Skipping company_ieebsmug: No scheduled reports collection found
[2025-08-15T22:53:29.040Z] [DEBUG] Processing company database: company_ry0iwbpw
[2025-08-15T22:53:29.091Z] [DEBUG] Finding reports to execute in company_ry0iwbpw (current time: 2025-08-15T22:53:29.091Z)
[2025-08-15T22:53:29.141Z] [INFO] Found 0 reports to execute in company_ry0iwbpw
[2025-08-15T22:53:29.142Z] [INFO] Scheduled reports check completed
[2025-08-15T22:53:29.144Z] [DEBUG] MongoDB connection closed
[2025-08-15T22:53:38.346Z] [INFO] Checking for scheduled reports...
[2025-08-15T22:53:38.915Z] [DEBUG] Connected to MongoDB
[2025-08-15T22:53:38.974Z] [INFO] Found 2 company databases
[2025-08-15T22:53:38.974Z] [DEBUG] Processing company database: company_ieebsmug
[2025-08-15T22:53:39.024Z] [DEBUG] Skipping company_ieebsmug: No scheduled reports collection found
[2025-08-15T22:53:39.024Z] [DEBUG] Processing company database: company_ry0iwbpw
[2025-08-15T22:53:39.074Z] [DEBUG] Finding reports to execute in company_ry0iwbpw (current time: 2025-08-15T22:53:39.074Z)
[2025-08-15T22:53:39.123Z] [INFO] Found 0 reports to execute in company_ry0iwbpw
[2025-08-15T22:53:39.124Z] [INFO] Scheduled reports check completed
[2025-08-15T22:53:39.125Z] [DEBUG] MongoDB connection closed
[2025-08-15T22:53:48.348Z] [INFO] Checking for scheduled reports...
[2025-08-15T22:53:48.914Z] [DEBUG] Connected to MongoDB
[2025-08-15T22:53:48.971Z] [INFO] Found 2 company databases
[2025-08-15T22:53:48.972Z] [DEBUG] Processing company database: company_ieebsmug
[2025-08-15T22:53:49.021Z] [DEBUG] Skipping company_ieebsmug: No scheduled reports collection found
[2025-08-15T22:53:49.021Z] [DEBUG] Processing company database: company_ry0iwbpw
[2025-08-15T22:53:49.071Z] [DEBUG] Finding reports to execute in company_ry0iwbpw (current time: 2025-08-15T22:53:49.071Z)
[2025-08-15T22:53:49.121Z] [INFO] Found 0 reports to execute in company_ry0iwbpw
[2025-08-15T22:53:49.122Z] [INFO] Scheduled reports check completed
[2025-08-15T22:53:49.123Z] [DEBUG] MongoDB connection closed
[2025-08-15T22:53:58.348Z] [INFO] Checking for scheduled reports...
[2025-08-15T22:53:59.005Z] [DEBUG] Connected to MongoDB
[2025-08-15T22:53:59.064Z] [INFO] Found 2 company databases
[2025-08-15T22:53:59.065Z] [DEBUG] Processing company database: company_ieebsmug
[2025-08-15T22:53:59.114Z] [DEBUG] Skipping company_ieebsmug: No scheduled reports collection found
[2025-08-15T22:53:59.114Z] [DEBUG] Processing company database: company_ry0iwbpw
[2025-08-15T22:53:59.163Z] [DEBUG] Finding reports to execute in company_ry0iwbpw (current time: 2025-08-15T22:53:59.163Z)
[2025-08-15T22:53:59.213Z] [INFO] Found 0 reports to execute in company_ry0iwbpw
[2025-08-15T22:53:59.214Z] [INFO] Scheduled reports check completed
[2025-08-15T22:53:59.217Z] [DEBUG] MongoDB connection closed
[2025-08-15T22:54:08.348Z] [INFO] Checking for scheduled reports...
[2025-08-15T22:54:08.927Z] [DEBUG] Connected to MongoDB
[2025-08-15T22:54:08.986Z] [INFO] Found 2 company databases
[2025-08-15T22:54:08.986Z] [DEBUG] Processing company database: company_ieebsmug
[2025-08-15T22:54:09.035Z] [DEBUG] Skipping company_ieebsmug: No scheduled reports collection found
[2025-08-15T22:54:09.036Z] [DEBUG] Processing company database: company_ry0iwbpw
[2025-08-15T22:54:09.085Z] [DEBUG] Finding reports to execute in company_ry0iwbpw (current time: 2025-08-15T22:54:09.085Z)
[2025-08-15T22:54:09.134Z] [INFO] Found 0 reports to execute in company_ry0iwbpw
[2025-08-15T22:54:09.135Z] [INFO] Scheduled reports check completed
[2025-08-15T22:54:09.137Z] [DEBUG] MongoDB connection closed
[2025-08-15T22:54:18.349Z] [INFO] Checking for scheduled reports...
[2025-08-15T22:54:18.918Z] [DEBUG] Connected to MongoDB
[2025-08-15T22:54:18.976Z] [INFO] Found 2 company databases
[2025-08-15T22:54:18.977Z] [DEBUG] Processing company database: company_ieebsmug
[2025-08-15T22:54:19.027Z] [DEBUG] Skipping company_ieebsmug: No scheduled reports collection found
[2025-08-15T22:54:19.028Z] [DEBUG] Processing company database: company_ry0iwbpw
[2025-08-15T22:54:19.079Z] [DEBUG] Finding reports to execute in company_ry0iwbpw (current time: 2025-08-15T22:54:19.079Z)
[2025-08-15T22:54:19.133Z] [INFO] Found 0 reports to execute in company_ry0iwbpw
[2025-08-15T22:54:19.133Z] [INFO] Scheduled reports check completed
[2025-08-15T22:54:19.135Z] [DEBUG] MongoDB connection closed
[2025-08-15T22:54:28.350Z] [INFO] Checking for scheduled reports...
[2025-08-15T22:54:29.141Z] [DEBUG] Connected to MongoDB
[2025-08-15T22:54:29.199Z] [INFO] Found 2 company databases
[2025-08-15T22:54:29.199Z] [DEBUG] Processing company database: company_ieebsmug
[2025-08-15T22:54:29.249Z] [DEBUG] Skipping company_ieebsmug: No scheduled reports collection found
[2025-08-15T22:54:29.249Z] [DEBUG] Processing company database: company_ry0iwbpw
[2025-08-15T22:54:29.302Z] [DEBUG] Finding reports to execute in company_ry0iwbpw (current time: 2025-08-15T22:54:29.302Z)
[2025-08-15T22:54:29.350Z] [INFO] Found 0 reports to execute in company_ry0iwbpw
[2025-08-15T22:54:29.350Z] [INFO] Scheduled reports check completed
[2025-08-15T22:54:29.351Z] [DEBUG] MongoDB connection closed
[2025-08-15T22:54:38.351Z] [INFO] Checking for scheduled reports...
[2025-08-15T22:54:38.934Z] [DEBUG] Connected to MongoDB
[2025-08-15T22:54:38.993Z] [INFO] Found 2 company databases
[2025-08-15T22:54:38.994Z] [DEBUG] Processing company database: company_ieebsmug
[2025-08-15T22:54:39.044Z] [DEBUG] Skipping company_ieebsmug: No scheduled reports collection found
[2025-08-15T22:54:39.045Z] [DEBUG] Processing company database: company_ry0iwbpw
[2025-08-15T22:54:39.095Z] [DEBUG] Finding reports to execute in company_ry0iwbpw (current time: 2025-08-15T22:54:39.095Z)
[2025-08-15T22:54:39.146Z] [INFO] Found 0 reports to execute in company_ry0iwbpw
[2025-08-15T22:54:39.146Z] [INFO] Scheduled reports check completed
[2025-08-15T22:54:39.148Z] [DEBUG] MongoDB connection closed
[2025-08-15T22:54:48.351Z] [INFO] Checking for scheduled reports...
[2025-08-15T22:54:48.925Z] [DEBUG] Connected to MongoDB
[2025-08-15T22:54:48.983Z] [INFO] Found 2 company databases
[2025-08-15T22:54:48.984Z] [DEBUG] Processing company database: company_ieebsmug
[2025-08-15T22:54:49.035Z] [DEBUG] Skipping company_ieebsmug: No scheduled reports collection found
[2025-08-15T22:54:49.035Z] [DEBUG] Processing company database: company_ry0iwbpw
[2025-08-15T22:54:49.086Z] [DEBUG] Finding reports to execute in company_ry0iwbpw (current time: 2025-08-15T22:54:49.086Z)
[2025-08-15T22:54:49.232Z] [INFO] Found 0 reports to execute in company_ry0iwbpw
[2025-08-15T22:54:49.232Z] [INFO] Scheduled reports check completed
[2025-08-15T22:54:49.233Z] [DEBUG] MongoDB connection closed
[2025-08-15T22:54:58.352Z] [INFO] Checking for scheduled reports...
[2025-08-15T22:54:59.003Z] [DEBUG] Connected to MongoDB
[2025-08-15T22:54:59.061Z] [INFO] Found 2 company databases
[2025-08-15T22:54:59.062Z] [DEBUG] Processing company database: company_ieebsmug
[2025-08-15T22:54:59.113Z] [DEBUG] Skipping company_ieebsmug: No scheduled reports collection found
[2025-08-15T22:54:59.113Z] [DEBUG] Processing company database: company_ry0iwbpw
[2025-08-15T22:54:59.165Z] [DEBUG] Finding reports to execute in company_ry0iwbpw (current time: 2025-08-15T22:54:59.164Z)
[2025-08-15T22:54:59.216Z] [INFO] Found 0 reports to execute in company_ry0iwbpw
[2025-08-15T22:54:59.217Z] [INFO] Scheduled reports check completed
[2025-08-15T22:54:59.219Z] [DEBUG] MongoDB connection closed
[2025-08-15T22:55:08.352Z] [INFO] Checking for scheduled reports...
[2025-08-15T22:55:08.928Z] [DEBUG] Connected to MongoDB
[2025-08-15T22:55:08.988Z] [INFO] Found 2 company databases
[2025-08-15T22:55:08.989Z] [DEBUG] Processing company database: company_ieebsmug
[2025-08-15T22:55:09.039Z] [DEBUG] Skipping company_ieebsmug: No scheduled reports collection found
[2025-08-15T22:55:09.040Z] [DEBUG] Processing company database: company_ry0iwbpw
[2025-08-15T22:55:09.091Z] [DEBUG] Finding reports to execute in company_ry0iwbpw (current time: 2025-08-15T22:55:09.091Z)
[2025-08-15T22:55:09.141Z] [INFO] Found 0 reports to execute in company_ry0iwbpw
[2025-08-15T22:55:09.142Z] [INFO] Scheduled reports check completed
[2025-08-15T22:55:09.145Z] [DEBUG] MongoDB connection closed
[2025-08-15T22:55:18.353Z] [INFO] Checking for scheduled reports...
[2025-08-15T22:55:18.929Z] [DEBUG] Connected to MongoDB
[2025-08-15T22:55:18.987Z] [INFO] Found 2 company databases
[2025-08-15T22:55:18.988Z] [DEBUG] Processing company database: company_ieebsmug
[2025-08-15T22:55:19.038Z] [DEBUG] Skipping company_ieebsmug: No scheduled reports collection found
[2025-08-15T22:55:19.039Z] [DEBUG] Processing company database: company_ry0iwbpw
[2025-08-15T22:55:19.089Z] [DEBUG] Finding reports to execute in company_ry0iwbpw (current time: 2025-08-15T22:55:19.089Z)
[2025-08-15T22:55:19.140Z] [INFO] Found 0 reports to execute in company_ry0iwbpw
[2025-08-15T22:55:19.140Z] [INFO] Scheduled reports check completed
[2025-08-15T22:55:19.143Z] [DEBUG] MongoDB connection closed
[2025-08-15T22:55:28.353Z] [INFO] Checking for scheduled reports...
[2025-08-15T22:55:28.929Z] [DEBUG] Connected to MongoDB
[2025-08-15T22:55:28.986Z] [INFO] Found 2 company databases
[2025-08-15T22:55:28.986Z] [DEBUG] Processing company database: company_ieebsmug
[2025-08-15T22:55:29.036Z] [DEBUG] Skipping company_ieebsmug: No scheduled reports collection found
[2025-08-15T22:55:29.036Z] [DEBUG] Processing company database: company_ry0iwbpw
[2025-08-15T22:55:29.086Z] [DEBUG] Finding reports to execute in company_ry0iwbpw (current time: 2025-08-15T22:55:29.086Z)
[2025-08-15T22:55:29.135Z] [INFO] Found 0 reports to execute in company_ry0iwbpw
[2025-08-15T22:55:29.136Z] [INFO] Scheduled reports check completed
[2025-08-15T22:55:29.137Z] [DEBUG] MongoDB connection closed
[2025-08-15T22:55:38.354Z] [INFO] Checking for scheduled reports...
[2025-08-15T22:55:38.925Z] [DEBUG] Connected to MongoDB
[2025-08-15T22:55:38.981Z] [INFO] Found 2 company databases
[2025-08-15T22:55:38.982Z] [DEBUG] Processing company database: company_ieebsmug
[2025-08-15T22:55:39.036Z] [DEBUG] Skipping company_ieebsmug: No scheduled reports collection found
[2025-08-15T22:55:39.036Z] [DEBUG] Processing company database: company_ry0iwbpw
[2025-08-15T22:55:39.085Z] [DEBUG] Finding reports to execute in company_ry0iwbpw (current time: 2025-08-15T22:55:39.085Z)
[2025-08-15T22:55:39.146Z] [INFO] Found 0 reports to execute in company_ry0iwbpw
[2025-08-15T22:55:39.146Z] [INFO] Scheduled reports check completed
[2025-08-15T22:55:39.147Z] [DEBUG] MongoDB connection closed
[2025-08-15T22:55:48.355Z] [INFO] Checking for scheduled reports...
[2025-08-15T22:55:49.113Z] [DEBUG] Connected to MongoDB
[2025-08-15T22:55:49.171Z] [INFO] Found 2 company databases
[2025-08-15T22:55:49.172Z] [DEBUG] Processing company database: company_ieebsmug
[2025-08-15T22:55:49.223Z] [DEBUG] Skipping company_ieebsmug: No scheduled reports collection found
[2025-08-15T22:55:49.223Z] [DEBUG] Processing company database: company_ry0iwbpw
[2025-08-15T22:55:49.274Z] [DEBUG] Finding reports to execute in company_ry0iwbpw (current time: 2025-08-15T22:55:49.274Z)
[2025-08-15T22:55:49.335Z] [INFO] Found 0 reports to execute in company_ry0iwbpw
[2025-08-15T22:55:49.336Z] [INFO] Scheduled reports check completed
[2025-08-15T22:55:49.340Z] [DEBUG] MongoDB connection closed
[2025-08-15T22:55:58.356Z] [INFO] Checking for scheduled reports...
[2025-08-15T22:55:59.007Z] [DEBUG] Connected to MongoDB
[2025-08-15T22:55:59.065Z] [INFO] Found 2 company databases
[2025-08-15T22:55:59.066Z] [DEBUG] Processing company database: company_ieebsmug
[2025-08-15T22:55:59.116Z] [DEBUG] Skipping company_ieebsmug: No scheduled reports collection found
[2025-08-15T22:55:59.117Z] [DEBUG] Processing company database: company_ry0iwbpw
[2025-08-15T22:55:59.167Z] [DEBUG] Finding reports to execute in company_ry0iwbpw (current time: 2025-08-15T22:55:59.167Z)
[2025-08-15T22:55:59.217Z] [INFO] Found 0 reports to execute in company_ry0iwbpw
[2025-08-15T22:55:59.218Z] [INFO] Scheduled reports check completed
[2025-08-15T22:55:59.219Z] [DEBUG] MongoDB connection closed
[2025-08-15T22:56:08.356Z] [INFO] Checking for scheduled reports...
[2025-08-15T22:56:08.929Z] [DEBUG] Connected to MongoDB
[2025-08-15T22:56:08.989Z] [INFO] Found 2 company databases
[2025-08-15T22:56:08.990Z] [DEBUG] Processing company database: company_ieebsmug
[2025-08-15T22:56:09.040Z] [DEBUG] Skipping company_ieebsmug: No scheduled reports collection found
[2025-08-15T22:56:09.041Z] [DEBUG] Processing company database: company_ry0iwbpw
[2025-08-15T22:56:09.092Z] [DEBUG] Finding reports to execute in company_ry0iwbpw (current time: 2025-08-15T22:56:09.092Z)
[2025-08-15T22:56:09.143Z] [INFO] Found 0 reports to execute in company_ry0iwbpw
[2025-08-15T22:56:09.144Z] [INFO] Scheduled reports check completed
[2025-08-15T22:56:09.147Z] [DEBUG] MongoDB connection closed
[2025-08-15T22:56:18.358Z] [INFO] Checking for scheduled reports...
[2025-08-15T22:56:18.928Z] [DEBUG] Connected to MongoDB
[2025-08-15T22:56:18.986Z] [INFO] Found 2 company databases
[2025-08-15T22:56:18.987Z] [DEBUG] Processing company database: company_ieebsmug
[2025-08-15T22:56:19.037Z] [DEBUG] Skipping company_ieebsmug: No scheduled reports collection found
[2025-08-15T22:56:19.037Z] [DEBUG] Processing company database: company_ry0iwbpw
[2025-08-15T22:56:19.086Z] [DEBUG] Finding reports to execute in company_ry0iwbpw (current time: 2025-08-15T22:56:19.086Z)
[2025-08-15T22:56:19.135Z] [INFO] Found 0 reports to execute in company_ry0iwbpw
[2025-08-15T22:56:19.135Z] [INFO] Scheduled reports check completed
[2025-08-15T22:56:19.135Z] [DEBUG] MongoDB connection closed
[2025-08-15T22:56:28.358Z] [INFO] Checking for scheduled reports...
[2025-08-15T22:56:28.950Z] [DEBUG] Connected to MongoDB
[2025-08-15T22:56:29.009Z] [INFO] Found 2 company databases
[2025-08-15T22:56:29.009Z] [DEBUG] Processing company database: company_ieebsmug
[2025-08-15T22:56:29.057Z] [DEBUG] Skipping company_ieebsmug: No scheduled reports collection found
[2025-08-15T22:56:29.058Z] [DEBUG] Processing company database: company_ry0iwbpw
[2025-08-15T22:56:29.108Z] [DEBUG] Finding reports to execute in company_ry0iwbpw (current time: 2025-08-15T22:56:29.108Z)
[2025-08-15T22:56:29.158Z] [INFO] Found 0 reports to execute in company_ry0iwbpw
[2025-08-15T22:56:29.158Z] [INFO] Scheduled reports check completed
[2025-08-15T22:56:29.159Z] [DEBUG] MongoDB connection closed
[2025-08-15T22:56:38.359Z] [INFO] Checking for scheduled reports...
[2025-08-15T22:56:38.922Z] [DEBUG] Connected to MongoDB
[2025-08-15T22:56:38.980Z] [INFO] Found 2 company databases
[2025-08-15T22:56:38.980Z] [DEBUG] Processing company database: company_ieebsmug
[2025-08-15T22:56:39.030Z] [DEBUG] Skipping company_ieebsmug: No scheduled reports collection found
[2025-08-15T22:56:39.030Z] [DEBUG] Processing company database: company_ry0iwbpw
[2025-08-15T22:56:39.081Z] [DEBUG] Finding reports to execute in company_ry0iwbpw (current time: 2025-08-15T22:56:39.081Z)
[2025-08-15T22:56:39.131Z] [INFO] Found 0 reports to execute in company_ry0iwbpw
[2025-08-15T22:56:39.132Z] [INFO] Scheduled reports check completed
[2025-08-15T22:56:39.134Z] [DEBUG] MongoDB connection closed
[2025-08-15T22:56:48.359Z] [INFO] Checking for scheduled reports...
[2025-08-15T22:56:48.926Z] [DEBUG] Connected to MongoDB
[2025-08-15T22:56:48.984Z] [INFO] Found 2 company databases
[2025-08-15T22:56:48.985Z] [DEBUG] Processing company database: company_ieebsmug
[2025-08-15T22:56:49.033Z] [DEBUG] Skipping company_ieebsmug: No scheduled reports collection found
[2025-08-15T22:56:49.034Z] [DEBUG] Processing company database: company_ry0iwbpw
[2025-08-15T22:56:49.083Z] [DEBUG] Finding reports to execute in company_ry0iwbpw (current time: 2025-08-15T22:56:49.083Z)
[2025-08-15T22:56:49.132Z] [INFO] Found 0 reports to execute in company_ry0iwbpw
[2025-08-15T22:56:49.132Z] [INFO] Scheduled reports check completed
[2025-08-15T22:56:49.133Z] [DEBUG] MongoDB connection closed
[2025-08-15T22:56:58.361Z] [INFO] Checking for scheduled reports...
[2025-08-15T22:56:59.033Z] [DEBUG] Connected to MongoDB
[2025-08-15T22:56:59.092Z] [INFO] Found 2 company databases
[2025-08-15T22:56:59.092Z] [DEBUG] Processing company database: company_ieebsmug
[2025-08-15T22:56:59.142Z] [DEBUG] Skipping company_ieebsmug: No scheduled reports collection found
[2025-08-15T22:56:59.143Z] [DEBUG] Processing company database: company_ry0iwbpw
[2025-08-15T22:56:59.193Z] [DEBUG] Finding reports to execute in company_ry0iwbpw (current time: 2025-08-15T22:56:59.193Z)
[2025-08-15T22:56:59.244Z] [INFO] Found 0 reports to execute in company_ry0iwbpw
[2025-08-15T22:56:59.244Z] [INFO] Scheduled reports check completed
[2025-08-15T22:56:59.247Z] [DEBUG] MongoDB connection closed
[2025-08-15T22:57:08.362Z] [INFO] Checking for scheduled reports...
[2025-08-15T22:57:09.054Z] [DEBUG] Connected to MongoDB
[2025-08-15T22:57:09.112Z] [INFO] Found 2 company databases
[2025-08-15T22:57:09.112Z] [DEBUG] Processing company database: company_ieebsmug
[2025-08-15T22:57:09.163Z] [DEBUG] Skipping company_ieebsmug: No scheduled reports collection found
[2025-08-15T22:57:09.163Z] [DEBUG] Processing company database: company_ry0iwbpw
[2025-08-15T22:57:09.214Z] [DEBUG] Finding reports to execute in company_ry0iwbpw (current time: 2025-08-15T22:57:09.214Z)
[2025-08-15T22:57:09.264Z] [INFO] Found 0 reports to execute in company_ry0iwbpw
[2025-08-15T22:57:09.265Z] [INFO] Scheduled reports check completed
[2025-08-15T22:57:09.267Z] [DEBUG] MongoDB connection closed
[2025-08-15T22:57:18.362Z] [INFO] Checking for scheduled reports...
[2025-08-15T22:57:18.936Z] [DEBUG] Connected to MongoDB
[2025-08-15T22:57:18.995Z] [INFO] Found 2 company databases
[2025-08-15T22:57:18.996Z] [DEBUG] Processing company database: company_ieebsmug
[2025-08-15T22:57:19.047Z] [DEBUG] Skipping company_ieebsmug: No scheduled reports collection found
[2025-08-15T22:57:19.047Z] [DEBUG] Processing company database: company_ry0iwbpw
[2025-08-15T22:57:19.097Z] [DEBUG] Finding reports to execute in company_ry0iwbpw (current time: 2025-08-15T22:57:19.097Z)
[2025-08-15T22:57:19.146Z] [INFO] Found 0 reports to execute in company_ry0iwbpw
[2025-08-15T22:57:19.147Z] [INFO] Scheduled reports check completed
[2025-08-15T22:57:19.148Z] [DEBUG] MongoDB connection closed
[2025-08-15T22:57:28.363Z] [INFO] Checking for scheduled reports...
[2025-08-15T22:57:28.935Z] [DEBUG] Connected to MongoDB
[2025-08-15T22:57:28.994Z] [INFO] Found 2 company databases
[2025-08-15T22:57:28.995Z] [DEBUG] Processing company database: company_ieebsmug
[2025-08-15T22:57:29.045Z] [DEBUG] Skipping company_ieebsmug: No scheduled reports collection found
[2025-08-15T22:57:29.046Z] [DEBUG] Processing company database: company_ry0iwbpw
[2025-08-15T22:57:29.099Z] [DEBUG] Finding reports to execute in company_ry0iwbpw (current time: 2025-08-15T22:57:29.099Z)
[2025-08-15T22:57:29.149Z] [INFO] Found 0 reports to execute in company_ry0iwbpw
[2025-08-15T22:57:29.150Z] [INFO] Scheduled reports check completed
[2025-08-15T22:57:29.153Z] [DEBUG] MongoDB connection closed
[2025-08-15T22:57:38.363Z] [INFO] Checking for scheduled reports...
[2025-08-15T22:57:38.952Z] [DEBUG] Connected to MongoDB
[2025-08-15T22:57:39.010Z] [INFO] Found 2 company databases
[2025-08-15T22:57:39.011Z] [DEBUG] Processing company database: company_ieebsmug
[2025-08-15T22:57:39.061Z] [DEBUG] Skipping company_ieebsmug: No scheduled reports collection found
[2025-08-15T22:57:39.062Z] [DEBUG] Processing company database: company_ry0iwbpw
[2025-08-15T22:57:39.113Z] [DEBUG] Finding reports to execute in company_ry0iwbpw (current time: 2025-08-15T22:57:39.113Z)
[2025-08-15T22:57:39.163Z] [INFO] Found 0 reports to execute in company_ry0iwbpw
[2025-08-15T22:57:39.163Z] [INFO] Scheduled reports check completed
[2025-08-15T22:57:39.166Z] [DEBUG] MongoDB connection closed
[2025-08-15T22:57:48.364Z] [INFO] Checking for scheduled reports...
[2025-08-15T22:57:48.934Z] [DEBUG] Connected to MongoDB
[2025-08-15T22:57:48.992Z] [INFO] Found 2 company databases
[2025-08-15T22:57:48.992Z] [DEBUG] Processing company database: company_ieebsmug
[2025-08-15T22:57:49.041Z] [DEBUG] Skipping company_ieebsmug: No scheduled reports collection found
[2025-08-15T22:57:49.041Z] [DEBUG] Processing company database: company_ry0iwbpw
[2025-08-15T22:57:49.093Z] [DEBUG] Finding reports to execute in company_ry0iwbpw (current time: 2025-08-15T22:57:49.093Z)
[2025-08-15T22:57:49.141Z] [INFO] Found 0 reports to execute in company_ry0iwbpw
[2025-08-15T22:57:49.141Z] [INFO] Scheduled reports check completed
[2025-08-15T22:57:49.142Z] [DEBUG] MongoDB connection closed
[2025-08-15T22:57:58.365Z] [INFO] Checking for scheduled reports...
[2025-08-15T22:57:59.035Z] [DEBUG] Connected to MongoDB
[2025-08-15T22:57:59.093Z] [INFO] Found 2 company databases
[2025-08-15T22:57:59.093Z] [DEBUG] Processing company database: company_ieebsmug
[2025-08-15T22:57:59.147Z] [DEBUG] Skipping company_ieebsmug: No scheduled reports collection found
[2025-08-15T22:57:59.147Z] [DEBUG] Processing company database: company_ry0iwbpw
[2025-08-15T22:57:59.198Z] [DEBUG] Finding reports to execute in company_ry0iwbpw (current time: 2025-08-15T22:57:59.198Z)
[2025-08-15T22:57:59.247Z] [INFO] Found 0 reports to execute in company_ry0iwbpw
[2025-08-15T22:57:59.248Z] [INFO] Scheduled reports check completed
[2025-08-15T22:57:59.251Z] [DEBUG] MongoDB connection closed
[2025-08-15T22:58:08.366Z] [INFO] Checking for scheduled reports...
[2025-08-15T22:58:08.953Z] [DEBUG] Connected to MongoDB
[2025-08-15T22:58:09.012Z] [INFO] Found 2 company databases
[2025-08-15T22:58:09.012Z] [DEBUG] Processing company database: company_ieebsmug
[2025-08-15T22:58:09.061Z] [DEBUG] Skipping company_ieebsmug: No scheduled reports collection found
[2025-08-15T22:58:09.062Z] [DEBUG] Processing company database: company_ry0iwbpw
[2025-08-15T22:58:09.112Z] [DEBUG] Finding reports to execute in company_ry0iwbpw (current time: 2025-08-15T22:58:09.112Z)
[2025-08-15T22:58:09.160Z] [INFO] Found 0 reports to execute in company_ry0iwbpw
[2025-08-15T22:58:09.161Z] [INFO] Scheduled reports check completed
[2025-08-15T22:58:09.162Z] [DEBUG] MongoDB connection closed
[2025-08-15T22:58:18.367Z] [INFO] Checking for scheduled reports...
[2025-08-15T22:58:18.939Z] [DEBUG] Connected to MongoDB
[2025-08-15T22:58:18.996Z] [INFO] Found 2 company databases
[2025-08-15T22:58:18.996Z] [DEBUG] Processing company database: company_ieebsmug
[2025-08-15T22:58:19.046Z] [DEBUG] Skipping company_ieebsmug: No scheduled reports collection found
[2025-08-15T22:58:19.047Z] [DEBUG] Processing company database: company_ry0iwbpw
[2025-08-15T22:58:19.111Z] [DEBUG] Finding reports to execute in company_ry0iwbpw (current time: 2025-08-15T22:58:19.111Z)
[2025-08-15T22:58:19.160Z] [INFO] Found 0 reports to execute in company_ry0iwbpw
[2025-08-15T22:58:19.160Z] [INFO] Scheduled reports check completed
[2025-08-15T22:58:19.161Z] [DEBUG] MongoDB connection closed
[2025-08-15T22:58:28.368Z] [INFO] Checking for scheduled reports...
[2025-08-15T22:58:29.083Z] [DEBUG] Connected to MongoDB
[2025-08-15T22:58:29.151Z] [INFO] Found 2 company databases
[2025-08-15T22:58:29.152Z] [DEBUG] Processing company database: company_ieebsmug
[2025-08-15T22:58:29.203Z] [DEBUG] Skipping company_ieebsmug: No scheduled reports collection found
[2025-08-15T22:58:29.204Z] [DEBUG] Processing company database: company_ry0iwbpw
[2025-08-15T22:58:29.255Z] [DEBUG] Finding reports to execute in company_ry0iwbpw (current time: 2025-08-15T22:58:29.255Z)
[2025-08-15T22:58:29.306Z] [INFO] Found 0 reports to execute in company_ry0iwbpw
[2025-08-15T22:58:29.306Z] [INFO] Scheduled reports check completed
[2025-08-15T22:58:29.307Z] [DEBUG] MongoDB connection closed
[2025-08-15T22:58:38.368Z] [INFO] Checking for scheduled reports...
[2025-08-15T22:58:38.947Z] [DEBUG] Connected to MongoDB
[2025-08-15T22:58:39.005Z] [INFO] Found 2 company databases
[2025-08-15T22:58:39.006Z] [DEBUG] Processing company database: company_ieebsmug
[2025-08-15T22:58:39.057Z] [DEBUG] Skipping company_ieebsmug: No scheduled reports collection found
[2025-08-15T22:58:39.057Z] [DEBUG] Processing company database: company_ry0iwbpw
[2025-08-15T22:58:39.108Z] [DEBUG] Finding reports to execute in company_ry0iwbpw (current time: 2025-08-15T22:58:39.108Z)
[2025-08-15T22:58:39.165Z] [INFO] Found 0 reports to execute in company_ry0iwbpw
[2025-08-15T22:58:39.166Z] [INFO] Scheduled reports check completed
[2025-08-15T22:58:39.170Z] [DEBUG] MongoDB connection closed
[2025-08-15T22:58:48.370Z] [INFO] Checking for scheduled reports...
[2025-08-15T22:58:48.941Z] [DEBUG] Connected to MongoDB
[2025-08-15T22:58:49.000Z] [INFO] Found 2 company databases
[2025-08-15T22:58:49.001Z] [DEBUG] Processing company database: company_ieebsmug
[2025-08-15T22:58:49.051Z] [DEBUG] Skipping company_ieebsmug: No scheduled reports collection found
[2025-08-15T22:58:49.052Z] [DEBUG] Processing company database: company_ry0iwbpw
[2025-08-15T22:58:49.102Z] [DEBUG] Finding reports to execute in company_ry0iwbpw (current time: 2025-08-15T22:58:49.102Z)
[2025-08-15T22:58:49.151Z] [INFO] Found 0 reports to execute in company_ry0iwbpw
[2025-08-15T22:58:49.152Z] [INFO] Scheduled reports check completed
[2025-08-15T22:58:49.154Z] [DEBUG] MongoDB connection closed
[2025-08-15T22:58:58.370Z] [INFO] Checking for scheduled reports...
[2025-08-15T22:58:59.028Z] [DEBUG] Connected to MongoDB
[2025-08-15T22:58:59.087Z] [INFO] Found 2 company databases
[2025-08-15T22:58:59.087Z] [DEBUG] Processing company database: company_ieebsmug
[2025-08-15T22:58:59.137Z] [DEBUG] Skipping company_ieebsmug: No scheduled reports collection found
[2025-08-15T22:58:59.138Z] [DEBUG] Processing company database: company_ry0iwbpw
[2025-08-15T22:58:59.188Z] [DEBUG] Finding reports to execute in company_ry0iwbpw (current time: 2025-08-15T22:58:59.188Z)
[2025-08-15T22:58:59.239Z] [INFO] Found 0 reports to execute in company_ry0iwbpw
[2025-08-15T22:58:59.239Z] [INFO] Scheduled reports check completed
[2025-08-15T22:58:59.242Z] [DEBUG] MongoDB connection closed
[2025-08-15T22:59:08.371Z] [INFO] Checking for scheduled reports...
[2025-08-15T22:59:08.940Z] [DEBUG] Connected to MongoDB
[2025-08-15T22:59:08.998Z] [INFO] Found 2 company databases
[2025-08-15T22:59:08.999Z] [DEBUG] Processing company database: company_ieebsmug
[2025-08-15T22:59:09.049Z] [DEBUG] Skipping company_ieebsmug: No scheduled reports collection found
[2025-08-15T22:59:09.050Z] [DEBUG] Processing company database: company_ry0iwbpw
[2025-08-15T22:59:09.101Z] [DEBUG] Finding reports to execute in company_ry0iwbpw (current time: 2025-08-15T22:59:09.101Z)
[2025-08-15T22:59:09.151Z] [INFO] Found 0 reports to execute in company_ry0iwbpw
[2025-08-15T22:59:09.151Z] [INFO] Scheduled reports check completed
[2025-08-15T22:59:09.154Z] [DEBUG] MongoDB connection closed
[2025-08-15T22:59:18.371Z] [INFO] Checking for scheduled reports...
[2025-08-15T22:59:18.954Z] [DEBUG] Connected to MongoDB
[2025-08-15T22:59:19.013Z] [INFO] Found 2 company databases
[2025-08-15T22:59:19.014Z] [DEBUG] Processing company database: company_ieebsmug
[2025-08-15T22:59:19.065Z] [DEBUG] Skipping company_ieebsmug: No scheduled reports collection found
[2025-08-15T22:59:19.066Z] [DEBUG] Processing company database: company_ry0iwbpw
[2025-08-15T22:59:19.116Z] [DEBUG] Finding reports to execute in company_ry0iwbpw (current time: 2025-08-15T22:59:19.116Z)
[2025-08-15T22:59:19.164Z] [INFO] Found 0 reports to execute in company_ry0iwbpw
[2025-08-15T22:59:19.165Z] [INFO] Scheduled reports check completed
[2025-08-15T22:59:19.168Z] [DEBUG] MongoDB connection closed
[2025-08-15T22:59:28.373Z] [INFO] Checking for scheduled reports...
[2025-08-15T22:59:28.951Z] [DEBUG] Connected to MongoDB
[2025-08-15T22:59:29.010Z] [INFO] Found 2 company databases
[2025-08-15T22:59:29.011Z] [DEBUG] Processing company database: company_ieebsmug
[2025-08-15T22:59:29.089Z] [DEBUG] Skipping company_ieebsmug: No scheduled reports collection found
[2025-08-15T22:59:29.090Z] [DEBUG] Processing company database: company_ry0iwbpw
[2025-08-15T22:59:29.147Z] [DEBUG] Finding reports to execute in company_ry0iwbpw (current time: 2025-08-15T22:59:29.147Z)
[2025-08-15T22:59:29.198Z] [INFO] Found 0 reports to execute in company_ry0iwbpw
[2025-08-15T22:59:29.198Z] [INFO] Scheduled reports check completed
[2025-08-15T22:59:29.201Z] [DEBUG] MongoDB connection closed
[2025-08-15T22:59:38.373Z] [INFO] Checking for scheduled reports...
[2025-08-15T22:59:38.954Z] [DEBUG] Connected to MongoDB
[2025-08-15T22:59:39.017Z] [INFO] Found 2 company databases
[2025-08-15T22:59:39.018Z] [DEBUG] Processing company database: company_ieebsmug
[2025-08-15T22:59:39.068Z] [DEBUG] Skipping company_ieebsmug: No scheduled reports collection found
[2025-08-15T22:59:39.069Z] [DEBUG] Processing company database: company_ry0iwbpw
[2025-08-15T22:59:39.121Z] [DEBUG] Finding reports to execute in company_ry0iwbpw (current time: 2025-08-15T22:59:39.121Z)
[2025-08-15T22:59:39.171Z] [INFO] Found 0 reports to execute in company_ry0iwbpw
[2025-08-15T22:59:39.172Z] [INFO] Scheduled reports check completed
[2025-08-15T22:59:39.174Z] [DEBUG] MongoDB connection closed
[2025-08-15T22:59:48.373Z] [INFO] Checking for scheduled reports...
[2025-08-15T22:59:49.054Z] [DEBUG] Connected to MongoDB
[2025-08-15T22:59:49.113Z] [INFO] Found 2 company databases
[2025-08-15T22:59:49.114Z] [DEBUG] Processing company database: company_ieebsmug
[2025-08-15T22:59:49.163Z] [DEBUG] Skipping company_ieebsmug: No scheduled reports collection found
[2025-08-15T22:59:49.164Z] [DEBUG] Processing company database: company_ry0iwbpw
[2025-08-15T22:59:49.214Z] [DEBUG] Finding reports to execute in company_ry0iwbpw (current time: 2025-08-15T22:59:49.214Z)
[2025-08-15T22:59:49.264Z] [INFO] Found 0 reports to execute in company_ry0iwbpw
[2025-08-15T22:59:49.265Z] [INFO] Scheduled reports check completed
[2025-08-15T22:59:49.267Z] [DEBUG] MongoDB connection closed
[2025-08-15T22:59:58.373Z] [INFO] Checking for scheduled reports...
[2025-08-15T22:59:59.034Z] [DEBUG] Connected to MongoDB
[2025-08-15T22:59:59.093Z] [INFO] Found 2 company databases
[2025-08-15T22:59:59.094Z] [DEBUG] Processing company database: company_ieebsmug
[2025-08-15T22:59:59.145Z] [DEBUG] Skipping company_ieebsmug: No scheduled reports collection found
[2025-08-15T22:59:59.146Z] [DEBUG] Processing company database: company_ry0iwbpw
[2025-08-15T22:59:59.198Z] [DEBUG] Finding reports to execute in company_ry0iwbpw (current time: 2025-08-15T22:59:59.198Z)
[2025-08-15T22:59:59.248Z] [INFO] Found 0 reports to execute in company_ry0iwbpw
[2025-08-15T22:59:59.248Z] [INFO] Scheduled reports check completed
[2025-08-15T22:59:59.250Z] [DEBUG] MongoDB connection closed
[2025-08-15T23:00:08.374Z] [INFO] Checking for scheduled reports...
[2025-08-15T23:00:08.946Z] [DEBUG] Connected to MongoDB
[2025-08-15T23:00:09.004Z] [INFO] Found 2 company databases
[2025-08-15T23:00:09.004Z] [DEBUG] Processing company database: company_ieebsmug
[2025-08-15T23:00:09.053Z] [DEBUG] Skipping company_ieebsmug: No scheduled reports collection found
[2025-08-15T23:00:09.054Z] [DEBUG] Processing company database: company_ry0iwbpw
[2025-08-15T23:00:09.103Z] [DEBUG] Finding reports to execute in company_ry0iwbpw (current time: 2025-08-15T23:00:09.103Z)
[2025-08-15T23:00:09.152Z] [INFO] Found 0 reports to execute in company_ry0iwbpw
[2025-08-15T23:00:09.153Z] [INFO] Scheduled reports check completed
[2025-08-15T23:00:09.154Z] [DEBUG] MongoDB connection closed
[2025-08-15T23:00:18.375Z] [INFO] Checking for scheduled reports...
[2025-08-15T23:00:18.954Z] [DEBUG] Connected to MongoDB
[2025-08-15T23:00:19.014Z] [INFO] Found 2 company databases
[2025-08-15T23:00:19.015Z] [DEBUG] Processing company database: company_ieebsmug
[2025-08-15T23:00:19.066Z] [DEBUG] Skipping company_ieebsmug: No scheduled reports collection found
[2025-08-15T23:00:19.067Z] [DEBUG] Processing company database: company_ry0iwbpw
[2025-08-15T23:00:19.118Z] [DEBUG] Finding reports to execute in company_ry0iwbpw (current time: 2025-08-15T23:00:19.118Z)
[2025-08-15T23:00:19.262Z] [INFO] Found 0 reports to execute in company_ry0iwbpw
[2025-08-15T23:00:19.262Z] [INFO] Scheduled reports check completed
[2025-08-15T23:00:19.265Z] [DEBUG] MongoDB connection closed
[2025-08-15T23:00:28.375Z] [INFO] Checking for scheduled reports...
[2025-08-15T23:00:28.954Z] [DEBUG] Connected to MongoDB
[2025-08-15T23:00:29.013Z] [INFO] Found 2 company databases
[2025-08-15T23:00:29.014Z] [DEBUG] Processing company database: company_ieebsmug
[2025-08-15T23:00:29.099Z] [DEBUG] Skipping company_ieebsmug: No scheduled reports collection found
[2025-08-15T23:00:29.100Z] [DEBUG] Processing company database: company_ry0iwbpw
[2025-08-15T23:00:29.150Z] [DEBUG] Finding reports to execute in company_ry0iwbpw (current time: 2025-08-15T23:00:29.150Z)
[2025-08-15T23:00:29.201Z] [INFO] Found 0 reports to execute in company_ry0iwbpw
[2025-08-15T23:00:29.201Z] [INFO] Scheduled reports check completed
[2025-08-15T23:00:29.204Z] [DEBUG] MongoDB connection closed
[2025-08-15T23:00:38.376Z] [INFO] Checking for scheduled reports...
[2025-08-15T23:00:38.969Z] [DEBUG] Connected to MongoDB
[2025-08-15T23:00:39.027Z] [INFO] Found 2 company databases
[2025-08-15T23:00:39.028Z] [DEBUG] Processing company database: company_ieebsmug
[2025-08-15T23:00:39.078Z] [DEBUG] Skipping company_ieebsmug: No scheduled reports collection found
[2025-08-15T23:00:39.078Z] [DEBUG] Processing company database: company_ry0iwbpw
[2025-08-15T23:00:39.129Z] [DEBUG] Finding reports to execute in company_ry0iwbpw (current time: 2025-08-15T23:00:39.129Z)
[2025-08-15T23:00:39.179Z] [INFO] Found 0 reports to execute in company_ry0iwbpw
[2025-08-15T23:00:39.179Z] [INFO] Scheduled reports check completed
[2025-08-15T23:00:39.181Z] [DEBUG] MongoDB connection closed
[2025-08-15T23:00:48.376Z] [INFO] Checking for scheduled reports...
[2025-08-15T23:00:48.963Z] [DEBUG] Connected to MongoDB
[2025-08-15T23:00:49.022Z] [INFO] Found 2 company databases
[2025-08-15T23:00:49.022Z] [DEBUG] Processing company database: company_ieebsmug
[2025-08-15T23:00:49.072Z] [DEBUG] Skipping company_ieebsmug: No scheduled reports collection found
[2025-08-15T23:00:49.073Z] [DEBUG] Processing company database: company_ry0iwbpw
[2025-08-15T23:00:49.122Z] [DEBUG] Finding reports to execute in company_ry0iwbpw (current time: 2025-08-15T23:00:49.122Z)
[2025-08-15T23:00:49.172Z] [INFO] Found 0 reports to execute in company_ry0iwbpw
[2025-08-15T23:00:49.172Z] [INFO] Scheduled reports check completed
[2025-08-15T23:00:49.175Z] [DEBUG] MongoDB connection closed
[2025-08-15T23:00:58.377Z] [INFO] Checking for scheduled reports...
[2025-08-15T23:00:59.037Z] [DEBUG] Connected to MongoDB
[2025-08-15T23:00:59.095Z] [INFO] Found 2 company databases
[2025-08-15T23:00:59.096Z] [DEBUG] Processing company database: company_ieebsmug
[2025-08-15T23:00:59.146Z] [DEBUG] Skipping company_ieebsmug: No scheduled reports collection found
[2025-08-15T23:00:59.147Z] [DEBUG] Processing company database: company_ry0iwbpw
[2025-08-15T23:00:59.197Z] [DEBUG] Finding reports to execute in company_ry0iwbpw (current time: 2025-08-15T23:00:59.197Z)
[2025-08-15T23:00:59.248Z] [INFO] Found 0 reports to execute in company_ry0iwbpw
[2025-08-15T23:00:59.248Z] [INFO] Scheduled reports check completed
[2025-08-15T23:00:59.252Z] [DEBUG] MongoDB connection closed
[2025-08-15T23:01:08.378Z] [INFO] Checking for scheduled reports...
[2025-08-15T23:01:09.077Z] [DEBUG] Connected to MongoDB
[2025-08-15T23:01:09.137Z] [INFO] Found 2 company databases
[2025-08-15T23:01:09.137Z] [DEBUG] Processing company database: company_ieebsmug
[2025-08-15T23:01:09.188Z] [DEBUG] Skipping company_ieebsmug: No scheduled reports collection found
[2025-08-15T23:01:09.188Z] [DEBUG] Processing company database: company_ry0iwbpw
[2025-08-15T23:01:09.239Z] [DEBUG] Finding reports to execute in company_ry0iwbpw (current time: 2025-08-15T23:01:09.239Z)
[2025-08-15T23:01:09.289Z] [INFO] Found 0 reports to execute in company_ry0iwbpw
[2025-08-15T23:01:09.289Z] [INFO] Scheduled reports check completed
[2025-08-15T23:01:09.291Z] [DEBUG] MongoDB connection closed
[2025-08-15T23:01:18.379Z] [INFO] Checking for scheduled reports...
[2025-08-15T23:01:18.968Z] [DEBUG] Connected to MongoDB
[2025-08-15T23:01:19.027Z] [INFO] Found 2 company databases
[2025-08-15T23:01:19.028Z] [DEBUG] Processing company database: company_ieebsmug
[2025-08-15T23:01:19.078Z] [DEBUG] Skipping company_ieebsmug: No scheduled reports collection found
[2025-08-15T23:01:19.078Z] [DEBUG] Processing company database: company_ry0iwbpw
[2025-08-15T23:01:19.129Z] [DEBUG] Finding reports to execute in company_ry0iwbpw (current time: 2025-08-15T23:01:19.129Z)
[2025-08-15T23:01:19.179Z] [INFO] Found 0 reports to execute in company_ry0iwbpw
[2025-08-15T23:01:19.180Z] [INFO] Scheduled reports check completed
[2025-08-15T23:01:19.182Z] [DEBUG] MongoDB connection closed
[2025-08-15T23:01:28.380Z] [INFO] Checking for scheduled reports...
[2025-08-15T23:01:28.947Z] [DEBUG] Connected to MongoDB
[2025-08-15T23:01:29.004Z] [INFO] Found 2 company databases
[2025-08-15T23:01:29.005Z] [DEBUG] Processing company database: company_ieebsmug
[2025-08-15T23:01:29.054Z] [DEBUG] Skipping company_ieebsmug: No scheduled reports collection found
[2025-08-15T23:01:29.055Z] [DEBUG] Processing company database: company_ry0iwbpw
[2025-08-15T23:01:29.129Z] [DEBUG] Finding reports to execute in company_ry0iwbpw (current time: 2025-08-15T23:01:29.129Z)
[2025-08-15T23:01:29.178Z] [INFO] Found 0 reports to execute in company_ry0iwbpw
[2025-08-15T23:01:29.179Z] [INFO] Scheduled reports check completed
[2025-08-15T23:01:29.181Z] [DEBUG] MongoDB connection closed
[2025-08-15T23:01:38.380Z] [INFO] Checking for scheduled reports...
[2025-08-15T23:01:38.961Z] [DEBUG] Connected to MongoDB
[2025-08-15T23:01:39.021Z] [INFO] Found 2 company databases
[2025-08-15T23:01:39.022Z] [DEBUG] Processing company database: company_ieebsmug
[2025-08-15T23:01:39.072Z] [DEBUG] Skipping company_ieebsmug: No scheduled reports collection found
[2025-08-15T23:01:39.073Z] [DEBUG] Processing company database: company_ry0iwbpw
[2025-08-15T23:01:39.123Z] [DEBUG] Finding reports to execute in company_ry0iwbpw (current time: 2025-08-15T23:01:39.123Z)
[2025-08-15T23:01:39.173Z] [INFO] Found 0 reports to execute in company_ry0iwbpw
[2025-08-15T23:01:39.174Z] [INFO] Scheduled reports check completed
[2025-08-15T23:01:39.175Z] [DEBUG] MongoDB connection closed
[2025-08-15T23:01:48.381Z] [INFO] Checking for scheduled reports...
[2025-08-15T23:01:48.970Z] [DEBUG] Connected to MongoDB
[2025-08-15T23:01:49.028Z] [INFO] Found 2 company databases
[2025-08-15T23:01:49.028Z] [DEBUG] Processing company database: company_ieebsmug
[2025-08-15T23:01:49.078Z] [DEBUG] Skipping company_ieebsmug: No scheduled reports collection found
[2025-08-15T23:01:49.079Z] [DEBUG] Processing company database: company_ry0iwbpw
[2025-08-15T23:01:49.129Z] [DEBUG] Finding reports to execute in company_ry0iwbpw (current time: 2025-08-15T23:01:49.129Z)
[2025-08-15T23:01:49.179Z] [INFO] Found 0 reports to execute in company_ry0iwbpw
[2025-08-15T23:01:49.180Z] [INFO] Scheduled reports check completed
[2025-08-15T23:01:49.182Z] [DEBUG] MongoDB connection closed
[2025-08-15T23:01:58.381Z] [INFO] Checking for scheduled reports...
[2025-08-15T23:01:59.033Z] [DEBUG] Connected to MongoDB
[2025-08-15T23:01:59.092Z] [INFO] Found 2 company databases
[2025-08-15T23:01:59.093Z] [DEBUG] Processing company database: company_ieebsmug
[2025-08-15T23:01:59.143Z] [DEBUG] Skipping company_ieebsmug: No scheduled reports collection found
[2025-08-15T23:01:59.143Z] [DEBUG] Processing company database: company_ry0iwbpw
[2025-08-15T23:01:59.194Z] [DEBUG] Finding reports to execute in company_ry0iwbpw (current time: 2025-08-15T23:01:59.194Z)
[2025-08-15T23:01:59.244Z] [INFO] Found 0 reports to execute in company_ry0iwbpw
[2025-08-15T23:01:59.244Z] [INFO] Scheduled reports check completed
[2025-08-15T23:01:59.247Z] [DEBUG] MongoDB connection closed
[2025-08-15T23:02:08.382Z] [INFO] Checking for scheduled reports...
[2025-08-15T23:02:08.954Z] [DEBUG] Connected to MongoDB
[2025-08-15T23:02:09.012Z] [INFO] Found 2 company databases
[2025-08-15T23:02:09.012Z] [DEBUG] Processing company database: company_ieebsmug
[2025-08-15T23:02:09.062Z] [DEBUG] Skipping company_ieebsmug: No scheduled reports collection found
[2025-08-15T23:02:09.063Z] [DEBUG] Processing company database: company_ry0iwbpw
[2025-08-15T23:02:09.113Z] [DEBUG] Finding reports to execute in company_ry0iwbpw (current time: 2025-08-15T23:02:09.113Z)
[2025-08-15T23:02:09.164Z] [INFO] Found 0 reports to execute in company_ry0iwbpw
[2025-08-15T23:02:09.164Z] [INFO] Scheduled reports check completed
[2025-08-15T23:02:09.166Z] [DEBUG] MongoDB connection closed
[2025-08-15T23:02:18.383Z] [INFO] Checking for scheduled reports...
[2025-08-15T23:02:18.968Z] [DEBUG] Connected to MongoDB
[2025-08-15T23:02:19.026Z] [INFO] Found 2 company databases
[2025-08-15T23:02:19.027Z] [DEBUG] Processing company database: company_ieebsmug
[2025-08-15T23:02:19.078Z] [DEBUG] Skipping company_ieebsmug: No scheduled reports collection found
[2025-08-15T23:02:19.078Z] [DEBUG] Processing company database: company_ry0iwbpw
[2025-08-15T23:02:19.130Z] [DEBUG] Finding reports to execute in company_ry0iwbpw (current time: 2025-08-15T23:02:19.130Z)
[2025-08-15T23:02:19.180Z] [INFO] Found 0 reports to execute in company_ry0iwbpw
[2025-08-15T23:02:19.181Z] [INFO] Scheduled reports check completed
[2025-08-15T23:02:19.183Z] [DEBUG] MongoDB connection closed
[2025-08-15T23:02:28.383Z] [INFO] Checking for scheduled reports...
[2025-08-15T23:02:29.068Z] [DEBUG] Connected to MongoDB
[2025-08-15T23:02:29.126Z] [INFO] Found 2 company databases
[2025-08-15T23:02:29.126Z] [DEBUG] Processing company database: company_ieebsmug
[2025-08-15T23:02:29.190Z] [DEBUG] Skipping company_ieebsmug: No scheduled reports collection found
[2025-08-15T23:02:29.191Z] [DEBUG] Processing company database: company_ry0iwbpw
[2025-08-15T23:02:29.241Z] [DEBUG] Finding reports to execute in company_ry0iwbpw (current time: 2025-08-15T23:02:29.241Z)
[2025-08-15T23:02:29.290Z] [INFO] Found 0 reports to execute in company_ry0iwbpw
[2025-08-15T23:02:29.291Z] [INFO] Scheduled reports check completed
[2025-08-15T23:02:29.293Z] [DEBUG] MongoDB connection closed
[2025-08-15T23:02:38.384Z] [INFO] Checking for scheduled reports...
[2025-08-15T23:02:38.958Z] [DEBUG] Connected to MongoDB
[2025-08-15T23:02:39.017Z] [INFO] Found 2 company databases
[2025-08-15T23:02:39.018Z] [DEBUG] Processing company database: company_ieebsmug
[2025-08-15T23:02:39.068Z] [DEBUG] Skipping company_ieebsmug: No scheduled reports collection found
[2025-08-15T23:02:39.068Z] [DEBUG] Processing company database: company_ry0iwbpw
[2025-08-15T23:02:39.119Z] [DEBUG] Finding reports to execute in company_ry0iwbpw (current time: 2025-08-15T23:02:39.119Z)
[2025-08-15T23:02:39.171Z] [INFO] Found 0 reports to execute in company_ry0iwbpw
[2025-08-15T23:02:39.171Z] [INFO] Scheduled reports check completed
[2025-08-15T23:02:39.173Z] [DEBUG] MongoDB connection closed
[2025-08-15T23:02:48.385Z] [INFO] Checking for scheduled reports...
[2025-08-15T23:02:48.961Z] [DEBUG] Connected to MongoDB
[2025-08-15T23:02:49.027Z] [INFO] Found 2 company databases
[2025-08-15T23:02:49.027Z] [DEBUG] Processing company database: company_ieebsmug
[2025-08-15T23:02:49.081Z] [DEBUG] Skipping company_ieebsmug: No scheduled reports collection found
[2025-08-15T23:02:49.082Z] [DEBUG] Processing company database: company_ry0iwbpw
[2025-08-15T23:02:49.132Z] [DEBUG] Finding reports to execute in company_ry0iwbpw (current time: 2025-08-15T23:02:49.132Z)
[2025-08-15T23:02:49.181Z] [INFO] Found 0 reports to execute in company_ry0iwbpw
[2025-08-15T23:02:49.182Z] [INFO] Scheduled reports check completed
[2025-08-15T23:02:49.184Z] [DEBUG] MongoDB connection closed
[2025-08-15T23:02:58.386Z] [INFO] Checking for scheduled reports...
[2025-08-15T23:02:59.058Z] [DEBUG] Connected to MongoDB
[2025-08-15T23:02:59.129Z] [INFO] Found 2 company databases
[2025-08-15T23:02:59.129Z] [DEBUG] Processing company database: company_ieebsmug
[2025-08-15T23:02:59.179Z] [DEBUG] Skipping company_ieebsmug: No scheduled reports collection found
[2025-08-15T23:02:59.179Z] [DEBUG] Processing company database: company_ry0iwbpw
[2025-08-15T23:02:59.229Z] [DEBUG] Finding reports to execute in company_ry0iwbpw (current time: 2025-08-15T23:02:59.229Z)
[2025-08-15T23:02:59.278Z] [INFO] Found 0 reports to execute in company_ry0iwbpw
[2025-08-15T23:02:59.278Z] [INFO] Scheduled reports check completed
[2025-08-15T23:02:59.279Z] [DEBUG] MongoDB connection closed
[2025-08-15T23:03:08.387Z] [INFO] Checking for scheduled reports...
[2025-08-15T23:03:08.973Z] [DEBUG] Connected to MongoDB
[2025-08-15T23:03:09.035Z] [INFO] Found 2 company databases
[2025-08-15T23:03:09.036Z] [DEBUG] Processing company database: company_ieebsmug
[2025-08-15T23:03:09.087Z] [DEBUG] Skipping company_ieebsmug: No scheduled reports collection found
[2025-08-15T23:03:09.087Z] [DEBUG] Processing company database: company_ry0iwbpw
[2025-08-15T23:03:09.137Z] [DEBUG] Finding reports to execute in company_ry0iwbpw (current time: 2025-08-15T23:03:09.137Z)
[2025-08-15T23:03:09.187Z] [INFO] Found 0 reports to execute in company_ry0iwbpw
[2025-08-15T23:03:09.187Z] [INFO] Scheduled reports check completed
[2025-08-15T23:03:09.189Z] [DEBUG] MongoDB connection closed
[2025-08-15T23:03:18.387Z] [INFO] Checking for scheduled reports...
[2025-08-15T23:03:18.959Z] [DEBUG] Connected to MongoDB
[2025-08-15T23:03:19.020Z] [INFO] Found 2 company databases
[2025-08-15T23:03:19.021Z] [DEBUG] Processing company database: company_ieebsmug
[2025-08-15T23:03:19.070Z] [DEBUG] Skipping company_ieebsmug: No scheduled reports collection found
[2025-08-15T23:03:19.071Z] [DEBUG] Processing company database: company_ry0iwbpw
[2025-08-15T23:03:19.121Z] [DEBUG] Finding reports to execute in company_ry0iwbpw (current time: 2025-08-15T23:03:19.121Z)
[2025-08-15T23:03:19.170Z] [INFO] Found 0 reports to execute in company_ry0iwbpw
[2025-08-15T23:03:19.171Z] [INFO] Scheduled reports check completed
[2025-08-15T23:03:19.173Z] [DEBUG] MongoDB connection closed
[2025-08-15T23:03:28.388Z] [INFO] Checking for scheduled reports...
[2025-08-15T23:03:28.968Z] [DEBUG] Connected to MongoDB
[2025-08-15T23:03:29.027Z] [INFO] Found 2 company databases
[2025-08-15T23:03:29.028Z] [DEBUG] Processing company database: company_ieebsmug
[2025-08-15T23:03:29.077Z] [DEBUG] Skipping company_ieebsmug: No scheduled reports collection found
[2025-08-15T23:03:29.078Z] [DEBUG] Processing company database: company_ry0iwbpw
[2025-08-15T23:03:29.128Z] [DEBUG] Finding reports to execute in company_ry0iwbpw (current time: 2025-08-15T23:03:29.128Z)
[2025-08-15T23:03:29.253Z] [INFO] Found 0 reports to execute in company_ry0iwbpw
[2025-08-15T23:03:29.254Z] [INFO] Scheduled reports check completed
[2025-08-15T23:03:29.256Z] [DEBUG] MongoDB connection closed
[2025-08-15T23:03:38.388Z] [INFO] Checking for scheduled reports...
[2025-08-15T23:03:38.967Z] [DEBUG] Connected to MongoDB
[2025-08-15T23:03:39.025Z] [INFO] Found 2 company databases
[2025-08-15T23:03:39.026Z] [DEBUG] Processing company database: company_ieebsmug
[2025-08-15T23:03:39.075Z] [DEBUG] Skipping company_ieebsmug: No scheduled reports collection found
[2025-08-15T23:03:39.076Z] [DEBUG] Processing company database: company_ry0iwbpw
[2025-08-15T23:03:39.127Z] [DEBUG] Finding reports to execute in company_ry0iwbpw (current time: 2025-08-15T23:03:39.127Z)
[2025-08-15T23:03:39.177Z] [INFO] Found 0 reports to execute in company_ry0iwbpw
[2025-08-15T23:03:39.178Z] [INFO] Scheduled reports check completed
[2025-08-15T23:03:39.180Z] [DEBUG] MongoDB connection closed
[2025-08-15T23:03:48.388Z] [INFO] Checking for scheduled reports...
[2025-08-15T23:03:49.087Z] [DEBUG] Connected to MongoDB
[2025-08-15T23:03:49.145Z] [INFO] Found 2 company databases
[2025-08-15T23:03:49.146Z] [DEBUG] Processing company database: company_ieebsmug
[2025-08-15T23:03:49.196Z] [DEBUG] Skipping company_ieebsmug: No scheduled reports collection found
[2025-08-15T23:03:49.197Z] [DEBUG] Processing company database: company_ry0iwbpw
[2025-08-15T23:03:49.247Z] [DEBUG] Finding reports to execute in company_ry0iwbpw (current time: 2025-08-15T23:03:49.247Z)
[2025-08-15T23:03:49.297Z] [INFO] Found 0 reports to execute in company_ry0iwbpw
[2025-08-15T23:03:49.297Z] [INFO] Scheduled reports check completed
[2025-08-15T23:03:49.300Z] [DEBUG] MongoDB connection closed
[2025-08-15T23:03:58.388Z] [INFO] Checking for scheduled reports...
[2025-08-15T23:03:59.049Z] [DEBUG] Connected to MongoDB
[2025-08-15T23:03:59.108Z] [INFO] Found 2 company databases
[2025-08-15T23:03:59.109Z] [DEBUG] Processing company database: company_ieebsmug
[2025-08-15T23:03:59.160Z] [DEBUG] Skipping company_ieebsmug: No scheduled reports collection found
[2025-08-15T23:03:59.161Z] [DEBUG] Processing company database: company_ry0iwbpw
[2025-08-15T23:03:59.212Z] [DEBUG] Finding reports to execute in company_ry0iwbpw (current time: 2025-08-15T23:03:59.212Z)
[2025-08-15T23:03:59.262Z] [INFO] Found 0 reports to execute in company_ry0iwbpw
[2025-08-15T23:03:59.263Z] [INFO] Scheduled reports check completed
[2025-08-15T23:03:59.266Z] [DEBUG] MongoDB connection closed
[2025-08-15T23:04:08.388Z] [INFO] Checking for scheduled reports...
[2025-08-15T23:04:08.960Z] [DEBUG] Connected to MongoDB
[2025-08-15T23:04:09.019Z] [INFO] Found 2 company databases
[2025-08-15T23:04:09.019Z] [DEBUG] Processing company database: company_ieebsmug
[2025-08-15T23:04:09.070Z] [DEBUG] Skipping company_ieebsmug: No scheduled reports collection found
[2025-08-15T23:04:09.070Z] [DEBUG] Processing company database: company_ry0iwbpw
[2025-08-15T23:04:09.121Z] [DEBUG] Finding reports to execute in company_ry0iwbpw (current time: 2025-08-15T23:04:09.121Z)
[2025-08-15T23:04:09.172Z] [INFO] Found 0 reports to execute in company_ry0iwbpw
[2025-08-15T23:04:09.172Z] [INFO] Scheduled reports check completed
[2025-08-15T23:04:09.174Z] [DEBUG] MongoDB connection closed
[2025-08-15T23:04:18.390Z] [INFO] Checking for scheduled reports...
[2025-08-15T23:04:18.976Z] [DEBUG] Connected to MongoDB
[2025-08-15T23:04:19.034Z] [INFO] Found 2 company databases
[2025-08-15T23:04:19.035Z] [DEBUG] Processing company database: company_ieebsmug
[2025-08-15T23:04:19.085Z] [DEBUG] Skipping company_ieebsmug: No scheduled reports collection found
[2025-08-15T23:04:19.085Z] [DEBUG] Processing company database: company_ry0iwbpw
[2025-08-15T23:04:19.136Z] [DEBUG] Finding reports to execute in company_ry0iwbpw (current time: 2025-08-15T23:04:19.136Z)
[2025-08-15T23:04:19.185Z] [INFO] Found 0 reports to execute in company_ry0iwbpw
[2025-08-15T23:04:19.186Z] [INFO] Scheduled reports check completed
[2025-08-15T23:04:19.188Z] [DEBUG] MongoDB connection closed
[2025-08-15T23:04:28.389Z] [INFO] Checking for scheduled reports...
[2025-08-15T23:04:28.965Z] [DEBUG] Connected to MongoDB
[2025-08-15T23:04:29.023Z] [INFO] Found 2 company databases
[2025-08-15T23:04:29.023Z] [DEBUG] Processing company database: company_ieebsmug
[2025-08-15T23:04:29.073Z] [DEBUG] Skipping company_ieebsmug: No scheduled reports collection found
[2025-08-15T23:04:29.074Z] [DEBUG] Processing company database: company_ry0iwbpw
[2025-08-15T23:04:29.124Z] [DEBUG] Finding reports to execute in company_ry0iwbpw (current time: 2025-08-15T23:04:29.124Z)
[2025-08-15T23:04:29.174Z] [INFO] Found 0 reports to execute in company_ry0iwbpw
[2025-08-15T23:04:29.175Z] [INFO] Scheduled reports check completed
[2025-08-15T23:04:29.177Z] [DEBUG] MongoDB connection closed
[2025-08-15T23:04:38.390Z] [INFO] Checking for scheduled reports...
[2025-08-15T23:04:38.969Z] [DEBUG] Connected to MongoDB
[2025-08-15T23:04:39.026Z] [INFO] Found 2 company databases
[2025-08-15T23:04:39.027Z] [DEBUG] Processing company database: company_ieebsmug
[2025-08-15T23:04:39.077Z] [DEBUG] Skipping company_ieebsmug: No scheduled reports collection found
[2025-08-15T23:04:39.077Z] [DEBUG] Processing company database: company_ry0iwbpw
[2025-08-15T23:04:39.128Z] [DEBUG] Finding reports to execute in company_ry0iwbpw (current time: 2025-08-15T23:04:39.128Z)
[2025-08-15T23:04:39.184Z] [INFO] Found 0 reports to execute in company_ry0iwbpw
[2025-08-15T23:04:39.185Z] [INFO] Scheduled reports check completed
[2025-08-15T23:04:39.187Z] [DEBUG] MongoDB connection closed
[2025-08-15T23:04:48.391Z] [INFO] Checking for scheduled reports...
[2025-08-15T23:04:48.964Z] [DEBUG] Connected to MongoDB
[2025-08-15T23:04:49.022Z] [INFO] Found 2 company databases
[2025-08-15T23:04:49.023Z] [DEBUG] Processing company database: company_ieebsmug
[2025-08-15T23:04:49.074Z] [DEBUG] Skipping company_ieebsmug: No scheduled reports collection found
[2025-08-15T23:04:49.075Z] [DEBUG] Processing company database: company_ry0iwbpw
[2025-08-15T23:04:49.124Z] [DEBUG] Finding reports to execute in company_ry0iwbpw (current time: 2025-08-15T23:04:49.124Z)
[2025-08-15T23:04:49.174Z] [INFO] Found 0 reports to execute in company_ry0iwbpw
[2025-08-15T23:04:49.175Z] [INFO] Scheduled reports check completed
[2025-08-15T23:04:49.177Z] [DEBUG] MongoDB connection closed
[2025-08-15T23:04:58.391Z] [INFO] Checking for scheduled reports...
[2025-08-15T23:04:59.047Z] [DEBUG] Connected to MongoDB
[2025-08-15T23:04:59.105Z] [INFO] Found 2 company databases
[2025-08-15T23:04:59.105Z] [DEBUG] Processing company database: company_ieebsmug
[2025-08-15T23:04:59.155Z] [DEBUG] Skipping company_ieebsmug: No scheduled reports collection found
[2025-08-15T23:04:59.156Z] [DEBUG] Processing company database: company_ry0iwbpw
[2025-08-15T23:04:59.205Z] [DEBUG] Finding reports to execute in company_ry0iwbpw (current time: 2025-08-15T23:04:59.205Z)
[2025-08-15T23:04:59.254Z] [INFO] Found 0 reports to execute in company_ry0iwbpw
[2025-08-15T23:04:59.255Z] [INFO] Scheduled reports check completed
[2025-08-15T23:04:59.256Z] [DEBUG] MongoDB connection closed
[2025-08-15T23:05:08.392Z] [INFO] Checking for scheduled reports...
[2025-08-15T23:05:09.073Z] [DEBUG] Connected to MongoDB
[2025-08-15T23:05:09.131Z] [INFO] Found 2 company databases
[2025-08-15T23:05:09.132Z] [DEBUG] Processing company database: company_ieebsmug
[2025-08-15T23:05:09.181Z] [DEBUG] Skipping company_ieebsmug: No scheduled reports collection found
[2025-08-15T23:05:09.181Z] [DEBUG] Processing company database: company_ry0iwbpw
[2025-08-15T23:05:09.230Z] [DEBUG] Finding reports to execute in company_ry0iwbpw (current time: 2025-08-15T23:05:09.230Z)
[2025-08-15T23:05:09.279Z] [INFO] Found 0 reports to execute in company_ry0iwbpw
[2025-08-15T23:05:09.279Z] [INFO] Scheduled reports check completed
[2025-08-15T23:05:09.281Z] [DEBUG] MongoDB connection closed
[2025-08-15T23:05:18.393Z] [INFO] Checking for scheduled reports...
[2025-08-15T23:05:18.965Z] [DEBUG] Connected to MongoDB
[2025-08-15T23:05:19.024Z] [INFO] Found 2 company databases
[2025-08-15T23:05:19.025Z] [DEBUG] Processing company database: company_ieebsmug
[2025-08-15T23:05:19.076Z] [DEBUG] Skipping company_ieebsmug: No scheduled reports collection found
[2025-08-15T23:05:19.077Z] [DEBUG] Processing company database: company_ry0iwbpw
[2025-08-15T23:05:19.141Z] [DEBUG] Finding reports to execute in company_ry0iwbpw (current time: 2025-08-15T23:05:19.141Z)
[2025-08-15T23:05:19.193Z] [INFO] Found 0 reports to execute in company_ry0iwbpw
[2025-08-15T23:05:19.194Z] [INFO] Scheduled reports check completed
[2025-08-15T23:05:19.196Z] [DEBUG] MongoDB connection closed
[2025-08-15T23:05:28.393Z] [INFO] Checking for scheduled reports...
[2025-08-15T23:05:28.978Z] [DEBUG] Connected to MongoDB
[2025-08-15T23:05:29.036Z] [INFO] Found 2 company databases
[2025-08-15T23:05:29.037Z] [DEBUG] Processing company database: company_ieebsmug
[2025-08-15T23:05:29.089Z] [DEBUG] Skipping company_ieebsmug: No scheduled reports collection found
[2025-08-15T23:05:29.090Z] [DEBUG] Processing company database: company_ry0iwbpw
[2025-08-15T23:05:29.140Z] [DEBUG] Finding reports to execute in company_ry0iwbpw (current time: 2025-08-15T23:05:29.140Z)
[2025-08-15T23:05:29.190Z] [INFO] Found 0 reports to execute in company_ry0iwbpw
[2025-08-15T23:05:29.191Z] [INFO] Scheduled reports check completed
[2025-08-15T23:05:29.192Z] [DEBUG] MongoDB connection closed
[2025-08-15T23:05:38.394Z] [INFO] Checking for scheduled reports...
[2025-08-15T23:05:38.967Z] [DEBUG] Connected to MongoDB
[2025-08-15T23:05:39.026Z] [INFO] Found 2 company databases
[2025-08-15T23:05:39.027Z] [DEBUG] Processing company database: company_ieebsmug
[2025-08-15T23:05:39.077Z] [DEBUG] Skipping company_ieebsmug: No scheduled reports collection found
[2025-08-15T23:05:39.078Z] [DEBUG] Processing company database: company_ry0iwbpw
[2025-08-15T23:05:39.128Z] [DEBUG] Finding reports to execute in company_ry0iwbpw (current time: 2025-08-15T23:05:39.128Z)
[2025-08-15T23:05:39.178Z] [INFO] Found 0 reports to execute in company_ry0iwbpw
[2025-08-15T23:05:39.178Z] [INFO] Scheduled reports check completed
[2025-08-15T23:05:39.180Z] [DEBUG] MongoDB connection closed
[2025-08-15T23:05:48.394Z] [INFO] Checking for scheduled reports...
[2025-08-15T23:05:49.033Z] [DEBUG] Connected to MongoDB
[2025-08-15T23:05:49.092Z] [INFO] Found 2 company databases
[2025-08-15T23:05:49.093Z] [DEBUG] Processing company database: company_ieebsmug
[2025-08-15T23:05:49.142Z] [DEBUG] Skipping company_ieebsmug: No scheduled reports collection found
[2025-08-15T23:05:49.143Z] [DEBUG] Processing company database: company_ry0iwbpw
[2025-08-15T23:05:49.193Z] [DEBUG] Finding reports to execute in company_ry0iwbpw (current time: 2025-08-15T23:05:49.193Z)
[2025-08-15T23:05:49.243Z] [INFO] Found 0 reports to execute in company_ry0iwbpw
[2025-08-15T23:05:49.244Z] [INFO] Scheduled reports check completed
[2025-08-15T23:05:49.246Z] [DEBUG] MongoDB connection closed
[2025-08-15T23:05:58.395Z] [INFO] Checking for scheduled reports...
[2025-08-15T23:05:59.056Z] [DEBUG] Connected to MongoDB
[2025-08-15T23:05:59.119Z] [INFO] Found 2 company databases
[2025-08-15T23:05:59.119Z] [DEBUG] Processing company database: company_ieebsmug
[2025-08-15T23:05:59.169Z] [DEBUG] Skipping company_ieebsmug: No scheduled reports collection found
[2025-08-15T23:05:59.170Z] [DEBUG] Processing company database: company_ry0iwbpw
[2025-08-15T23:05:59.221Z] [DEBUG] Finding reports to execute in company_ry0iwbpw (current time: 2025-08-15T23:05:59.221Z)
[2025-08-15T23:05:59.272Z] [INFO] Found 0 reports to execute in company_ry0iwbpw
[2025-08-15T23:05:59.273Z] [INFO] Scheduled reports check completed
[2025-08-15T23:05:59.275Z] [DEBUG] MongoDB connection closed
[2025-08-15T23:06:08.396Z] [INFO] Checking for scheduled reports...
[2025-08-15T23:06:08.967Z] [DEBUG] Connected to MongoDB
[2025-08-15T23:06:09.031Z] [INFO] Found 2 company databases
[2025-08-15T23:06:09.031Z] [DEBUG] Processing company database: company_ieebsmug
[2025-08-15T23:06:09.080Z] [DEBUG] Skipping company_ieebsmug: No scheduled reports collection found
[2025-08-15T23:06:09.080Z] [DEBUG] Processing company database: company_ry0iwbpw
[2025-08-15T23:06:09.130Z] [DEBUG] Finding reports to execute in company_ry0iwbpw (current time: 2025-08-15T23:06:09.130Z)
[2025-08-15T23:06:09.180Z] [INFO] Found 0 reports to execute in company_ry0iwbpw
[2025-08-15T23:06:09.181Z] [INFO] Scheduled reports check completed
[2025-08-15T23:06:09.183Z] [DEBUG] MongoDB connection closed
[2025-08-15T23:06:18.397Z] [INFO] Checking for scheduled reports...
[2025-08-15T23:06:18.988Z] [DEBUG] Connected to MongoDB
[2025-08-15T23:06:19.045Z] [INFO] Found 2 company databases
[2025-08-15T23:06:19.045Z] [DEBUG] Processing company database: company_ieebsmug
[2025-08-15T23:06:19.094Z] [DEBUG] Skipping company_ieebsmug: No scheduled reports collection found
[2025-08-15T23:06:19.095Z] [DEBUG] Processing company database: company_ry0iwbpw
[2025-08-15T23:06:19.142Z] [DEBUG] Finding reports to execute in company_ry0iwbpw (current time: 2025-08-15T23:06:19.142Z)
[2025-08-15T23:06:19.191Z] [INFO] Found 0 reports to execute in company_ry0iwbpw
[2025-08-15T23:06:19.192Z] [INFO] Scheduled reports check completed
[2025-08-15T23:06:19.193Z] [DEBUG] MongoDB connection closed
[2025-08-15T23:06:28.397Z] [INFO] Checking for scheduled reports...
[2025-08-15T23:06:29.167Z] [DEBUG] Connected to MongoDB
[2025-08-15T23:06:29.225Z] [INFO] Found 2 company databases
[2025-08-15T23:06:29.226Z] [DEBUG] Processing company database: company_ieebsmug
[2025-08-15T23:06:29.275Z] [DEBUG] Skipping company_ieebsmug: No scheduled reports collection found
[2025-08-15T23:06:29.276Z] [DEBUG] Processing company database: company_ry0iwbpw
[2025-08-15T23:06:29.326Z] [DEBUG] Finding reports to execute in company_ry0iwbpw (current time: 2025-08-15T23:06:29.326Z)
[2025-08-15T23:06:29.376Z] [INFO] Found 0 reports to execute in company_ry0iwbpw
[2025-08-15T23:06:29.377Z] [INFO] Scheduled reports check completed
[2025-08-15T23:06:29.379Z] [DEBUG] MongoDB connection closed
[2025-08-15T23:06:38.399Z] [INFO] Checking for scheduled reports...
[2025-08-15T23:06:38.982Z] [DEBUG] Connected to MongoDB
[2025-08-15T23:06:39.041Z] [INFO] Found 2 company databases
[2025-08-15T23:06:39.041Z] [DEBUG] Processing company database: company_ieebsmug
[2025-08-15T23:06:39.091Z] [DEBUG] Skipping company_ieebsmug: No scheduled reports collection found
[2025-08-15T23:06:39.091Z] [DEBUG] Processing company database: company_ry0iwbpw
[2025-08-15T23:06:39.142Z] [DEBUG] Finding reports to execute in company_ry0iwbpw (current time: 2025-08-15T23:06:39.142Z)
[2025-08-15T23:06:39.192Z] [INFO] Found 0 reports to execute in company_ry0iwbpw
[2025-08-15T23:06:39.192Z] [INFO] Scheduled reports check completed
[2025-08-15T23:06:39.195Z] [DEBUG] MongoDB connection closed
[2025-08-15T23:06:48.399Z] [INFO] Checking for scheduled reports...
[2025-08-15T23:06:48.968Z] [DEBUG] Connected to MongoDB
[2025-08-15T23:06:49.027Z] [INFO] Found 2 company databases
[2025-08-15T23:06:49.027Z] [DEBUG] Processing company database: company_ieebsmug
[2025-08-15T23:06:49.077Z] [DEBUG] Skipping company_ieebsmug: No scheduled reports collection found
[2025-08-15T23:06:49.077Z] [DEBUG] Processing company database: company_ry0iwbpw
[2025-08-15T23:06:49.128Z] [DEBUG] Finding reports to execute in company_ry0iwbpw (current time: 2025-08-15T23:06:49.128Z)
[2025-08-15T23:06:49.177Z] [INFO] Found 0 reports to execute in company_ry0iwbpw
[2025-08-15T23:06:49.178Z] [INFO] Scheduled reports check completed
[2025-08-15T23:06:49.179Z] [DEBUG] MongoDB connection closed
[2025-08-15T23:06:58.400Z] [INFO] Checking for scheduled reports...
[2025-08-15T23:06:59.058Z] [DEBUG] Connected to MongoDB
[2025-08-15T23:06:59.115Z] [INFO] Found 2 company databases
[2025-08-15T23:06:59.116Z] [DEBUG] Processing company database: company_ieebsmug
[2025-08-15T23:06:59.166Z] [DEBUG] Skipping company_ieebsmug: No scheduled reports collection found
[2025-08-15T23:06:59.167Z] [DEBUG] Processing company database: company_ry0iwbpw
[2025-08-15T23:06:59.221Z] [DEBUG] Finding reports to execute in company_ry0iwbpw (current time: 2025-08-15T23:06:59.221Z)
[2025-08-15T23:06:59.272Z] [INFO] Found 0 reports to execute in company_ry0iwbpw
[2025-08-15T23:06:59.273Z] [INFO] Scheduled reports check completed
[2025-08-15T23:06:59.274Z] [DEBUG] MongoDB connection closed
[2025-08-15T23:07:08.401Z] [INFO] Checking for scheduled reports...
[2025-08-15T23:07:08.987Z] [DEBUG] Connected to MongoDB
[2025-08-15T23:07:09.044Z] [INFO] Found 2 company databases
[2025-08-15T23:07:09.045Z] [DEBUG] Processing company database: company_ieebsmug
[2025-08-15T23:07:09.094Z] [DEBUG] Skipping company_ieebsmug: No scheduled reports collection found
[2025-08-15T23:07:09.095Z] [DEBUG] Processing company database: company_ry0iwbpw
[2025-08-15T23:07:09.144Z] [DEBUG] Finding reports to execute in company_ry0iwbpw (current time: 2025-08-15T23:07:09.144Z)
[2025-08-15T23:07:09.194Z] [INFO] Found 0 reports to execute in company_ry0iwbpw
[2025-08-15T23:07:09.194Z] [INFO] Scheduled reports check completed
[2025-08-15T23:07:09.196Z] [DEBUG] MongoDB connection closed
[2025-08-15T23:07:18.402Z] [INFO] Checking for scheduled reports...
[2025-08-15T23:07:18.986Z] [DEBUG] Connected to MongoDB
[2025-08-15T23:07:19.044Z] [INFO] Found 2 company databases
[2025-08-15T23:07:19.045Z] [DEBUG] Processing company database: company_ieebsmug
[2025-08-15T23:07:19.101Z] [DEBUG] Skipping company_ieebsmug: No scheduled reports collection found
[2025-08-15T23:07:19.102Z] [DEBUG] Processing company database: company_ry0iwbpw
[2025-08-15T23:07:19.153Z] [DEBUG] Finding reports to execute in company_ry0iwbpw (current time: 2025-08-15T23:07:19.153Z)
[2025-08-15T23:07:19.203Z] [INFO] Found 0 reports to execute in company_ry0iwbpw
[2025-08-15T23:07:19.204Z] [INFO] Scheduled reports check completed
[2025-08-15T23:07:19.206Z] [DEBUG] MongoDB connection closed
[2025-08-15T23:07:28.403Z] [INFO] Checking for scheduled reports...
[2025-08-15T23:07:28.983Z] [DEBUG] Connected to MongoDB
[2025-08-15T23:07:29.055Z] [INFO] Found 2 company databases
[2025-08-15T23:07:29.056Z] [DEBUG] Processing company database: company_ieebsmug
[2025-08-15T23:07:29.105Z] [DEBUG] Skipping company_ieebsmug: No scheduled reports collection found
[2025-08-15T23:07:29.106Z] [DEBUG] Processing company database: company_ry0iwbpw
[2025-08-15T23:07:29.157Z] [DEBUG] Finding reports to execute in company_ry0iwbpw (current time: 2025-08-15T23:07:29.157Z)
[2025-08-15T23:07:29.208Z] [INFO] Found 0 reports to execute in company_ry0iwbpw
[2025-08-15T23:07:29.209Z] [INFO] Scheduled reports check completed
[2025-08-15T23:07:29.212Z] [DEBUG] MongoDB connection closed
[2025-08-15T23:07:38.403Z] [INFO] Checking for scheduled reports...
[2025-08-15T23:07:38.968Z] [DEBUG] Connected to MongoDB
[2025-08-15T23:07:39.026Z] [INFO] Found 2 company databases
[2025-08-15T23:07:39.027Z] [DEBUG] Processing company database: company_ieebsmug
[2025-08-15T23:07:39.075Z] [DEBUG] Skipping company_ieebsmug: No scheduled reports collection found
[2025-08-15T23:07:39.075Z] [DEBUG] Processing company database: company_ry0iwbpw
[2025-08-15T23:07:39.124Z] [DEBUG] Finding reports to execute in company_ry0iwbpw (current time: 2025-08-15T23:07:39.124Z)
[2025-08-15T23:07:39.172Z] [INFO] Found 0 reports to execute in company_ry0iwbpw
[2025-08-15T23:07:39.173Z] [INFO] Scheduled reports check completed
[2025-08-15T23:07:39.173Z] [DEBUG] MongoDB connection closed
[2025-08-15T23:07:48.404Z] [INFO] Checking for scheduled reports...
[2025-08-15T23:07:49.080Z] [DEBUG] Connected to MongoDB
[2025-08-15T23:07:49.138Z] [INFO] Found 2 company databases
[2025-08-15T23:07:49.138Z] [DEBUG] Processing company database: company_ieebsmug
[2025-08-15T23:07:49.188Z] [DEBUG] Skipping company_ieebsmug: No scheduled reports collection found
[2025-08-15T23:07:49.188Z] [DEBUG] Processing company database: company_ry0iwbpw
[2025-08-15T23:07:49.237Z] [DEBUG] Finding reports to execute in company_ry0iwbpw (current time: 2025-08-15T23:07:49.237Z)
[2025-08-15T23:07:49.286Z] [INFO] Found 0 reports to execute in company_ry0iwbpw
[2025-08-15T23:07:49.286Z] [INFO] Scheduled reports check completed
[2025-08-15T23:07:49.287Z] [DEBUG] MongoDB connection closed
[2025-08-15T23:07:58.405Z] [INFO] Checking for scheduled reports...
[2025-08-15T23:07:59.081Z] [DEBUG] Connected to MongoDB
[2025-08-15T23:07:59.144Z] [INFO] Found 2 company databases
[2025-08-15T23:07:59.144Z] [DEBUG] Processing company database: company_ieebsmug
[2025-08-15T23:07:59.193Z] [DEBUG] Skipping company_ieebsmug: No scheduled reports collection found
[2025-08-15T23:07:59.194Z] [DEBUG] Processing company database: company_ry0iwbpw
[2025-08-15T23:07:59.245Z] [DEBUG] Finding reports to execute in company_ry0iwbpw (current time: 2025-08-15T23:07:59.245Z)
[2025-08-15T23:07:59.295Z] [INFO] Found 0 reports to execute in company_ry0iwbpw
[2025-08-15T23:07:59.296Z] [INFO] Scheduled reports check completed
[2025-08-15T23:07:59.298Z] [DEBUG] MongoDB connection closed
[2025-08-15T23:08:08.406Z] [INFO] Checking for scheduled reports...
[2025-08-15T23:08:08.984Z] [DEBUG] Connected to MongoDB
[2025-08-15T23:08:09.042Z] [INFO] Found 2 company databases
[2025-08-15T23:08:09.042Z] [DEBUG] Processing company database: company_ieebsmug
[2025-08-15T23:08:09.092Z] [DEBUG] Skipping company_ieebsmug: No scheduled reports collection found
[2025-08-15T23:08:09.092Z] [DEBUG] Processing company database: company_ry0iwbpw
[2025-08-15T23:08:09.143Z] [DEBUG] Finding reports to execute in company_ry0iwbpw (current time: 2025-08-15T23:08:09.142Z)
[2025-08-15T23:08:09.198Z] [INFO] Found 0 reports to execute in company_ry0iwbpw
[2025-08-15T23:08:09.199Z] [INFO] Scheduled reports check completed
[2025-08-15T23:08:09.201Z] [DEBUG] MongoDB connection closed
[2025-08-15T23:08:18.407Z] [INFO] Checking for scheduled reports...
[2025-08-15T23:08:18.963Z] [DEBUG] Connected to MongoDB
[2025-08-15T23:08:19.020Z] [INFO] Found 2 company databases
[2025-08-15T23:08:19.020Z] [DEBUG] Processing company database: company_ieebsmug
[2025-08-15T23:08:19.074Z] [DEBUG] Skipping company_ieebsmug: No scheduled reports collection found
[2025-08-15T23:08:19.074Z] [DEBUG] Processing company database: company_ry0iwbpw
[2025-08-15T23:08:19.122Z] [DEBUG] Finding reports to execute in company_ry0iwbpw (current time: 2025-08-15T23:08:19.122Z)
[2025-08-15T23:08:19.170Z] [INFO] Found 0 reports to execute in company_ry0iwbpw
[2025-08-15T23:08:19.170Z] [INFO] Scheduled reports check completed
[2025-08-15T23:08:19.170Z] [DEBUG] MongoDB connection closed
[2025-08-15T23:08:28.409Z] [INFO] Checking for scheduled reports...
[2025-08-15T23:08:28.964Z] [DEBUG] Connected to MongoDB
[2025-08-15T23:08:29.030Z] [INFO] Found 2 company databases
[2025-08-15T23:08:29.030Z] [DEBUG] Processing company database: company_ieebsmug
[2025-08-15T23:08:29.079Z] [DEBUG] Skipping company_ieebsmug: No scheduled reports collection found
[2025-08-15T23:08:29.079Z] [DEBUG] Processing company database: company_ry0iwbpw
[2025-08-15T23:08:29.127Z] [DEBUG] Finding reports to execute in company_ry0iwbpw (current time: 2025-08-15T23:08:29.127Z)
[2025-08-15T23:08:29.176Z] [INFO] Found 0 reports to execute in company_ry0iwbpw
[2025-08-15T23:08:29.176Z] [INFO] Scheduled reports check completed
[2025-08-15T23:08:29.178Z] [DEBUG] MongoDB connection closed
[2025-08-15T23:08:38.409Z] [INFO] Checking for scheduled reports...
[2025-08-15T23:08:38.987Z] [DEBUG] Connected to MongoDB
[2025-08-15T23:08:39.044Z] [INFO] Found 2 company databases
[2025-08-15T23:08:39.044Z] [DEBUG] Processing company database: company_ieebsmug
[2025-08-15T23:08:39.094Z] [DEBUG] Skipping company_ieebsmug: No scheduled reports collection found
[2025-08-15T23:08:39.095Z] [DEBUG] Processing company database: company_ry0iwbpw
[2025-08-15T23:08:39.147Z] [DEBUG] Finding reports to execute in company_ry0iwbpw (current time: 2025-08-15T23:08:39.147Z)
[2025-08-15T23:08:39.197Z] [INFO] Found 0 reports to execute in company_ry0iwbpw
[2025-08-15T23:08:39.197Z] [INFO] Scheduled reports check completed
[2025-08-15T23:08:39.200Z] [DEBUG] MongoDB connection closed
[2025-08-15T23:08:48.410Z] [INFO] Checking for scheduled reports...
[2025-08-15T23:08:48.980Z] [DEBUG] Connected to MongoDB
[2025-08-15T23:08:49.038Z] [INFO] Found 2 company databases
[2025-08-15T23:08:49.038Z] [DEBUG] Processing company database: company_ieebsmug
[2025-08-15T23:08:49.086Z] [DEBUG] Skipping company_ieebsmug: No scheduled reports collection found
[2025-08-15T23:08:49.086Z] [DEBUG] Processing company database: company_ry0iwbpw
[2025-08-15T23:08:49.134Z] [DEBUG] Finding reports to execute in company_ry0iwbpw (current time: 2025-08-15T23:08:49.134Z)
[2025-08-15T23:08:49.183Z] [INFO] Found 0 reports to execute in company_ry0iwbpw
[2025-08-15T23:08:49.183Z] [INFO] Scheduled reports check completed
[2025-08-15T23:08:49.183Z] [DEBUG] MongoDB connection closed
[2025-08-15T23:08:58.411Z] [INFO] Checking for scheduled reports...
[2025-08-15T23:08:58.970Z] [DEBUG] Connected to MongoDB
[2025-08-15T23:08:59.035Z] [INFO] Found 2 company databases
[2025-08-15T23:08:59.036Z] [DEBUG] Processing company database: company_ieebsmug
[2025-08-15T23:08:59.084Z] [DEBUG] Skipping company_ieebsmug: No scheduled reports collection found
[2025-08-15T23:08:59.084Z] [DEBUG] Processing company database: company_ry0iwbpw
[2025-08-15T23:08:59.134Z] [DEBUG] Finding reports to execute in company_ry0iwbpw (current time: 2025-08-15T23:08:59.134Z)
[2025-08-15T23:08:59.182Z] [INFO] Found 0 reports to execute in company_ry0iwbpw
[2025-08-15T23:08:59.182Z] [INFO] Scheduled reports check completed
[2025-08-15T23:08:59.183Z] [DEBUG] MongoDB connection closed
[2025-08-15T23:09:08.411Z] [INFO] Checking for scheduled reports...
[2025-08-15T23:09:09.209Z] [DEBUG] Connected to MongoDB
[2025-08-15T23:09:09.267Z] [INFO] Found 2 company databases
[2025-08-15T23:09:09.268Z] [DEBUG] Processing company database: company_ieebsmug
[2025-08-15T23:09:09.317Z] [DEBUG] Skipping company_ieebsmug: No scheduled reports collection found
[2025-08-15T23:09:09.317Z] [DEBUG] Processing company database: company_ry0iwbpw
[2025-08-15T23:09:09.368Z] [DEBUG] Finding reports to execute in company_ry0iwbpw (current time: 2025-08-15T23:09:09.368Z)
[2025-08-15T23:09:09.418Z] [INFO] Found 0 reports to execute in company_ry0iwbpw
[2025-08-15T23:09:09.419Z] [INFO] Scheduled reports check completed
[2025-08-15T23:09:09.422Z] [DEBUG] MongoDB connection closed
[2025-08-15T23:09:18.413Z] [INFO] Checking for scheduled reports...
[2025-08-15T23:09:18.984Z] [DEBUG] Connected to MongoDB
[2025-08-15T23:09:19.041Z] [INFO] Found 2 company databases
[2025-08-15T23:09:19.041Z] [DEBUG] Processing company database: company_ieebsmug
[2025-08-15T23:09:19.090Z] [DEBUG] Skipping company_ieebsmug: No scheduled reports collection found
[2025-08-15T23:09:19.091Z] [DEBUG] Processing company database: company_ry0iwbpw
[2025-08-15T23:09:19.139Z] [DEBUG] Finding reports to execute in company_ry0iwbpw (current time: 2025-08-15T23:09:19.139Z)
[2025-08-15T23:09:19.188Z] [INFO] Found 0 reports to execute in company_ry0iwbpw
[2025-08-15T23:09:19.189Z] [INFO] Scheduled reports check completed
[2025-08-15T23:09:19.190Z] [DEBUG] MongoDB connection closed
[2025-08-15T23:09:28.414Z] [INFO] Checking for scheduled reports...
[2025-08-15T23:09:28.980Z] [DEBUG] Connected to MongoDB
[2025-08-15T23:09:29.039Z] [INFO] Found 2 company databases
[2025-08-15T23:09:29.039Z] [DEBUG] Processing company database: company_ieebsmug
[2025-08-15T23:09:29.089Z] [DEBUG] Skipping company_ieebsmug: No scheduled reports collection found
[2025-08-15T23:09:29.089Z] [DEBUG] Processing company database: company_ry0iwbpw
[2025-08-15T23:09:29.139Z] [DEBUG] Finding reports to execute in company_ry0iwbpw (current time: 2025-08-15T23:09:29.139Z)
[2025-08-15T23:09:29.188Z] [INFO] Found 0 reports to execute in company_ry0iwbpw
[2025-08-15T23:09:29.189Z] [INFO] Scheduled reports check completed
[2025-08-15T23:09:29.190Z] [DEBUG] MongoDB connection closed
[2025-08-15T23:09:38.415Z] [INFO] Checking for scheduled reports...
[2025-08-15T23:09:38.981Z] [DEBUG] Connected to MongoDB
[2025-08-15T23:09:39.040Z] [INFO] Found 2 company databases
[2025-08-15T23:09:39.040Z] [DEBUG] Processing company database: company_ieebsmug
[2025-08-15T23:09:39.092Z] [DEBUG] Skipping company_ieebsmug: No scheduled reports collection found
[2025-08-15T23:09:39.093Z] [DEBUG] Processing company database: company_ry0iwbpw
[2025-08-15T23:09:39.143Z] [DEBUG] Finding reports to execute in company_ry0iwbpw (current time: 2025-08-15T23:09:39.143Z)
[2025-08-15T23:09:39.194Z] [INFO] Found 0 reports to execute in company_ry0iwbpw
[2025-08-15T23:09:39.195Z] [INFO] Scheduled reports check completed
[2025-08-15T23:09:39.197Z] [DEBUG] MongoDB connection closed
[2025-08-15T23:09:48.416Z] [INFO] Checking for scheduled reports...
[2025-08-15T23:09:48.976Z] [DEBUG] Connected to MongoDB
[2025-08-15T23:09:49.032Z] [INFO] Found 2 company databases
[2025-08-15T23:09:49.033Z] [DEBUG] Processing company database: company_ieebsmug
[2025-08-15T23:09:49.081Z] [DEBUG] Skipping company_ieebsmug: No scheduled reports collection found
[2025-08-15T23:09:49.081Z] [DEBUG] Processing company database: company_ry0iwbpw
[2025-08-15T23:09:49.129Z] [DEBUG] Finding reports to execute in company_ry0iwbpw (current time: 2025-08-15T23:09:49.129Z)
[2025-08-15T23:09:49.177Z] [INFO] Found 0 reports to execute in company_ry0iwbpw
[2025-08-15T23:09:49.178Z] [INFO] Scheduled reports check completed
[2025-08-15T23:09:49.178Z] [DEBUG] MongoDB connection closed
[2025-08-15T23:09:58.416Z] [INFO] Checking for scheduled reports...
[2025-08-15T23:09:59.113Z] [DEBUG] Connected to MongoDB
[2025-08-15T23:09:59.170Z] [INFO] Found 2 company databases
[2025-08-15T23:09:59.171Z] [DEBUG] Processing company database: company_ieebsmug
[2025-08-15T23:09:59.221Z] [DEBUG] Skipping company_ieebsmug: No scheduled reports collection found
[2025-08-15T23:09:59.221Z] [DEBUG] Processing company database: company_ry0iwbpw
[2025-08-15T23:09:59.271Z] [DEBUG] Finding reports to execute in company_ry0iwbpw (current time: 2025-08-15T23:09:59.271Z)
[2025-08-15T23:09:59.321Z] [INFO] Found 0 reports to execute in company_ry0iwbpw
[2025-08-15T23:09:59.322Z] [INFO] Scheduled reports check completed
[2025-08-15T23:09:59.324Z] [DEBUG] MongoDB connection closed
[2025-08-15T23:10:08.418Z] [INFO] Checking for scheduled reports...
[2025-08-15T23:10:08.999Z] [DEBUG] Connected to MongoDB
[2025-08-15T23:10:09.058Z] [INFO] Found 2 company databases
[2025-08-15T23:10:09.059Z] [DEBUG] Processing company database: company_ieebsmug
[2025-08-15T23:10:09.108Z] [DEBUG] Skipping company_ieebsmug: No scheduled reports collection found
[2025-08-15T23:10:09.108Z] [DEBUG] Processing company database: company_ry0iwbpw
[2025-08-15T23:10:09.158Z] [DEBUG] Finding reports to execute in company_ry0iwbpw (current time: 2025-08-15T23:10:09.158Z)
[2025-08-15T23:10:09.207Z] [INFO] Found 0 reports to execute in company_ry0iwbpw
[2025-08-15T23:10:09.207Z] [INFO] Scheduled reports check completed
[2025-08-15T23:10:09.209Z] [DEBUG] MongoDB connection closed
[2025-08-15T23:10:18.418Z] [INFO] Checking for scheduled reports...
[2025-08-15T23:10:19.000Z] [DEBUG] Connected to MongoDB
[2025-08-15T23:10:19.058Z] [INFO] Found 2 company databases
[2025-08-15T23:10:19.058Z] [DEBUG] Processing company database: company_ieebsmug
[2025-08-15T23:10:19.108Z] [DEBUG] Skipping company_ieebsmug: No scheduled reports collection found
[2025-08-15T23:10:19.109Z] [DEBUG] Processing company database: company_ry0iwbpw
[2025-08-15T23:10:19.160Z] [DEBUG] Finding reports to execute in company_ry0iwbpw (current time: 2025-08-15T23:10:19.159Z)
[2025-08-15T23:10:19.210Z] [INFO] Found 0 reports to execute in company_ry0iwbpw
[2025-08-15T23:10:19.211Z] [INFO] Scheduled reports check completed
[2025-08-15T23:10:19.213Z] [DEBUG] MongoDB connection closed
[2025-08-15T23:10:28.420Z] [INFO] Checking for scheduled reports...
[2025-08-15T23:10:29.220Z] [DEBUG] Connected to MongoDB
[2025-08-15T23:10:29.278Z] [INFO] Found 2 company databases
[2025-08-15T23:10:29.279Z] [DEBUG] Processing company database: company_ieebsmug
[2025-08-15T23:10:29.328Z] [DEBUG] Skipping company_ieebsmug: No scheduled reports collection found
[2025-08-15T23:10:29.328Z] [DEBUG] Processing company database: company_ry0iwbpw
[2025-08-15T23:10:29.378Z] [DEBUG] Finding reports to execute in company_ry0iwbpw (current time: 2025-08-15T23:10:29.378Z)
[2025-08-15T23:10:29.426Z] [INFO] Found 0 reports to execute in company_ry0iwbpw
[2025-08-15T23:10:29.426Z] [INFO] Scheduled reports check completed
[2025-08-15T23:10:29.427Z] [DEBUG] MongoDB connection closed
[2025-08-15T23:10:38.421Z] [INFO] Checking for scheduled reports...
[2025-08-15T23:10:38.998Z] [DEBUG] Connected to MongoDB
[2025-08-15T23:10:39.056Z] [INFO] Found 2 company databases
[2025-08-15T23:10:39.056Z] [DEBUG] Processing company database: company_ieebsmug
[2025-08-15T23:10:39.106Z] [DEBUG] Skipping company_ieebsmug: No scheduled reports collection found
[2025-08-15T23:10:39.107Z] [DEBUG] Processing company database: company_ry0iwbpw
[2025-08-15T23:10:39.158Z] [DEBUG] Finding reports to execute in company_ry0iwbpw (current time: 2025-08-15T23:10:39.158Z)
[2025-08-15T23:10:39.207Z] [INFO] Found 0 reports to execute in company_ry0iwbpw
[2025-08-15T23:10:39.207Z] [INFO] Scheduled reports check completed
[2025-08-15T23:10:39.209Z] [DEBUG] MongoDB connection closed
[2025-08-15T23:10:48.422Z] [INFO] Checking for scheduled reports...
[2025-08-15T23:10:49.002Z] [DEBUG] Connected to MongoDB
[2025-08-15T23:10:49.059Z] [INFO] Found 2 company databases
[2025-08-15T23:10:49.059Z] [DEBUG] Processing company database: company_ieebsmug
[2025-08-15T23:10:49.108Z] [DEBUG] Skipping company_ieebsmug: No scheduled reports collection found
[2025-08-15T23:10:49.108Z] [DEBUG] Processing company database: company_ry0iwbpw
[2025-08-15T23:10:49.156Z] [DEBUG] Finding reports to execute in company_ry0iwbpw (current time: 2025-08-15T23:10:49.156Z)
[2025-08-15T23:10:49.204Z] [INFO] Found 0 reports to execute in company_ry0iwbpw
[2025-08-15T23:10:49.204Z] [INFO] Scheduled reports check completed
[2025-08-15T23:10:49.205Z] [DEBUG] MongoDB connection closed
[2025-08-15T23:10:58.423Z] [INFO] Checking for scheduled reports...
[2025-08-15T23:10:59.114Z] [DEBUG] Connected to MongoDB
[2025-08-15T23:10:59.187Z] [INFO] Found 2 company databases
[2025-08-15T23:10:59.188Z] [DEBUG] Processing company database: company_ieebsmug
[2025-08-15T23:10:59.237Z] [DEBUG] Skipping company_ieebsmug: No scheduled reports collection found
[2025-08-15T23:10:59.238Z] [DEBUG] Processing company database: company_ry0iwbpw
[2025-08-15T23:10:59.287Z] [DEBUG] Finding reports to execute in company_ry0iwbpw (current time: 2025-08-15T23:10:59.287Z)
[2025-08-15T23:10:59.336Z] [INFO] Found 0 reports to execute in company_ry0iwbpw
[2025-08-15T23:10:59.337Z] [INFO] Scheduled reports check completed
[2025-08-15T23:10:59.339Z] [DEBUG] MongoDB connection closed
[2025-08-15T23:11:08.424Z] [INFO] Checking for scheduled reports...
[2025-08-15T23:11:09.019Z] [DEBUG] Connected to MongoDB
[2025-08-15T23:11:09.092Z] [INFO] Found 2 company databases
[2025-08-15T23:11:09.093Z] [DEBUG] Processing company database: company_ieebsmug
[2025-08-15T23:11:09.141Z] [DEBUG] Skipping company_ieebsmug: No scheduled reports collection found
[2025-08-15T23:11:09.141Z] [DEBUG] Processing company database: company_ry0iwbpw
[2025-08-15T23:11:09.191Z] [DEBUG] Finding reports to execute in company_ry0iwbpw (current time: 2025-08-15T23:11:09.191Z)
[2025-08-15T23:11:09.242Z] [INFO] Found 0 reports to execute in company_ry0iwbpw
[2025-08-15T23:11:09.242Z] [INFO] Scheduled reports check completed
[2025-08-15T23:11:09.245Z] [DEBUG] MongoDB connection closed
[2025-08-15T23:11:18.425Z] [INFO] Checking for scheduled reports...
[2025-08-15T23:11:19.013Z] [DEBUG] Connected to MongoDB
[2025-08-15T23:11:19.071Z] [INFO] Found 2 company databases
[2025-08-15T23:11:19.072Z] [DEBUG] Processing company database: company_ieebsmug
[2025-08-15T23:11:19.121Z] [DEBUG] Skipping company_ieebsmug: No scheduled reports collection found
[2025-08-15T23:11:19.122Z] [DEBUG] Processing company database: company_ry0iwbpw
[2025-08-15T23:11:19.172Z] [DEBUG] Finding reports to execute in company_ry0iwbpw (current time: 2025-08-15T23:11:19.172Z)
[2025-08-15T23:11:19.221Z] [INFO] Found 0 reports to execute in company_ry0iwbpw
[2025-08-15T23:11:19.222Z] [INFO] Scheduled reports check completed
[2025-08-15T23:11:19.223Z] [DEBUG] MongoDB connection closed
[2025-08-15T23:11:28.426Z] [INFO] Checking for scheduled reports...
[2025-08-15T23:11:29.015Z] [DEBUG] Connected to MongoDB
[2025-08-15T23:11:29.076Z] [INFO] Found 2 company databases
[2025-08-15T23:11:29.077Z] [DEBUG] Processing company database: company_ieebsmug
[2025-08-15T23:11:29.126Z] [DEBUG] Skipping company_ieebsmug: No scheduled reports collection found
[2025-08-15T23:11:29.127Z] [DEBUG] Processing company database: company_ry0iwbpw
[2025-08-15T23:11:29.176Z] [DEBUG] Finding reports to execute in company_ry0iwbpw (current time: 2025-08-15T23:11:29.176Z)
[2025-08-15T23:11:29.225Z] [INFO] Found 0 reports to execute in company_ry0iwbpw
[2025-08-15T23:11:29.226Z] [INFO] Scheduled reports check completed
[2025-08-15T23:11:29.227Z] [DEBUG] MongoDB connection closed
[2025-08-15T23:11:38.426Z] [INFO] Checking for scheduled reports...
[2025-08-15T23:11:39.005Z] [DEBUG] Connected to MongoDB
[2025-08-15T23:11:39.064Z] [INFO] Found 2 company databases
[2025-08-15T23:11:39.064Z] [DEBUG] Processing company database: company_ieebsmug
[2025-08-15T23:11:39.116Z] [DEBUG] Skipping company_ieebsmug: No scheduled reports collection found
[2025-08-15T23:11:39.117Z] [DEBUG] Processing company database: company_ry0iwbpw
[2025-08-15T23:11:39.167Z] [DEBUG] Finding reports to execute in company_ry0iwbpw (current time: 2025-08-15T23:11:39.167Z)
[2025-08-15T23:11:39.217Z] [INFO] Found 0 reports to execute in company_ry0iwbpw
[2025-08-15T23:11:39.218Z] [INFO] Scheduled reports check completed
[2025-08-15T23:11:39.220Z] [DEBUG] MongoDB connection closed
[2025-08-15T23:11:48.426Z] [INFO] Checking for scheduled reports...
[2025-08-15T23:11:49.154Z] [DEBUG] Connected to MongoDB
[2025-08-15T23:11:49.215Z] [INFO] Found 2 company databases
[2025-08-15T23:11:49.215Z] [DEBUG] Processing company database: company_ieebsmug
[2025-08-15T23:11:49.264Z] [DEBUG] Skipping company_ieebsmug: No scheduled reports collection found
[2025-08-15T23:11:49.265Z] [DEBUG] Processing company database: company_ry0iwbpw
[2025-08-15T23:11:49.314Z] [DEBUG] Finding reports to execute in company_ry0iwbpw (current time: 2025-08-15T23:11:49.314Z)
[2025-08-15T23:11:49.361Z] [INFO] Found 0 reports to execute in company_ry0iwbpw
[2025-08-15T23:11:49.362Z] [INFO] Scheduled reports check completed
[2025-08-15T23:11:49.362Z] [DEBUG] MongoDB connection closed
[2025-08-15T23:11:58.427Z] [INFO] Checking for scheduled reports...
[2025-08-15T23:11:59.056Z] [DEBUG] Connected to MongoDB
[2025-08-15T23:11:59.115Z] [INFO] Found 2 company databases
[2025-08-15T23:11:59.116Z] [DEBUG] Processing company database: company_ieebsmug
[2025-08-15T23:11:59.167Z] [DEBUG] Skipping company_ieebsmug: No scheduled reports collection found
[2025-08-15T23:11:59.168Z] [DEBUG] Processing company database: company_ry0iwbpw
[2025-08-15T23:11:59.218Z] [DEBUG] Finding reports to execute in company_ry0iwbpw (current time: 2025-08-15T23:11:59.218Z)
[2025-08-15T23:11:59.269Z] [INFO] Found 0 reports to execute in company_ry0iwbpw
[2025-08-15T23:11:59.270Z] [INFO] Scheduled reports check completed
[2025-08-15T23:11:59.271Z] [DEBUG] MongoDB connection closed
[2025-08-15T23:12:08.428Z] [INFO] Checking for scheduled reports...
[2025-08-15T23:12:09.108Z] [DEBUG] Connected to MongoDB
[2025-08-15T23:12:09.166Z] [INFO] Found 2 company databases
[2025-08-15T23:12:09.166Z] [DEBUG] Processing company database: company_ieebsmug
[2025-08-15T23:12:09.217Z] [DEBUG] Skipping company_ieebsmug: No scheduled reports collection found
[2025-08-15T23:12:09.217Z] [DEBUG] Processing company database: company_ry0iwbpw
[2025-08-15T23:12:09.267Z] [DEBUG] Finding reports to execute in company_ry0iwbpw (current time: 2025-08-15T23:12:09.267Z)
[2025-08-15T23:12:09.318Z] [INFO] Found 0 reports to execute in company_ry0iwbpw
[2025-08-15T23:12:09.318Z] [INFO] Scheduled reports check completed
[2025-08-15T23:12:09.320Z] [DEBUG] MongoDB connection closed
[2025-08-15T23:12:18.428Z] [INFO] Checking for scheduled reports...
[2025-08-15T23:12:19.007Z] [DEBUG] Connected to MongoDB
[2025-08-15T23:12:19.065Z] [INFO] Found 2 company databases
[2025-08-15T23:12:19.066Z] [DEBUG] Processing company database: company_ieebsmug
[2025-08-15T23:12:19.123Z] [DEBUG] Skipping company_ieebsmug: No scheduled reports collection found
[2025-08-15T23:12:19.124Z] [DEBUG] Processing company database: company_ry0iwbpw
[2025-08-15T23:12:19.175Z] [DEBUG] Finding reports to execute in company_ry0iwbpw (current time: 2025-08-15T23:12:19.175Z)
[2025-08-15T23:12:19.225Z] [INFO] Found 0 reports to execute in company_ry0iwbpw
[2025-08-15T23:12:19.225Z] [INFO] Scheduled reports check completed
[2025-08-15T23:12:19.227Z] [DEBUG] MongoDB connection closed
[2025-08-15T23:12:28.428Z] [INFO] Checking for scheduled reports...
[2025-08-15T23:12:29.001Z] [DEBUG] Connected to MongoDB
[2025-08-15T23:12:29.059Z] [INFO] Found 2 company databases
[2025-08-15T23:12:29.060Z] [DEBUG] Processing company database: company_ieebsmug
[2025-08-15T23:12:29.110Z] [DEBUG] Skipping company_ieebsmug: No scheduled reports collection found
[2025-08-15T23:12:29.110Z] [DEBUG] Processing company database: company_ry0iwbpw
[2025-08-15T23:12:29.160Z] [DEBUG] Finding reports to execute in company_ry0iwbpw (current time: 2025-08-15T23:12:29.160Z)
[2025-08-15T23:12:29.210Z] [INFO] Found 0 reports to execute in company_ry0iwbpw
[2025-08-15T23:12:29.210Z] [INFO] Scheduled reports check completed
[2025-08-15T23:12:29.212Z] [DEBUG] MongoDB connection closed
[2025-08-15T23:12:38.429Z] [INFO] Checking for scheduled reports...
[2025-08-15T23:12:39.002Z] [DEBUG] Connected to MongoDB
[2025-08-15T23:12:39.060Z] [INFO] Found 2 company databases
[2025-08-15T23:12:39.061Z] [DEBUG] Processing company database: company_ieebsmug
[2025-08-15T23:12:39.112Z] [DEBUG] Skipping company_ieebsmug: No scheduled reports collection found
[2025-08-15T23:12:39.113Z] [DEBUG] Processing company database: company_ry0iwbpw
[2025-08-15T23:12:39.162Z] [DEBUG] Finding reports to execute in company_ry0iwbpw (current time: 2025-08-15T23:12:39.162Z)
[2025-08-15T23:12:39.210Z] [INFO] Found 0 reports to execute in company_ry0iwbpw
[2025-08-15T23:12:39.211Z] [INFO] Scheduled reports check completed
[2025-08-15T23:12:39.212Z] [DEBUG] MongoDB connection closed
[2025-08-15T23:12:48.430Z] [INFO] Checking for scheduled reports...
[2025-08-15T23:12:49.001Z] [DEBUG] Connected to MongoDB
[2025-08-15T23:12:49.060Z] [INFO] Found 2 company databases
[2025-08-15T23:12:49.060Z] [DEBUG] Processing company database: company_ieebsmug
[2025-08-15T23:12:49.110Z] [DEBUG] Skipping company_ieebsmug: No scheduled reports collection found
[2025-08-15T23:12:49.110Z] [DEBUG] Processing company database: company_ry0iwbpw
[2025-08-15T23:12:49.165Z] [DEBUG] Finding reports to execute in company_ry0iwbpw (current time: 2025-08-15T23:12:49.165Z)
[2025-08-15T23:12:49.214Z] [INFO] Found 0 reports to execute in company_ry0iwbpw
[2025-08-15T23:12:49.215Z] [INFO] Scheduled reports check completed
[2025-08-15T23:12:49.216Z] [DEBUG] MongoDB connection closed
[2025-08-15T23:12:58.430Z] [INFO] Checking for scheduled reports...
[2025-08-15T23:12:59.086Z] [DEBUG] Connected to MongoDB
[2025-08-15T23:12:59.144Z] [INFO] Found 2 company databases
[2025-08-15T23:12:59.145Z] [DEBUG] Processing company database: company_ieebsmug
[2025-08-15T23:12:59.198Z] [DEBUG] Skipping company_ieebsmug: No scheduled reports collection found
[2025-08-15T23:12:59.199Z] [DEBUG] Processing company database: company_ry0iwbpw
[2025-08-15T23:12:59.249Z] [DEBUG] Finding reports to execute in company_ry0iwbpw (current time: 2025-08-15T23:12:59.248Z)
[2025-08-15T23:12:59.298Z] [INFO] Found 0 reports to execute in company_ry0iwbpw
[2025-08-15T23:12:59.298Z] [INFO] Scheduled reports check completed
[2025-08-15T23:12:59.299Z] [DEBUG] MongoDB connection closed
[2025-08-15T23:13:08.431Z] [INFO] Checking for scheduled reports...
[2025-08-15T23:13:09.192Z] [DEBUG] Connected to MongoDB
[2025-08-15T23:13:09.251Z] [INFO] Found 2 company databases
[2025-08-15T23:13:09.252Z] [DEBUG] Processing company database: company_ieebsmug
[2025-08-15T23:13:09.301Z] [DEBUG] Skipping company_ieebsmug: No scheduled reports collection found
[2025-08-15T23:13:09.301Z] [DEBUG] Processing company database: company_ry0iwbpw
[2025-08-15T23:13:09.351Z] [DEBUG] Finding reports to execute in company_ry0iwbpw (current time: 2025-08-15T23:13:09.351Z)
[2025-08-15T23:13:09.400Z] [INFO] Found 0 reports to execute in company_ry0iwbpw
[2025-08-15T23:13:09.401Z] [INFO] Scheduled reports check completed
[2025-08-15T23:13:09.402Z] [DEBUG] MongoDB connection closed
[2025-08-15T23:13:18.432Z] [INFO] Checking for scheduled reports...
[2025-08-15T23:13:19.104Z] [DEBUG] Connected to MongoDB
[2025-08-15T23:13:19.162Z] [INFO] Found 2 company databases
[2025-08-15T23:13:19.163Z] [DEBUG] Processing company database: company_ieebsmug
[2025-08-15T23:13:19.213Z] [DEBUG] Skipping company_ieebsmug: No scheduled reports collection found
[2025-08-15T23:13:19.213Z] [DEBUG] Processing company database: company_ry0iwbpw
[2025-08-15T23:13:19.263Z] [DEBUG] Finding reports to execute in company_ry0iwbpw (current time: 2025-08-15T23:13:19.263Z)
[2025-08-15T23:13:19.312Z] [INFO] Found 0 reports to execute in company_ry0iwbpw
[2025-08-15T23:13:19.313Z] [INFO] Scheduled reports check completed
[2025-08-15T23:13:19.314Z] [DEBUG] MongoDB connection closed
[2025-08-15T23:13:28.433Z] [INFO] Checking for scheduled reports...
[2025-08-15T23:13:28.999Z] [DEBUG] Connected to MongoDB
[2025-08-15T23:13:29.056Z] [INFO] Found 2 company databases
[2025-08-15T23:13:29.057Z] [DEBUG] Processing company database: company_ieebsmug
[2025-08-15T23:13:29.107Z] [DEBUG] Skipping company_ieebsmug: No scheduled reports collection found
[2025-08-15T23:13:29.107Z] [DEBUG] Processing company database: company_ry0iwbpw
[2025-08-15T23:13:29.160Z] [DEBUG] Finding reports to execute in company_ry0iwbpw (current time: 2025-08-15T23:13:29.160Z)
[2025-08-15T23:13:29.211Z] [INFO] Found 0 reports to execute in company_ry0iwbpw
[2025-08-15T23:13:29.212Z] [INFO] Scheduled reports check completed
[2025-08-15T23:13:29.215Z] [DEBUG] MongoDB connection closed
[2025-08-15T23:13:38.433Z] [INFO] Checking for scheduled reports...
[2025-08-15T23:13:38.997Z] [DEBUG] Connected to MongoDB
[2025-08-15T23:13:39.054Z] [INFO] Found 2 company databases
[2025-08-15T23:13:39.055Z] [DEBUG] Processing company database: company_ieebsmug
[2025-08-15T23:13:39.104Z] [DEBUG] Skipping company_ieebsmug: No scheduled reports collection found
[2025-08-15T23:13:39.104Z] [DEBUG] Processing company database: company_ry0iwbpw
[2025-08-15T23:13:39.154Z] [DEBUG] Finding reports to execute in company_ry0iwbpw (current time: 2025-08-15T23:13:39.154Z)
[2025-08-15T23:13:39.204Z] [INFO] Found 0 reports to execute in company_ry0iwbpw
[2025-08-15T23:13:39.204Z] [INFO] Scheduled reports check completed
[2025-08-15T23:13:39.206Z] [DEBUG] MongoDB connection closed
[2025-08-15T23:13:48.434Z] [INFO] Checking for scheduled reports...
[2025-08-15T23:13:49.006Z] [DEBUG] Connected to MongoDB
[2025-08-15T23:13:49.066Z] [INFO] Found 2 company databases
[2025-08-15T23:13:49.066Z] [DEBUG] Processing company database: company_ieebsmug
[2025-08-15T23:13:49.125Z] [DEBUG] Skipping company_ieebsmug: No scheduled reports collection found
[2025-08-15T23:13:49.126Z] [DEBUG] Processing company database: company_ry0iwbpw
[2025-08-15T23:13:49.176Z] [DEBUG] Finding reports to execute in company_ry0iwbpw (current time: 2025-08-15T23:13:49.176Z)
[2025-08-15T23:13:49.226Z] [INFO] Found 0 reports to execute in company_ry0iwbpw
[2025-08-15T23:13:49.227Z] [INFO] Scheduled reports check completed
[2025-08-15T23:13:49.230Z] [DEBUG] MongoDB connection closed
[2025-08-15T23:13:58.434Z] [INFO] Checking for scheduled reports...
[2025-08-15T23:13:59.079Z] [DEBUG] Connected to MongoDB
[2025-08-15T23:13:59.138Z] [INFO] Found 2 company databases
[2025-08-15T23:13:59.138Z] [DEBUG] Processing company database: company_ieebsmug
[2025-08-15T23:13:59.195Z] [DEBUG] Skipping company_ieebsmug: No scheduled reports collection found
[2025-08-15T23:13:59.196Z] [DEBUG] Processing company database: company_ry0iwbpw
[2025-08-15T23:13:59.260Z] [DEBUG] Finding reports to execute in company_ry0iwbpw (current time: 2025-08-15T23:13:59.260Z)
[2025-08-15T23:13:59.317Z] [INFO] Found 0 reports to execute in company_ry0iwbpw
[2025-08-15T23:13:59.317Z] [INFO] Scheduled reports check completed
[2025-08-15T23:13:59.320Z] [DEBUG] MongoDB connection closed
[2025-08-15T23:14:08.434Z] [INFO] Checking for scheduled reports...
[2025-08-15T23:14:09.010Z] [DEBUG] Connected to MongoDB
[2025-08-15T23:14:09.069Z] [INFO] Found 2 company databases
[2025-08-15T23:14:09.070Z] [DEBUG] Processing company database: company_ieebsmug
[2025-08-15T23:14:09.122Z] [DEBUG] Skipping company_ieebsmug: No scheduled reports collection found
[2025-08-15T23:14:09.122Z] [DEBUG] Processing company database: company_ry0iwbpw
[2025-08-15T23:14:09.171Z] [DEBUG] Finding reports to execute in company_ry0iwbpw (current time: 2025-08-15T23:14:09.171Z)
[2025-08-15T23:14:09.220Z] [INFO] Found 0 reports to execute in company_ry0iwbpw
[2025-08-15T23:14:09.221Z] [INFO] Scheduled reports check completed
[2025-08-15T23:14:09.222Z] [DEBUG] MongoDB connection closed
[2025-08-15T23:14:18.434Z] [INFO] Checking for scheduled reports...
[2025-08-15T23:14:19.013Z] [DEBUG] Connected to MongoDB
[2025-08-15T23:14:19.071Z] [INFO] Found 2 company databases
[2025-08-15T23:14:19.071Z] [DEBUG] Processing company database: company_ieebsmug
[2025-08-15T23:14:19.121Z] [DEBUG] Skipping company_ieebsmug: No scheduled reports collection found
[2025-08-15T23:14:19.121Z] [DEBUG] Processing company database: company_ry0iwbpw
[2025-08-15T23:14:19.171Z] [DEBUG] Finding reports to execute in company_ry0iwbpw (current time: 2025-08-15T23:14:19.171Z)
[2025-08-15T23:14:19.220Z] [INFO] Found 0 reports to execute in company_ry0iwbpw
[2025-08-15T23:14:19.220Z] [INFO] Scheduled reports check completed
[2025-08-15T23:14:19.222Z] [DEBUG] MongoDB connection closed
[2025-08-15T23:14:28.433Z] [INFO] Checking for scheduled reports...
[2025-08-15T23:14:29.276Z] [DEBUG] Connected to MongoDB
[2025-08-15T23:14:29.332Z] [INFO] Found 2 company databases
[2025-08-15T23:14:29.332Z] [DEBUG] Processing company database: company_ieebsmug
[2025-08-15T23:14:29.381Z] [DEBUG] Skipping company_ieebsmug: No scheduled reports collection found
[2025-08-15T23:14:29.382Z] [DEBUG] Processing company database: company_ry0iwbpw
[2025-08-15T23:14:29.430Z] [DEBUG] Finding reports to execute in company_ry0iwbpw (current time: 2025-08-15T23:14:29.430Z)
[2025-08-15T23:14:29.479Z] [INFO] Found 0 reports to execute in company_ry0iwbpw
[2025-08-15T23:14:29.479Z] [INFO] Scheduled reports check completed
[2025-08-15T23:14:29.480Z] [DEBUG] MongoDB connection closed
[2025-08-15T23:14:38.433Z] [INFO] Checking for scheduled reports...
[2025-08-15T23:14:39.014Z] [DEBUG] Connected to MongoDB
[2025-08-15T23:14:39.072Z] [INFO] Found 2 company databases
[2025-08-15T23:14:39.072Z] [DEBUG] Processing company database: company_ieebsmug
[2025-08-15T23:14:39.122Z] [DEBUG] Skipping company_ieebsmug: No scheduled reports collection found
[2025-08-15T23:14:39.122Z] [DEBUG] Processing company database: company_ry0iwbpw
[2025-08-15T23:14:39.172Z] [DEBUG] Finding reports to execute in company_ry0iwbpw (current time: 2025-08-15T23:14:39.172Z)
[2025-08-15T23:14:39.221Z] [INFO] Found 0 reports to execute in company_ry0iwbpw
[2025-08-15T23:14:39.221Z] [INFO] Scheduled reports check completed
[2025-08-15T23:14:39.222Z] [DEBUG] MongoDB connection closed
[2025-08-15T23:14:48.433Z] [INFO] Checking for scheduled reports...
[2025-08-15T23:14:49.030Z] [DEBUG] Connected to MongoDB
[2025-08-15T23:14:49.088Z] [INFO] Found 2 company databases
[2025-08-15T23:14:49.089Z] [DEBUG] Processing company database: company_ieebsmug
[2025-08-15T23:14:49.138Z] [DEBUG] Skipping company_ieebsmug: No scheduled reports collection found
[2025-08-15T23:14:49.138Z] [DEBUG] Processing company database: company_ry0iwbpw
[2025-08-15T23:14:49.188Z] [DEBUG] Finding reports to execute in company_ry0iwbpw (current time: 2025-08-15T23:14:49.188Z)
[2025-08-15T23:14:49.245Z] [INFO] Found 0 reports to execute in company_ry0iwbpw
[2025-08-15T23:14:49.246Z] [INFO] Scheduled reports check completed
[2025-08-15T23:14:49.248Z] [DEBUG] MongoDB connection closed
[2025-08-15T23:14:58.434Z] [INFO] Checking for scheduled reports...
[2025-08-15T23:14:59.094Z] [DEBUG] Connected to MongoDB
[2025-08-15T23:14:59.152Z] [INFO] Found 2 company databases
[2025-08-15T23:14:59.153Z] [DEBUG] Processing company database: company_ieebsmug
[2025-08-15T23:14:59.203Z] [DEBUG] Skipping company_ieebsmug: No scheduled reports collection found
[2025-08-15T23:14:59.203Z] [DEBUG] Processing company database: company_ry0iwbpw
[2025-08-15T23:14:59.253Z] [DEBUG] Finding reports to execute in company_ry0iwbpw (current time: 2025-08-15T23:14:59.253Z)
[2025-08-15T23:14:59.303Z] [INFO] Found 0 reports to execute in company_ry0iwbpw
[2025-08-15T23:14:59.304Z] [INFO] Scheduled reports check completed
[2025-08-15T23:14:59.306Z] [DEBUG] MongoDB connection closed
[2025-08-15T23:15:08.435Z] [INFO] Checking for scheduled reports...
[2025-08-15T23:15:09.025Z] [DEBUG] Connected to MongoDB
[2025-08-15T23:15:09.083Z] [INFO] Found 2 company databases
[2025-08-15T23:15:09.084Z] [DEBUG] Processing company database: company_ieebsmug
[2025-08-15T23:15:09.134Z] [DEBUG] Skipping company_ieebsmug: No scheduled reports collection found
[2025-08-15T23:15:09.134Z] [DEBUG] Processing company database: company_ry0iwbpw
[2025-08-15T23:15:09.184Z] [DEBUG] Finding reports to execute in company_ry0iwbpw (current time: 2025-08-15T23:15:09.184Z)
[2025-08-15T23:15:09.246Z] [INFO] Found 0 reports to execute in company_ry0iwbpw
[2025-08-15T23:15:09.246Z] [INFO] Scheduled reports check completed
[2025-08-15T23:15:09.248Z] [DEBUG] MongoDB connection closed
[2025-08-15T23:15:18.436Z] [INFO] Checking for scheduled reports...
[2025-08-15T23:15:19.010Z] [DEBUG] Connected to MongoDB
[2025-08-15T23:15:19.068Z] [INFO] Found 2 company databases
[2025-08-15T23:15:19.069Z] [DEBUG] Processing company database: company_ieebsmug
[2025-08-15T23:15:19.120Z] [DEBUG] Skipping company_ieebsmug: No scheduled reports collection found
[2025-08-15T23:15:19.120Z] [DEBUG] Processing company database: company_ry0iwbpw
[2025-08-15T23:15:19.170Z] [DEBUG] Finding reports to execute in company_ry0iwbpw (current time: 2025-08-15T23:15:19.170Z)
[2025-08-15T23:15:19.221Z] [INFO] Found 0 reports to execute in company_ry0iwbpw
[2025-08-15T23:15:19.221Z] [INFO] Scheduled reports check completed
[2025-08-15T23:15:19.222Z] [DEBUG] MongoDB connection closed
[2025-08-15T23:15:28.437Z] [INFO] Checking for scheduled reports...
[2025-08-15T23:15:29.006Z] [DEBUG] Connected to MongoDB
[2025-08-15T23:15:29.064Z] [INFO] Found 2 company databases
[2025-08-15T23:15:29.064Z] [DEBUG] Processing company database: company_ieebsmug
[2025-08-15T23:15:29.115Z] [DEBUG] Skipping company_ieebsmug: No scheduled reports collection found
[2025-08-15T23:15:29.116Z] [DEBUG] Processing company database: company_ry0iwbpw
[2025-08-15T23:15:29.165Z] [DEBUG] Finding reports to execute in company_ry0iwbpw (current time: 2025-08-15T23:15:29.165Z)
[2025-08-15T23:15:29.214Z] [INFO] Found 0 reports to execute in company_ry0iwbpw
[2025-08-15T23:15:29.215Z] [INFO] Scheduled reports check completed
[2025-08-15T23:15:29.217Z] [DEBUG] MongoDB connection closed
[2025-08-15T23:15:38.437Z] [INFO] Checking for scheduled reports...
[2025-08-15T23:15:39.123Z] [DEBUG] Connected to MongoDB
[2025-08-15T23:15:39.180Z] [INFO] Found 2 company databases
[2025-08-15T23:15:39.181Z] [DEBUG] Processing company database: company_ieebsmug
[2025-08-15T23:15:39.231Z] [DEBUG] Skipping company_ieebsmug: No scheduled reports collection found
[2025-08-15T23:15:39.231Z] [DEBUG] Processing company database: company_ry0iwbpw
[2025-08-15T23:15:39.281Z] [DEBUG] Finding reports to execute in company_ry0iwbpw (current time: 2025-08-15T23:15:39.281Z)
[2025-08-15T23:15:39.329Z] [INFO] Found 0 reports to execute in company_ry0iwbpw
[2025-08-15T23:15:39.330Z] [INFO] Scheduled reports check completed
[2025-08-15T23:15:39.331Z] [DEBUG] MongoDB connection closed
[2025-08-15T23:15:48.438Z] [INFO] Checking for scheduled reports...
[2025-08-15T23:15:49.123Z] [DEBUG] Connected to MongoDB
[2025-08-15T23:15:49.183Z] [INFO] Found 2 company databases
[2025-08-15T23:15:49.183Z] [DEBUG] Processing company database: company_ieebsmug
[2025-08-15T23:15:49.233Z] [DEBUG] Skipping company_ieebsmug: No scheduled reports collection found
[2025-08-15T23:15:49.234Z] [DEBUG] Processing company database: company_ry0iwbpw
[2025-08-15T23:15:49.285Z] [DEBUG] Finding reports to execute in company_ry0iwbpw (current time: 2025-08-15T23:15:49.285Z)
[2025-08-15T23:15:49.335Z] [INFO] Found 0 reports to execute in company_ry0iwbpw
[2025-08-15T23:15:49.336Z] [INFO] Scheduled reports check completed
[2025-08-15T23:15:49.338Z] [DEBUG] MongoDB connection closed
[2025-08-15T23:15:58.438Z] [INFO] Checking for scheduled reports...
[2025-08-15T23:15:59.082Z] [DEBUG] Connected to MongoDB
[2025-08-15T23:15:59.140Z] [INFO] Found 2 company databases
[2025-08-15T23:15:59.141Z] [DEBUG] Processing company database: company_ieebsmug
[2025-08-15T23:15:59.191Z] [DEBUG] Skipping company_ieebsmug: No scheduled reports collection found
[2025-08-15T23:15:59.192Z] [DEBUG] Processing company database: company_ry0iwbpw
[2025-08-15T23:15:59.241Z] [DEBUG] Finding reports to execute in company_ry0iwbpw (current time: 2025-08-15T23:15:59.241Z)
[2025-08-15T23:15:59.291Z] [INFO] Found 0 reports to execute in company_ry0iwbpw
[2025-08-15T23:15:59.292Z] [INFO] Scheduled reports check completed
[2025-08-15T23:15:59.294Z] [DEBUG] MongoDB connection closed
[2025-08-15T23:16:08.439Z] [INFO] Checking for scheduled reports...
[2025-08-15T23:16:08.998Z] [DEBUG] Connected to MongoDB
[2025-08-15T23:16:09.055Z] [INFO] Found 2 company databases
[2025-08-15T23:16:09.055Z] [DEBUG] Processing company database: company_ieebsmug
[2025-08-15T23:16:09.105Z] [DEBUG] Skipping company_ieebsmug: No scheduled reports collection found
[2025-08-15T23:16:09.105Z] [DEBUG] Processing company database: company_ry0iwbpw
[2025-08-15T23:16:09.154Z] [DEBUG] Finding reports to execute in company_ry0iwbpw (current time: 2025-08-15T23:16:09.154Z)
[2025-08-15T23:16:09.202Z] [INFO] Found 0 reports to execute in company_ry0iwbpw
[2025-08-15T23:16:09.202Z] [INFO] Scheduled reports check completed
[2025-08-15T23:16:09.203Z] [DEBUG] MongoDB connection closed
[2025-08-15T23:16:18.439Z] [INFO] Checking for scheduled reports...
[2025-08-15T23:16:19.021Z] [DEBUG] Connected to MongoDB
[2025-08-15T23:16:19.078Z] [INFO] Found 2 company databases
[2025-08-15T23:16:19.078Z] [DEBUG] Processing company database: company_ieebsmug
[2025-08-15T23:16:19.126Z] [DEBUG] Skipping company_ieebsmug: No scheduled reports collection found
[2025-08-15T23:16:19.126Z] [DEBUG] Processing company database: company_ry0iwbpw
[2025-08-15T23:16:19.177Z] [DEBUG] Finding reports to execute in company_ry0iwbpw (current time: 2025-08-15T23:16:19.177Z)
[2025-08-15T23:16:19.226Z] [INFO] Found 0 reports to execute in company_ry0iwbpw
[2025-08-15T23:16:19.226Z] [INFO] Scheduled reports check completed
[2025-08-15T23:16:19.226Z] [DEBUG] MongoDB connection closed
[2025-08-15T23:16:28.441Z] [INFO] Checking for scheduled reports...
[2025-08-15T23:16:29.018Z] [DEBUG] Connected to MongoDB
[2025-08-15T23:16:29.077Z] [INFO] Found 2 company databases
[2025-08-15T23:16:29.078Z] [DEBUG] Processing company database: company_ieebsmug
[2025-08-15T23:16:29.128Z] [DEBUG] Skipping company_ieebsmug: No scheduled reports collection found
[2025-08-15T23:16:29.128Z] [DEBUG] Processing company database: company_ry0iwbpw
[2025-08-15T23:16:29.178Z] [DEBUG] Finding reports to execute in company_ry0iwbpw (current time: 2025-08-15T23:16:29.178Z)
[2025-08-15T23:16:29.228Z] [INFO] Found 0 reports to execute in company_ry0iwbpw
[2025-08-15T23:16:29.229Z] [INFO] Scheduled reports check completed
[2025-08-15T23:16:29.231Z] [DEBUG] MongoDB connection closed
[2025-08-15T23:16:38.442Z] [INFO] Checking for scheduled reports...
[2025-08-15T23:16:39.022Z] [DEBUG] Connected to MongoDB
[2025-08-15T23:16:39.079Z] [INFO] Found 2 company databases
[2025-08-15T23:16:39.080Z] [DEBUG] Processing company database: company_ieebsmug
[2025-08-15T23:16:39.129Z] [DEBUG] Skipping company_ieebsmug: No scheduled reports collection found
[2025-08-15T23:16:39.130Z] [DEBUG] Processing company database: company_ry0iwbpw
[2025-08-15T23:16:39.179Z] [DEBUG] Finding reports to execute in company_ry0iwbpw (current time: 2025-08-15T23:16:39.179Z)
[2025-08-15T23:16:39.228Z] [INFO] Found 0 reports to execute in company_ry0iwbpw
[2025-08-15T23:16:39.228Z] [INFO] Scheduled reports check completed
[2025-08-15T23:16:39.229Z] [DEBUG] MongoDB connection closed
[2025-08-15T23:16:48.443Z] [INFO] Checking for scheduled reports...
[2025-08-15T23:16:49.024Z] [DEBUG] Connected to MongoDB
[2025-08-15T23:16:49.081Z] [INFO] Found 2 company databases
[2025-08-15T23:16:49.081Z] [DEBUG] Processing company database: company_ieebsmug
[2025-08-15T23:16:49.133Z] [DEBUG] Skipping company_ieebsmug: No scheduled reports collection found
[2025-08-15T23:16:49.133Z] [DEBUG] Processing company database: company_ry0iwbpw
[2025-08-15T23:16:49.184Z] [DEBUG] Finding reports to execute in company_ry0iwbpw (current time: 2025-08-15T23:16:49.184Z)
[2025-08-15T23:16:49.233Z] [INFO] Found 0 reports to execute in company_ry0iwbpw
[2025-08-15T23:16:49.233Z] [INFO] Scheduled reports check completed
[2025-08-15T23:16:49.233Z] [DEBUG] MongoDB connection closed
[2025-08-15T23:16:58.444Z] [INFO] Checking for scheduled reports...
[2025-08-15T23:16:59.097Z] [DEBUG] Connected to MongoDB
[2025-08-15T23:16:59.155Z] [INFO] Found 2 company databases
[2025-08-15T23:16:59.155Z] [DEBUG] Processing company database: company_ieebsmug
[2025-08-15T23:16:59.204Z] [DEBUG] Skipping company_ieebsmug: No scheduled reports collection found
[2025-08-15T23:16:59.205Z] [DEBUG] Processing company database: company_ry0iwbpw
[2025-08-15T23:16:59.253Z] [DEBUG] Finding reports to execute in company_ry0iwbpw (current time: 2025-08-15T23:16:59.253Z)
[2025-08-15T23:16:59.303Z] [INFO] Found 0 reports to execute in company_ry0iwbpw
[2025-08-15T23:16:59.303Z] [INFO] Scheduled reports check completed
[2025-08-15T23:16:59.304Z] [DEBUG] MongoDB connection closed
[2025-08-15T23:17:08.444Z] [INFO] Checking for scheduled reports...
[2025-08-15T23:17:09.141Z] [DEBUG] Connected to MongoDB
[2025-08-15T23:17:09.198Z] [INFO] Found 2 company databases
[2025-08-15T23:17:09.199Z] [DEBUG] Processing company database: company_ieebsmug
[2025-08-15T23:17:09.248Z] [DEBUG] Skipping company_ieebsmug: No scheduled reports collection found
[2025-08-15T23:17:09.249Z] [DEBUG] Processing company database: company_ry0iwbpw
[2025-08-15T23:17:09.300Z] [DEBUG] Finding reports to execute in company_ry0iwbpw (current time: 2025-08-15T23:17:09.300Z)
[2025-08-15T23:17:09.350Z] [INFO] Found 0 reports to execute in company_ry0iwbpw
[2025-08-15T23:17:09.350Z] [INFO] Scheduled reports check completed
[2025-08-15T23:17:09.352Z] [DEBUG] MongoDB connection closed
[2025-08-15T23:17:18.445Z] [INFO] Checking for scheduled reports...
[2025-08-15T23:17:19.017Z] [DEBUG] Connected to MongoDB
[2025-08-15T23:17:19.074Z] [INFO] Found 2 company databases
[2025-08-15T23:17:19.075Z] [DEBUG] Processing company database: company_ieebsmug
[2025-08-15T23:17:19.123Z] [DEBUG] Skipping company_ieebsmug: No scheduled reports collection found
[2025-08-15T23:17:19.124Z] [DEBUG] Processing company database: company_ry0iwbpw
[2025-08-15T23:17:19.173Z] [DEBUG] Finding reports to execute in company_ry0iwbpw (current time: 2025-08-15T23:17:19.173Z)
[2025-08-15T23:17:19.221Z] [INFO] Found 0 reports to execute in company_ry0iwbpw
[2025-08-15T23:17:19.222Z] [INFO] Scheduled reports check completed
[2025-08-15T23:17:19.223Z] [DEBUG] MongoDB connection closed
[2025-08-15T23:17:28.445Z] [INFO] Checking for scheduled reports...
[2025-08-15T23:17:29.035Z] [DEBUG] Connected to MongoDB
[2025-08-15T23:17:29.120Z] [INFO] Found 2 company databases
[2025-08-15T23:17:29.121Z] [DEBUG] Processing company database: company_ieebsmug
[2025-08-15T23:17:29.188Z] [DEBUG] Skipping company_ieebsmug: No scheduled reports collection found
[2025-08-15T23:17:29.188Z] [DEBUG] Processing company database: company_ry0iwbpw
[2025-08-15T23:17:29.282Z] [DEBUG] Finding reports to execute in company_ry0iwbpw (current time: 2025-08-15T23:17:29.282Z)
[2025-08-15T23:17:29.339Z] [INFO] Found 0 reports to execute in company_ry0iwbpw
[2025-08-15T23:17:29.339Z] [INFO] Scheduled reports check completed
[2025-08-15T23:17:29.347Z] [DEBUG] MongoDB connection closed
[2025-08-15T23:17:38.446Z] [INFO] Checking for scheduled reports...
[2025-08-15T23:17:39.013Z] [DEBUG] Connected to MongoDB
[2025-08-15T23:17:39.072Z] [INFO] Found 2 company databases
[2025-08-15T23:17:39.072Z] [DEBUG] Processing company database: company_ieebsmug
[2025-08-15T23:17:39.121Z] [DEBUG] Skipping company_ieebsmug: No scheduled reports collection found
[2025-08-15T23:17:39.122Z] [DEBUG] Processing company database: company_ry0iwbpw
[2025-08-15T23:17:39.171Z] [DEBUG] Finding reports to execute in company_ry0iwbpw (current time: 2025-08-15T23:17:39.171Z)
[2025-08-15T23:17:39.220Z] [INFO] Found 0 reports to execute in company_ry0iwbpw
[2025-08-15T23:17:39.221Z] [INFO] Scheduled reports check completed
[2025-08-15T23:17:39.223Z] [DEBUG] MongoDB connection closed
[2025-08-15T23:17:48.447Z] [INFO] Checking for scheduled reports...
[2025-08-15T23:17:49.134Z] [DEBUG] Connected to MongoDB
[2025-08-15T23:17:49.194Z] [INFO] Found 2 company databases
[2025-08-15T23:17:49.194Z] [DEBUG] Processing company database: company_ieebsmug
[2025-08-15T23:17:49.243Z] [DEBUG] Skipping company_ieebsmug: No scheduled reports collection found
[2025-08-15T23:17:49.243Z] [DEBUG] Processing company database: company_ry0iwbpw
[2025-08-15T23:17:49.292Z] [DEBUG] Finding reports to execute in company_ry0iwbpw (current time: 2025-08-15T23:17:49.292Z)
[2025-08-15T23:17:49.340Z] [INFO] Found 0 reports to execute in company_ry0iwbpw
[2025-08-15T23:17:49.340Z] [INFO] Scheduled reports check completed
[2025-08-15T23:17:49.342Z] [DEBUG] MongoDB connection closed
[2025-08-15T23:17:58.448Z] [INFO] Checking for scheduled reports...
[2025-08-15T23:17:59.104Z] [DEBUG] Connected to MongoDB
[2025-08-15T23:17:59.161Z] [INFO] Found 2 company databases
[2025-08-15T23:17:59.162Z] [DEBUG] Processing company database: company_ieebsmug
[2025-08-15T23:17:59.210Z] [DEBUG] Skipping company_ieebsmug: No scheduled reports collection found
[2025-08-15T23:17:59.211Z] [DEBUG] Processing company database: company_ry0iwbpw
[2025-08-15T23:17:59.274Z] [DEBUG] Finding reports to execute in company_ry0iwbpw (current time: 2025-08-15T23:17:59.274Z)
[2025-08-15T23:17:59.322Z] [INFO] Found 0 reports to execute in company_ry0iwbpw
[2025-08-15T23:17:59.323Z] [INFO] Scheduled reports check completed
[2025-08-15T23:17:59.323Z] [DEBUG] MongoDB connection closed
[2025-08-15T23:18:08.449Z] [INFO] Checking for scheduled reports...
[2025-08-15T23:18:09.018Z] [DEBUG] Connected to MongoDB
[2025-08-15T23:18:09.075Z] [INFO] Found 2 company databases
[2025-08-15T23:18:09.076Z] [DEBUG] Processing company database: company_ieebsmug
[2025-08-15T23:18:09.124Z] [DEBUG] Skipping company_ieebsmug: No scheduled reports collection found
[2025-08-15T23:18:09.124Z] [DEBUG] Processing company database: company_ry0iwbpw
[2025-08-15T23:18:09.173Z] [DEBUG] Finding reports to execute in company_ry0iwbpw (current time: 2025-08-15T23:18:09.173Z)
[2025-08-15T23:18:09.222Z] [INFO] Found 0 reports to execute in company_ry0iwbpw
[2025-08-15T23:18:09.222Z] [INFO] Scheduled reports check completed
[2025-08-15T23:18:09.224Z] [DEBUG] MongoDB connection closed
[2025-08-15T23:18:18.450Z] [INFO] Checking for scheduled reports...
[2025-08-15T23:18:19.013Z] [DEBUG] Connected to MongoDB
[2025-08-15T23:18:19.078Z] [INFO] Found 2 company databases
[2025-08-15T23:18:19.079Z] [DEBUG] Processing company database: company_ieebsmug
[2025-08-15T23:18:19.127Z] [DEBUG] Skipping company_ieebsmug: No scheduled reports collection found
[2025-08-15T23:18:19.127Z] [DEBUG] Processing company database: company_ry0iwbpw
[2025-08-15T23:18:19.176Z] [DEBUG] Finding reports to execute in company_ry0iwbpw (current time: 2025-08-15T23:18:19.176Z)
[2025-08-15T23:18:19.225Z] [INFO] Found 0 reports to execute in company_ry0iwbpw
[2025-08-15T23:18:19.225Z] [INFO] Scheduled reports check completed
[2025-08-15T23:18:19.227Z] [DEBUG] MongoDB connection closed
[2025-08-15T23:18:28.451Z] [INFO] Checking for scheduled reports...
[2025-08-15T23:18:29.133Z] [DEBUG] Connected to MongoDB
[2025-08-15T23:18:29.191Z] [INFO] Found 2 company databases
[2025-08-15T23:18:29.191Z] [DEBUG] Processing company database: company_ieebsmug
[2025-08-15T23:18:29.246Z] [DEBUG] Skipping company_ieebsmug: No scheduled reports collection found
[2025-08-15T23:18:29.247Z] [DEBUG] Processing company database: company_ry0iwbpw
[2025-08-15T23:18:29.296Z] [DEBUG] Finding reports to execute in company_ry0iwbpw (current time: 2025-08-15T23:18:29.296Z)
[2025-08-15T23:18:29.343Z] [INFO] Found 0 reports to execute in company_ry0iwbpw
[2025-08-15T23:18:29.344Z] [INFO] Scheduled reports check completed
[2025-08-15T23:18:29.344Z] [DEBUG] MongoDB connection closed
[2025-08-15T23:18:38.453Z] [INFO] Checking for scheduled reports...
[2025-08-15T23:18:39.033Z] [DEBUG] Connected to MongoDB
[2025-08-15T23:18:39.091Z] [INFO] Found 2 company databases
[2025-08-15T23:18:39.092Z] [DEBUG] Processing company database: company_ieebsmug
[2025-08-15T23:18:39.143Z] [DEBUG] Skipping company_ieebsmug: No scheduled reports collection found
[2025-08-15T23:18:39.143Z] [DEBUG] Processing company database: company_ry0iwbpw
[2025-08-15T23:18:39.195Z] [DEBUG] Finding reports to execute in company_ry0iwbpw (current time: 2025-08-15T23:18:39.195Z)
[2025-08-15T23:18:39.243Z] [INFO] Found 0 reports to execute in company_ry0iwbpw
[2025-08-15T23:18:39.243Z] [INFO] Scheduled reports check completed
[2025-08-15T23:18:39.245Z] [DEBUG] MongoDB connection closed
[2025-08-15T23:18:48.453Z] [INFO] Checking for scheduled reports...
[2025-08-15T23:18:49.038Z] [DEBUG] Connected to MongoDB
[2025-08-15T23:18:49.096Z] [INFO] Found 2 company databases
[2025-08-15T23:18:49.097Z] [DEBUG] Processing company database: company_ieebsmug
[2025-08-15T23:18:49.146Z] [DEBUG] Skipping company_ieebsmug: No scheduled reports collection found
[2025-08-15T23:18:49.147Z] [DEBUG] Processing company database: company_ry0iwbpw
[2025-08-15T23:18:49.196Z] [DEBUG] Finding reports to execute in company_ry0iwbpw (current time: 2025-08-15T23:18:49.196Z)
[2025-08-15T23:18:49.245Z] [INFO] Found 0 reports to execute in company_ry0iwbpw
[2025-08-15T23:18:49.246Z] [INFO] Scheduled reports check completed
[2025-08-15T23:18:49.249Z] [DEBUG] MongoDB connection closed
[2025-08-15T23:18:58.453Z] [INFO] Checking for scheduled reports...
[2025-08-15T23:18:59.090Z] [DEBUG] Connected to MongoDB
[2025-08-15T23:18:59.148Z] [INFO] Found 2 company databases
[2025-08-15T23:18:59.148Z] [DEBUG] Processing company database: company_ieebsmug
[2025-08-15T23:18:59.197Z] [DEBUG] Skipping company_ieebsmug: No scheduled reports collection found
[2025-08-15T23:18:59.197Z] [DEBUG] Processing company database: company_ry0iwbpw
[2025-08-15T23:18:59.256Z] [DEBUG] Finding reports to execute in company_ry0iwbpw (current time: 2025-08-15T23:18:59.256Z)
[2025-08-15T23:18:59.306Z] [INFO] Found 0 reports to execute in company_ry0iwbpw
[2025-08-15T23:18:59.306Z] [INFO] Scheduled reports check completed
[2025-08-15T23:18:59.308Z] [DEBUG] MongoDB connection closed
[2025-08-15T23:19:08.454Z] [INFO] Checking for scheduled reports...
[2025-08-15T23:19:09.067Z] [DEBUG] Connected to MongoDB
[2025-08-15T23:19:09.134Z] [INFO] Found 2 company databases
[2025-08-15T23:19:09.134Z] [DEBUG] Processing company database: company_ieebsmug
[2025-08-15T23:19:09.183Z] [DEBUG] Skipping company_ieebsmug: No scheduled reports collection found
[2025-08-15T23:19:09.184Z] [DEBUG] Processing company database: company_ry0iwbpw
[2025-08-15T23:19:09.233Z] [DEBUG] Finding reports to execute in company_ry0iwbpw (current time: 2025-08-15T23:19:09.233Z)
[2025-08-15T23:19:09.282Z] [INFO] Found 0 reports to execute in company_ry0iwbpw
[2025-08-15T23:19:09.282Z] [INFO] Scheduled reports check completed
[2025-08-15T23:19:09.284Z] [DEBUG] MongoDB connection closed
[2025-08-15T23:19:18.456Z] [INFO] Checking for scheduled reports...
[2025-08-15T23:19:19.053Z] [DEBUG] Connected to MongoDB
[2025-08-15T23:19:19.111Z] [INFO] Found 2 company databases
[2025-08-15T23:19:19.112Z] [DEBUG] Processing company database: company_ieebsmug
[2025-08-15T23:19:19.161Z] [DEBUG] Skipping company_ieebsmug: No scheduled reports collection found
[2025-08-15T23:19:19.161Z] [DEBUG] Processing company database: company_ry0iwbpw
[2025-08-15T23:19:19.211Z] [DEBUG] Finding reports to execute in company_ry0iwbpw (current time: 2025-08-15T23:19:19.211Z)
[2025-08-15T23:19:19.263Z] [INFO] Found 0 reports to execute in company_ry0iwbpw
[2025-08-15T23:19:19.264Z] [INFO] Scheduled reports check completed
[2025-08-15T23:19:19.265Z] [DEBUG] MongoDB connection closed
[2025-08-15T23:19:28.456Z] [INFO] Checking for scheduled reports...
[2025-08-15T23:19:29.035Z] [DEBUG] Connected to MongoDB
[2025-08-15T23:19:29.093Z] [INFO] Found 2 company databases
[2025-08-15T23:19:29.094Z] [DEBUG] Processing company database: company_ieebsmug
[2025-08-15T23:19:29.144Z] [DEBUG] Skipping company_ieebsmug: No scheduled reports collection found
[2025-08-15T23:19:29.145Z] [DEBUG] Processing company database: company_ry0iwbpw
[2025-08-15T23:19:29.195Z] [DEBUG] Finding reports to execute in company_ry0iwbpw (current time: 2025-08-15T23:19:29.195Z)
[2025-08-15T23:19:29.243Z] [INFO] Found 0 reports to execute in company_ry0iwbpw
[2025-08-15T23:19:29.244Z] [INFO] Scheduled reports check completed
[2025-08-15T23:19:29.245Z] [DEBUG] MongoDB connection closed
[2025-08-15T23:19:38.456Z] [INFO] Checking for scheduled reports...
[2025-08-15T23:19:39.024Z] [DEBUG] Connected to MongoDB
[2025-08-15T23:19:39.081Z] [INFO] Found 2 company databases
[2025-08-15T23:19:39.082Z] [DEBUG] Processing company database: company_ieebsmug
[2025-08-15T23:19:39.131Z] [DEBUG] Skipping company_ieebsmug: No scheduled reports collection found
[2025-08-15T23:19:39.132Z] [DEBUG] Processing company database: company_ry0iwbpw
[2025-08-15T23:19:39.182Z] [DEBUG] Finding reports to execute in company_ry0iwbpw (current time: 2025-08-15T23:19:39.182Z)
[2025-08-15T23:19:39.232Z] [INFO] Found 0 reports to execute in company_ry0iwbpw
[2025-08-15T23:19:39.233Z] [INFO] Scheduled reports check completed
[2025-08-15T23:19:39.234Z] [DEBUG] MongoDB connection closed
[2025-08-15T23:19:48.458Z] [INFO] Checking for scheduled reports...
[2025-08-15T23:19:49.145Z] [DEBUG] Connected to MongoDB
[2025-08-15T23:19:49.204Z] [INFO] Found 2 company databases
[2025-08-15T23:19:49.205Z] [DEBUG] Processing company database: company_ieebsmug
[2025-08-15T23:19:49.254Z] [DEBUG] Skipping company_ieebsmug: No scheduled reports collection found
[2025-08-15T23:19:49.254Z] [DEBUG] Processing company database: company_ry0iwbpw
[2025-08-15T23:19:49.304Z] [DEBUG] Finding reports to execute in company_ry0iwbpw (current time: 2025-08-15T23:19:49.304Z)
[2025-08-15T23:19:49.353Z] [INFO] Found 0 reports to execute in company_ry0iwbpw
[2025-08-15T23:19:49.354Z] [INFO] Scheduled reports check completed
[2025-08-15T23:19:49.355Z] [DEBUG] MongoDB connection closed
[2025-08-15T23:19:58.458Z] [INFO] Checking for scheduled reports...
[2025-08-15T23:19:59.113Z] [DEBUG] Connected to MongoDB
[2025-08-15T23:19:59.171Z] [INFO] Found 2 company databases
[2025-08-15T23:19:59.172Z] [DEBUG] Processing company database: company_ieebsmug
[2025-08-15T23:19:59.223Z] [DEBUG] Skipping company_ieebsmug: No scheduled reports collection found
[2025-08-15T23:19:59.223Z] [DEBUG] Processing company database: company_ry0iwbpw
[2025-08-15T23:19:59.273Z] [DEBUG] Finding reports to execute in company_ry0iwbpw (current time: 2025-08-15T23:19:59.273Z)
[2025-08-15T23:19:59.322Z] [INFO] Found 0 reports to execute in company_ry0iwbpw
[2025-08-15T23:19:59.323Z] [INFO] Scheduled reports check completed
[2025-08-15T23:19:59.325Z] [DEBUG] MongoDB connection closed
[2025-08-15T23:20:08.459Z] [INFO] Checking for scheduled reports...
[2025-08-15T23:20:09.079Z] [DEBUG] Connected to MongoDB
[2025-08-15T23:20:09.152Z] [INFO] Found 2 company databases
[2025-08-15T23:20:09.153Z] [DEBUG] Processing company database: company_ieebsmug
[2025-08-15T23:20:09.202Z] [DEBUG] Skipping company_ieebsmug: No scheduled reports collection found
[2025-08-15T23:20:09.203Z] [DEBUG] Processing company database: company_ry0iwbpw
[2025-08-15T23:20:09.254Z] [DEBUG] Finding reports to execute in company_ry0iwbpw (current time: 2025-08-15T23:20:09.254Z)
[2025-08-15T23:20:09.303Z] [INFO] Found 0 reports to execute in company_ry0iwbpw
[2025-08-15T23:20:09.304Z] [INFO] Scheduled reports check completed
[2025-08-15T23:20:09.306Z] [DEBUG] MongoDB connection closed
[2025-08-15T23:20:18.460Z] [INFO] Checking for scheduled reports...
[2025-08-15T23:20:19.038Z] [DEBUG] Connected to MongoDB
[2025-08-15T23:20:19.096Z] [INFO] Found 2 company databases
[2025-08-15T23:20:19.097Z] [DEBUG] Processing company database: company_ieebsmug
[2025-08-15T23:20:19.146Z] [DEBUG] Skipping company_ieebsmug: No scheduled reports collection found
[2025-08-15T23:20:19.147Z] [DEBUG] Processing company database: company_ry0iwbpw
[2025-08-15T23:20:19.198Z] [DEBUG] Finding reports to execute in company_ry0iwbpw (current time: 2025-08-15T23:20:19.197Z)
[2025-08-15T23:20:19.248Z] [INFO] Found 0 reports to execute in company_ry0iwbpw
[2025-08-15T23:20:19.249Z] [INFO] Scheduled reports check completed
[2025-08-15T23:20:19.251Z] [DEBUG] MongoDB connection closed
[2025-08-15T23:20:28.461Z] [INFO] Checking for scheduled reports...
[2025-08-15T23:20:29.040Z] [DEBUG] Connected to MongoDB
[2025-08-15T23:20:29.099Z] [INFO] Found 2 company databases
[2025-08-15T23:20:29.100Z] [DEBUG] Processing company database: company_ieebsmug
[2025-08-15T23:20:29.150Z] [DEBUG] Skipping company_ieebsmug: No scheduled reports collection found
[2025-08-15T23:20:29.151Z] [DEBUG] Processing company database: company_ry0iwbpw
[2025-08-15T23:20:29.203Z] [DEBUG] Finding reports to execute in company_ry0iwbpw (current time: 2025-08-15T23:20:29.203Z)
[2025-08-15T23:20:29.257Z] [INFO] Found 0 reports to execute in company_ry0iwbpw
[2025-08-15T23:20:29.258Z] [INFO] Scheduled reports check completed
[2025-08-15T23:20:29.260Z] [DEBUG] MongoDB connection closed
[2025-08-15T23:20:38.461Z] [INFO] Checking for scheduled reports...
[2025-08-15T23:20:39.034Z] [DEBUG] Connected to MongoDB
[2025-08-15T23:20:39.092Z] [INFO] Found 2 company databases
[2025-08-15T23:20:39.093Z] [DEBUG] Processing company database: company_ieebsmug
[2025-08-15T23:20:39.143Z] [DEBUG] Skipping company_ieebsmug: No scheduled reports collection found
[2025-08-15T23:20:39.143Z] [DEBUG] Processing company database: company_ry0iwbpw
[2025-08-15T23:20:39.195Z] [DEBUG] Finding reports to execute in company_ry0iwbpw (current time: 2025-08-15T23:20:39.195Z)
[2025-08-15T23:20:39.244Z] [INFO] Found 0 reports to execute in company_ry0iwbpw
[2025-08-15T23:20:39.245Z] [INFO] Scheduled reports check completed
[2025-08-15T23:20:39.247Z] [DEBUG] MongoDB connection closed
[2025-08-15T23:20:48.462Z] [INFO] Checking for scheduled reports...
[2025-08-15T23:20:49.042Z] [DEBUG] Connected to MongoDB
[2025-08-15T23:20:49.100Z] [INFO] Found 2 company databases
[2025-08-15T23:20:49.101Z] [DEBUG] Processing company database: company_ieebsmug
[2025-08-15T23:20:49.151Z] [DEBUG] Skipping company_ieebsmug: No scheduled reports collection found
[2025-08-15T23:20:49.151Z] [DEBUG] Processing company database: company_ry0iwbpw
[2025-08-15T23:20:49.200Z] [DEBUG] Finding reports to execute in company_ry0iwbpw (current time: 2025-08-15T23:20:49.200Z)
[2025-08-15T23:20:49.250Z] [INFO] Found 0 reports to execute in company_ry0iwbpw
[2025-08-15T23:20:49.250Z] [INFO] Scheduled reports check completed
[2025-08-15T23:20:49.252Z] [DEBUG] MongoDB connection closed
[2025-08-15T23:20:58.463Z] [INFO] Checking for scheduled reports...
[2025-08-15T23:20:59.060Z] [DEBUG] Connected to MongoDB
[2025-08-15T23:20:59.119Z] [INFO] Found 2 company databases
[2025-08-15T23:20:59.120Z] [DEBUG] Processing company database: company_ieebsmug
[2025-08-15T23:20:59.170Z] [DEBUG] Skipping company_ieebsmug: No scheduled reports collection found
[2025-08-15T23:20:59.171Z] [DEBUG] Processing company database: company_ry0iwbpw
[2025-08-15T23:20:59.221Z] [DEBUG] Finding reports to execute in company_ry0iwbpw (current time: 2025-08-15T23:20:59.221Z)
[2025-08-15T23:20:59.279Z] [INFO] Found 0 reports to execute in company_ry0iwbpw
[2025-08-15T23:20:59.279Z] [INFO] Scheduled reports check completed
[2025-08-15T23:20:59.282Z] [DEBUG] MongoDB connection closed
[2025-08-15T23:21:08.463Z] [INFO] Checking for scheduled reports...
[2025-08-15T23:21:09.227Z] [DEBUG] Connected to MongoDB
[2025-08-15T23:21:09.285Z] [INFO] Found 2 company databases
[2025-08-15T23:21:09.286Z] [DEBUG] Processing company database: company_ieebsmug
[2025-08-15T23:21:09.336Z] [DEBUG] Skipping company_ieebsmug: No scheduled reports collection found
[2025-08-15T23:21:09.337Z] [DEBUG] Processing company database: company_ry0iwbpw
[2025-08-15T23:21:09.389Z] [DEBUG] Finding reports to execute in company_ry0iwbpw (current time: 2025-08-15T23:21:09.389Z)
[2025-08-15T23:21:09.461Z] [INFO] Found 0 reports to execute in company_ry0iwbpw
[2025-08-15T23:21:09.461Z] [INFO] Scheduled reports check completed
[2025-08-15T23:21:09.463Z] [DEBUG] MongoDB connection closed
[2025-08-15T23:21:18.464Z] [INFO] Checking for scheduled reports...
[2025-08-15T23:21:19.039Z] [DEBUG] Connected to MongoDB
[2025-08-15T23:21:19.103Z] [INFO] Found 2 company databases
[2025-08-15T23:21:19.104Z] [DEBUG] Processing company database: company_ieebsmug
[2025-08-15T23:21:19.154Z] [DEBUG] Skipping company_ieebsmug: No scheduled reports collection found
[2025-08-15T23:21:19.154Z] [DEBUG] Processing company database: company_ry0iwbpw
[2025-08-15T23:21:19.203Z] [DEBUG] Finding reports to execute in company_ry0iwbpw (current time: 2025-08-15T23:21:19.203Z)
[2025-08-15T23:21:19.251Z] [INFO] Found 0 reports to execute in company_ry0iwbpw
[2025-08-15T23:21:19.251Z] [INFO] Scheduled reports check completed
[2025-08-15T23:21:19.253Z] [DEBUG] MongoDB connection closed
[2025-08-15T23:21:28.465Z] [INFO] Checking for scheduled reports...
[2025-08-15T23:21:29.049Z] [DEBUG] Connected to MongoDB
[2025-08-15T23:21:29.109Z] [INFO] Found 2 company databases
[2025-08-15T23:21:29.110Z] [DEBUG] Processing company database: company_ieebsmug
[2025-08-15T23:21:29.160Z] [DEBUG] Skipping company_ieebsmug: No scheduled reports collection found
[2025-08-15T23:21:29.160Z] [DEBUG] Processing company database: company_ry0iwbpw
[2025-08-15T23:21:29.211Z] [DEBUG] Finding reports to execute in company_ry0iwbpw (current time: 2025-08-15T23:21:29.211Z)
[2025-08-15T23:21:29.272Z] [INFO] Found 0 reports to execute in company_ry0iwbpw
[2025-08-15T23:21:29.273Z] [INFO] Scheduled reports check completed
[2025-08-15T23:21:29.273Z] [DEBUG] MongoDB connection closed
[2025-08-15T23:21:38.465Z] [INFO] Checking for scheduled reports...
[2025-08-15T23:21:39.037Z] [DEBUG] Connected to MongoDB
[2025-08-15T23:21:39.094Z] [INFO] Found 2 company databases
[2025-08-15T23:21:39.095Z] [DEBUG] Processing company database: company_ieebsmug
[2025-08-15T23:21:39.144Z] [DEBUG] Skipping company_ieebsmug: No scheduled reports collection found
[2025-08-15T23:21:39.144Z] [DEBUG] Processing company database: company_ry0iwbpw
[2025-08-15T23:21:39.193Z] [DEBUG] Finding reports to execute in company_ry0iwbpw (current time: 2025-08-15T23:21:39.193Z)
[2025-08-15T23:21:39.252Z] [INFO] Found 0 reports to execute in company_ry0iwbpw
[2025-08-15T23:21:39.252Z] [INFO] Scheduled reports check completed
[2025-08-15T23:21:39.253Z] [DEBUG] MongoDB connection closed
[2025-08-15T23:21:48.467Z] [INFO] Checking for scheduled reports...
[2025-08-15T23:21:49.035Z] [DEBUG] Connected to MongoDB
[2025-08-15T23:21:49.093Z] [INFO] Found 2 company databases
[2025-08-15T23:21:49.094Z] [DEBUG] Processing company database: company_ieebsmug
[2025-08-15T23:21:49.144Z] [DEBUG] Skipping company_ieebsmug: No scheduled reports collection found
[2025-08-15T23:21:49.144Z] [DEBUG] Processing company database: company_ry0iwbpw
[2025-08-15T23:21:49.196Z] [DEBUG] Finding reports to execute in company_ry0iwbpw (current time: 2025-08-15T23:21:49.196Z)
[2025-08-15T23:21:49.246Z] [INFO] Found 0 reports to execute in company_ry0iwbpw
[2025-08-15T23:21:49.247Z] [INFO] Scheduled reports check completed
[2025-08-15T23:21:49.249Z] [DEBUG] MongoDB connection closed
[2025-08-15T23:21:58.467Z] [INFO] Checking for scheduled reports...
[2025-08-15T23:21:59.045Z] [DEBUG] Connected to MongoDB
[2025-08-15T23:21:59.104Z] [INFO] Found 2 company databases
[2025-08-15T23:21:59.104Z] [DEBUG] Processing company database: company_ieebsmug
[2025-08-15T23:21:59.154Z] [DEBUG] Skipping company_ieebsmug: No scheduled reports collection found
[2025-08-15T23:21:59.155Z] [DEBUG] Processing company database: company_ry0iwbpw
[2025-08-15T23:21:59.205Z] [DEBUG] Finding reports to execute in company_ry0iwbpw (current time: 2025-08-15T23:21:59.205Z)
[2025-08-15T23:21:59.255Z] [INFO] Found 0 reports to execute in company_ry0iwbpw
[2025-08-15T23:21:59.255Z] [INFO] Scheduled reports check completed
[2025-08-15T23:21:59.257Z] [DEBUG] MongoDB connection closed
[2025-08-15T23:22:08.467Z] [INFO] Checking for scheduled reports...
[2025-08-15T23:22:09.050Z] [DEBUG] Connected to MongoDB
[2025-08-15T23:22:09.109Z] [INFO] Found 2 company databases
[2025-08-15T23:22:09.110Z] [DEBUG] Processing company database: company_ieebsmug
[2025-08-15T23:22:09.160Z] [DEBUG] Skipping company_ieebsmug: No scheduled reports collection found
[2025-08-15T23:22:09.161Z] [DEBUG] Processing company database: company_ry0iwbpw
[2025-08-15T23:22:09.211Z] [DEBUG] Finding reports to execute in company_ry0iwbpw (current time: 2025-08-15T23:22:09.211Z)
[2025-08-15T23:22:09.262Z] [INFO] Found 0 reports to execute in company_ry0iwbpw
[2025-08-15T23:22:09.262Z] [INFO] Scheduled reports check completed
[2025-08-15T23:22:09.265Z] [DEBUG] MongoDB connection closed
[2025-08-15T23:22:18.468Z] [INFO] Checking for scheduled reports...
[2025-08-15T23:22:19.155Z] [DEBUG] Connected to MongoDB
[2025-08-15T23:22:19.217Z] [INFO] Found 2 company databases
[2025-08-15T23:22:19.218Z] [DEBUG] Processing company database: company_ieebsmug
[2025-08-15T23:22:19.271Z] [DEBUG] Skipping company_ieebsmug: No scheduled reports collection found
[2025-08-15T23:22:19.272Z] [DEBUG] Processing company database: company_ry0iwbpw
[2025-08-15T23:22:19.326Z] [DEBUG] Finding reports to execute in company_ry0iwbpw (current time: 2025-08-15T23:22:19.326Z)
[2025-08-15T23:22:19.380Z] [INFO] Found 0 reports to execute in company_ry0iwbpw
[2025-08-15T23:22:19.380Z] [INFO] Scheduled reports check completed
[2025-08-15T23:22:19.382Z] [DEBUG] MongoDB connection closed
[2025-08-15T23:22:28.468Z] [INFO] Checking for scheduled reports...
[2025-08-15T23:22:29.239Z] [DEBUG] Connected to MongoDB
[2025-08-15T23:22:29.297Z] [INFO] Found 2 company databases
[2025-08-15T23:22:29.297Z] [DEBUG] Processing company database: company_ieebsmug
[2025-08-15T23:22:29.346Z] [DEBUG] Skipping company_ieebsmug: No scheduled reports collection found
[2025-08-15T23:22:29.346Z] [DEBUG] Processing company database: company_ry0iwbpw
[2025-08-15T23:22:29.394Z] [DEBUG] Finding reports to execute in company_ry0iwbpw (current time: 2025-08-15T23:22:29.394Z)
[2025-08-15T23:22:29.443Z] [INFO] Found 0 reports to execute in company_ry0iwbpw
[2025-08-15T23:22:29.443Z] [INFO] Scheduled reports check completed
[2025-08-15T23:22:29.444Z] [DEBUG] MongoDB connection closed
[2025-08-15T23:22:38.468Z] [INFO] Checking for scheduled reports...
[2025-08-15T23:22:39.095Z] [DEBUG] Connected to MongoDB
[2025-08-15T23:22:39.157Z] [INFO] Found 2 company databases
[2025-08-15T23:22:39.157Z] [DEBUG] Processing company database: company_ieebsmug
[2025-08-15T23:22:39.212Z] [DEBUG] Skipping company_ieebsmug: No scheduled reports collection found
[2025-08-15T23:22:39.212Z] [DEBUG] Processing company database: company_ry0iwbpw
[2025-08-15T23:22:39.268Z] [DEBUG] Finding reports to execute in company_ry0iwbpw (current time: 2025-08-15T23:22:39.268Z)
[2025-08-15T23:22:39.321Z] [INFO] Found 0 reports to execute in company_ry0iwbpw
[2025-08-15T23:22:39.322Z] [INFO] Scheduled reports check completed
[2025-08-15T23:22:39.324Z] [DEBUG] MongoDB connection closed
[2025-08-15T23:22:48.469Z] [INFO] Checking for scheduled reports...
[2025-08-15T23:22:49.109Z] [DEBUG] Connected to MongoDB
[2025-08-15T23:22:49.171Z] [INFO] Found 2 company databases
[2025-08-15T23:22:49.172Z] [DEBUG] Processing company database: company_ieebsmug
[2025-08-15T23:22:49.225Z] [DEBUG] Skipping company_ieebsmug: No scheduled reports collection found
[2025-08-15T23:22:49.225Z] [DEBUG] Processing company database: company_ry0iwbpw
[2025-08-15T23:22:49.279Z] [DEBUG] Finding reports to execute in company_ry0iwbpw (current time: 2025-08-15T23:22:49.279Z)
[2025-08-15T23:22:49.332Z] [INFO] Found 0 reports to execute in company_ry0iwbpw
[2025-08-15T23:22:49.333Z] [INFO] Scheduled reports check completed
[2025-08-15T23:22:49.335Z] [DEBUG] MongoDB connection closed
[2025-08-15T23:22:58.470Z] [INFO] Checking for scheduled reports...
[2025-08-15T23:22:59.090Z] [DEBUG] Connected to MongoDB
[2025-08-15T23:22:59.152Z] [INFO] Found 2 company databases
[2025-08-15T23:22:59.153Z] [DEBUG] Processing company database: company_ieebsmug
[2025-08-15T23:22:59.207Z] [DEBUG] Skipping company_ieebsmug: No scheduled reports collection found
[2025-08-15T23:22:59.207Z] [DEBUG] Processing company database: company_ry0iwbpw
[2025-08-15T23:22:59.262Z] [DEBUG] Finding reports to execute in company_ry0iwbpw (current time: 2025-08-15T23:22:59.262Z)
[2025-08-15T23:22:59.315Z] [INFO] Found 0 reports to execute in company_ry0iwbpw
[2025-08-15T23:22:59.316Z] [INFO] Scheduled reports check completed
[2025-08-15T23:22:59.318Z] [DEBUG] MongoDB connection closed
[2025-08-15T23:23:08.470Z] [INFO] Checking for scheduled reports...
[2025-08-15T23:23:09.082Z] [DEBUG] Connected to MongoDB
[2025-08-15T23:23:09.145Z] [INFO] Found 2 company databases
[2025-08-15T23:23:09.146Z] [DEBUG] Processing company database: company_ieebsmug
[2025-08-15T23:23:09.200Z] [DEBUG] Skipping company_ieebsmug: No scheduled reports collection found
[2025-08-15T23:23:09.201Z] [DEBUG] Processing company database: company_ry0iwbpw
[2025-08-15T23:23:09.255Z] [DEBUG] Finding reports to execute in company_ry0iwbpw (current time: 2025-08-15T23:23:09.255Z)
[2025-08-15T23:23:09.310Z] [INFO] Found 0 reports to execute in company_ry0iwbpw
[2025-08-15T23:23:09.311Z] [INFO] Scheduled reports check completed
[2025-08-15T23:23:09.313Z] [DEBUG] MongoDB connection closed
[2025-08-15T23:23:18.472Z] [INFO] Checking for scheduled reports...
[2025-08-15T23:23:19.093Z] [DEBUG] Connected to MongoDB
[2025-08-15T23:23:19.155Z] [INFO] Found 2 company databases
[2025-08-15T23:23:19.156Z] [DEBUG] Processing company database: company_ieebsmug
[2025-08-15T23:23:19.209Z] [DEBUG] Skipping company_ieebsmug: No scheduled reports collection found
[2025-08-15T23:23:19.210Z] [DEBUG] Processing company database: company_ry0iwbpw
[2025-08-15T23:23:19.265Z] [DEBUG] Finding reports to execute in company_ry0iwbpw (current time: 2025-08-15T23:23:19.265Z)
[2025-08-15T23:23:19.318Z] [INFO] Found 0 reports to execute in company_ry0iwbpw
[2025-08-15T23:23:19.319Z] [INFO] Scheduled reports check completed
[2025-08-15T23:23:19.321Z] [DEBUG] MongoDB connection closed
[2025-08-15T23:23:28.471Z] [INFO] Checking for scheduled reports...
[2025-08-15T23:23:29.166Z] [DEBUG] Connected to MongoDB
[2025-08-15T23:23:29.229Z] [INFO] Found 2 company databases
[2025-08-15T23:23:29.229Z] [DEBUG] Processing company database: company_ieebsmug
[2025-08-15T23:23:29.281Z] [DEBUG] Skipping company_ieebsmug: No scheduled reports collection found
[2025-08-15T23:23:29.282Z] [DEBUG] Processing company database: company_ry0iwbpw
[2025-08-15T23:23:29.334Z] [DEBUG] Finding reports to execute in company_ry0iwbpw (current time: 2025-08-15T23:23:29.334Z)
[2025-08-15T23:23:29.387Z] [INFO] Found 0 reports to execute in company_ry0iwbpw
[2025-08-15T23:23:29.387Z] [INFO] Scheduled reports check completed
[2025-08-15T23:23:29.388Z] [DEBUG] MongoDB connection closed
[2025-08-15T23:23:38.472Z] [INFO] Checking for scheduled reports...
[2025-08-15T23:23:39.089Z] [DEBUG] Connected to MongoDB
[2025-08-15T23:23:39.151Z] [INFO] Found 2 company databases
[2025-08-15T23:23:39.152Z] [DEBUG] Processing company database: company_ieebsmug
[2025-08-15T23:23:39.208Z] [DEBUG] Skipping company_ieebsmug: No scheduled reports collection found
[2025-08-15T23:23:39.209Z] [DEBUG] Processing company database: company_ry0iwbpw
[2025-08-15T23:23:39.263Z] [DEBUG] Finding reports to execute in company_ry0iwbpw (current time: 2025-08-15T23:23:39.263Z)
[2025-08-15T23:23:39.317Z] [INFO] Found 0 reports to execute in company_ry0iwbpw
[2025-08-15T23:23:39.318Z] [INFO] Scheduled reports check completed
[2025-08-15T23:23:39.321Z] [DEBUG] MongoDB connection closed
[2025-08-15T23:23:48.473Z] [INFO] Checking for scheduled reports...
[2025-08-15T23:23:49.200Z] [DEBUG] Connected to MongoDB
[2025-08-15T23:23:49.262Z] [INFO] Found 2 company databases
[2025-08-15T23:23:49.263Z] [DEBUG] Processing company database: company_ieebsmug
[2025-08-15T23:23:49.317Z] [DEBUG] Skipping company_ieebsmug: No scheduled reports collection found
[2025-08-15T23:23:49.317Z] [DEBUG] Processing company database: company_ry0iwbpw
[2025-08-15T23:23:49.377Z] [DEBUG] Finding reports to execute in company_ry0iwbpw (current time: 2025-08-15T23:23:49.377Z)
[2025-08-15T23:23:49.430Z] [INFO] Found 0 reports to execute in company_ry0iwbpw
[2025-08-15T23:23:49.431Z] [INFO] Scheduled reports check completed
[2025-08-15T23:23:49.433Z] [DEBUG] MongoDB connection closed
[2025-08-15T23:23:58.474Z] [INFO] Checking for scheduled reports...
[2025-08-15T23:23:59.084Z] [DEBUG] Connected to MongoDB
[2025-08-15T23:23:59.147Z] [INFO] Found 2 company databases
[2025-08-15T23:23:59.147Z] [DEBUG] Processing company database: company_ieebsmug
[2025-08-15T23:23:59.201Z] [DEBUG] Skipping company_ieebsmug: No scheduled reports collection found
[2025-08-15T23:23:59.202Z] [DEBUG] Processing company database: company_ry0iwbpw
[2025-08-15T23:23:59.264Z] [DEBUG] Finding reports to execute in company_ry0iwbpw (current time: 2025-08-15T23:23:59.264Z)
[2025-08-15T23:23:59.318Z] [INFO] Found 0 reports to execute in company_ry0iwbpw
[2025-08-15T23:23:59.318Z] [INFO] Scheduled reports check completed
[2025-08-15T23:23:59.320Z] [DEBUG] MongoDB connection closed
[2025-08-15T23:24:08.475Z] [INFO] Checking for scheduled reports...
[2025-08-15T23:24:09.096Z] [DEBUG] Connected to MongoDB
[2025-08-15T23:24:09.157Z] [INFO] Found 2 company databases
[2025-08-15T23:24:09.158Z] [DEBUG] Processing company database: company_ieebsmug
[2025-08-15T23:24:09.212Z] [DEBUG] Skipping company_ieebsmug: No scheduled reports collection found
[2025-08-15T23:24:09.213Z] [DEBUG] Processing company database: company_ry0iwbpw
[2025-08-15T23:24:09.268Z] [DEBUG] Finding reports to execute in company_ry0iwbpw (current time: 2025-08-15T23:24:09.268Z)
[2025-08-15T23:24:09.323Z] [INFO] Found 0 reports to execute in company_ry0iwbpw
[2025-08-15T23:24:09.323Z] [INFO] Scheduled reports check completed
[2025-08-15T23:24:09.325Z] [DEBUG] MongoDB connection closed
[2025-08-15T23:24:18.476Z] [INFO] Checking for scheduled reports...
[2025-08-15T23:24:19.074Z] [DEBUG] Connected to MongoDB
[2025-08-15T23:24:19.139Z] [INFO] Found 2 company databases
[2025-08-15T23:24:19.139Z] [DEBUG] Processing company database: company_ieebsmug
[2025-08-15T23:24:19.191Z] [DEBUG] Skipping company_ieebsmug: No scheduled reports collection found
[2025-08-15T23:24:19.192Z] [DEBUG] Processing company database: company_ry0iwbpw
[2025-08-15T23:24:19.245Z] [DEBUG] Finding reports to execute in company_ry0iwbpw (current time: 2025-08-15T23:24:19.245Z)
[2025-08-15T23:24:19.297Z] [INFO] Found 0 reports to execute in company_ry0iwbpw
[2025-08-15T23:24:19.297Z] [INFO] Scheduled reports check completed
[2025-08-15T23:24:19.298Z] [DEBUG] MongoDB connection closed
[2025-08-15T23:24:28.477Z] [INFO] Checking for scheduled reports...
[2025-08-15T23:24:29.087Z] [DEBUG] Connected to MongoDB
[2025-08-15T23:24:29.150Z] [INFO] Found 2 company databases
[2025-08-15T23:24:29.151Z] [DEBUG] Processing company database: company_ieebsmug
[2025-08-15T23:24:29.205Z] [DEBUG] Skipping company_ieebsmug: No scheduled reports collection found
[2025-08-15T23:24:29.205Z] [DEBUG] Processing company database: company_ry0iwbpw
[2025-08-15T23:24:29.262Z] [DEBUG] Finding reports to execute in company_ry0iwbpw (current time: 2025-08-15T23:24:29.261Z)
[2025-08-15T23:24:29.314Z] [INFO] Found 0 reports to execute in company_ry0iwbpw
[2025-08-15T23:24:29.315Z] [INFO] Scheduled reports check completed
[2025-08-15T23:24:29.315Z] [DEBUG] MongoDB connection closed
[2025-08-15T23:24:38.478Z] [INFO] Checking for scheduled reports...
[2025-08-15T23:24:39.172Z] [DEBUG] Connected to MongoDB
[2025-08-15T23:24:39.235Z] [INFO] Found 2 company databases
[2025-08-15T23:24:39.235Z] [DEBUG] Processing company database: company_ieebsmug
[2025-08-15T23:24:39.289Z] [DEBUG] Skipping company_ieebsmug: No scheduled reports collection found
[2025-08-15T23:24:39.290Z] [DEBUG] Processing company database: company_ry0iwbpw
[2025-08-15T23:24:39.346Z] [DEBUG] Finding reports to execute in company_ry0iwbpw (current time: 2025-08-15T23:24:39.346Z)
[2025-08-15T23:24:39.408Z] [INFO] Found 0 reports to execute in company_ry0iwbpw
[2025-08-15T23:24:39.409Z] [INFO] Scheduled reports check completed
[2025-08-15T23:24:39.411Z] [DEBUG] MongoDB connection closed
[2025-08-15T23:24:48.479Z] [INFO] Checking for scheduled reports...
[2025-08-15T23:24:49.091Z] [DEBUG] Connected to MongoDB
[2025-08-15T23:24:49.153Z] [INFO] Found 2 company databases
[2025-08-15T23:24:49.154Z] [DEBUG] Processing company database: company_ieebsmug
[2025-08-15T23:24:49.208Z] [DEBUG] Skipping company_ieebsmug: No scheduled reports collection found
[2025-08-15T23:24:49.208Z] [DEBUG] Processing company database: company_ry0iwbpw
[2025-08-15T23:24:49.262Z] [DEBUG] Finding reports to execute in company_ry0iwbpw (current time: 2025-08-15T23:24:49.262Z)
[2025-08-15T23:24:49.315Z] [INFO] Found 0 reports to execute in company_ry0iwbpw
[2025-08-15T23:24:49.315Z] [INFO] Scheduled reports check completed
[2025-08-15T23:24:49.317Z] [DEBUG] MongoDB connection closed
[2025-08-15T23:24:58.479Z] [INFO] Checking for scheduled reports...
[2025-08-15T23:24:59.102Z] [DEBUG] Connected to MongoDB
[2025-08-15T23:24:59.164Z] [INFO] Found 2 company databases
[2025-08-15T23:24:59.165Z] [DEBUG] Processing company database: company_ieebsmug
[2025-08-15T23:24:59.219Z] [DEBUG] Skipping company_ieebsmug: No scheduled reports collection found
[2025-08-15T23:24:59.220Z] [DEBUG] Processing company database: company_ry0iwbpw
[2025-08-15T23:24:59.275Z] [DEBUG] Finding reports to execute in company_ry0iwbpw (current time: 2025-08-15T23:24:59.275Z)
[2025-08-15T23:24:59.329Z] [INFO] Found 0 reports to execute in company_ry0iwbpw
[2025-08-15T23:24:59.329Z] [INFO] Scheduled reports check completed
[2025-08-15T23:24:59.332Z] [DEBUG] MongoDB connection closed
[2025-08-15T23:25:08.480Z] [INFO] Checking for scheduled reports...
[2025-08-15T23:25:09.131Z] [DEBUG] Connected to MongoDB
[2025-08-15T23:25:09.193Z] [INFO] Found 2 company databases
[2025-08-15T23:25:09.193Z] [DEBUG] Processing company database: company_ieebsmug
[2025-08-15T23:25:09.247Z] [DEBUG] Skipping company_ieebsmug: No scheduled reports collection found
[2025-08-15T23:25:09.247Z] [DEBUG] Processing company database: company_ry0iwbpw
[2025-08-15T23:25:09.300Z] [DEBUG] Finding reports to execute in company_ry0iwbpw (current time: 2025-08-15T23:25:09.300Z)
[2025-08-15T23:25:09.353Z] [INFO] Found 0 reports to execute in company_ry0iwbpw
[2025-08-15T23:25:09.353Z] [INFO] Scheduled reports check completed
[2025-08-15T23:25:09.354Z] [DEBUG] MongoDB connection closed
[2025-08-15T23:25:18.482Z] [INFO] Checking for scheduled reports...
[2025-08-15T23:25:19.123Z] [DEBUG] Connected to MongoDB
[2025-08-15T23:25:19.185Z] [INFO] Found 2 company databases
[2025-08-15T23:25:19.186Z] [DEBUG] Processing company database: company_ieebsmug
[2025-08-15T23:25:19.240Z] [DEBUG] Skipping company_ieebsmug: No scheduled reports collection found
[2025-08-15T23:25:19.241Z] [DEBUG] Processing company database: company_ry0iwbpw
[2025-08-15T23:25:19.296Z] [DEBUG] Finding reports to execute in company_ry0iwbpw (current time: 2025-08-15T23:25:19.296Z)
[2025-08-15T23:25:19.350Z] [INFO] Found 0 reports to execute in company_ry0iwbpw
[2025-08-15T23:25:19.351Z] [INFO] Scheduled reports check completed
[2025-08-15T23:25:19.353Z] [DEBUG] MongoDB connection closed
[2025-08-15T23:25:28.483Z] [INFO] Checking for scheduled reports...
[2025-08-15T23:25:29.095Z] [DEBUG] Connected to MongoDB
[2025-08-15T23:25:29.158Z] [INFO] Found 2 company databases
[2025-08-15T23:25:29.159Z] [DEBUG] Processing company database: company_ieebsmug
[2025-08-15T23:25:29.214Z] [DEBUG] Skipping company_ieebsmug: No scheduled reports collection found
[2025-08-15T23:25:29.215Z] [DEBUG] Processing company database: company_ry0iwbpw
[2025-08-15T23:25:29.268Z] [DEBUG] Finding reports to execute in company_ry0iwbpw (current time: 2025-08-15T23:25:29.268Z)
[2025-08-15T23:25:29.322Z] [INFO] Found 0 reports to execute in company_ry0iwbpw
[2025-08-15T23:25:29.322Z] [INFO] Scheduled reports check completed
[2025-08-15T23:25:29.323Z] [DEBUG] MongoDB connection closed
[2025-08-15T23:25:38.483Z] [INFO] Checking for scheduled reports...
[2025-08-15T23:25:39.115Z] [DEBUG] Connected to MongoDB
[2025-08-15T23:25:39.186Z] [INFO] Found 2 company databases
[2025-08-15T23:25:39.187Z] [DEBUG] Processing company database: company_ieebsmug
[2025-08-15T23:25:39.241Z] [DEBUG] Skipping company_ieebsmug: No scheduled reports collection found
[2025-08-15T23:25:39.241Z] [DEBUG] Processing company database: company_ry0iwbpw
[2025-08-15T23:25:39.295Z] [DEBUG] Finding reports to execute in company_ry0iwbpw (current time: 2025-08-15T23:25:39.295Z)
[2025-08-15T23:25:39.349Z] [INFO] Found 0 reports to execute in company_ry0iwbpw
[2025-08-15T23:25:39.350Z] [INFO] Scheduled reports check completed
[2025-08-15T23:25:39.352Z] [DEBUG] MongoDB connection closed
[2025-08-15T23:25:48.483Z] [INFO] Checking for scheduled reports...
[2025-08-15T23:25:49.183Z] [DEBUG] Connected to MongoDB
[2025-08-15T23:25:49.244Z] [INFO] Found 2 company databases
[2025-08-15T23:25:49.245Z] [DEBUG] Processing company database: company_ieebsmug
[2025-08-15T23:25:49.299Z] [DEBUG] Skipping company_ieebsmug: No scheduled reports collection found
[2025-08-15T23:25:49.300Z] [DEBUG] Processing company database: company_ry0iwbpw
[2025-08-15T23:25:49.354Z] [DEBUG] Finding reports to execute in company_ry0iwbpw (current time: 2025-08-15T23:25:49.354Z)
[2025-08-15T23:25:49.407Z] [INFO] Found 0 reports to execute in company_ry0iwbpw
[2025-08-15T23:25:49.408Z] [INFO] Scheduled reports check completed
[2025-08-15T23:25:49.410Z] [DEBUG] MongoDB connection closed
[2025-08-15T23:25:58.485Z] [INFO] Checking for scheduled reports...
[2025-08-15T23:25:59.101Z] [DEBUG] Connected to MongoDB
[2025-08-15T23:25:59.163Z] [INFO] Found 2 company databases
[2025-08-15T23:25:59.163Z] [DEBUG] Processing company database: company_ieebsmug
[2025-08-15T23:25:59.217Z] [DEBUG] Skipping company_ieebsmug: No scheduled reports collection found
[2025-08-15T23:25:59.218Z] [DEBUG] Processing company database: company_ry0iwbpw
[2025-08-15T23:25:59.274Z] [DEBUG] Finding reports to execute in company_ry0iwbpw (current time: 2025-08-15T23:25:59.274Z)
[2025-08-15T23:25:59.329Z] [INFO] Found 0 reports to execute in company_ry0iwbpw
[2025-08-15T23:25:59.329Z] [INFO] Scheduled reports check completed
[2025-08-15T23:25:59.332Z] [DEBUG] MongoDB connection closed
[2025-08-15T23:26:08.485Z] [INFO] Checking for scheduled reports...
[2025-08-15T23:26:09.067Z] [DEBUG] Connected to MongoDB
[2025-08-15T23:26:09.125Z] [INFO] Found 2 company databases
[2025-08-15T23:26:09.126Z] [DEBUG] Processing company database: company_ieebsmug
[2025-08-15T23:26:09.176Z] [DEBUG] Skipping company_ieebsmug: No scheduled reports collection found
[2025-08-15T23:26:09.176Z] [DEBUG] Processing company database: company_ry0iwbpw
[2025-08-15T23:26:09.224Z] [DEBUG] Finding reports to execute in company_ry0iwbpw (current time: 2025-08-15T23:26:09.224Z)
[2025-08-15T23:26:09.272Z] [INFO] Found 0 reports to execute in company_ry0iwbpw
[2025-08-15T23:26:09.272Z] [INFO] Scheduled reports check completed
[2025-08-15T23:26:09.272Z] [DEBUG] MongoDB connection closed
[2025-08-15T23:26:18.486Z] [INFO] Checking for scheduled reports...
[2025-08-15T23:26:19.047Z] [DEBUG] Connected to MongoDB
[2025-08-15T23:26:19.103Z] [INFO] Found 2 company databases
[2025-08-15T23:26:19.104Z] [DEBUG] Processing company database: company_ieebsmug
[2025-08-15T23:26:19.152Z] [DEBUG] Skipping company_ieebsmug: No scheduled reports collection found
[2025-08-15T23:26:19.152Z] [DEBUG] Processing company database: company_ry0iwbpw
[2025-08-15T23:26:19.201Z] [DEBUG] Finding reports to execute in company_ry0iwbpw (current time: 2025-08-15T23:26:19.201Z)
[2025-08-15T23:26:19.250Z] [INFO] Found 0 reports to execute in company_ry0iwbpw
[2025-08-15T23:26:19.250Z] [INFO] Scheduled reports check completed
[2025-08-15T23:26:19.251Z] [DEBUG] MongoDB connection closed
[2025-08-15T23:26:28.488Z] [INFO] Checking for scheduled reports...
[2025-08-15T23:26:29.124Z] [DEBUG] Connected to MongoDB
[2025-08-15T23:26:29.183Z] [INFO] Found 2 company databases
[2025-08-15T23:26:29.183Z] [DEBUG] Processing company database: company_ieebsmug
[2025-08-15T23:26:29.233Z] [DEBUG] Skipping company_ieebsmug: No scheduled reports collection found
[2025-08-15T23:26:29.234Z] [DEBUG] Processing company database: company_ry0iwbpw
[2025-08-15T23:26:29.282Z] [DEBUG] Finding reports to execute in company_ry0iwbpw (current time: 2025-08-15T23:26:29.282Z)
[2025-08-15T23:26:29.331Z] [INFO] Found 0 reports to execute in company_ry0iwbpw
[2025-08-15T23:26:29.331Z] [INFO] Scheduled reports check completed
[2025-08-15T23:26:29.333Z] [DEBUG] MongoDB connection closed
[2025-08-15T23:26:38.488Z] [INFO] Checking for scheduled reports...
[2025-08-15T23:26:39.074Z] [DEBUG] Connected to MongoDB
[2025-08-15T23:26:39.132Z] [INFO] Found 2 company databases
[2025-08-15T23:26:39.133Z] [DEBUG] Processing company database: company_ieebsmug
[2025-08-15T23:26:39.185Z] [DEBUG] Skipping company_ieebsmug: No scheduled reports collection found
[2025-08-15T23:26:39.185Z] [DEBUG] Processing company database: company_ry0iwbpw
[2025-08-15T23:26:39.235Z] [DEBUG] Finding reports to execute in company_ry0iwbpw (current time: 2025-08-15T23:26:39.235Z)
[2025-08-15T23:26:39.286Z] [INFO] Found 0 reports to execute in company_ry0iwbpw
[2025-08-15T23:26:39.286Z] [INFO] Scheduled reports check completed
[2025-08-15T23:26:39.289Z] [DEBUG] MongoDB connection closed
[2025-08-15T23:26:48.489Z] [INFO] Checking for scheduled reports...
[2025-08-15T23:26:49.152Z] [DEBUG] Connected to MongoDB
[2025-08-15T23:26:49.210Z] [INFO] Found 2 company databases
[2025-08-15T23:26:49.211Z] [DEBUG] Processing company database: company_ieebsmug
[2025-08-15T23:26:49.260Z] [DEBUG] Skipping company_ieebsmug: No scheduled reports collection found
[2025-08-15T23:26:49.260Z] [DEBUG] Processing company database: company_ry0iwbpw
[2025-08-15T23:26:49.311Z] [DEBUG] Finding reports to execute in company_ry0iwbpw (current time: 2025-08-15T23:26:49.311Z)
[2025-08-15T23:26:49.360Z] [INFO] Found 0 reports to execute in company_ry0iwbpw
[2025-08-15T23:26:49.361Z] [INFO] Scheduled reports check completed
[2025-08-15T23:26:49.363Z] [DEBUG] MongoDB connection closed
[2025-08-15T23:26:58.490Z] [INFO] Checking for scheduled reports...
[2025-08-15T23:26:59.092Z] [DEBUG] Connected to MongoDB
[2025-08-15T23:26:59.169Z] [INFO] Found 2 company databases
[2025-08-15T23:26:59.170Z] [DEBUG] Processing company database: company_ieebsmug
[2025-08-15T23:26:59.221Z] [DEBUG] Skipping company_ieebsmug: No scheduled reports collection found
[2025-08-15T23:26:59.221Z] [DEBUG] Processing company database: company_ry0iwbpw
[2025-08-15T23:26:59.271Z] [DEBUG] Finding reports to execute in company_ry0iwbpw (current time: 2025-08-15T23:26:59.271Z)
[2025-08-15T23:26:59.321Z] [INFO] Found 0 reports to execute in company_ry0iwbpw
[2025-08-15T23:26:59.322Z] [INFO] Scheduled reports check completed
[2025-08-15T23:26:59.323Z] [DEBUG] MongoDB connection closed
[2025-08-15T23:27:08.492Z] [INFO] Checking for scheduled reports...
[2025-08-15T23:27:09.075Z] [DEBUG] Connected to MongoDB
[2025-08-15T23:27:09.134Z] [INFO] Found 2 company databases
[2025-08-15T23:27:09.135Z] [DEBUG] Processing company database: company_ieebsmug
[2025-08-15T23:27:09.185Z] [DEBUG] Skipping company_ieebsmug: No scheduled reports collection found
[2025-08-15T23:27:09.186Z] [DEBUG] Processing company database: company_ry0iwbpw
[2025-08-15T23:27:09.237Z] [DEBUG] Finding reports to execute in company_ry0iwbpw (current time: 2025-08-15T23:27:09.236Z)
[2025-08-15T23:27:09.288Z] [INFO] Found 0 reports to execute in company_ry0iwbpw
[2025-08-15T23:27:09.288Z] [INFO] Scheduled reports check completed
[2025-08-15T23:27:09.290Z] [DEBUG] MongoDB connection closed
[2025-08-15T23:27:18.493Z] [INFO] Checking for scheduled reports...
[2025-08-15T23:27:19.088Z] [DEBUG] Connected to MongoDB
[2025-08-15T23:27:19.146Z] [INFO] Found 2 company databases
[2025-08-15T23:27:19.147Z] [DEBUG] Processing company database: company_ieebsmug
[2025-08-15T23:27:19.196Z] [DEBUG] Skipping company_ieebsmug: No scheduled reports collection found
[2025-08-15T23:27:19.197Z] [DEBUG] Processing company database: company_ry0iwbpw
[2025-08-15T23:27:19.247Z] [DEBUG] Finding reports to execute in company_ry0iwbpw (current time: 2025-08-15T23:27:19.247Z)
[2025-08-15T23:27:19.300Z] [INFO] Found 0 reports to execute in company_ry0iwbpw
[2025-08-15T23:27:19.301Z] [INFO] Scheduled reports check completed
[2025-08-15T23:27:19.307Z] [DEBUG] MongoDB connection closed
[2025-08-15T23:27:28.494Z] [INFO] Checking for scheduled reports...
[2025-08-15T23:27:29.075Z] [DEBUG] Connected to MongoDB
[2025-08-15T23:27:29.135Z] [INFO] Found 2 company databases
[2025-08-15T23:27:29.135Z] [DEBUG] Processing company database: company_ieebsmug
[2025-08-15T23:27:29.185Z] [DEBUG] Skipping company_ieebsmug: No scheduled reports collection found
[2025-08-15T23:27:29.186Z] [DEBUG] Processing company database: company_ry0iwbpw
[2025-08-15T23:27:29.236Z] [DEBUG] Finding reports to execute in company_ry0iwbpw (current time: 2025-08-15T23:27:29.236Z)
[2025-08-15T23:27:29.285Z] [INFO] Found 0 reports to execute in company_ry0iwbpw
[2025-08-15T23:27:29.285Z] [INFO] Scheduled reports check completed
[2025-08-15T23:27:29.285Z] [DEBUG] MongoDB connection closed
[2025-08-15T23:27:38.494Z] [INFO] Checking for scheduled reports...
[2025-08-15T23:27:39.061Z] [DEBUG] Connected to MongoDB
[2025-08-15T23:27:39.119Z] [INFO] Found 2 company databases
[2025-08-15T23:27:39.119Z] [DEBUG] Processing company database: company_ieebsmug
[2025-08-15T23:27:39.169Z] [DEBUG] Skipping company_ieebsmug: No scheduled reports collection found
[2025-08-15T23:27:39.169Z] [DEBUG] Processing company database: company_ry0iwbpw
[2025-08-15T23:27:39.217Z] [DEBUG] Finding reports to execute in company_ry0iwbpw (current time: 2025-08-15T23:27:39.217Z)
[2025-08-15T23:27:39.265Z] [INFO] Found 0 reports to execute in company_ry0iwbpw
[2025-08-15T23:27:39.266Z] [INFO] Scheduled reports check completed
[2025-08-15T23:27:39.267Z] [DEBUG] MongoDB connection closed
[2025-08-15T23:27:48.496Z] [INFO] Checking for scheduled reports...
[2025-08-15T23:27:49.093Z] [DEBUG] Connected to MongoDB
[2025-08-15T23:27:49.151Z] [INFO] Found 2 company databases
[2025-08-15T23:27:49.152Z] [DEBUG] Processing company database: company_ieebsmug
[2025-08-15T23:27:49.201Z] [DEBUG] Skipping company_ieebsmug: No scheduled reports collection found
[2025-08-15T23:27:49.202Z] [DEBUG] Processing company database: company_ry0iwbpw
[2025-08-15T23:27:49.252Z] [DEBUG] Finding reports to execute in company_ry0iwbpw (current time: 2025-08-15T23:27:49.252Z)
[2025-08-15T23:27:49.301Z] [INFO] Found 0 reports to execute in company_ry0iwbpw
[2025-08-15T23:27:49.301Z] [INFO] Scheduled reports check completed
[2025-08-15T23:27:49.303Z] [DEBUG] MongoDB connection closed
[2025-08-15T23:27:58.698Z] [INFO] Checking for scheduled reports...
[2025-08-15T23:27:59.362Z] [DEBUG] Connected to MongoDB
[2025-08-15T23:27:59.420Z] [INFO] Found 2 company databases
[2025-08-15T23:27:59.421Z] [DEBUG] Processing company database: company_ieebsmug
[2025-08-15T23:27:59.471Z] [DEBUG] Skipping company_ieebsmug: No scheduled reports collection found
[2025-08-15T23:27:59.472Z] [DEBUG] Processing company database: company_ry0iwbpw
[2025-08-15T23:27:59.521Z] [DEBUG] Finding reports to execute in company_ry0iwbpw (current time: 2025-08-15T23:27:59.521Z)
[2025-08-15T23:27:59.573Z] [INFO] Found 0 reports to execute in company_ry0iwbpw
[2025-08-15T23:27:59.573Z] [INFO] Scheduled reports check completed
[2025-08-15T23:27:59.575Z] [DEBUG] MongoDB connection closed
[2025-08-15T23:28:08.699Z] [INFO] Checking for scheduled reports...
[2025-08-15T23:28:09.273Z] [DEBUG] Connected to MongoDB
[2025-08-15T23:28:09.330Z] [INFO] Found 2 company databases
[2025-08-15T23:28:09.331Z] [DEBUG] Processing company database: company_ieebsmug
[2025-08-15T23:28:09.380Z] [DEBUG] Skipping company_ieebsmug: No scheduled reports collection found
[2025-08-15T23:28:09.381Z] [DEBUG] Processing company database: company_ry0iwbpw
[2025-08-15T23:28:09.430Z] [DEBUG] Finding reports to execute in company_ry0iwbpw (current time: 2025-08-15T23:28:09.430Z)
[2025-08-15T23:28:09.480Z] [INFO] Found 0 reports to execute in company_ry0iwbpw
[2025-08-15T23:28:09.480Z] [INFO] Scheduled reports check completed
[2025-08-15T23:28:09.482Z] [DEBUG] MongoDB connection closed
[2025-08-15T23:28:18.700Z] [INFO] Checking for scheduled reports...
[2025-08-15T23:28:19.276Z] [DEBUG] Connected to MongoDB
[2025-08-15T23:28:19.334Z] [INFO] Found 2 company databases
[2025-08-15T23:28:19.335Z] [DEBUG] Processing company database: company_ieebsmug
[2025-08-15T23:28:19.385Z] [DEBUG] Skipping company_ieebsmug: No scheduled reports collection found
[2025-08-15T23:28:19.385Z] [DEBUG] Processing company database: company_ry0iwbpw
[2025-08-15T23:28:19.435Z] [DEBUG] Finding reports to execute in company_ry0iwbpw (current time: 2025-08-15T23:28:19.435Z)
[2025-08-15T23:28:19.485Z] [INFO] Found 0 reports to execute in company_ry0iwbpw
[2025-08-15T23:28:19.486Z] [INFO] Scheduled reports check completed
[2025-08-15T23:28:19.488Z] [DEBUG] MongoDB connection closed
[2025-08-15T23:28:28.701Z] [INFO] Checking for scheduled reports...
[2025-08-15T23:28:29.279Z] [DEBUG] Connected to MongoDB
[2025-08-15T23:28:29.352Z] [INFO] Found 2 company databases
[2025-08-15T23:28:29.352Z] [DEBUG] Processing company database: company_ieebsmug
[2025-08-15T23:28:29.402Z] [DEBUG] Skipping company_ieebsmug: No scheduled reports collection found
[2025-08-15T23:28:29.403Z] [DEBUG] Processing company database: company_ry0iwbpw
[2025-08-15T23:28:29.453Z] [DEBUG] Finding reports to execute in company_ry0iwbpw (current time: 2025-08-15T23:28:29.453Z)
[2025-08-15T23:28:29.524Z] [INFO] Found 0 reports to execute in company_ry0iwbpw
[2025-08-15T23:28:29.524Z] [INFO] Scheduled reports check completed
[2025-08-15T23:28:29.524Z] [DEBUG] MongoDB connection closed
[2025-08-15T23:28:38.701Z] [INFO] Checking for scheduled reports...
[2025-08-15T23:28:39.276Z] [DEBUG] Connected to MongoDB
[2025-08-15T23:28:39.335Z] [INFO] Found 2 company databases
[2025-08-15T23:28:39.336Z] [DEBUG] Processing company database: company_ieebsmug
[2025-08-15T23:28:39.386Z] [DEBUG] Skipping company_ieebsmug: No scheduled reports collection found
[2025-08-15T23:28:39.387Z] [DEBUG] Processing company database: company_ry0iwbpw
[2025-08-15T23:28:39.440Z] [DEBUG] Finding reports to execute in company_ry0iwbpw (current time: 2025-08-15T23:28:39.440Z)
[2025-08-15T23:28:39.490Z] [INFO] Found 0 reports to execute in company_ry0iwbpw
[2025-08-15T23:28:39.491Z] [INFO] Scheduled reports check completed
[2025-08-15T23:28:39.493Z] [DEBUG] MongoDB connection closed
[2025-08-15T23:28:48.704Z] [INFO] Checking for scheduled reports...
[2025-08-15T23:28:49.299Z] [DEBUG] Connected to MongoDB
[2025-08-15T23:28:49.366Z] [INFO] Found 2 company databases
[2025-08-15T23:28:49.367Z] [DEBUG] Processing company database: company_ieebsmug
[2025-08-15T23:28:49.415Z] [DEBUG] Skipping company_ieebsmug: No scheduled reports collection found
[2025-08-15T23:28:49.416Z] [DEBUG] Processing company database: company_ry0iwbpw
[2025-08-15T23:28:49.466Z] [DEBUG] Finding reports to execute in company_ry0iwbpw (current time: 2025-08-15T23:28:49.466Z)
[2025-08-15T23:28:49.515Z] [INFO] Found 0 reports to execute in company_ry0iwbpw
[2025-08-15T23:28:49.515Z] [INFO] Scheduled reports check completed
[2025-08-15T23:28:49.517Z] [DEBUG] MongoDB connection closed
[2025-08-15T23:28:58.705Z] [INFO] Checking for scheduled reports...
[2025-08-15T23:28:59.280Z] [DEBUG] Connected to MongoDB
[2025-08-15T23:28:59.339Z] [INFO] Found 2 company databases
[2025-08-15T23:28:59.339Z] [DEBUG] Processing company database: company_ieebsmug
[2025-08-15T23:28:59.389Z] [DEBUG] Skipping company_ieebsmug: No scheduled reports collection found
[2025-08-15T23:28:59.389Z] [DEBUG] Processing company database: company_ry0iwbpw
[2025-08-15T23:28:59.439Z] [DEBUG] Finding reports to execute in company_ry0iwbpw (current time: 2025-08-15T23:28:59.439Z)
[2025-08-15T23:28:59.489Z] [INFO] Found 0 reports to execute in company_ry0iwbpw
[2025-08-15T23:28:59.490Z] [INFO] Scheduled reports check completed
[2025-08-15T23:28:59.491Z] [DEBUG] MongoDB connection closed
[2025-08-15T23:29:08.706Z] [INFO] Checking for scheduled reports...
[2025-08-15T23:29:09.466Z] [DEBUG] Connected to MongoDB
[2025-08-15T23:29:09.523Z] [INFO] Found 2 company databases
[2025-08-15T23:29:09.523Z] [DEBUG] Processing company database: company_ieebsmug
[2025-08-15T23:29:09.572Z] [DEBUG] Skipping company_ieebsmug: No scheduled reports collection found
[2025-08-15T23:29:09.572Z] [DEBUG] Processing company database: company_ry0iwbpw
[2025-08-15T23:29:09.633Z] [DEBUG] Finding reports to execute in company_ry0iwbpw (current time: 2025-08-15T23:29:09.633Z)
[2025-08-15T23:29:09.683Z] [INFO] Found 0 reports to execute in company_ry0iwbpw
[2025-08-15T23:29:09.684Z] [INFO] Scheduled reports check completed
[2025-08-15T23:29:09.686Z] [DEBUG] MongoDB connection closed
[2025-08-15T23:29:18.708Z] [INFO] Checking for scheduled reports...
[2025-08-15T23:29:19.287Z] [DEBUG] Connected to MongoDB
[2025-08-15T23:29:19.351Z] [INFO] Found 2 company databases
[2025-08-15T23:29:19.352Z] [DEBUG] Processing company database: company_ieebsmug
[2025-08-15T23:29:19.401Z] [DEBUG] Skipping company_ieebsmug: No scheduled reports collection found
[2025-08-15T23:29:19.402Z] [DEBUG] Processing company database: company_ry0iwbpw
[2025-08-15T23:29:19.465Z] [DEBUG] Finding reports to execute in company_ry0iwbpw (current time: 2025-08-15T23:29:19.465Z)
[2025-08-15T23:29:19.514Z] [INFO] Found 0 reports to execute in company_ry0iwbpw
[2025-08-15T23:29:19.515Z] [INFO] Scheduled reports check completed
[2025-08-15T23:29:19.517Z] [DEBUG] MongoDB connection closed
[2025-08-15T23:29:28.708Z] [INFO] Checking for scheduled reports...
[2025-08-15T23:29:29.289Z] [DEBUG] Connected to MongoDB
[2025-08-15T23:29:29.347Z] [INFO] Found 2 company databases
[2025-08-15T23:29:29.348Z] [DEBUG] Processing company database: company_ieebsmug
[2025-08-15T23:29:29.400Z] [DEBUG] Skipping company_ieebsmug: No scheduled reports collection found
[2025-08-15T23:29:29.400Z] [DEBUG] Processing company database: company_ry0iwbpw
[2025-08-15T23:29:29.457Z] [DEBUG] Finding reports to execute in company_ry0iwbpw (current time: 2025-08-15T23:29:29.457Z)
[2025-08-15T23:29:29.508Z] [INFO] Found 0 reports to execute in company_ry0iwbpw
[2025-08-15T23:29:29.508Z] [INFO] Scheduled reports check completed
[2025-08-15T23:29:29.510Z] [DEBUG] MongoDB connection closed
[2025-08-15T23:29:38.710Z] [INFO] Checking for scheduled reports...
[2025-08-15T23:29:39.286Z] [DEBUG] Connected to MongoDB
[2025-08-15T23:29:39.344Z] [INFO] Found 2 company databases
[2025-08-15T23:29:39.345Z] [DEBUG] Processing company database: company_ieebsmug
[2025-08-15T23:29:39.395Z] [DEBUG] Skipping company_ieebsmug: No scheduled reports collection found
[2025-08-15T23:29:39.396Z] [DEBUG] Processing company database: company_ry0iwbpw
[2025-08-15T23:29:39.445Z] [DEBUG] Finding reports to execute in company_ry0iwbpw (current time: 2025-08-15T23:29:39.445Z)
[2025-08-15T23:29:39.495Z] [INFO] Found 0 reports to execute in company_ry0iwbpw
[2025-08-15T23:29:39.495Z] [INFO] Scheduled reports check completed
[2025-08-15T23:29:39.498Z] [DEBUG] MongoDB connection closed
[2025-08-15T23:29:48.711Z] [INFO] Checking for scheduled reports...
[2025-08-15T23:29:49.288Z] [DEBUG] Connected to MongoDB
[2025-08-15T23:29:49.345Z] [INFO] Found 2 company databases
[2025-08-15T23:29:49.346Z] [DEBUG] Processing company database: company_ieebsmug
[2025-08-15T23:29:49.396Z] [DEBUG] Skipping company_ieebsmug: No scheduled reports collection found
[2025-08-15T23:29:49.396Z] [DEBUG] Processing company database: company_ry0iwbpw
[2025-08-15T23:29:49.448Z] [DEBUG] Finding reports to execute in company_ry0iwbpw (current time: 2025-08-15T23:29:49.448Z)
[2025-08-15T23:29:49.498Z] [INFO] Found 0 reports to execute in company_ry0iwbpw
[2025-08-15T23:29:49.499Z] [INFO] Scheduled reports check completed
[2025-08-15T23:29:49.502Z] [DEBUG] MongoDB connection closed
[2025-08-15T23:29:58.712Z] [INFO] Checking for scheduled reports...
[2025-08-15T23:29:59.311Z] [DEBUG] Connected to MongoDB
[2025-08-15T23:29:59.375Z] [INFO] Found 2 company databases
[2025-08-15T23:29:59.375Z] [DEBUG] Processing company database: company_ieebsmug
[2025-08-15T23:29:59.427Z] [DEBUG] Skipping company_ieebsmug: No scheduled reports collection found
[2025-08-15T23:29:59.427Z] [DEBUG] Processing company database: company_ry0iwbpw
[2025-08-15T23:29:59.476Z] [DEBUG] Finding reports to execute in company_ry0iwbpw (current time: 2025-08-15T23:29:59.476Z)
[2025-08-15T23:29:59.524Z] [INFO] Found 0 reports to execute in company_ry0iwbpw
[2025-08-15T23:29:59.524Z] [INFO] Scheduled reports check completed
[2025-08-15T23:29:59.526Z] [DEBUG] MongoDB connection closed
[2025-08-15T23:30:08.714Z] [INFO] Checking for scheduled reports...
[2025-08-15T23:30:09.276Z] [DEBUG] Connected to MongoDB
[2025-08-15T23:30:09.334Z] [INFO] Found 2 company databases
[2025-08-15T23:30:09.335Z] [DEBUG] Processing company database: company_ieebsmug
[2025-08-15T23:30:09.385Z] [DEBUG] Skipping company_ieebsmug: No scheduled reports collection found
[2025-08-15T23:30:09.385Z] [DEBUG] Processing company database: company_ry0iwbpw
[2025-08-15T23:30:09.435Z] [DEBUG] Finding reports to execute in company_ry0iwbpw (current time: 2025-08-15T23:30:09.435Z)
[2025-08-15T23:30:09.484Z] [INFO] Found 0 reports to execute in company_ry0iwbpw
[2025-08-15T23:30:09.484Z] [INFO] Scheduled reports check completed
[2025-08-15T23:30:09.486Z] [DEBUG] MongoDB connection closed
[2025-08-15T23:30:18.716Z] [INFO] Checking for scheduled reports...
[2025-08-15T23:30:19.383Z] [DEBUG] Connected to MongoDB
[2025-08-15T23:30:19.440Z] [INFO] Found 2 company databases
[2025-08-15T23:30:19.441Z] [DEBUG] Processing company database: company_ieebsmug
[2025-08-15T23:30:19.490Z] [DEBUG] Skipping company_ieebsmug: No scheduled reports collection found
[2025-08-15T23:30:19.491Z] [DEBUG] Processing company database: company_ry0iwbpw
[2025-08-15T23:30:19.541Z] [DEBUG] Finding reports to execute in company_ry0iwbpw (current time: 2025-08-15T23:30:19.541Z)
[2025-08-15T23:30:19.591Z] [INFO] Found 0 reports to execute in company_ry0iwbpw
[2025-08-15T23:30:19.591Z] [INFO] Scheduled reports check completed
[2025-08-15T23:30:19.593Z] [DEBUG] MongoDB connection closed
[2025-08-15T23:30:28.717Z] [INFO] Checking for scheduled reports...
[2025-08-15T23:30:29.268Z] [DEBUG] Connected to MongoDB
[2025-08-15T23:30:29.324Z] [INFO] Found 2 company databases
[2025-08-15T23:30:29.324Z] [DEBUG] Processing company database: company_ieebsmug
[2025-08-15T23:30:29.372Z] [DEBUG] Skipping company_ieebsmug: No scheduled reports collection found
[2025-08-15T23:30:29.373Z] [DEBUG] Processing company database: company_ry0iwbpw
[2025-08-15T23:30:29.422Z] [DEBUG] Finding reports to execute in company_ry0iwbpw (current time: 2025-08-15T23:30:29.422Z)
[2025-08-15T23:30:29.470Z] [INFO] Found 0 reports to execute in company_ry0iwbpw
[2025-08-15T23:30:29.470Z] [INFO] Scheduled reports check completed
[2025-08-15T23:30:29.471Z] [DEBUG] MongoDB connection closed
[2025-08-15T23:30:38.718Z] [INFO] Checking for scheduled reports...
[2025-08-15T23:30:39.293Z] [DEBUG] Connected to MongoDB
[2025-08-15T23:30:39.349Z] [INFO] Found 2 company databases
[2025-08-15T23:30:39.350Z] [DEBUG] Processing company database: company_ieebsmug
[2025-08-15T23:30:39.398Z] [DEBUG] Skipping company_ieebsmug: No scheduled reports collection found
[2025-08-15T23:30:39.398Z] [DEBUG] Processing company database: company_ry0iwbpw
[2025-08-15T23:30:39.447Z] [DEBUG] Finding reports to execute in company_ry0iwbpw (current time: 2025-08-15T23:30:39.447Z)
[2025-08-15T23:30:39.495Z] [INFO] Found 0 reports to execute in company_ry0iwbpw
[2025-08-15T23:30:39.495Z] [INFO] Scheduled reports check completed
[2025-08-15T23:30:39.496Z] [DEBUG] MongoDB connection closed
[2025-08-15T23:30:48.719Z] [INFO] Checking for scheduled reports...
[2025-08-15T23:30:49.299Z] [DEBUG] Connected to MongoDB
[2025-08-15T23:30:49.358Z] [INFO] Found 2 company databases
[2025-08-15T23:30:49.358Z] [DEBUG] Processing company database: company_ieebsmug
[2025-08-15T23:30:49.408Z] [DEBUG] Skipping company_ieebsmug: No scheduled reports collection found
[2025-08-15T23:30:49.409Z] [DEBUG] Processing company database: company_ry0iwbpw
[2025-08-15T23:30:49.459Z] [DEBUG] Finding reports to execute in company_ry0iwbpw (current time: 2025-08-15T23:30:49.459Z)
[2025-08-15T23:30:49.509Z] [INFO] Found 0 reports to execute in company_ry0iwbpw
[2025-08-15T23:30:49.510Z] [INFO] Scheduled reports check completed
[2025-08-15T23:30:49.512Z] [DEBUG] MongoDB connection closed
[2025-08-15T23:30:58.720Z] [INFO] Checking for scheduled reports...
[2025-08-15T23:30:59.291Z] [DEBUG] Connected to MongoDB
[2025-08-15T23:30:59.349Z] [INFO] Found 2 company databases
[2025-08-15T23:30:59.349Z] [DEBUG] Processing company database: company_ieebsmug
[2025-08-15T23:30:59.397Z] [DEBUG] Skipping company_ieebsmug: No scheduled reports collection found
[2025-08-15T23:30:59.397Z] [DEBUG] Processing company database: company_ry0iwbpw
[2025-08-15T23:30:59.449Z] [DEBUG] Finding reports to execute in company_ry0iwbpw (current time: 2025-08-15T23:30:59.449Z)
[2025-08-15T23:30:59.498Z] [INFO] Found 0 reports to execute in company_ry0iwbpw
[2025-08-15T23:30:59.498Z] [INFO] Scheduled reports check completed
[2025-08-15T23:30:59.499Z] [DEBUG] MongoDB connection closed
[2025-08-15T23:31:08.722Z] [INFO] Checking for scheduled reports...
[2025-08-15T23:31:09.283Z] [DEBUG] Connected to MongoDB
[2025-08-15T23:31:09.341Z] [INFO] Found 2 company databases
[2025-08-15T23:31:09.341Z] [DEBUG] Processing company database: company_ieebsmug
[2025-08-15T23:31:09.390Z] [DEBUG] Skipping company_ieebsmug: No scheduled reports collection found
[2025-08-15T23:31:09.390Z] [DEBUG] Processing company database: company_ry0iwbpw
[2025-08-15T23:31:09.439Z] [DEBUG] Finding reports to execute in company_ry0iwbpw (current time: 2025-08-15T23:31:09.439Z)
[2025-08-15T23:31:09.490Z] [INFO] Found 0 reports to execute in company_ry0iwbpw
[2025-08-15T23:31:09.490Z] [INFO] Scheduled reports check completed
[2025-08-15T23:31:09.492Z] [DEBUG] MongoDB connection closed
[2025-08-15T23:31:18.723Z] [INFO] Checking for scheduled reports...
[2025-08-15T23:31:19.305Z] [DEBUG] Connected to MongoDB
[2025-08-15T23:31:19.365Z] [INFO] Found 2 company databases
[2025-08-15T23:31:19.366Z] [DEBUG] Processing company database: company_ieebsmug
[2025-08-15T23:31:19.416Z] [DEBUG] Skipping company_ieebsmug: No scheduled reports collection found
[2025-08-15T23:31:19.417Z] [DEBUG] Processing company database: company_ry0iwbpw
[2025-08-15T23:31:19.466Z] [DEBUG] Finding reports to execute in company_ry0iwbpw (current time: 2025-08-15T23:31:19.466Z)
[2025-08-15T23:31:19.516Z] [INFO] Found 0 reports to execute in company_ry0iwbpw
[2025-08-15T23:31:19.516Z] [INFO] Scheduled reports check completed
[2025-08-15T23:31:19.518Z] [DEBUG] MongoDB connection closed
[2025-08-15T23:31:28.722Z] [INFO] Checking for scheduled reports...
[2025-08-15T23:31:29.366Z] [DEBUG] Connected to MongoDB
[2025-08-15T23:31:29.423Z] [INFO] Found 2 company databases
[2025-08-15T23:31:29.423Z] [DEBUG] Processing company database: company_ieebsmug
[2025-08-15T23:31:29.472Z] [DEBUG] Skipping company_ieebsmug: No scheduled reports collection found
[2025-08-15T23:31:29.473Z] [DEBUG] Processing company database: company_ry0iwbpw
[2025-08-15T23:31:29.522Z] [DEBUG] Finding reports to execute in company_ry0iwbpw (current time: 2025-08-15T23:31:29.522Z)
[2025-08-15T23:31:29.570Z] [INFO] Found 0 reports to execute in company_ry0iwbpw
[2025-08-15T23:31:29.571Z] [INFO] Scheduled reports check completed
[2025-08-15T23:31:29.571Z] [DEBUG] MongoDB connection closed
[2025-08-15T23:31:38.724Z] [INFO] Checking for scheduled reports...
[2025-08-15T23:31:39.306Z] [DEBUG] Connected to MongoDB
[2025-08-15T23:31:39.363Z] [INFO] Found 2 company databases
[2025-08-15T23:31:39.364Z] [DEBUG] Processing company database: company_ieebsmug
[2025-08-15T23:31:39.427Z] [DEBUG] Skipping company_ieebsmug: No scheduled reports collection found
[2025-08-15T23:31:39.428Z] [DEBUG] Processing company database: company_ry0iwbpw
[2025-08-15T23:31:39.478Z] [DEBUG] Finding reports to execute in company_ry0iwbpw (current time: 2025-08-15T23:31:39.478Z)
[2025-08-15T23:31:39.527Z] [INFO] Found 0 reports to execute in company_ry0iwbpw
[2025-08-15T23:31:39.527Z] [INFO] Scheduled reports check completed
[2025-08-15T23:31:39.528Z] [DEBUG] MongoDB connection closed
[2025-08-15T23:31:48.724Z] [INFO] Checking for scheduled reports...
[2025-08-15T23:31:49.480Z] [DEBUG] Connected to MongoDB
[2025-08-15T23:31:49.537Z] [INFO] Found 2 company databases
[2025-08-15T23:31:49.538Z] [DEBUG] Processing company database: company_ieebsmug
[2025-08-15T23:31:49.586Z] [DEBUG] Skipping company_ieebsmug: No scheduled reports collection found
[2025-08-15T23:31:49.587Z] [DEBUG] Processing company database: company_ry0iwbpw
[2025-08-15T23:31:49.647Z] [DEBUG] Finding reports to execute in company_ry0iwbpw (current time: 2025-08-15T23:31:49.647Z)
[2025-08-15T23:31:49.695Z] [INFO] Found 0 reports to execute in company_ry0iwbpw
[2025-08-15T23:31:49.696Z] [INFO] Scheduled reports check completed
[2025-08-15T23:31:49.697Z] [DEBUG] MongoDB connection closed
[2025-08-15T23:31:58.726Z] [INFO] Checking for scheduled reports...
[2025-08-15T23:31:59.303Z] [DEBUG] Connected to MongoDB
[2025-08-15T23:31:59.361Z] [INFO] Found 2 company databases
[2025-08-15T23:31:59.361Z] [DEBUG] Processing company database: company_ieebsmug
[2025-08-15T23:31:59.412Z] [DEBUG] Skipping company_ieebsmug: No scheduled reports collection found
[2025-08-15T23:31:59.412Z] [DEBUG] Processing company database: company_ry0iwbpw
[2025-08-15T23:31:59.461Z] [DEBUG] Finding reports to execute in company_ry0iwbpw (current time: 2025-08-15T23:31:59.461Z)
[2025-08-15T23:31:59.509Z] [INFO] Found 0 reports to execute in company_ry0iwbpw
[2025-08-15T23:31:59.509Z] [INFO] Scheduled reports check completed
[2025-08-15T23:31:59.510Z] [DEBUG] MongoDB connection closed
[2025-08-15T23:32:08.727Z] [INFO] Checking for scheduled reports...
[2025-08-15T23:32:09.298Z] [DEBUG] Connected to MongoDB
[2025-08-15T23:32:09.355Z] [INFO] Found 2 company databases
[2025-08-15T23:32:09.355Z] [DEBUG] Processing company database: company_ieebsmug
[2025-08-15T23:32:09.403Z] [DEBUG] Skipping company_ieebsmug: No scheduled reports collection found
[2025-08-15T23:32:09.404Z] [DEBUG] Processing company database: company_ry0iwbpw
[2025-08-15T23:32:09.452Z] [DEBUG] Finding reports to execute in company_ry0iwbpw (current time: 2025-08-15T23:32:09.452Z)
[2025-08-15T23:32:09.500Z] [INFO] Found 0 reports to execute in company_ry0iwbpw
[2025-08-15T23:32:09.501Z] [INFO] Scheduled reports check completed
[2025-08-15T23:32:09.501Z] [DEBUG] MongoDB connection closed
[2025-08-15T23:32:18.729Z] [INFO] Checking for scheduled reports...
[2025-08-15T23:32:19.314Z] [DEBUG] Connected to MongoDB
[2025-08-15T23:32:19.371Z] [INFO] Found 2 company databases
[2025-08-15T23:32:19.371Z] [DEBUG] Processing company database: company_ieebsmug
[2025-08-15T23:32:19.419Z] [DEBUG] Skipping company_ieebsmug: No scheduled reports collection found
[2025-08-15T23:32:19.420Z] [DEBUG] Processing company database: company_ry0iwbpw
[2025-08-15T23:32:19.469Z] [DEBUG] Finding reports to execute in company_ry0iwbpw (current time: 2025-08-15T23:32:19.469Z)
[2025-08-15T23:32:19.517Z] [INFO] Found 0 reports to execute in company_ry0iwbpw
[2025-08-15T23:32:19.517Z] [INFO] Scheduled reports check completed
[2025-08-15T23:32:19.518Z] [DEBUG] MongoDB connection closed
[2025-08-15T23:32:28.730Z] [INFO] Checking for scheduled reports...
[2025-08-15T23:32:29.295Z] [DEBUG] Connected to MongoDB
[2025-08-15T23:32:29.354Z] [INFO] Found 2 company databases
[2025-08-15T23:32:29.355Z] [DEBUG] Processing company database: company_ieebsmug
[2025-08-15T23:32:29.405Z] [DEBUG] Skipping company_ieebsmug: No scheduled reports collection found
[2025-08-15T23:32:29.406Z] [DEBUG] Processing company database: company_ry0iwbpw
[2025-08-15T23:32:29.456Z] [DEBUG] Finding reports to execute in company_ry0iwbpw (current time: 2025-08-15T23:32:29.456Z)
[2025-08-15T23:32:29.505Z] [INFO] Found 0 reports to execute in company_ry0iwbpw
[2025-08-15T23:32:29.505Z] [INFO] Scheduled reports check completed
[2025-08-15T23:32:29.506Z] [DEBUG] MongoDB connection closed
[2025-08-15T23:32:38.731Z] [INFO] Checking for scheduled reports...
[2025-08-15T23:32:39.305Z] [DEBUG] Connected to MongoDB
[2025-08-15T23:32:39.364Z] [INFO] Found 2 company databases
[2025-08-15T23:32:39.364Z] [DEBUG] Processing company database: company_ieebsmug
[2025-08-15T23:32:39.413Z] [DEBUG] Skipping company_ieebsmug: No scheduled reports collection found
[2025-08-15T23:32:39.413Z] [DEBUG] Processing company database: company_ry0iwbpw
[2025-08-15T23:32:39.462Z] [DEBUG] Finding reports to execute in company_ry0iwbpw (current time: 2025-08-15T23:32:39.462Z)
[2025-08-15T23:32:39.514Z] [INFO] Found 0 reports to execute in company_ry0iwbpw
[2025-08-15T23:32:39.514Z] [INFO] Scheduled reports check completed
[2025-08-15T23:32:39.515Z] [DEBUG] MongoDB connection closed
[2025-08-15T23:32:48.732Z] [INFO] Checking for scheduled reports...
[2025-08-15T23:32:49.323Z] [DEBUG] Connected to MongoDB
[2025-08-15T23:32:49.383Z] [INFO] Found 2 company databases
[2025-08-15T23:32:49.383Z] [DEBUG] Processing company database: company_ieebsmug
[2025-08-15T23:32:49.434Z] [DEBUG] Skipping company_ieebsmug: No scheduled reports collection found
[2025-08-15T23:32:49.434Z] [DEBUG] Processing company database: company_ry0iwbpw
[2025-08-15T23:32:49.485Z] [DEBUG] Finding reports to execute in company_ry0iwbpw (current time: 2025-08-15T23:32:49.485Z)
[2025-08-15T23:32:49.538Z] [INFO] Found 0 reports to execute in company_ry0iwbpw
[2025-08-15T23:32:49.544Z] [INFO] Scheduled reports check completed
[2025-08-15T23:32:49.549Z] [DEBUG] MongoDB connection closed
[2025-08-15T23:32:58.734Z] [INFO] Checking for scheduled reports...
[2025-08-15T23:32:59.303Z] [DEBUG] Connected to MongoDB
[2025-08-15T23:32:59.360Z] [INFO] Found 2 company databases
[2025-08-15T23:32:59.360Z] [DEBUG] Processing company database: company_ieebsmug
[2025-08-15T23:32:59.410Z] [DEBUG] Skipping company_ieebsmug: No scheduled reports collection found
[2025-08-15T23:32:59.410Z] [DEBUG] Processing company database: company_ry0iwbpw
[2025-08-15T23:32:59.461Z] [DEBUG] Finding reports to execute in company_ry0iwbpw (current time: 2025-08-15T23:32:59.461Z)
[2025-08-15T23:32:59.510Z] [INFO] Found 0 reports to execute in company_ry0iwbpw
[2025-08-15T23:32:59.510Z] [INFO] Scheduled reports check completed
[2025-08-15T23:32:59.510Z] [DEBUG] MongoDB connection closed
[2025-08-15T23:33:08.734Z] [INFO] Checking for scheduled reports...
[2025-08-15T23:33:09.524Z] [DEBUG] Connected to MongoDB
[2025-08-15T23:33:09.581Z] [INFO] Found 2 company databases
[2025-08-15T23:33:09.582Z] [DEBUG] Processing company database: company_ieebsmug
[2025-08-15T23:33:09.632Z] [DEBUG] Skipping company_ieebsmug: No scheduled reports collection found
[2025-08-15T23:33:09.633Z] [DEBUG] Processing company database: company_ry0iwbpw
[2025-08-15T23:33:09.682Z] [DEBUG] Finding reports to execute in company_ry0iwbpw (current time: 2025-08-15T23:33:09.682Z)
[2025-08-15T23:33:09.731Z] [INFO] Found 0 reports to execute in company_ry0iwbpw
[2025-08-15T23:33:09.731Z] [INFO] Scheduled reports check completed
[2025-08-15T23:33:09.733Z] [DEBUG] MongoDB connection closed
[2025-08-15T23:33:18.735Z] [INFO] Checking for scheduled reports...
[2025-08-15T23:33:19.329Z] [DEBUG] Connected to MongoDB
[2025-08-15T23:33:19.389Z] [INFO] Found 2 company databases
[2025-08-15T23:33:19.389Z] [DEBUG] Processing company database: company_ieebsmug
[2025-08-15T23:33:19.439Z] [DEBUG] Skipping company_ieebsmug: No scheduled reports collection found
[2025-08-15T23:33:19.440Z] [DEBUG] Processing company database: company_ry0iwbpw
[2025-08-15T23:33:19.490Z] [DEBUG] Finding reports to execute in company_ry0iwbpw (current time: 2025-08-15T23:33:19.490Z)
[2025-08-15T23:33:19.539Z] [INFO] Found 0 reports to execute in company_ry0iwbpw
[2025-08-15T23:33:19.539Z] [INFO] Scheduled reports check completed
[2025-08-15T23:33:19.542Z] [DEBUG] MongoDB connection closed
[2025-08-15T23:33:28.737Z] [INFO] Checking for scheduled reports...
[2025-08-15T23:33:29.322Z] [DEBUG] Connected to MongoDB
[2025-08-15T23:33:29.383Z] [INFO] Found 2 company databases
[2025-08-15T23:33:29.384Z] [DEBUG] Processing company database: company_ieebsmug
[2025-08-15T23:33:29.433Z] [DEBUG] Skipping company_ieebsmug: No scheduled reports collection found
[2025-08-15T23:33:29.433Z] [DEBUG] Processing company database: company_ry0iwbpw
[2025-08-15T23:33:29.490Z] [DEBUG] Finding reports to execute in company_ry0iwbpw (current time: 2025-08-15T23:33:29.490Z)
[2025-08-15T23:33:29.569Z] [INFO] Found 0 reports to execute in company_ry0iwbpw
[2025-08-15T23:33:29.573Z] [INFO] Scheduled reports check completed
[2025-08-15T23:33:29.618Z] [DEBUG] MongoDB connection closed
[2025-08-15T23:33:38.738Z] [INFO] Checking for scheduled reports...
[2025-08-15T23:33:39.393Z] [DEBUG] Connected to MongoDB
[2025-08-15T23:33:39.454Z] [INFO] Found 2 company databases
[2025-08-15T23:33:39.455Z] [DEBUG] Processing company database: company_ieebsmug
[2025-08-15T23:33:39.505Z] [DEBUG] Skipping company_ieebsmug: No scheduled reports collection found
[2025-08-15T23:33:39.505Z] [DEBUG] Processing company database: company_ry0iwbpw
[2025-08-15T23:33:39.559Z] [DEBUG] Finding reports to execute in company_ry0iwbpw (current time: 2025-08-15T23:33:39.559Z)
[2025-08-15T23:33:39.608Z] [INFO] Found 0 reports to execute in company_ry0iwbpw
[2025-08-15T23:33:39.609Z] [INFO] Scheduled reports check completed
[2025-08-15T23:33:39.611Z] [DEBUG] MongoDB connection closed
[2025-08-15T23:33:48.739Z] [INFO] Checking for scheduled reports...
[2025-08-15T23:33:49.309Z] [DEBUG] Connected to MongoDB
[2025-08-15T23:33:49.367Z] [INFO] Found 2 company databases
[2025-08-15T23:33:49.368Z] [DEBUG] Processing company database: company_ieebsmug
[2025-08-15T23:33:49.417Z] [DEBUG] Skipping company_ieebsmug: No scheduled reports collection found
[2025-08-15T23:33:49.418Z] [DEBUG] Processing company database: company_ry0iwbpw
[2025-08-15T23:33:49.467Z] [DEBUG] Finding reports to execute in company_ry0iwbpw (current time: 2025-08-15T23:33:49.467Z)
[2025-08-15T23:33:49.517Z] [INFO] Found 0 reports to execute in company_ry0iwbpw
[2025-08-15T23:33:49.517Z] [INFO] Scheduled reports check completed
[2025-08-15T23:33:49.519Z] [DEBUG] MongoDB connection closed
[2025-08-15T23:33:58.741Z] [INFO] Checking for scheduled reports...
[2025-08-15T23:33:59.320Z] [DEBUG] Connected to MongoDB
[2025-08-15T23:33:59.378Z] [INFO] Found 2 company databases
[2025-08-15T23:33:59.379Z] [DEBUG] Processing company database: company_ieebsmug
[2025-08-15T23:33:59.429Z] [DEBUG] Skipping company_ieebsmug: No scheduled reports collection found
[2025-08-15T23:33:59.429Z] [DEBUG] Processing company database: company_ry0iwbpw
[2025-08-15T23:33:59.480Z] [DEBUG] Finding reports to execute in company_ry0iwbpw (current time: 2025-08-15T23:33:59.480Z)
[2025-08-15T23:33:59.530Z] [INFO] Found 0 reports to execute in company_ry0iwbpw
[2025-08-15T23:33:59.530Z] [INFO] Scheduled reports check completed
[2025-08-15T23:33:59.532Z] [DEBUG] MongoDB connection closed
[2025-08-15T23:34:08.742Z] [INFO] Checking for scheduled reports...
[2025-08-15T23:34:09.316Z] [DEBUG] Connected to MongoDB
[2025-08-15T23:34:09.392Z] [INFO] Found 2 company databases
[2025-08-15T23:34:09.393Z] [DEBUG] Processing company database: company_ieebsmug
[2025-08-15T23:34:09.484Z] [DEBUG] Skipping company_ieebsmug: No scheduled reports collection found
[2025-08-15T23:34:09.484Z] [DEBUG] Processing company database: company_ry0iwbpw
[2025-08-15T23:34:09.533Z] [DEBUG] Finding reports to execute in company_ry0iwbpw (current time: 2025-08-15T23:34:09.533Z)
[2025-08-15T23:34:09.581Z] [INFO] Found 0 reports to execute in company_ry0iwbpw
[2025-08-15T23:34:09.581Z] [INFO] Scheduled reports check completed
[2025-08-15T23:34:09.582Z] [DEBUG] MongoDB connection closed
[2025-08-15T23:34:18.743Z] [INFO] Checking for scheduled reports...
[2025-08-15T23:34:19.316Z] [DEBUG] Connected to MongoDB
[2025-08-15T23:34:19.375Z] [INFO] Found 2 company databases
[2025-08-15T23:34:19.375Z] [DEBUG] Processing company database: company_ieebsmug
[2025-08-15T23:34:19.424Z] [DEBUG] Skipping company_ieebsmug: No scheduled reports collection found
[2025-08-15T23:34:19.424Z] [DEBUG] Processing company database: company_ry0iwbpw
[2025-08-15T23:34:19.477Z] [DEBUG] Finding reports to execute in company_ry0iwbpw (current time: 2025-08-15T23:34:19.477Z)
[2025-08-15T23:34:19.526Z] [INFO] Found 0 reports to execute in company_ry0iwbpw
[2025-08-15T23:34:19.527Z] [INFO] Scheduled reports check completed
[2025-08-15T23:34:19.530Z] [DEBUG] MongoDB connection closed
[2025-08-15T23:34:28.747Z] [INFO] Checking for scheduled reports...
[2025-08-15T23:34:29.315Z] [DEBUG] Connected to MongoDB
[2025-08-15T23:34:29.372Z] [INFO] Found 2 company databases
[2025-08-15T23:34:29.373Z] [DEBUG] Processing company database: company_ieebsmug
[2025-08-15T23:34:29.422Z] [DEBUG] Skipping company_ieebsmug: No scheduled reports collection found
[2025-08-15T23:34:29.422Z] [DEBUG] Processing company database: company_ry0iwbpw
[2025-08-15T23:34:29.471Z] [DEBUG] Finding reports to execute in company_ry0iwbpw (current time: 2025-08-15T23:34:29.471Z)
[2025-08-15T23:34:29.521Z] [INFO] Found 0 reports to execute in company_ry0iwbpw
[2025-08-15T23:34:29.521Z] [INFO] Scheduled reports check completed
[2025-08-15T23:34:29.522Z] [DEBUG] MongoDB connection closed
[2025-08-15T23:34:38.935Z] [INFO] Checking for scheduled reports...
[2025-08-15T23:34:39.777Z] [DEBUG] Connected to MongoDB
[2025-08-15T23:34:39.834Z] [INFO] Found 2 company databases
[2025-08-15T23:34:39.835Z] [DEBUG] Processing company database: company_ieebsmug
[2025-08-15T23:34:39.883Z] [DEBUG] Skipping company_ieebsmug: No scheduled reports collection found
[2025-08-15T23:34:39.884Z] [DEBUG] Processing company database: company_ry0iwbpw
[2025-08-15T23:34:39.936Z] [DEBUG] Finding reports to execute in company_ry0iwbpw (current time: 2025-08-15T23:34:39.936Z)
[2025-08-15T23:34:39.985Z] [INFO] Found 0 reports to execute in company_ry0iwbpw
[2025-08-15T23:34:39.985Z] [INFO] Scheduled reports check completed
[2025-08-15T23:34:39.987Z] [DEBUG] MongoDB connection closed
[2025-08-15T23:34:48.921Z] [INFO] Checking for scheduled reports...
[2025-08-15T23:34:49.496Z] [DEBUG] Connected to MongoDB
[2025-08-15T23:34:49.554Z] [INFO] Found 2 company databases
[2025-08-15T23:34:49.555Z] [DEBUG] Processing company database: company_ieebsmug
[2025-08-15T23:34:49.603Z] [DEBUG] Skipping company_ieebsmug: No scheduled reports collection found
[2025-08-15T23:34:49.603Z] [DEBUG] Processing company database: company_ry0iwbpw
[2025-08-15T23:34:49.651Z] [DEBUG] Finding reports to execute in company_ry0iwbpw (current time: 2025-08-15T23:34:49.651Z)
[2025-08-15T23:34:49.700Z] [INFO] Found 0 reports to execute in company_ry0iwbpw
[2025-08-15T23:34:49.700Z] [INFO] Scheduled reports check completed
[2025-08-15T23:34:49.701Z] [DEBUG] MongoDB connection closed
[2025-08-15T23:34:58.922Z] [INFO] Checking for scheduled reports...
[2025-08-15T23:34:59.483Z] [DEBUG] Connected to MongoDB
[2025-08-15T23:34:59.539Z] [INFO] Found 2 company databases
[2025-08-15T23:34:59.539Z] [DEBUG] Processing company database: company_ieebsmug
[2025-08-15T23:34:59.586Z] [DEBUG] Skipping company_ieebsmug: No scheduled reports collection found
[2025-08-15T23:34:59.587Z] [DEBUG] Processing company database: company_ry0iwbpw
[2025-08-15T23:34:59.636Z] [DEBUG] Finding reports to execute in company_ry0iwbpw (current time: 2025-08-15T23:34:59.636Z)
[2025-08-15T23:34:59.684Z] [INFO] Found 0 reports to execute in company_ry0iwbpw
[2025-08-15T23:34:59.684Z] [INFO] Scheduled reports check completed
[2025-08-15T23:34:59.685Z] [DEBUG] MongoDB connection closed
[2025-08-15T23:35:08.923Z] [INFO] Checking for scheduled reports...
[2025-08-15T23:35:09.489Z] [DEBUG] Connected to MongoDB
[2025-08-15T23:35:09.545Z] [INFO] Found 2 company databases
[2025-08-15T23:35:09.546Z] [DEBUG] Processing company database: company_ieebsmug
[2025-08-15T23:35:09.597Z] [DEBUG] Skipping company_ieebsmug: No scheduled reports collection found
[2025-08-15T23:35:09.598Z] [DEBUG] Processing company database: company_ry0iwbpw
[2025-08-15T23:35:09.647Z] [DEBUG] Finding reports to execute in company_ry0iwbpw (current time: 2025-08-15T23:35:09.647Z)
[2025-08-15T23:35:09.695Z] [INFO] Found 0 reports to execute in company_ry0iwbpw
[2025-08-15T23:35:09.696Z] [INFO] Scheduled reports check completed
[2025-08-15T23:35:09.696Z] [DEBUG] MongoDB connection closed
[2025-08-15T23:35:18.925Z] [INFO] Checking for scheduled reports...
[2025-08-15T23:35:19.501Z] [DEBUG] Connected to MongoDB
[2025-08-15T23:35:19.559Z] [INFO] Found 2 company databases
[2025-08-15T23:35:19.560Z] [DEBUG] Processing company database: company_ieebsmug
[2025-08-15T23:35:19.610Z] [DEBUG] Skipping company_ieebsmug: No scheduled reports collection found
[2025-08-15T23:35:19.610Z] [DEBUG] Processing company database: company_ry0iwbpw
[2025-08-15T23:35:19.666Z] [DEBUG] Finding reports to execute in company_ry0iwbpw (current time: 2025-08-15T23:35:19.666Z)
[2025-08-15T23:35:19.715Z] [INFO] Found 0 reports to execute in company_ry0iwbpw
[2025-08-15T23:35:19.716Z] [INFO] Scheduled reports check completed
[2025-08-15T23:35:19.718Z] [DEBUG] MongoDB connection closed
[2025-08-15T23:35:28.926Z] [INFO] Checking for scheduled reports...
[2025-08-15T23:35:29.508Z] [DEBUG] Connected to MongoDB
[2025-08-15T23:35:29.576Z] [INFO] Found 2 company databases
[2025-08-15T23:35:29.576Z] [DEBUG] Processing company database: company_ieebsmug
[2025-08-15T23:35:29.625Z] [DEBUG] Skipping company_ieebsmug: No scheduled reports collection found
[2025-08-15T23:35:29.625Z] [DEBUG] Processing company database: company_ry0iwbpw
[2025-08-15T23:35:29.673Z] [DEBUG] Finding reports to execute in company_ry0iwbpw (current time: 2025-08-15T23:35:29.673Z)
[2025-08-15T23:35:29.721Z] [INFO] Found 0 reports to execute in company_ry0iwbpw
[2025-08-15T23:35:29.721Z] [INFO] Scheduled reports check completed
[2025-08-15T23:35:29.722Z] [DEBUG] MongoDB connection closed
[2025-08-15T23:35:38.928Z] [INFO] Checking for scheduled reports...
[2025-08-15T23:35:39.591Z] [DEBUG] Connected to MongoDB
[2025-08-15T23:35:39.648Z] [INFO] Found 2 company databases
[2025-08-15T23:35:39.649Z] [DEBUG] Processing company database: company_ieebsmug
[2025-08-15T23:35:39.698Z] [DEBUG] Skipping company_ieebsmug: No scheduled reports collection found
[2025-08-15T23:35:39.698Z] [DEBUG] Processing company database: company_ry0iwbpw
[2025-08-15T23:35:39.748Z] [DEBUG] Finding reports to execute in company_ry0iwbpw (current time: 2025-08-15T23:35:39.748Z)
[2025-08-15T23:35:39.797Z] [INFO] Found 0 reports to execute in company_ry0iwbpw
[2025-08-15T23:35:39.797Z] [INFO] Scheduled reports check completed
[2025-08-15T23:35:39.798Z] [DEBUG] MongoDB connection closed
[2025-08-15T23:35:48.956Z] [INFO] Checking for scheduled reports...
[2025-08-15T23:35:49.563Z] [DEBUG] Connected to MongoDB
[2025-08-15T23:35:49.637Z] [INFO] Found 3 company databases
[2025-08-15T23:35:49.638Z] [DEBUG] Processing company database: company_6I22ydwr
[2025-08-15T23:35:49.686Z] [DEBUG] Skipping company_6I22ydwr: No scheduled reports collection found
[2025-08-15T23:35:49.686Z] [DEBUG] Processing company database: company_ieebsmug
[2025-08-15T23:35:49.735Z] [DEBUG] Skipping company_ieebsmug: No scheduled reports collection found
[2025-08-15T23:35:49.735Z] [DEBUG] Processing company database: company_ry0iwbpw
[2025-08-15T23:35:49.785Z] [DEBUG] Finding reports to execute in company_ry0iwbpw (current time: 2025-08-15T23:35:49.785Z)
[2025-08-15T23:35:49.834Z] [INFO] Found 0 reports to execute in company_ry0iwbpw
[2025-08-15T23:35:49.834Z] [INFO] Scheduled reports check completed
[2025-08-15T23:35:49.835Z] [DEBUG] MongoDB connection closed
[2025-08-15T23:35:58.950Z] [INFO] Checking for scheduled reports...
[2025-08-15T23:35:59.647Z] [DEBUG] Connected to MongoDB
[2025-08-15T23:35:59.706Z] [INFO] Found 3 company databases
[2025-08-15T23:35:59.706Z] [DEBUG] Processing company database: company_6I22ydwr
[2025-08-15T23:35:59.755Z] [DEBUG] Skipping company_6I22ydwr: No scheduled reports collection found
[2025-08-15T23:35:59.756Z] [DEBUG] Processing company database: company_ieebsmug
[2025-08-15T23:35:59.805Z] [DEBUG] Skipping company_ieebsmug: No scheduled reports collection found
[2025-08-15T23:35:59.806Z] [DEBUG] Processing company database: company_ry0iwbpw
[2025-08-15T23:35:59.855Z] [DEBUG] Finding reports to execute in company_ry0iwbpw (current time: 2025-08-15T23:35:59.855Z)
[2025-08-15T23:35:59.903Z] [INFO] Found 0 reports to execute in company_ry0iwbpw
[2025-08-15T23:35:59.903Z] [INFO] Scheduled reports check completed
[2025-08-15T23:35:59.904Z] [DEBUG] MongoDB connection closed
[2025-08-15T23:36:08.952Z] [INFO] Checking for scheduled reports...
[2025-08-15T23:36:09.563Z] [DEBUG] Connected to MongoDB
[2025-08-15T23:36:09.626Z] [INFO] Found 3 company databases
[2025-08-15T23:36:09.626Z] [DEBUG] Processing company database: company_6I22ydwr
[2025-08-15T23:36:09.679Z] [DEBUG] Skipping company_6I22ydwr: No scheduled reports collection found
[2025-08-15T23:36:09.679Z] [DEBUG] Processing company database: company_ieebsmug
[2025-08-15T23:36:09.731Z] [DEBUG] Skipping company_ieebsmug: No scheduled reports collection found
[2025-08-15T23:36:09.731Z] [DEBUG] Processing company database: company_ry0iwbpw
[2025-08-15T23:36:09.784Z] [DEBUG] Finding reports to execute in company_ry0iwbpw (current time: 2025-08-15T23:36:09.784Z)
[2025-08-15T23:36:09.836Z] [INFO] Found 0 reports to execute in company_ry0iwbpw
[2025-08-15T23:36:09.836Z] [INFO] Scheduled reports check completed
[2025-08-15T23:36:09.837Z] [DEBUG] MongoDB connection closed
[2025-08-15T23:36:18.953Z] [INFO] Checking for scheduled reports...
[2025-08-15T23:36:19.556Z] [DEBUG] Connected to MongoDB
[2025-08-15T23:36:19.617Z] [INFO] Found 3 company databases
[2025-08-15T23:36:19.617Z] [DEBUG] Processing company database: company_6I22ydwr
[2025-08-15T23:36:19.670Z] [DEBUG] Skipping company_6I22ydwr: No scheduled reports collection found
[2025-08-15T23:36:19.671Z] [DEBUG] Processing company database: company_ieebsmug
[2025-08-15T23:36:19.724Z] [DEBUG] Skipping company_ieebsmug: No scheduled reports collection found
[2025-08-15T23:36:19.724Z] [DEBUG] Processing company database: company_ry0iwbpw
[2025-08-15T23:36:19.777Z] [DEBUG] Finding reports to execute in company_ry0iwbpw (current time: 2025-08-15T23:36:19.777Z)
[2025-08-15T23:36:19.830Z] [INFO] Found 0 reports to execute in company_ry0iwbpw
[2025-08-15T23:36:19.830Z] [INFO] Scheduled reports check completed
[2025-08-15T23:36:19.832Z] [DEBUG] MongoDB connection closed
[2025-08-15T23:36:28.955Z] [INFO] Checking for scheduled reports...
[2025-08-15T23:36:29.581Z] [DEBUG] Connected to MongoDB
[2025-08-15T23:36:29.645Z] [INFO] Found 3 company databases
[2025-08-15T23:36:29.646Z] [DEBUG] Processing company database: company_6I22ydwr
[2025-08-15T23:36:29.698Z] [DEBUG] Skipping company_6I22ydwr: No scheduled reports collection found
[2025-08-15T23:36:29.699Z] [DEBUG] Processing company database: company_ieebsmug
[2025-08-15T23:36:29.753Z] [DEBUG] Skipping company_ieebsmug: No scheduled reports collection found
[2025-08-15T23:36:29.753Z] [DEBUG] Processing company database: company_ry0iwbpw
[2025-08-15T23:36:29.808Z] [DEBUG] Finding reports to execute in company_ry0iwbpw (current time: 2025-08-15T23:36:29.808Z)
[2025-08-15T23:36:29.861Z] [INFO] Found 0 reports to execute in company_ry0iwbpw
[2025-08-15T23:36:29.861Z] [INFO] Scheduled reports check completed
[2025-08-15T23:36:29.862Z] [DEBUG] MongoDB connection closed
[2025-08-15T23:36:38.956Z] [INFO] Checking for scheduled reports...
[2025-08-15T23:36:39.647Z] [DEBUG] Connected to MongoDB
[2025-08-15T23:36:39.709Z] [INFO] Found 3 company databases
[2025-08-15T23:36:39.709Z] [DEBUG] Processing company database: company_6I22ydwr
[2025-08-15T23:36:39.761Z] [DEBUG] Skipping company_6I22ydwr: No scheduled reports collection found
[2025-08-15T23:36:39.761Z] [DEBUG] Processing company database: company_ieebsmug
[2025-08-15T23:36:39.814Z] [DEBUG] Skipping company_ieebsmug: No scheduled reports collection found
[2025-08-15T23:36:39.814Z] [DEBUG] Processing company database: company_ry0iwbpw
[2025-08-15T23:36:39.867Z] [DEBUG] Finding reports to execute in company_ry0iwbpw (current time: 2025-08-15T23:36:39.867Z)
[2025-08-15T23:36:39.921Z] [INFO] Found 0 reports to execute in company_ry0iwbpw
[2025-08-15T23:36:39.922Z] [INFO] Scheduled reports check completed
[2025-08-15T23:36:39.924Z] [DEBUG] MongoDB connection closed
[2025-08-15T23:36:48.958Z] [INFO] Checking for scheduled reports...
[2025-08-15T23:36:49.581Z] [DEBUG] Connected to MongoDB
[2025-08-15T23:36:49.656Z] [INFO] Found 3 company databases
[2025-08-15T23:36:49.656Z] [DEBUG] Processing company database: company_6I22ydwr
[2025-08-15T23:36:49.709Z] [DEBUG] Skipping company_6I22ydwr: No scheduled reports collection found
[2025-08-15T23:36:49.710Z] [DEBUG] Processing company database: company_ieebsmug
[2025-08-15T23:36:49.762Z] [DEBUG] Skipping company_ieebsmug: No scheduled reports collection found
[2025-08-15T23:36:49.762Z] [DEBUG] Processing company database: company_ry0iwbpw
[2025-08-15T23:36:49.815Z] [DEBUG] Finding reports to execute in company_ry0iwbpw (current time: 2025-08-15T23:36:49.815Z)
[2025-08-15T23:36:49.868Z] [INFO] Found 0 reports to execute in company_ry0iwbpw
[2025-08-15T23:36:49.868Z] [INFO] Scheduled reports check completed
[2025-08-15T23:36:49.869Z] [DEBUG] MongoDB connection closed
[2025-08-15T23:36:58.961Z] [INFO] Checking for scheduled reports...
[2025-08-15T23:36:59.572Z] [DEBUG] Connected to MongoDB
[2025-08-15T23:36:59.635Z] [INFO] Found 3 company databases
[2025-08-15T23:36:59.636Z] [DEBUG] Processing company database: company_6I22ydwr
[2025-08-15T23:36:59.688Z] [DEBUG] Skipping company_6I22ydwr: No scheduled reports collection found
[2025-08-15T23:36:59.689Z] [DEBUG] Processing company database: company_ieebsmug
[2025-08-15T23:36:59.741Z] [DEBUG] Skipping company_ieebsmug: No scheduled reports collection found
[2025-08-15T23:36:59.741Z] [DEBUG] Processing company database: company_ry0iwbpw
[2025-08-15T23:36:59.793Z] [DEBUG] Finding reports to execute in company_ry0iwbpw (current time: 2025-08-15T23:36:59.793Z)
[2025-08-15T23:36:59.846Z] [INFO] Found 0 reports to execute in company_ry0iwbpw
[2025-08-15T23:36:59.846Z] [INFO] Scheduled reports check completed
[2025-08-15T23:36:59.847Z] [DEBUG] MongoDB connection closed
[2025-08-15T23:37:08.962Z] [INFO] Checking for scheduled reports...
[2025-08-15T23:37:09.774Z] [DEBUG] Connected to MongoDB
[2025-08-15T23:37:09.840Z] [INFO] Found 3 company databases
[2025-08-15T23:37:09.841Z] [DEBUG] Processing company database: company_6I22ydwr
[2025-08-15T23:37:09.895Z] [DEBUG] Skipping company_6I22ydwr: No scheduled reports collection found
[2025-08-15T23:37:09.896Z] [DEBUG] Processing company database: company_ieebsmug
[2025-08-15T23:37:09.950Z] [DEBUG] Skipping company_ieebsmug: No scheduled reports collection found
[2025-08-15T23:37:09.950Z] [DEBUG] Processing company database: company_ry0iwbpw
[2025-08-15T23:37:10.005Z] [DEBUG] Finding reports to execute in company_ry0iwbpw (current time: 2025-08-15T23:37:10.005Z)
[2025-08-15T23:37:10.059Z] [INFO] Found 0 reports to execute in company_ry0iwbpw
[2025-08-15T23:37:10.060Z] [INFO] Scheduled reports check completed
[2025-08-15T23:37:10.062Z] [DEBUG] MongoDB connection closed
[2025-08-15T23:37:18.963Z] [INFO] Checking for scheduled reports...
[2025-08-15T23:37:19.569Z] [DEBUG] Connected to MongoDB
[2025-08-15T23:37:19.644Z] [INFO] Found 3 company databases
[2025-08-15T23:37:19.644Z] [DEBUG] Processing company database: company_6I22ydwr
[2025-08-15T23:37:19.698Z] [DEBUG] Skipping company_6I22ydwr: No scheduled reports collection found
[2025-08-15T23:37:19.698Z] [DEBUG] Processing company database: company_ieebsmug
[2025-08-15T23:37:19.751Z] [DEBUG] Skipping company_ieebsmug: No scheduled reports collection found
[2025-08-15T23:37:19.751Z] [DEBUG] Processing company database: company_ry0iwbpw
[2025-08-15T23:37:19.806Z] [DEBUG] Finding reports to execute in company_ry0iwbpw (current time: 2025-08-15T23:37:19.806Z)
[2025-08-15T23:37:19.859Z] [INFO] Found 0 reports to execute in company_ry0iwbpw
[2025-08-15T23:37:19.859Z] [INFO] Scheduled reports check completed
[2025-08-15T23:37:19.861Z] [DEBUG] MongoDB connection closed
[2025-08-15T23:37:28.964Z] [INFO] Checking for scheduled reports...
[2025-08-15T23:37:29.595Z] [DEBUG] Connected to MongoDB
[2025-08-15T23:37:29.660Z] [INFO] Found 3 company databases
[2025-08-15T23:37:29.660Z] [DEBUG] Processing company database: company_6I22ydwr
[2025-08-15T23:37:29.713Z] [DEBUG] Skipping company_6I22ydwr: No scheduled reports collection found
[2025-08-15T23:37:29.713Z] [DEBUG] Processing company database: company_ieebsmug
[2025-08-15T23:37:29.765Z] [DEBUG] Skipping company_ieebsmug: No scheduled reports collection found
[2025-08-15T23:37:29.766Z] [DEBUG] Processing company database: company_ry0iwbpw
[2025-08-15T23:37:29.819Z] [DEBUG] Finding reports to execute in company_ry0iwbpw (current time: 2025-08-15T23:37:29.819Z)
[2025-08-15T23:37:29.872Z] [INFO] Found 0 reports to execute in company_ry0iwbpw
[2025-08-15T23:37:29.872Z] [INFO] Scheduled reports check completed
[2025-08-15T23:37:29.875Z] [DEBUG] MongoDB connection closed
[2025-08-15T23:37:38.965Z] [INFO] Checking for scheduled reports...
[2025-08-15T23:37:39.661Z] [DEBUG] Connected to MongoDB
[2025-08-15T23:37:39.722Z] [INFO] Found 3 company databases
[2025-08-15T23:37:39.722Z] [DEBUG] Processing company database: company_6I22ydwr
[2025-08-15T23:37:39.775Z] [DEBUG] Skipping company_6I22ydwr: No scheduled reports collection found
[2025-08-15T23:37:39.776Z] [DEBUG] Processing company database: company_ieebsmug
[2025-08-15T23:37:39.828Z] [DEBUG] Skipping company_ieebsmug: No scheduled reports collection found
[2025-08-15T23:37:39.829Z] [DEBUG] Processing company database: company_ry0iwbpw
[2025-08-15T23:37:39.883Z] [DEBUG] Finding reports to execute in company_ry0iwbpw (current time: 2025-08-15T23:37:39.883Z)
[2025-08-15T23:37:39.937Z] [INFO] Found 0 reports to execute in company_ry0iwbpw
[2025-08-15T23:37:39.937Z] [INFO] Scheduled reports check completed
[2025-08-15T23:37:39.939Z] [DEBUG] MongoDB connection closed
[2025-08-15T23:37:48.966Z] [INFO] Checking for scheduled reports...
[2025-08-15T23:37:49.591Z] [DEBUG] Connected to MongoDB
[2025-08-15T23:37:49.653Z] [INFO] Found 3 company databases
[2025-08-15T23:37:49.654Z] [DEBUG] Processing company database: company_6I22ydwr
[2025-08-15T23:37:49.708Z] [DEBUG] Skipping company_6I22ydwr: No scheduled reports collection found
[2025-08-15T23:37:49.709Z] [DEBUG] Processing company database: company_ieebsmug
[2025-08-15T23:37:49.762Z] [DEBUG] Skipping company_ieebsmug: No scheduled reports collection found
[2025-08-15T23:37:49.763Z] [DEBUG] Processing company database: company_ry0iwbpw
[2025-08-15T23:37:49.817Z] [DEBUG] Finding reports to execute in company_ry0iwbpw (current time: 2025-08-15T23:37:49.817Z)
[2025-08-15T23:37:49.875Z] [INFO] Found 0 reports to execute in company_ry0iwbpw
[2025-08-15T23:37:49.876Z] [INFO] Scheduled reports check completed
[2025-08-15T23:37:49.877Z] [DEBUG] MongoDB connection closed
[2025-08-15T23:37:58.972Z] [INFO] Checking for scheduled reports...
[2025-08-15T23:37:59.587Z] [DEBUG] Connected to MongoDB
[2025-08-15T23:37:59.649Z] [INFO] Found 3 company databases
[2025-08-15T23:37:59.649Z] [DEBUG] Processing company database: company_6I22ydwr
[2025-08-15T23:37:59.704Z] [DEBUG] Skipping company_6I22ydwr: No scheduled reports collection found
[2025-08-15T23:37:59.704Z] [DEBUG] Processing company database: company_ieebsmug
[2025-08-15T23:37:59.757Z] [DEBUG] Skipping company_ieebsmug: No scheduled reports collection found
[2025-08-15T23:37:59.757Z] [DEBUG] Processing company database: company_ry0iwbpw
[2025-08-15T23:37:59.810Z] [DEBUG] Finding reports to execute in company_ry0iwbpw (current time: 2025-08-15T23:37:59.810Z)
[2025-08-15T23:37:59.863Z] [INFO] Found 0 reports to execute in company_ry0iwbpw
[2025-08-15T23:37:59.863Z] [INFO] Scheduled reports check completed
[2025-08-15T23:37:59.864Z] [DEBUG] MongoDB connection closed
[2025-08-15T23:38:08.974Z] [INFO] Checking for scheduled reports...
[2025-08-15T23:38:09.587Z] [DEBUG] Connected to MongoDB
[2025-08-15T23:38:09.648Z] [INFO] Found 3 company databases
[2025-08-15T23:38:09.649Z] [DEBUG] Processing company database: company_6I22ydwr
[2025-08-15T23:38:09.703Z] [DEBUG] Skipping company_6I22ydwr: No scheduled reports collection found
[2025-08-15T23:38:09.703Z] [DEBUG] Processing company database: company_ieebsmug
[2025-08-15T23:38:09.756Z] [DEBUG] Skipping company_ieebsmug: No scheduled reports collection found
[2025-08-15T23:38:09.756Z] [DEBUG] Processing company database: company_ry0iwbpw
[2025-08-15T23:38:09.810Z] [DEBUG] Finding reports to execute in company_ry0iwbpw (current time: 2025-08-15T23:38:09.810Z)
[2025-08-15T23:38:09.863Z] [INFO] Found 0 reports to execute in company_ry0iwbpw
[2025-08-15T23:38:09.863Z] [INFO] Scheduled reports check completed
[2025-08-15T23:38:09.865Z] [DEBUG] MongoDB connection closed
[2025-08-15T23:38:18.976Z] [INFO] Checking for scheduled reports...
[2025-08-15T23:38:19.603Z] [DEBUG] Connected to MongoDB
[2025-08-15T23:38:19.665Z] [INFO] Found 3 company databases
[2025-08-15T23:38:19.666Z] [DEBUG] Processing company database: company_6I22ydwr
[2025-08-15T23:38:19.721Z] [DEBUG] Skipping company_6I22ydwr: No scheduled reports collection found
[2025-08-15T23:38:19.721Z] [DEBUG] Processing company database: company_ieebsmug
[2025-08-15T23:38:19.776Z] [DEBUG] Skipping company_ieebsmug: No scheduled reports collection found
[2025-08-15T23:38:19.777Z] [DEBUG] Processing company database: company_ry0iwbpw
[2025-08-15T23:38:19.831Z] [DEBUG] Finding reports to execute in company_ry0iwbpw (current time: 2025-08-15T23:38:19.831Z)
[2025-08-15T23:38:19.885Z] [INFO] Found 0 reports to execute in company_ry0iwbpw
[2025-08-15T23:38:19.886Z] [INFO] Scheduled reports check completed
[2025-08-15T23:38:19.888Z] [DEBUG] MongoDB connection closed
[2025-08-15T23:38:28.977Z] [INFO] Checking for scheduled reports...
[2025-08-15T23:38:29.703Z] [DEBUG] Connected to MongoDB
[2025-08-15T23:38:29.764Z] [INFO] Found 3 company databases
[2025-08-15T23:38:29.765Z] [DEBUG] Processing company database: company_6I22ydwr
[2025-08-15T23:38:29.818Z] [DEBUG] Skipping company_6I22ydwr: No scheduled reports collection found
[2025-08-15T23:38:29.819Z] [DEBUG] Processing company database: company_ieebsmug
[2025-08-15T23:38:29.873Z] [DEBUG] Skipping company_ieebsmug: No scheduled reports collection found
[2025-08-15T23:38:29.874Z] [DEBUG] Processing company database: company_ry0iwbpw
[2025-08-15T23:38:29.929Z] [DEBUG] Finding reports to execute in company_ry0iwbpw (current time: 2025-08-15T23:38:29.929Z)
[2025-08-15T23:38:29.985Z] [INFO] Found 0 reports to execute in company_ry0iwbpw
[2025-08-15T23:38:29.985Z] [INFO] Scheduled reports check completed
[2025-08-15T23:38:29.988Z] [DEBUG] MongoDB connection closed
[2025-08-15T23:38:38.978Z] [INFO] Checking for scheduled reports...
[2025-08-15T23:38:39.598Z] [DEBUG] Connected to MongoDB
[2025-08-15T23:38:39.661Z] [INFO] Found 3 company databases
[2025-08-15T23:38:39.662Z] [DEBUG] Processing company database: company_6I22ydwr
[2025-08-15T23:38:39.718Z] [DEBUG] Skipping company_6I22ydwr: No scheduled reports collection found
[2025-08-15T23:38:39.719Z] [DEBUG] Processing company database: company_ieebsmug
[2025-08-15T23:38:39.772Z] [DEBUG] Skipping company_ieebsmug: No scheduled reports collection found
[2025-08-15T23:38:39.773Z] [DEBUG] Processing company database: company_ry0iwbpw
[2025-08-15T23:38:39.826Z] [DEBUG] Finding reports to execute in company_ry0iwbpw (current time: 2025-08-15T23:38:39.826Z)
[2025-08-15T23:38:39.879Z] [INFO] Found 0 reports to execute in company_ry0iwbpw
[2025-08-15T23:38:39.880Z] [INFO] Scheduled reports check completed
[2025-08-15T23:38:39.881Z] [DEBUG] MongoDB connection closed
[2025-08-15T23:38:48.979Z] [INFO] Checking for scheduled reports...
[2025-08-15T23:38:49.590Z] [DEBUG] Connected to MongoDB
[2025-08-15T23:38:49.651Z] [INFO] Found 3 company databases
[2025-08-15T23:38:49.652Z] [DEBUG] Processing company database: company_6I22ydwr
[2025-08-15T23:38:49.707Z] [DEBUG] Skipping company_6I22ydwr: No scheduled reports collection found
[2025-08-15T23:38:49.707Z] [DEBUG] Processing company database: company_ieebsmug
[2025-08-15T23:38:49.761Z] [DEBUG] Skipping company_ieebsmug: No scheduled reports collection found
[2025-08-15T23:38:49.762Z] [DEBUG] Processing company database: company_ry0iwbpw
[2025-08-15T23:38:49.817Z] [DEBUG] Finding reports to execute in company_ry0iwbpw (current time: 2025-08-15T23:38:49.817Z)
[2025-08-15T23:38:49.871Z] [INFO] Found 0 reports to execute in company_ry0iwbpw
[2025-08-15T23:38:49.872Z] [INFO] Scheduled reports check completed
[2025-08-15T23:38:49.875Z] [DEBUG] MongoDB connection closed
[2025-08-15T23:38:58.979Z] [INFO] Checking for scheduled reports...
[2025-08-15T23:38:59.591Z] [DEBUG] Connected to MongoDB
[2025-08-15T23:38:59.655Z] [INFO] Found 3 company databases
[2025-08-15T23:38:59.656Z] [DEBUG] Processing company database: company_6I22ydwr
[2025-08-15T23:38:59.710Z] [DEBUG] Skipping company_6I22ydwr: No scheduled reports collection found
[2025-08-15T23:38:59.711Z] [DEBUG] Processing company database: company_ieebsmug
[2025-08-15T23:38:59.765Z] [DEBUG] Skipping company_ieebsmug: No scheduled reports collection found
[2025-08-15T23:38:59.765Z] [DEBUG] Processing company database: company_ry0iwbpw
[2025-08-15T23:38:59.820Z] [DEBUG] Finding reports to execute in company_ry0iwbpw (current time: 2025-08-15T23:38:59.820Z)
[2025-08-15T23:38:59.874Z] [INFO] Found 0 reports to execute in company_ry0iwbpw
[2025-08-15T23:38:59.874Z] [INFO] Scheduled reports check completed
[2025-08-15T23:38:59.877Z] [DEBUG] MongoDB connection closed
[2025-08-15T23:39:08.981Z] [INFO] Checking for scheduled reports...
[2025-08-15T23:39:09.602Z] [DEBUG] Connected to MongoDB
[2025-08-15T23:39:09.665Z] [INFO] Found 3 company databases
[2025-08-15T23:39:09.665Z] [DEBUG] Processing company database: company_6I22ydwr
[2025-08-15T23:39:09.722Z] [DEBUG] Skipping company_6I22ydwr: No scheduled reports collection found
[2025-08-15T23:39:09.724Z] [DEBUG] Processing company database: company_ieebsmug
[2025-08-15T23:39:09.778Z] [DEBUG] Skipping company_ieebsmug: No scheduled reports collection found
[2025-08-15T23:39:09.778Z] [DEBUG] Processing company database: company_ry0iwbpw
[2025-08-15T23:39:09.833Z] [DEBUG] Finding reports to execute in company_ry0iwbpw (current time: 2025-08-15T23:39:09.833Z)
[2025-08-15T23:39:09.887Z] [INFO] Found 0 reports to execute in company_ry0iwbpw
[2025-08-15T23:39:09.888Z] [INFO] Scheduled reports check completed
[2025-08-15T23:39:09.890Z] [DEBUG] MongoDB connection closed
[2025-08-15T23:39:18.981Z] [INFO] Checking for scheduled reports...
[2025-08-15T23:39:19.597Z] [DEBUG] Connected to MongoDB
[2025-08-15T23:39:19.660Z] [INFO] Found 3 company databases
[2025-08-15T23:39:19.660Z] [DEBUG] Processing company database: company_6I22ydwr
[2025-08-15T23:39:19.712Z] [DEBUG] Skipping company_6I22ydwr: No scheduled reports collection found
[2025-08-15T23:39:19.712Z] [DEBUG] Processing company database: company_ieebsmug
[2025-08-15T23:39:19.765Z] [DEBUG] Skipping company_ieebsmug: No scheduled reports collection found
[2025-08-15T23:39:19.765Z] [DEBUG] Processing company database: company_ry0iwbpw
[2025-08-15T23:39:19.818Z] [DEBUG] Finding reports to execute in company_ry0iwbpw (current time: 2025-08-15T23:39:19.818Z)
[2025-08-15T23:39:19.871Z] [INFO] Found 0 reports to execute in company_ry0iwbpw
[2025-08-15T23:39:19.872Z] [INFO] Scheduled reports check completed
[2025-08-15T23:39:19.874Z] [DEBUG] MongoDB connection closed
[2025-08-15T23:39:28.982Z] [INFO] Checking for scheduled reports...
[2025-08-15T23:39:29.597Z] [DEBUG] Connected to MongoDB
[2025-08-15T23:39:29.661Z] [INFO] Found 3 company databases
[2025-08-15T23:39:29.661Z] [DEBUG] Processing company database: company_6I22ydwr
[2025-08-15T23:39:29.715Z] [DEBUG] Skipping company_6I22ydwr: No scheduled reports collection found
[2025-08-15T23:39:29.716Z] [DEBUG] Processing company database: company_ieebsmug
[2025-08-15T23:39:29.770Z] [DEBUG] Skipping company_ieebsmug: No scheduled reports collection found
[2025-08-15T23:39:29.771Z] [DEBUG] Processing company database: company_ry0iwbpw
[2025-08-15T23:39:29.826Z] [DEBUG] Finding reports to execute in company_ry0iwbpw (current time: 2025-08-15T23:39:29.826Z)
[2025-08-15T23:39:29.884Z] [INFO] Found 0 reports to execute in company_ry0iwbpw
[2025-08-15T23:39:29.885Z] [INFO] Scheduled reports check completed
[2025-08-15T23:39:29.888Z] [DEBUG] MongoDB connection closed
[2025-08-15T23:39:38.983Z] [INFO] Checking for scheduled reports...
[2025-08-15T23:39:39.681Z] [DEBUG] Connected to MongoDB
[2025-08-15T23:39:39.744Z] [INFO] Found 3 company databases
[2025-08-15T23:39:39.744Z] [DEBUG] Processing company database: company_6I22ydwr
[2025-08-15T23:39:39.799Z] [DEBUG] Skipping company_6I22ydwr: No scheduled reports collection found
[2025-08-15T23:39:39.799Z] [DEBUG] Processing company database: company_ieebsmug
[2025-08-15T23:39:39.855Z] [DEBUG] Skipping company_ieebsmug: No scheduled reports collection found
[2025-08-15T23:39:39.855Z] [DEBUG] Processing company database: company_ry0iwbpw
[2025-08-15T23:39:39.922Z] [DEBUG] Finding reports to execute in company_ry0iwbpw (current time: 2025-08-15T23:39:39.922Z)
[2025-08-15T23:39:39.975Z] [INFO] Found 0 reports to execute in company_ry0iwbpw
[2025-08-15T23:39:39.976Z] [INFO] Scheduled reports check completed
[2025-08-15T23:39:39.977Z] [DEBUG] MongoDB connection closed
[2025-08-15T23:39:48.984Z] [INFO] Checking for scheduled reports...
[2025-08-15T23:39:49.700Z] [DEBUG] Connected to MongoDB
[2025-08-15T23:39:49.761Z] [INFO] Found 3 company databases
[2025-08-15T23:39:49.761Z] [DEBUG] Processing company database: company_6I22ydwr
[2025-08-15T23:39:49.813Z] [DEBUG] Skipping company_6I22ydwr: No scheduled reports collection found
[2025-08-15T23:39:49.813Z] [DEBUG] Processing company database: company_ieebsmug
[2025-08-15T23:39:49.866Z] [DEBUG] Skipping company_ieebsmug: No scheduled reports collection found
[2025-08-15T23:39:49.866Z] [DEBUG] Processing company database: company_ry0iwbpw
[2025-08-15T23:39:49.918Z] [DEBUG] Finding reports to execute in company_ry0iwbpw (current time: 2025-08-15T23:39:49.918Z)
[2025-08-15T23:39:49.971Z] [INFO] Found 0 reports to execute in company_ry0iwbpw
[2025-08-15T23:39:49.971Z] [INFO] Scheduled reports check completed
[2025-08-15T23:39:49.971Z] [DEBUG] MongoDB connection closed
[2025-08-15T23:39:58.989Z] [INFO] Checking for scheduled reports...
[2025-08-15T23:39:59.624Z] [DEBUG] Connected to MongoDB
[2025-08-15T23:39:59.686Z] [INFO] Found 3 company databases
[2025-08-15T23:39:59.686Z] [DEBUG] Processing company database: company_6I22ydwr
[2025-08-15T23:39:59.739Z] [DEBUG] Skipping company_6I22ydwr: No scheduled reports collection found
[2025-08-15T23:39:59.739Z] [DEBUG] Processing company database: company_ieebsmug
[2025-08-15T23:39:59.791Z] [DEBUG] Skipping company_ieebsmug: No scheduled reports collection found
[2025-08-15T23:39:59.792Z] [DEBUG] Processing company database: company_ry0iwbpw
[2025-08-15T23:39:59.848Z] [DEBUG] Finding reports to execute in company_ry0iwbpw (current time: 2025-08-15T23:39:59.848Z)
[2025-08-15T23:39:59.901Z] [INFO] Found 0 reports to execute in company_ry0iwbpw
[2025-08-15T23:39:59.901Z] [INFO] Scheduled reports check completed
[2025-08-15T23:39:59.902Z] [DEBUG] MongoDB connection closed
[2025-08-15T23:40:08.990Z] [INFO] Checking for scheduled reports...
[2025-08-15T23:40:09.603Z] [DEBUG] Connected to MongoDB
[2025-08-15T23:40:09.665Z] [INFO] Found 3 company databases
[2025-08-15T23:40:09.666Z] [DEBUG] Processing company database: company_6I22ydwr
[2025-08-15T23:40:09.718Z] [DEBUG] Skipping company_6I22ydwr: No scheduled reports collection found
[2025-08-15T23:40:09.718Z] [DEBUG] Processing company database: company_ieebsmug
[2025-08-15T23:40:09.771Z] [DEBUG] Skipping company_ieebsmug: No scheduled reports collection found
[2025-08-15T23:40:09.772Z] [DEBUG] Processing company database: company_ry0iwbpw
[2025-08-15T23:40:09.824Z] [DEBUG] Finding reports to execute in company_ry0iwbpw (current time: 2025-08-15T23:40:09.824Z)
[2025-08-15T23:40:09.876Z] [INFO] Found 0 reports to execute in company_ry0iwbpw
[2025-08-15T23:40:09.876Z] [INFO] Scheduled reports check completed
[2025-08-15T23:40:09.877Z] [DEBUG] MongoDB connection closed
[2025-08-15T23:40:18.992Z] [INFO] Checking for scheduled reports...
[2025-08-15T23:40:19.597Z] [DEBUG] Connected to MongoDB
[2025-08-15T23:40:19.659Z] [INFO] Found 3 company databases
[2025-08-15T23:40:19.659Z] [DEBUG] Processing company database: company_6I22ydwr
[2025-08-15T23:40:19.722Z] [DEBUG] Skipping company_6I22ydwr: No scheduled reports collection found
[2025-08-15T23:40:19.722Z] [DEBUG] Processing company database: company_ieebsmug
[2025-08-15T23:40:19.775Z] [DEBUG] Skipping company_ieebsmug: No scheduled reports collection found
[2025-08-15T23:40:19.775Z] [DEBUG] Processing company database: company_ry0iwbpw
[2025-08-15T23:40:19.828Z] [DEBUG] Finding reports to execute in company_ry0iwbpw (current time: 2025-08-15T23:40:19.828Z)
[2025-08-15T23:40:19.881Z] [INFO] Found 0 reports to execute in company_ry0iwbpw
[2025-08-15T23:40:19.881Z] [INFO] Scheduled reports check completed
[2025-08-15T23:40:19.882Z] [DEBUG] MongoDB connection closed
[2025-08-15T23:40:28.994Z] [INFO] Checking for scheduled reports...
[2025-08-15T23:40:29.612Z] [DEBUG] Connected to MongoDB
[2025-08-15T23:40:29.673Z] [INFO] Found 3 company databases
[2025-08-15T23:40:29.674Z] [DEBUG] Processing company database: company_6I22ydwr
[2025-08-15T23:40:29.727Z] [DEBUG] Skipping company_6I22ydwr: No scheduled reports collection found
[2025-08-15T23:40:29.728Z] [DEBUG] Processing company database: company_ieebsmug
[2025-08-15T23:40:29.780Z] [DEBUG] Skipping company_ieebsmug: No scheduled reports collection found
[2025-08-15T23:40:29.781Z] [DEBUG] Processing company database: company_ry0iwbpw
[2025-08-15T23:40:29.835Z] [DEBUG] Finding reports to execute in company_ry0iwbpw (current time: 2025-08-15T23:40:29.835Z)
[2025-08-15T23:40:29.889Z] [INFO] Found 0 reports to execute in company_ry0iwbpw
[2025-08-15T23:40:29.889Z] [INFO] Scheduled reports check completed
[2025-08-15T23:40:29.892Z] [DEBUG] MongoDB connection closed
[2025-08-15T23:40:38.995Z] [INFO] Checking for scheduled reports...
[2025-08-15T23:40:39.696Z] [DEBUG] Connected to MongoDB
[2025-08-15T23:40:39.758Z] [INFO] Found 3 company databases
[2025-08-15T23:40:39.759Z] [DEBUG] Processing company database: company_6I22ydwr
[2025-08-15T23:40:39.813Z] [DEBUG] Skipping company_6I22ydwr: No scheduled reports collection found
[2025-08-15T23:40:39.814Z] [DEBUG] Processing company database: company_ieebsmug
[2025-08-15T23:40:39.868Z] [DEBUG] Skipping company_ieebsmug: No scheduled reports collection found
[2025-08-15T23:40:39.869Z] [DEBUG] Processing company database: company_ry0iwbpw
[2025-08-15T23:40:39.923Z] [DEBUG] Finding reports to execute in company_ry0iwbpw (current time: 2025-08-15T23:40:39.923Z)
[2025-08-15T23:40:39.978Z] [INFO] Found 0 reports to execute in company_ry0iwbpw
[2025-08-15T23:40:39.979Z] [INFO] Scheduled reports check completed
[2025-08-15T23:40:39.982Z] [DEBUG] MongoDB connection closed
[2025-08-15T23:40:48.996Z] [INFO] Checking for scheduled reports...
[2025-08-15T23:40:49.612Z] [DEBUG] Connected to MongoDB
[2025-08-15T23:40:49.675Z] [INFO] Found 3 company databases
[2025-08-15T23:40:49.676Z] [DEBUG] Processing company database: company_6I22ydwr
[2025-08-15T23:40:49.731Z] [DEBUG] Skipping company_6I22ydwr: No scheduled reports collection found
[2025-08-15T23:40:49.731Z] [DEBUG] Processing company database: company_ieebsmug
[2025-08-15T23:40:49.784Z] [DEBUG] Skipping company_ieebsmug: No scheduled reports collection found
[2025-08-15T23:40:49.785Z] [DEBUG] Processing company database: company_ry0iwbpw
[2025-08-15T23:40:49.838Z] [DEBUG] Finding reports to execute in company_ry0iwbpw (current time: 2025-08-15T23:40:49.838Z)
[2025-08-15T23:40:49.890Z] [INFO] Found 0 reports to execute in company_ry0iwbpw
[2025-08-15T23:40:49.891Z] [INFO] Scheduled reports check completed
[2025-08-15T23:40:49.892Z] [DEBUG] MongoDB connection closed
[2025-08-15T23:40:58.998Z] [INFO] Checking for scheduled reports...
[2025-08-15T23:40:59.627Z] [DEBUG] Connected to MongoDB
[2025-08-15T23:40:59.699Z] [INFO] Found 3 company databases
[2025-08-15T23:40:59.699Z] [DEBUG] Processing company database: company_6I22ydwr
[2025-08-15T23:40:59.753Z] [DEBUG] Skipping company_6I22ydwr: No scheduled reports collection found
[2025-08-15T23:40:59.754Z] [DEBUG] Processing company database: company_ieebsmug
[2025-08-15T23:40:59.809Z] [DEBUG] Skipping company_ieebsmug: No scheduled reports collection found
[2025-08-15T23:40:59.810Z] [DEBUG] Processing company database: company_ry0iwbpw
[2025-08-15T23:40:59.864Z] [DEBUG] Finding reports to execute in company_ry0iwbpw (current time: 2025-08-15T23:40:59.864Z)
[2025-08-15T23:40:59.918Z] [INFO] Found 0 reports to execute in company_ry0iwbpw
[2025-08-15T23:40:59.919Z] [INFO] Scheduled reports check completed
[2025-08-15T23:40:59.920Z] [DEBUG] MongoDB connection closed
[2025-08-15T23:41:08.999Z] [INFO] Checking for scheduled reports...
[2025-08-15T23:41:09.660Z] [DEBUG] Connected to MongoDB
[2025-08-15T23:41:09.723Z] [INFO] Found 3 company databases
[2025-08-15T23:41:09.723Z] [DEBUG] Processing company database: company_6I22ydwr
[2025-08-15T23:41:09.778Z] [DEBUG] Skipping company_6I22ydwr: No scheduled reports collection found
[2025-08-15T23:41:09.779Z] [DEBUG] Processing company database: company_ieebsmug
[2025-08-15T23:41:09.832Z] [DEBUG] Skipping company_ieebsmug: No scheduled reports collection found
[2025-08-15T23:41:09.833Z] [DEBUG] Processing company database: company_ry0iwbpw
[2025-08-15T23:41:09.888Z] [DEBUG] Finding reports to execute in company_ry0iwbpw (current time: 2025-08-15T23:41:09.888Z)
[2025-08-15T23:41:09.942Z] [INFO] Found 0 reports to execute in company_ry0iwbpw
[2025-08-15T23:41:09.943Z] [INFO] Scheduled reports check completed
[2025-08-15T23:41:09.945Z] [DEBUG] MongoDB connection closed
[2025-08-15T23:41:19.000Z] [INFO] Checking for scheduled reports...
[2025-08-15T23:41:19.616Z] [DEBUG] Connected to MongoDB
[2025-08-15T23:41:19.678Z] [INFO] Found 3 company databases
[2025-08-15T23:41:19.679Z] [DEBUG] Processing company database: company_6I22ydwr
[2025-08-15T23:41:19.732Z] [DEBUG] Skipping company_6I22ydwr: No scheduled reports collection found
[2025-08-15T23:41:19.733Z] [DEBUG] Processing company database: company_ieebsmug
[2025-08-15T23:41:19.787Z] [DEBUG] Skipping company_ieebsmug: No scheduled reports collection found
[2025-08-15T23:41:19.788Z] [DEBUG] Processing company database: company_ry0iwbpw
[2025-08-15T23:41:19.842Z] [DEBUG] Finding reports to execute in company_ry0iwbpw (current time: 2025-08-15T23:41:19.842Z)
[2025-08-15T23:41:19.896Z] [INFO] Found 0 reports to execute in company_ry0iwbpw
[2025-08-15T23:41:19.896Z] [INFO] Scheduled reports check completed
[2025-08-15T23:41:19.899Z] [DEBUG] MongoDB connection closed
[2025-08-15T23:41:29.001Z] [INFO] Checking for scheduled reports...
[2025-08-15T23:41:29.617Z] [DEBUG] Connected to MongoDB
[2025-08-15T23:41:29.678Z] [INFO] Found 3 company databases
[2025-08-15T23:41:29.679Z] [DEBUG] Processing company database: company_6I22ydwr
[2025-08-15T23:41:29.732Z] [DEBUG] Skipping company_6I22ydwr: No scheduled reports collection found
[2025-08-15T23:41:29.733Z] [DEBUG] Processing company database: company_ieebsmug
[2025-08-15T23:41:29.786Z] [DEBUG] Skipping company_ieebsmug: No scheduled reports collection found
[2025-08-15T23:41:29.787Z] [DEBUG] Processing company database: company_ry0iwbpw
[2025-08-15T23:41:29.840Z] [DEBUG] Finding reports to execute in company_ry0iwbpw (current time: 2025-08-15T23:41:29.840Z)
[2025-08-15T23:41:29.895Z] [INFO] Found 0 reports to execute in company_ry0iwbpw
[2025-08-15T23:41:29.895Z] [INFO] Scheduled reports check completed
[2025-08-15T23:41:29.898Z] [DEBUG] MongoDB connection closed
[2025-08-15T23:41:39.002Z] [INFO] Checking for scheduled reports...
[2025-08-15T23:41:39.685Z] [DEBUG] Connected to MongoDB
[2025-08-15T23:41:39.746Z] [INFO] Found 3 company databases
[2025-08-15T23:41:39.746Z] [DEBUG] Processing company database: company_6I22ydwr
[2025-08-15T23:41:39.799Z] [DEBUG] Skipping company_6I22ydwr: No scheduled reports collection found
[2025-08-15T23:41:39.799Z] [DEBUG] Processing company database: company_ieebsmug
[2025-08-15T23:41:39.850Z] [DEBUG] Skipping company_ieebsmug: No scheduled reports collection found
[2025-08-15T23:41:39.850Z] [DEBUG] Processing company database: company_ry0iwbpw
[2025-08-15T23:41:39.904Z] [DEBUG] Finding reports to execute in company_ry0iwbpw (current time: 2025-08-15T23:41:39.904Z)
[2025-08-15T23:41:39.956Z] [INFO] Found 0 reports to execute in company_ry0iwbpw
[2025-08-15T23:41:39.956Z] [INFO] Scheduled reports check completed
[2025-08-15T23:41:39.957Z] [DEBUG] MongoDB connection closed
[2025-08-15T23:41:49.003Z] [INFO] Checking for scheduled reports...
[2025-08-15T23:41:49.603Z] [DEBUG] Connected to MongoDB
[2025-08-15T23:41:49.664Z] [INFO] Found 3 company databases
[2025-08-15T23:41:49.665Z] [DEBUG] Processing company database: company_6I22ydwr
[2025-08-15T23:41:49.717Z] [DEBUG] Skipping company_6I22ydwr: No scheduled reports collection found
[2025-08-15T23:41:49.717Z] [DEBUG] Processing company database: company_ieebsmug
[2025-08-15T23:41:49.769Z] [DEBUG] Skipping company_ieebsmug: No scheduled reports collection found
[2025-08-15T23:41:49.769Z] [DEBUG] Processing company database: company_ry0iwbpw
[2025-08-15T23:41:49.822Z] [DEBUG] Finding reports to execute in company_ry0iwbpw (current time: 2025-08-15T23:41:49.822Z)
[2025-08-15T23:41:49.874Z] [INFO] Found 0 reports to execute in company_ry0iwbpw
[2025-08-15T23:41:49.874Z] [INFO] Scheduled reports check completed
[2025-08-15T23:41:49.875Z] [DEBUG] MongoDB connection closed
[2025-08-15T23:41:59.005Z] [INFO] Checking for scheduled reports...
[2025-08-15T23:41:59.625Z] [DEBUG] Connected to MongoDB
[2025-08-15T23:41:59.687Z] [INFO] Found 3 company databases
[2025-08-15T23:41:59.687Z] [DEBUG] Processing company database: company_6I22ydwr
[2025-08-15T23:41:59.740Z] [DEBUG] Skipping company_6I22ydwr: No scheduled reports collection found
[2025-08-15T23:41:59.740Z] [DEBUG] Processing company database: company_ieebsmug
[2025-08-15T23:41:59.794Z] [DEBUG] Skipping company_ieebsmug: No scheduled reports collection found
[2025-08-15T23:41:59.794Z] [DEBUG] Processing company database: company_ry0iwbpw
[2025-08-15T23:41:59.885Z] [DEBUG] Finding reports to execute in company_ry0iwbpw (current time: 2025-08-15T23:41:59.885Z)
[2025-08-15T23:41:59.942Z] [INFO] Found 0 reports to execute in company_ry0iwbpw
[2025-08-15T23:41:59.944Z] [INFO] Scheduled reports check completed
[2025-08-15T23:41:59.951Z] [DEBUG] MongoDB connection closed
[2025-08-15T23:42:09.005Z] [INFO] Checking for scheduled reports...
[2025-08-15T23:42:09.629Z] [DEBUG] Connected to MongoDB
[2025-08-15T23:42:09.691Z] [INFO] Found 3 company databases
[2025-08-15T23:42:09.691Z] [DEBUG] Processing company database: company_6I22ydwr
[2025-08-15T23:42:09.745Z] [DEBUG] Skipping company_6I22ydwr: No scheduled reports collection found
[2025-08-15T23:42:09.745Z] [DEBUG] Processing company database: company_ieebsmug
[2025-08-15T23:42:09.812Z] [DEBUG] Skipping company_ieebsmug: No scheduled reports collection found
[2025-08-15T23:42:09.813Z] [DEBUG] Processing company database: company_ry0iwbpw
[2025-08-15T23:42:09.868Z] [DEBUG] Finding reports to execute in company_ry0iwbpw (current time: 2025-08-15T23:42:09.867Z)
[2025-08-15T23:42:09.922Z] [INFO] Found 0 reports to execute in company_ry0iwbpw
[2025-08-15T23:42:09.923Z] [INFO] Scheduled reports check completed
[2025-08-15T23:42:09.926Z] [DEBUG] MongoDB connection closed
[2025-08-15T23:42:19.007Z] [INFO] Checking for scheduled reports...
[2025-08-15T23:42:19.623Z] [DEBUG] Connected to MongoDB
[2025-08-15T23:42:19.684Z] [INFO] Found 3 company databases
[2025-08-15T23:42:19.685Z] [DEBUG] Processing company database: company_6I22ydwr
[2025-08-15T23:42:19.741Z] [DEBUG] Skipping company_6I22ydwr: No scheduled reports collection found
[2025-08-15T23:42:19.742Z] [DEBUG] Processing company database: company_ieebsmug
[2025-08-15T23:42:19.795Z] [DEBUG] Skipping company_ieebsmug: No scheduled reports collection found
[2025-08-15T23:42:19.795Z] [DEBUG] Processing company database: company_ry0iwbpw
[2025-08-15T23:42:19.849Z] [DEBUG] Finding reports to execute in company_ry0iwbpw (current time: 2025-08-15T23:42:19.849Z)
[2025-08-15T23:42:19.902Z] [INFO] Found 0 reports to execute in company_ry0iwbpw
[2025-08-15T23:42:19.903Z] [INFO] Scheduled reports check completed
[2025-08-15T23:42:19.904Z] [DEBUG] MongoDB connection closed
[2025-08-15T23:42:29.007Z] [INFO] Checking for scheduled reports...
[2025-08-15T23:42:29.821Z] [DEBUG] Connected to MongoDB
[2025-08-15T23:42:29.883Z] [INFO] Found 3 company databases
[2025-08-15T23:42:29.883Z] [DEBUG] Processing company database: company_6I22ydwr
[2025-08-15T23:42:29.937Z] [DEBUG] Skipping company_6I22ydwr: No scheduled reports collection found
[2025-08-15T23:42:29.937Z] [DEBUG] Processing company database: company_ieebsmug
[2025-08-15T23:42:29.990Z] [DEBUG] Skipping company_ieebsmug: No scheduled reports collection found
[2025-08-15T23:42:29.991Z] [DEBUG] Processing company database: company_ry0iwbpw
[2025-08-15T23:42:30.045Z] [DEBUG] Finding reports to execute in company_ry0iwbpw (current time: 2025-08-15T23:42:30.045Z)
[2025-08-15T23:42:30.097Z] [INFO] Found 0 reports to execute in company_ry0iwbpw
[2025-08-15T23:42:30.098Z] [INFO] Scheduled reports check completed
[2025-08-15T23:42:30.099Z] [DEBUG] MongoDB connection closed
[2025-08-15T23:42:39.008Z] [INFO] Checking for scheduled reports...
[2025-08-15T23:42:39.691Z] [DEBUG] Connected to MongoDB
[2025-08-15T23:42:39.752Z] [INFO] Found 3 company databases
[2025-08-15T23:42:39.752Z] [DEBUG] Processing company database: company_6I22ydwr
[2025-08-15T23:42:39.805Z] [DEBUG] Skipping company_6I22ydwr: No scheduled reports collection found
[2025-08-15T23:42:39.805Z] [DEBUG] Processing company database: company_ieebsmug
[2025-08-15T23:42:39.859Z] [DEBUG] Skipping company_ieebsmug: No scheduled reports collection found
[2025-08-15T23:42:39.859Z] [DEBUG] Processing company database: company_ry0iwbpw
[2025-08-15T23:42:39.912Z] [DEBUG] Finding reports to execute in company_ry0iwbpw (current time: 2025-08-15T23:42:39.912Z)
[2025-08-15T23:42:39.965Z] [INFO] Found 0 reports to execute in company_ry0iwbpw
[2025-08-15T23:42:39.966Z] [INFO] Scheduled reports check completed
[2025-08-15T23:42:39.967Z] [DEBUG] MongoDB connection closed
[2025-08-15T23:42:49.010Z] [INFO] Checking for scheduled reports...
[2025-08-15T23:42:49.614Z] [DEBUG] Connected to MongoDB
[2025-08-15T23:42:49.676Z] [INFO] Found 3 company databases
[2025-08-15T23:42:49.677Z] [DEBUG] Processing company database: company_6I22ydwr
[2025-08-15T23:42:49.729Z] [DEBUG] Skipping company_6I22ydwr: No scheduled reports collection found
[2025-08-15T23:42:49.730Z] [DEBUG] Processing company database: company_ieebsmug
[2025-08-15T23:42:49.782Z] [DEBUG] Skipping company_ieebsmug: No scheduled reports collection found
[2025-08-15T23:42:49.783Z] [DEBUG] Processing company database: company_ry0iwbpw
[2025-08-15T23:42:49.836Z] [DEBUG] Finding reports to execute in company_ry0iwbpw (current time: 2025-08-15T23:42:49.836Z)
[2025-08-15T23:42:49.897Z] [INFO] Found 0 reports to execute in company_ry0iwbpw
[2025-08-15T23:42:49.898Z] [INFO] Scheduled reports check completed
[2025-08-15T23:42:49.900Z] [DEBUG] MongoDB connection closed
[2025-08-15T23:42:59.011Z] [INFO] Checking for scheduled reports...
[2025-08-15T23:42:59.624Z] [DEBUG] Connected to MongoDB
[2025-08-15T23:42:59.685Z] [INFO] Found 3 company databases
[2025-08-15T23:42:59.686Z] [DEBUG] Processing company database: company_6I22ydwr
[2025-08-15T23:42:59.738Z] [DEBUG] Skipping company_6I22ydwr: No scheduled reports collection found
[2025-08-15T23:42:59.738Z] [DEBUG] Processing company database: company_ieebsmug
[2025-08-15T23:42:59.790Z] [DEBUG] Skipping company_ieebsmug: No scheduled reports collection found
[2025-08-15T23:42:59.790Z] [DEBUG] Processing company database: company_ry0iwbpw
[2025-08-15T23:42:59.843Z] [DEBUG] Finding reports to execute in company_ry0iwbpw (current time: 2025-08-15T23:42:59.843Z)
[2025-08-15T23:42:59.895Z] [INFO] Found 0 reports to execute in company_ry0iwbpw
[2025-08-15T23:42:59.895Z] [INFO] Scheduled reports check completed
[2025-08-15T23:42:59.896Z] [DEBUG] MongoDB connection closed
[2025-08-15T23:43:09.012Z] [INFO] Checking for scheduled reports...
[2025-08-15T23:43:09.634Z] [DEBUG] Connected to MongoDB
[2025-08-15T23:43:09.697Z] [INFO] Found 3 company databases
[2025-08-15T23:43:09.697Z] [DEBUG] Processing company database: company_6I22ydwr
[2025-08-15T23:43:09.751Z] [DEBUG] Skipping company_6I22ydwr: No scheduled reports collection found
[2025-08-15T23:43:09.751Z] [DEBUG] Processing company database: company_ieebsmug
[2025-08-15T23:43:09.804Z] [DEBUG] Skipping company_ieebsmug: No scheduled reports collection found
[2025-08-15T23:43:09.805Z] [DEBUG] Processing company database: company_ry0iwbpw
[2025-08-15T23:43:09.860Z] [DEBUG] Finding reports to execute in company_ry0iwbpw (current time: 2025-08-15T23:43:09.860Z)
[2025-08-15T23:43:09.920Z] [INFO] Found 0 reports to execute in company_ry0iwbpw
[2025-08-15T23:43:09.920Z] [INFO] Scheduled reports check completed
[2025-08-15T23:43:09.921Z] [DEBUG] MongoDB connection closed
[2025-08-15T23:43:19.013Z] [INFO] Checking for scheduled reports...
[2025-08-15T23:43:19.623Z] [DEBUG] Connected to MongoDB
[2025-08-15T23:43:19.683Z] [INFO] Found 3 company databases
[2025-08-15T23:43:19.683Z] [DEBUG] Processing company database: company_6I22ydwr
[2025-08-15T23:43:19.736Z] [DEBUG] Skipping company_6I22ydwr: No scheduled reports collection found
[2025-08-15T23:43:19.737Z] [DEBUG] Processing company database: company_ieebsmug
[2025-08-15T23:43:19.788Z] [DEBUG] Skipping company_ieebsmug: No scheduled reports collection found
[2025-08-15T23:43:19.789Z] [DEBUG] Processing company database: company_ry0iwbpw
[2025-08-15T23:43:19.842Z] [DEBUG] Finding reports to execute in company_ry0iwbpw (current time: 2025-08-15T23:43:19.842Z)
[2025-08-15T23:43:19.895Z] [INFO] Found 0 reports to execute in company_ry0iwbpw
[2025-08-15T23:43:19.895Z] [INFO] Scheduled reports check completed
[2025-08-15T23:43:19.896Z] [DEBUG] MongoDB connection closed
[2025-08-15T23:43:29.014Z] [INFO] Checking for scheduled reports...
[2025-08-15T23:43:29.619Z] [DEBUG] Connected to MongoDB
[2025-08-15T23:43:29.681Z] [INFO] Found 3 company databases
[2025-08-15T23:43:29.681Z] [DEBUG] Processing company database: company_6I22ydwr
[2025-08-15T23:43:29.734Z] [DEBUG] Skipping company_6I22ydwr: No scheduled reports collection found
[2025-08-15T23:43:29.735Z] [DEBUG] Processing company database: company_ieebsmug
[2025-08-15T23:43:29.787Z] [DEBUG] Skipping company_ieebsmug: No scheduled reports collection found
[2025-08-15T23:43:29.788Z] [DEBUG] Processing company database: company_ry0iwbpw
[2025-08-15T23:43:29.841Z] [DEBUG] Finding reports to execute in company_ry0iwbpw (current time: 2025-08-15T23:43:29.841Z)
[2025-08-15T23:43:29.894Z] [INFO] Found 0 reports to execute in company_ry0iwbpw
[2025-08-15T23:43:29.894Z] [INFO] Scheduled reports check completed
[2025-08-15T23:43:29.896Z] [DEBUG] MongoDB connection closed
[2025-08-15T23:43:39.015Z] [INFO] Checking for scheduled reports...
[2025-08-15T23:43:39.693Z] [DEBUG] Connected to MongoDB
[2025-08-15T23:43:39.766Z] [INFO] Found 3 company databases
[2025-08-15T23:43:39.766Z] [DEBUG] Processing company database: company_6I22ydwr
[2025-08-15T23:43:39.820Z] [DEBUG] Skipping company_6I22ydwr: No scheduled reports collection found
[2025-08-15T23:43:39.820Z] [DEBUG] Processing company database: company_ieebsmug
[2025-08-15T23:43:39.873Z] [DEBUG] Skipping company_ieebsmug: No scheduled reports collection found
[2025-08-15T23:43:39.873Z] [DEBUG] Processing company database: company_ry0iwbpw
[2025-08-15T23:43:39.926Z] [DEBUG] Finding reports to execute in company_ry0iwbpw (current time: 2025-08-15T23:43:39.926Z)
[2025-08-15T23:43:39.979Z] [INFO] Found 0 reports to execute in company_ry0iwbpw
[2025-08-15T23:43:39.979Z] [INFO] Scheduled reports check completed
[2025-08-15T23:43:39.980Z] [DEBUG] MongoDB connection closed
[2025-08-15T23:43:49.016Z] [INFO] Checking for scheduled reports...
[2025-08-15T23:43:49.741Z] [DEBUG] Connected to MongoDB
[2025-08-15T23:43:49.803Z] [INFO] Found 3 company databases
[2025-08-15T23:43:49.803Z] [DEBUG] Processing company database: company_6I22ydwr
[2025-08-15T23:43:49.857Z] [DEBUG] Skipping company_6I22ydwr: No scheduled reports collection found
[2025-08-15T23:43:49.858Z] [DEBUG] Processing company database: company_ieebsmug
[2025-08-15T23:43:49.910Z] [DEBUG] Skipping company_ieebsmug: No scheduled reports collection found
[2025-08-15T23:43:49.911Z] [DEBUG] Processing company database: company_ry0iwbpw
[2025-08-15T23:43:49.965Z] [DEBUG] Finding reports to execute in company_ry0iwbpw (current time: 2025-08-15T23:43:49.965Z)
[2025-08-15T23:43:50.019Z] [INFO] Found 0 reports to execute in company_ry0iwbpw
[2025-08-15T23:43:50.019Z] [INFO] Scheduled reports check completed
[2025-08-15T23:43:50.022Z] [DEBUG] MongoDB connection closed
[2025-08-15T23:43:59.017Z] [INFO] Checking for scheduled reports...
[2025-08-15T23:43:59.634Z] [DEBUG] Connected to MongoDB
[2025-08-15T23:43:59.695Z] [INFO] Found 3 company databases
[2025-08-15T23:43:59.696Z] [DEBUG] Processing company database: company_6I22ydwr
[2025-08-15T23:43:59.748Z] [DEBUG] Skipping company_6I22ydwr: No scheduled reports collection found
[2025-08-15T23:43:59.749Z] [DEBUG] Processing company database: company_ieebsmug
[2025-08-15T23:43:59.800Z] [DEBUG] Skipping company_ieebsmug: No scheduled reports collection found
[2025-08-15T23:43:59.801Z] [DEBUG] Processing company database: company_ry0iwbpw
[2025-08-15T23:43:59.859Z] [DEBUG] Finding reports to execute in company_ry0iwbpw (current time: 2025-08-15T23:43:59.859Z)
[2025-08-15T23:43:59.912Z] [INFO] Found 0 reports to execute in company_ry0iwbpw
[2025-08-15T23:43:59.912Z] [INFO] Scheduled reports check completed
[2025-08-15T23:43:59.914Z] [DEBUG] MongoDB connection closed
[2025-08-15T23:44:09.017Z] [INFO] Checking for scheduled reports...
[2025-08-15T23:44:09.624Z] [DEBUG] Connected to MongoDB
[2025-08-15T23:44:09.685Z] [INFO] Found 3 company databases
[2025-08-15T23:44:09.686Z] [DEBUG] Processing company database: company_6I22ydwr
[2025-08-15T23:44:09.738Z] [DEBUG] Skipping company_6I22ydwr: No scheduled reports collection found
[2025-08-15T23:44:09.739Z] [DEBUG] Processing company database: company_ieebsmug
[2025-08-15T23:44:09.792Z] [DEBUG] Skipping company_ieebsmug: No scheduled reports collection found
[2025-08-15T23:44:09.792Z] [DEBUG] Processing company database: company_ry0iwbpw
[2025-08-15T23:44:09.845Z] [DEBUG] Finding reports to execute in company_ry0iwbpw (current time: 2025-08-15T23:44:09.845Z)
[2025-08-15T23:44:09.898Z] [INFO] Found 0 reports to execute in company_ry0iwbpw
[2025-08-15T23:44:09.898Z] [INFO] Scheduled reports check completed
[2025-08-15T23:44:09.899Z] [DEBUG] MongoDB connection closed
[2025-08-15T23:44:19.018Z] [INFO] Checking for scheduled reports...
[2025-08-15T23:44:19.677Z] [DEBUG] Connected to MongoDB
[2025-08-15T23:44:19.739Z] [INFO] Found 3 company databases
[2025-08-15T23:44:19.739Z] [DEBUG] Processing company database: company_6I22ydwr
[2025-08-15T23:44:19.793Z] [DEBUG] Skipping company_6I22ydwr: No scheduled reports collection found
[2025-08-15T23:44:19.794Z] [DEBUG] Processing company database: company_ieebsmug
[2025-08-15T23:44:19.853Z] [DEBUG] Skipping company_ieebsmug: No scheduled reports collection found
[2025-08-15T23:44:19.853Z] [DEBUG] Processing company database: company_ry0iwbpw
[2025-08-15T23:44:19.906Z] [DEBUG] Finding reports to execute in company_ry0iwbpw (current time: 2025-08-15T23:44:19.906Z)
[2025-08-15T23:44:19.959Z] [INFO] Found 0 reports to execute in company_ry0iwbpw
[2025-08-15T23:44:19.959Z] [INFO] Scheduled reports check completed
[2025-08-15T23:44:19.961Z] [DEBUG] MongoDB connection closed
[2025-08-15T23:44:29.019Z] [INFO] Checking for scheduled reports...
[2025-08-15T23:44:29.641Z] [DEBUG] Connected to MongoDB
[2025-08-15T23:44:29.703Z] [INFO] Found 3 company databases
[2025-08-15T23:44:29.703Z] [DEBUG] Processing company database: company_6I22ydwr
[2025-08-15T23:44:29.757Z] [DEBUG] Skipping company_6I22ydwr: No scheduled reports collection found
[2025-08-15T23:44:29.757Z] [DEBUG] Processing company database: company_ieebsmug
[2025-08-15T23:44:29.810Z] [DEBUG] Skipping company_ieebsmug: No scheduled reports collection found
[2025-08-15T23:44:29.811Z] [DEBUG] Processing company database: company_ry0iwbpw
[2025-08-15T23:44:29.864Z] [DEBUG] Finding reports to execute in company_ry0iwbpw (current time: 2025-08-15T23:44:29.864Z)
[2025-08-15T23:44:29.918Z] [INFO] Found 0 reports to execute in company_ry0iwbpw
[2025-08-15T23:44:29.918Z] [INFO] Scheduled reports check completed
[2025-08-15T23:44:29.920Z] [DEBUG] MongoDB connection closed
[2025-08-15T23:44:39.020Z] [INFO] Checking for scheduled reports...
[2025-08-15T23:44:39.713Z] [DEBUG] Connected to MongoDB
[2025-08-15T23:44:39.774Z] [INFO] Found 3 company databases
[2025-08-15T23:44:39.774Z] [DEBUG] Processing company database: company_6I22ydwr
[2025-08-15T23:44:39.827Z] [DEBUG] Skipping company_6I22ydwr: No scheduled reports collection found
[2025-08-15T23:44:39.828Z] [DEBUG] Processing company database: company_ieebsmug
[2025-08-15T23:44:39.880Z] [DEBUG] Skipping company_ieebsmug: No scheduled reports collection found
[2025-08-15T23:44:39.881Z] [DEBUG] Processing company database: company_ry0iwbpw
[2025-08-15T23:44:39.934Z] [DEBUG] Finding reports to execute in company_ry0iwbpw (current time: 2025-08-15T23:44:39.934Z)
[2025-08-15T23:44:39.987Z] [INFO] Found 0 reports to execute in company_ry0iwbpw
[2025-08-15T23:44:39.987Z] [INFO] Scheduled reports check completed
[2025-08-15T23:44:39.989Z] [DEBUG] MongoDB connection closed
[2025-08-15T23:44:49.021Z] [INFO] Checking for scheduled reports...
[2025-08-15T23:44:49.631Z] [DEBUG] Connected to MongoDB
[2025-08-15T23:44:49.692Z] [INFO] Found 3 company databases
[2025-08-15T23:44:49.693Z] [DEBUG] Processing company database: company_6I22ydwr
[2025-08-15T23:44:49.746Z] [DEBUG] Skipping company_6I22ydwr: No scheduled reports collection found
[2025-08-15T23:44:49.746Z] [DEBUG] Processing company database: company_ieebsmug
[2025-08-15T23:44:49.800Z] [DEBUG] Skipping company_ieebsmug: No scheduled reports collection found
[2025-08-15T23:44:49.800Z] [DEBUG] Processing company database: company_ry0iwbpw
[2025-08-15T23:44:49.853Z] [DEBUG] Finding reports to execute in company_ry0iwbpw (current time: 2025-08-15T23:44:49.853Z)
[2025-08-15T23:44:49.905Z] [INFO] Found 0 reports to execute in company_ry0iwbpw
[2025-08-15T23:44:49.905Z] [INFO] Scheduled reports check completed
[2025-08-15T23:44:49.907Z] [DEBUG] MongoDB connection closed
[2025-08-15T23:44:59.021Z] [INFO] Checking for scheduled reports...
[2025-08-15T23:44:59.628Z] [DEBUG] Connected to MongoDB
[2025-08-15T23:44:59.691Z] [INFO] Found 3 company databases
[2025-08-15T23:44:59.692Z] [DEBUG] Processing company database: company_6I22ydwr
[2025-08-15T23:44:59.745Z] [DEBUG] Skipping company_6I22ydwr: No scheduled reports collection found
[2025-08-15T23:44:59.745Z] [DEBUG] Processing company database: company_ieebsmug
[2025-08-15T23:44:59.808Z] [DEBUG] Skipping company_ieebsmug: No scheduled reports collection found
[2025-08-15T23:44:59.809Z] [DEBUG] Processing company database: company_ry0iwbpw
[2025-08-15T23:44:59.863Z] [DEBUG] Finding reports to execute in company_ry0iwbpw (current time: 2025-08-15T23:44:59.863Z)
[2025-08-15T23:44:59.916Z] [INFO] Found 0 reports to execute in company_ry0iwbpw
[2025-08-15T23:44:59.917Z] [INFO] Scheduled reports check completed
[2025-08-15T23:44:59.919Z] [DEBUG] MongoDB connection closed
[2025-08-15T23:45:09.023Z] [INFO] Checking for scheduled reports...
[2025-08-15T23:45:09.757Z] [DEBUG] Connected to MongoDB
[2025-08-15T23:45:09.819Z] [INFO] Found 3 company databases
[2025-08-15T23:45:09.819Z] [DEBUG] Processing company database: company_6I22ydwr
[2025-08-15T23:45:09.872Z] [DEBUG] Skipping company_6I22ydwr: No scheduled reports collection found
[2025-08-15T23:45:09.873Z] [DEBUG] Processing company database: company_ieebsmug
[2025-08-15T23:45:09.925Z] [DEBUG] Skipping company_ieebsmug: No scheduled reports collection found
[2025-08-15T23:45:09.925Z] [DEBUG] Processing company database: company_ry0iwbpw
[2025-08-15T23:45:09.979Z] [DEBUG] Finding reports to execute in company_ry0iwbpw (current time: 2025-08-15T23:45:09.979Z)
[2025-08-15T23:45:10.032Z] [INFO] Found 0 reports to execute in company_ry0iwbpw
[2025-08-15T23:45:10.032Z] [INFO] Scheduled reports check completed
[2025-08-15T23:45:10.033Z] [DEBUG] MongoDB connection closed
[2025-08-15T23:45:19.025Z] [INFO] Checking for scheduled reports...
[2025-08-15T23:45:19.698Z] [DEBUG] Connected to MongoDB
[2025-08-15T23:45:19.760Z] [INFO] Found 3 company databases
[2025-08-15T23:45:19.761Z] [DEBUG] Processing company database: company_6I22ydwr
[2025-08-15T23:45:19.813Z] [DEBUG] Skipping company_6I22ydwr: No scheduled reports collection found
[2025-08-15T23:45:19.814Z] [DEBUG] Processing company database: company_ieebsmug
[2025-08-15T23:45:19.867Z] [DEBUG] Skipping company_ieebsmug: No scheduled reports collection found
[2025-08-15T23:45:19.867Z] [DEBUG] Processing company database: company_ry0iwbpw
[2025-08-15T23:45:19.921Z] [DEBUG] Finding reports to execute in company_ry0iwbpw (current time: 2025-08-15T23:45:19.921Z)
[2025-08-15T23:45:19.974Z] [INFO] Found 0 reports to execute in company_ry0iwbpw
[2025-08-15T23:45:19.974Z] [INFO] Scheduled reports check completed
[2025-08-15T23:45:19.976Z] [DEBUG] MongoDB connection closed
[2025-08-15T23:45:29.025Z] [INFO] Checking for scheduled reports...
[2025-08-15T23:45:29.649Z] [DEBUG] Connected to MongoDB
[2025-08-15T23:45:29.716Z] [INFO] Found 3 company databases
[2025-08-15T23:45:29.716Z] [DEBUG] Processing company database: company_6I22ydwr
[2025-08-15T23:45:29.769Z] [DEBUG] Skipping company_6I22ydwr: No scheduled reports collection found
[2025-08-15T23:45:29.769Z] [DEBUG] Processing company database: company_ieebsmug
[2025-08-15T23:45:29.822Z] [DEBUG] Skipping company_ieebsmug: No scheduled reports collection found
[2025-08-15T23:45:29.823Z] [DEBUG] Processing company database: company_ry0iwbpw
[2025-08-15T23:45:29.880Z] [DEBUG] Finding reports to execute in company_ry0iwbpw (current time: 2025-08-15T23:45:29.880Z)
[2025-08-15T23:45:29.937Z] [INFO] Found 0 reports to execute in company_ry0iwbpw
[2025-08-15T23:45:29.937Z] [INFO] Scheduled reports check completed
[2025-08-15T23:45:30.005Z] [DEBUG] MongoDB connection closed
[2025-08-15T23:45:39.027Z] [INFO] Checking for scheduled reports...
[2025-08-15T23:45:39.723Z] [DEBUG] Connected to MongoDB
[2025-08-15T23:45:39.785Z] [INFO] Found 3 company databases
[2025-08-15T23:45:39.785Z] [DEBUG] Processing company database: company_6I22ydwr
[2025-08-15T23:45:39.838Z] [DEBUG] Skipping company_6I22ydwr: No scheduled reports collection found
[2025-08-15T23:45:39.839Z] [DEBUG] Processing company database: company_ieebsmug
[2025-08-15T23:45:39.892Z] [DEBUG] Skipping company_ieebsmug: No scheduled reports collection found
[2025-08-15T23:45:39.892Z] [DEBUG] Processing company database: company_ry0iwbpw
[2025-08-15T23:45:39.946Z] [DEBUG] Finding reports to execute in company_ry0iwbpw (current time: 2025-08-15T23:45:39.946Z)
[2025-08-15T23:45:39.999Z] [INFO] Found 0 reports to execute in company_ry0iwbpw
[2025-08-15T23:45:39.999Z] [INFO] Scheduled reports check completed
[2025-08-15T23:45:40.001Z] [DEBUG] MongoDB connection closed
[2025-08-15T23:45:49.028Z] [INFO] Checking for scheduled reports...
[2025-08-15T23:45:49.636Z] [DEBUG] Connected to MongoDB
[2025-08-15T23:45:49.698Z] [INFO] Found 3 company databases
[2025-08-15T23:45:49.698Z] [DEBUG] Processing company database: company_6I22ydwr
[2025-08-15T23:45:49.753Z] [DEBUG] Skipping company_6I22ydwr: No scheduled reports collection found
[2025-08-15T23:45:49.754Z] [DEBUG] Processing company database: company_ieebsmug
[2025-08-15T23:45:49.807Z] [DEBUG] Skipping company_ieebsmug: No scheduled reports collection found
[2025-08-15T23:45:49.807Z] [DEBUG] Processing company database: company_ry0iwbpw
[2025-08-15T23:45:49.862Z] [DEBUG] Finding reports to execute in company_ry0iwbpw (current time: 2025-08-15T23:45:49.862Z)
[2025-08-15T23:45:49.920Z] [INFO] Found 0 reports to execute in company_ry0iwbpw
[2025-08-15T23:45:49.921Z] [INFO] Scheduled reports check completed
[2025-08-15T23:45:49.923Z] [DEBUG] MongoDB connection closed
[2025-08-15T23:45:59.042Z] [INFO] Checking for scheduled reports...
[2025-08-15T23:45:59.654Z] [DEBUG] Connected to MongoDB
[2025-08-15T23:45:59.717Z] [INFO] Found 3 company databases
[2025-08-15T23:45:59.718Z] [DEBUG] Processing company database: company_6I22ydwr
[2025-08-15T23:45:59.771Z] [DEBUG] Skipping company_6I22ydwr: No scheduled reports collection found
[2025-08-15T23:45:59.771Z] [DEBUG] Processing company database: company_ieebsmug
[2025-08-15T23:45:59.824Z] [DEBUG] Skipping company_ieebsmug: No scheduled reports collection found
[2025-08-15T23:45:59.824Z] [DEBUG] Processing company database: company_ry0iwbpw
[2025-08-15T23:45:59.878Z] [DEBUG] Finding reports to execute in company_ry0iwbpw (current time: 2025-08-15T23:45:59.878Z)
[2025-08-15T23:45:59.932Z] [INFO] Found 0 reports to execute in company_ry0iwbpw
[2025-08-15T23:45:59.933Z] [INFO] Scheduled reports check completed
[2025-08-15T23:45:59.934Z] [DEBUG] MongoDB connection closed
[2025-08-15T23:46:09.050Z] [INFO] Checking for scheduled reports...
[2025-08-15T23:46:09.652Z] [DEBUG] Connected to MongoDB
[2025-08-15T23:46:09.715Z] [INFO] Found 3 company databases
[2025-08-15T23:46:09.715Z] [DEBUG] Processing company database: company_6I22ydwr
[2025-08-15T23:46:09.768Z] [DEBUG] Skipping company_6I22ydwr: No scheduled reports collection found
[2025-08-15T23:46:09.768Z] [DEBUG] Processing company database: company_ieebsmug
[2025-08-15T23:46:09.821Z] [DEBUG] Skipping company_ieebsmug: No scheduled reports collection found
[2025-08-15T23:46:09.821Z] [DEBUG] Processing company database: company_ry0iwbpw
[2025-08-15T23:46:09.875Z] [DEBUG] Finding reports to execute in company_ry0iwbpw (current time: 2025-08-15T23:46:09.875Z)
[2025-08-15T23:46:09.928Z] [INFO] Found 0 reports to execute in company_ry0iwbpw
[2025-08-15T23:46:09.928Z] [INFO] Scheduled reports check completed
[2025-08-15T23:46:09.930Z] [DEBUG] MongoDB connection closed
[2025-08-15T23:46:19.059Z] [INFO] Checking for scheduled reports...
[2025-08-15T23:46:19.762Z] [DEBUG] Connected to MongoDB
[2025-08-15T23:46:19.826Z] [INFO] Found 3 company databases
[2025-08-15T23:46:19.827Z] [DEBUG] Processing company database: company_6I22ydwr
[2025-08-15T23:46:19.885Z] [DEBUG] Skipping company_6I22ydwr: No scheduled reports collection found
[2025-08-15T23:46:19.887Z] [DEBUG] Processing company database: company_ieebsmug
[2025-08-15T23:46:19.941Z] [DEBUG] Skipping company_ieebsmug: No scheduled reports collection found
[2025-08-15T23:46:19.941Z] [DEBUG] Processing company database: company_ry0iwbpw
[2025-08-15T23:46:19.995Z] [DEBUG] Finding reports to execute in company_ry0iwbpw (current time: 2025-08-15T23:46:19.995Z)
[2025-08-15T23:46:20.050Z] [INFO] Found 0 reports to execute in company_ry0iwbpw
[2025-08-15T23:46:20.051Z] [INFO] Scheduled reports check completed
[2025-08-15T23:46:20.078Z] [DEBUG] MongoDB connection closed
[2025-08-15T23:46:29.062Z] [INFO] Checking for scheduled reports...
[2025-08-15T23:46:29.786Z] [DEBUG] Connected to MongoDB
[2025-08-15T23:46:29.848Z] [INFO] Found 3 company databases
[2025-08-15T23:46:29.848Z] [DEBUG] Processing company database: company_6I22ydwr
[2025-08-15T23:46:29.901Z] [DEBUG] Skipping company_6I22ydwr: No scheduled reports collection found
[2025-08-15T23:46:29.901Z] [DEBUG] Processing company database: company_ieebsmug
[2025-08-15T23:46:29.954Z] [DEBUG] Skipping company_ieebsmug: No scheduled reports collection found
[2025-08-15T23:46:29.955Z] [DEBUG] Processing company database: company_ry0iwbpw
[2025-08-15T23:46:30.008Z] [DEBUG] Finding reports to execute in company_ry0iwbpw (current time: 2025-08-15T23:46:30.008Z)
[2025-08-15T23:46:30.068Z] [INFO] Found 0 reports to execute in company_ry0iwbpw
[2025-08-15T23:46:30.068Z] [INFO] Scheduled reports check completed
[2025-08-15T23:46:30.070Z] [DEBUG] MongoDB connection closed
[2025-08-15T23:46:39.065Z] [INFO] Checking for scheduled reports...
[2025-08-15T23:46:39.747Z] [DEBUG] Connected to MongoDB
[2025-08-15T23:46:39.808Z] [INFO] Found 3 company databases
[2025-08-15T23:46:39.808Z] [DEBUG] Processing company database: company_6I22ydwr
[2025-08-15T23:46:39.861Z] [DEBUG] Skipping company_6I22ydwr: No scheduled reports collection found
[2025-08-15T23:46:39.861Z] [DEBUG] Processing company database: company_ieebsmug
[2025-08-15T23:46:39.914Z] [DEBUG] Skipping company_ieebsmug: No scheduled reports collection found
[2025-08-15T23:46:39.914Z] [DEBUG] Processing company database: company_ry0iwbpw
[2025-08-15T23:46:39.967Z] [DEBUG] Finding reports to execute in company_ry0iwbpw (current time: 2025-08-15T23:46:39.967Z)
[2025-08-15T23:46:40.019Z] [INFO] Found 0 reports to execute in company_ry0iwbpw
[2025-08-15T23:46:40.020Z] [INFO] Scheduled reports check completed
[2025-08-15T23:46:40.021Z] [DEBUG] MongoDB connection closed
[2025-08-15T23:46:49.065Z] [INFO] Checking for scheduled reports...
[2025-08-15T23:46:49.673Z] [DEBUG] Connected to MongoDB
[2025-08-15T23:46:49.734Z] [INFO] Found 3 company databases
[2025-08-15T23:46:49.734Z] [DEBUG] Processing company database: company_6I22ydwr
[2025-08-15T23:46:49.787Z] [DEBUG] Skipping company_6I22ydwr: No scheduled reports collection found
[2025-08-15T23:46:49.788Z] [DEBUG] Processing company database: company_ieebsmug
[2025-08-15T23:46:49.841Z] [DEBUG] Skipping company_ieebsmug: No scheduled reports collection found
[2025-08-15T23:46:49.841Z] [DEBUG] Processing company database: company_ry0iwbpw
[2025-08-15T23:46:49.894Z] [DEBUG] Finding reports to execute in company_ry0iwbpw (current time: 2025-08-15T23:46:49.894Z)
[2025-08-15T23:46:49.948Z] [INFO] Found 0 reports to execute in company_ry0iwbpw
[2025-08-15T23:46:49.948Z] [INFO] Scheduled reports check completed
[2025-08-15T23:46:49.950Z] [DEBUG] MongoDB connection closed
[2025-08-15T23:46:59.067Z] [INFO] Checking for scheduled reports...
[2025-08-15T23:46:59.667Z] [DEBUG] Connected to MongoDB
[2025-08-15T23:46:59.729Z] [INFO] Found 3 company databases
[2025-08-15T23:46:59.729Z] [DEBUG] Processing company database: company_6I22ydwr
[2025-08-15T23:46:59.782Z] [DEBUG] Skipping company_6I22ydwr: No scheduled reports collection found
[2025-08-15T23:46:59.782Z] [DEBUG] Processing company database: company_ieebsmug
[2025-08-15T23:46:59.834Z] [DEBUG] Skipping company_ieebsmug: No scheduled reports collection found
[2025-08-15T23:46:59.834Z] [DEBUG] Processing company database: company_ry0iwbpw
[2025-08-15T23:46:59.887Z] [DEBUG] Finding reports to execute in company_ry0iwbpw (current time: 2025-08-15T23:46:59.887Z)
[2025-08-15T23:46:59.940Z] [INFO] Found 0 reports to execute in company_ry0iwbpw
[2025-08-15T23:46:59.940Z] [INFO] Scheduled reports check completed
[2025-08-15T23:46:59.942Z] [DEBUG] MongoDB connection closed
[2025-08-15T23:47:09.068Z] [INFO] Checking for scheduled reports...
[2025-08-15T23:47:09.658Z] [DEBUG] Connected to MongoDB
[2025-08-15T23:47:09.719Z] [INFO] Found 3 company databases
[2025-08-15T23:47:09.719Z] [DEBUG] Processing company database: company_6I22ydwr
[2025-08-15T23:47:09.774Z] [DEBUG] Skipping company_6I22ydwr: No scheduled reports collection found
[2025-08-15T23:47:09.775Z] [DEBUG] Processing company database: company_ieebsmug
[2025-08-15T23:47:09.827Z] [DEBUG] Skipping company_ieebsmug: No scheduled reports collection found
[2025-08-15T23:47:09.828Z] [DEBUG] Processing company database: company_ry0iwbpw
[2025-08-15T23:47:09.881Z] [DEBUG] Finding reports to execute in company_ry0iwbpw (current time: 2025-08-15T23:47:09.881Z)
[2025-08-15T23:47:09.934Z] [INFO] Found 0 reports to execute in company_ry0iwbpw
[2025-08-15T23:47:09.934Z] [INFO] Scheduled reports check completed
[2025-08-15T23:47:09.936Z] [DEBUG] MongoDB connection closed
[2025-08-15T23:47:19.069Z] [INFO] Checking for scheduled reports...
[2025-08-15T23:47:19.665Z] [DEBUG] Connected to MongoDB
[2025-08-15T23:47:19.722Z] [INFO] Found 3 company databases
[2025-08-15T23:47:19.723Z] [DEBUG] Processing company database: company_6I22ydwr
[2025-08-15T23:47:19.772Z] [DEBUG] Skipping company_6I22ydwr: No scheduled reports collection found
[2025-08-15T23:47:19.773Z] [DEBUG] Processing company database: company_ieebsmug
[2025-08-15T23:47:19.822Z] [DEBUG] Skipping company_ieebsmug: No scheduled reports collection found
[2025-08-15T23:47:19.822Z] [DEBUG] Processing company database: company_ry0iwbpw
[2025-08-15T23:47:19.872Z] [DEBUG] Finding reports to execute in company_ry0iwbpw (current time: 2025-08-15T23:47:19.872Z)
[2025-08-15T23:47:19.921Z] [INFO] Found 0 reports to execute in company_ry0iwbpw
[2025-08-15T23:47:19.921Z] [INFO] Scheduled reports check completed
[2025-08-15T23:47:19.924Z] [DEBUG] MongoDB connection closed
[2025-08-15T23:47:29.070Z] [INFO] Checking for scheduled reports...
[2025-08-15T23:47:29.650Z] [DEBUG] Connected to MongoDB
[2025-08-15T23:47:29.706Z] [INFO] Found 3 company databases
[2025-08-15T23:47:29.707Z] [DEBUG] Processing company database: company_6I22ydwr
[2025-08-15T23:47:29.755Z] [DEBUG] Skipping company_6I22ydwr: No scheduled reports collection found
[2025-08-15T23:47:29.756Z] [DEBUG] Processing company database: company_ieebsmug
[2025-08-15T23:47:29.805Z] [DEBUG] Skipping company_ieebsmug: No scheduled reports collection found
[2025-08-15T23:47:29.806Z] [DEBUG] Processing company database: company_ry0iwbpw
[2025-08-15T23:47:29.856Z] [DEBUG] Finding reports to execute in company_ry0iwbpw (current time: 2025-08-15T23:47:29.856Z)
[2025-08-15T23:47:29.911Z] [INFO] Found 0 reports to execute in company_ry0iwbpw
[2025-08-15T23:47:29.912Z] [INFO] Scheduled reports check completed
[2025-08-15T23:47:29.914Z] [DEBUG] MongoDB connection closed
[2025-08-15T23:47:39.072Z] [INFO] Checking for scheduled reports...
[2025-08-15T23:47:39.726Z] [DEBUG] Connected to MongoDB
[2025-08-15T23:47:39.783Z] [INFO] Found 3 company databases
[2025-08-15T23:47:39.783Z] [DEBUG] Processing company database: company_6I22ydwr
[2025-08-15T23:47:39.831Z] [DEBUG] Skipping company_6I22ydwr: No scheduled reports collection found
[2025-08-15T23:47:39.831Z] [DEBUG] Processing company database: company_ieebsmug
[2025-08-15T23:47:39.880Z] [DEBUG] Skipping company_ieebsmug: No scheduled reports collection found
[2025-08-15T23:47:39.880Z] [DEBUG] Processing company database: company_ry0iwbpw
[2025-08-15T23:47:39.930Z] [DEBUG] Finding reports to execute in company_ry0iwbpw (current time: 2025-08-15T23:47:39.930Z)
[2025-08-15T23:47:39.980Z] [INFO] Found 0 reports to execute in company_ry0iwbpw
[2025-08-15T23:47:39.980Z] [INFO] Scheduled reports check completed
[2025-08-15T23:47:39.981Z] [DEBUG] MongoDB connection closed
[2025-08-15T23:47:49.072Z] [INFO] Checking for scheduled reports...
[2025-08-15T23:47:49.796Z] [DEBUG] Connected to MongoDB
[2025-08-15T23:47:49.857Z] [INFO] Found 3 company databases
[2025-08-15T23:47:49.858Z] [DEBUG] Processing company database: company_6I22ydwr
[2025-08-15T23:47:49.909Z] [DEBUG] Skipping company_6I22ydwr: No scheduled reports collection found
[2025-08-15T23:47:49.910Z] [DEBUG] Processing company database: company_ieebsmug
[2025-08-15T23:47:49.962Z] [DEBUG] Skipping company_ieebsmug: No scheduled reports collection found
[2025-08-15T23:47:49.962Z] [DEBUG] Processing company database: company_ry0iwbpw
[2025-08-15T23:47:50.015Z] [DEBUG] Finding reports to execute in company_ry0iwbpw (current time: 2025-08-15T23:47:50.015Z)
[2025-08-15T23:47:50.069Z] [INFO] Found 0 reports to execute in company_ry0iwbpw
[2025-08-15T23:47:50.070Z] [INFO] Scheduled reports check completed
[2025-08-15T23:47:50.071Z] [DEBUG] MongoDB connection closed
[2025-08-15T23:47:59.074Z] [INFO] Checking for scheduled reports...
[2025-08-15T23:47:59.679Z] [DEBUG] Connected to MongoDB
[2025-08-15T23:47:59.741Z] [INFO] Found 3 company databases
[2025-08-15T23:47:59.742Z] [DEBUG] Processing company database: company_6I22ydwr
[2025-08-15T23:47:59.795Z] [DEBUG] Skipping company_6I22ydwr: No scheduled reports collection found
[2025-08-15T23:47:59.796Z] [DEBUG] Processing company database: company_ieebsmug
[2025-08-15T23:47:59.849Z] [DEBUG] Skipping company_ieebsmug: No scheduled reports collection found
[2025-08-15T23:47:59.850Z] [DEBUG] Processing company database: company_ry0iwbpw
[2025-08-15T23:47:59.904Z] [DEBUG] Finding reports to execute in company_ry0iwbpw (current time: 2025-08-15T23:47:59.904Z)
[2025-08-15T23:47:59.957Z] [INFO] Found 0 reports to execute in company_ry0iwbpw
[2025-08-15T23:47:59.958Z] [INFO] Scheduled reports check completed
[2025-08-15T23:47:59.961Z] [DEBUG] MongoDB connection closed
[2025-08-15T23:48:09.075Z] [INFO] Checking for scheduled reports...
[2025-08-15T23:48:09.645Z] [DEBUG] Connected to MongoDB
[2025-08-15T23:48:09.702Z] [INFO] Found 3 company databases
[2025-08-15T23:48:09.703Z] [DEBUG] Processing company database: company_6I22ydwr
[2025-08-15T23:48:09.752Z] [DEBUG] Skipping company_6I22ydwr: No scheduled reports collection found
[2025-08-15T23:48:09.753Z] [DEBUG] Processing company database: company_ieebsmug
[2025-08-15T23:48:09.801Z] [DEBUG] Skipping company_ieebsmug: No scheduled reports collection found
[2025-08-15T23:48:09.802Z] [DEBUG] Processing company database: company_ry0iwbpw
[2025-08-15T23:48:09.852Z] [DEBUG] Finding reports to execute in company_ry0iwbpw (current time: 2025-08-15T23:48:09.852Z)
[2025-08-15T23:48:09.902Z] [INFO] Found 0 reports to execute in company_ry0iwbpw
[2025-08-15T23:48:09.902Z] [INFO] Scheduled reports check completed
[2025-08-15T23:48:09.904Z] [DEBUG] MongoDB connection closed
[2025-08-15T23:48:19.076Z] [INFO] Checking for scheduled reports...
[2025-08-15T23:48:19.648Z] [DEBUG] Connected to MongoDB
[2025-08-15T23:48:19.709Z] [INFO] Found 3 company databases
[2025-08-15T23:48:19.711Z] [DEBUG] Processing company database: company_6I22ydwr
[2025-08-15T23:48:19.761Z] [DEBUG] Skipping company_6I22ydwr: No scheduled reports collection found
[2025-08-15T23:48:19.761Z] [DEBUG] Processing company database: company_ieebsmug
[2025-08-15T23:48:19.810Z] [DEBUG] Skipping company_ieebsmug: No scheduled reports collection found
[2025-08-15T23:48:19.810Z] [DEBUG] Processing company database: company_ry0iwbpw
[2025-08-15T23:48:19.858Z] [DEBUG] Finding reports to execute in company_ry0iwbpw (current time: 2025-08-15T23:48:19.858Z)
[2025-08-15T23:48:19.906Z] [INFO] Found 0 reports to execute in company_ry0iwbpw
[2025-08-15T23:48:19.907Z] [INFO] Scheduled reports check completed
[2025-08-15T23:48:19.912Z] [DEBUG] MongoDB connection closed
[2025-08-15T23:48:29.077Z] [INFO] Checking for scheduled reports...
[2025-08-15T23:48:29.649Z] [DEBUG] Connected to MongoDB
[2025-08-15T23:48:29.705Z] [INFO] Found 3 company databases
[2025-08-15T23:48:29.706Z] [DEBUG] Processing company database: company_6I22ydwr
[2025-08-15T23:48:29.754Z] [DEBUG] Skipping company_6I22ydwr: No scheduled reports collection found
[2025-08-15T23:48:29.755Z] [DEBUG] Processing company database: company_ieebsmug
[2025-08-15T23:48:29.803Z] [DEBUG] Skipping company_ieebsmug: No scheduled reports collection found
[2025-08-15T23:48:29.804Z] [DEBUG] Processing company database: company_ry0iwbpw
[2025-08-15T23:48:29.853Z] [DEBUG] Finding reports to execute in company_ry0iwbpw (current time: 2025-08-15T23:48:29.853Z)
[2025-08-15T23:48:29.901Z] [INFO] Found 0 reports to execute in company_ry0iwbpw
[2025-08-15T23:48:29.902Z] [INFO] Scheduled reports check completed
[2025-08-15T23:48:29.904Z] [DEBUG] MongoDB connection closed
[2025-08-15T23:48:39.079Z] [INFO] Checking for scheduled reports...
[2025-08-15T23:48:39.743Z] [DEBUG] Connected to MongoDB
[2025-08-15T23:48:39.803Z] [INFO] Found 3 company databases
[2025-08-15T23:48:39.804Z] [DEBUG] Processing company database: company_6I22ydwr
[2025-08-15T23:48:39.853Z] [DEBUG] Skipping company_6I22ydwr: No scheduled reports collection found
[2025-08-15T23:48:39.854Z] [DEBUG] Processing company database: company_ieebsmug
[2025-08-15T23:48:39.903Z] [DEBUG] Skipping company_ieebsmug: No scheduled reports collection found
[2025-08-15T23:48:39.904Z] [DEBUG] Processing company database: company_ry0iwbpw
[2025-08-15T23:48:39.954Z] [DEBUG] Finding reports to execute in company_ry0iwbpw (current time: 2025-08-15T23:48:39.954Z)
[2025-08-15T23:48:40.003Z] [INFO] Found 0 reports to execute in company_ry0iwbpw
[2025-08-15T23:48:40.004Z] [INFO] Scheduled reports check completed
[2025-08-15T23:48:40.007Z] [DEBUG] MongoDB connection closed
[2025-08-15T23:48:49.080Z] [INFO] Checking for scheduled reports...
[2025-08-15T23:48:49.642Z] [DEBUG] Connected to MongoDB
[2025-08-15T23:48:49.699Z] [INFO] Found 3 company databases
[2025-08-15T23:48:49.700Z] [DEBUG] Processing company database: company_6I22ydwr
[2025-08-15T23:48:49.749Z] [DEBUG] Skipping company_6I22ydwr: No scheduled reports collection found
[2025-08-15T23:48:49.749Z] [DEBUG] Processing company database: company_ieebsmug
[2025-08-15T23:48:49.798Z] [DEBUG] Skipping company_ieebsmug: No scheduled reports collection found
[2025-08-15T23:48:49.799Z] [DEBUG] Processing company database: company_ry0iwbpw
[2025-08-15T23:48:49.848Z] [DEBUG] Finding reports to execute in company_ry0iwbpw (current time: 2025-08-15T23:48:49.848Z)
[2025-08-15T23:48:49.897Z] [INFO] Found 0 reports to execute in company_ry0iwbpw
[2025-08-15T23:48:49.898Z] [INFO] Scheduled reports check completed
[2025-08-15T23:48:49.900Z] [DEBUG] MongoDB connection closed
[2025-08-15T23:48:59.082Z] [INFO] Checking for scheduled reports...
[2025-08-15T23:48:59.649Z] [DEBUG] Connected to MongoDB
[2025-08-15T23:48:59.707Z] [INFO] Found 3 company databases
[2025-08-15T23:48:59.708Z] [DEBUG] Processing company database: company_6I22ydwr
[2025-08-15T23:48:59.757Z] [DEBUG] Skipping company_6I22ydwr: No scheduled reports collection found
[2025-08-15T23:48:59.757Z] [DEBUG] Processing company database: company_ieebsmug
[2025-08-15T23:48:59.814Z] [DEBUG] Skipping company_ieebsmug: No scheduled reports collection found
[2025-08-15T23:48:59.815Z] [DEBUG] Processing company database: company_ry0iwbpw
[2025-08-15T23:48:59.864Z] [DEBUG] Finding reports to execute in company_ry0iwbpw (current time: 2025-08-15T23:48:59.864Z)
[2025-08-15T23:48:59.912Z] [INFO] Found 0 reports to execute in company_ry0iwbpw
[2025-08-15T23:48:59.913Z] [INFO] Scheduled reports check completed
[2025-08-15T23:48:59.915Z] [DEBUG] MongoDB connection closed
[2025-08-15T23:49:09.083Z] [INFO] Checking for scheduled reports...
[2025-08-15T23:49:09.856Z] [DEBUG] Connected to MongoDB
[2025-08-15T23:49:09.914Z] [INFO] Found 3 company databases
[2025-08-15T23:49:09.915Z] [DEBUG] Processing company database: company_6I22ydwr
[2025-08-15T23:49:09.965Z] [DEBUG] Skipping company_6I22ydwr: No scheduled reports collection found
[2025-08-15T23:49:09.965Z] [DEBUG] Processing company database: company_ieebsmug
[2025-08-15T23:49:10.014Z] [DEBUG] Skipping company_ieebsmug: No scheduled reports collection found
[2025-08-15T23:49:10.015Z] [DEBUG] Processing company database: company_ry0iwbpw
[2025-08-15T23:49:10.066Z] [DEBUG] Finding reports to execute in company_ry0iwbpw (current time: 2025-08-15T23:49:10.065Z)
[2025-08-15T23:49:10.115Z] [INFO] Found 0 reports to execute in company_ry0iwbpw
[2025-08-15T23:49:10.115Z] [INFO] Scheduled reports check completed
[2025-08-15T23:49:10.117Z] [DEBUG] MongoDB connection closed
[2025-08-15T23:49:19.085Z] [INFO] Checking for scheduled reports...
[2025-08-15T23:49:19.659Z] [DEBUG] Connected to MongoDB
[2025-08-15T23:49:19.716Z] [INFO] Found 3 company databases
[2025-08-15T23:49:19.717Z] [DEBUG] Processing company database: company_6I22ydwr
[2025-08-15T23:49:19.765Z] [DEBUG] Skipping company_6I22ydwr: No scheduled reports collection found
[2025-08-15T23:49:19.766Z] [DEBUG] Processing company database: company_ieebsmug
[2025-08-15T23:49:19.815Z] [DEBUG] Skipping company_ieebsmug: No scheduled reports collection found
[2025-08-15T23:49:19.816Z] [DEBUG] Processing company database: company_ry0iwbpw
[2025-08-15T23:49:19.865Z] [DEBUG] Finding reports to execute in company_ry0iwbpw (current time: 2025-08-15T23:49:19.865Z)
[2025-08-15T23:49:19.914Z] [INFO] Found 0 reports to execute in company_ry0iwbpw
[2025-08-15T23:49:19.914Z] [INFO] Scheduled reports check completed
[2025-08-15T23:49:19.917Z] [DEBUG] MongoDB connection closed
[2025-08-15T23:49:29.086Z] [INFO] Checking for scheduled reports...
[2025-08-15T23:49:29.655Z] [DEBUG] Connected to MongoDB
[2025-08-15T23:49:29.712Z] [INFO] Found 3 company databases
[2025-08-15T23:49:29.713Z] [DEBUG] Processing company database: company_6I22ydwr
[2025-08-15T23:49:29.761Z] [DEBUG] Skipping company_6I22ydwr: No scheduled reports collection found
[2025-08-15T23:49:29.762Z] [DEBUG] Processing company database: company_ieebsmug
[2025-08-15T23:49:29.811Z] [DEBUG] Skipping company_ieebsmug: No scheduled reports collection found
[2025-08-15T23:49:29.811Z] [DEBUG] Processing company database: company_ry0iwbpw
[2025-08-15T23:49:29.861Z] [DEBUG] Finding reports to execute in company_ry0iwbpw (current time: 2025-08-15T23:49:29.861Z)
[2025-08-15T23:49:29.910Z] [INFO] Found 0 reports to execute in company_ry0iwbpw
[2025-08-15T23:49:29.911Z] [INFO] Scheduled reports check completed
[2025-08-15T23:49:29.912Z] [DEBUG] MongoDB connection closed
[2025-08-15T23:49:39.088Z] [INFO] Checking for scheduled reports...
[2025-08-15T23:49:39.757Z] [DEBUG] Connected to MongoDB
[2025-08-15T23:49:39.814Z] [INFO] Found 3 company databases
[2025-08-15T23:49:39.814Z] [DEBUG] Processing company database: company_6I22ydwr
[2025-08-15T23:49:39.863Z] [DEBUG] Skipping company_6I22ydwr: No scheduled reports collection found
[2025-08-15T23:49:39.864Z] [DEBUG] Processing company database: company_ieebsmug
[2025-08-15T23:49:39.913Z] [DEBUG] Skipping company_ieebsmug: No scheduled reports collection found
[2025-08-15T23:49:39.913Z] [DEBUG] Processing company database: company_ry0iwbpw
[2025-08-15T23:49:39.962Z] [DEBUG] Finding reports to execute in company_ry0iwbpw (current time: 2025-08-15T23:49:39.962Z)
[2025-08-15T23:49:40.012Z] [INFO] Found 0 reports to execute in company_ry0iwbpw
[2025-08-15T23:49:40.012Z] [INFO] Scheduled reports check completed
[2025-08-15T23:49:40.015Z] [DEBUG] MongoDB connection closed
[2025-08-15T23:49:49.092Z] [INFO] Checking for scheduled reports...
[2025-08-15T23:49:49.681Z] [DEBUG] Connected to MongoDB
[2025-08-15T23:49:49.740Z] [INFO] Found 3 company databases
[2025-08-15T23:49:49.740Z] [DEBUG] Processing company database: company_6I22ydwr
[2025-08-15T23:49:49.790Z] [DEBUG] Skipping company_6I22ydwr: No scheduled reports collection found
[2025-08-15T23:49:49.790Z] [DEBUG] Processing company database: company_ieebsmug
[2025-08-15T23:49:49.839Z] [DEBUG] Skipping company_ieebsmug: No scheduled reports collection found
[2025-08-15T23:49:49.840Z] [DEBUG] Processing company database: company_ry0iwbpw
[2025-08-15T23:49:49.889Z] [DEBUG] Finding reports to execute in company_ry0iwbpw (current time: 2025-08-15T23:49:49.889Z)
[2025-08-15T23:49:49.938Z] [INFO] Found 0 reports to execute in company_ry0iwbpw
[2025-08-15T23:49:49.939Z] [INFO] Scheduled reports check completed
[2025-08-15T23:49:49.942Z] [DEBUG] MongoDB connection closed
[2025-08-15T23:49:59.092Z] [INFO] Checking for scheduled reports...
[2025-08-15T23:49:59.677Z] [DEBUG] Connected to MongoDB
[2025-08-15T23:49:59.735Z] [INFO] Found 3 company databases
[2025-08-15T23:49:59.735Z] [DEBUG] Processing company database: company_6I22ydwr
[2025-08-15T23:49:59.787Z] [DEBUG] Skipping company_6I22ydwr: No scheduled reports collection found
[2025-08-15T23:49:59.787Z] [DEBUG] Processing company database: company_ieebsmug
[2025-08-15T23:49:59.836Z] [DEBUG] Skipping company_ieebsmug: No scheduled reports collection found
[2025-08-15T23:49:59.837Z] [DEBUG] Processing company database: company_ry0iwbpw
[2025-08-15T23:49:59.886Z] [DEBUG] Finding reports to execute in company_ry0iwbpw (current time: 2025-08-15T23:49:59.886Z)
[2025-08-15T23:49:59.936Z] [INFO] Found 0 reports to execute in company_ry0iwbpw
[2025-08-15T23:49:59.936Z] [INFO] Scheduled reports check completed
[2025-08-15T23:49:59.938Z] [DEBUG] MongoDB connection closed
[2025-08-15T23:50:09.093Z] [INFO] Checking for scheduled reports...
[2025-08-15T23:50:09.666Z] [DEBUG] Connected to MongoDB
[2025-08-15T23:50:09.724Z] [INFO] Found 3 company databases
[2025-08-15T23:50:09.725Z] [DEBUG] Processing company database: company_6I22ydwr
[2025-08-15T23:50:09.774Z] [DEBUG] Skipping company_6I22ydwr: No scheduled reports collection found
[2025-08-15T23:50:09.775Z] [DEBUG] Processing company database: company_ieebsmug
[2025-08-15T23:50:09.823Z] [DEBUG] Skipping company_ieebsmug: No scheduled reports collection found
[2025-08-15T23:50:09.824Z] [DEBUG] Processing company database: company_ry0iwbpw
[2025-08-15T23:50:09.873Z] [DEBUG] Finding reports to execute in company_ry0iwbpw (current time: 2025-08-15T23:50:09.873Z)
[2025-08-15T23:50:09.922Z] [INFO] Found 0 reports to execute in company_ry0iwbpw
[2025-08-15T23:50:09.923Z] [INFO] Scheduled reports check completed
[2025-08-15T23:50:09.925Z] [DEBUG] MongoDB connection closed
[2025-08-15T23:50:19.093Z] [INFO] Checking for scheduled reports...
[2025-08-15T23:50:19.671Z] [DEBUG] Connected to MongoDB
[2025-08-15T23:50:19.734Z] [INFO] Found 3 company databases
[2025-08-15T23:50:19.735Z] [DEBUG] Processing company database: company_6I22ydwr
[2025-08-15T23:50:19.785Z] [DEBUG] Skipping company_6I22ydwr: No scheduled reports collection found
[2025-08-15T23:50:19.785Z] [DEBUG] Processing company database: company_ieebsmug
[2025-08-15T23:50:19.834Z] [DEBUG] Skipping company_ieebsmug: No scheduled reports collection found
[2025-08-15T23:50:19.835Z] [DEBUG] Processing company database: company_ry0iwbpw
[2025-08-15T23:50:19.884Z] [DEBUG] Finding reports to execute in company_ry0iwbpw (current time: 2025-08-15T23:50:19.884Z)
[2025-08-15T23:50:19.933Z] [INFO] Found 0 reports to execute in company_ry0iwbpw
[2025-08-15T23:50:19.934Z] [INFO] Scheduled reports check completed
[2025-08-15T23:50:19.936Z] [DEBUG] MongoDB connection closed
[2025-08-15T23:50:29.095Z] [INFO] Checking for scheduled reports...
[2025-08-15T23:50:29.863Z] [DEBUG] Connected to MongoDB
[2025-08-15T23:50:29.920Z] [INFO] Found 3 company databases
[2025-08-15T23:50:29.920Z] [DEBUG] Processing company database: company_6I22ydwr
[2025-08-15T23:50:29.968Z] [DEBUG] Skipping company_6I22ydwr: No scheduled reports collection found
[2025-08-15T23:50:29.969Z] [DEBUG] Processing company database: company_ieebsmug
[2025-08-15T23:50:30.017Z] [DEBUG] Skipping company_ieebsmug: No scheduled reports collection found
[2025-08-15T23:50:30.017Z] [DEBUG] Processing company database: company_ry0iwbpw
[2025-08-15T23:50:30.070Z] [DEBUG] Finding reports to execute in company_ry0iwbpw (current time: 2025-08-15T23:50:30.070Z)
[2025-08-15T23:50:30.119Z] [INFO] Found 0 reports to execute in company_ry0iwbpw
[2025-08-15T23:50:30.119Z] [INFO] Scheduled reports check completed
[2025-08-15T23:50:30.121Z] [DEBUG] MongoDB connection closed
[2025-08-15T23:50:39.097Z] [INFO] Checking for scheduled reports...
[2025-08-15T23:50:39.767Z] [DEBUG] Connected to MongoDB
[2025-08-15T23:50:39.824Z] [INFO] Found 3 company databases
[2025-08-15T23:50:39.825Z] [DEBUG] Processing company database: company_6I22ydwr
[2025-08-15T23:50:39.873Z] [DEBUG] Skipping company_6I22ydwr: No scheduled reports collection found
[2025-08-15T23:50:39.874Z] [DEBUG] Processing company database: company_ieebsmug
[2025-08-15T23:50:39.922Z] [DEBUG] Skipping company_ieebsmug: No scheduled reports collection found
[2025-08-15T23:50:39.923Z] [DEBUG] Processing company database: company_ry0iwbpw
[2025-08-15T23:50:39.972Z] [DEBUG] Finding reports to execute in company_ry0iwbpw (current time: 2025-08-15T23:50:39.972Z)
[2025-08-15T23:50:40.020Z] [INFO] Found 0 reports to execute in company_ry0iwbpw
[2025-08-15T23:50:40.021Z] [INFO] Scheduled reports check completed
[2025-08-15T23:50:40.022Z] [DEBUG] MongoDB connection closed
[2025-08-15T23:50:49.099Z] [INFO] Checking for scheduled reports...
[2025-08-15T23:50:49.682Z] [DEBUG] Connected to MongoDB
[2025-08-15T23:50:49.739Z] [INFO] Found 3 company databases
[2025-08-15T23:50:49.740Z] [DEBUG] Processing company database: company_6I22ydwr
[2025-08-15T23:50:49.789Z] [DEBUG] Skipping company_6I22ydwr: No scheduled reports collection found
[2025-08-15T23:50:49.790Z] [DEBUG] Processing company database: company_ieebsmug
[2025-08-15T23:50:49.839Z] [DEBUG] Skipping company_ieebsmug: No scheduled reports collection found
[2025-08-15T23:50:49.840Z] [DEBUG] Processing company database: company_ry0iwbpw
[2025-08-15T23:50:49.890Z] [DEBUG] Finding reports to execute in company_ry0iwbpw (current time: 2025-08-15T23:50:49.889Z)
[2025-08-15T23:50:49.939Z] [INFO] Found 0 reports to execute in company_ry0iwbpw
[2025-08-15T23:50:49.940Z] [INFO] Scheduled reports check completed
[2025-08-15T23:50:49.942Z] [DEBUG] MongoDB connection closed
[2025-08-15T23:50:59.101Z] [INFO] Checking for scheduled reports...
[2025-08-15T23:50:59.683Z] [DEBUG] Connected to MongoDB
[2025-08-15T23:50:59.739Z] [INFO] Found 3 company databases
[2025-08-15T23:50:59.739Z] [DEBUG] Processing company database: company_6I22ydwr
[2025-08-15T23:50:59.787Z] [DEBUG] Skipping company_6I22ydwr: No scheduled reports collection found
[2025-08-15T23:50:59.788Z] [DEBUG] Processing company database: company_ieebsmug
[2025-08-15T23:50:59.836Z] [DEBUG] Skipping company_ieebsmug: No scheduled reports collection found
[2025-08-15T23:50:59.836Z] [DEBUG] Processing company database: company_ry0iwbpw
[2025-08-15T23:50:59.885Z] [DEBUG] Finding reports to execute in company_ry0iwbpw (current time: 2025-08-15T23:50:59.885Z)
[2025-08-15T23:50:59.934Z] [INFO] Found 0 reports to execute in company_ry0iwbpw
[2025-08-15T23:50:59.934Z] [INFO] Scheduled reports check completed
[2025-08-15T23:50:59.935Z] [DEBUG] MongoDB connection closed
[2025-08-15T23:51:09.102Z] [INFO] Checking for scheduled reports...
[2025-08-15T23:51:09.667Z] [DEBUG] Connected to MongoDB
[2025-08-15T23:51:09.726Z] [INFO] Found 3 company databases
[2025-08-15T23:51:09.727Z] [DEBUG] Processing company database: company_6I22ydwr
[2025-08-15T23:51:09.777Z] [DEBUG] Skipping company_6I22ydwr: No scheduled reports collection found
[2025-08-15T23:51:09.778Z] [DEBUG] Processing company database: company_ieebsmug
[2025-08-15T23:51:09.827Z] [DEBUG] Skipping company_ieebsmug: No scheduled reports collection found
[2025-08-15T23:51:09.827Z] [DEBUG] Processing company database: company_ry0iwbpw
[2025-08-15T23:51:09.877Z] [DEBUG] Finding reports to execute in company_ry0iwbpw (current time: 2025-08-15T23:51:09.877Z)
[2025-08-15T23:51:09.928Z] [INFO] Found 0 reports to execute in company_ry0iwbpw
[2025-08-15T23:51:09.929Z] [INFO] Scheduled reports check completed
[2025-08-15T23:51:09.931Z] [DEBUG] MongoDB connection closed
[2025-08-15T23:51:19.104Z] [INFO] Checking for scheduled reports...
[2025-08-15T23:51:19.701Z] [DEBUG] Connected to MongoDB
[2025-08-15T23:51:19.759Z] [INFO] Found 3 company databases
[2025-08-15T23:51:19.760Z] [DEBUG] Processing company database: company_6I22ydwr
[2025-08-15T23:51:19.811Z] [DEBUG] Skipping company_6I22ydwr: No scheduled reports collection found
[2025-08-15T23:51:19.811Z] [DEBUG] Processing company database: company_ieebsmug
[2025-08-15T23:51:19.861Z] [DEBUG] Skipping company_ieebsmug: No scheduled reports collection found
[2025-08-15T23:51:19.861Z] [DEBUG] Processing company database: company_ry0iwbpw
[2025-08-15T23:51:19.911Z] [DEBUG] Finding reports to execute in company_ry0iwbpw (current time: 2025-08-15T23:51:19.911Z)
[2025-08-15T23:51:19.961Z] [INFO] Found 0 reports to execute in company_ry0iwbpw
[2025-08-15T23:51:19.961Z] [INFO] Scheduled reports check completed
[2025-08-15T23:51:19.963Z] [DEBUG] MongoDB connection closed
[2025-08-15T23:51:29.105Z] [INFO] Checking for scheduled reports...
[2025-08-15T23:51:29.686Z] [DEBUG] Connected to MongoDB
[2025-08-15T23:51:29.743Z] [INFO] Found 3 company databases
[2025-08-15T23:51:29.744Z] [DEBUG] Processing company database: company_6I22ydwr
[2025-08-15T23:51:29.795Z] [DEBUG] Skipping company_6I22ydwr: No scheduled reports collection found
[2025-08-15T23:51:29.795Z] [DEBUG] Processing company database: company_ieebsmug
[2025-08-15T23:51:29.845Z] [DEBUG] Skipping company_ieebsmug: No scheduled reports collection found
[2025-08-15T23:51:29.845Z] [DEBUG] Processing company database: company_ry0iwbpw
[2025-08-15T23:51:29.895Z] [DEBUG] Finding reports to execute in company_ry0iwbpw (current time: 2025-08-15T23:51:29.895Z)
[2025-08-15T23:51:29.945Z] [INFO] Found 0 reports to execute in company_ry0iwbpw
[2025-08-15T23:51:29.946Z] [INFO] Scheduled reports check completed
[2025-08-15T23:51:29.949Z] [DEBUG] MongoDB connection closed
[2025-08-15T23:51:39.107Z] [INFO] Checking for scheduled reports...
[2025-08-15T23:51:39.778Z] [DEBUG] Connected to MongoDB
[2025-08-15T23:51:39.835Z] [INFO] Found 3 company databases
[2025-08-15T23:51:39.836Z] [DEBUG] Processing company database: company_6I22ydwr
[2025-08-15T23:51:39.884Z] [DEBUG] Skipping company_6I22ydwr: No scheduled reports collection found
[2025-08-15T23:51:39.884Z] [DEBUG] Processing company database: company_ieebsmug
[2025-08-15T23:51:39.934Z] [DEBUG] Skipping company_ieebsmug: No scheduled reports collection found
[2025-08-15T23:51:39.934Z] [DEBUG] Processing company database: company_ry0iwbpw
[2025-08-15T23:51:39.983Z] [DEBUG] Finding reports to execute in company_ry0iwbpw (current time: 2025-08-15T23:51:39.983Z)
[2025-08-15T23:51:40.032Z] [INFO] Found 0 reports to execute in company_ry0iwbpw
[2025-08-15T23:51:40.033Z] [INFO] Scheduled reports check completed
[2025-08-15T23:51:40.035Z] [DEBUG] MongoDB connection closed
[2025-08-15T23:51:49.108Z] [INFO] Checking for scheduled reports...
[2025-08-15T23:51:49.878Z] [DEBUG] Connected to MongoDB
[2025-08-15T23:51:49.936Z] [INFO] Found 3 company databases
[2025-08-15T23:51:49.936Z] [DEBUG] Processing company database: company_6I22ydwr
[2025-08-15T23:51:49.985Z] [DEBUG] Skipping company_6I22ydwr: No scheduled reports collection found
[2025-08-15T23:51:49.986Z] [DEBUG] Processing company database: company_ieebsmug
[2025-08-15T23:51:50.034Z] [DEBUG] Skipping company_ieebsmug: No scheduled reports collection found
[2025-08-15T23:51:50.035Z] [DEBUG] Processing company database: company_ry0iwbpw
[2025-08-15T23:51:50.084Z] [DEBUG] Finding reports to execute in company_ry0iwbpw (current time: 2025-08-15T23:51:50.084Z)
[2025-08-15T23:51:50.133Z] [INFO] Found 0 reports to execute in company_ry0iwbpw
[2025-08-15T23:51:50.133Z] [INFO] Scheduled reports check completed
[2025-08-15T23:51:50.135Z] [DEBUG] MongoDB connection closed
[2025-08-15T23:51:59.110Z] [INFO] Checking for scheduled reports...
[2025-08-15T23:51:59.686Z] [DEBUG] Connected to MongoDB
[2025-08-15T23:51:59.744Z] [INFO] Found 3 company databases
[2025-08-15T23:51:59.744Z] [DEBUG] Processing company database: company_6I22ydwr
[2025-08-15T23:51:59.792Z] [DEBUG] Skipping company_6I22ydwr: No scheduled reports collection found
[2025-08-15T23:51:59.792Z] [DEBUG] Processing company database: company_ieebsmug
[2025-08-15T23:51:59.839Z] [DEBUG] Skipping company_ieebsmug: No scheduled reports collection found
[2025-08-15T23:51:59.839Z] [DEBUG] Processing company database: company_ry0iwbpw
[2025-08-15T23:51:59.887Z] [DEBUG] Finding reports to execute in company_ry0iwbpw (current time: 2025-08-15T23:51:59.887Z)
[2025-08-15T23:51:59.935Z] [INFO] Found 0 reports to execute in company_ry0iwbpw
[2025-08-15T23:51:59.935Z] [INFO] Scheduled reports check completed
[2025-08-15T23:51:59.936Z] [DEBUG] MongoDB connection closed
[2025-08-15T23:52:09.111Z] [INFO] Checking for scheduled reports...
[2025-08-15T23:52:09.675Z] [DEBUG] Connected to MongoDB
[2025-08-15T23:52:09.732Z] [INFO] Found 3 company databases
[2025-08-15T23:52:09.733Z] [DEBUG] Processing company database: company_6I22ydwr
[2025-08-15T23:52:09.782Z] [DEBUG] Skipping company_6I22ydwr: No scheduled reports collection found
[2025-08-15T23:52:09.783Z] [DEBUG] Processing company database: company_ieebsmug
[2025-08-15T23:52:09.832Z] [DEBUG] Skipping company_ieebsmug: No scheduled reports collection found
[2025-08-15T23:52:09.832Z] [DEBUG] Processing company database: company_ry0iwbpw
[2025-08-15T23:52:09.881Z] [DEBUG] Finding reports to execute in company_ry0iwbpw (current time: 2025-08-15T23:52:09.881Z)
[2025-08-15T23:52:09.930Z] [INFO] Found 0 reports to execute in company_ry0iwbpw
[2025-08-15T23:52:09.931Z] [INFO] Scheduled reports check completed
[2025-08-15T23:52:09.933Z] [DEBUG] MongoDB connection closed
[2025-08-15T23:52:19.111Z] [INFO] Checking for scheduled reports...
[2025-08-15T23:52:19.678Z] [DEBUG] Connected to MongoDB
[2025-08-15T23:52:19.735Z] [INFO] Found 3 company databases
[2025-08-15T23:52:19.736Z] [DEBUG] Processing company database: company_6I22ydwr
[2025-08-15T23:52:19.784Z] [DEBUG] Skipping company_6I22ydwr: No scheduled reports collection found
[2025-08-15T23:52:19.785Z] [DEBUG] Processing company database: company_ieebsmug
[2025-08-15T23:52:19.834Z] [DEBUG] Skipping company_ieebsmug: No scheduled reports collection found
[2025-08-15T23:52:19.834Z] [DEBUG] Processing company database: company_ry0iwbpw
[2025-08-15T23:52:19.883Z] [DEBUG] Finding reports to execute in company_ry0iwbpw (current time: 2025-08-15T23:52:19.883Z)
[2025-08-15T23:52:19.932Z] [INFO] Found 0 reports to execute in company_ry0iwbpw
[2025-08-15T23:52:19.932Z] [INFO] Scheduled reports check completed
[2025-08-15T23:52:19.934Z] [DEBUG] MongoDB connection closed
[2025-08-15T23:52:29.112Z] [INFO] Checking for scheduled reports...
[2025-08-15T23:52:29.682Z] [DEBUG] Connected to MongoDB
[2025-08-15T23:52:29.739Z] [INFO] Found 3 company databases
[2025-08-15T23:52:29.740Z] [DEBUG] Processing company database: company_6I22ydwr
[2025-08-15T23:52:29.789Z] [DEBUG] Skipping company_6I22ydwr: No scheduled reports collection found
[2025-08-15T23:52:29.789Z] [DEBUG] Processing company database: company_ieebsmug
[2025-08-15T23:52:29.838Z] [DEBUG] Skipping company_ieebsmug: No scheduled reports collection found
[2025-08-15T23:52:29.839Z] [DEBUG] Processing company database: company_ry0iwbpw
[2025-08-15T23:52:29.888Z] [DEBUG] Finding reports to execute in company_ry0iwbpw (current time: 2025-08-15T23:52:29.888Z)
[2025-08-15T23:52:29.938Z] [INFO] Found 0 reports to execute in company_ry0iwbpw
[2025-08-15T23:52:29.938Z] [INFO] Scheduled reports check completed
[2025-08-15T23:52:29.940Z] [DEBUG] MongoDB connection closed
[2025-08-15T23:52:39.114Z] [INFO] Checking for scheduled reports...
[2025-08-15T23:52:39.753Z] [DEBUG] Connected to MongoDB
[2025-08-15T23:52:39.820Z] [INFO] Found 3 company databases
[2025-08-15T23:52:39.820Z] [DEBUG] Processing company database: company_6I22ydwr
[2025-08-15T23:52:39.868Z] [DEBUG] Skipping company_6I22ydwr: No scheduled reports collection found
[2025-08-15T23:52:39.868Z] [DEBUG] Processing company database: company_ieebsmug
[2025-08-15T23:52:39.916Z] [DEBUG] Skipping company_ieebsmug: No scheduled reports collection found
[2025-08-15T23:52:39.917Z] [DEBUG] Processing company database: company_ry0iwbpw
[2025-08-15T23:52:39.965Z] [DEBUG] Finding reports to execute in company_ry0iwbpw (current time: 2025-08-15T23:52:39.965Z)
[2025-08-15T23:52:40.013Z] [INFO] Found 0 reports to execute in company_ry0iwbpw
[2025-08-15T23:52:40.013Z] [INFO] Scheduled reports check completed
[2025-08-15T23:52:40.015Z] [DEBUG] MongoDB connection closed
[2025-08-15T23:52:49.115Z] [INFO] Checking for scheduled reports...
[2025-08-15T23:52:49.681Z] [DEBUG] Connected to MongoDB
[2025-08-15T23:52:49.738Z] [INFO] Found 3 company databases
[2025-08-15T23:52:49.738Z] [DEBUG] Processing company database: company_6I22ydwr
[2025-08-15T23:52:49.787Z] [DEBUG] Skipping company_6I22ydwr: No scheduled reports collection found
[2025-08-15T23:52:49.787Z] [DEBUG] Processing company database: company_ieebsmug
[2025-08-15T23:52:49.836Z] [DEBUG] Skipping company_ieebsmug: No scheduled reports collection found
[2025-08-15T23:52:49.836Z] [DEBUG] Processing company database: company_ry0iwbpw
[2025-08-15T23:52:49.885Z] [DEBUG] Finding reports to execute in company_ry0iwbpw (current time: 2025-08-15T23:52:49.885Z)
[2025-08-15T23:52:49.934Z] [INFO] Found 0 reports to execute in company_ry0iwbpw
[2025-08-15T23:52:49.934Z] [INFO] Scheduled reports check completed
[2025-08-15T23:52:49.934Z] [DEBUG] MongoDB connection closed
[2025-08-15T23:52:59.117Z] [INFO] Checking for scheduled reports...
[2025-08-15T23:52:59.689Z] [DEBUG] Connected to MongoDB
[2025-08-15T23:52:59.748Z] [INFO] Found 3 company databases
[2025-08-15T23:52:59.749Z] [DEBUG] Processing company database: company_6I22ydwr
[2025-08-15T23:52:59.798Z] [DEBUG] Skipping company_6I22ydwr: No scheduled reports collection found
[2025-08-15T23:52:59.799Z] [DEBUG] Processing company database: company_ieebsmug
[2025-08-15T23:52:59.848Z] [DEBUG] Skipping company_ieebsmug: No scheduled reports collection found
[2025-08-15T23:52:59.848Z] [DEBUG] Processing company database: company_ry0iwbpw
[2025-08-15T23:52:59.898Z] [DEBUG] Finding reports to execute in company_ry0iwbpw (current time: 2025-08-15T23:52:59.898Z)
[2025-08-15T23:52:59.947Z] [INFO] Found 0 reports to execute in company_ry0iwbpw
[2025-08-15T23:52:59.948Z] [INFO] Scheduled reports check completed
[2025-08-15T23:52:59.950Z] [DEBUG] MongoDB connection closed
[2025-08-15T23:53:09.117Z] [INFO] Checking for scheduled reports...
[2025-08-15T23:53:09.798Z] [DEBUG] Connected to MongoDB
[2025-08-15T23:53:09.856Z] [INFO] Found 3 company databases
[2025-08-15T23:53:09.856Z] [DEBUG] Processing company database: company_6I22ydwr
[2025-08-15T23:53:09.905Z] [DEBUG] Skipping company_6I22ydwr: No scheduled reports collection found
[2025-08-15T23:53:09.905Z] [DEBUG] Processing company database: company_ieebsmug
[2025-08-15T23:53:09.953Z] [DEBUG] Skipping company_ieebsmug: No scheduled reports collection found
[2025-08-15T23:53:09.953Z] [DEBUG] Processing company database: company_ry0iwbpw
[2025-08-15T23:53:10.002Z] [DEBUG] Finding reports to execute in company_ry0iwbpw (current time: 2025-08-15T23:53:10.002Z)
[2025-08-15T23:53:10.051Z] [INFO] Found 0 reports to execute in company_ry0iwbpw
[2025-08-15T23:53:10.051Z] [INFO] Scheduled reports check completed
[2025-08-15T23:53:10.053Z] [DEBUG] MongoDB connection closed
[2025-08-15T23:53:19.119Z] [INFO] Checking for scheduled reports...
[2025-08-15T23:53:19.716Z] [DEBUG] Connected to MongoDB
[2025-08-15T23:53:19.773Z] [INFO] Found 3 company databases
[2025-08-15T23:53:19.774Z] [DEBUG] Processing company database: company_6I22ydwr
[2025-08-15T23:53:19.823Z] [DEBUG] Skipping company_6I22ydwr: No scheduled reports collection found
[2025-08-15T23:53:19.823Z] [DEBUG] Processing company database: company_ieebsmug
[2025-08-15T23:53:19.871Z] [DEBUG] Skipping company_ieebsmug: No scheduled reports collection found
[2025-08-15T23:53:19.871Z] [DEBUG] Processing company database: company_ry0iwbpw
[2025-08-15T23:53:19.920Z] [DEBUG] Finding reports to execute in company_ry0iwbpw (current time: 2025-08-15T23:53:19.920Z)
[2025-08-15T23:53:19.969Z] [INFO] Found 0 reports to execute in company_ry0iwbpw
[2025-08-15T23:53:19.969Z] [INFO] Scheduled reports check completed
[2025-08-15T23:53:19.971Z] [DEBUG] MongoDB connection closed
[2025-08-15T23:53:29.120Z] [INFO] Checking for scheduled reports...
[2025-08-15T23:53:29.703Z] [DEBUG] Connected to MongoDB
[2025-08-15T23:53:29.760Z] [INFO] Found 3 company databases
[2025-08-15T23:53:29.761Z] [DEBUG] Processing company database: company_6I22ydwr
[2025-08-15T23:53:29.814Z] [DEBUG] Skipping company_6I22ydwr: No scheduled reports collection found
[2025-08-15T23:53:29.815Z] [DEBUG] Processing company database: company_ieebsmug
[2025-08-15T23:53:29.868Z] [DEBUG] Skipping company_ieebsmug: No scheduled reports collection found
[2025-08-15T23:53:29.869Z] [DEBUG] Processing company database: company_ry0iwbpw
[2025-08-15T23:53:29.918Z] [DEBUG] Finding reports to execute in company_ry0iwbpw (current time: 2025-08-15T23:53:29.918Z)
[2025-08-15T23:53:29.966Z] [INFO] Found 0 reports to execute in company_ry0iwbpw
[2025-08-15T23:53:29.967Z] [INFO] Scheduled reports check completed
[2025-08-15T23:53:29.968Z] [DEBUG] MongoDB connection closed
[2025-08-15T23:53:39.120Z] [INFO] Checking for scheduled reports...
[2025-08-15T23:53:39.845Z] [DEBUG] Connected to MongoDB
[2025-08-15T23:53:39.903Z] [INFO] Found 3 company databases
[2025-08-15T23:53:39.903Z] [DEBUG] Processing company database: company_6I22ydwr
[2025-08-15T23:53:39.953Z] [DEBUG] Skipping company_6I22ydwr: No scheduled reports collection found
[2025-08-15T23:53:39.953Z] [DEBUG] Processing company database: company_ieebsmug
[2025-08-15T23:53:40.002Z] [DEBUG] Skipping company_ieebsmug: No scheduled reports collection found
[2025-08-15T23:53:40.003Z] [DEBUG] Processing company database: company_ry0iwbpw
[2025-08-15T23:53:40.053Z] [DEBUG] Finding reports to execute in company_ry0iwbpw (current time: 2025-08-15T23:53:40.053Z)
[2025-08-15T23:53:40.102Z] [INFO] Found 0 reports to execute in company_ry0iwbpw
[2025-08-15T23:53:40.102Z] [INFO] Scheduled reports check completed
[2025-08-15T23:53:40.104Z] [DEBUG] MongoDB connection closed
[2025-08-15T23:53:49.120Z] [INFO] Checking for scheduled reports...
[2025-08-15T23:53:49.695Z] [DEBUG] Connected to MongoDB
[2025-08-15T23:53:49.752Z] [INFO] Found 3 company databases
[2025-08-15T23:53:49.753Z] [DEBUG] Processing company database: company_6I22ydwr
[2025-08-15T23:53:49.801Z] [DEBUG] Skipping company_6I22ydwr: No scheduled reports collection found
[2025-08-15T23:53:49.802Z] [DEBUG] Processing company database: company_ieebsmug
[2025-08-15T23:53:49.850Z] [DEBUG] Skipping company_ieebsmug: No scheduled reports collection found
[2025-08-15T23:53:49.850Z] [DEBUG] Processing company database: company_ry0iwbpw
[2025-08-15T23:53:49.901Z] [DEBUG] Finding reports to execute in company_ry0iwbpw (current time: 2025-08-15T23:53:49.901Z)
[2025-08-15T23:53:49.949Z] [INFO] Found 0 reports to execute in company_ry0iwbpw
[2025-08-15T23:53:49.950Z] [INFO] Scheduled reports check completed
[2025-08-15T23:53:49.950Z] [DEBUG] MongoDB connection closed
[2025-08-15T23:53:59.123Z] [INFO] Checking for scheduled reports...
[2025-08-15T23:53:59.693Z] [DEBUG] Connected to MongoDB
[2025-08-15T23:53:59.751Z] [INFO] Found 3 company databases
[2025-08-15T23:53:59.751Z] [DEBUG] Processing company database: company_6I22ydwr
[2025-08-15T23:53:59.800Z] [DEBUG] Skipping company_6I22ydwr: No scheduled reports collection found
[2025-08-15T23:53:59.800Z] [DEBUG] Processing company database: company_ieebsmug
[2025-08-15T23:53:59.849Z] [DEBUG] Skipping company_ieebsmug: No scheduled reports collection found
[2025-08-15T23:53:59.849Z] [DEBUG] Processing company database: company_ry0iwbpw
[2025-08-15T23:53:59.897Z] [DEBUG] Finding reports to execute in company_ry0iwbpw (current time: 2025-08-15T23:53:59.897Z)
[2025-08-15T23:53:59.946Z] [INFO] Found 0 reports to execute in company_ry0iwbpw
[2025-08-15T23:53:59.946Z] [INFO] Scheduled reports check completed
[2025-08-15T23:53:59.947Z] [DEBUG] MongoDB connection closed
[2025-08-15T23:54:09.124Z] [INFO] Checking for scheduled reports...
[2025-08-15T23:54:09.719Z] [DEBUG] Connected to MongoDB
[2025-08-15T23:54:09.778Z] [INFO] Found 3 company databases
[2025-08-15T23:54:09.779Z] [DEBUG] Processing company database: company_6I22ydwr
[2025-08-15T23:54:09.828Z] [DEBUG] Skipping company_6I22ydwr: No scheduled reports collection found
[2025-08-15T23:54:09.829Z] [DEBUG] Processing company database: company_ieebsmug
[2025-08-15T23:54:09.878Z] [DEBUG] Skipping company_ieebsmug: No scheduled reports collection found
[2025-08-15T23:54:09.879Z] [DEBUG] Processing company database: company_ry0iwbpw
[2025-08-15T23:54:09.929Z] [DEBUG] Finding reports to execute in company_ry0iwbpw (current time: 2025-08-15T23:54:09.929Z)
[2025-08-15T23:54:09.979Z] [INFO] Found 0 reports to execute in company_ry0iwbpw
[2025-08-15T23:54:09.979Z] [INFO] Scheduled reports check completed
[2025-08-15T23:54:09.981Z] [DEBUG] MongoDB connection closed
[2025-08-15T23:54:19.125Z] [INFO] Checking for scheduled reports...
[2025-08-15T23:54:19.703Z] [DEBUG] Connected to MongoDB
[2025-08-15T23:54:19.761Z] [INFO] Found 3 company databases
[2025-08-15T23:54:19.761Z] [DEBUG] Processing company database: company_6I22ydwr
[2025-08-15T23:54:19.811Z] [DEBUG] Skipping company_6I22ydwr: No scheduled reports collection found
[2025-08-15T23:54:19.811Z] [DEBUG] Processing company database: company_ieebsmug
[2025-08-15T23:54:19.860Z] [DEBUG] Skipping company_ieebsmug: No scheduled reports collection found
[2025-08-15T23:54:19.861Z] [DEBUG] Processing company database: company_ry0iwbpw
[2025-08-15T23:54:19.910Z] [DEBUG] Finding reports to execute in company_ry0iwbpw (current time: 2025-08-15T23:54:19.910Z)
[2025-08-15T23:54:19.960Z] [INFO] Found 0 reports to execute in company_ry0iwbpw
[2025-08-15T23:54:19.960Z] [INFO] Scheduled reports check completed
[2025-08-15T23:54:19.962Z] [DEBUG] MongoDB connection closed
[2025-08-15T23:54:29.126Z] [INFO] Checking for scheduled reports...
[2025-08-15T23:54:29.812Z] [DEBUG] Connected to MongoDB
[2025-08-15T23:54:29.870Z] [INFO] Found 3 company databases
[2025-08-15T23:54:29.871Z] [DEBUG] Processing company database: company_6I22ydwr
[2025-08-15T23:54:29.921Z] [DEBUG] Skipping company_6I22ydwr: No scheduled reports collection found
[2025-08-15T23:54:29.922Z] [DEBUG] Processing company database: company_ieebsmug
[2025-08-15T23:54:29.971Z] [DEBUG] Skipping company_ieebsmug: No scheduled reports collection found
[2025-08-15T23:54:29.972Z] [DEBUG] Processing company database: company_ry0iwbpw
[2025-08-15T23:54:30.022Z] [DEBUG] Finding reports to execute in company_ry0iwbpw (current time: 2025-08-15T23:54:30.022Z)
[2025-08-15T23:54:30.071Z] [INFO] Found 0 reports to execute in company_ry0iwbpw
[2025-08-15T23:54:30.072Z] [INFO] Scheduled reports check completed
[2025-08-15T23:54:30.074Z] [DEBUG] MongoDB connection closed
[2025-08-15T23:54:39.127Z] [INFO] Checking for scheduled reports...
[2025-08-15T23:54:39.781Z] [DEBUG] Connected to MongoDB
[2025-08-15T23:54:39.839Z] [INFO] Found 3 company databases
[2025-08-15T23:54:39.840Z] [DEBUG] Processing company database: company_6I22ydwr
[2025-08-15T23:54:39.890Z] [DEBUG] Skipping company_6I22ydwr: No scheduled reports collection found
[2025-08-15T23:54:39.891Z] [DEBUG] Processing company database: company_ieebsmug
[2025-08-15T23:54:39.940Z] [DEBUG] Skipping company_ieebsmug: No scheduled reports collection found
[2025-08-15T23:54:39.941Z] [DEBUG] Processing company database: company_ry0iwbpw
[2025-08-15T23:54:39.991Z] [DEBUG] Finding reports to execute in company_ry0iwbpw (current time: 2025-08-15T23:54:39.991Z)
[2025-08-15T23:54:40.041Z] [INFO] Found 0 reports to execute in company_ry0iwbpw
[2025-08-15T23:54:40.041Z] [INFO] Scheduled reports check completed
[2025-08-15T23:54:40.044Z] [DEBUG] MongoDB connection closed
[2025-08-15T23:54:49.128Z] [INFO] Checking for scheduled reports...
[2025-08-15T23:54:49.698Z] [DEBUG] Connected to MongoDB
[2025-08-15T23:54:49.757Z] [INFO] Found 3 company databases
[2025-08-15T23:54:49.758Z] [DEBUG] Processing company database: company_6I22ydwr
[2025-08-15T23:54:49.807Z] [DEBUG] Skipping company_6I22ydwr: No scheduled reports collection found
[2025-08-15T23:54:49.807Z] [DEBUG] Processing company database: company_ieebsmug
[2025-08-15T23:54:49.858Z] [DEBUG] Skipping company_ieebsmug: No scheduled reports collection found
[2025-08-15T23:54:49.859Z] [DEBUG] Processing company database: company_ry0iwbpw
[2025-08-15T23:54:49.908Z] [DEBUG] Finding reports to execute in company_ry0iwbpw (current time: 2025-08-15T23:54:49.908Z)
[2025-08-15T23:54:49.957Z] [INFO] Found 0 reports to execute in company_ry0iwbpw
[2025-08-15T23:54:49.957Z] [INFO] Scheduled reports check completed
[2025-08-15T23:54:49.959Z] [DEBUG] MongoDB connection closed
[2025-08-15T23:54:59.130Z] [INFO] Checking for scheduled reports...
[2025-08-15T23:54:59.708Z] [DEBUG] Connected to MongoDB
[2025-08-15T23:54:59.766Z] [INFO] Found 3 company databases
[2025-08-15T23:54:59.767Z] [DEBUG] Processing company database: company_6I22ydwr
[2025-08-15T23:54:59.817Z] [DEBUG] Skipping company_6I22ydwr: No scheduled reports collection found
[2025-08-15T23:54:59.818Z] [DEBUG] Processing company database: company_ieebsmug
[2025-08-15T23:54:59.867Z] [DEBUG] Skipping company_ieebsmug: No scheduled reports collection found
[2025-08-15T23:54:59.868Z] [DEBUG] Processing company database: company_ry0iwbpw
[2025-08-15T23:54:59.920Z] [DEBUG] Finding reports to execute in company_ry0iwbpw (current time: 2025-08-15T23:54:59.920Z)
[2025-08-15T23:54:59.969Z] [INFO] Found 0 reports to execute in company_ry0iwbpw
[2025-08-15T23:54:59.970Z] [INFO] Scheduled reports check completed
[2025-08-15T23:54:59.972Z] [DEBUG] MongoDB connection closed
[2025-08-15T23:55:09.131Z] [INFO] Checking for scheduled reports...
[2025-08-15T23:55:09.700Z] [DEBUG] Connected to MongoDB
[2025-08-15T23:55:09.757Z] [INFO] Found 3 company databases
[2025-08-15T23:55:09.758Z] [DEBUG] Processing company database: company_6I22ydwr
[2025-08-15T23:55:09.807Z] [DEBUG] Skipping company_6I22ydwr: No scheduled reports collection found
[2025-08-15T23:55:09.807Z] [DEBUG] Processing company database: company_ieebsmug
[2025-08-15T23:55:09.856Z] [DEBUG] Skipping company_ieebsmug: No scheduled reports collection found
[2025-08-15T23:55:09.856Z] [DEBUG] Processing company database: company_ry0iwbpw
[2025-08-15T23:55:09.904Z] [DEBUG] Finding reports to execute in company_ry0iwbpw (current time: 2025-08-15T23:55:09.904Z)
[2025-08-15T23:55:09.954Z] [INFO] Found 0 reports to execute in company_ry0iwbpw
[2025-08-15T23:55:09.954Z] [INFO] Scheduled reports check completed
[2025-08-15T23:55:09.960Z] [DEBUG] MongoDB connection closed
[2025-08-15T23:55:19.132Z] [INFO] Checking for scheduled reports...
[2025-08-15T23:55:19.728Z] [DEBUG] Connected to MongoDB
[2025-08-15T23:55:19.815Z] [INFO] Found 3 company databases
[2025-08-15T23:55:19.815Z] [DEBUG] Processing company database: company_6I22ydwr
[2025-08-15T23:55:19.863Z] [DEBUG] Skipping company_6I22ydwr: No scheduled reports collection found
[2025-08-15T23:55:19.864Z] [DEBUG] Processing company database: company_ieebsmug
[2025-08-15T23:55:19.911Z] [DEBUG] Skipping company_ieebsmug: No scheduled reports collection found
[2025-08-15T23:55:19.912Z] [DEBUG] Processing company database: company_ry0iwbpw
[2025-08-15T23:55:19.960Z] [DEBUG] Finding reports to execute in company_ry0iwbpw (current time: 2025-08-15T23:55:19.960Z)
[2025-08-15T23:55:20.009Z] [INFO] Found 0 reports to execute in company_ry0iwbpw
[2025-08-15T23:55:20.009Z] [INFO] Scheduled reports check completed
[2025-08-15T23:55:20.010Z] [DEBUG] MongoDB connection closed
[2025-08-15T23:55:29.133Z] [INFO] Checking for scheduled reports...
[2025-08-15T23:55:29.719Z] [DEBUG] Connected to MongoDB
[2025-08-15T23:55:29.778Z] [INFO] Found 3 company databases
[2025-08-15T23:55:29.779Z] [DEBUG] Processing company database: company_6I22ydwr
[2025-08-15T23:55:29.829Z] [DEBUG] Skipping company_6I22ydwr: No scheduled reports collection found
[2025-08-15T23:55:29.829Z] [DEBUG] Processing company database: company_ieebsmug
[2025-08-15T23:55:29.879Z] [DEBUG] Skipping company_ieebsmug: No scheduled reports collection found
[2025-08-15T23:55:29.879Z] [DEBUG] Processing company database: company_ry0iwbpw
[2025-08-15T23:55:29.929Z] [DEBUG] Finding reports to execute in company_ry0iwbpw (current time: 2025-08-15T23:55:29.929Z)
[2025-08-15T23:55:29.979Z] [INFO] Found 0 reports to execute in company_ry0iwbpw
[2025-08-15T23:55:29.980Z] [INFO] Scheduled reports check completed
[2025-08-15T23:55:29.982Z] [DEBUG] MongoDB connection closed
[2025-08-15T23:55:39.134Z] [INFO] Checking for scheduled reports...
[2025-08-15T23:55:39.778Z] [DEBUG] Connected to MongoDB
[2025-08-15T23:55:39.843Z] [INFO] Found 3 company databases
[2025-08-15T23:55:39.844Z] [DEBUG] Processing company database: company_6I22ydwr
[2025-08-15T23:55:39.895Z] [DEBUG] Skipping company_6I22ydwr: No scheduled reports collection found
[2025-08-15T23:55:39.895Z] [DEBUG] Processing company database: company_ieebsmug
[2025-08-15T23:55:39.945Z] [DEBUG] Skipping company_ieebsmug: No scheduled reports collection found
[2025-08-15T23:55:39.945Z] [DEBUG] Processing company database: company_ry0iwbpw
[2025-08-15T23:55:39.994Z] [DEBUG] Finding reports to execute in company_ry0iwbpw (current time: 2025-08-15T23:55:39.994Z)
[2025-08-15T23:55:40.044Z] [INFO] Found 0 reports to execute in company_ry0iwbpw
[2025-08-15T23:55:40.044Z] [INFO] Scheduled reports check completed
[2025-08-15T23:55:40.046Z] [DEBUG] MongoDB connection closed
[2025-08-15T23:55:49.135Z] [INFO] Checking for scheduled reports...
[2025-08-15T23:55:49.817Z] [DEBUG] Connected to MongoDB
[2025-08-15T23:55:49.874Z] [INFO] Found 3 company databases
[2025-08-15T23:55:49.874Z] [DEBUG] Processing company database: company_6I22ydwr
[2025-08-15T23:55:49.923Z] [DEBUG] Skipping company_6I22ydwr: No scheduled reports collection found
[2025-08-15T23:55:49.923Z] [DEBUG] Processing company database: company_ieebsmug
[2025-08-15T23:55:49.973Z] [DEBUG] Skipping company_ieebsmug: No scheduled reports collection found
[2025-08-15T23:55:49.973Z] [DEBUG] Processing company database: company_ry0iwbpw
[2025-08-15T23:55:50.022Z] [DEBUG] Finding reports to execute in company_ry0iwbpw (current time: 2025-08-15T23:55:50.022Z)
[2025-08-15T23:55:50.071Z] [INFO] Found 0 reports to execute in company_ry0iwbpw
[2025-08-15T23:55:50.071Z] [INFO] Scheduled reports check completed
[2025-08-15T23:55:50.072Z] [DEBUG] MongoDB connection closed
[2025-08-15T23:55:59.137Z] [INFO] Checking for scheduled reports...
[2025-08-15T23:55:59.707Z] [DEBUG] Connected to MongoDB
[2025-08-15T23:55:59.765Z] [INFO] Found 3 company databases
[2025-08-15T23:55:59.765Z] [DEBUG] Processing company database: company_6I22ydwr
[2025-08-15T23:55:59.815Z] [DEBUG] Skipping company_6I22ydwr: No scheduled reports collection found
[2025-08-15T23:55:59.816Z] [DEBUG] Processing company database: company_ieebsmug
[2025-08-15T23:55:59.865Z] [DEBUG] Skipping company_ieebsmug: No scheduled reports collection found
[2025-08-15T23:55:59.866Z] [DEBUG] Processing company database: company_ry0iwbpw
[2025-08-15T23:55:59.915Z] [DEBUG] Finding reports to execute in company_ry0iwbpw (current time: 2025-08-15T23:55:59.915Z)
[2025-08-15T23:55:59.965Z] [INFO] Found 0 reports to execute in company_ry0iwbpw
[2025-08-15T23:55:59.965Z] [INFO] Scheduled reports check completed
[2025-08-15T23:55:59.967Z] [DEBUG] MongoDB connection closed
[2025-08-15T23:56:09.138Z] [INFO] Checking for scheduled reports...
[2025-08-15T23:56:09.701Z] [DEBUG] Connected to MongoDB
[2025-08-15T23:56:09.761Z] [INFO] Found 3 company databases
[2025-08-15T23:56:09.762Z] [DEBUG] Processing company database: company_6I22ydwr
[2025-08-15T23:56:09.810Z] [DEBUG] Skipping company_6I22ydwr: No scheduled reports collection found
[2025-08-15T23:56:09.811Z] [DEBUG] Processing company database: company_ieebsmug
[2025-08-15T23:56:09.859Z] [DEBUG] Skipping company_ieebsmug: No scheduled reports collection found
[2025-08-15T23:56:09.860Z] [DEBUG] Processing company database: company_ry0iwbpw
[2025-08-15T23:56:09.909Z] [DEBUG] Finding reports to execute in company_ry0iwbpw (current time: 2025-08-15T23:56:09.909Z)
[2025-08-15T23:56:09.957Z] [INFO] Found 0 reports to execute in company_ry0iwbpw
[2025-08-15T23:56:09.958Z] [INFO] Scheduled reports check completed
[2025-08-15T23:56:09.960Z] [DEBUG] MongoDB connection closed
[2025-08-15T23:56:19.140Z] [INFO] Checking for scheduled reports...
[2025-08-15T23:56:19.785Z] [DEBUG] Connected to MongoDB
[2025-08-15T23:56:19.843Z] [INFO] Found 3 company databases
[2025-08-15T23:56:19.843Z] [DEBUG] Processing company database: company_6I22ydwr
[2025-08-15T23:56:19.893Z] [DEBUG] Skipping company_6I22ydwr: No scheduled reports collection found
[2025-08-15T23:56:19.893Z] [DEBUG] Processing company database: company_ieebsmug
[2025-08-15T23:56:19.942Z] [DEBUG] Skipping company_ieebsmug: No scheduled reports collection found
[2025-08-15T23:56:19.943Z] [DEBUG] Processing company database: company_ry0iwbpw
[2025-08-15T23:56:19.992Z] [DEBUG] Finding reports to execute in company_ry0iwbpw (current time: 2025-08-15T23:56:19.992Z)
[2025-08-15T23:56:20.042Z] [INFO] Found 0 reports to execute in company_ry0iwbpw
[2025-08-15T23:56:20.042Z] [INFO] Scheduled reports check completed
[2025-08-15T23:56:20.044Z] [DEBUG] MongoDB connection closed
[2025-08-15T23:56:29.141Z] [INFO] Checking for scheduled reports...
[2025-08-15T23:56:29.712Z] [DEBUG] Connected to MongoDB
[2025-08-15T23:56:29.769Z] [INFO] Found 3 company databases
[2025-08-15T23:56:29.770Z] [DEBUG] Processing company database: company_6I22ydwr
[2025-08-15T23:56:29.819Z] [DEBUG] Skipping company_6I22ydwr: No scheduled reports collection found
[2025-08-15T23:56:29.819Z] [DEBUG] Processing company database: company_ieebsmug
[2025-08-15T23:56:29.868Z] [DEBUG] Skipping company_ieebsmug: No scheduled reports collection found
[2025-08-15T23:56:29.869Z] [DEBUG] Processing company database: company_ry0iwbpw
[2025-08-15T23:56:29.919Z] [DEBUG] Finding reports to execute in company_ry0iwbpw (current time: 2025-08-15T23:56:29.919Z)
[2025-08-15T23:56:29.968Z] [INFO] Found 0 reports to execute in company_ry0iwbpw
[2025-08-15T23:56:29.969Z] [INFO] Scheduled reports check completed
[2025-08-15T23:56:29.970Z] [DEBUG] MongoDB connection closed
[2025-08-15T23:56:39.142Z] [INFO] Checking for scheduled reports...
[2025-08-15T23:56:39.801Z] [DEBUG] Connected to MongoDB
[2025-08-15T23:56:39.860Z] [INFO] Found 3 company databases
[2025-08-15T23:56:39.860Z] [DEBUG] Processing company database: company_6I22ydwr
[2025-08-15T23:56:39.910Z] [DEBUG] Skipping company_6I22ydwr: No scheduled reports collection found
[2025-08-15T23:56:39.911Z] [DEBUG] Processing company database: company_ieebsmug
[2025-08-15T23:56:39.960Z] [DEBUG] Skipping company_ieebsmug: No scheduled reports collection found
[2025-08-15T23:56:39.961Z] [DEBUG] Processing company database: company_ry0iwbpw
[2025-08-15T23:56:40.012Z] [DEBUG] Finding reports to execute in company_ry0iwbpw (current time: 2025-08-15T23:56:40.012Z)
[2025-08-15T23:56:40.062Z] [INFO] Found 0 reports to execute in company_ry0iwbpw
[2025-08-15T23:56:40.062Z] [INFO] Scheduled reports check completed
[2025-08-15T23:56:40.063Z] [DEBUG] MongoDB connection closed
[2025-08-15T23:56:49.142Z] [INFO] Checking for scheduled reports...
[2025-08-15T23:56:49.723Z] [DEBUG] Connected to MongoDB
[2025-08-15T23:56:49.781Z] [INFO] Found 3 company databases
[2025-08-15T23:56:49.781Z] [DEBUG] Processing company database: company_6I22ydwr
[2025-08-15T23:56:49.831Z] [DEBUG] Skipping company_6I22ydwr: No scheduled reports collection found
[2025-08-15T23:56:49.831Z] [DEBUG] Processing company database: company_ieebsmug
[2025-08-15T23:56:49.880Z] [DEBUG] Skipping company_ieebsmug: No scheduled reports collection found
[2025-08-15T23:56:49.881Z] [DEBUG] Processing company database: company_ry0iwbpw
[2025-08-15T23:56:49.931Z] [DEBUG] Finding reports to execute in company_ry0iwbpw (current time: 2025-08-15T23:56:49.931Z)
[2025-08-15T23:56:49.993Z] [INFO] Found 0 reports to execute in company_ry0iwbpw
[2025-08-15T23:56:49.993Z] [INFO] Scheduled reports check completed
[2025-08-15T23:56:49.996Z] [DEBUG] MongoDB connection closed
[2025-08-15T23:56:59.143Z] [INFO] Checking for scheduled reports...
[2025-08-15T23:56:59.728Z] [DEBUG] Connected to MongoDB
[2025-08-15T23:56:59.785Z] [INFO] Found 3 company databases
[2025-08-15T23:56:59.786Z] [DEBUG] Processing company database: company_6I22ydwr
[2025-08-15T23:56:59.837Z] [DEBUG] Skipping company_6I22ydwr: No scheduled reports collection found
[2025-08-15T23:56:59.839Z] [DEBUG] Processing company database: company_ieebsmug
[2025-08-15T23:56:59.888Z] [DEBUG] Skipping company_ieebsmug: No scheduled reports collection found
[2025-08-15T23:56:59.889Z] [DEBUG] Processing company database: company_ry0iwbpw
[2025-08-15T23:56:59.939Z] [DEBUG] Finding reports to execute in company_ry0iwbpw (current time: 2025-08-15T23:56:59.939Z)
[2025-08-15T23:56:59.989Z] [INFO] Found 0 reports to execute in company_ry0iwbpw
[2025-08-15T23:56:59.989Z] [INFO] Scheduled reports check completed
[2025-08-15T23:56:59.992Z] [DEBUG] MongoDB connection closed
[2025-08-15T23:57:09.143Z] [INFO] Checking for scheduled reports...
[2025-08-15T23:57:09.827Z] [DEBUG] Connected to MongoDB
[2025-08-15T23:57:09.885Z] [INFO] Found 3 company databases
[2025-08-15T23:57:09.886Z] [DEBUG] Processing company database: company_6I22ydwr
[2025-08-15T23:57:09.936Z] [DEBUG] Skipping company_6I22ydwr: No scheduled reports collection found
[2025-08-15T23:57:09.937Z] [DEBUG] Processing company database: company_ieebsmug
[2025-08-15T23:57:09.992Z] [DEBUG] Skipping company_ieebsmug: No scheduled reports collection found
[2025-08-15T23:57:09.992Z] [DEBUG] Processing company database: company_ry0iwbpw
[2025-08-15T23:57:10.042Z] [DEBUG] Finding reports to execute in company_ry0iwbpw (current time: 2025-08-15T23:57:10.042Z)
[2025-08-15T23:57:10.092Z] [INFO] Found 0 reports to execute in company_ry0iwbpw
[2025-08-15T23:57:10.092Z] [INFO] Scheduled reports check completed
[2025-08-15T23:57:10.093Z] [DEBUG] MongoDB connection closed
[2025-08-15T23:57:19.144Z] [INFO] Checking for scheduled reports...
[2025-08-15T23:57:19.745Z] [DEBUG] Connected to MongoDB
[2025-08-15T23:57:19.802Z] [INFO] Found 3 company databases
[2025-08-15T23:57:19.802Z] [DEBUG] Processing company database: company_6I22ydwr
[2025-08-15T23:57:19.851Z] [DEBUG] Skipping company_6I22ydwr: No scheduled reports collection found
[2025-08-15T23:57:19.851Z] [DEBUG] Processing company database: company_ieebsmug
[2025-08-15T23:57:19.900Z] [DEBUG] Skipping company_ieebsmug: No scheduled reports collection found
[2025-08-15T23:57:19.901Z] [DEBUG] Processing company database: company_ry0iwbpw
[2025-08-15T23:57:19.950Z] [DEBUG] Finding reports to execute in company_ry0iwbpw (current time: 2025-08-15T23:57:19.950Z)
[2025-08-15T23:57:19.999Z] [INFO] Found 0 reports to execute in company_ry0iwbpw
[2025-08-15T23:57:19.999Z] [INFO] Scheduled reports check completed
[2025-08-15T23:57:20.000Z] [DEBUG] MongoDB connection closed
[2025-08-15T23:57:29.145Z] [INFO] Checking for scheduled reports...
[2025-08-15T23:57:29.710Z] [DEBUG] Connected to MongoDB
[2025-08-15T23:57:29.767Z] [INFO] Found 3 company databases
[2025-08-15T23:57:29.767Z] [DEBUG] Processing company database: company_6I22ydwr
[2025-08-15T23:57:29.817Z] [DEBUG] Skipping company_6I22ydwr: No scheduled reports collection found
[2025-08-15T23:57:29.817Z] [DEBUG] Processing company database: company_ieebsmug
[2025-08-15T23:57:29.866Z] [DEBUG] Skipping company_ieebsmug: No scheduled reports collection found
[2025-08-15T23:57:29.866Z] [DEBUG] Processing company database: company_ry0iwbpw
[2025-08-15T23:57:29.915Z] [DEBUG] Finding reports to execute in company_ry0iwbpw (current time: 2025-08-15T23:57:29.915Z)
[2025-08-15T23:57:29.964Z] [INFO] Found 0 reports to execute in company_ry0iwbpw
[2025-08-15T23:57:29.964Z] [INFO] Scheduled reports check completed
[2025-08-15T23:57:29.965Z] [DEBUG] MongoDB connection closed
[2025-08-15T23:57:39.146Z] [INFO] Checking for scheduled reports...
[2025-08-15T23:57:39.785Z] [DEBUG] Connected to MongoDB
[2025-08-15T23:57:39.842Z] [INFO] Found 3 company databases
[2025-08-15T23:57:39.842Z] [DEBUG] Processing company database: company_6I22ydwr
[2025-08-15T23:57:39.891Z] [DEBUG] Skipping company_6I22ydwr: No scheduled reports collection found
[2025-08-15T23:57:39.891Z] [DEBUG] Processing company database: company_ieebsmug
[2025-08-15T23:57:39.940Z] [DEBUG] Skipping company_ieebsmug: No scheduled reports collection found
[2025-08-15T23:57:39.940Z] [DEBUG] Processing company database: company_ry0iwbpw
[2025-08-15T23:57:39.989Z] [DEBUG] Finding reports to execute in company_ry0iwbpw (current time: 2025-08-15T23:57:39.989Z)
[2025-08-15T23:57:40.039Z] [INFO] Found 0 reports to execute in company_ry0iwbpw
[2025-08-15T23:57:40.039Z] [INFO] Scheduled reports check completed
[2025-08-15T23:57:40.040Z] [DEBUG] MongoDB connection closed
[2025-08-15T23:57:49.149Z] [INFO] Checking for scheduled reports...
[2025-08-15T23:57:49.731Z] [DEBUG] Connected to MongoDB
[2025-08-15T23:57:49.790Z] [INFO] Found 3 company databases
[2025-08-15T23:57:49.791Z] [DEBUG] Processing company database: company_6I22ydwr
[2025-08-15T23:57:49.839Z] [DEBUG] Skipping company_6I22ydwr: No scheduled reports collection found
[2025-08-15T23:57:49.840Z] [DEBUG] Processing company database: company_ieebsmug
[2025-08-15T23:57:49.887Z] [DEBUG] Skipping company_ieebsmug: No scheduled reports collection found
[2025-08-15T23:57:49.887Z] [DEBUG] Processing company database: company_ry0iwbpw
[2025-08-15T23:57:49.937Z] [DEBUG] Finding reports to execute in company_ry0iwbpw (current time: 2025-08-15T23:57:49.937Z)
[2025-08-15T23:57:49.985Z] [INFO] Found 0 reports to execute in company_ry0iwbpw
[2025-08-15T23:57:49.986Z] [INFO] Scheduled reports check completed
[2025-08-15T23:57:49.987Z] [DEBUG] MongoDB connection closed
[2025-08-15T23:57:59.150Z] [INFO] Checking for scheduled reports...
[2025-08-15T23:57:59.709Z] [DEBUG] Connected to MongoDB
[2025-08-15T23:57:59.765Z] [INFO] Found 3 company databases
[2025-08-15T23:57:59.765Z] [DEBUG] Processing company database: company_6I22ydwr
[2025-08-15T23:57:59.814Z] [DEBUG] Skipping company_6I22ydwr: No scheduled reports collection found
[2025-08-15T23:57:59.814Z] [DEBUG] Processing company database: company_ieebsmug
[2025-08-15T23:57:59.862Z] [DEBUG] Skipping company_ieebsmug: No scheduled reports collection found
[2025-08-15T23:57:59.862Z] [DEBUG] Processing company database: company_ry0iwbpw
[2025-08-15T23:57:59.910Z] [DEBUG] Finding reports to execute in company_ry0iwbpw (current time: 2025-08-15T23:57:59.910Z)
[2025-08-15T23:57:59.957Z] [INFO] Found 0 reports to execute in company_ry0iwbpw
[2025-08-15T23:57:59.958Z] [INFO] Scheduled reports check completed
[2025-08-15T23:57:59.959Z] [DEBUG] MongoDB connection closed
[2025-08-15T23:58:09.151Z] [INFO] Checking for scheduled reports...
[2025-08-15T23:58:09.724Z] [DEBUG] Connected to MongoDB
[2025-08-15T23:58:09.783Z] [INFO] Found 3 company databases
[2025-08-15T23:58:09.783Z] [DEBUG] Processing company database: company_6I22ydwr
[2025-08-15T23:58:09.832Z] [DEBUG] Skipping company_6I22ydwr: No scheduled reports collection found
[2025-08-15T23:58:09.833Z] [DEBUG] Processing company database: company_ieebsmug
[2025-08-15T23:58:09.882Z] [DEBUG] Skipping company_ieebsmug: No scheduled reports collection found
[2025-08-15T23:58:09.882Z] [DEBUG] Processing company database: company_ry0iwbpw
[2025-08-15T23:58:09.935Z] [DEBUG] Finding reports to execute in company_ry0iwbpw (current time: 2025-08-15T23:58:09.935Z)
[2025-08-15T23:58:09.984Z] [INFO] Found 0 reports to execute in company_ry0iwbpw
[2025-08-15T23:58:09.984Z] [INFO] Scheduled reports check completed
[2025-08-15T23:58:09.985Z] [DEBUG] MongoDB connection closed
[2025-08-15T23:58:19.153Z] [INFO] Checking for scheduled reports...
[2025-08-15T23:58:19.819Z] [DEBUG] Connected to MongoDB
[2025-08-15T23:58:19.876Z] [INFO] Found 3 company databases
[2025-08-15T23:58:19.876Z] [DEBUG] Processing company database: company_6I22ydwr
[2025-08-15T23:58:19.930Z] [DEBUG] Skipping company_6I22ydwr: No scheduled reports collection found
[2025-08-15T23:58:19.931Z] [DEBUG] Processing company database: company_ieebsmug
[2025-08-15T23:58:19.979Z] [DEBUG] Skipping company_ieebsmug: No scheduled reports collection found
[2025-08-15T23:58:19.979Z] [DEBUG] Processing company database: company_ry0iwbpw
[2025-08-15T23:58:20.027Z] [DEBUG] Finding reports to execute in company_ry0iwbpw (current time: 2025-08-15T23:58:20.027Z)
[2025-08-15T23:58:20.075Z] [INFO] Found 0 reports to execute in company_ry0iwbpw
[2025-08-15T23:58:20.075Z] [INFO] Scheduled reports check completed
[2025-08-15T23:58:20.076Z] [DEBUG] MongoDB connection closed
[2025-08-15T23:58:29.155Z] [INFO] Checking for scheduled reports...
[2025-08-15T23:58:29.863Z] [DEBUG] Connected to MongoDB
[2025-08-15T23:58:29.923Z] [INFO] Found 3 company databases
[2025-08-15T23:58:29.924Z] [DEBUG] Processing company database: company_6I22ydwr
[2025-08-15T23:58:29.975Z] [DEBUG] Skipping company_6I22ydwr: No scheduled reports collection found
[2025-08-15T23:58:29.975Z] [DEBUG] Processing company database: company_ieebsmug
[2025-08-15T23:58:30.027Z] [DEBUG] Skipping company_ieebsmug: No scheduled reports collection found
[2025-08-15T23:58:30.027Z] [DEBUG] Processing company database: company_ry0iwbpw
[2025-08-15T23:58:30.077Z] [DEBUG] Finding reports to execute in company_ry0iwbpw (current time: 2025-08-15T23:58:30.077Z)
[2025-08-15T23:58:30.141Z] [INFO] Found 0 reports to execute in company_ry0iwbpw
[2025-08-15T23:58:30.142Z] [INFO] Scheduled reports check completed
[2025-08-15T23:58:30.145Z] [DEBUG] MongoDB connection closed
[2025-08-15T23:58:39.157Z] [INFO] Checking for scheduled reports...
[2025-08-15T23:58:39.814Z] [DEBUG] Connected to MongoDB
[2025-08-15T23:58:39.873Z] [INFO] Found 3 company databases
[2025-08-15T23:58:39.873Z] [DEBUG] Processing company database: company_6I22ydwr
[2025-08-15T23:58:39.923Z] [DEBUG] Skipping company_6I22ydwr: No scheduled reports collection found
[2025-08-15T23:58:39.924Z] [DEBUG] Processing company database: company_ieebsmug
[2025-08-15T23:58:39.972Z] [DEBUG] Skipping company_ieebsmug: No scheduled reports collection found
[2025-08-15T23:58:39.973Z] [DEBUG] Processing company database: company_ry0iwbpw
[2025-08-15T23:58:40.022Z] [DEBUG] Finding reports to execute in company_ry0iwbpw (current time: 2025-08-15T23:58:40.022Z)
[2025-08-15T23:58:40.072Z] [INFO] Found 0 reports to execute in company_ry0iwbpw
[2025-08-15T23:58:40.072Z] [INFO] Scheduled reports check completed
[2025-08-15T23:58:40.075Z] [DEBUG] MongoDB connection closed
[2025-08-15T23:58:49.159Z] [INFO] Checking for scheduled reports...
[2025-08-15T23:58:49.729Z] [DEBUG] Connected to MongoDB
[2025-08-15T23:58:49.788Z] [INFO] Found 3 company databases
[2025-08-15T23:58:49.788Z] [DEBUG] Processing company database: company_6I22ydwr
[2025-08-15T23:58:49.836Z] [DEBUG] Skipping company_6I22ydwr: No scheduled reports collection found
[2025-08-15T23:58:49.837Z] [DEBUG] Processing company database: company_ieebsmug
[2025-08-15T23:58:49.887Z] [DEBUG] Skipping company_ieebsmug: No scheduled reports collection found
[2025-08-15T23:58:49.887Z] [DEBUG] Processing company database: company_ry0iwbpw
[2025-08-15T23:58:49.944Z] [DEBUG] Finding reports to execute in company_ry0iwbpw (current time: 2025-08-15T23:58:49.944Z)
[2025-08-15T23:58:49.992Z] [INFO] Found 0 reports to execute in company_ry0iwbpw
[2025-08-15T23:58:49.993Z] [INFO] Scheduled reports check completed
[2025-08-15T23:58:49.995Z] [DEBUG] MongoDB connection closed
[2025-08-15T23:58:59.160Z] [INFO] Checking for scheduled reports...
[2025-08-15T23:58:59.733Z] [DEBUG] Connected to MongoDB
[2025-08-15T23:58:59.790Z] [INFO] Found 3 company databases
[2025-08-15T23:58:59.791Z] [DEBUG] Processing company database: company_6I22ydwr
[2025-08-15T23:58:59.839Z] [DEBUG] Skipping company_6I22ydwr: No scheduled reports collection found
[2025-08-15T23:58:59.840Z] [DEBUG] Processing company database: company_ieebsmug
[2025-08-15T23:58:59.889Z] [DEBUG] Skipping company_ieebsmug: No scheduled reports collection found
[2025-08-15T23:58:59.889Z] [DEBUG] Processing company database: company_ry0iwbpw
[2025-08-15T23:58:59.939Z] [DEBUG] Finding reports to execute in company_ry0iwbpw (current time: 2025-08-15T23:58:59.939Z)
[2025-08-15T23:58:59.987Z] [INFO] Found 0 reports to execute in company_ry0iwbpw
[2025-08-15T23:58:59.988Z] [INFO] Scheduled reports check completed
[2025-08-15T23:58:59.990Z] [DEBUG] MongoDB connection closed
[2025-08-15T23:59:09.160Z] [INFO] Checking for scheduled reports...
[2025-08-15T23:59:09.747Z] [DEBUG] Connected to MongoDB
[2025-08-15T23:59:09.808Z] [INFO] Found 3 company databases
[2025-08-15T23:59:09.809Z] [DEBUG] Processing company database: company_6I22ydwr
[2025-08-15T23:59:09.860Z] [DEBUG] Skipping company_6I22ydwr: No scheduled reports collection found
[2025-08-15T23:59:09.860Z] [DEBUG] Processing company database: company_ieebsmug
[2025-08-15T23:59:09.910Z] [DEBUG] Skipping company_ieebsmug: No scheduled reports collection found
[2025-08-15T23:59:09.913Z] [DEBUG] Processing company database: company_ry0iwbpw
[2025-08-15T23:59:09.967Z] [DEBUG] Finding reports to execute in company_ry0iwbpw (current time: 2025-08-15T23:59:09.967Z)
[2025-08-15T23:59:10.018Z] [INFO] Found 0 reports to execute in company_ry0iwbpw
[2025-08-15T23:59:10.019Z] [INFO] Scheduled reports check completed
[2025-08-15T23:59:10.023Z] [DEBUG] MongoDB connection closed
[2025-08-15T23:59:19.162Z] [INFO] Checking for scheduled reports...
[2025-08-15T23:59:19.841Z] [DEBUG] Connected to MongoDB
[2025-08-15T23:59:19.900Z] [INFO] Found 3 company databases
[2025-08-15T23:59:19.901Z] [DEBUG] Processing company database: company_6I22ydwr
[2025-08-15T23:59:19.952Z] [DEBUG] Skipping company_6I22ydwr: No scheduled reports collection found
[2025-08-15T23:59:19.953Z] [DEBUG] Processing company database: company_ieebsmug
[2025-08-15T23:59:20.004Z] [DEBUG] Skipping company_ieebsmug: No scheduled reports collection found
[2025-08-15T23:59:20.004Z] [DEBUG] Processing company database: company_ry0iwbpw
[2025-08-15T23:59:20.054Z] [DEBUG] Finding reports to execute in company_ry0iwbpw (current time: 2025-08-15T23:59:20.054Z)
[2025-08-15T23:59:20.104Z] [INFO] Found 0 reports to execute in company_ry0iwbpw
[2025-08-15T23:59:20.104Z] [INFO] Scheduled reports check completed
[2025-08-15T23:59:20.107Z] [DEBUG] MongoDB connection closed
[2025-08-15T23:59:29.165Z] [INFO] Checking for scheduled reports...
[2025-08-15T23:59:29.753Z] [DEBUG] Connected to MongoDB
[2025-08-15T23:59:29.814Z] [INFO] Found 3 company databases
[2025-08-15T23:59:29.815Z] [DEBUG] Processing company database: company_6I22ydwr
[2025-08-15T23:59:29.867Z] [DEBUG] Skipping company_6I22ydwr: No scheduled reports collection found
[2025-08-15T23:59:29.867Z] [DEBUG] Processing company database: company_ieebsmug
[2025-08-15T23:59:29.918Z] [DEBUG] Skipping company_ieebsmug: No scheduled reports collection found
[2025-08-15T23:59:29.919Z] [DEBUG] Processing company database: company_ry0iwbpw
[2025-08-15T23:59:29.969Z] [DEBUG] Finding reports to execute in company_ry0iwbpw (current time: 2025-08-15T23:59:29.969Z)
[2025-08-15T23:59:30.019Z] [INFO] Found 0 reports to execute in company_ry0iwbpw
[2025-08-15T23:59:30.020Z] [INFO] Scheduled reports check completed
[2025-08-15T23:59:30.023Z] [DEBUG] MongoDB connection closed
[2025-08-15T23:59:39.166Z] [INFO] Checking for scheduled reports...
[2025-08-15T23:59:39.814Z] [DEBUG] Connected to MongoDB
[2025-08-15T23:59:39.873Z] [INFO] Found 3 company databases
[2025-08-15T23:59:39.874Z] [DEBUG] Processing company database: company_6I22ydwr
[2025-08-15T23:59:39.925Z] [DEBUG] Skipping company_6I22ydwr: No scheduled reports collection found
[2025-08-15T23:59:39.926Z] [DEBUG] Processing company database: company_ieebsmug
[2025-08-15T23:59:39.981Z] [DEBUG] Skipping company_ieebsmug: No scheduled reports collection found
[2025-08-15T23:59:39.983Z] [DEBUG] Processing company database: company_ry0iwbpw
[2025-08-15T23:59:40.035Z] [DEBUG] Finding reports to execute in company_ry0iwbpw (current time: 2025-08-15T23:59:40.035Z)
[2025-08-15T23:59:40.085Z] [INFO] Found 0 reports to execute in company_ry0iwbpw
[2025-08-15T23:59:40.086Z] [INFO] Scheduled reports check completed
[2025-08-15T23:59:40.089Z] [DEBUG] MongoDB connection closed
[2025-08-15T23:59:49.168Z] [INFO] Checking for scheduled reports...
[2025-08-15T23:59:49.875Z] [DEBUG] Connected to MongoDB
[2025-08-15T23:59:49.933Z] [INFO] Found 3 company databases
[2025-08-15T23:59:49.933Z] [DEBUG] Processing company database: company_6I22ydwr
[2025-08-15T23:59:49.984Z] [DEBUG] Skipping company_6I22ydwr: No scheduled reports collection found
[2025-08-15T23:59:49.984Z] [DEBUG] Processing company database: company_ieebsmug
[2025-08-15T23:59:50.033Z] [DEBUG] Skipping company_ieebsmug: No scheduled reports collection found
[2025-08-15T23:59:50.034Z] [DEBUG] Processing company database: company_ry0iwbpw
[2025-08-15T23:59:50.083Z] [DEBUG] Finding reports to execute in company_ry0iwbpw (current time: 2025-08-15T23:59:50.083Z)
[2025-08-15T23:59:50.133Z] [INFO] Found 0 reports to execute in company_ry0iwbpw
[2025-08-15T23:59:50.133Z] [INFO] Scheduled reports check completed
[2025-08-15T23:59:50.135Z] [DEBUG] MongoDB connection closed
[2025-08-15T23:59:59.168Z] [INFO] Checking for scheduled reports...
[2025-08-15T23:59:59.757Z] [DEBUG] Connected to MongoDB
[2025-08-15T23:59:59.817Z] [INFO] Found 3 company databases
[2025-08-15T23:59:59.817Z] [DEBUG] Processing company database: company_6I22ydwr
[2025-08-15T23:59:59.867Z] [DEBUG] Skipping company_6I22ydwr: No scheduled reports collection found
[2025-08-15T23:59:59.868Z] [DEBUG] Processing company database: company_ieebsmug
[2025-08-15T23:59:59.918Z] [DEBUG] Skipping company_ieebsmug: No scheduled reports collection found
[2025-08-15T23:59:59.919Z] [DEBUG] Processing company database: company_ry0iwbpw
[2025-08-15T23:59:59.970Z] [DEBUG] Finding reports to execute in company_ry0iwbpw (current time: 2025-08-15T23:59:59.969Z)
