[2025-06-30T00:00:17.427Z] [INFO] Checking for scheduled reports...
[2025-06-30T00:00:18.120Z] [DEBUG] Connected to MongoDB
[2025-06-30T00:00:18.186Z] [INFO] Found 2 company databases
[2025-06-30T00:00:18.188Z] [DEBUG] Processing company database: company_9jxwph8g
[2025-06-30T00:00:18.252Z] [DEBUG] Finding reports to execute in company_9jxwph8g (current time: 2025-06-30T00:00:18.252Z)
[2025-06-30T00:00:18.304Z] [INFO] Found 0 reports to execute in company_9jxwph8g
[2025-06-30T00:00:18.305Z] [DEBUG] Processing company database: company_ey1a4uyd
[2025-06-30T00:00:18.356Z] [DEBUG] Skipping company_ey1a4uyd: No scheduled reports collection found
[2025-06-30T00:00:18.356Z] [INFO] Scheduled reports check completed
[2025-06-30T00:00:18.358Z] [DEBUG] MongoDB connection closed
[2025-06-30T00:00:47.450Z] [INFO] Checking for scheduled reports...
[2025-06-30T00:00:47.996Z] [DEBUG] Connected to MongoDB
[2025-06-30T00:00:48.063Z] [INFO] Found 2 company databases
[2025-06-30T00:00:48.065Z] [DEBUG] Processing company database: company_9jxwph8g
[2025-06-30T00:00:48.120Z] [DEBUG] Finding reports to execute in company_9jxwph8g (current time: 2025-06-30T00:00:48.120Z)
[2025-06-30T00:00:48.175Z] [INFO] Found 0 reports to execute in company_9jxwph8g
[2025-06-30T00:00:48.177Z] [DEBUG] Processing company database: company_ey1a4uyd
[2025-06-30T00:00:48.231Z] [DEBUG] Skipping company_ey1a4uyd: No scheduled reports collection found
[2025-06-30T00:00:48.232Z] [INFO] Scheduled reports check completed
[2025-06-30T00:00:48.234Z] [DEBUG] MongoDB connection closed
[2025-06-30T00:01:17.469Z] [INFO] Checking for scheduled reports...
[2025-06-30T00:01:18.049Z] [DEBUG] Connected to MongoDB
[2025-06-30T00:01:18.115Z] [INFO] Found 2 company databases
[2025-06-30T00:01:18.117Z] [DEBUG] Processing company database: company_9jxwph8g
[2025-06-30T00:01:18.174Z] [DEBUG] Finding reports to execute in company_9jxwph8g (current time: 2025-06-30T00:01:18.174Z)
[2025-06-30T00:01:18.230Z] [INFO] Found 0 reports to execute in company_9jxwph8g
[2025-06-30T00:01:18.232Z] [DEBUG] Processing company database: company_ey1a4uyd
[2025-06-30T00:01:18.285Z] [DEBUG] Skipping company_ey1a4uyd: No scheduled reports collection found
[2025-06-30T00:01:18.286Z] [INFO] Scheduled reports check completed
[2025-06-30T00:01:18.290Z] [DEBUG] MongoDB connection closed
[2025-06-30T00:01:47.494Z] [INFO] Checking for scheduled reports...
[2025-06-30T00:01:48.172Z] [DEBUG] Connected to MongoDB
[2025-06-30T00:01:48.236Z] [INFO] Found 2 company databases
[2025-06-30T00:01:48.238Z] [DEBUG] Processing company database: company_9jxwph8g
[2025-06-30T00:01:48.292Z] [DEBUG] Finding reports to execute in company_9jxwph8g (current time: 2025-06-30T00:01:48.291Z)
[2025-06-30T00:01:48.363Z] [INFO] Found 0 reports to execute in company_9jxwph8g
[2025-06-30T00:01:48.364Z] [DEBUG] Processing company database: company_ey1a4uyd
[2025-06-30T00:01:48.415Z] [DEBUG] Skipping company_ey1a4uyd: No scheduled reports collection found
[2025-06-30T00:01:48.416Z] [INFO] Scheduled reports check completed
[2025-06-30T00:01:48.419Z] [DEBUG] MongoDB connection closed
[2025-06-30T00:02:17.508Z] [INFO] Checking for scheduled reports...
[2025-06-30T00:02:18.045Z] [DEBUG] Connected to MongoDB
[2025-06-30T00:02:18.107Z] [INFO] Found 2 company databases
[2025-06-30T00:02:18.108Z] [DEBUG] Processing company database: company_9jxwph8g
[2025-06-30T00:02:18.160Z] [DEBUG] Finding reports to execute in company_9jxwph8g (current time: 2025-06-30T00:02:18.160Z)
[2025-06-30T00:02:18.211Z] [INFO] Found 0 reports to execute in company_9jxwph8g
[2025-06-30T00:02:18.211Z] [DEBUG] Processing company database: company_ey1a4uyd
[2025-06-30T00:02:18.261Z] [DEBUG] Skipping company_ey1a4uyd: No scheduled reports collection found
[2025-06-30T00:02:18.262Z] [INFO] Scheduled reports check completed
[2025-06-30T00:02:18.264Z] [DEBUG] MongoDB connection closed
[2025-06-30T00:02:47.509Z] [INFO] Checking for scheduled reports...
[2025-06-30T00:02:48.095Z] [DEBUG] Connected to MongoDB
[2025-06-30T00:02:48.161Z] [INFO] Found 2 company databases
[2025-06-30T00:02:48.163Z] [DEBUG] Processing company database: company_9jxwph8g
[2025-06-30T00:02:48.219Z] [DEBUG] Finding reports to execute in company_9jxwph8g (current time: 2025-06-30T00:02:48.219Z)
[2025-06-30T00:02:48.272Z] [INFO] Found 0 reports to execute in company_9jxwph8g
[2025-06-30T00:02:48.273Z] [DEBUG] Processing company database: company_ey1a4uyd
[2025-06-30T00:02:48.325Z] [DEBUG] Skipping company_ey1a4uyd: No scheduled reports collection found
[2025-06-30T00:02:48.326Z] [INFO] Scheduled reports check completed
[2025-06-30T00:02:48.328Z] [DEBUG] MongoDB connection closed
[2025-06-30T00:03:17.529Z] [INFO] Checking for scheduled reports...
[2025-06-30T00:03:18.177Z] [DEBUG] Connected to MongoDB
[2025-06-30T00:03:18.243Z] [INFO] Found 2 company databases
[2025-06-30T00:03:18.246Z] [DEBUG] Processing company database: company_9jxwph8g
[2025-06-30T00:03:18.302Z] [DEBUG] Finding reports to execute in company_9jxwph8g (current time: 2025-06-30T00:03:18.302Z)
[2025-06-30T00:03:18.353Z] [INFO] Found 0 reports to execute in company_9jxwph8g
[2025-06-30T00:03:18.355Z] [DEBUG] Processing company database: company_ey1a4uyd
[2025-06-30T00:03:18.404Z] [DEBUG] Skipping company_ey1a4uyd: No scheduled reports collection found
[2025-06-30T00:03:18.405Z] [INFO] Scheduled reports check completed
[2025-06-30T00:03:18.407Z] [DEBUG] MongoDB connection closed
[2025-06-30T00:03:47.549Z] [INFO] Checking for scheduled reports...
[2025-06-30T00:03:48.222Z] [DEBUG] Connected to MongoDB
[2025-06-30T00:03:48.288Z] [INFO] Found 2 company databases
[2025-06-30T00:03:48.289Z] [DEBUG] Processing company database: company_9jxwph8g
[2025-06-30T00:03:48.348Z] [DEBUG] Finding reports to execute in company_9jxwph8g (current time: 2025-06-30T00:03:48.348Z)
[2025-06-30T00:03:48.398Z] [INFO] Found 0 reports to execute in company_9jxwph8g
[2025-06-30T00:03:48.398Z] [DEBUG] Processing company database: company_ey1a4uyd
[2025-06-30T00:03:48.448Z] [DEBUG] Skipping company_ey1a4uyd: No scheduled reports collection found
[2025-06-30T00:03:48.449Z] [INFO] Scheduled reports check completed
[2025-06-30T00:03:48.451Z] [DEBUG] MongoDB connection closed
[2025-06-30T00:04:17.582Z] [INFO] Checking for scheduled reports...
[2025-06-30T00:04:18.154Z] [DEBUG] Connected to MongoDB
[2025-06-30T00:04:18.219Z] [INFO] Found 2 company databases
[2025-06-30T00:04:18.220Z] [DEBUG] Processing company database: company_9jxwph8g
[2025-06-30T00:04:18.283Z] [DEBUG] Finding reports to execute in company_9jxwph8g (current time: 2025-06-30T00:04:18.283Z)
[2025-06-30T00:04:18.336Z] [INFO] Found 0 reports to execute in company_9jxwph8g
[2025-06-30T00:04:18.337Z] [DEBUG] Processing company database: company_ey1a4uyd
[2025-06-30T00:04:18.387Z] [DEBUG] Skipping company_ey1a4uyd: No scheduled reports collection found
[2025-06-30T00:04:18.388Z] [INFO] Scheduled reports check completed
[2025-06-30T00:04:18.389Z] [DEBUG] MongoDB connection closed
[2025-06-30T00:04:47.595Z] [INFO] Checking for scheduled reports...
[2025-06-30T00:04:48.235Z] [DEBUG] Connected to MongoDB
[2025-06-30T00:04:48.299Z] [INFO] Found 2 company databases
[2025-06-30T00:04:48.301Z] [DEBUG] Processing company database: company_9jxwph8g
[2025-06-30T00:04:48.352Z] [DEBUG] Finding reports to execute in company_9jxwph8g (current time: 2025-06-30T00:04:48.352Z)
[2025-06-30T00:04:48.401Z] [INFO] Found 0 reports to execute in company_9jxwph8g
[2025-06-30T00:04:48.402Z] [DEBUG] Processing company database: company_ey1a4uyd
[2025-06-30T00:04:48.452Z] [DEBUG] Skipping company_ey1a4uyd: No scheduled reports collection found
[2025-06-30T00:04:48.454Z] [INFO] Scheduled reports check completed
[2025-06-30T00:04:48.456Z] [DEBUG] MongoDB connection closed
[2025-06-30T00:05:17.618Z] [INFO] Checking for scheduled reports...
[2025-06-30T00:05:18.311Z] [DEBUG] Connected to MongoDB
[2025-06-30T00:05:18.376Z] [INFO] Found 2 company databases
[2025-06-30T00:05:18.377Z] [DEBUG] Processing company database: company_9jxwph8g
[2025-06-30T00:05:18.432Z] [DEBUG] Finding reports to execute in company_9jxwph8g (current time: 2025-06-30T00:05:18.432Z)
[2025-06-30T00:05:18.488Z] [INFO] Found 0 reports to execute in company_9jxwph8g
[2025-06-30T00:05:18.491Z] [DEBUG] Processing company database: company_ey1a4uyd
[2025-06-30T00:05:18.549Z] [DEBUG] Skipping company_ey1a4uyd: No scheduled reports collection found
[2025-06-30T00:05:18.552Z] [INFO] Scheduled reports check completed
[2025-06-30T00:05:18.556Z] [DEBUG] MongoDB connection closed
[2025-06-30T00:05:47.641Z] [INFO] Checking for scheduled reports...
[2025-06-30T00:05:48.224Z] [DEBUG] Connected to MongoDB
[2025-06-30T00:05:48.302Z] [INFO] Found 2 company databases
[2025-06-30T00:05:48.303Z] [DEBUG] Processing company database: company_9jxwph8g
[2025-06-30T00:05:48.357Z] [DEBUG] Finding reports to execute in company_9jxwph8g (current time: 2025-06-30T00:05:48.357Z)
[2025-06-30T00:05:48.411Z] [INFO] Found 0 reports to execute in company_9jxwph8g
[2025-06-30T00:05:48.412Z] [DEBUG] Processing company database: company_ey1a4uyd
[2025-06-30T00:05:48.466Z] [DEBUG] Skipping company_ey1a4uyd: No scheduled reports collection found
[2025-06-30T00:05:48.467Z] [INFO] Scheduled reports check completed
[2025-06-30T00:05:48.470Z] [DEBUG] MongoDB connection closed
[2025-06-30T00:06:17.648Z] [INFO] Checking for scheduled reports...
[2025-06-30T00:06:18.336Z] [DEBUG] Connected to MongoDB
[2025-06-30T00:06:18.402Z] [INFO] Found 2 company databases
[2025-06-30T00:06:18.402Z] [DEBUG] Processing company database: company_9jxwph8g
[2025-06-30T00:06:18.456Z] [DEBUG] Finding reports to execute in company_9jxwph8g (current time: 2025-06-30T00:06:18.456Z)
[2025-06-30T00:06:18.511Z] [INFO] Found 0 reports to execute in company_9jxwph8g
[2025-06-30T00:06:18.513Z] [DEBUG] Processing company database: company_ey1a4uyd
[2025-06-30T00:06:18.571Z] [DEBUG] Skipping company_ey1a4uyd: No scheduled reports collection found
[2025-06-30T00:06:18.573Z] [INFO] Scheduled reports check completed
[2025-06-30T00:06:18.579Z] [DEBUG] MongoDB connection closed
[2025-06-30T00:06:47.660Z] [INFO] Checking for scheduled reports...
[2025-06-30T00:06:48.268Z] [DEBUG] Connected to MongoDB
[2025-06-30T00:06:48.342Z] [INFO] Found 2 company databases
[2025-06-30T00:06:48.343Z] [DEBUG] Processing company database: company_9jxwph8g
[2025-06-30T00:06:48.397Z] [DEBUG] Finding reports to execute in company_9jxwph8g (current time: 2025-06-30T00:06:48.397Z)
[2025-06-30T00:06:48.452Z] [INFO] Found 0 reports to execute in company_9jxwph8g
[2025-06-30T00:06:48.453Z] [DEBUG] Processing company database: company_ey1a4uyd
[2025-06-30T00:06:48.511Z] [DEBUG] Skipping company_ey1a4uyd: No scheduled reports collection found
[2025-06-30T00:06:48.513Z] [INFO] Scheduled reports check completed
[2025-06-30T00:06:48.518Z] [DEBUG] MongoDB connection closed
[2025-06-30T00:07:17.671Z] [INFO] Checking for scheduled reports...
[2025-06-30T00:07:18.365Z] [DEBUG] Connected to MongoDB
[2025-06-30T00:07:18.431Z] [INFO] Found 2 company databases
[2025-06-30T00:07:18.432Z] [DEBUG] Processing company database: company_9jxwph8g
[2025-06-30T00:07:18.492Z] [DEBUG] Finding reports to execute in company_9jxwph8g (current time: 2025-06-30T00:07:18.492Z)
[2025-06-30T00:07:18.551Z] [INFO] Found 0 reports to execute in company_9jxwph8g
[2025-06-30T00:07:18.552Z] [DEBUG] Processing company database: company_ey1a4uyd
[2025-06-30T00:07:18.606Z] [DEBUG] Skipping company_ey1a4uyd: No scheduled reports collection found
[2025-06-30T00:07:18.607Z] [INFO] Scheduled reports check completed
[2025-06-30T00:07:18.613Z] [DEBUG] MongoDB connection closed
[2025-06-30T00:07:47.679Z] [INFO] Checking for scheduled reports...
[2025-06-30T00:07:48.290Z] [DEBUG] Connected to MongoDB
[2025-06-30T00:07:48.362Z] [INFO] Found 2 company databases
[2025-06-30T00:07:48.363Z] [DEBUG] Processing company database: company_9jxwph8g
[2025-06-30T00:07:48.420Z] [DEBUG] Finding reports to execute in company_9jxwph8g (current time: 2025-06-30T00:07:48.420Z)
[2025-06-30T00:07:48.474Z] [INFO] Found 0 reports to execute in company_9jxwph8g
[2025-06-30T00:07:48.474Z] [DEBUG] Processing company database: company_ey1a4uyd
[2025-06-30T00:07:48.530Z] [DEBUG] Skipping company_ey1a4uyd: No scheduled reports collection found
[2025-06-30T00:07:48.531Z] [INFO] Scheduled reports check completed
[2025-06-30T00:07:48.533Z] [DEBUG] MongoDB connection closed
[2025-06-30T00:08:17.698Z] [INFO] Checking for scheduled reports...
[2025-06-30T00:08:18.266Z] [DEBUG] Connected to MongoDB
[2025-06-30T00:08:18.336Z] [INFO] Found 2 company databases
[2025-06-30T00:08:18.339Z] [DEBUG] Processing company database: company_9jxwph8g
[2025-06-30T00:08:18.397Z] [DEBUG] Finding reports to execute in company_9jxwph8g (current time: 2025-06-30T00:08:18.397Z)
[2025-06-30T00:08:18.453Z] [INFO] Found 0 reports to execute in company_9jxwph8g
[2025-06-30T00:08:18.454Z] [DEBUG] Processing company database: company_ey1a4uyd
[2025-06-30T00:08:18.509Z] [DEBUG] Skipping company_ey1a4uyd: No scheduled reports collection found
[2025-06-30T00:08:18.510Z] [INFO] Scheduled reports check completed
[2025-06-30T00:08:18.512Z] [DEBUG] MongoDB connection closed
[2025-06-30T00:08:47.723Z] [INFO] Checking for scheduled reports...
[2025-06-30T00:08:48.326Z] [DEBUG] Connected to MongoDB
[2025-06-30T00:08:48.403Z] [INFO] Found 2 company databases
[2025-06-30T00:08:48.404Z] [DEBUG] Processing company database: company_9jxwph8g
[2025-06-30T00:08:48.458Z] [DEBUG] Finding reports to execute in company_9jxwph8g (current time: 2025-06-30T00:08:48.458Z)
[2025-06-30T00:08:48.513Z] [INFO] Found 0 reports to execute in company_9jxwph8g
[2025-06-30T00:08:48.514Z] [DEBUG] Processing company database: company_ey1a4uyd
[2025-06-30T00:08:48.567Z] [DEBUG] Skipping company_ey1a4uyd: No scheduled reports collection found
[2025-06-30T00:08:48.568Z] [INFO] Scheduled reports check completed
[2025-06-30T00:08:48.570Z] [DEBUG] MongoDB connection closed
[2025-06-30T00:09:17.745Z] [INFO] Checking for scheduled reports...
[2025-06-30T00:09:18.323Z] [DEBUG] Connected to MongoDB
[2025-06-30T00:09:18.389Z] [INFO] Found 2 company databases
[2025-06-30T00:09:18.390Z] [DEBUG] Processing company database: company_9jxwph8g
[2025-06-30T00:09:18.445Z] [DEBUG] Finding reports to execute in company_9jxwph8g (current time: 2025-06-30T00:09:18.445Z)
[2025-06-30T00:09:18.498Z] [INFO] Found 0 reports to execute in company_9jxwph8g
[2025-06-30T00:09:18.499Z] [DEBUG] Processing company database: company_ey1a4uyd
[2025-06-30T00:09:18.553Z] [DEBUG] Skipping company_ey1a4uyd: No scheduled reports collection found
[2025-06-30T00:09:18.555Z] [INFO] Scheduled reports check completed
[2025-06-30T00:09:18.558Z] [DEBUG] MongoDB connection closed
[2025-06-30T00:09:47.761Z] [INFO] Checking for scheduled reports...
[2025-06-30T00:09:48.369Z] [DEBUG] Connected to MongoDB
[2025-06-30T00:09:48.435Z] [INFO] Found 2 company databases
[2025-06-30T00:09:48.436Z] [DEBUG] Processing company database: company_9jxwph8g
[2025-06-30T00:09:48.490Z] [DEBUG] Finding reports to execute in company_9jxwph8g (current time: 2025-06-30T00:09:48.490Z)
[2025-06-30T00:09:48.548Z] [INFO] Found 0 reports to execute in company_9jxwph8g
[2025-06-30T00:09:48.551Z] [DEBUG] Processing company database: company_ey1a4uyd
[2025-06-30T00:09:48.609Z] [DEBUG] Skipping company_ey1a4uyd: No scheduled reports collection found
[2025-06-30T00:09:48.612Z] [INFO] Scheduled reports check completed
[2025-06-30T00:09:48.617Z] [DEBUG] MongoDB connection closed
[2025-06-30T00:10:17.783Z] [INFO] Checking for scheduled reports...
[2025-06-30T00:10:18.403Z] [DEBUG] Connected to MongoDB
[2025-06-30T00:10:18.484Z] [INFO] Found 2 company databases
[2025-06-30T00:10:18.493Z] [DEBUG] Processing company database: company_9jxwph8g
[2025-06-30T00:10:18.556Z] [DEBUG] Finding reports to execute in company_9jxwph8g (current time: 2025-06-30T00:10:18.556Z)
[2025-06-30T00:10:18.613Z] [INFO] Found 0 reports to execute in company_9jxwph8g
[2025-06-30T00:10:18.615Z] [DEBUG] Processing company database: company_ey1a4uyd
[2025-06-30T00:10:18.672Z] [DEBUG] Skipping company_ey1a4uyd: No scheduled reports collection found
[2025-06-30T00:10:18.674Z] [INFO] Scheduled reports check completed
[2025-06-30T00:10:18.681Z] [DEBUG] MongoDB connection closed
[2025-06-30T00:10:47.809Z] [INFO] Checking for scheduled reports...
[2025-06-30T00:10:48.536Z] [DEBUG] Connected to MongoDB
[2025-06-30T00:10:48.606Z] [INFO] Found 2 company databases
[2025-06-30T00:10:48.607Z] [DEBUG] Processing company database: company_9jxwph8g
[2025-06-30T00:10:48.665Z] [DEBUG] Finding reports to execute in company_9jxwph8g (current time: 2025-06-30T00:10:48.665Z)
[2025-06-30T00:10:48.723Z] [INFO] Found 0 reports to execute in company_9jxwph8g
[2025-06-30T00:10:48.725Z] [DEBUG] Processing company database: company_ey1a4uyd
[2025-06-30T00:10:48.783Z] [DEBUG] Skipping company_ey1a4uyd: No scheduled reports collection found
[2025-06-30T00:10:48.784Z] [INFO] Scheduled reports check completed
[2025-06-30T00:10:48.788Z] [DEBUG] MongoDB connection closed
[2025-06-30T00:11:17.829Z] [INFO] Checking for scheduled reports...
[2025-06-30T00:11:18.405Z] [DEBUG] Connected to MongoDB
[2025-06-30T00:11:18.471Z] [INFO] Found 2 company databases
[2025-06-30T00:11:18.473Z] [DEBUG] Processing company database: company_9jxwph8g
[2025-06-30T00:11:18.529Z] [DEBUG] Finding reports to execute in company_9jxwph8g (current time: 2025-06-30T00:11:18.529Z)
[2025-06-30T00:11:18.586Z] [INFO] Found 0 reports to execute in company_9jxwph8g
[2025-06-30T00:11:18.586Z] [DEBUG] Processing company database: company_ey1a4uyd
[2025-06-30T00:11:18.640Z] [DEBUG] Skipping company_ey1a4uyd: No scheduled reports collection found
[2025-06-30T00:11:18.641Z] [INFO] Scheduled reports check completed
[2025-06-30T00:11:18.643Z] [DEBUG] MongoDB connection closed
[2025-06-30T00:11:47.831Z] [INFO] Checking for scheduled reports...
[2025-06-30T00:11:48.424Z] [DEBUG] Connected to MongoDB
[2025-06-30T00:11:48.490Z] [INFO] Found 2 company databases
[2025-06-30T00:11:48.491Z] [DEBUG] Processing company database: company_9jxwph8g
[2025-06-30T00:11:48.545Z] [DEBUG] Finding reports to execute in company_9jxwph8g (current time: 2025-06-30T00:11:48.545Z)
[2025-06-30T00:11:48.614Z] [INFO] Found 0 reports to execute in company_9jxwph8g
[2025-06-30T00:11:48.615Z] [DEBUG] Processing company database: company_ey1a4uyd
[2025-06-30T00:11:48.677Z] [DEBUG] Skipping company_ey1a4uyd: No scheduled reports collection found
[2025-06-30T00:11:48.678Z] [INFO] Scheduled reports check completed
[2025-06-30T00:11:48.680Z] [DEBUG] MongoDB connection closed
[2025-06-30T00:12:17.853Z] [INFO] Checking for scheduled reports...
[2025-06-30T00:12:18.450Z] [DEBUG] Connected to MongoDB
[2025-06-30T00:12:18.515Z] [INFO] Found 2 company databases
[2025-06-30T00:12:18.516Z] [DEBUG] Processing company database: company_9jxwph8g
[2025-06-30T00:12:18.572Z] [DEBUG] Finding reports to execute in company_9jxwph8g (current time: 2025-06-30T00:12:18.572Z)
[2025-06-30T00:12:18.630Z] [INFO] Found 0 reports to execute in company_9jxwph8g
[2025-06-30T00:12:18.632Z] [DEBUG] Processing company database: company_ey1a4uyd
[2025-06-30T00:12:18.690Z] [DEBUG] Skipping company_ey1a4uyd: No scheduled reports collection found
[2025-06-30T00:12:18.692Z] [INFO] Scheduled reports check completed
[2025-06-30T00:12:18.699Z] [DEBUG] MongoDB connection closed
[2025-06-30T00:12:47.871Z] [INFO] Checking for scheduled reports...
[2025-06-30T00:12:48.470Z] [DEBUG] Connected to MongoDB
[2025-06-30T00:12:48.542Z] [INFO] Found 2 company databases
[2025-06-30T00:12:48.543Z] [DEBUG] Processing company database: company_9jxwph8g
[2025-06-30T00:12:48.601Z] [DEBUG] Finding reports to execute in company_9jxwph8g (current time: 2025-06-30T00:12:48.601Z)
[2025-06-30T00:12:48.660Z] [INFO] Found 0 reports to execute in company_9jxwph8g
[2025-06-30T00:12:48.663Z] [DEBUG] Processing company database: company_ey1a4uyd
[2025-06-30T00:12:48.721Z] [DEBUG] Skipping company_ey1a4uyd: No scheduled reports collection found
[2025-06-30T00:12:48.723Z] [INFO] Scheduled reports check completed
[2025-06-30T00:12:48.727Z] [DEBUG] MongoDB connection closed
[2025-06-30T00:13:17.870Z] [INFO] Checking for scheduled reports...
[2025-06-30T00:13:18.456Z] [DEBUG] Connected to MongoDB
[2025-06-30T00:13:18.520Z] [INFO] Found 2 company databases
[2025-06-30T00:13:18.521Z] [DEBUG] Processing company database: company_9jxwph8g
[2025-06-30T00:13:18.578Z] [DEBUG] Finding reports to execute in company_9jxwph8g (current time: 2025-06-30T00:13:18.578Z)
[2025-06-30T00:13:18.635Z] [INFO] Found 0 reports to execute in company_9jxwph8g
[2025-06-30T00:13:18.637Z] [DEBUG] Processing company database: company_ey1a4uyd
[2025-06-30T00:13:18.695Z] [DEBUG] Skipping company_ey1a4uyd: No scheduled reports collection found
[2025-06-30T00:13:18.697Z] [INFO] Scheduled reports check completed
[2025-06-30T00:13:18.703Z] [DEBUG] MongoDB connection closed
[2025-06-30T00:13:47.891Z] [INFO] Checking for scheduled reports...
[2025-06-30T00:13:48.675Z] [DEBUG] Connected to MongoDB
[2025-06-30T00:13:48.745Z] [INFO] Found 2 company databases
[2025-06-30T00:13:48.749Z] [DEBUG] Processing company database: company_9jxwph8g
[2025-06-30T00:13:48.808Z] [DEBUG] Finding reports to execute in company_9jxwph8g (current time: 2025-06-30T00:13:48.808Z)
[2025-06-30T00:13:48.869Z] [INFO] Found 0 reports to execute in company_9jxwph8g
[2025-06-30T00:13:48.871Z] [DEBUG] Processing company database: company_ey1a4uyd
[2025-06-30T00:13:48.929Z] [DEBUG] Skipping company_ey1a4uyd: No scheduled reports collection found
[2025-06-30T00:13:48.931Z] [INFO] Scheduled reports check completed
[2025-06-30T00:13:48.936Z] [DEBUG] MongoDB connection closed
[2025-06-30T00:14:17.912Z] [INFO] Checking for scheduled reports...
[2025-06-30T00:14:18.502Z] [DEBUG] Connected to MongoDB
[2025-06-30T00:14:18.568Z] [INFO] Found 2 company databases
[2025-06-30T00:14:18.572Z] [DEBUG] Processing company database: company_9jxwph8g
[2025-06-30T00:14:18.630Z] [DEBUG] Finding reports to execute in company_9jxwph8g (current time: 2025-06-30T00:14:18.630Z)
[2025-06-30T00:14:18.686Z] [INFO] Found 0 reports to execute in company_9jxwph8g
[2025-06-30T00:14:18.694Z] [DEBUG] Processing company database: company_ey1a4uyd
[2025-06-30T00:14:18.749Z] [DEBUG] Skipping company_ey1a4uyd: No scheduled reports collection found
[2025-06-30T00:14:18.750Z] [INFO] Scheduled reports check completed
[2025-06-30T00:14:18.752Z] [DEBUG] MongoDB connection closed
[2025-06-30T00:14:47.917Z] [INFO] Checking for scheduled reports...
[2025-06-30T00:14:48.506Z] [DEBUG] Connected to MongoDB
[2025-06-30T00:14:48.571Z] [INFO] Found 2 company databases
[2025-06-30T00:14:48.573Z] [DEBUG] Processing company database: company_9jxwph8g
[2025-06-30T00:14:48.634Z] [DEBUG] Finding reports to execute in company_9jxwph8g (current time: 2025-06-30T00:14:48.634Z)
[2025-06-30T00:14:48.693Z] [INFO] Found 0 reports to execute in company_9jxwph8g
[2025-06-30T00:14:48.695Z] [DEBUG] Processing company database: company_ey1a4uyd
[2025-06-30T00:14:48.753Z] [DEBUG] Skipping company_ey1a4uyd: No scheduled reports collection found
[2025-06-30T00:14:48.755Z] [INFO] Scheduled reports check completed
[2025-06-30T00:14:48.761Z] [DEBUG] MongoDB connection closed
[2025-06-30T00:15:17.931Z] [INFO] Checking for scheduled reports...
[2025-06-30T00:15:18.714Z] [DEBUG] Connected to MongoDB
[2025-06-30T00:15:18.784Z] [INFO] Found 2 company databases
[2025-06-30T00:15:18.786Z] [DEBUG] Processing company database: company_9jxwph8g
[2025-06-30T00:15:18.845Z] [DEBUG] Finding reports to execute in company_9jxwph8g (current time: 2025-06-30T00:15:18.845Z)
[2025-06-30T00:15:18.902Z] [INFO] Found 0 reports to execute in company_9jxwph8g
[2025-06-30T00:15:18.904Z] [DEBUG] Processing company database: company_ey1a4uyd
[2025-06-30T00:15:18.963Z] [DEBUG] Skipping company_ey1a4uyd: No scheduled reports collection found
[2025-06-30T00:15:18.965Z] [INFO] Scheduled reports check completed
[2025-06-30T00:15:18.970Z] [DEBUG] MongoDB connection closed
[2025-06-30T00:15:47.953Z] [INFO] Checking for scheduled reports...
[2025-06-30T00:15:48.584Z] [DEBUG] Connected to MongoDB
[2025-06-30T00:15:48.653Z] [INFO] Found 2 company databases
[2025-06-30T00:15:48.655Z] [DEBUG] Processing company database: company_9jxwph8g
[2025-06-30T00:15:48.720Z] [DEBUG] Finding reports to execute in company_9jxwph8g (current time: 2025-06-30T00:15:48.720Z)
[2025-06-30T00:15:48.779Z] [INFO] Found 0 reports to execute in company_9jxwph8g
[2025-06-30T00:15:48.781Z] [DEBUG] Processing company database: company_ey1a4uyd
[2025-06-30T00:15:48.838Z] [DEBUG] Skipping company_ey1a4uyd: No scheduled reports collection found
[2025-06-30T00:15:48.840Z] [INFO] Scheduled reports check completed
[2025-06-30T00:15:48.847Z] [DEBUG] MongoDB connection closed
[2025-06-30T00:16:17.954Z] [INFO] Checking for scheduled reports...
[2025-06-30T00:16:18.558Z] [DEBUG] Connected to MongoDB
[2025-06-30T00:16:18.624Z] [INFO] Found 2 company databases
[2025-06-30T00:16:18.626Z] [DEBUG] Processing company database: company_9jxwph8g
[2025-06-30T00:16:18.686Z] [DEBUG] Finding reports to execute in company_9jxwph8g (current time: 2025-06-30T00:16:18.686Z)
[2025-06-30T00:16:18.747Z] [INFO] Found 0 reports to execute in company_9jxwph8g
[2025-06-30T00:16:18.750Z] [DEBUG] Processing company database: company_ey1a4uyd
[2025-06-30T00:16:18.821Z] [DEBUG] Skipping company_ey1a4uyd: No scheduled reports collection found
[2025-06-30T00:16:18.823Z] [INFO] Scheduled reports check completed
[2025-06-30T00:16:18.830Z] [DEBUG] MongoDB connection closed
[2025-06-30T00:16:47.975Z] [INFO] Checking for scheduled reports...
[2025-06-30T00:16:48.761Z] [DEBUG] Connected to MongoDB
[2025-06-30T00:16:48.830Z] [INFO] Found 2 company databases
[2025-06-30T00:16:48.832Z] [DEBUG] Processing company database: company_9jxwph8g
[2025-06-30T00:16:48.893Z] [DEBUG] Finding reports to execute in company_9jxwph8g (current time: 2025-06-30T00:16:48.892Z)
[2025-06-30T00:16:48.953Z] [INFO] Found 0 reports to execute in company_9jxwph8g
[2025-06-30T00:16:48.955Z] [DEBUG] Processing company database: company_ey1a4uyd
[2025-06-30T00:16:49.014Z] [DEBUG] Skipping company_ey1a4uyd: No scheduled reports collection found
[2025-06-30T00:16:49.016Z] [INFO] Scheduled reports check completed
[2025-06-30T00:16:49.021Z] [DEBUG] MongoDB connection closed
[2025-06-30T00:17:17.984Z] [INFO] Checking for scheduled reports...
[2025-06-30T00:17:18.582Z] [DEBUG] Connected to MongoDB
[2025-06-30T00:17:18.649Z] [INFO] Found 2 company databases
[2025-06-30T00:17:18.650Z] [DEBUG] Processing company database: company_9jxwph8g
[2025-06-30T00:17:18.709Z] [DEBUG] Finding reports to execute in company_9jxwph8g (current time: 2025-06-30T00:17:18.709Z)
[2025-06-30T00:17:18.768Z] [INFO] Found 0 reports to execute in company_9jxwph8g
[2025-06-30T00:17:18.770Z] [DEBUG] Processing company database: company_ey1a4uyd
[2025-06-30T00:17:18.843Z] [DEBUG] Skipping company_ey1a4uyd: No scheduled reports collection found
[2025-06-30T00:17:18.846Z] [INFO] Scheduled reports check completed
[2025-06-30T00:17:18.851Z] [DEBUG] MongoDB connection closed
[2025-06-30T00:17:48.011Z] [INFO] Checking for scheduled reports...
[2025-06-30T00:17:48.637Z] [DEBUG] Connected to MongoDB
[2025-06-30T00:17:48.706Z] [INFO] Found 2 company databases
[2025-06-30T00:17:48.709Z] [DEBUG] Processing company database: company_9jxwph8g
[2025-06-30T00:17:48.769Z] [DEBUG] Finding reports to execute in company_9jxwph8g (current time: 2025-06-30T00:17:48.769Z)
[2025-06-30T00:17:48.828Z] [INFO] Found 0 reports to execute in company_9jxwph8g
[2025-06-30T00:17:48.830Z] [DEBUG] Processing company database: company_ey1a4uyd
[2025-06-30T00:17:48.888Z] [DEBUG] Skipping company_ey1a4uyd: No scheduled reports collection found
[2025-06-30T00:17:48.891Z] [INFO] Scheduled reports check completed
[2025-06-30T00:17:48.895Z] [DEBUG] MongoDB connection closed
[2025-06-30T00:18:18.023Z] [INFO] Checking for scheduled reports...
[2025-06-30T00:18:18.800Z] [DEBUG] Connected to MongoDB
[2025-06-30T00:18:18.872Z] [INFO] Found 2 company databases
[2025-06-30T00:18:18.873Z] [DEBUG] Processing company database: company_9jxwph8g
[2025-06-30T00:18:18.932Z] [DEBUG] Finding reports to execute in company_9jxwph8g (current time: 2025-06-30T00:18:18.932Z)
[2025-06-30T00:18:18.991Z] [INFO] Found 0 reports to execute in company_9jxwph8g
[2025-06-30T00:18:18.993Z] [DEBUG] Processing company database: company_ey1a4uyd
[2025-06-30T00:18:19.051Z] [DEBUG] Skipping company_ey1a4uyd: No scheduled reports collection found
[2025-06-30T00:18:19.053Z] [INFO] Scheduled reports check completed
[2025-06-30T00:18:19.058Z] [DEBUG] MongoDB connection closed
[2025-06-30T00:18:48.034Z] [INFO] Checking for scheduled reports...
[2025-06-30T00:18:48.624Z] [DEBUG] Connected to MongoDB
[2025-06-30T00:18:48.690Z] [INFO] Found 2 company databases
[2025-06-30T00:18:48.692Z] [DEBUG] Processing company database: company_9jxwph8g
[2025-06-30T00:18:48.751Z] [DEBUG] Finding reports to execute in company_9jxwph8g (current time: 2025-06-30T00:18:48.751Z)
[2025-06-30T00:18:48.808Z] [INFO] Found 0 reports to execute in company_9jxwph8g
[2025-06-30T00:18:48.810Z] [DEBUG] Processing company database: company_ey1a4uyd
[2025-06-30T00:18:48.868Z] [DEBUG] Skipping company_ey1a4uyd: No scheduled reports collection found
[2025-06-30T00:18:48.870Z] [INFO] Scheduled reports check completed
[2025-06-30T00:18:48.875Z] [DEBUG] MongoDB connection closed
[2025-06-30T00:19:18.041Z] [INFO] Checking for scheduled reports...
[2025-06-30T00:19:18.644Z] [DEBUG] Connected to MongoDB
[2025-06-30T00:19:18.712Z] [INFO] Found 2 company databases
[2025-06-30T00:19:18.713Z] [DEBUG] Processing company database: company_9jxwph8g
[2025-06-30T00:19:18.772Z] [DEBUG] Finding reports to execute in company_9jxwph8g (current time: 2025-06-30T00:19:18.772Z)
[2025-06-30T00:19:18.830Z] [INFO] Found 0 reports to execute in company_9jxwph8g
[2025-06-30T00:19:18.832Z] [DEBUG] Processing company database: company_ey1a4uyd
[2025-06-30T00:19:18.889Z] [DEBUG] Skipping company_ey1a4uyd: No scheduled reports collection found
[2025-06-30T00:19:18.891Z] [INFO] Scheduled reports check completed
[2025-06-30T00:19:18.895Z] [DEBUG] MongoDB connection closed
[2025-06-30T00:19:48.062Z] [INFO] Checking for scheduled reports...
[2025-06-30T00:19:48.856Z] [DEBUG] Connected to MongoDB
[2025-06-30T00:19:48.927Z] [INFO] Found 2 company databases
[2025-06-30T00:19:48.929Z] [DEBUG] Processing company database: company_9jxwph8g
[2025-06-30T00:19:48.988Z] [DEBUG] Finding reports to execute in company_9jxwph8g (current time: 2025-06-30T00:19:48.988Z)
[2025-06-30T00:19:49.047Z] [INFO] Found 0 reports to execute in company_9jxwph8g
[2025-06-30T00:19:49.048Z] [DEBUG] Processing company database: company_ey1a4uyd
[2025-06-30T00:19:49.107Z] [DEBUG] Skipping company_ey1a4uyd: No scheduled reports collection found
[2025-06-30T00:19:49.109Z] [INFO] Scheduled reports check completed
[2025-06-30T00:19:49.114Z] [DEBUG] MongoDB connection closed
[2025-06-30T00:20:18.077Z] [INFO] Checking for scheduled reports...
[2025-06-30T00:20:18.668Z] [DEBUG] Connected to MongoDB
[2025-06-30T00:20:18.734Z] [INFO] Found 2 company databases
[2025-06-30T00:20:18.735Z] [DEBUG] Processing company database: company_9jxwph8g
[2025-06-30T00:20:18.795Z] [DEBUG] Finding reports to execute in company_9jxwph8g (current time: 2025-06-30T00:20:18.795Z)
[2025-06-30T00:20:18.854Z] [INFO] Found 0 reports to execute in company_9jxwph8g
[2025-06-30T00:20:18.856Z] [DEBUG] Processing company database: company_ey1a4uyd
[2025-06-30T00:20:18.913Z] [DEBUG] Skipping company_ey1a4uyd: No scheduled reports collection found
[2025-06-30T00:20:18.915Z] [INFO] Scheduled reports check completed
[2025-06-30T00:20:18.921Z] [DEBUG] MongoDB connection closed
[2025-06-30T00:20:48.079Z] [INFO] Checking for scheduled reports...
[2025-06-30T00:20:48.673Z] [DEBUG] Connected to MongoDB
[2025-06-30T00:20:48.738Z] [INFO] Found 2 company databases
[2025-06-30T00:20:48.739Z] [DEBUG] Processing company database: company_9jxwph8g
[2025-06-30T00:20:48.799Z] [DEBUG] Finding reports to execute in company_9jxwph8g (current time: 2025-06-30T00:20:48.799Z)
[2025-06-30T00:20:48.858Z] [INFO] Found 0 reports to execute in company_9jxwph8g
[2025-06-30T00:20:48.860Z] [DEBUG] Processing company database: company_ey1a4uyd
[2025-06-30T00:20:48.918Z] [DEBUG] Skipping company_ey1a4uyd: No scheduled reports collection found
[2025-06-30T00:20:48.920Z] [INFO] Scheduled reports check completed
[2025-06-30T00:20:48.925Z] [DEBUG] MongoDB connection closed
[2025-06-30T00:21:18.109Z] [INFO] Checking for scheduled reports...
[2025-06-30T00:21:18.810Z] [DEBUG] Connected to MongoDB
[2025-06-30T00:21:18.881Z] [INFO] Found 2 company databases
[2025-06-30T00:21:18.883Z] [DEBUG] Processing company database: company_9jxwph8g
[2025-06-30T00:21:18.943Z] [DEBUG] Finding reports to execute in company_9jxwph8g (current time: 2025-06-30T00:21:18.943Z)
[2025-06-30T00:21:19.002Z] [INFO] Found 0 reports to execute in company_9jxwph8g
[2025-06-30T00:21:19.005Z] [DEBUG] Processing company database: company_ey1a4uyd
[2025-06-30T00:21:19.062Z] [DEBUG] Skipping company_ey1a4uyd: No scheduled reports collection found
[2025-06-30T00:21:19.064Z] [INFO] Scheduled reports check completed
[2025-06-30T00:21:19.068Z] [DEBUG] MongoDB connection closed
[2025-06-30T00:21:48.119Z] [INFO] Checking for scheduled reports...
[2025-06-30T00:21:48.710Z] [DEBUG] Connected to MongoDB
[2025-06-30T00:21:48.777Z] [INFO] Found 2 company databases
[2025-06-30T00:21:48.778Z] [DEBUG] Processing company database: company_9jxwph8g
[2025-06-30T00:21:48.838Z] [DEBUG] Finding reports to execute in company_9jxwph8g (current time: 2025-06-30T00:21:48.838Z)
[2025-06-30T00:21:48.897Z] [INFO] Found 0 reports to execute in company_9jxwph8g
[2025-06-30T00:21:48.899Z] [DEBUG] Processing company database: company_ey1a4uyd
[2025-06-30T00:21:48.959Z] [DEBUG] Skipping company_ey1a4uyd: No scheduled reports collection found
[2025-06-30T00:21:48.961Z] [INFO] Scheduled reports check completed
[2025-06-30T00:21:48.966Z] [DEBUG] MongoDB connection closed
[2025-06-30T00:22:18.124Z] [INFO] Checking for scheduled reports...
[2025-06-30T00:22:18.734Z] [DEBUG] Connected to MongoDB
[2025-06-30T00:22:18.799Z] [INFO] Found 2 company databases
[2025-06-30T00:22:18.802Z] [DEBUG] Processing company database: company_9jxwph8g
[2025-06-30T00:22:18.861Z] [DEBUG] Finding reports to execute in company_9jxwph8g (current time: 2025-06-30T00:22:18.861Z)
[2025-06-30T00:22:18.917Z] [INFO] Found 0 reports to execute in company_9jxwph8g
[2025-06-30T00:22:18.919Z] [DEBUG] Processing company database: company_ey1a4uyd
[2025-06-30T00:22:18.977Z] [DEBUG] Skipping company_ey1a4uyd: No scheduled reports collection found
[2025-06-30T00:22:18.979Z] [INFO] Scheduled reports check completed
[2025-06-30T00:22:18.984Z] [DEBUG] MongoDB connection closed
[2025-06-30T00:22:48.138Z] [INFO] Checking for scheduled reports...
[2025-06-30T00:22:48.932Z] [DEBUG] Connected to MongoDB
[2025-06-30T00:22:49.001Z] [INFO] Found 2 company databases
[2025-06-30T00:22:49.003Z] [DEBUG] Processing company database: company_9jxwph8g
[2025-06-30T00:22:49.063Z] [DEBUG] Finding reports to execute in company_9jxwph8g (current time: 2025-06-30T00:22:49.063Z)
[2025-06-30T00:22:49.121Z] [INFO] Found 0 reports to execute in company_9jxwph8g
[2025-06-30T00:22:49.123Z] [DEBUG] Processing company database: company_ey1a4uyd
[2025-06-30T00:22:49.181Z] [DEBUG] Skipping company_ey1a4uyd: No scheduled reports collection found
[2025-06-30T00:22:49.183Z] [INFO] Scheduled reports check completed
[2025-06-30T00:22:49.189Z] [DEBUG] MongoDB connection closed
[2025-06-30T00:23:18.159Z] [INFO] Checking for scheduled reports...
[2025-06-30T00:23:18.746Z] [DEBUG] Connected to MongoDB
[2025-06-30T00:23:18.812Z] [INFO] Found 2 company databases
[2025-06-30T00:23:18.814Z] [DEBUG] Processing company database: company_9jxwph8g
[2025-06-30T00:23:18.873Z] [DEBUG] Finding reports to execute in company_9jxwph8g (current time: 2025-06-30T00:23:18.873Z)
[2025-06-30T00:23:18.931Z] [INFO] Found 0 reports to execute in company_9jxwph8g
[2025-06-30T00:23:18.933Z] [DEBUG] Processing company database: company_ey1a4uyd
[2025-06-30T00:23:18.992Z] [DEBUG] Skipping company_ey1a4uyd: No scheduled reports collection found
[2025-06-30T00:23:18.994Z] [INFO] Scheduled reports check completed
[2025-06-30T00:23:18.998Z] [DEBUG] MongoDB connection closed
[2025-06-30T00:23:48.181Z] [INFO] Checking for scheduled reports...
[2025-06-30T00:23:48.771Z] [DEBUG] Connected to MongoDB
[2025-06-30T00:23:48.837Z] [INFO] Found 2 company databases
[2025-06-30T00:23:48.838Z] [DEBUG] Processing company database: company_9jxwph8g
[2025-06-30T00:23:48.897Z] [DEBUG] Finding reports to execute in company_9jxwph8g (current time: 2025-06-30T00:23:48.897Z)
[2025-06-30T00:23:48.954Z] [INFO] Found 0 reports to execute in company_9jxwph8g
[2025-06-30T00:23:48.956Z] [DEBUG] Processing company database: company_ey1a4uyd
[2025-06-30T00:23:49.016Z] [DEBUG] Skipping company_ey1a4uyd: No scheduled reports collection found
[2025-06-30T00:23:49.018Z] [INFO] Scheduled reports check completed
[2025-06-30T00:23:49.023Z] [DEBUG] MongoDB connection closed
[2025-06-30T00:24:18.185Z] [INFO] Checking for scheduled reports...
[2025-06-30T00:24:18.972Z] [DEBUG] Connected to MongoDB
[2025-06-30T00:24:19.042Z] [INFO] Found 2 company databases
[2025-06-30T00:24:19.044Z] [DEBUG] Processing company database: company_9jxwph8g
[2025-06-30T00:24:19.102Z] [DEBUG] Finding reports to execute in company_9jxwph8g (current time: 2025-06-30T00:24:19.102Z)
[2025-06-30T00:24:19.160Z] [INFO] Found 0 reports to execute in company_9jxwph8g
[2025-06-30T00:24:19.163Z] [DEBUG] Processing company database: company_ey1a4uyd
[2025-06-30T00:24:19.221Z] [DEBUG] Skipping company_ey1a4uyd: No scheduled reports collection found
[2025-06-30T00:24:19.223Z] [INFO] Scheduled reports check completed
[2025-06-30T00:24:19.228Z] [DEBUG] MongoDB connection closed
[2025-06-30T00:24:48.216Z] [INFO] Checking for scheduled reports...
[2025-06-30T00:24:48.808Z] [DEBUG] Connected to MongoDB
[2025-06-30T00:24:48.875Z] [INFO] Found 2 company databases
[2025-06-30T00:24:48.877Z] [DEBUG] Processing company database: company_9jxwph8g
[2025-06-30T00:24:48.936Z] [DEBUG] Finding reports to execute in company_9jxwph8g (current time: 2025-06-30T00:24:48.936Z)
[2025-06-30T00:24:48.995Z] [INFO] Found 0 reports to execute in company_9jxwph8g
[2025-06-30T00:24:48.996Z] [DEBUG] Processing company database: company_ey1a4uyd
[2025-06-30T00:24:49.053Z] [DEBUG] Skipping company_ey1a4uyd: No scheduled reports collection found
[2025-06-30T00:24:49.055Z] [INFO] Scheduled reports check completed
[2025-06-30T00:24:49.060Z] [DEBUG] MongoDB connection closed
[2025-06-30T00:25:18.219Z] [INFO] Checking for scheduled reports...
[2025-06-30T00:25:18.809Z] [DEBUG] Connected to MongoDB
[2025-06-30T00:25:18.878Z] [INFO] Found 2 company databases
[2025-06-30T00:25:18.883Z] [DEBUG] Processing company database: company_9jxwph8g
[2025-06-30T00:25:18.942Z] [DEBUG] Finding reports to execute in company_9jxwph8g (current time: 2025-06-30T00:25:18.941Z)
[2025-06-30T00:25:19.000Z] [INFO] Found 0 reports to execute in company_9jxwph8g
[2025-06-30T00:25:19.002Z] [DEBUG] Processing company database: company_ey1a4uyd
[2025-06-30T00:25:19.061Z] [DEBUG] Skipping company_ey1a4uyd: No scheduled reports collection found
[2025-06-30T00:25:19.063Z] [INFO] Scheduled reports check completed
[2025-06-30T00:25:19.067Z] [DEBUG] MongoDB connection closed
[2025-06-30T00:25:48.223Z] [INFO] Checking for scheduled reports...
[2025-06-30T00:25:49.001Z] [DEBUG] Connected to MongoDB
[2025-06-30T00:25:49.072Z] [INFO] Found 2 company databases
[2025-06-30T00:25:49.074Z] [DEBUG] Processing company database: company_9jxwph8g
[2025-06-30T00:25:49.133Z] [DEBUG] Finding reports to execute in company_9jxwph8g (current time: 2025-06-30T00:25:49.133Z)
[2025-06-30T00:25:49.192Z] [INFO] Found 0 reports to execute in company_9jxwph8g
[2025-06-30T00:25:49.194Z] [DEBUG] Processing company database: company_ey1a4uyd
[2025-06-30T00:25:49.254Z] [DEBUG] Skipping company_ey1a4uyd: No scheduled reports collection found
[2025-06-30T00:25:49.256Z] [INFO] Scheduled reports check completed
[2025-06-30T00:25:49.261Z] [DEBUG] MongoDB connection closed
[2025-06-30T00:26:18.244Z] [INFO] Checking for scheduled reports...
[2025-06-30T00:26:18.833Z] [DEBUG] Connected to MongoDB
[2025-06-30T00:26:18.899Z] [INFO] Found 2 company databases
[2025-06-30T00:26:18.900Z] [DEBUG] Processing company database: company_9jxwph8g
[2025-06-30T00:26:18.959Z] [DEBUG] Finding reports to execute in company_9jxwph8g (current time: 2025-06-30T00:26:18.959Z)
[2025-06-30T00:26:19.018Z] [INFO] Found 0 reports to execute in company_9jxwph8g
[2025-06-30T00:26:19.021Z] [DEBUG] Processing company database: company_ey1a4uyd
[2025-06-30T00:26:19.080Z] [DEBUG] Skipping company_ey1a4uyd: No scheduled reports collection found
[2025-06-30T00:26:19.082Z] [INFO] Scheduled reports check completed
[2025-06-30T00:26:19.088Z] [DEBUG] MongoDB connection closed
[2025-06-30T00:26:48.269Z] [INFO] Checking for scheduled reports...
[2025-06-30T00:26:48.863Z] [DEBUG] Connected to MongoDB
[2025-06-30T00:26:48.930Z] [INFO] Found 2 company databases
[2025-06-30T00:26:48.931Z] [DEBUG] Processing company database: company_9jxwph8g
[2025-06-30T00:26:48.989Z] [DEBUG] Finding reports to execute in company_9jxwph8g (current time: 2025-06-30T00:26:48.989Z)
[2025-06-30T00:26:49.047Z] [INFO] Found 0 reports to execute in company_9jxwph8g
[2025-06-30T00:26:49.049Z] [DEBUG] Processing company database: company_ey1a4uyd
[2025-06-30T00:26:49.109Z] [DEBUG] Skipping company_ey1a4uyd: No scheduled reports collection found
[2025-06-30T00:26:49.111Z] [INFO] Scheduled reports check completed
[2025-06-30T00:26:49.115Z] [DEBUG] MongoDB connection closed
[2025-06-30T00:27:18.289Z] [INFO] Checking for scheduled reports...
[2025-06-30T00:27:19.114Z] [DEBUG] Connected to MongoDB
[2025-06-30T00:27:19.184Z] [INFO] Found 2 company databases
[2025-06-30T00:27:19.187Z] [DEBUG] Processing company database: company_9jxwph8g
[2025-06-30T00:27:19.246Z] [DEBUG] Finding reports to execute in company_9jxwph8g (current time: 2025-06-30T00:27:19.246Z)
[2025-06-30T00:27:19.303Z] [INFO] Found 0 reports to execute in company_9jxwph8g
[2025-06-30T00:27:19.305Z] [DEBUG] Processing company database: company_ey1a4uyd
[2025-06-30T00:27:19.363Z] [DEBUG] Skipping company_ey1a4uyd: No scheduled reports collection found
[2025-06-30T00:27:19.365Z] [INFO] Scheduled reports check completed
[2025-06-30T00:27:19.370Z] [DEBUG] MongoDB connection closed
[2025-06-30T00:27:48.311Z] [INFO] Checking for scheduled reports...
[2025-06-30T00:27:48.892Z] [DEBUG] Connected to MongoDB
[2025-06-30T00:27:48.959Z] [INFO] Found 2 company databases
[2025-06-30T00:27:48.961Z] [DEBUG] Processing company database: company_9jxwph8g
[2025-06-30T00:27:49.019Z] [DEBUG] Finding reports to execute in company_9jxwph8g (current time: 2025-06-30T00:27:49.019Z)
[2025-06-30T00:27:49.078Z] [INFO] Found 0 reports to execute in company_9jxwph8g
[2025-06-30T00:27:49.080Z] [DEBUG] Processing company database: company_ey1a4uyd
[2025-06-30T00:27:49.139Z] [DEBUG] Skipping company_ey1a4uyd: No scheduled reports collection found
[2025-06-30T00:27:49.141Z] [INFO] Scheduled reports check completed
[2025-06-30T00:27:49.146Z] [DEBUG] MongoDB connection closed
[2025-06-30T00:28:18.327Z] [INFO] Checking for scheduled reports...
[2025-06-30T00:28:18.911Z] [DEBUG] Connected to MongoDB
[2025-06-30T00:28:18.979Z] [INFO] Found 2 company databases
[2025-06-30T00:28:18.980Z] [DEBUG] Processing company database: company_9jxwph8g
[2025-06-30T00:28:19.038Z] [DEBUG] Finding reports to execute in company_9jxwph8g (current time: 2025-06-30T00:28:19.038Z)
[2025-06-30T00:28:19.097Z] [INFO] Found 0 reports to execute in company_9jxwph8g
[2025-06-30T00:28:19.100Z] [DEBUG] Processing company database: company_ey1a4uyd
[2025-06-30T00:28:19.161Z] [DEBUG] Skipping company_ey1a4uyd: No scheduled reports collection found
[2025-06-30T00:28:19.163Z] [INFO] Scheduled reports check completed
[2025-06-30T00:28:19.172Z] [DEBUG] MongoDB connection closed
[2025-06-30T00:28:48.353Z] [INFO] Checking for scheduled reports...
[2025-06-30T00:28:49.139Z] [DEBUG] Connected to MongoDB
[2025-06-30T00:28:49.210Z] [INFO] Found 2 company databases
[2025-06-30T00:28:49.212Z] [DEBUG] Processing company database: company_9jxwph8g
[2025-06-30T00:28:49.271Z] [DEBUG] Finding reports to execute in company_9jxwph8g (current time: 2025-06-30T00:28:49.271Z)
[2025-06-30T00:28:49.331Z] [INFO] Found 0 reports to execute in company_9jxwph8g
[2025-06-30T00:28:49.333Z] [DEBUG] Processing company database: company_ey1a4uyd
[2025-06-30T00:28:49.391Z] [DEBUG] Skipping company_ey1a4uyd: No scheduled reports collection found
[2025-06-30T00:28:49.393Z] [INFO] Scheduled reports check completed
[2025-06-30T00:28:49.398Z] [DEBUG] MongoDB connection closed
[2025-06-30T00:29:18.363Z] [INFO] Checking for scheduled reports...
[2025-06-30T00:29:18.959Z] [DEBUG] Connected to MongoDB
[2025-06-30T00:29:19.027Z] [INFO] Found 2 company databases
[2025-06-30T00:29:19.028Z] [DEBUG] Processing company database: company_9jxwph8g
[2025-06-30T00:29:19.088Z] [DEBUG] Finding reports to execute in company_9jxwph8g (current time: 2025-06-30T00:29:19.088Z)
[2025-06-30T00:29:19.146Z] [INFO] Found 0 reports to execute in company_9jxwph8g
[2025-06-30T00:29:19.148Z] [DEBUG] Processing company database: company_ey1a4uyd
[2025-06-30T00:29:19.207Z] [DEBUG] Skipping company_ey1a4uyd: No scheduled reports collection found
[2025-06-30T00:29:19.209Z] [INFO] Scheduled reports check completed
[2025-06-30T00:29:19.214Z] [DEBUG] MongoDB connection closed
[2025-06-30T00:29:48.374Z] [INFO] Checking for scheduled reports...
[2025-06-30T00:29:48.961Z] [DEBUG] Connected to MongoDB
[2025-06-30T00:29:49.029Z] [INFO] Found 2 company databases
[2025-06-30T00:29:49.031Z] [DEBUG] Processing company database: company_9jxwph8g
[2025-06-30T00:29:49.092Z] [DEBUG] Finding reports to execute in company_9jxwph8g (current time: 2025-06-30T00:29:49.092Z)
[2025-06-30T00:29:49.150Z] [INFO] Found 0 reports to execute in company_9jxwph8g
[2025-06-30T00:29:49.152Z] [DEBUG] Processing company database: company_ey1a4uyd
[2025-06-30T00:29:49.211Z] [DEBUG] Skipping company_ey1a4uyd: No scheduled reports collection found
[2025-06-30T00:29:49.213Z] [INFO] Scheduled reports check completed
[2025-06-30T00:29:49.217Z] [DEBUG] MongoDB connection closed
[2025-06-30T00:30:18.377Z] [INFO] Checking for scheduled reports...
[2025-06-30T00:30:19.163Z] [DEBUG] Connected to MongoDB
[2025-06-30T00:30:19.234Z] [INFO] Found 2 company databases
[2025-06-30T00:30:19.237Z] [DEBUG] Processing company database: company_9jxwph8g
[2025-06-30T00:30:19.295Z] [DEBUG] Finding reports to execute in company_9jxwph8g (current time: 2025-06-30T00:30:19.295Z)
[2025-06-30T00:30:19.352Z] [INFO] Found 0 reports to execute in company_9jxwph8g
[2025-06-30T00:30:19.355Z] [DEBUG] Processing company database: company_ey1a4uyd
[2025-06-30T00:30:19.412Z] [DEBUG] Skipping company_ey1a4uyd: No scheduled reports collection found
[2025-06-30T00:30:19.414Z] [INFO] Scheduled reports check completed
[2025-06-30T00:30:19.419Z] [DEBUG] MongoDB connection closed
[2025-06-30T00:30:48.382Z] [INFO] Checking for scheduled reports...
[2025-06-30T00:30:48.986Z] [DEBUG] Connected to MongoDB
[2025-06-30T00:30:49.053Z] [INFO] Found 2 company databases
[2025-06-30T00:30:49.055Z] [DEBUG] Processing company database: company_9jxwph8g
[2025-06-30T00:30:49.116Z] [DEBUG] Finding reports to execute in company_9jxwph8g (current time: 2025-06-30T00:30:49.116Z)
[2025-06-30T00:30:49.175Z] [INFO] Found 0 reports to execute in company_9jxwph8g
[2025-06-30T00:30:49.177Z] [DEBUG] Processing company database: company_ey1a4uyd
[2025-06-30T00:30:49.234Z] [DEBUG] Skipping company_ey1a4uyd: No scheduled reports collection found
[2025-06-30T00:30:49.236Z] [INFO] Scheduled reports check completed
[2025-06-30T00:30:49.241Z] [DEBUG] MongoDB connection closed
[2025-06-30T00:31:18.410Z] [INFO] Checking for scheduled reports...
[2025-06-30T00:31:18.999Z] [DEBUG] Connected to MongoDB
[2025-06-30T00:31:19.068Z] [INFO] Found 2 company databases
[2025-06-30T00:31:19.070Z] [DEBUG] Processing company database: company_9jxwph8g
[2025-06-30T00:31:19.129Z] [DEBUG] Finding reports to execute in company_9jxwph8g (current time: 2025-06-30T00:31:19.129Z)
[2025-06-30T00:31:19.188Z] [INFO] Found 0 reports to execute in company_9jxwph8g
[2025-06-30T00:31:19.190Z] [DEBUG] Processing company database: company_ey1a4uyd
[2025-06-30T00:31:19.249Z] [DEBUG] Skipping company_ey1a4uyd: No scheduled reports collection found
[2025-06-30T00:31:19.252Z] [INFO] Scheduled reports check completed
[2025-06-30T00:31:19.257Z] [DEBUG] MongoDB connection closed
[2025-06-30T00:31:48.412Z] [INFO] Checking for scheduled reports...
[2025-06-30T00:31:49.228Z] [DEBUG] Connected to MongoDB
[2025-06-30T00:31:49.299Z] [INFO] Found 2 company databases
[2025-06-30T00:31:49.301Z] [DEBUG] Processing company database: company_9jxwph8g
[2025-06-30T00:31:49.362Z] [DEBUG] Finding reports to execute in company_9jxwph8g (current time: 2025-06-30T00:31:49.362Z)
[2025-06-30T00:31:49.419Z] [INFO] Found 0 reports to execute in company_9jxwph8g
[2025-06-30T00:31:49.420Z] [DEBUG] Processing company database: company_ey1a4uyd
[2025-06-30T00:31:49.477Z] [DEBUG] Skipping company_ey1a4uyd: No scheduled reports collection found
[2025-06-30T00:31:49.478Z] [INFO] Scheduled reports check completed
[2025-06-30T00:31:49.483Z] [DEBUG] MongoDB connection closed
[2025-06-30T00:32:18.442Z] [INFO] Checking for scheduled reports...
[2025-06-30T00:32:19.022Z] [DEBUG] Connected to MongoDB
[2025-06-30T00:32:19.089Z] [INFO] Found 2 company databases
[2025-06-30T00:32:19.091Z] [DEBUG] Processing company database: company_9jxwph8g
[2025-06-30T00:32:19.150Z] [DEBUG] Finding reports to execute in company_9jxwph8g (current time: 2025-06-30T00:32:19.150Z)
[2025-06-30T00:32:19.209Z] [INFO] Found 0 reports to execute in company_9jxwph8g
[2025-06-30T00:32:19.211Z] [DEBUG] Processing company database: company_ey1a4uyd
[2025-06-30T00:32:19.269Z] [DEBUG] Skipping company_ey1a4uyd: No scheduled reports collection found
[2025-06-30T00:32:19.271Z] [INFO] Scheduled reports check completed
[2025-06-30T00:32:19.276Z] [DEBUG] MongoDB connection closed
[2025-06-30T00:32:48.470Z] [INFO] Checking for scheduled reports...
[2025-06-30T00:32:49.054Z] [DEBUG] Connected to MongoDB
[2025-06-30T00:32:49.121Z] [INFO] Found 2 company databases
[2025-06-30T00:32:49.123Z] [DEBUG] Processing company database: company_9jxwph8g
[2025-06-30T00:32:49.182Z] [DEBUG] Finding reports to execute in company_9jxwph8g (current time: 2025-06-30T00:32:49.182Z)
[2025-06-30T00:32:49.241Z] [INFO] Found 0 reports to execute in company_9jxwph8g
[2025-06-30T00:32:49.243Z] [DEBUG] Processing company database: company_ey1a4uyd
[2025-06-30T00:32:49.301Z] [DEBUG] Skipping company_ey1a4uyd: No scheduled reports collection found
[2025-06-30T00:32:49.303Z] [INFO] Scheduled reports check completed
[2025-06-30T00:32:49.309Z] [DEBUG] MongoDB connection closed
[2025-06-30T00:33:18.477Z] [INFO] Checking for scheduled reports...
[2025-06-30T00:33:19.252Z] [DEBUG] Connected to MongoDB
[2025-06-30T00:33:19.319Z] [INFO] Found 2 company databases
[2025-06-30T00:33:19.320Z] [DEBUG] Processing company database: company_9jxwph8g
[2025-06-30T00:33:19.375Z] [DEBUG] Finding reports to execute in company_9jxwph8g (current time: 2025-06-30T00:33:19.375Z)
[2025-06-30T00:33:19.434Z] [INFO] Found 0 reports to execute in company_9jxwph8g
[2025-06-30T00:33:19.434Z] [DEBUG] Processing company database: company_ey1a4uyd
[2025-06-30T00:33:19.488Z] [DEBUG] Skipping company_ey1a4uyd: No scheduled reports collection found
[2025-06-30T00:33:19.489Z] [INFO] Scheduled reports check completed
[2025-06-30T00:33:19.491Z] [DEBUG] MongoDB connection closed
[2025-06-30T00:33:48.482Z] [INFO] Checking for scheduled reports...
[2025-06-30T00:33:49.078Z] [DEBUG] Connected to MongoDB
[2025-06-30T00:33:49.147Z] [INFO] Found 2 company databases
[2025-06-30T00:33:49.148Z] [DEBUG] Processing company database: company_9jxwph8g
[2025-06-30T00:33:49.208Z] [DEBUG] Finding reports to execute in company_9jxwph8g (current time: 2025-06-30T00:33:49.208Z)
[2025-06-30T00:33:49.267Z] [INFO] Found 0 reports to execute in company_9jxwph8g
[2025-06-30T00:33:49.269Z] [DEBUG] Processing company database: company_ey1a4uyd
[2025-06-30T00:33:49.327Z] [DEBUG] Skipping company_ey1a4uyd: No scheduled reports collection found
[2025-06-30T00:33:49.329Z] [INFO] Scheduled reports check completed
[2025-06-30T00:33:49.335Z] [DEBUG] MongoDB connection closed
[2025-06-30T00:34:18.508Z] [INFO] Checking for scheduled reports...
[2025-06-30T00:34:19.087Z] [DEBUG] Connected to MongoDB
[2025-06-30T00:34:19.152Z] [INFO] Found 2 company databases
[2025-06-30T00:34:19.153Z] [DEBUG] Processing company database: company_9jxwph8g
[2025-06-30T00:34:19.207Z] [DEBUG] Finding reports to execute in company_9jxwph8g (current time: 2025-06-30T00:34:19.207Z)
[2025-06-30T00:34:19.259Z] [INFO] Found 0 reports to execute in company_9jxwph8g
[2025-06-30T00:34:19.261Z] [DEBUG] Processing company database: company_ey1a4uyd
[2025-06-30T00:34:19.314Z] [DEBUG] Skipping company_ey1a4uyd: No scheduled reports collection found
[2025-06-30T00:34:19.317Z] [INFO] Scheduled reports check completed
[2025-06-30T00:34:19.324Z] [DEBUG] MongoDB connection closed
[2025-06-30T00:34:48.528Z] [INFO] Checking for scheduled reports...
[2025-06-30T00:34:49.323Z] [DEBUG] Connected to MongoDB
[2025-06-30T00:34:49.388Z] [INFO] Found 2 company databases
[2025-06-30T00:34:49.391Z] [DEBUG] Processing company database: company_9jxwph8g
[2025-06-30T00:34:49.447Z] [DEBUG] Finding reports to execute in company_9jxwph8g (current time: 2025-06-30T00:34:49.447Z)
[2025-06-30T00:34:49.503Z] [INFO] Found 0 reports to execute in company_9jxwph8g
[2025-06-30T00:34:49.505Z] [DEBUG] Processing company database: company_ey1a4uyd
[2025-06-30T00:34:49.560Z] [DEBUG] Skipping company_ey1a4uyd: No scheduled reports collection found
[2025-06-30T00:34:49.564Z] [INFO] Scheduled reports check completed
[2025-06-30T00:34:49.571Z] [DEBUG] MongoDB connection closed
[2025-06-30T00:35:18.547Z] [INFO] Checking for scheduled reports...
[2025-06-30T00:35:19.119Z] [DEBUG] Connected to MongoDB
[2025-06-30T00:35:19.182Z] [INFO] Found 2 company databases
[2025-06-30T00:35:19.183Z] [DEBUG] Processing company database: company_9jxwph8g
[2025-06-30T00:35:19.236Z] [DEBUG] Finding reports to execute in company_9jxwph8g (current time: 2025-06-30T00:35:19.236Z)
[2025-06-30T00:35:19.290Z] [INFO] Found 0 reports to execute in company_9jxwph8g
[2025-06-30T00:35:19.291Z] [DEBUG] Processing company database: company_ey1a4uyd
[2025-06-30T00:35:19.343Z] [DEBUG] Skipping company_ey1a4uyd: No scheduled reports collection found
[2025-06-30T00:35:19.344Z] [INFO] Scheduled reports check completed
[2025-06-30T00:35:19.348Z] [DEBUG] MongoDB connection closed
[2025-06-30T00:35:48.613Z] [INFO] Checking for scheduled reports...
[2025-06-30T00:35:49.414Z] [DEBUG] Connected to MongoDB
[2025-06-30T00:35:49.496Z] [INFO] Found 2 company databases
[2025-06-30T00:35:49.497Z] [DEBUG] Processing company database: company_9jxwph8g
[2025-06-30T00:35:49.554Z] [DEBUG] Finding reports to execute in company_9jxwph8g (current time: 2025-06-30T00:35:49.554Z)
[2025-06-30T00:35:49.608Z] [INFO] Found 0 reports to execute in company_9jxwph8g
[2025-06-30T00:35:49.610Z] [DEBUG] Processing company database: company_ey1a4uyd
[2025-06-30T00:35:49.661Z] [DEBUG] Skipping company_ey1a4uyd: No scheduled reports collection found
[2025-06-30T00:35:49.664Z] [INFO] Scheduled reports check completed
[2025-06-30T00:35:49.672Z] [DEBUG] MongoDB connection closed
[2025-06-30T00:36:18.633Z] [INFO] Checking for scheduled reports...
[2025-06-30T00:36:19.175Z] [DEBUG] Connected to MongoDB
[2025-06-30T00:36:19.237Z] [INFO] Found 2 company databases
[2025-06-30T00:36:19.238Z] [DEBUG] Processing company database: company_9jxwph8g
[2025-06-30T00:36:19.289Z] [DEBUG] Finding reports to execute in company_9jxwph8g (current time: 2025-06-30T00:36:19.289Z)
[2025-06-30T00:36:19.353Z] [INFO] Found 0 reports to execute in company_9jxwph8g
[2025-06-30T00:36:19.360Z] [DEBUG] Processing company database: company_ey1a4uyd
[2025-06-30T00:36:19.414Z] [DEBUG] Skipping company_ey1a4uyd: No scheduled reports collection found
[2025-06-30T00:36:19.415Z] [INFO] Scheduled reports check completed
[2025-06-30T00:36:19.416Z] [DEBUG] MongoDB connection closed
[2025-06-30T00:36:48.654Z] [INFO] Checking for scheduled reports...
[2025-06-30T00:36:49.208Z] [DEBUG] Connected to MongoDB
[2025-06-30T00:36:49.277Z] [INFO] Found 2 company databases
[2025-06-30T00:36:49.278Z] [DEBUG] Processing company database: company_9jxwph8g
[2025-06-30T00:36:49.339Z] [DEBUG] Finding reports to execute in company_9jxwph8g (current time: 2025-06-30T00:36:49.339Z)
[2025-06-30T00:36:49.398Z] [INFO] Found 0 reports to execute in company_9jxwph8g
[2025-06-30T00:36:49.400Z] [DEBUG] Processing company database: company_ey1a4uyd
[2025-06-30T00:36:49.455Z] [DEBUG] Skipping company_ey1a4uyd: No scheduled reports collection found
[2025-06-30T00:36:49.456Z] [INFO] Scheduled reports check completed
[2025-06-30T00:36:49.461Z] [DEBUG] MongoDB connection closed
[2025-06-30T00:37:18.680Z] [INFO] Checking for scheduled reports...
[2025-06-30T00:37:19.265Z] [DEBUG] Connected to MongoDB
[2025-06-30T00:37:19.334Z] [INFO] Found 2 company databases
[2025-06-30T00:37:19.336Z] [DEBUG] Processing company database: company_9jxwph8g
[2025-06-30T00:37:19.401Z] [DEBUG] Finding reports to execute in company_9jxwph8g (current time: 2025-06-30T00:37:19.401Z)
[2025-06-30T00:37:19.454Z] [INFO] Found 0 reports to execute in company_9jxwph8g
[2025-06-30T00:37:19.456Z] [DEBUG] Processing company database: company_ey1a4uyd
[2025-06-30T00:37:19.512Z] [DEBUG] Skipping company_ey1a4uyd: No scheduled reports collection found
[2025-06-30T00:37:19.513Z] [INFO] Scheduled reports check completed
[2025-06-30T00:37:19.516Z] [DEBUG] MongoDB connection closed
[2025-06-30T00:37:48.702Z] [INFO] Checking for scheduled reports...
[2025-06-30T00:37:49.281Z] [DEBUG] Connected to MongoDB
[2025-06-30T00:37:49.343Z] [INFO] Found 2 company databases
[2025-06-30T00:37:49.343Z] [DEBUG] Processing company database: company_9jxwph8g
[2025-06-30T00:37:49.396Z] [DEBUG] Finding reports to execute in company_9jxwph8g (current time: 2025-06-30T00:37:49.396Z)
[2025-06-30T00:37:49.447Z] [INFO] Found 0 reports to execute in company_9jxwph8g
[2025-06-30T00:37:49.458Z] [DEBUG] Processing company database: company_ey1a4uyd
[2025-06-30T00:37:49.538Z] [DEBUG] Skipping company_ey1a4uyd: No scheduled reports collection found
[2025-06-30T00:37:49.543Z] [INFO] Scheduled reports check completed
[2025-06-30T00:37:49.575Z] [DEBUG] MongoDB connection closed
[2025-06-30T00:38:18.707Z] [INFO] Checking for scheduled reports...
[2025-06-30T00:38:19.293Z] [DEBUG] Connected to MongoDB
[2025-06-30T00:38:19.356Z] [INFO] Found 2 company databases
[2025-06-30T00:38:19.358Z] [DEBUG] Processing company database: company_9jxwph8g
[2025-06-30T00:38:19.417Z] [DEBUG] Finding reports to execute in company_9jxwph8g (current time: 2025-06-30T00:38:19.417Z)
[2025-06-30T00:38:19.468Z] [INFO] Found 0 reports to execute in company_9jxwph8g
[2025-06-30T00:38:19.469Z] [DEBUG] Processing company database: company_ey1a4uyd
[2025-06-30T00:38:19.520Z] [DEBUG] Skipping company_ey1a4uyd: No scheduled reports collection found
[2025-06-30T00:38:19.521Z] [INFO] Scheduled reports check completed
[2025-06-30T00:38:19.523Z] [DEBUG] MongoDB connection closed
[2025-06-30T00:38:48.734Z] [INFO] Checking for scheduled reports...
[2025-06-30T00:38:49.308Z] [DEBUG] Connected to MongoDB
[2025-06-30T00:38:49.376Z] [INFO] Found 2 company databases
[2025-06-30T00:38:49.379Z] [DEBUG] Processing company database: company_9jxwph8g
[2025-06-30T00:38:49.439Z] [DEBUG] Finding reports to execute in company_9jxwph8g (current time: 2025-06-30T00:38:49.439Z)
[2025-06-30T00:38:49.496Z] [INFO] Found 0 reports to execute in company_9jxwph8g
[2025-06-30T00:38:49.498Z] [DEBUG] Processing company database: company_ey1a4uyd
[2025-06-30T00:38:49.551Z] [DEBUG] Skipping company_ey1a4uyd: No scheduled reports collection found
[2025-06-30T00:38:49.553Z] [INFO] Scheduled reports check completed
[2025-06-30T00:38:49.558Z] [DEBUG] MongoDB connection closed
[2025-06-30T00:39:18.763Z] [INFO] Checking for scheduled reports...
[2025-06-30T00:39:19.729Z] [DEBUG] Connected to MongoDB
[2025-06-30T00:39:19.793Z] [INFO] Found 2 company databases
[2025-06-30T00:39:19.794Z] [DEBUG] Processing company database: company_9jxwph8g
[2025-06-30T00:39:19.850Z] [DEBUG] Finding reports to execute in company_9jxwph8g (current time: 2025-06-30T00:39:19.850Z)
[2025-06-30T00:39:19.906Z] [INFO] Found 0 reports to execute in company_9jxwph8g
[2025-06-30T00:39:19.908Z] [DEBUG] Processing company database: company_ey1a4uyd
[2025-06-30T00:39:19.963Z] [DEBUG] Skipping company_ey1a4uyd: No scheduled reports collection found
[2025-06-30T00:39:19.965Z] [INFO] Scheduled reports check completed
[2025-06-30T00:39:19.972Z] [DEBUG] MongoDB connection closed
[2025-06-30T00:39:48.787Z] [INFO] Checking for scheduled reports...
[2025-06-30T00:39:49.361Z] [DEBUG] Connected to MongoDB
[2025-06-30T00:39:49.429Z] [INFO] Found 2 company databases
[2025-06-30T00:39:49.431Z] [DEBUG] Processing company database: company_9jxwph8g
[2025-06-30T00:39:49.487Z] [DEBUG] Finding reports to execute in company_9jxwph8g (current time: 2025-06-30T00:39:49.487Z)
[2025-06-30T00:39:49.541Z] [INFO] Found 0 reports to execute in company_9jxwph8g
[2025-06-30T00:39:49.543Z] [DEBUG] Processing company database: company_ey1a4uyd
[2025-06-30T00:39:49.598Z] [DEBUG] Skipping company_ey1a4uyd: No scheduled reports collection found
[2025-06-30T00:39:49.602Z] [INFO] Scheduled reports check completed
[2025-06-30T00:39:49.608Z] [DEBUG] MongoDB connection closed
[2025-06-30T00:40:18.813Z] [INFO] Checking for scheduled reports...
[2025-06-30T00:40:19.413Z] [DEBUG] Connected to MongoDB
[2025-06-30T00:40:19.486Z] [INFO] Found 2 company databases
[2025-06-30T00:40:19.488Z] [DEBUG] Processing company database: company_9jxwph8g
[2025-06-30T00:40:19.549Z] [DEBUG] Finding reports to execute in company_9jxwph8g (current time: 2025-06-30T00:40:19.549Z)
[2025-06-30T00:40:19.616Z] [INFO] Found 0 reports to execute in company_9jxwph8g
[2025-06-30T00:40:19.619Z] [DEBUG] Processing company database: company_ey1a4uyd
[2025-06-30T00:40:19.675Z] [DEBUG] Skipping company_ey1a4uyd: No scheduled reports collection found
[2025-06-30T00:40:19.677Z] [INFO] Scheduled reports check completed
[2025-06-30T00:40:19.679Z] [DEBUG] MongoDB connection closed
[2025-06-30T00:40:48.788Z] [INFO] Checking for scheduled reports...
[2025-06-30T00:40:49.598Z] [DEBUG] Connected to MongoDB
[2025-06-30T00:40:49.670Z] [INFO] Found 2 company databases
[2025-06-30T00:40:49.673Z] [DEBUG] Processing company database: company_9jxwph8g
[2025-06-30T00:40:49.735Z] [DEBUG] Finding reports to execute in company_9jxwph8g (current time: 2025-06-30T00:40:49.735Z)
[2025-06-30T00:40:49.795Z] [INFO] Found 0 reports to execute in company_9jxwph8g
[2025-06-30T00:40:49.798Z] [DEBUG] Processing company database: company_ey1a4uyd
[2025-06-30T00:40:49.858Z] [DEBUG] Skipping company_ey1a4uyd: No scheduled reports collection found
[2025-06-30T00:40:49.860Z] [INFO] Scheduled reports check completed
[2025-06-30T00:40:49.865Z] [DEBUG] MongoDB connection closed
[2025-06-30T00:41:18.861Z] [INFO] Checking for scheduled reports...
[2025-06-30T00:41:19.456Z] [DEBUG] Connected to MongoDB
[2025-06-30T00:41:19.527Z] [INFO] Found 2 company databases
[2025-06-30T00:41:19.528Z] [DEBUG] Processing company database: company_9jxwph8g
[2025-06-30T00:41:19.586Z] [DEBUG] Finding reports to execute in company_9jxwph8g (current time: 2025-06-30T00:41:19.586Z)
[2025-06-30T00:41:19.644Z] [INFO] Found 0 reports to execute in company_9jxwph8g
[2025-06-30T00:41:19.645Z] [DEBUG] Processing company database: company_ey1a4uyd
[2025-06-30T00:41:19.703Z] [DEBUG] Skipping company_ey1a4uyd: No scheduled reports collection found
[2025-06-30T00:41:19.705Z] [INFO] Scheduled reports check completed
[2025-06-30T00:41:19.710Z] [DEBUG] MongoDB connection closed
[2025-06-30T00:41:48.882Z] [INFO] Checking for scheduled reports...
[2025-06-30T00:41:49.476Z] [DEBUG] Connected to MongoDB
[2025-06-30T00:41:49.550Z] [INFO] Found 2 company databases
[2025-06-30T00:41:49.552Z] [DEBUG] Processing company database: company_9jxwph8g
[2025-06-30T00:41:49.612Z] [DEBUG] Finding reports to execute in company_9jxwph8g (current time: 2025-06-30T00:41:49.612Z)
[2025-06-30T00:41:49.671Z] [INFO] Found 0 reports to execute in company_9jxwph8g
[2025-06-30T00:41:49.676Z] [DEBUG] Processing company database: company_ey1a4uyd
[2025-06-30T00:41:49.731Z] [DEBUG] Skipping company_ey1a4uyd: No scheduled reports collection found
[2025-06-30T00:41:49.732Z] [INFO] Scheduled reports check completed
[2025-06-30T00:41:49.734Z] [DEBUG] MongoDB connection closed
[2025-06-30T00:42:18.911Z] [INFO] Checking for scheduled reports...
[2025-06-30T00:42:19.740Z] [DEBUG] Connected to MongoDB
[2025-06-30T00:42:19.812Z] [INFO] Found 2 company databases
[2025-06-30T00:42:19.814Z] [DEBUG] Processing company database: company_9jxwph8g
[2025-06-30T00:42:19.873Z] [DEBUG] Finding reports to execute in company_9jxwph8g (current time: 2025-06-30T00:42:19.873Z)
[2025-06-30T00:42:19.935Z] [INFO] Found 0 reports to execute in company_9jxwph8g
[2025-06-30T00:42:19.937Z] [DEBUG] Processing company database: company_ey1a4uyd
[2025-06-30T00:42:19.995Z] [DEBUG] Skipping company_ey1a4uyd: No scheduled reports collection found
[2025-06-30T00:42:19.997Z] [INFO] Scheduled reports check completed
[2025-06-30T00:42:20.004Z] [DEBUG] MongoDB connection closed
[2025-06-30T00:42:48.934Z] [INFO] Checking for scheduled reports...
[2025-06-30T00:42:49.524Z] [DEBUG] Connected to MongoDB
[2025-06-30T00:42:49.597Z] [INFO] Found 2 company databases
[2025-06-30T00:42:49.599Z] [DEBUG] Processing company database: company_9jxwph8g
[2025-06-30T00:42:49.660Z] [DEBUG] Finding reports to execute in company_9jxwph8g (current time: 2025-06-30T00:42:49.660Z)
[2025-06-30T00:42:49.720Z] [INFO] Found 0 reports to execute in company_9jxwph8g
[2025-06-30T00:42:49.722Z] [DEBUG] Processing company database: company_ey1a4uyd
[2025-06-30T00:42:49.784Z] [DEBUG] Skipping company_ey1a4uyd: No scheduled reports collection found
[2025-06-30T00:42:49.786Z] [INFO] Scheduled reports check completed
[2025-06-30T00:42:49.792Z] [DEBUG] MongoDB connection closed
[2025-06-30T00:43:18.955Z] [INFO] Checking for scheduled reports...
[2025-06-30T00:43:19.629Z] [DEBUG] Connected to MongoDB
[2025-06-30T00:43:19.695Z] [INFO] Found 2 company databases
[2025-06-30T00:43:19.697Z] [DEBUG] Processing company database: company_9jxwph8g
[2025-06-30T00:43:19.752Z] [DEBUG] Finding reports to execute in company_9jxwph8g (current time: 2025-06-30T00:43:19.752Z)
[2025-06-30T00:43:19.808Z] [INFO] Found 0 reports to execute in company_9jxwph8g
[2025-06-30T00:43:19.808Z] [DEBUG] Processing company database: company_ey1a4uyd
[2025-06-30T00:43:19.862Z] [DEBUG] Skipping company_ey1a4uyd: No scheduled reports collection found
[2025-06-30T00:43:19.863Z] [INFO] Scheduled reports check completed
[2025-06-30T00:43:19.865Z] [DEBUG] MongoDB connection closed
[2025-06-30T00:43:48.967Z] [INFO] Checking for scheduled reports...
[2025-06-30T00:43:49.862Z] [DEBUG] Connected to MongoDB
[2025-06-30T00:43:49.937Z] [INFO] Found 2 company databases
[2025-06-30T00:43:49.941Z] [DEBUG] Processing company database: company_9jxwph8g
[2025-06-30T00:43:50.001Z] [DEBUG] Finding reports to execute in company_9jxwph8g (current time: 2025-06-30T00:43:50.001Z)
[2025-06-30T00:43:50.061Z] [INFO] Found 0 reports to execute in company_9jxwph8g
[2025-06-30T00:43:50.064Z] [DEBUG] Processing company database: company_ey1a4uyd
[2025-06-30T00:43:50.123Z] [DEBUG] Skipping company_ey1a4uyd: No scheduled reports collection found
[2025-06-30T00:43:50.126Z] [INFO] Scheduled reports check completed
[2025-06-30T00:43:50.133Z] [DEBUG] MongoDB connection closed
[2025-06-30T00:44:18.988Z] [INFO] Checking for scheduled reports...
[2025-06-30T00:44:19.602Z] [DEBUG] Connected to MongoDB
[2025-06-30T00:44:19.676Z] [INFO] Found 2 company databases
[2025-06-30T00:44:19.678Z] [DEBUG] Processing company database: company_9jxwph8g
[2025-06-30T00:44:19.737Z] [DEBUG] Finding reports to execute in company_9jxwph8g (current time: 2025-06-30T00:44:19.737Z)
[2025-06-30T00:44:19.795Z] [INFO] Found 0 reports to execute in company_9jxwph8g
[2025-06-30T00:44:19.800Z] [DEBUG] Processing company database: company_ey1a4uyd
[2025-06-30T00:44:19.859Z] [DEBUG] Skipping company_ey1a4uyd: No scheduled reports collection found
[2025-06-30T00:44:19.861Z] [INFO] Scheduled reports check completed
[2025-06-30T00:44:19.868Z] [DEBUG] MongoDB connection closed
[2025-06-30T00:44:49.013Z] [INFO] Checking for scheduled reports...
[2025-06-30T00:44:49.636Z] [DEBUG] Connected to MongoDB
[2025-06-30T00:44:49.708Z] [INFO] Found 2 company databases
[2025-06-30T00:44:49.710Z] [DEBUG] Processing company database: company_9jxwph8g
[2025-06-30T00:44:49.769Z] [DEBUG] Finding reports to execute in company_9jxwph8g (current time: 2025-06-30T00:44:49.769Z)
[2025-06-30T00:44:49.828Z] [INFO] Found 0 reports to execute in company_9jxwph8g
[2025-06-30T00:44:49.833Z] [DEBUG] Processing company database: company_ey1a4uyd
[2025-06-30T00:44:49.892Z] [DEBUG] Skipping company_ey1a4uyd: No scheduled reports collection found
[2025-06-30T00:44:49.896Z] [INFO] Scheduled reports check completed
[2025-06-30T00:44:49.914Z] [DEBUG] MongoDB connection closed
[2025-06-30T00:45:19.035Z] [INFO] Checking for scheduled reports...
[2025-06-30T00:45:19.906Z] [DEBUG] Connected to MongoDB
[2025-06-30T00:45:19.977Z] [INFO] Found 2 company databases
[2025-06-30T00:45:19.979Z] [DEBUG] Processing company database: company_9jxwph8g
[2025-06-30T00:45:20.043Z] [DEBUG] Finding reports to execute in company_9jxwph8g (current time: 2025-06-30T00:45:20.043Z)
[2025-06-30T00:45:20.100Z] [INFO] Found 0 reports to execute in company_9jxwph8g
[2025-06-30T00:45:20.101Z] [DEBUG] Processing company database: company_ey1a4uyd
[2025-06-30T00:45:20.158Z] [DEBUG] Skipping company_ey1a4uyd: No scheduled reports collection found
[2025-06-30T00:45:20.160Z] [INFO] Scheduled reports check completed
[2025-06-30T00:45:20.165Z] [DEBUG] MongoDB connection closed
[2025-06-30T00:45:49.040Z] [INFO] Checking for scheduled reports...
[2025-06-30T00:45:49.629Z] [DEBUG] Connected to MongoDB
[2025-06-30T00:45:49.700Z] [INFO] Found 2 company databases
[2025-06-30T00:45:49.703Z] [DEBUG] Processing company database: company_9jxwph8g
[2025-06-30T00:45:49.764Z] [DEBUG] Finding reports to execute in company_9jxwph8g (current time: 2025-06-30T00:45:49.764Z)
[2025-06-30T00:45:49.818Z] [INFO] Found 0 reports to execute in company_9jxwph8g
[2025-06-30T00:45:49.819Z] [DEBUG] Processing company database: company_ey1a4uyd
[2025-06-30T00:45:49.875Z] [DEBUG] Skipping company_ey1a4uyd: No scheduled reports collection found
[2025-06-30T00:45:49.877Z] [INFO] Scheduled reports check completed
[2025-06-30T00:45:49.881Z] [DEBUG] MongoDB connection closed
[2025-06-30T00:46:19.055Z] [INFO] Checking for scheduled reports...
[2025-06-30T00:46:19.652Z] [DEBUG] Connected to MongoDB
[2025-06-30T00:46:19.716Z] [INFO] Found 2 company databases
[2025-06-30T00:46:19.717Z] [DEBUG] Processing company database: company_9jxwph8g
[2025-06-30T00:46:19.774Z] [DEBUG] Finding reports to execute in company_9jxwph8g (current time: 2025-06-30T00:46:19.774Z)
[2025-06-30T00:46:19.828Z] [INFO] Found 0 reports to execute in company_9jxwph8g
[2025-06-30T00:46:19.829Z] [DEBUG] Processing company database: company_ey1a4uyd
[2025-06-30T00:46:19.883Z] [DEBUG] Skipping company_ey1a4uyd: No scheduled reports collection found
[2025-06-30T00:46:19.883Z] [INFO] Scheduled reports check completed
[2025-06-30T00:46:19.886Z] [DEBUG] MongoDB connection closed
[2025-06-30T00:46:49.090Z] [INFO] Checking for scheduled reports...
[2025-06-30T00:46:51.276Z] [DEBUG] Connected to MongoDB
[2025-06-30T00:46:51.353Z] [INFO] Found 2 company databases
[2025-06-30T00:46:51.366Z] [DEBUG] Processing company database: company_9jxwph8g
[2025-06-30T00:46:51.446Z] [DEBUG] Finding reports to execute in company_9jxwph8g (current time: 2025-06-30T00:46:51.446Z)
[2025-06-30T00:46:51.553Z] [INFO] Found 0 reports to execute in company_9jxwph8g
[2025-06-30T00:46:51.559Z] [DEBUG] Processing company database: company_ey1a4uyd
[2025-06-30T00:46:51.640Z] [DEBUG] Skipping company_ey1a4uyd: No scheduled reports collection found
[2025-06-30T00:46:51.697Z] [INFO] Scheduled reports check completed
[2025-06-30T00:46:51.819Z] [DEBUG] MongoDB connection closed
[2025-06-30T00:47:19.100Z] [INFO] Checking for scheduled reports...
[2025-06-30T00:47:19.722Z] [DEBUG] Connected to MongoDB
[2025-06-30T00:47:19.791Z] [INFO] Found 2 company databases
[2025-06-30T00:47:19.794Z] [DEBUG] Processing company database: company_9jxwph8g
[2025-06-30T00:47:19.852Z] [DEBUG] Finding reports to execute in company_9jxwph8g (current time: 2025-06-30T00:47:19.852Z)
[2025-06-30T00:47:19.912Z] [INFO] Found 0 reports to execute in company_9jxwph8g
[2025-06-30T00:47:19.914Z] [DEBUG] Processing company database: company_ey1a4uyd
[2025-06-30T00:47:19.972Z] [DEBUG] Skipping company_ey1a4uyd: No scheduled reports collection found
[2025-06-30T00:47:19.974Z] [INFO] Scheduled reports check completed
[2025-06-30T00:47:19.980Z] [DEBUG] MongoDB connection closed
[2025-06-30T00:47:49.112Z] [INFO] Checking for scheduled reports...
[2025-06-30T00:47:49.704Z] [DEBUG] Connected to MongoDB
[2025-06-30T00:47:49.774Z] [INFO] Found 2 company databases
[2025-06-30T00:47:49.776Z] [DEBUG] Processing company database: company_9jxwph8g
[2025-06-30T00:47:49.836Z] [DEBUG] Finding reports to execute in company_9jxwph8g (current time: 2025-06-30T00:47:49.836Z)
[2025-06-30T00:47:49.894Z] [INFO] Found 0 reports to execute in company_9jxwph8g
[2025-06-30T00:47:49.896Z] [DEBUG] Processing company database: company_ey1a4uyd
[2025-06-30T00:47:49.954Z] [DEBUG] Skipping company_ey1a4uyd: No scheduled reports collection found
[2025-06-30T00:47:49.956Z] [INFO] Scheduled reports check completed
[2025-06-30T00:47:49.961Z] [DEBUG] MongoDB connection closed
[2025-06-30T00:48:19.135Z] [INFO] Checking for scheduled reports...
[2025-06-30T00:48:20.030Z] [DEBUG] Connected to MongoDB
[2025-06-30T00:48:20.102Z] [INFO] Found 2 company databases
[2025-06-30T00:48:20.103Z] [DEBUG] Processing company database: company_9jxwph8g
[2025-06-30T00:48:20.162Z] [DEBUG] Finding reports to execute in company_9jxwph8g (current time: 2025-06-30T00:48:20.162Z)
[2025-06-30T00:48:20.223Z] [INFO] Found 0 reports to execute in company_9jxwph8g
[2025-06-30T00:48:20.226Z] [DEBUG] Processing company database: company_ey1a4uyd
[2025-06-30T00:48:20.286Z] [DEBUG] Skipping company_ey1a4uyd: No scheduled reports collection found
[2025-06-30T00:48:20.288Z] [INFO] Scheduled reports check completed
[2025-06-30T00:48:20.295Z] [DEBUG] MongoDB connection closed
[2025-06-30T00:48:49.159Z] [INFO] Checking for scheduled reports...
[2025-06-30T00:48:49.761Z] [DEBUG] Connected to MongoDB
[2025-06-30T00:48:49.829Z] [INFO] Found 2 company databases
[2025-06-30T00:48:49.830Z] [DEBUG] Processing company database: company_9jxwph8g
[2025-06-30T00:48:49.885Z] [DEBUG] Finding reports to execute in company_9jxwph8g (current time: 2025-06-30T00:48:49.885Z)
[2025-06-30T00:48:49.937Z] [INFO] Found 0 reports to execute in company_9jxwph8g
[2025-06-30T00:48:49.938Z] [DEBUG] Processing company database: company_ey1a4uyd
[2025-06-30T00:48:49.993Z] [DEBUG] Skipping company_ey1a4uyd: No scheduled reports collection found
[2025-06-30T00:48:49.996Z] [INFO] Scheduled reports check completed
[2025-06-30T00:48:50.000Z] [DEBUG] MongoDB connection closed
[2025-06-30T00:49:19.162Z] [INFO] Checking for scheduled reports...
[2025-06-30T00:49:19.748Z] [DEBUG] Connected to MongoDB
[2025-06-30T00:49:19.819Z] [INFO] Found 2 company databases
[2025-06-30T00:49:19.821Z] [DEBUG] Processing company database: company_9jxwph8g
[2025-06-30T00:49:19.879Z] [DEBUG] Finding reports to execute in company_9jxwph8g (current time: 2025-06-30T00:49:19.879Z)
[2025-06-30T00:49:19.937Z] [INFO] Found 0 reports to execute in company_9jxwph8g
[2025-06-30T00:49:19.939Z] [DEBUG] Processing company database: company_ey1a4uyd
[2025-06-30T00:49:19.997Z] [DEBUG] Skipping company_ey1a4uyd: No scheduled reports collection found
[2025-06-30T00:49:20.000Z] [INFO] Scheduled reports check completed
[2025-06-30T00:49:20.005Z] [DEBUG] MongoDB connection closed
[2025-06-30T00:49:49.183Z] [INFO] Checking for scheduled reports...
[2025-06-30T00:49:49.740Z] [DEBUG] Connected to MongoDB
[2025-06-30T00:49:49.810Z] [INFO] Found 2 company databases
[2025-06-30T00:49:49.811Z] [DEBUG] Processing company database: company_9jxwph8g
[2025-06-30T00:49:49.866Z] [DEBUG] Finding reports to execute in company_9jxwph8g (current time: 2025-06-30T00:49:49.866Z)
[2025-06-30T00:49:49.920Z] [INFO] Found 0 reports to execute in company_9jxwph8g
[2025-06-30T00:49:49.920Z] [DEBUG] Processing company database: company_ey1a4uyd
[2025-06-30T00:49:49.974Z] [DEBUG] Skipping company_ey1a4uyd: No scheduled reports collection found
[2025-06-30T00:49:49.975Z] [INFO] Scheduled reports check completed
[2025-06-30T00:49:49.977Z] [DEBUG] MongoDB connection closed
[2025-06-30T00:50:19.202Z] [INFO] Checking for scheduled reports...
[2025-06-30T00:50:19.782Z] [DEBUG] Connected to MongoDB
[2025-06-30T00:50:19.853Z] [INFO] Found 2 company databases
[2025-06-30T00:50:19.855Z] [DEBUG] Processing company database: company_9jxwph8g
[2025-06-30T00:50:19.914Z] [DEBUG] Finding reports to execute in company_9jxwph8g (current time: 2025-06-30T00:50:19.914Z)
[2025-06-30T00:50:19.971Z] [INFO] Found 0 reports to execute in company_9jxwph8g
[2025-06-30T00:50:19.973Z] [DEBUG] Processing company database: company_ey1a4uyd
[2025-06-30T00:50:20.031Z] [DEBUG] Skipping company_ey1a4uyd: No scheduled reports collection found
[2025-06-30T00:50:20.035Z] [INFO] Scheduled reports check completed
[2025-06-30T00:50:20.040Z] [DEBUG] MongoDB connection closed
[2025-06-30T00:50:49.214Z] [INFO] Checking for scheduled reports...
[2025-06-30T00:50:49.797Z] [DEBUG] Connected to MongoDB
[2025-06-30T00:50:49.869Z] [INFO] Found 2 company databases
[2025-06-30T00:50:49.889Z] [DEBUG] Processing company database: company_9jxwph8g
[2025-06-30T00:50:49.961Z] [DEBUG] Finding reports to execute in company_9jxwph8g (current time: 2025-06-30T00:50:49.961Z)
[2025-06-30T00:50:50.025Z] [INFO] Found 0 reports to execute in company_9jxwph8g
[2025-06-30T00:50:50.027Z] [DEBUG] Processing company database: company_ey1a4uyd
[2025-06-30T00:50:50.082Z] [DEBUG] Skipping company_ey1a4uyd: No scheduled reports collection found
[2025-06-30T00:50:50.083Z] [INFO] Scheduled reports check completed
[2025-06-30T00:50:50.085Z] [DEBUG] MongoDB connection closed
[2025-06-30T00:51:19.236Z] [INFO] Checking for scheduled reports...
[2025-06-30T00:51:20.021Z] [DEBUG] Connected to MongoDB
[2025-06-30T00:51:20.090Z] [INFO] Found 2 company databases
[2025-06-30T00:51:20.092Z] [DEBUG] Processing company database: company_9jxwph8g
[2025-06-30T00:51:20.151Z] [DEBUG] Finding reports to execute in company_9jxwph8g (current time: 2025-06-30T00:51:20.151Z)
[2025-06-30T00:51:20.207Z] [INFO] Found 0 reports to execute in company_9jxwph8g
[2025-06-30T00:51:20.209Z] [DEBUG] Processing company database: company_ey1a4uyd
[2025-06-30T00:51:20.264Z] [DEBUG] Skipping company_ey1a4uyd: No scheduled reports collection found
[2025-06-30T00:51:20.267Z] [INFO] Scheduled reports check completed
[2025-06-30T00:51:20.271Z] [DEBUG] MongoDB connection closed
[2025-06-30T00:51:49.258Z] [INFO] Checking for scheduled reports...
[2025-06-30T00:51:49.849Z] [DEBUG] Connected to MongoDB
[2025-06-30T00:51:49.922Z] [INFO] Found 2 company databases
[2025-06-30T00:51:49.924Z] [DEBUG] Processing company database: company_9jxwph8g
[2025-06-30T00:51:49.983Z] [DEBUG] Finding reports to execute in company_9jxwph8g (current time: 2025-06-30T00:51:49.983Z)
[2025-06-30T00:51:50.044Z] [INFO] Found 0 reports to execute in company_9jxwph8g
[2025-06-30T00:51:50.046Z] [DEBUG] Processing company database: company_ey1a4uyd
[2025-06-30T00:51:50.104Z] [DEBUG] Skipping company_ey1a4uyd: No scheduled reports collection found
[2025-06-30T00:51:50.106Z] [INFO] Scheduled reports check completed
[2025-06-30T00:51:50.110Z] [DEBUG] MongoDB connection closed
[2025-06-30T00:52:19.267Z] [INFO] Checking for scheduled reports...
[2025-06-30T00:52:19.864Z] [DEBUG] Connected to MongoDB
[2025-06-30T00:52:19.935Z] [INFO] Found 2 company databases
[2025-06-30T00:52:19.938Z] [DEBUG] Processing company database: company_9jxwph8g
[2025-06-30T00:52:19.995Z] [DEBUG] Finding reports to execute in company_9jxwph8g (current time: 2025-06-30T00:52:19.995Z)
[2025-06-30T00:52:20.055Z] [INFO] Found 0 reports to execute in company_9jxwph8g
[2025-06-30T00:52:20.057Z] [DEBUG] Processing company database: company_ey1a4uyd
[2025-06-30T00:52:20.116Z] [DEBUG] Skipping company_ey1a4uyd: No scheduled reports collection found
[2025-06-30T00:52:20.118Z] [INFO] Scheduled reports check completed
[2025-06-30T00:52:20.123Z] [DEBUG] MongoDB connection closed
[2025-06-30T00:52:49.270Z] [INFO] Checking for scheduled reports...
[2025-06-30T00:52:50.095Z] [DEBUG] Connected to MongoDB
[2025-06-30T00:52:50.163Z] [INFO] Found 2 company databases
[2025-06-30T00:52:50.168Z] [DEBUG] Processing company database: company_9jxwph8g
[2025-06-30T00:52:50.234Z] [DEBUG] Finding reports to execute in company_9jxwph8g (current time: 2025-06-30T00:52:50.233Z)
[2025-06-30T00:52:50.291Z] [INFO] Found 0 reports to execute in company_9jxwph8g
[2025-06-30T00:52:50.294Z] [DEBUG] Processing company database: company_ey1a4uyd
[2025-06-30T00:52:50.352Z] [DEBUG] Skipping company_ey1a4uyd: No scheduled reports collection found
[2025-06-30T00:52:50.354Z] [INFO] Scheduled reports check completed
[2025-06-30T00:52:50.358Z] [DEBUG] MongoDB connection closed
[2025-06-30T00:53:19.272Z] [INFO] Checking for scheduled reports...
[2025-06-30T00:53:19.861Z] [DEBUG] Connected to MongoDB
[2025-06-30T00:53:19.929Z] [INFO] Found 2 company databases
[2025-06-30T00:53:19.930Z] [DEBUG] Processing company database: company_9jxwph8g
[2025-06-30T00:53:19.985Z] [DEBUG] Finding reports to execute in company_9jxwph8g (current time: 2025-06-30T00:53:19.985Z)
[2025-06-30T00:53:20.043Z] [INFO] Found 0 reports to execute in company_9jxwph8g
[2025-06-30T00:53:20.044Z] [DEBUG] Processing company database: company_ey1a4uyd
[2025-06-30T00:53:20.098Z] [DEBUG] Skipping company_ey1a4uyd: No scheduled reports collection found
[2025-06-30T00:53:20.099Z] [INFO] Scheduled reports check completed
[2025-06-30T00:53:20.102Z] [DEBUG] MongoDB connection closed
[2025-06-30T00:53:49.287Z] [INFO] Checking for scheduled reports...
[2025-06-30T00:53:49.949Z] [DEBUG] Connected to MongoDB
[2025-06-30T00:53:50.025Z] [INFO] Found 2 company databases
[2025-06-30T00:53:50.027Z] [DEBUG] Processing company database: company_9jxwph8g
[2025-06-30T00:53:50.096Z] [DEBUG] Finding reports to execute in company_9jxwph8g (current time: 2025-06-30T00:53:50.096Z)
[2025-06-30T00:53:50.160Z] [INFO] Found 0 reports to execute in company_9jxwph8g
[2025-06-30T00:53:50.163Z] [DEBUG] Processing company database: company_ey1a4uyd
[2025-06-30T00:53:50.226Z] [DEBUG] Skipping company_ey1a4uyd: No scheduled reports collection found
[2025-06-30T00:53:50.228Z] [INFO] Scheduled reports check completed
[2025-06-30T00:53:50.231Z] [DEBUG] MongoDB connection closed
[2025-06-30T00:54:19.306Z] [INFO] Checking for scheduled reports...
[2025-06-30T00:54:20.139Z] [DEBUG] Connected to MongoDB
[2025-06-30T00:54:20.209Z] [INFO] Found 2 company databases
[2025-06-30T00:54:20.212Z] [DEBUG] Processing company database: company_9jxwph8g
[2025-06-30T00:54:20.275Z] [DEBUG] Finding reports to execute in company_9jxwph8g (current time: 2025-06-30T00:54:20.275Z)
[2025-06-30T00:54:20.338Z] [INFO] Found 0 reports to execute in company_9jxwph8g
[2025-06-30T00:54:20.340Z] [DEBUG] Processing company database: company_ey1a4uyd
[2025-06-30T00:54:20.398Z] [DEBUG] Skipping company_ey1a4uyd: No scheduled reports collection found
[2025-06-30T00:54:20.404Z] [INFO] Scheduled reports check completed
[2025-06-30T00:54:20.410Z] [DEBUG] MongoDB connection closed
[2025-06-30T00:54:49.320Z] [INFO] Checking for scheduled reports...
[2025-06-30T00:54:49.920Z] [DEBUG] Connected to MongoDB
[2025-06-30T00:54:49.989Z] [INFO] Found 2 company databases
[2025-06-30T00:54:49.992Z] [DEBUG] Processing company database: company_9jxwph8g
[2025-06-30T00:54:50.054Z] [DEBUG] Finding reports to execute in company_9jxwph8g (current time: 2025-06-30T00:54:50.054Z)
[2025-06-30T00:54:50.111Z] [INFO] Found 0 reports to execute in company_9jxwph8g
[2025-06-30T00:54:50.113Z] [DEBUG] Processing company database: company_ey1a4uyd
[2025-06-30T00:54:50.172Z] [DEBUG] Skipping company_ey1a4uyd: No scheduled reports collection found
[2025-06-30T00:54:50.174Z] [INFO] Scheduled reports check completed
[2025-06-30T00:54:50.180Z] [DEBUG] MongoDB connection closed
[2025-06-30T00:55:19.354Z] [INFO] Checking for scheduled reports...
[2025-06-30T00:55:19.962Z] [DEBUG] Connected to MongoDB
[2025-06-30T00:55:20.031Z] [INFO] Found 2 company databases
[2025-06-30T00:55:20.032Z] [DEBUG] Processing company database: company_9jxwph8g
[2025-06-30T00:55:20.091Z] [DEBUG] Finding reports to execute in company_9jxwph8g (current time: 2025-06-30T00:55:20.091Z)
[2025-06-30T00:55:20.158Z] [INFO] Found 0 reports to execute in company_9jxwph8g
[2025-06-30T00:55:20.161Z] [DEBUG] Processing company database: company_ey1a4uyd
[2025-06-30T00:55:20.223Z] [DEBUG] Skipping company_ey1a4uyd: No scheduled reports collection found
[2025-06-30T00:55:20.226Z] [INFO] Scheduled reports check completed
[2025-06-30T00:55:20.234Z] [DEBUG] MongoDB connection closed
[2025-06-30T00:55:49.360Z] [INFO] Checking for scheduled reports...
[2025-06-30T00:55:50.142Z] [DEBUG] Connected to MongoDB
[2025-06-30T00:55:50.212Z] [INFO] Found 2 company databases
[2025-06-30T00:55:50.213Z] [DEBUG] Processing company database: company_9jxwph8g
[2025-06-30T00:55:50.270Z] [DEBUG] Finding reports to execute in company_9jxwph8g (current time: 2025-06-30T00:55:50.270Z)
[2025-06-30T00:55:50.327Z] [INFO] Found 0 reports to execute in company_9jxwph8g
[2025-06-30T00:55:50.328Z] [DEBUG] Processing company database: company_ey1a4uyd
[2025-06-30T00:55:50.387Z] [DEBUG] Skipping company_ey1a4uyd: No scheduled reports collection found
[2025-06-30T00:55:50.388Z] [INFO] Scheduled reports check completed
[2025-06-30T00:55:50.393Z] [DEBUG] MongoDB connection closed
[2025-06-30T00:56:19.370Z] [INFO] Checking for scheduled reports...
[2025-06-30T00:56:19.967Z] [DEBUG] Connected to MongoDB
[2025-06-30T00:56:20.036Z] [INFO] Found 2 company databases
[2025-06-30T00:56:20.039Z] [DEBUG] Processing company database: company_9jxwph8g
[2025-06-30T00:56:20.097Z] [DEBUG] Finding reports to execute in company_9jxwph8g (current time: 2025-06-30T00:56:20.097Z)
[2025-06-30T00:56:20.161Z] [INFO] Found 0 reports to execute in company_9jxwph8g
[2025-06-30T00:56:20.163Z] [DEBUG] Processing company database: company_ey1a4uyd
[2025-06-30T00:56:20.224Z] [DEBUG] Skipping company_ey1a4uyd: No scheduled reports collection found
[2025-06-30T00:56:20.226Z] [INFO] Scheduled reports check completed
[2025-06-30T00:56:20.231Z] [DEBUG] MongoDB connection closed
[2025-06-30T00:56:49.395Z] [INFO] Checking for scheduled reports...
[2025-06-30T00:56:50.004Z] [DEBUG] Connected to MongoDB
[2025-06-30T00:56:50.076Z] [INFO] Found 2 company databases
[2025-06-30T00:56:50.078Z] [DEBUG] Processing company database: company_9jxwph8g
[2025-06-30T00:56:50.146Z] [DEBUG] Finding reports to execute in company_9jxwph8g (current time: 2025-06-30T00:56:50.146Z)
[2025-06-30T00:56:50.204Z] [INFO] Found 0 reports to execute in company_9jxwph8g
[2025-06-30T00:56:50.206Z] [DEBUG] Processing company database: company_ey1a4uyd
[2025-06-30T00:56:50.263Z] [DEBUG] Skipping company_ey1a4uyd: No scheduled reports collection found
[2025-06-30T00:56:50.265Z] [INFO] Scheduled reports check completed
[2025-06-30T00:56:50.270Z] [DEBUG] MongoDB connection closed
[2025-06-30T00:57:19.398Z] [INFO] Checking for scheduled reports...
[2025-06-30T00:57:20.214Z] [DEBUG] Connected to MongoDB
[2025-06-30T00:57:20.285Z] [INFO] Found 2 company databases
[2025-06-30T00:57:20.287Z] [DEBUG] Processing company database: company_9jxwph8g
[2025-06-30T00:57:20.350Z] [DEBUG] Finding reports to execute in company_9jxwph8g (current time: 2025-06-30T00:57:20.350Z)
[2025-06-30T00:57:20.411Z] [INFO] Found 0 reports to execute in company_9jxwph8g
[2025-06-30T00:57:20.412Z] [DEBUG] Processing company database: company_ey1a4uyd
[2025-06-30T00:57:20.737Z] [DEBUG] Skipping company_ey1a4uyd: No scheduled reports collection found
[2025-06-30T00:57:20.748Z] [INFO] Scheduled reports check completed
[2025-06-30T00:57:20.755Z] [DEBUG] MongoDB connection closed
[2025-06-30T00:57:49.402Z] [INFO] Checking for scheduled reports...
[2025-06-30T00:57:50.009Z] [DEBUG] Connected to MongoDB
[2025-06-30T00:57:50.084Z] [INFO] Found 2 company databases
[2025-06-30T00:57:50.086Z] [DEBUG] Processing company database: company_9jxwph8g
[2025-06-30T00:57:50.145Z] [DEBUG] Finding reports to execute in company_9jxwph8g (current time: 2025-06-30T00:57:50.145Z)
[2025-06-30T00:57:50.207Z] [INFO] Found 0 reports to execute in company_9jxwph8g
[2025-06-30T00:57:50.210Z] [DEBUG] Processing company database: company_ey1a4uyd
[2025-06-30T00:57:50.270Z] [DEBUG] Skipping company_ey1a4uyd: No scheduled reports collection found
[2025-06-30T00:57:50.272Z] [INFO] Scheduled reports check completed
[2025-06-30T00:57:50.278Z] [DEBUG] MongoDB connection closed
[2025-06-30T00:58:19.429Z] [INFO] Checking for scheduled reports...
[2025-06-30T00:58:20.043Z] [DEBUG] Connected to MongoDB
[2025-06-30T00:58:20.114Z] [INFO] Found 2 company databases
[2025-06-30T00:58:20.116Z] [DEBUG] Processing company database: company_9jxwph8g
[2025-06-30T00:58:20.175Z] [DEBUG] Finding reports to execute in company_9jxwph8g (current time: 2025-06-30T00:58:20.175Z)
[2025-06-30T00:58:20.232Z] [INFO] Found 0 reports to execute in company_9jxwph8g
[2025-06-30T00:58:20.233Z] [DEBUG] Processing company database: company_ey1a4uyd
[2025-06-30T00:58:20.290Z] [DEBUG] Skipping company_ey1a4uyd: No scheduled reports collection found
[2025-06-30T00:58:20.291Z] [INFO] Scheduled reports check completed
[2025-06-30T00:58:20.296Z] [DEBUG] MongoDB connection closed
[2025-06-30T00:58:49.453Z] [INFO] Checking for scheduled reports...
[2025-06-30T00:58:50.055Z] [DEBUG] Connected to MongoDB
[2025-06-30T00:58:50.125Z] [INFO] Found 2 company databases
[2025-06-30T00:58:50.125Z] [DEBUG] Processing company database: company_9jxwph8g
[2025-06-30T00:58:50.181Z] [DEBUG] Finding reports to execute in company_9jxwph8g (current time: 2025-06-30T00:58:50.181Z)
[2025-06-30T00:58:50.236Z] [INFO] Found 0 reports to execute in company_9jxwph8g
[2025-06-30T00:58:50.237Z] [DEBUG] Processing company database: company_ey1a4uyd
[2025-06-30T00:58:50.292Z] [DEBUG] Skipping company_ey1a4uyd: No scheduled reports collection found
[2025-06-30T00:58:50.294Z] [INFO] Scheduled reports check completed
[2025-06-30T00:58:50.300Z] [DEBUG] MongoDB connection closed
[2025-06-30T00:59:19.455Z] [INFO] Checking for scheduled reports...
[2025-06-30T00:59:20.053Z] [DEBUG] Connected to MongoDB
[2025-06-30T00:59:20.122Z] [INFO] Found 2 company databases
[2025-06-30T00:59:20.124Z] [DEBUG] Processing company database: company_9jxwph8g
[2025-06-30T00:59:20.183Z] [DEBUG] Finding reports to execute in company_9jxwph8g (current time: 2025-06-30T00:59:20.183Z)
[2025-06-30T00:59:20.240Z] [INFO] Found 0 reports to execute in company_9jxwph8g
[2025-06-30T00:59:20.242Z] [DEBUG] Processing company database: company_ey1a4uyd
[2025-06-30T00:59:20.299Z] [DEBUG] Skipping company_ey1a4uyd: No scheduled reports collection found
[2025-06-30T00:59:20.301Z] [INFO] Scheduled reports check completed
[2025-06-30T00:59:20.305Z] [DEBUG] MongoDB connection closed
[2025-06-30T00:59:49.471Z] [INFO] Checking for scheduled reports...
[2025-06-30T00:59:50.081Z] [DEBUG] Connected to MongoDB
[2025-06-30T00:59:50.157Z] [INFO] Found 2 company databases
[2025-06-30T00:59:50.161Z] [DEBUG] Processing company database: company_9jxwph8g
[2025-06-30T00:59:50.221Z] [DEBUG] Finding reports to execute in company_9jxwph8g (current time: 2025-06-30T00:59:50.221Z)
[2025-06-30T00:59:50.281Z] [INFO] Found 0 reports to execute in company_9jxwph8g
[2025-06-30T00:59:50.286Z] [DEBUG] Processing company database: company_ey1a4uyd
[2025-06-30T00:59:50.346Z] [DEBUG] Skipping company_ey1a4uyd: No scheduled reports collection found
[2025-06-30T00:59:50.347Z] [INFO] Scheduled reports check completed
[2025-06-30T00:59:50.355Z] [DEBUG] MongoDB connection closed
[2025-06-30T01:00:19.487Z] [INFO] Checking for scheduled reports...
[2025-06-30T01:00:20.363Z] [DEBUG] Connected to MongoDB
[2025-06-30T01:00:20.438Z] [INFO] Found 2 company databases
[2025-06-30T01:00:20.440Z] [DEBUG] Processing company database: company_9jxwph8g
[2025-06-30T01:00:20.501Z] [DEBUG] Finding reports to execute in company_9jxwph8g (current time: 2025-06-30T01:00:20.500Z)
[2025-06-30T01:00:20.563Z] [INFO] Found 0 reports to execute in company_9jxwph8g
[2025-06-30T01:00:20.565Z] [DEBUG] Processing company database: company_ey1a4uyd
[2025-06-30T01:00:20.624Z] [DEBUG] Skipping company_ey1a4uyd: No scheduled reports collection found
[2025-06-30T01:00:20.625Z] [INFO] Scheduled reports check completed
[2025-06-30T01:00:20.631Z] [DEBUG] MongoDB connection closed
[2025-06-30T01:00:49.497Z] [INFO] Checking for scheduled reports...
[2025-06-30T01:00:50.114Z] [DEBUG] Connected to MongoDB
[2025-06-30T01:00:50.185Z] [INFO] Found 2 company databases
[2025-06-30T01:00:50.187Z] [DEBUG] Processing company database: company_9jxwph8g
[2025-06-30T01:00:50.248Z] [DEBUG] Finding reports to execute in company_9jxwph8g (current time: 2025-06-30T01:00:50.248Z)
[2025-06-30T01:00:50.309Z] [INFO] Found 0 reports to execute in company_9jxwph8g
[2025-06-30T01:00:50.312Z] [DEBUG] Processing company database: company_ey1a4uyd
[2025-06-30T01:00:50.369Z] [DEBUG] Skipping company_ey1a4uyd: No scheduled reports collection found
[2025-06-30T01:00:50.373Z] [INFO] Scheduled reports check completed
[2025-06-30T01:00:50.378Z] [DEBUG] MongoDB connection closed
[2025-06-30T01:01:19.505Z] [INFO] Checking for scheduled reports...
[2025-06-30T01:01:20.142Z] [DEBUG] Connected to MongoDB
[2025-06-30T01:01:20.232Z] [INFO] Found 2 company databases
[2025-06-30T01:01:20.242Z] [DEBUG] Processing company database: company_9jxwph8g
[2025-06-30T01:01:20.311Z] [DEBUG] Finding reports to execute in company_9jxwph8g (current time: 2025-06-30T01:01:20.311Z)
[2025-06-30T01:01:20.374Z] [INFO] Found 0 reports to execute in company_9jxwph8g
[2025-06-30T01:01:20.378Z] [DEBUG] Processing company database: company_ey1a4uyd
[2025-06-30T01:01:20.434Z] [DEBUG] Skipping company_ey1a4uyd: No scheduled reports collection found
[2025-06-30T01:01:20.436Z] [INFO] Scheduled reports check completed
[2025-06-30T01:01:20.438Z] [DEBUG] MongoDB connection closed
[2025-06-30T01:01:49.507Z] [INFO] Checking for scheduled reports...
[2025-06-30T01:01:50.525Z] [DEBUG] Connected to MongoDB
[2025-06-30T01:01:50.728Z] [INFO] Found 2 company databases
[2025-06-30T01:01:50.736Z] [DEBUG] Processing company database: company_9jxwph8g
[2025-06-30T01:01:50.819Z] [DEBUG] Finding reports to execute in company_9jxwph8g (current time: 2025-06-30T01:01:50.819Z)
[2025-06-30T01:01:50.881Z] [INFO] Found 0 reports to execute in company_9jxwph8g
[2025-06-30T01:01:50.887Z] [DEBUG] Processing company database: company_ey1a4uyd
[2025-06-30T01:01:50.956Z] [DEBUG] Skipping company_ey1a4uyd: No scheduled reports collection found
[2025-06-30T01:01:50.958Z] [INFO] Scheduled reports check completed
[2025-06-30T01:01:50.965Z] [DEBUG] MongoDB connection closed
[2025-06-30T01:02:19.527Z] [INFO] Checking for scheduled reports...
[2025-06-30T01:02:20.394Z] [DEBUG] Connected to MongoDB
[2025-06-30T01:02:20.475Z] [INFO] Found 2 company databases
[2025-06-30T01:02:20.477Z] [DEBUG] Processing company database: company_9jxwph8g
[2025-06-30T01:02:20.568Z] [DEBUG] Finding reports to execute in company_9jxwph8g (current time: 2025-06-30T01:02:20.568Z)
[2025-06-30T01:02:20.646Z] [INFO] Found 0 reports to execute in company_9jxwph8g
[2025-06-30T01:02:20.647Z] [DEBUG] Processing company database: company_ey1a4uyd
[2025-06-30T01:02:20.718Z] [DEBUG] Skipping company_ey1a4uyd: No scheduled reports collection found
[2025-06-30T01:02:20.722Z] [INFO] Scheduled reports check completed
[2025-06-30T01:02:20.728Z] [DEBUG] MongoDB connection closed
[2025-06-30T01:02:49.549Z] [INFO] Checking for scheduled reports...
[2025-06-30T01:02:50.339Z] [DEBUG] Connected to MongoDB
[2025-06-30T01:02:50.415Z] [INFO] Found 2 company databases
[2025-06-30T01:02:50.417Z] [DEBUG] Processing company database: company_9jxwph8g
[2025-06-30T01:02:50.506Z] [DEBUG] Finding reports to execute in company_9jxwph8g (current time: 2025-06-30T01:02:50.506Z)
[2025-06-30T01:02:50.598Z] [INFO] Found 0 reports to execute in company_9jxwph8g
[2025-06-30T01:02:50.600Z] [DEBUG] Processing company database: company_ey1a4uyd
[2025-06-30T01:02:50.727Z] [DEBUG] Skipping company_ey1a4uyd: No scheduled reports collection found
[2025-06-30T01:02:50.733Z] [INFO] Scheduled reports check completed
[2025-06-30T01:02:50.736Z] [DEBUG] MongoDB connection closed
[2025-06-30T01:03:19.557Z] [INFO] Checking for scheduled reports...
[2025-06-30T01:03:20.471Z] [DEBUG] Connected to MongoDB
[2025-06-30T01:03:20.545Z] [INFO] Found 2 company databases
[2025-06-30T01:03:20.547Z] [DEBUG] Processing company database: company_9jxwph8g
[2025-06-30T01:03:20.608Z] [DEBUG] Finding reports to execute in company_9jxwph8g (current time: 2025-06-30T01:03:20.608Z)
[2025-06-30T01:03:20.676Z] [INFO] Found 0 reports to execute in company_9jxwph8g
[2025-06-30T01:03:20.678Z] [DEBUG] Processing company database: company_ey1a4uyd
[2025-06-30T01:03:20.757Z] [DEBUG] Skipping company_ey1a4uyd: No scheduled reports collection found
[2025-06-30T01:03:20.761Z] [INFO] Scheduled reports check completed
[2025-06-30T01:03:20.767Z] [DEBUG] MongoDB connection closed
[2025-06-30T01:03:49.575Z] [INFO] Checking for scheduled reports...
[2025-06-30T01:03:50.360Z] [DEBUG] Connected to MongoDB
[2025-06-30T01:03:50.430Z] [INFO] Found 2 company databases
[2025-06-30T01:03:50.433Z] [DEBUG] Processing company database: company_9jxwph8g
[2025-06-30T01:03:50.503Z] [DEBUG] Finding reports to execute in company_9jxwph8g (current time: 2025-06-30T01:03:50.503Z)
[2025-06-30T01:03:50.560Z] [INFO] Found 0 reports to execute in company_9jxwph8g
[2025-06-30T01:03:50.562Z] [DEBUG] Processing company database: company_ey1a4uyd
[2025-06-30T01:03:50.622Z] [DEBUG] Skipping company_ey1a4uyd: No scheduled reports collection found
[2025-06-30T01:03:50.623Z] [INFO] Scheduled reports check completed
[2025-06-30T01:03:50.626Z] [DEBUG] MongoDB connection closed
[2025-06-30T01:04:19.594Z] [INFO] Checking for scheduled reports...
[2025-06-30T01:04:20.277Z] [DEBUG] Connected to MongoDB
[2025-06-30T01:04:20.375Z] [INFO] Found 2 company databases
[2025-06-30T01:04:20.378Z] [DEBUG] Processing company database: company_9jxwph8g
[2025-06-30T01:04:20.440Z] [DEBUG] Finding reports to execute in company_9jxwph8g (current time: 2025-06-30T01:04:20.440Z)
[2025-06-30T01:04:20.525Z] [INFO] Found 0 reports to execute in company_9jxwph8g
[2025-06-30T01:04:20.526Z] [DEBUG] Processing company database: company_ey1a4uyd
[2025-06-30T01:04:20.584Z] [DEBUG] Skipping company_ey1a4uyd: No scheduled reports collection found
[2025-06-30T01:04:20.586Z] [INFO] Scheduled reports check completed
[2025-06-30T01:04:20.595Z] [DEBUG] MongoDB connection closed
[2025-06-30T01:04:49.612Z] [INFO] Checking for scheduled reports...
[2025-06-30T01:04:50.724Z] [DEBUG] Connected to MongoDB
[2025-06-30T01:04:50.796Z] [INFO] Found 2 company databases
[2025-06-30T01:04:50.800Z] [DEBUG] Processing company database: company_9jxwph8g
[2025-06-30T01:04:50.889Z] [DEBUG] Finding reports to execute in company_9jxwph8g (current time: 2025-06-30T01:04:50.889Z)
[2025-06-30T01:04:50.966Z] [INFO] Found 0 reports to execute in company_9jxwph8g
[2025-06-30T01:04:50.969Z] [DEBUG] Processing company database: company_ey1a4uyd
[2025-06-30T01:04:51.026Z] [DEBUG] Skipping company_ey1a4uyd: No scheduled reports collection found
[2025-06-30T01:04:51.028Z] [INFO] Scheduled reports check completed
[2025-06-30T01:04:51.031Z] [DEBUG] MongoDB connection closed
[2025-06-30T01:05:19.612Z] [INFO] Checking for scheduled reports...
[2025-06-30T01:05:20.429Z] [DEBUG] Connected to MongoDB
[2025-06-30T01:05:20.505Z] [INFO] Found 2 company databases
[2025-06-30T01:05:20.509Z] [DEBUG] Processing company database: company_9jxwph8g
[2025-06-30T01:05:20.571Z] [DEBUG] Finding reports to execute in company_9jxwph8g (current time: 2025-06-30T01:05:20.571Z)
[2025-06-30T01:05:20.643Z] [INFO] Found 0 reports to execute in company_9jxwph8g
[2025-06-30T01:05:20.646Z] [DEBUG] Processing company database: company_ey1a4uyd
[2025-06-30T01:05:20.784Z] [DEBUG] Skipping company_ey1a4uyd: No scheduled reports collection found
[2025-06-30T01:05:20.790Z] [INFO] Scheduled reports check completed
[2025-06-30T01:05:20.797Z] [DEBUG] MongoDB connection closed
[2025-06-30T01:05:49.633Z] [INFO] Checking for scheduled reports...
[2025-06-30T01:05:50.478Z] [DEBUG] Connected to MongoDB
[2025-06-30T01:05:50.554Z] [INFO] Found 2 company databases
[2025-06-30T01:05:50.555Z] [DEBUG] Processing company database: company_9jxwph8g
[2025-06-30T01:05:50.616Z] [DEBUG] Finding reports to execute in company_9jxwph8g (current time: 2025-06-30T01:05:50.616Z)
[2025-06-30T01:05:50.675Z] [INFO] Found 0 reports to execute in company_9jxwph8g
[2025-06-30T01:05:50.680Z] [DEBUG] Processing company database: company_ey1a4uyd
[2025-06-30T01:05:50.762Z] [DEBUG] Skipping company_ey1a4uyd: No scheduled reports collection found
[2025-06-30T01:05:50.765Z] [INFO] Scheduled reports check completed
[2025-06-30T01:05:50.770Z] [DEBUG] MongoDB connection closed
[2025-06-30T01:06:19.634Z] [INFO] Checking for scheduled reports...
[2025-06-30T01:06:20.514Z] [DEBUG] Connected to MongoDB
[2025-06-30T01:06:20.638Z] [INFO] Found 2 company databases
[2025-06-30T01:06:20.647Z] [DEBUG] Processing company database: company_9jxwph8g
[2025-06-30T01:06:20.785Z] [DEBUG] Finding reports to execute in company_9jxwph8g (current time: 2025-06-30T01:06:20.785Z)
[2025-06-30T01:06:20.854Z] [INFO] Found 0 reports to execute in company_9jxwph8g
[2025-06-30T01:06:20.856Z] [DEBUG] Processing company database: company_ey1a4uyd
[2025-06-30T01:06:20.927Z] [DEBUG] Skipping company_ey1a4uyd: No scheduled reports collection found
[2025-06-30T01:06:20.929Z] [INFO] Scheduled reports check completed
[2025-06-30T01:06:20.935Z] [DEBUG] MongoDB connection closed
[2025-06-30T01:06:49.655Z] [INFO] Checking for scheduled reports...
[2025-06-30T01:06:50.498Z] [DEBUG] Connected to MongoDB
[2025-06-30T01:06:50.602Z] [INFO] Found 2 company databases
[2025-06-30T01:06:50.606Z] [DEBUG] Processing company database: company_9jxwph8g
[2025-06-30T01:06:50.692Z] [DEBUG] Finding reports to execute in company_9jxwph8g (current time: 2025-06-30T01:06:50.692Z)
[2025-06-30T01:06:50.766Z] [INFO] Found 0 reports to execute in company_9jxwph8g
[2025-06-30T01:06:50.768Z] [DEBUG] Processing company database: company_ey1a4uyd
[2025-06-30T01:06:50.847Z] [DEBUG] Skipping company_ey1a4uyd: No scheduled reports collection found
[2025-06-30T01:06:50.854Z] [INFO] Scheduled reports check completed
[2025-06-30T01:06:50.860Z] [DEBUG] MongoDB connection closed
[2025-06-30T01:07:19.664Z] [INFO] Checking for scheduled reports...
[2025-06-30T01:07:20.401Z] [DEBUG] Connected to MongoDB
[2025-06-30T01:07:20.503Z] [INFO] Found 2 company databases
[2025-06-30T01:07:20.506Z] [DEBUG] Processing company database: company_9jxwph8g
[2025-06-30T01:07:20.567Z] [DEBUG] Finding reports to execute in company_9jxwph8g (current time: 2025-06-30T01:07:20.567Z)
[2025-06-30T01:07:20.628Z] [INFO] Found 0 reports to execute in company_9jxwph8g
[2025-06-30T01:07:20.631Z] [DEBUG] Processing company database: company_ey1a4uyd
[2025-06-30T01:07:20.691Z] [DEBUG] Skipping company_ey1a4uyd: No scheduled reports collection found
[2025-06-30T01:07:20.694Z] [INFO] Scheduled reports check completed
[2025-06-30T01:07:20.699Z] [DEBUG] MongoDB connection closed
[2025-06-30T01:07:49.686Z] [INFO] Checking for scheduled reports...
[2025-06-30T01:07:50.697Z] [DEBUG] Connected to MongoDB
[2025-06-30T01:07:50.775Z] [INFO] Found 2 company databases
[2025-06-30T01:07:50.777Z] [DEBUG] Processing company database: company_9jxwph8g
[2025-06-30T01:07:50.837Z] [DEBUG] Finding reports to execute in company_9jxwph8g (current time: 2025-06-30T01:07:50.837Z)
[2025-06-30T01:07:50.906Z] [INFO] Found 0 reports to execute in company_9jxwph8g
[2025-06-30T01:07:50.907Z] [DEBUG] Processing company database: company_ey1a4uyd
[2025-06-30T01:07:51.093Z] [DEBUG] Skipping company_ey1a4uyd: No scheduled reports collection found
[2025-06-30T01:07:51.096Z] [INFO] Scheduled reports check completed
[2025-06-30T01:07:51.101Z] [DEBUG] MongoDB connection closed
[2025-06-30T01:08:19.706Z] [INFO] Checking for scheduled reports...
[2025-06-30T01:08:20.538Z] [DEBUG] Connected to MongoDB
[2025-06-30T01:08:20.628Z] [INFO] Found 2 company databases
[2025-06-30T01:08:20.630Z] [DEBUG] Processing company database: company_9jxwph8g
[2025-06-30T01:08:20.720Z] [DEBUG] Finding reports to execute in company_9jxwph8g (current time: 2025-06-30T01:08:20.720Z)
[2025-06-30T01:08:20.778Z] [INFO] Found 0 reports to execute in company_9jxwph8g
[2025-06-30T01:08:20.780Z] [DEBUG] Processing company database: company_ey1a4uyd
[2025-06-30T01:08:20.846Z] [DEBUG] Skipping company_ey1a4uyd: No scheduled reports collection found
[2025-06-30T01:08:20.848Z] [INFO] Scheduled reports check completed
[2025-06-30T01:08:20.853Z] [DEBUG] MongoDB connection closed
[2025-06-30T01:08:49.726Z] [INFO] Checking for scheduled reports...
[2025-06-30T01:08:50.461Z] [DEBUG] Connected to MongoDB
[2025-06-30T01:08:50.564Z] [INFO] Found 2 company databases
[2025-06-30T01:08:50.567Z] [DEBUG] Processing company database: company_9jxwph8g
[2025-06-30T01:08:50.632Z] [DEBUG] Finding reports to execute in company_9jxwph8g (current time: 2025-06-30T01:08:50.632Z)
[2025-06-30T01:08:50.716Z] [INFO] Found 0 reports to execute in company_9jxwph8g
[2025-06-30T01:08:50.718Z] [DEBUG] Processing company database: company_ey1a4uyd
[2025-06-30T01:08:50.784Z] [DEBUG] Skipping company_ey1a4uyd: No scheduled reports collection found
[2025-06-30T01:08:50.786Z] [INFO] Scheduled reports check completed
[2025-06-30T01:08:50.790Z] [DEBUG] MongoDB connection closed
[2025-06-30T01:09:19.732Z] [INFO] Checking for scheduled reports...
[2025-06-30T01:09:20.840Z] [DEBUG] Connected to MongoDB
[2025-06-30T01:09:20.926Z] [INFO] Found 2 company databases
[2025-06-30T01:09:20.928Z] [DEBUG] Processing company database: company_9jxwph8g
[2025-06-30T01:09:21.067Z] [DEBUG] Finding reports to execute in company_9jxwph8g (current time: 2025-06-30T01:09:21.067Z)
[2025-06-30T01:09:21.134Z] [INFO] Found 0 reports to execute in company_9jxwph8g
[2025-06-30T01:09:21.136Z] [DEBUG] Processing company database: company_ey1a4uyd
[2025-06-30T01:09:21.201Z] [DEBUG] Skipping company_ey1a4uyd: No scheduled reports collection found
[2025-06-30T01:09:21.203Z] [INFO] Scheduled reports check completed
[2025-06-30T01:09:21.210Z] [DEBUG] MongoDB connection closed
[2025-06-30T01:09:49.734Z] [INFO] Checking for scheduled reports...
[2025-06-30T01:09:50.549Z] [DEBUG] Connected to MongoDB
[2025-06-30T01:09:50.680Z] [INFO] Found 2 company databases
[2025-06-30T01:09:50.682Z] [DEBUG] Processing company database: company_9jxwph8g
[2025-06-30T01:09:50.741Z] [DEBUG] Finding reports to execute in company_9jxwph8g (current time: 2025-06-30T01:09:50.741Z)
[2025-06-30T01:09:50.801Z] [INFO] Found 0 reports to execute in company_9jxwph8g
[2025-06-30T01:09:50.803Z] [DEBUG] Processing company database: company_ey1a4uyd
[2025-06-30T01:09:50.860Z] [DEBUG] Skipping company_ey1a4uyd: No scheduled reports collection found
[2025-06-30T01:09:50.862Z] [INFO] Scheduled reports check completed
[2025-06-30T01:09:50.867Z] [DEBUG] MongoDB connection closed
[2025-06-30T01:10:19.751Z] [INFO] Checking for scheduled reports...
[2025-06-30T01:10:20.558Z] [DEBUG] Connected to MongoDB
[2025-06-30T01:10:20.648Z] [INFO] Found 2 company databases
[2025-06-30T01:10:20.649Z] [DEBUG] Processing company database: company_9jxwph8g
[2025-06-30T01:10:20.717Z] [DEBUG] Finding reports to execute in company_9jxwph8g (current time: 2025-06-30T01:10:20.717Z)
[2025-06-30T01:10:20.814Z] [INFO] Found 0 reports to execute in company_9jxwph8g
[2025-06-30T01:10:20.818Z] [DEBUG] Processing company database: company_ey1a4uyd
[2025-06-30T01:10:20.882Z] [DEBUG] Skipping company_ey1a4uyd: No scheduled reports collection found
[2025-06-30T01:10:20.885Z] [INFO] Scheduled reports check completed
[2025-06-30T01:10:20.889Z] [DEBUG] MongoDB connection closed
[2025-06-30T01:10:49.755Z] [INFO] Checking for scheduled reports...
[2025-06-30T01:10:50.671Z] [DEBUG] Connected to MongoDB
[2025-06-30T01:10:50.744Z] [INFO] Found 2 company databases
[2025-06-30T01:10:50.745Z] [DEBUG] Processing company database: company_9jxwph8g
[2025-06-30T01:10:50.825Z] [DEBUG] Finding reports to execute in company_9jxwph8g (current time: 2025-06-30T01:10:50.825Z)
[2025-06-30T01:10:51.001Z] [INFO] Found 0 reports to execute in company_9jxwph8g
[2025-06-30T01:10:51.004Z] [DEBUG] Processing company database: company_ey1a4uyd
[2025-06-30T01:10:51.106Z] [DEBUG] Skipping company_ey1a4uyd: No scheduled reports collection found
[2025-06-30T01:10:51.110Z] [INFO] Scheduled reports check completed
[2025-06-30T01:10:51.114Z] [DEBUG] MongoDB connection closed
[2025-06-30T01:11:19.761Z] [INFO] Checking for scheduled reports...
[2025-06-30T01:11:20.602Z] [DEBUG] Connected to MongoDB
[2025-06-30T01:11:20.749Z] [INFO] Found 2 company databases
[2025-06-30T01:11:20.752Z] [DEBUG] Processing company database: company_9jxwph8g
[2025-06-30T01:11:20.815Z] [DEBUG] Finding reports to execute in company_9jxwph8g (current time: 2025-06-30T01:11:20.815Z)
[2025-06-30T01:11:20.874Z] [INFO] Found 0 reports to execute in company_9jxwph8g
[2025-06-30T01:11:20.877Z] [DEBUG] Processing company database: company_ey1a4uyd
[2025-06-30T01:11:20.952Z] [DEBUG] Skipping company_ey1a4uyd: No scheduled reports collection found
[2025-06-30T01:11:20.955Z] [INFO] Scheduled reports check completed
[2025-06-30T01:11:20.959Z] [DEBUG] MongoDB connection closed
[2025-06-30T01:11:49.766Z] [INFO] Checking for scheduled reports...
[2025-06-30T01:11:50.462Z] [DEBUG] Connected to MongoDB
[2025-06-30T01:11:50.578Z] [INFO] Found 2 company databases
[2025-06-30T01:11:50.580Z] [DEBUG] Processing company database: company_9jxwph8g
[2025-06-30T01:11:50.759Z] [DEBUG] Finding reports to execute in company_9jxwph8g (current time: 2025-06-30T01:11:50.759Z)
[2025-06-30T01:11:50.818Z] [INFO] Found 0 reports to execute in company_9jxwph8g
[2025-06-30T01:11:50.819Z] [DEBUG] Processing company database: company_ey1a4uyd
[2025-06-30T01:11:50.882Z] [DEBUG] Skipping company_ey1a4uyd: No scheduled reports collection found
[2025-06-30T01:11:50.883Z] [INFO] Scheduled reports check completed
[2025-06-30T01:11:50.886Z] [DEBUG] MongoDB connection closed
[2025-06-30T01:12:19.770Z] [INFO] Checking for scheduled reports...
[2025-06-30T01:12:20.973Z] [DEBUG] Connected to MongoDB
[2025-06-30T01:12:21.088Z] [INFO] Found 2 company databases
[2025-06-30T01:12:21.090Z] [DEBUG] Processing company database: company_9jxwph8g
[2025-06-30T01:12:21.151Z] [DEBUG] Finding reports to execute in company_9jxwph8g (current time: 2025-06-30T01:12:21.151Z)
[2025-06-30T01:12:21.208Z] [INFO] Found 0 reports to execute in company_9jxwph8g
[2025-06-30T01:12:21.209Z] [DEBUG] Processing company database: company_ey1a4uyd
[2025-06-30T01:12:21.303Z] [DEBUG] Skipping company_ey1a4uyd: No scheduled reports collection found
[2025-06-30T01:12:21.304Z] [INFO] Scheduled reports check completed
[2025-06-30T01:12:21.308Z] [DEBUG] MongoDB connection closed
[2025-06-30T01:12:49.775Z] [INFO] Checking for scheduled reports...
[2025-06-30T01:12:50.815Z] [DEBUG] Connected to MongoDB
[2025-06-30T01:12:50.896Z] [INFO] Found 2 company databases
[2025-06-30T01:12:50.898Z] [DEBUG] Processing company database: company_9jxwph8g
[2025-06-30T01:12:50.966Z] [DEBUG] Finding reports to execute in company_9jxwph8g (current time: 2025-06-30T01:12:50.966Z)
[2025-06-30T01:12:51.051Z] [INFO] Found 0 reports to execute in company_9jxwph8g
[2025-06-30T01:12:51.052Z] [DEBUG] Processing company database: company_ey1a4uyd
[2025-06-30T01:12:51.127Z] [DEBUG] Skipping company_ey1a4uyd: No scheduled reports collection found
[2025-06-30T01:12:51.136Z] [INFO] Scheduled reports check completed
[2025-06-30T01:12:51.141Z] [DEBUG] MongoDB connection closed
[2025-06-30T01:13:19.784Z] [INFO] Checking for scheduled reports...
[2025-06-30T01:13:20.655Z] [DEBUG] Connected to MongoDB
[2025-06-30T01:13:20.727Z] [INFO] Found 2 company databases
[2025-06-30T01:13:20.728Z] [DEBUG] Processing company database: company_9jxwph8g
[2025-06-30T01:13:20.811Z] [DEBUG] Finding reports to execute in company_9jxwph8g (current time: 2025-06-30T01:13:20.811Z)
[2025-06-30T01:13:20.872Z] [INFO] Found 0 reports to execute in company_9jxwph8g
[2025-06-30T01:13:20.873Z] [DEBUG] Processing company database: company_ey1a4uyd
[2025-06-30T01:13:20.927Z] [DEBUG] Skipping company_ey1a4uyd: No scheduled reports collection found
[2025-06-30T01:13:20.928Z] [INFO] Scheduled reports check completed
[2025-06-30T01:13:20.930Z] [DEBUG] MongoDB connection closed
[2025-06-30T01:13:49.793Z] [INFO] Checking for scheduled reports...
[2025-06-30T01:13:50.727Z] [DEBUG] Connected to MongoDB
[2025-06-30T01:13:50.830Z] [INFO] Found 2 company databases
[2025-06-30T01:13:50.831Z] [DEBUG] Processing company database: company_9jxwph8g
[2025-06-30T01:13:50.886Z] [DEBUG] Finding reports to execute in company_9jxwph8g (current time: 2025-06-30T01:13:50.886Z)
[2025-06-30T01:13:50.948Z] [INFO] Found 0 reports to execute in company_9jxwph8g
[2025-06-30T01:13:50.950Z] [DEBUG] Processing company database: company_ey1a4uyd
[2025-06-30T01:13:51.048Z] [DEBUG] Skipping company_ey1a4uyd: No scheduled reports collection found
[2025-06-30T01:13:51.051Z] [INFO] Scheduled reports check completed
[2025-06-30T01:13:51.057Z] [DEBUG] MongoDB connection closed
[2025-06-30T01:14:19.784Z] [INFO] Checking for scheduled reports...
[2025-06-30T01:14:20.524Z] [DEBUG] Connected to MongoDB
[2025-06-30T01:14:20.605Z] [INFO] Found 2 company databases
[2025-06-30T01:14:20.606Z] [DEBUG] Processing company database: company_9jxwph8g
[2025-06-30T01:14:20.699Z] [DEBUG] Finding reports to execute in company_9jxwph8g (current time: 2025-06-30T01:14:20.699Z)
[2025-06-30T01:14:20.766Z] [INFO] Found 0 reports to execute in company_9jxwph8g
[2025-06-30T01:14:20.767Z] [DEBUG] Processing company database: company_ey1a4uyd
[2025-06-30T01:14:20.831Z] [DEBUG] Skipping company_ey1a4uyd: No scheduled reports collection found
[2025-06-30T01:14:20.833Z] [INFO] Scheduled reports check completed
[2025-06-30T01:14:20.838Z] [DEBUG] MongoDB connection closed
[2025-06-30T01:14:49.790Z] [INFO] Checking for scheduled reports...
[2025-06-30T01:14:50.513Z] [DEBUG] Connected to MongoDB
[2025-06-30T01:14:50.646Z] [INFO] Found 2 company databases
[2025-06-30T01:14:50.648Z] [DEBUG] Processing company database: company_9jxwph8g
[2025-06-30T01:14:50.710Z] [DEBUG] Finding reports to execute in company_9jxwph8g (current time: 2025-06-30T01:14:50.710Z)
[2025-06-30T01:14:50.768Z] [INFO] Found 0 reports to execute in company_9jxwph8g
[2025-06-30T01:14:50.770Z] [DEBUG] Processing company database: company_ey1a4uyd
[2025-06-30T01:14:50.838Z] [DEBUG] Skipping company_ey1a4uyd: No scheduled reports collection found
[2025-06-30T01:14:50.840Z] [INFO] Scheduled reports check completed
[2025-06-30T01:14:50.843Z] [DEBUG] MongoDB connection closed
[2025-06-30T01:15:19.795Z] [INFO] Checking for scheduled reports...
[2025-06-30T01:15:20.455Z] [DEBUG] Connected to MongoDB
[2025-06-30T01:15:20.538Z] [INFO] Found 2 company databases
[2025-06-30T01:15:20.538Z] [DEBUG] Processing company database: company_9jxwph8g
[2025-06-30T01:15:20.648Z] [DEBUG] Finding reports to execute in company_9jxwph8g (current time: 2025-06-30T01:15:20.648Z)
[2025-06-30T01:15:20.698Z] [INFO] Found 0 reports to execute in company_9jxwph8g
[2025-06-30T01:15:20.700Z] [DEBUG] Processing company database: company_ey1a4uyd
[2025-06-30T01:15:20.810Z] [DEBUG] Skipping company_ey1a4uyd: No scheduled reports collection found
[2025-06-30T01:15:20.810Z] [INFO] Scheduled reports check completed
[2025-06-30T01:15:20.812Z] [DEBUG] MongoDB connection closed
[2025-06-30T01:15:49.805Z] [INFO] Checking for scheduled reports...
[2025-06-30T01:15:50.585Z] [DEBUG] Connected to MongoDB
[2025-06-30T01:15:50.747Z] [INFO] Found 2 company databases
[2025-06-30T01:15:50.749Z] [DEBUG] Processing company database: company_9jxwph8g
[2025-06-30T01:15:50.849Z] [DEBUG] Finding reports to execute in company_9jxwph8g (current time: 2025-06-30T01:15:50.849Z)
[2025-06-30T01:15:50.902Z] [INFO] Found 0 reports to execute in company_9jxwph8g
[2025-06-30T01:15:50.904Z] [DEBUG] Processing company database: company_ey1a4uyd
[2025-06-30T01:15:50.976Z] [DEBUG] Skipping company_ey1a4uyd: No scheduled reports collection found
[2025-06-30T01:15:50.979Z] [INFO] Scheduled reports check completed
[2025-06-30T01:15:50.983Z] [DEBUG] MongoDB connection closed
[2025-06-30T01:16:19.814Z] [INFO] Checking for scheduled reports...
[2025-06-30T01:16:20.920Z] [DEBUG] Connected to MongoDB
[2025-06-30T01:16:20.988Z] [INFO] Found 2 company databases
[2025-06-30T01:16:20.989Z] [DEBUG] Processing company database: company_9jxwph8g
[2025-06-30T01:16:21.094Z] [DEBUG] Finding reports to execute in company_9jxwph8g (current time: 2025-06-30T01:16:21.094Z)
[2025-06-30T01:16:21.164Z] [INFO] Found 0 reports to execute in company_9jxwph8g
[2025-06-30T01:16:21.165Z] [DEBUG] Processing company database: company_ey1a4uyd
[2025-06-30T01:16:21.238Z] [DEBUG] Skipping company_ey1a4uyd: No scheduled reports collection found
[2025-06-30T01:16:21.239Z] [INFO] Scheduled reports check completed
[2025-06-30T01:16:21.243Z] [DEBUG] MongoDB connection closed
[2025-06-30T01:16:49.816Z] [INFO] Checking for scheduled reports...
[2025-06-30T01:16:50.924Z] [DEBUG] Connected to MongoDB
[2025-06-30T01:16:51.065Z] [INFO] Found 2 company databases
[2025-06-30T01:16:51.067Z] [DEBUG] Processing company database: company_9jxwph8g
[2025-06-30T01:16:51.163Z] [DEBUG] Finding reports to execute in company_9jxwph8g (current time: 2025-06-30T01:16:51.163Z)
[2025-06-30T01:16:51.217Z] [INFO] Found 0 reports to execute in company_9jxwph8g
[2025-06-30T01:16:51.218Z] [DEBUG] Processing company database: company_ey1a4uyd
[2025-06-30T01:16:51.301Z] [DEBUG] Skipping company_ey1a4uyd: No scheduled reports collection found
[2025-06-30T01:16:51.303Z] [INFO] Scheduled reports check completed
[2025-06-30T01:16:51.308Z] [DEBUG] MongoDB connection closed
[2025-06-30T01:17:19.872Z] [INFO] Checking for scheduled reports...
[2025-06-30T01:17:20.814Z] [DEBUG] Connected to MongoDB
[2025-06-30T01:17:20.876Z] [INFO] Found 2 company databases
[2025-06-30T01:17:20.877Z] [DEBUG] Processing company database: company_9jxwph8g
[2025-06-30T01:17:20.930Z] [DEBUG] Finding reports to execute in company_9jxwph8g (current time: 2025-06-30T01:17:20.930Z)
[2025-06-30T01:17:20.981Z] [INFO] Found 0 reports to execute in company_9jxwph8g
[2025-06-30T01:17:20.984Z] [DEBUG] Processing company database: company_ey1a4uyd
[2025-06-30T01:17:21.039Z] [DEBUG] Skipping company_ey1a4uyd: No scheduled reports collection found
[2025-06-30T01:17:21.043Z] [INFO] Scheduled reports check completed
[2025-06-30T01:17:21.048Z] [DEBUG] MongoDB connection closed
[2025-06-30T01:17:49.873Z] [INFO] Checking for scheduled reports...
[2025-06-30T01:17:50.657Z] [DEBUG] Connected to MongoDB
[2025-06-30T01:17:50.747Z] [INFO] Found 2 company databases
[2025-06-30T01:17:50.750Z] [DEBUG] Processing company database: company_9jxwph8g
[2025-06-30T01:17:50.806Z] [DEBUG] Finding reports to execute in company_9jxwph8g (current time: 2025-06-30T01:17:50.806Z)
[2025-06-30T01:17:50.858Z] [INFO] Found 0 reports to execute in company_9jxwph8g
[2025-06-30T01:17:50.860Z] [DEBUG] Processing company database: company_ey1a4uyd
[2025-06-30T01:17:50.924Z] [DEBUG] Skipping company_ey1a4uyd: No scheduled reports collection found
[2025-06-30T01:17:50.927Z] [INFO] Scheduled reports check completed
[2025-06-30T01:17:50.932Z] [DEBUG] MongoDB connection closed
[2025-06-30T01:18:19.888Z] [INFO] Checking for scheduled reports...
[2025-06-30T01:18:20.864Z] [DEBUG] Connected to MongoDB
[2025-06-30T01:18:20.941Z] [INFO] Found 2 company databases
[2025-06-30T01:18:20.943Z] [DEBUG] Processing company database: company_9jxwph8g
[2025-06-30T01:18:20.996Z] [DEBUG] Finding reports to execute in company_9jxwph8g (current time: 2025-06-30T01:18:20.996Z)
[2025-06-30T01:18:21.057Z] [INFO] Found 0 reports to execute in company_9jxwph8g
[2025-06-30T01:18:21.058Z] [DEBUG] Processing company database: company_ey1a4uyd
[2025-06-30T01:18:21.144Z] [DEBUG] Skipping company_ey1a4uyd: No scheduled reports collection found
[2025-06-30T01:18:21.145Z] [INFO] Scheduled reports check completed
[2025-06-30T01:18:21.149Z] [DEBUG] MongoDB connection closed
[2025-06-30T01:18:49.905Z] [INFO] Checking for scheduled reports...
[2025-06-30T01:18:50.563Z] [DEBUG] Connected to MongoDB
[2025-06-30T01:18:50.636Z] [INFO] Found 2 company databases
[2025-06-30T01:18:50.638Z] [DEBUG] Processing company database: company_9jxwph8g
[2025-06-30T01:18:50.694Z] [DEBUG] Finding reports to execute in company_9jxwph8g (current time: 2025-06-30T01:18:50.694Z)
[2025-06-30T01:18:50.750Z] [INFO] Found 0 reports to execute in company_9jxwph8g
[2025-06-30T01:18:50.752Z] [DEBUG] Processing company database: company_ey1a4uyd
[2025-06-30T01:18:50.810Z] [DEBUG] Skipping company_ey1a4uyd: No scheduled reports collection found
[2025-06-30T01:18:50.814Z] [INFO] Scheduled reports check completed
[2025-06-30T01:18:50.822Z] [DEBUG] MongoDB connection closed
[2025-06-30T01:19:19.929Z] [INFO] Checking for scheduled reports...
[2025-06-30T01:19:20.616Z] [DEBUG] Connected to MongoDB
[2025-06-30T01:19:20.699Z] [INFO] Found 2 company databases
[2025-06-30T01:19:20.700Z] [DEBUG] Processing company database: company_9jxwph8g
[2025-06-30T01:19:20.766Z] [DEBUG] Finding reports to execute in company_9jxwph8g (current time: 2025-06-30T01:19:20.766Z)
[2025-06-30T01:19:20.860Z] [INFO] Found 0 reports to execute in company_9jxwph8g
[2025-06-30T01:19:20.862Z] [DEBUG] Processing company database: company_ey1a4uyd
[2025-06-30T01:19:20.938Z] [DEBUG] Skipping company_ey1a4uyd: No scheduled reports collection found
[2025-06-30T01:19:20.939Z] [INFO] Scheduled reports check completed
[2025-06-30T01:19:20.944Z] [DEBUG] MongoDB connection closed
[2025-06-30T01:19:49.953Z] [INFO] Checking for scheduled reports...
[2025-06-30T01:19:50.863Z] [DEBUG] Connected to MongoDB
[2025-06-30T01:19:50.937Z] [INFO] Found 2 company databases
[2025-06-30T01:19:50.938Z] [DEBUG] Processing company database: company_9jxwph8g
[2025-06-30T01:19:50.991Z] [DEBUG] Finding reports to execute in company_9jxwph8g (current time: 2025-06-30T01:19:50.991Z)
[2025-06-30T01:19:51.043Z] [INFO] Found 0 reports to execute in company_9jxwph8g
[2025-06-30T01:19:51.044Z] [DEBUG] Processing company database: company_ey1a4uyd
[2025-06-30T01:19:51.100Z] [DEBUG] Skipping company_ey1a4uyd: No scheduled reports collection found
[2025-06-30T01:19:51.103Z] [INFO] Scheduled reports check completed
[2025-06-30T01:19:51.106Z] [DEBUG] MongoDB connection closed
[2025-06-30T01:20:19.960Z] [INFO] Checking for scheduled reports...
[2025-06-30T01:20:20.944Z] [DEBUG] Connected to MongoDB
[2025-06-30T01:20:21.014Z] [INFO] Found 2 company databases
[2025-06-30T01:20:21.015Z] [DEBUG] Processing company database: company_9jxwph8g
[2025-06-30T01:20:21.086Z] [DEBUG] Finding reports to execute in company_9jxwph8g (current time: 2025-06-30T01:20:21.086Z)
[2025-06-30T01:20:21.145Z] [INFO] Found 0 reports to execute in company_9jxwph8g
[2025-06-30T01:20:21.146Z] [DEBUG] Processing company database: company_ey1a4uyd
[2025-06-30T01:20:21.206Z] [DEBUG] Skipping company_ey1a4uyd: No scheduled reports collection found
[2025-06-30T01:20:21.207Z] [INFO] Scheduled reports check completed
[2025-06-30T01:20:21.212Z] [DEBUG] MongoDB connection closed
[2025-06-30T01:20:49.982Z] [INFO] Checking for scheduled reports...
[2025-06-30T01:20:50.764Z] [DEBUG] Connected to MongoDB
[2025-06-30T01:20:50.996Z] [INFO] Found 2 company databases
[2025-06-30T01:20:50.998Z] [DEBUG] Processing company database: company_9jxwph8g
[2025-06-30T01:20:51.056Z] [DEBUG] Finding reports to execute in company_9jxwph8g (current time: 2025-06-30T01:20:51.056Z)
[2025-06-30T01:20:51.136Z] [INFO] Found 0 reports to execute in company_9jxwph8g
[2025-06-30T01:20:51.139Z] [DEBUG] Processing company database: company_ey1a4uyd
[2025-06-30T01:20:51.266Z] [DEBUG] Skipping company_ey1a4uyd: No scheduled reports collection found
[2025-06-30T01:20:51.267Z] [INFO] Scheduled reports check completed
[2025-06-30T01:20:51.270Z] [DEBUG] MongoDB connection closed
[2025-06-30T01:21:20.005Z] [INFO] Checking for scheduled reports...
[2025-06-30T01:21:20.964Z] [DEBUG] Connected to MongoDB
[2025-06-30T01:21:21.046Z] [INFO] Found 2 company databases
[2025-06-30T01:21:21.049Z] [DEBUG] Processing company database: company_9jxwph8g
[2025-06-30T01:21:21.109Z] [DEBUG] Finding reports to execute in company_9jxwph8g (current time: 2025-06-30T01:21:21.109Z)
[2025-06-30T01:21:21.166Z] [INFO] Found 0 reports to execute in company_9jxwph8g
[2025-06-30T01:21:21.167Z] [DEBUG] Processing company database: company_ey1a4uyd
[2025-06-30T01:21:21.253Z] [DEBUG] Skipping company_ey1a4uyd: No scheduled reports collection found
[2025-06-30T01:21:21.256Z] [INFO] Scheduled reports check completed
[2025-06-30T01:21:21.262Z] [DEBUG] MongoDB connection closed
[2025-06-30T01:21:50.009Z] [INFO] Checking for scheduled reports...
[2025-06-30T01:21:50.759Z] [DEBUG] Connected to MongoDB
[2025-06-30T01:21:50.838Z] [INFO] Found 2 company databases
[2025-06-30T01:21:50.840Z] [DEBUG] Processing company database: company_9jxwph8g
[2025-06-30T01:21:50.913Z] [DEBUG] Finding reports to execute in company_9jxwph8g (current time: 2025-06-30T01:21:50.913Z)
[2025-06-30T01:21:51.037Z] [INFO] Found 0 reports to execute in company_9jxwph8g
[2025-06-30T01:21:51.040Z] [DEBUG] Processing company database: company_ey1a4uyd
[2025-06-30T01:21:51.098Z] [DEBUG] Skipping company_ey1a4uyd: No scheduled reports collection found
[2025-06-30T01:21:51.100Z] [INFO] Scheduled reports check completed
[2025-06-30T01:21:51.105Z] [DEBUG] MongoDB connection closed
[2025-06-30T01:22:20.017Z] [INFO] Checking for scheduled reports...
[2025-06-30T01:22:20.918Z] [DEBUG] Connected to MongoDB
[2025-06-30T01:22:20.990Z] [INFO] Found 2 company databases
[2025-06-30T01:22:20.993Z] [DEBUG] Processing company database: company_9jxwph8g
[2025-06-30T01:22:21.074Z] [DEBUG] Finding reports to execute in company_9jxwph8g (current time: 2025-06-30T01:22:21.074Z)
[2025-06-30T01:22:21.197Z] [INFO] Found 0 reports to execute in company_9jxwph8g
[2025-06-30T01:22:21.199Z] [DEBUG] Processing company database: company_ey1a4uyd
[2025-06-30T01:22:21.324Z] [DEBUG] Skipping company_ey1a4uyd: No scheduled reports collection found
[2025-06-30T01:22:21.334Z] [INFO] Scheduled reports check completed
[2025-06-30T01:22:21.338Z] [DEBUG] MongoDB connection closed
[2025-06-30T01:22:50.039Z] [INFO] Checking for scheduled reports...
[2025-06-30T01:22:51.078Z] [DEBUG] Connected to MongoDB
[2025-06-30T01:22:51.156Z] [INFO] Found 2 company databases
[2025-06-30T01:22:51.160Z] [DEBUG] Processing company database: company_9jxwph8g
[2025-06-30T01:22:51.221Z] [DEBUG] Finding reports to execute in company_9jxwph8g (current time: 2025-06-30T01:22:51.221Z)
[2025-06-30T01:22:51.277Z] [INFO] Found 0 reports to execute in company_9jxwph8g
[2025-06-30T01:22:51.279Z] [DEBUG] Processing company database: company_ey1a4uyd
[2025-06-30T01:22:51.336Z] [DEBUG] Skipping company_ey1a4uyd: No scheduled reports collection found
[2025-06-30T01:22:51.338Z] [INFO] Scheduled reports check completed
[2025-06-30T01:22:51.343Z] [DEBUG] MongoDB connection closed
[2025-06-30T01:23:20.051Z] [INFO] Checking for scheduled reports...
[2025-06-30T01:23:21.032Z] [DEBUG] Connected to MongoDB
[2025-06-30T01:23:21.150Z] [INFO] Found 2 company databases
[2025-06-30T01:23:21.151Z] [DEBUG] Processing company database: company_9jxwph8g
[2025-06-30T01:23:21.209Z] [DEBUG] Finding reports to execute in company_9jxwph8g (current time: 2025-06-30T01:23:21.209Z)
[2025-06-30T01:23:21.268Z] [INFO] Found 0 reports to execute in company_9jxwph8g
[2025-06-30T01:23:21.269Z] [DEBUG] Processing company database: company_ey1a4uyd
[2025-06-30T01:23:21.368Z] [DEBUG] Skipping company_ey1a4uyd: No scheduled reports collection found
[2025-06-30T01:23:21.370Z] [INFO] Scheduled reports check completed
[2025-06-30T01:23:21.375Z] [DEBUG] MongoDB connection closed
[2025-06-30T01:23:50.063Z] [INFO] Checking for scheduled reports...
[2025-06-30T01:23:50.856Z] [DEBUG] Connected to MongoDB
[2025-06-30T01:23:50.924Z] [INFO] Found 2 company databases
[2025-06-30T01:23:50.926Z] [DEBUG] Processing company database: company_9jxwph8g
[2025-06-30T01:23:50.988Z] [DEBUG] Finding reports to execute in company_9jxwph8g (current time: 2025-06-30T01:23:50.988Z)
[2025-06-30T01:23:51.049Z] [INFO] Found 0 reports to execute in company_9jxwph8g
[2025-06-30T01:23:51.051Z] [DEBUG] Processing company database: company_ey1a4uyd
[2025-06-30T01:23:51.111Z] [DEBUG] Skipping company_ey1a4uyd: No scheduled reports collection found
[2025-06-30T01:23:51.112Z] [INFO] Scheduled reports check completed
[2025-06-30T01:23:51.117Z] [DEBUG] MongoDB connection closed
[2025-06-30T01:24:20.084Z] [INFO] Checking for scheduled reports...
[2025-06-30T01:24:21.082Z] [DEBUG] Connected to MongoDB
[2025-06-30T01:24:21.175Z] [INFO] Found 2 company databases
[2025-06-30T01:24:21.176Z] [DEBUG] Processing company database: company_9jxwph8g
[2025-06-30T01:24:21.234Z] [DEBUG] Finding reports to execute in company_9jxwph8g (current time: 2025-06-30T01:24:21.234Z)
[2025-06-30T01:24:21.293Z] [INFO] Found 0 reports to execute in company_9jxwph8g
[2025-06-30T01:24:21.294Z] [DEBUG] Processing company database: company_ey1a4uyd
[2025-06-30T01:24:21.387Z] [DEBUG] Skipping company_ey1a4uyd: No scheduled reports collection found
[2025-06-30T01:24:21.388Z] [INFO] Scheduled reports check completed
[2025-06-30T01:24:21.393Z] [DEBUG] MongoDB connection closed
[2025-06-30T01:24:50.107Z] [INFO] Checking for scheduled reports...
[2025-06-30T01:24:50.795Z] [DEBUG] Connected to MongoDB
[2025-06-30T01:24:50.890Z] [INFO] Found 2 company databases
[2025-06-30T01:24:50.891Z] [DEBUG] Processing company database: company_9jxwph8g
[2025-06-30T01:24:50.958Z] [DEBUG] Finding reports to execute in company_9jxwph8g (current time: 2025-06-30T01:24:50.958Z)
[2025-06-30T01:24:51.020Z] [INFO] Found 0 reports to execute in company_9jxwph8g
[2025-06-30T01:24:51.021Z] [DEBUG] Processing company database: company_ey1a4uyd
[2025-06-30T01:24:51.151Z] [DEBUG] Skipping company_ey1a4uyd: No scheduled reports collection found
[2025-06-30T01:24:51.174Z] [INFO] Scheduled reports check completed
[2025-06-30T01:24:51.178Z] [DEBUG] MongoDB connection closed
[2025-06-30T01:25:20.127Z] [INFO] Checking for scheduled reports...
[2025-06-30T01:25:21.273Z] [DEBUG] Connected to MongoDB
[2025-06-30T01:25:21.346Z] [INFO] Found 2 company databases
[2025-06-30T01:25:21.347Z] [DEBUG] Processing company database: company_9jxwph8g
[2025-06-30T01:25:21.472Z] [DEBUG] Finding reports to execute in company_9jxwph8g (current time: 2025-06-30T01:25:21.472Z)
[2025-06-30T01:25:21.542Z] [INFO] Found 0 reports to execute in company_9jxwph8g
[2025-06-30T01:25:21.543Z] [DEBUG] Processing company database: company_ey1a4uyd
[2025-06-30T01:25:21.625Z] [DEBUG] Skipping company_ey1a4uyd: No scheduled reports collection found
[2025-06-30T01:25:21.626Z] [INFO] Scheduled reports check completed
[2025-06-30T01:25:21.630Z] [DEBUG] MongoDB connection closed
[2025-06-30T01:25:50.140Z] [INFO] Checking for scheduled reports...
[2025-06-30T01:25:51.089Z] [DEBUG] Connected to MongoDB
[2025-06-30T01:25:51.167Z] [INFO] Found 2 company databases
[2025-06-30T01:25:51.170Z] [DEBUG] Processing company database: company_9jxwph8g
[2025-06-30T01:25:51.237Z] [DEBUG] Finding reports to execute in company_9jxwph8g (current time: 2025-06-30T01:25:51.237Z)
[2025-06-30T01:25:51.299Z] [INFO] Found 0 reports to execute in company_9jxwph8g
[2025-06-30T01:25:51.309Z] [DEBUG] Processing company database: company_ey1a4uyd
[2025-06-30T01:25:51.407Z] [DEBUG] Skipping company_ey1a4uyd: No scheduled reports collection found
[2025-06-30T01:25:51.427Z] [INFO] Scheduled reports check completed
[2025-06-30T01:25:51.434Z] [DEBUG] MongoDB connection closed
[2025-06-30T01:26:20.161Z] [INFO] Checking for scheduled reports...
[2025-06-30T01:26:21.501Z] [DEBUG] Connected to MongoDB
[2025-06-30T01:26:21.576Z] [INFO] Found 2 company databases
[2025-06-30T01:26:21.578Z] [DEBUG] Processing company database: company_9jxwph8g
[2025-06-30T01:26:21.650Z] [DEBUG] Finding reports to execute in company_9jxwph8g (current time: 2025-06-30T01:26:21.650Z)
[2025-06-30T01:26:21.709Z] [INFO] Found 0 reports to execute in company_9jxwph8g
[2025-06-30T01:26:21.710Z] [DEBUG] Processing company database: company_ey1a4uyd
[2025-06-30T01:26:21.802Z] [DEBUG] Skipping company_ey1a4uyd: No scheduled reports collection found
[2025-06-30T01:26:21.805Z] [INFO] Scheduled reports check completed
[2025-06-30T01:26:21.808Z] [DEBUG] MongoDB connection closed
[2025-06-30T01:26:50.177Z] [INFO] Checking for scheduled reports...
[2025-06-30T01:26:50.935Z] [DEBUG] Connected to MongoDB
[2025-06-30T01:26:51.007Z] [INFO] Found 2 company databases
[2025-06-30T01:26:51.011Z] [DEBUG] Processing company database: company_9jxwph8g
[2025-06-30T01:26:51.215Z] [DEBUG] Finding reports to execute in company_9jxwph8g (current time: 2025-06-30T01:26:51.215Z)
[2025-06-30T01:26:51.287Z] [INFO] Found 0 reports to execute in company_9jxwph8g
[2025-06-30T01:26:51.288Z] [DEBUG] Processing company database: company_ey1a4uyd
[2025-06-30T01:26:51.360Z] [DEBUG] Skipping company_ey1a4uyd: No scheduled reports collection found
[2025-06-30T01:26:51.367Z] [INFO] Scheduled reports check completed
[2025-06-30T01:26:51.373Z] [DEBUG] MongoDB connection closed
[2025-06-30T01:27:20.202Z] [INFO] Checking for scheduled reports...
[2025-06-30T01:27:21.325Z] [DEBUG] Connected to MongoDB
[2025-06-30T01:27:21.400Z] [INFO] Found 2 company databases
[2025-06-30T01:27:21.402Z] [DEBUG] Processing company database: company_9jxwph8g
[2025-06-30T01:27:21.486Z] [DEBUG] Finding reports to execute in company_9jxwph8g (current time: 2025-06-30T01:27:21.486Z)
[2025-06-30T01:27:21.565Z] [INFO] Found 0 reports to execute in company_9jxwph8g
[2025-06-30T01:27:21.568Z] [DEBUG] Processing company database: company_ey1a4uyd
[2025-06-30T01:27:21.702Z] [DEBUG] Skipping company_ey1a4uyd: No scheduled reports collection found
[2025-06-30T01:27:21.703Z] [INFO] Scheduled reports check completed
[2025-06-30T01:27:21.711Z] [DEBUG] MongoDB connection closed
[2025-06-30T01:27:50.224Z] [INFO] Checking for scheduled reports...
[2025-06-30T01:27:50.952Z] [DEBUG] Connected to MongoDB
[2025-06-30T01:27:51.067Z] [INFO] Found 2 company databases
[2025-06-30T01:27:51.069Z] [DEBUG] Processing company database: company_9jxwph8g
[2025-06-30T01:27:51.139Z] [DEBUG] Finding reports to execute in company_9jxwph8g (current time: 2025-06-30T01:27:51.139Z)
[2025-06-30T01:27:51.235Z] [INFO] Found 0 reports to execute in company_9jxwph8g
[2025-06-30T01:27:51.236Z] [DEBUG] Processing company database: company_ey1a4uyd
[2025-06-30T01:27:51.352Z] [DEBUG] Skipping company_ey1a4uyd: No scheduled reports collection found
[2025-06-30T01:27:51.354Z] [INFO] Scheduled reports check completed
[2025-06-30T01:27:51.361Z] [DEBUG] MongoDB connection closed
[2025-06-30T01:28:20.229Z] [INFO] Checking for scheduled reports...
[2025-06-30T01:28:20.972Z] [DEBUG] Connected to MongoDB
[2025-06-30T01:28:21.043Z] [INFO] Found 2 company databases
[2025-06-30T01:28:21.045Z] [DEBUG] Processing company database: company_9jxwph8g
[2025-06-30T01:28:21.104Z] [DEBUG] Finding reports to execute in company_9jxwph8g (current time: 2025-06-30T01:28:21.104Z)
[2025-06-30T01:28:21.163Z] [INFO] Found 0 reports to execute in company_9jxwph8g
[2025-06-30T01:28:21.165Z] [DEBUG] Processing company database: company_ey1a4uyd
[2025-06-30T01:28:21.225Z] [DEBUG] Skipping company_ey1a4uyd: No scheduled reports collection found
[2025-06-30T01:28:21.228Z] [INFO] Scheduled reports check completed
[2025-06-30T01:28:21.234Z] [DEBUG] MongoDB connection closed
[2025-06-30T01:28:50.241Z] [INFO] Checking for scheduled reports...
[2025-06-30T01:28:51.541Z] [DEBUG] Connected to MongoDB
[2025-06-30T01:28:51.622Z] [INFO] Found 2 company databases
[2025-06-30T01:28:51.623Z] [DEBUG] Processing company database: company_9jxwph8g
[2025-06-30T01:28:51.699Z] [DEBUG] Finding reports to execute in company_9jxwph8g (current time: 2025-06-30T01:28:51.699Z)
[2025-06-30T01:28:51.770Z] [INFO] Found 0 reports to execute in company_9jxwph8g
[2025-06-30T01:28:51.773Z] [DEBUG] Processing company database: company_ey1a4uyd
[2025-06-30T01:28:51.876Z] [DEBUG] Skipping company_ey1a4uyd: No scheduled reports collection found
[2025-06-30T01:28:51.877Z] [INFO] Scheduled reports check completed
[2025-06-30T01:28:51.878Z] [DEBUG] MongoDB connection closed
[2025-06-30T01:29:20.262Z] [INFO] Checking for scheduled reports...
[2025-06-30T01:29:21.008Z] [DEBUG] Connected to MongoDB
[2025-06-30T01:29:21.087Z] [INFO] Found 2 company databases
[2025-06-30T01:29:21.090Z] [DEBUG] Processing company database: company_9jxwph8g
[2025-06-30T01:29:21.161Z] [DEBUG] Finding reports to execute in company_9jxwph8g (current time: 2025-06-30T01:29:21.161Z)
[2025-06-30T01:29:21.222Z] [INFO] Found 0 reports to execute in company_9jxwph8g
[2025-06-30T01:29:21.225Z] [DEBUG] Processing company database: company_ey1a4uyd
[2025-06-30T01:29:21.282Z] [DEBUG] Skipping company_ey1a4uyd: No scheduled reports collection found
[2025-06-30T01:29:21.283Z] [INFO] Scheduled reports check completed
[2025-06-30T01:29:21.288Z] [DEBUG] MongoDB connection closed
[2025-06-30T01:29:50.276Z] [INFO] Checking for scheduled reports...
[2025-06-30T01:29:51.215Z] [DEBUG] Connected to MongoDB
[2025-06-30T01:29:51.302Z] [INFO] Found 2 company databases
[2025-06-30T01:29:51.303Z] [DEBUG] Processing company database: company_9jxwph8g
[2025-06-30T01:29:51.362Z] [DEBUG] Finding reports to execute in company_9jxwph8g (current time: 2025-06-30T01:29:51.362Z)
[2025-06-30T01:29:51.434Z] [INFO] Found 0 reports to execute in company_9jxwph8g
[2025-06-30T01:29:51.436Z] [DEBUG] Processing company database: company_ey1a4uyd
[2025-06-30T01:29:51.495Z] [DEBUG] Skipping company_ey1a4uyd: No scheduled reports collection found
[2025-06-30T01:29:51.497Z] [INFO] Scheduled reports check completed
[2025-06-30T01:29:51.506Z] [DEBUG] MongoDB connection closed
[2025-06-30T01:30:20.289Z] [INFO] Checking for scheduled reports...
[2025-06-30T01:30:21.401Z] [DEBUG] Connected to MongoDB
[2025-06-30T01:30:21.471Z] [INFO] Found 2 company databases
[2025-06-30T01:30:21.473Z] [DEBUG] Processing company database: company_9jxwph8g
[2025-06-30T01:30:21.532Z] [DEBUG] Finding reports to execute in company_9jxwph8g (current time: 2025-06-30T01:30:21.532Z)
[2025-06-30T01:30:21.637Z] [INFO] Found 0 reports to execute in company_9jxwph8g
[2025-06-30T01:30:21.639Z] [DEBUG] Processing company database: company_ey1a4uyd
[2025-06-30T01:30:21.700Z] [DEBUG] Skipping company_ey1a4uyd: No scheduled reports collection found
[2025-06-30T01:30:21.701Z] [INFO] Scheduled reports check completed
[2025-06-30T01:30:21.703Z] [DEBUG] MongoDB connection closed
[2025-06-30T01:30:50.301Z] [INFO] Checking for scheduled reports...
[2025-06-30T01:30:51.088Z] [DEBUG] Connected to MongoDB
[2025-06-30T01:30:51.176Z] [INFO] Found 2 company databases
[2025-06-30T01:30:51.178Z] [DEBUG] Processing company database: company_9jxwph8g
[2025-06-30T01:30:51.290Z] [DEBUG] Finding reports to execute in company_9jxwph8g (current time: 2025-06-30T01:30:51.290Z)
[2025-06-30T01:30:51.394Z] [INFO] Found 0 reports to execute in company_9jxwph8g
[2025-06-30T01:30:51.397Z] [DEBUG] Processing company database: company_ey1a4uyd
[2025-06-30T01:30:51.470Z] [DEBUG] Skipping company_ey1a4uyd: No scheduled reports collection found
[2025-06-30T01:30:51.472Z] [INFO] Scheduled reports check completed
[2025-06-30T01:30:51.477Z] [DEBUG] MongoDB connection closed
[2025-06-30T01:31:20.316Z] [INFO] Checking for scheduled reports...
[2025-06-30T01:31:21.160Z] [DEBUG] Connected to MongoDB
[2025-06-30T01:31:21.261Z] [INFO] Found 2 company databases
[2025-06-30T01:31:21.265Z] [DEBUG] Processing company database: company_9jxwph8g
[2025-06-30T01:31:21.342Z] [DEBUG] Finding reports to execute in company_9jxwph8g (current time: 2025-06-30T01:31:21.342Z)
[2025-06-30T01:31:21.416Z] [INFO] Found 0 reports to execute in company_9jxwph8g
[2025-06-30T01:31:21.419Z] [DEBUG] Processing company database: company_ey1a4uyd
[2025-06-30T01:31:21.488Z] [DEBUG] Skipping company_ey1a4uyd: No scheduled reports collection found
[2025-06-30T01:31:21.491Z] [INFO] Scheduled reports check completed
[2025-06-30T01:31:21.496Z] [DEBUG] MongoDB connection closed
[2025-06-30T01:31:50.340Z] [INFO] Checking for scheduled reports...
[2025-06-30T01:31:51.260Z] [DEBUG] Connected to MongoDB
[2025-06-30T01:31:51.362Z] [INFO] Found 2 company databases
[2025-06-30T01:31:51.367Z] [DEBUG] Processing company database: company_9jxwph8g
[2025-06-30T01:31:51.436Z] [DEBUG] Finding reports to execute in company_9jxwph8g (current time: 2025-06-30T01:31:51.436Z)
[2025-06-30T01:31:51.519Z] [INFO] Found 0 reports to execute in company_9jxwph8g
[2025-06-30T01:31:51.522Z] [DEBUG] Processing company database: company_ey1a4uyd
[2025-06-30T01:31:51.595Z] [DEBUG] Skipping company_ey1a4uyd: No scheduled reports collection found
[2025-06-30T01:31:51.596Z] [INFO] Scheduled reports check completed
[2025-06-30T01:31:51.599Z] [DEBUG] MongoDB connection closed
[2025-06-30T01:32:20.369Z] [INFO] Checking for scheduled reports...
[2025-06-30T01:32:21.271Z] [DEBUG] Connected to MongoDB
[2025-06-30T01:32:21.349Z] [INFO] Found 2 company databases
[2025-06-30T01:32:21.350Z] [DEBUG] Processing company database: company_9jxwph8g
[2025-06-30T01:32:21.416Z] [DEBUG] Finding reports to execute in company_9jxwph8g (current time: 2025-06-30T01:32:21.416Z)
[2025-06-30T01:32:21.475Z] [INFO] Found 0 reports to execute in company_9jxwph8g
[2025-06-30T01:32:21.476Z] [DEBUG] Processing company database: company_ey1a4uyd
[2025-06-30T01:32:21.550Z] [DEBUG] Skipping company_ey1a4uyd: No scheduled reports collection found
[2025-06-30T01:32:21.552Z] [INFO] Scheduled reports check completed
[2025-06-30T01:32:21.557Z] [DEBUG] MongoDB connection closed
[2025-06-30T01:32:50.384Z] [INFO] Checking for scheduled reports...
[2025-06-30T01:32:51.098Z] [DEBUG] Connected to MongoDB
[2025-06-30T01:32:51.178Z] [INFO] Found 2 company databases
[2025-06-30T01:32:51.180Z] [DEBUG] Processing company database: company_9jxwph8g
[2025-06-30T01:32:51.239Z] [DEBUG] Finding reports to execute in company_9jxwph8g (current time: 2025-06-30T01:32:51.239Z)
[2025-06-30T01:32:51.299Z] [INFO] Found 0 reports to execute in company_9jxwph8g
[2025-06-30T01:32:51.301Z] [DEBUG] Processing company database: company_ey1a4uyd
[2025-06-30T01:32:51.363Z] [DEBUG] Skipping company_ey1a4uyd: No scheduled reports collection found
[2025-06-30T01:32:51.365Z] [INFO] Scheduled reports check completed
[2025-06-30T01:32:51.370Z] [DEBUG] MongoDB connection closed
[2025-06-30T01:33:20.392Z] [INFO] Checking for scheduled reports...
[2025-06-30T01:33:21.353Z] [DEBUG] Connected to MongoDB
[2025-06-30T01:33:21.423Z] [INFO] Found 2 company databases
[2025-06-30T01:33:21.424Z] [DEBUG] Processing company database: company_9jxwph8g
[2025-06-30T01:33:21.491Z] [DEBUG] Finding reports to execute in company_9jxwph8g (current time: 2025-06-30T01:33:21.491Z)
[2025-06-30T01:33:21.558Z] [INFO] Found 0 reports to execute in company_9jxwph8g
[2025-06-30T01:33:21.560Z] [DEBUG] Processing company database: company_ey1a4uyd
[2025-06-30T01:33:21.634Z] [DEBUG] Skipping company_ey1a4uyd: No scheduled reports collection found
[2025-06-30T01:33:21.636Z] [INFO] Scheduled reports check completed
[2025-06-30T01:33:21.641Z] [DEBUG] MongoDB connection closed
[2025-06-30T01:33:50.414Z] [INFO] Checking for scheduled reports...
[2025-06-30T01:33:51.121Z] [DEBUG] Connected to MongoDB
[2025-06-30T01:33:51.197Z] [INFO] Found 2 company databases
[2025-06-30T01:33:51.199Z] [DEBUG] Processing company database: company_9jxwph8g
[2025-06-30T01:33:51.277Z] [DEBUG] Finding reports to execute in company_9jxwph8g (current time: 2025-06-30T01:33:51.277Z)
[2025-06-30T01:33:51.348Z] [INFO] Found 0 reports to execute in company_9jxwph8g
[2025-06-30T01:33:51.350Z] [DEBUG] Processing company database: company_ey1a4uyd
[2025-06-30T01:33:51.412Z] [DEBUG] Skipping company_ey1a4uyd: No scheduled reports collection found
[2025-06-30T01:33:51.415Z] [INFO] Scheduled reports check completed
[2025-06-30T01:33:51.465Z] [DEBUG] MongoDB connection closed
[2025-06-30T01:34:20.442Z] [INFO] Checking for scheduled reports...
[2025-06-30T01:34:21.257Z] [DEBUG] Connected to MongoDB
[2025-06-30T01:34:21.349Z] [INFO] Found 2 company databases
[2025-06-30T01:34:21.353Z] [DEBUG] Processing company database: company_9jxwph8g
[2025-06-30T01:34:21.468Z] [DEBUG] Finding reports to execute in company_9jxwph8g (current time: 2025-06-30T01:34:21.468Z)
[2025-06-30T01:34:21.602Z] [INFO] Found 0 reports to execute in company_9jxwph8g
[2025-06-30T01:34:21.606Z] [DEBUG] Processing company database: company_ey1a4uyd
[2025-06-30T01:34:21.711Z] [DEBUG] Skipping company_ey1a4uyd: No scheduled reports collection found
[2025-06-30T01:34:21.712Z] [INFO] Scheduled reports check completed
[2025-06-30T01:34:21.715Z] [DEBUG] MongoDB connection closed
[2025-06-30T01:34:50.516Z] [INFO] Checking for scheduled reports...
[2025-06-30T01:34:51.490Z] [DEBUG] Connected to MongoDB
[2025-06-30T01:34:51.556Z] [INFO] Found 2 company databases
[2025-06-30T01:34:51.557Z] [DEBUG] Processing company database: company_9jxwph8g
[2025-06-30T01:34:51.612Z] [DEBUG] Finding reports to execute in company_9jxwph8g (current time: 2025-06-30T01:34:51.612Z)
[2025-06-30T01:34:51.666Z] [INFO] Found 0 reports to execute in company_9jxwph8g
[2025-06-30T01:34:51.667Z] [DEBUG] Processing company database: company_ey1a4uyd
[2025-06-30T01:34:51.721Z] [DEBUG] Skipping company_ey1a4uyd: No scheduled reports collection found
[2025-06-30T01:34:51.722Z] [INFO] Scheduled reports check completed
[2025-06-30T01:34:51.727Z] [DEBUG] MongoDB connection closed
[2025-06-30T01:35:20.539Z] [INFO] Checking for scheduled reports...
[2025-06-30T01:35:21.221Z] [DEBUG] Connected to MongoDB
[2025-06-30T01:35:21.296Z] [INFO] Found 2 company databases
[2025-06-30T01:35:21.298Z] [DEBUG] Processing company database: company_9jxwph8g
[2025-06-30T01:35:21.415Z] [DEBUG] Finding reports to execute in company_9jxwph8g (current time: 2025-06-30T01:35:21.415Z)
[2025-06-30T01:35:21.473Z] [INFO] Found 0 reports to execute in company_9jxwph8g
[2025-06-30T01:35:21.475Z] [DEBUG] Processing company database: company_ey1a4uyd
[2025-06-30T01:35:21.532Z] [DEBUG] Skipping company_ey1a4uyd: No scheduled reports collection found
[2025-06-30T01:35:21.533Z] [INFO] Scheduled reports check completed
[2025-06-30T01:35:21.537Z] [DEBUG] MongoDB connection closed
[2025-06-30T01:35:50.563Z] [INFO] Checking for scheduled reports...
[2025-06-30T01:35:51.162Z] [DEBUG] Connected to MongoDB
[2025-06-30T01:35:51.233Z] [INFO] Found 2 company databases
[2025-06-30T01:35:51.235Z] [DEBUG] Processing company database: company_9jxwph8g
[2025-06-30T01:35:51.305Z] [DEBUG] Finding reports to execute in company_9jxwph8g (current time: 2025-06-30T01:35:51.305Z)
[2025-06-30T01:35:51.362Z] [INFO] Found 0 reports to execute in company_9jxwph8g
[2025-06-30T01:35:51.363Z] [DEBUG] Processing company database: company_ey1a4uyd
[2025-06-30T01:35:51.421Z] [DEBUG] Skipping company_ey1a4uyd: No scheduled reports collection found
[2025-06-30T01:35:51.423Z] [INFO] Scheduled reports check completed
[2025-06-30T01:35:51.427Z] [DEBUG] MongoDB connection closed
[2025-06-30T01:36:20.584Z] [INFO] Checking for scheduled reports...
[2025-06-30T01:36:21.557Z] [DEBUG] Connected to MongoDB
[2025-06-30T01:36:21.645Z] [INFO] Found 2 company databases
[2025-06-30T01:36:21.646Z] [DEBUG] Processing company database: company_9jxwph8g
[2025-06-30T01:36:21.707Z] [DEBUG] Finding reports to execute in company_9jxwph8g (current time: 2025-06-30T01:36:21.707Z)
[2025-06-30T01:36:21.765Z] [INFO] Found 0 reports to execute in company_9jxwph8g
[2025-06-30T01:36:21.766Z] [DEBUG] Processing company database: company_ey1a4uyd
[2025-06-30T01:36:21.824Z] [DEBUG] Skipping company_ey1a4uyd: No scheduled reports collection found
[2025-06-30T01:36:21.825Z] [INFO] Scheduled reports check completed
[2025-06-30T01:36:21.831Z] [DEBUG] MongoDB connection closed
[2025-06-30T01:36:50.596Z] [INFO] Checking for scheduled reports...
[2025-06-30T01:36:51.220Z] [DEBUG] Connected to MongoDB
[2025-06-30T01:36:51.289Z] [INFO] Found 2 company databases
[2025-06-30T01:36:51.290Z] [DEBUG] Processing company database: company_9jxwph8g
[2025-06-30T01:36:51.350Z] [DEBUG] Finding reports to execute in company_9jxwph8g (current time: 2025-06-30T01:36:51.350Z)
[2025-06-30T01:36:51.409Z] [INFO] Found 0 reports to execute in company_9jxwph8g
[2025-06-30T01:36:51.411Z] [DEBUG] Processing company database: company_ey1a4uyd
[2025-06-30T01:36:51.475Z] [DEBUG] Skipping company_ey1a4uyd: No scheduled reports collection found
[2025-06-30T01:36:51.477Z] [INFO] Scheduled reports check completed
[2025-06-30T01:36:51.483Z] [DEBUG] MongoDB connection closed
[2025-06-30T01:37:20.609Z] [INFO] Checking for scheduled reports...
[2025-06-30T01:37:21.246Z] [DEBUG] Connected to MongoDB
[2025-06-30T01:37:21.314Z] [INFO] Found 2 company databases
[2025-06-30T01:37:21.315Z] [DEBUG] Processing company database: company_9jxwph8g
[2025-06-30T01:37:21.376Z] [DEBUG] Finding reports to execute in company_9jxwph8g (current time: 2025-06-30T01:37:21.376Z)
[2025-06-30T01:37:21.433Z] [INFO] Found 0 reports to execute in company_9jxwph8g
[2025-06-30T01:37:21.434Z] [DEBUG] Processing company database: company_ey1a4uyd
[2025-06-30T01:37:21.493Z] [DEBUG] Skipping company_ey1a4uyd: No scheduled reports collection found
[2025-06-30T01:37:21.494Z] [INFO] Scheduled reports check completed
[2025-06-30T01:37:21.498Z] [DEBUG] MongoDB connection closed
[2025-06-30T01:37:50.626Z] [INFO] Checking for scheduled reports...
[2025-06-30T01:37:51.459Z] [DEBUG] Connected to MongoDB
[2025-06-30T01:37:51.528Z] [INFO] Found 2 company databases
[2025-06-30T01:37:51.530Z] [DEBUG] Processing company database: company_9jxwph8g
[2025-06-30T01:37:51.591Z] [DEBUG] Finding reports to execute in company_9jxwph8g (current time: 2025-06-30T01:37:51.591Z)
[2025-06-30T01:37:51.648Z] [INFO] Found 0 reports to execute in company_9jxwph8g
[2025-06-30T01:37:51.650Z] [DEBUG] Processing company database: company_ey1a4uyd
[2025-06-30T01:37:51.706Z] [DEBUG] Skipping company_ey1a4uyd: No scheduled reports collection found
[2025-06-30T01:37:51.708Z] [INFO] Scheduled reports check completed
[2025-06-30T01:37:51.712Z] [DEBUG] MongoDB connection closed
[2025-06-30T01:38:20.648Z] [INFO] Checking for scheduled reports...
[2025-06-30T01:38:21.304Z] [DEBUG] Connected to MongoDB
[2025-06-30T01:38:21.375Z] [INFO] Found 2 company databases
[2025-06-30T01:38:21.377Z] [DEBUG] Processing company database: company_9jxwph8g
[2025-06-30T01:38:21.442Z] [DEBUG] Finding reports to execute in company_9jxwph8g (current time: 2025-06-30T01:38:21.442Z)
[2025-06-30T01:38:21.503Z] [INFO] Found 0 reports to execute in company_9jxwph8g
[2025-06-30T01:38:21.509Z] [DEBUG] Processing company database: company_ey1a4uyd
[2025-06-30T01:38:21.582Z] [DEBUG] Skipping company_ey1a4uyd: No scheduled reports collection found
[2025-06-30T01:38:21.589Z] [INFO] Scheduled reports check completed
[2025-06-30T01:38:21.594Z] [DEBUG] MongoDB connection closed
[2025-06-30T01:38:50.660Z] [INFO] Checking for scheduled reports...
[2025-06-30T01:38:51.464Z] [DEBUG] Connected to MongoDB
[2025-06-30T01:38:51.538Z] [INFO] Found 2 company databases
[2025-06-30T01:38:51.540Z] [DEBUG] Processing company database: company_9jxwph8g
[2025-06-30T01:38:51.603Z] [DEBUG] Finding reports to execute in company_9jxwph8g (current time: 2025-06-30T01:38:51.603Z)
[2025-06-30T01:38:51.663Z] [INFO] Found 0 reports to execute in company_9jxwph8g
[2025-06-30T01:38:51.665Z] [DEBUG] Processing company database: company_ey1a4uyd
[2025-06-30T01:38:51.722Z] [DEBUG] Skipping company_ey1a4uyd: No scheduled reports collection found
[2025-06-30T01:38:51.723Z] [INFO] Scheduled reports check completed
[2025-06-30T01:38:51.725Z] [DEBUG] MongoDB connection closed
[2025-06-30T01:39:20.675Z] [INFO] Checking for scheduled reports...
[2025-06-30T01:39:21.580Z] [DEBUG] Connected to MongoDB
[2025-06-30T01:39:21.653Z] [INFO] Found 2 company databases
[2025-06-30T01:39:21.655Z] [DEBUG] Processing company database: company_9jxwph8g
[2025-06-30T01:39:21.714Z] [DEBUG] Finding reports to execute in company_9jxwph8g (current time: 2025-06-30T01:39:21.714Z)
[2025-06-30T01:39:21.771Z] [INFO] Found 0 reports to execute in company_9jxwph8g
[2025-06-30T01:39:21.773Z] [DEBUG] Processing company database: company_ey1a4uyd
[2025-06-30T01:39:21.836Z] [DEBUG] Skipping company_ey1a4uyd: No scheduled reports collection found
[2025-06-30T01:39:21.838Z] [INFO] Scheduled reports check completed
[2025-06-30T01:39:21.841Z] [DEBUG] MongoDB connection closed
[2025-06-30T01:39:50.695Z] [INFO] Checking for scheduled reports...
[2025-06-30T01:39:51.289Z] [DEBUG] Connected to MongoDB
[2025-06-30T01:39:51.356Z] [INFO] Found 2 company databases
[2025-06-30T01:39:51.357Z] [DEBUG] Processing company database: company_9jxwph8g
[2025-06-30T01:39:51.415Z] [DEBUG] Finding reports to execute in company_9jxwph8g (current time: 2025-06-30T01:39:51.415Z)
[2025-06-30T01:39:51.520Z] [INFO] Found 0 reports to execute in company_9jxwph8g
[2025-06-30T01:39:51.522Z] [DEBUG] Processing company database: company_ey1a4uyd
[2025-06-30T01:39:51.581Z] [DEBUG] Skipping company_ey1a4uyd: No scheduled reports collection found
[2025-06-30T01:39:51.583Z] [INFO] Scheduled reports check completed
[2025-06-30T01:39:51.586Z] [DEBUG] MongoDB connection closed
[2025-06-30T01:40:20.710Z] [INFO] Checking for scheduled reports...
[2025-06-30T01:40:21.346Z] [DEBUG] Connected to MongoDB
[2025-06-30T01:40:21.473Z] [INFO] Found 2 company databases
[2025-06-30T01:40:21.683Z] [DEBUG] Processing company database: company_9jxwph8g
[2025-06-30T01:40:21.769Z] [DEBUG] Finding reports to execute in company_9jxwph8g (current time: 2025-06-30T01:40:21.769Z)
[2025-06-30T01:40:21.829Z] [INFO] Found 0 reports to execute in company_9jxwph8g
[2025-06-30T01:40:21.830Z] [DEBUG] Processing company database: company_ey1a4uyd
[2025-06-30T01:40:21.925Z] [DEBUG] Skipping company_ey1a4uyd: No scheduled reports collection found
[2025-06-30T01:40:21.935Z] [INFO] Scheduled reports check completed
[2025-06-30T01:40:22.044Z] [DEBUG] MongoDB connection closed
[2025-06-30T01:40:50.721Z] [INFO] Checking for scheduled reports...
[2025-06-30T01:40:51.908Z] [DEBUG] Connected to MongoDB
[2025-06-30T01:40:51.976Z] [INFO] Found 2 company databases
[2025-06-30T01:40:51.977Z] [DEBUG] Processing company database: company_9jxwph8g
[2025-06-30T01:40:52.034Z] [DEBUG] Finding reports to execute in company_9jxwph8g (current time: 2025-06-30T01:40:52.034Z)
[2025-06-30T01:40:52.207Z] [INFO] Found 0 reports to execute in company_9jxwph8g
[2025-06-30T01:40:52.210Z] [DEBUG] Processing company database: company_ey1a4uyd
[2025-06-30T01:40:52.280Z] [DEBUG] Skipping company_ey1a4uyd: No scheduled reports collection found
[2025-06-30T01:40:52.282Z] [INFO] Scheduled reports check completed
[2025-06-30T01:40:52.287Z] [DEBUG] MongoDB connection closed
[2025-06-30T01:41:20.740Z] [INFO] Checking for scheduled reports...
[2025-06-30T01:41:21.444Z] [DEBUG] Connected to MongoDB
[2025-06-30T01:41:21.512Z] [INFO] Found 2 company databases
[2025-06-30T01:41:21.514Z] [DEBUG] Processing company database: company_9jxwph8g
[2025-06-30T01:41:21.584Z] [DEBUG] Finding reports to execute in company_9jxwph8g (current time: 2025-06-30T01:41:21.584Z)
[2025-06-30T01:41:21.638Z] [INFO] Found 0 reports to execute in company_9jxwph8g
[2025-06-30T01:41:21.639Z] [DEBUG] Processing company database: company_ey1a4uyd
[2025-06-30T01:41:21.694Z] [DEBUG] Skipping company_ey1a4uyd: No scheduled reports collection found
[2025-06-30T01:41:21.696Z] [INFO] Scheduled reports check completed
[2025-06-30T01:41:21.700Z] [DEBUG] MongoDB connection closed
[2025-06-30T01:41:50.734Z] [INFO] Checking for scheduled reports...
[2025-06-30T01:41:51.681Z] [DEBUG] Connected to MongoDB
[2025-06-30T01:41:51.750Z] [INFO] Found 2 company databases
[2025-06-30T01:41:51.751Z] [DEBUG] Processing company database: company_9jxwph8g
[2025-06-30T01:41:51.814Z] [DEBUG] Finding reports to execute in company_9jxwph8g (current time: 2025-06-30T01:41:51.814Z)
[2025-06-30T01:41:51.885Z] [INFO] Found 0 reports to execute in company_9jxwph8g
[2025-06-30T01:41:51.886Z] [DEBUG] Processing company database: company_ey1a4uyd
[2025-06-30T01:41:51.941Z] [DEBUG] Skipping company_ey1a4uyd: No scheduled reports collection found
[2025-06-30T01:41:51.942Z] [INFO] Scheduled reports check completed
[2025-06-30T01:41:51.945Z] [DEBUG] MongoDB connection closed
[2025-06-30T01:42:20.746Z] [INFO] Checking for scheduled reports...
[2025-06-30T01:42:22.184Z] [DEBUG] Connected to MongoDB
[2025-06-30T01:42:22.266Z] [INFO] Found 2 company databases
[2025-06-30T01:42:22.269Z] [DEBUG] Processing company database: company_9jxwph8g
[2025-06-30T01:42:22.354Z] [DEBUG] Finding reports to execute in company_9jxwph8g (current time: 2025-06-30T01:42:22.354Z)
[2025-06-30T01:42:22.429Z] [INFO] Found 0 reports to execute in company_9jxwph8g
[2025-06-30T01:42:22.446Z] [DEBUG] Processing company database: company_ey1a4uyd
[2025-06-30T01:42:22.536Z] [DEBUG] Skipping company_ey1a4uyd: No scheduled reports collection found
[2025-06-30T01:42:22.538Z] [INFO] Scheduled reports check completed
[2025-06-30T01:42:22.545Z] [DEBUG] MongoDB connection closed
[2025-06-30T01:42:50.769Z] [INFO] Checking for scheduled reports...
[2025-06-30T01:42:51.475Z] [DEBUG] Connected to MongoDB
[2025-06-30T01:42:51.548Z] [INFO] Found 2 company databases
[2025-06-30T01:42:51.550Z] [DEBUG] Processing company database: company_9jxwph8g
[2025-06-30T01:42:51.613Z] [DEBUG] Finding reports to execute in company_9jxwph8g (current time: 2025-06-30T01:42:51.613Z)
[2025-06-30T01:42:51.673Z] [INFO] Found 0 reports to execute in company_9jxwph8g
[2025-06-30T01:42:51.676Z] [DEBUG] Processing company database: company_ey1a4uyd
[2025-06-30T01:42:51.740Z] [DEBUG] Skipping company_ey1a4uyd: No scheduled reports collection found
[2025-06-30T01:42:51.745Z] [INFO] Scheduled reports check completed
[2025-06-30T01:42:51.753Z] [DEBUG] MongoDB connection closed
[2025-06-30T01:43:20.760Z] [INFO] Checking for scheduled reports...
[2025-06-30T01:43:21.370Z] [DEBUG] Connected to MongoDB
[2025-06-30T01:43:21.437Z] [INFO] Found 2 company databases
[2025-06-30T01:43:21.440Z] [DEBUG] Processing company database: company_9jxwph8g
[2025-06-30T01:43:21.497Z] [DEBUG] Finding reports to execute in company_9jxwph8g (current time: 2025-06-30T01:43:21.497Z)
[2025-06-30T01:43:21.554Z] [INFO] Found 0 reports to execute in company_9jxwph8g
[2025-06-30T01:43:21.555Z] [DEBUG] Processing company database: company_ey1a4uyd
[2025-06-30T01:43:21.614Z] [DEBUG] Skipping company_ey1a4uyd: No scheduled reports collection found
[2025-06-30T01:43:21.625Z] [INFO] Scheduled reports check completed
[2025-06-30T01:43:21.638Z] [DEBUG] MongoDB connection closed
[2025-06-30T01:43:50.752Z] [INFO] Checking for scheduled reports...
[2025-06-30T01:43:51.544Z] [DEBUG] Connected to MongoDB
[2025-06-30T01:43:51.643Z] [INFO] Found 2 company databases
[2025-06-30T01:43:51.644Z] [DEBUG] Processing company database: company_9jxwph8g
[2025-06-30T01:43:51.707Z] [DEBUG] Finding reports to execute in company_9jxwph8g (current time: 2025-06-30T01:43:51.707Z)
[2025-06-30T01:43:51.767Z] [INFO] Found 0 reports to execute in company_9jxwph8g
[2025-06-30T01:43:51.769Z] [DEBUG] Processing company database: company_ey1a4uyd
[2025-06-30T01:43:51.916Z] [DEBUG] Skipping company_ey1a4uyd: No scheduled reports collection found
[2025-06-30T01:43:51.918Z] [INFO] Scheduled reports check completed
[2025-06-30T01:43:51.921Z] [DEBUG] MongoDB connection closed
[2025-06-30T01:44:20.775Z] [INFO] Checking for scheduled reports...
[2025-06-30T01:44:21.484Z] [DEBUG] Connected to MongoDB
[2025-06-30T01:44:21.571Z] [INFO] Found 2 company databases
[2025-06-30T01:44:21.572Z] [DEBUG] Processing company database: company_9jxwph8g
[2025-06-30T01:44:21.640Z] [DEBUG] Finding reports to execute in company_9jxwph8g (current time: 2025-06-30T01:44:21.640Z)
[2025-06-30T01:44:21.698Z] [INFO] Found 0 reports to execute in company_9jxwph8g
[2025-06-30T01:44:21.699Z] [DEBUG] Processing company database: company_ey1a4uyd
[2025-06-30T01:44:21.781Z] [DEBUG] Skipping company_ey1a4uyd: No scheduled reports collection found
[2025-06-30T01:44:21.783Z] [INFO] Scheduled reports check completed
[2025-06-30T01:44:21.787Z] [DEBUG] MongoDB connection closed
[2025-06-30T01:44:50.786Z] [INFO] Checking for scheduled reports...
[2025-06-30T01:44:51.533Z] [DEBUG] Connected to MongoDB
[2025-06-30T01:44:51.609Z] [INFO] Found 2 company databases
[2025-06-30T01:44:51.611Z] [DEBUG] Processing company database: company_9jxwph8g
[2025-06-30T01:44:51.766Z] [DEBUG] Finding reports to execute in company_9jxwph8g (current time: 2025-06-30T01:44:51.766Z)
[2025-06-30T01:44:51.826Z] [INFO] Found 0 reports to execute in company_9jxwph8g
[2025-06-30T01:44:51.827Z] [DEBUG] Processing company database: company_ey1a4uyd
[2025-06-30T01:44:51.886Z] [DEBUG] Skipping company_ey1a4uyd: No scheduled reports collection found
[2025-06-30T01:44:51.887Z] [INFO] Scheduled reports check completed
[2025-06-30T01:44:51.891Z] [DEBUG] MongoDB connection closed
[2025-06-30T01:45:20.807Z] [INFO] Checking for scheduled reports...
[2025-06-30T01:45:21.580Z] [DEBUG] Connected to MongoDB
[2025-06-30T01:45:21.650Z] [INFO] Found 2 company databases
[2025-06-30T01:45:21.651Z] [DEBUG] Processing company database: company_9jxwph8g
[2025-06-30T01:45:21.718Z] [DEBUG] Finding reports to execute in company_9jxwph8g (current time: 2025-06-30T01:45:21.718Z)
[2025-06-30T01:45:21.774Z] [INFO] Found 0 reports to execute in company_9jxwph8g
[2025-06-30T01:45:21.775Z] [DEBUG] Processing company database: company_ey1a4uyd
[2025-06-30T01:45:21.832Z] [DEBUG] Skipping company_ey1a4uyd: No scheduled reports collection found
[2025-06-30T01:45:21.834Z] [INFO] Scheduled reports check completed
[2025-06-30T01:45:21.838Z] [DEBUG] MongoDB connection closed
[2025-06-30T01:45:50.828Z] [INFO] Checking for scheduled reports...
[2025-06-30T01:45:51.462Z] [DEBUG] Connected to MongoDB
[2025-06-30T01:45:51.531Z] [INFO] Found 2 company databases
[2025-06-30T01:45:51.532Z] [DEBUG] Processing company database: company_9jxwph8g
[2025-06-30T01:45:51.592Z] [DEBUG] Finding reports to execute in company_9jxwph8g (current time: 2025-06-30T01:45:51.592Z)
[2025-06-30T01:45:51.650Z] [INFO] Found 0 reports to execute in company_9jxwph8g
[2025-06-30T01:45:51.652Z] [DEBUG] Processing company database: company_ey1a4uyd
[2025-06-30T01:45:51.741Z] [DEBUG] Skipping company_ey1a4uyd: No scheduled reports collection found
[2025-06-30T01:45:51.744Z] [INFO] Scheduled reports check completed
[2025-06-30T01:45:51.749Z] [DEBUG] MongoDB connection closed
[2025-06-30T01:46:20.837Z] [INFO] Checking for scheduled reports...
[2025-06-30T01:46:21.687Z] [DEBUG] Connected to MongoDB
[2025-06-30T01:46:21.758Z] [INFO] Found 2 company databases
[2025-06-30T01:46:21.760Z] [DEBUG] Processing company database: company_9jxwph8g
[2025-06-30T01:46:21.822Z] [DEBUG] Finding reports to execute in company_9jxwph8g (current time: 2025-06-30T01:46:21.821Z)
[2025-06-30T01:46:21.882Z] [INFO] Found 0 reports to execute in company_9jxwph8g
[2025-06-30T01:46:21.884Z] [DEBUG] Processing company database: company_ey1a4uyd
[2025-06-30T01:46:21.938Z] [DEBUG] Skipping company_ey1a4uyd: No scheduled reports collection found
[2025-06-30T01:46:21.939Z] [INFO] Scheduled reports check completed
[2025-06-30T01:46:21.942Z] [DEBUG] MongoDB connection closed
[2025-06-30T01:46:50.845Z] [INFO] Checking for scheduled reports...
[2025-06-30T01:46:51.616Z] [DEBUG] Connected to MongoDB
[2025-06-30T01:46:51.690Z] [INFO] Found 2 company databases
[2025-06-30T01:46:51.692Z] [DEBUG] Processing company database: company_9jxwph8g
[2025-06-30T01:46:51.748Z] [DEBUG] Finding reports to execute in company_9jxwph8g (current time: 2025-06-30T01:46:51.748Z)
[2025-06-30T01:46:51.805Z] [INFO] Found 0 reports to execute in company_9jxwph8g
[2025-06-30T01:46:51.806Z] [DEBUG] Processing company database: company_ey1a4uyd
[2025-06-30T01:46:51.861Z] [DEBUG] Skipping company_ey1a4uyd: No scheduled reports collection found
[2025-06-30T01:46:51.863Z] [INFO] Scheduled reports check completed
[2025-06-30T01:46:51.865Z] [DEBUG] MongoDB connection closed
[2025-06-30T01:47:20.844Z] [INFO] Checking for scheduled reports...
[2025-06-30T01:47:21.450Z] [DEBUG] Connected to MongoDB
[2025-06-30T01:47:21.518Z] [INFO] Found 2 company databases
[2025-06-30T01:47:21.520Z] [DEBUG] Processing company database: company_9jxwph8g
[2025-06-30T01:47:21.579Z] [DEBUG] Finding reports to execute in company_9jxwph8g (current time: 2025-06-30T01:47:21.579Z)
[2025-06-30T01:47:21.635Z] [INFO] Found 0 reports to execute in company_9jxwph8g
[2025-06-30T01:47:21.637Z] [DEBUG] Processing company database: company_ey1a4uyd
[2025-06-30T01:47:21.693Z] [DEBUG] Skipping company_ey1a4uyd: No scheduled reports collection found
[2025-06-30T01:47:21.695Z] [INFO] Scheduled reports check completed
[2025-06-30T01:47:21.699Z] [DEBUG] MongoDB connection closed
[2025-06-30T01:47:50.856Z] [INFO] Checking for scheduled reports...
[2025-06-30T01:47:51.694Z] [DEBUG] Connected to MongoDB
[2025-06-30T01:47:51.766Z] [INFO] Found 2 company databases
[2025-06-30T01:47:51.768Z] [DEBUG] Processing company database: company_9jxwph8g
[2025-06-30T01:47:51.850Z] [DEBUG] Finding reports to execute in company_9jxwph8g (current time: 2025-06-30T01:47:51.850Z)
[2025-06-30T01:47:51.909Z] [INFO] Found 0 reports to execute in company_9jxwph8g
[2025-06-30T01:47:51.914Z] [DEBUG] Processing company database: company_ey1a4uyd
[2025-06-30T01:47:51.973Z] [DEBUG] Skipping company_ey1a4uyd: No scheduled reports collection found
[2025-06-30T01:47:51.974Z] [INFO] Scheduled reports check completed
[2025-06-30T01:47:51.978Z] [DEBUG] MongoDB connection closed
[2025-06-30T01:48:20.879Z] [INFO] Checking for scheduled reports...
[2025-06-30T01:48:21.833Z] [DEBUG] Connected to MongoDB
[2025-06-30T01:48:21.901Z] [INFO] Found 2 company databases
[2025-06-30T01:48:21.902Z] [DEBUG] Processing company database: company_9jxwph8g
[2025-06-30T01:48:21.963Z] [DEBUG] Finding reports to execute in company_9jxwph8g (current time: 2025-06-30T01:48:21.963Z)
[2025-06-30T01:48:22.053Z] [INFO] Found 0 reports to execute in company_9jxwph8g
[2025-06-30T01:48:22.058Z] [DEBUG] Processing company database: company_ey1a4uyd
[2025-06-30T01:48:22.125Z] [DEBUG] Skipping company_ey1a4uyd: No scheduled reports collection found
[2025-06-30T01:48:22.134Z] [INFO] Scheduled reports check completed
[2025-06-30T01:48:22.143Z] [DEBUG] MongoDB connection closed
[2025-06-30T01:48:50.936Z] [INFO] Checking for scheduled reports...
[2025-06-30T01:48:53.124Z] [DEBUG] Connected to MongoDB
[2025-06-30T01:48:53.235Z] [INFO] Found 2 company databases
[2025-06-30T01:48:53.250Z] [DEBUG] Processing company database: company_9jxwph8g
[2025-06-30T01:48:53.317Z] [DEBUG] Finding reports to execute in company_9jxwph8g (current time: 2025-06-30T01:48:53.317Z)
[2025-06-30T01:48:53.400Z] [INFO] Found 0 reports to execute in company_9jxwph8g
[2025-06-30T01:48:53.408Z] [DEBUG] Processing company database: company_ey1a4uyd
[2025-06-30T01:48:53.470Z] [DEBUG] Skipping company_ey1a4uyd: No scheduled reports collection found
[2025-06-30T01:48:53.474Z] [INFO] Scheduled reports check completed
[2025-06-30T01:48:53.480Z] [DEBUG] MongoDB connection closed
[2025-06-30T01:49:20.932Z] [INFO] Checking for scheduled reports...
[2025-06-30T01:49:21.619Z] [DEBUG] Connected to MongoDB
[2025-06-30T01:49:21.688Z] [INFO] Found 2 company databases
[2025-06-30T01:49:21.690Z] [DEBUG] Processing company database: company_9jxwph8g
[2025-06-30T01:49:21.748Z] [DEBUG] Finding reports to execute in company_9jxwph8g (current time: 2025-06-30T01:49:21.748Z)
[2025-06-30T01:49:21.803Z] [INFO] Found 0 reports to execute in company_9jxwph8g
[2025-06-30T01:49:21.805Z] [DEBUG] Processing company database: company_ey1a4uyd
[2025-06-30T01:49:21.859Z] [DEBUG] Skipping company_ey1a4uyd: No scheduled reports collection found
[2025-06-30T01:49:21.860Z] [INFO] Scheduled reports check completed
[2025-06-30T01:49:21.863Z] [DEBUG] MongoDB connection closed
[2025-06-30T01:49:50.943Z] [INFO] Checking for scheduled reports...
[2025-06-30T01:49:51.670Z] [DEBUG] Connected to MongoDB
[2025-06-30T01:49:51.754Z] [INFO] Found 2 company databases
[2025-06-30T01:49:51.755Z] [DEBUG] Processing company database: company_9jxwph8g
[2025-06-30T01:49:51.818Z] [DEBUG] Finding reports to execute in company_9jxwph8g (current time: 2025-06-30T01:49:51.818Z)
[2025-06-30T01:49:51.873Z] [INFO] Found 0 reports to execute in company_9jxwph8g
[2025-06-30T01:49:51.875Z] [DEBUG] Processing company database: company_ey1a4uyd
[2025-06-30T01:49:51.948Z] [DEBUG] Skipping company_ey1a4uyd: No scheduled reports collection found
[2025-06-30T01:49:51.949Z] [INFO] Scheduled reports check completed
[2025-06-30T01:49:51.951Z] [DEBUG] MongoDB connection closed
[2025-06-30T01:50:20.945Z] [INFO] Checking for scheduled reports...
[2025-06-30T01:50:21.751Z] [DEBUG] Connected to MongoDB
[2025-06-30T01:50:21.866Z] [INFO] Found 2 company databases
[2025-06-30T01:50:21.867Z] [DEBUG] Processing company database: company_9jxwph8g
[2025-06-30T01:50:21.927Z] [DEBUG] Finding reports to execute in company_9jxwph8g (current time: 2025-06-30T01:50:21.927Z)
[2025-06-30T01:50:21.985Z] [INFO] Found 0 reports to execute in company_9jxwph8g
[2025-06-30T01:50:21.986Z] [DEBUG] Processing company database: company_ey1a4uyd
[2025-06-30T01:50:22.041Z] [DEBUG] Skipping company_ey1a4uyd: No scheduled reports collection found
[2025-06-30T01:50:22.042Z] [INFO] Scheduled reports check completed
[2025-06-30T01:50:22.047Z] [DEBUG] MongoDB connection closed
[2025-06-30T01:50:50.960Z] [INFO] Checking for scheduled reports...
[2025-06-30T01:50:51.827Z] [DEBUG] Connected to MongoDB
[2025-06-30T01:50:51.895Z] [INFO] Found 2 company databases
[2025-06-30T01:50:51.897Z] [DEBUG] Processing company database: company_9jxwph8g
[2025-06-30T01:50:51.957Z] [DEBUG] Finding reports to execute in company_9jxwph8g (current time: 2025-06-30T01:50:51.957Z)
[2025-06-30T01:50:52.015Z] [INFO] Found 0 reports to execute in company_9jxwph8g
[2025-06-30T01:50:52.017Z] [DEBUG] Processing company database: company_ey1a4uyd
[2025-06-30T01:50:52.075Z] [DEBUG] Skipping company_ey1a4uyd: No scheduled reports collection found
[2025-06-30T01:50:52.077Z] [INFO] Scheduled reports check completed
[2025-06-30T01:50:52.081Z] [DEBUG] MongoDB connection closed
[2025-06-30T01:51:20.983Z] [INFO] Checking for scheduled reports...
[2025-06-30T01:51:21.742Z] [DEBUG] Connected to MongoDB
[2025-06-30T01:51:21.812Z] [INFO] Found 2 company databases
[2025-06-30T01:51:21.814Z] [DEBUG] Processing company database: company_9jxwph8g
[2025-06-30T01:51:21.877Z] [DEBUG] Finding reports to execute in company_9jxwph8g (current time: 2025-06-30T01:51:21.877Z)
[2025-06-30T01:51:21.935Z] [INFO] Found 0 reports to execute in company_9jxwph8g
[2025-06-30T01:51:21.937Z] [DEBUG] Processing company database: company_ey1a4uyd
[2025-06-30T01:51:22.031Z] [DEBUG] Skipping company_ey1a4uyd: No scheduled reports collection found
[2025-06-30T01:51:22.033Z] [INFO] Scheduled reports check completed
[2025-06-30T01:51:22.039Z] [DEBUG] MongoDB connection closed
[2025-06-30T01:51:50.992Z] [INFO] Checking for scheduled reports...
[2025-06-30T01:51:51.632Z] [DEBUG] Connected to MongoDB
[2025-06-30T01:51:51.700Z] [INFO] Found 2 company databases
[2025-06-30T01:51:51.701Z] [DEBUG] Processing company database: company_9jxwph8g
[2025-06-30T01:51:51.759Z] [DEBUG] Finding reports to execute in company_9jxwph8g (current time: 2025-06-30T01:51:51.759Z)
[2025-06-30T01:51:51.826Z] [INFO] Found 0 reports to execute in company_9jxwph8g
[2025-06-30T01:51:51.832Z] [DEBUG] Processing company database: company_ey1a4uyd
[2025-06-30T01:51:51.888Z] [DEBUG] Skipping company_ey1a4uyd: No scheduled reports collection found
[2025-06-30T01:51:51.890Z] [INFO] Scheduled reports check completed
[2025-06-30T01:51:51.900Z] [DEBUG] MongoDB connection closed
[2025-06-30T01:52:21.012Z] [INFO] Checking for scheduled reports...
[2025-06-30T01:52:21.841Z] [DEBUG] Connected to MongoDB
[2025-06-30T01:52:21.923Z] [INFO] Found 2 company databases
[2025-06-30T01:52:21.924Z] [DEBUG] Processing company database: company_9jxwph8g
[2025-06-30T01:52:21.985Z] [DEBUG] Finding reports to execute in company_9jxwph8g (current time: 2025-06-30T01:52:21.985Z)
[2025-06-30T01:52:22.041Z] [INFO] Found 0 reports to execute in company_9jxwph8g
[2025-06-30T01:52:22.042Z] [DEBUG] Processing company database: company_ey1a4uyd
[2025-06-30T01:52:22.097Z] [DEBUG] Skipping company_ey1a4uyd: No scheduled reports collection found
[2025-06-30T01:52:22.099Z] [INFO] Scheduled reports check completed
[2025-06-30T01:52:22.102Z] [DEBUG] MongoDB connection closed
[2025-06-30T01:52:51.032Z] [INFO] Checking for scheduled reports...
[2025-06-30T01:52:52.015Z] [DEBUG] Connected to MongoDB
[2025-06-30T01:52:52.105Z] [INFO] Found 2 company databases
[2025-06-30T01:52:52.108Z] [DEBUG] Processing company database: company_9jxwph8g
[2025-06-30T01:52:52.166Z] [DEBUG] Finding reports to execute in company_9jxwph8g (current time: 2025-06-30T01:52:52.166Z)
[2025-06-30T01:52:52.224Z] [INFO] Found 0 reports to execute in company_9jxwph8g
[2025-06-30T01:52:52.226Z] [DEBUG] Processing company database: company_ey1a4uyd
[2025-06-30T01:52:52.285Z] [DEBUG] Skipping company_ey1a4uyd: No scheduled reports collection found
[2025-06-30T01:52:52.287Z] [INFO] Scheduled reports check completed
[2025-06-30T01:52:52.293Z] [DEBUG] MongoDB connection closed
[2025-06-30T01:53:21.054Z] [INFO] Checking for scheduled reports...
[2025-06-30T01:53:21.696Z] [DEBUG] Connected to MongoDB
[2025-06-30T01:53:21.770Z] [INFO] Found 2 company databases
[2025-06-30T01:53:21.773Z] [DEBUG] Processing company database: company_9jxwph8g
[2025-06-30T01:53:21.831Z] [DEBUG] Finding reports to execute in company_9jxwph8g (current time: 2025-06-30T01:53:21.831Z)
[2025-06-30T01:53:21.890Z] [INFO] Found 0 reports to execute in company_9jxwph8g
[2025-06-30T01:53:21.891Z] [DEBUG] Processing company database: company_ey1a4uyd
[2025-06-30T01:53:21.948Z] [DEBUG] Skipping company_ey1a4uyd: No scheduled reports collection found
[2025-06-30T01:53:21.949Z] [INFO] Scheduled reports check completed
[2025-06-30T01:53:21.952Z] [DEBUG] MongoDB connection closed
[2025-06-30T01:53:51.076Z] [INFO] Checking for scheduled reports...
[2025-06-30T01:53:51.936Z] [DEBUG] Connected to MongoDB
[2025-06-30T01:53:52.031Z] [INFO] Found 2 company databases
[2025-06-30T01:53:52.033Z] [DEBUG] Processing company database: company_9jxwph8g
[2025-06-30T01:53:52.100Z] [DEBUG] Finding reports to execute in company_9jxwph8g (current time: 2025-06-30T01:53:52.100Z)
[2025-06-30T01:53:52.163Z] [INFO] Found 0 reports to execute in company_9jxwph8g
[2025-06-30T01:53:52.164Z] [DEBUG] Processing company database: company_ey1a4uyd
[2025-06-30T01:53:52.226Z] [DEBUG] Skipping company_ey1a4uyd: No scheduled reports collection found
[2025-06-30T01:53:52.228Z] [INFO] Scheduled reports check completed
[2025-06-30T01:53:52.234Z] [DEBUG] MongoDB connection closed
[2025-06-30T01:54:21.090Z] [INFO] Checking for scheduled reports...
[2025-06-30T01:54:21.920Z] [DEBUG] Connected to MongoDB
[2025-06-30T01:54:21.991Z] [INFO] Found 2 company databases
[2025-06-30T01:54:21.993Z] [DEBUG] Processing company database: company_9jxwph8g
[2025-06-30T01:54:22.078Z] [DEBUG] Finding reports to execute in company_9jxwph8g (current time: 2025-06-30T01:54:22.078Z)
[2025-06-30T01:54:22.137Z] [INFO] Found 0 reports to execute in company_9jxwph8g
[2025-06-30T01:54:22.140Z] [DEBUG] Processing company database: company_ey1a4uyd
[2025-06-30T01:54:22.197Z] [DEBUG] Skipping company_ey1a4uyd: No scheduled reports collection found
[2025-06-30T01:54:22.198Z] [INFO] Scheduled reports check completed
[2025-06-30T01:54:22.202Z] [DEBUG] MongoDB connection closed
[2025-06-30T01:54:51.113Z] [INFO] Checking for scheduled reports...
[2025-06-30T01:54:51.806Z] [DEBUG] Connected to MongoDB
[2025-06-30T01:54:51.901Z] [INFO] Found 2 company databases
[2025-06-30T01:54:51.903Z] [DEBUG] Processing company database: company_9jxwph8g
[2025-06-30T01:54:51.966Z] [DEBUG] Finding reports to execute in company_9jxwph8g (current time: 2025-06-30T01:54:51.965Z)
[2025-06-30T01:54:52.040Z] [INFO] Found 0 reports to execute in company_9jxwph8g
[2025-06-30T01:54:52.041Z] [DEBUG] Processing company database: company_ey1a4uyd
[2025-06-30T01:54:52.100Z] [DEBUG] Skipping company_ey1a4uyd: No scheduled reports collection found
[2025-06-30T01:54:52.101Z] [INFO] Scheduled reports check completed
[2025-06-30T01:54:52.106Z] [DEBUG] MongoDB connection closed
[2025-06-30T01:55:24.746Z] [INFO] Starting scheduled reports daemon with check interval of 30000ms
[2025-06-30T01:55:24.764Z] [INFO] Checking for scheduled reports...
[2025-06-30T01:55:26.134Z] [DEBUG] Connected to MongoDB
[2025-06-30T01:55:26.220Z] [INFO] Found 2 company databases
[2025-06-30T01:55:26.224Z] [DEBUG] Processing company database: company_9jxwph8g
[2025-06-30T01:55:26.301Z] [DEBUG] Finding reports to execute in company_9jxwph8g (current time: 2025-06-30T01:55:26.301Z)
[2025-06-30T01:55:26.364Z] [INFO] Found 0 reports to execute in company_9jxwph8g
[2025-06-30T01:55:26.368Z] [DEBUG] Processing company database: company_ey1a4uyd
[2025-06-30T01:55:26.434Z] [DEBUG] Skipping company_ey1a4uyd: No scheduled reports collection found
[2025-06-30T01:55:26.438Z] [INFO] Scheduled reports check completed
[2025-06-30T01:55:26.463Z] [DEBUG] MongoDB connection closed
[2025-06-30T01:55:26.465Z] [INFO] Daemon is now running continuously...
[2025-06-30T01:55:56.478Z] [INFO] Checking for scheduled reports...
[2025-06-30T01:55:57.111Z] [DEBUG] Connected to MongoDB
[2025-06-30T01:55:57.189Z] [INFO] Found 2 company databases
[2025-06-30T01:55:57.191Z] [DEBUG] Processing company database: company_9jxwph8g
[2025-06-30T01:55:57.254Z] [DEBUG] Finding reports to execute in company_9jxwph8g (current time: 2025-06-30T01:55:57.254Z)
[2025-06-30T01:55:57.317Z] [INFO] Found 0 reports to execute in company_9jxwph8g
[2025-06-30T01:55:57.320Z] [DEBUG] Processing company database: company_ey1a4uyd
[2025-06-30T01:55:57.385Z] [DEBUG] Skipping company_ey1a4uyd: No scheduled reports collection found
[2025-06-30T01:55:57.391Z] [INFO] Scheduled reports check completed
[2025-06-30T01:55:57.398Z] [DEBUG] MongoDB connection closed
[2025-06-30T01:56:26.479Z] [INFO] Checking for scheduled reports...
[2025-06-30T01:56:27.101Z] [DEBUG] Connected to MongoDB
[2025-06-30T01:56:27.175Z] [INFO] Found 2 company databases
[2025-06-30T01:56:27.181Z] [DEBUG] Processing company database: company_9jxwph8g
[2025-06-30T01:56:27.248Z] [DEBUG] Finding reports to execute in company_9jxwph8g (current time: 2025-06-30T01:56:27.248Z)
[2025-06-30T01:56:27.310Z] [INFO] Found 0 reports to execute in company_9jxwph8g
[2025-06-30T01:56:27.313Z] [DEBUG] Processing company database: company_ey1a4uyd
[2025-06-30T01:56:27.376Z] [DEBUG] Skipping company_ey1a4uyd: No scheduled reports collection found
[2025-06-30T01:56:27.379Z] [INFO] Scheduled reports check completed
[2025-06-30T01:56:27.394Z] [DEBUG] MongoDB connection closed
[2025-06-30T01:56:56.504Z] [INFO] Checking for scheduled reports...
[2025-06-30T01:56:57.514Z] [DEBUG] Connected to MongoDB
[2025-06-30T01:56:57.618Z] [INFO] Found 2 company databases
[2025-06-30T01:56:57.619Z] [DEBUG] Processing company database: company_9jxwph8g
[2025-06-30T01:56:57.715Z] [DEBUG] Finding reports to execute in company_9jxwph8g (current time: 2025-06-30T01:56:57.715Z)
[2025-06-30T01:56:57.826Z] [INFO] Found 0 reports to execute in company_9jxwph8g
[2025-06-30T01:56:57.827Z] [DEBUG] Processing company database: company_ey1a4uyd
[2025-06-30T01:56:57.891Z] [DEBUG] Skipping company_ey1a4uyd: No scheduled reports collection found
[2025-06-30T01:56:57.894Z] [INFO] Scheduled reports check completed
[2025-06-30T01:56:57.903Z] [DEBUG] MongoDB connection closed
[2025-06-30T01:57:26.524Z] [INFO] Checking for scheduled reports...
[2025-06-30T01:57:27.153Z] [DEBUG] Connected to MongoDB
[2025-06-30T01:57:27.282Z] [INFO] Found 2 company databases
[2025-06-30T01:57:27.284Z] [DEBUG] Processing company database: company_9jxwph8g
[2025-06-30T01:57:27.347Z] [DEBUG] Finding reports to execute in company_9jxwph8g (current time: 2025-06-30T01:57:27.347Z)
[2025-06-30T01:57:27.409Z] [INFO] Found 0 reports to execute in company_9jxwph8g
[2025-06-30T01:57:27.411Z] [DEBUG] Processing company database: company_ey1a4uyd
[2025-06-30T01:57:27.573Z] [DEBUG] Skipping company_ey1a4uyd: No scheduled reports collection found
[2025-06-30T01:57:27.576Z] [INFO] Scheduled reports check completed
[2025-06-30T01:57:27.584Z] [DEBUG] MongoDB connection closed
[2025-06-30T01:57:56.543Z] [INFO] Checking for scheduled reports...
[2025-06-30T01:57:57.156Z] [DEBUG] Connected to MongoDB
[2025-06-30T01:57:57.225Z] [INFO] Found 2 company databases
[2025-06-30T01:57:57.227Z] [DEBUG] Processing company database: company_9jxwph8g
[2025-06-30T01:57:57.289Z] [DEBUG] Finding reports to execute in company_9jxwph8g (current time: 2025-06-30T01:57:57.289Z)
[2025-06-30T01:57:57.374Z] [INFO] Found 0 reports to execute in company_9jxwph8g
[2025-06-30T01:57:57.375Z] [DEBUG] Processing company database: company_ey1a4uyd
[2025-06-30T01:57:57.433Z] [DEBUG] Skipping company_ey1a4uyd: No scheduled reports collection found
[2025-06-30T01:57:57.435Z] [INFO] Scheduled reports check completed
[2025-06-30T01:57:57.440Z] [DEBUG] MongoDB connection closed
[2025-06-30T01:58:26.565Z] [INFO] Checking for scheduled reports...
[2025-06-30T01:58:27.541Z] [DEBUG] Connected to MongoDB
[2025-06-30T01:58:27.609Z] [INFO] Found 2 company databases
[2025-06-30T01:58:27.610Z] [DEBUG] Processing company database: company_9jxwph8g
[2025-06-30T01:58:27.667Z] [DEBUG] Finding reports to execute in company_9jxwph8g (current time: 2025-06-30T01:58:27.667Z)
[2025-06-30T01:58:27.725Z] [INFO] Found 0 reports to execute in company_9jxwph8g
[2025-06-30T01:58:27.726Z] [DEBUG] Processing company database: company_ey1a4uyd
[2025-06-30T01:58:27.782Z] [DEBUG] Skipping company_ey1a4uyd: No scheduled reports collection found
[2025-06-30T01:58:27.784Z] [INFO] Scheduled reports check completed
[2025-06-30T01:58:27.789Z] [DEBUG] MongoDB connection closed
[2025-06-30T01:58:56.583Z] [INFO] Checking for scheduled reports...
[2025-06-30T01:58:57.210Z] [DEBUG] Connected to MongoDB
[2025-06-30T01:58:57.335Z] [INFO] Found 2 company databases
[2025-06-30T01:58:57.336Z] [DEBUG] Processing company database: company_9jxwph8g
[2025-06-30T01:58:57.490Z] [DEBUG] Finding reports to execute in company_9jxwph8g (current time: 2025-06-30T01:58:57.490Z)
[2025-06-30T01:58:57.547Z] [INFO] Found 0 reports to execute in company_9jxwph8g
[2025-06-30T01:58:57.548Z] [DEBUG] Processing company database: company_ey1a4uyd
[2025-06-30T01:58:57.605Z] [DEBUG] Skipping company_ey1a4uyd: No scheduled reports collection found
[2025-06-30T01:58:57.607Z] [INFO] Scheduled reports check completed
[2025-06-30T01:58:57.613Z] [DEBUG] MongoDB connection closed
[2025-06-30T01:59:26.602Z] [INFO] Checking for scheduled reports...
[2025-06-30T01:59:27.248Z] [DEBUG] Connected to MongoDB
[2025-06-30T01:59:27.314Z] [INFO] Found 2 company databases
[2025-06-30T01:59:27.318Z] [DEBUG] Processing company database: company_9jxwph8g
[2025-06-30T01:59:27.375Z] [DEBUG] Finding reports to execute in company_9jxwph8g (current time: 2025-06-30T01:59:27.375Z)
[2025-06-30T01:59:27.437Z] [INFO] Found 0 reports to execute in company_9jxwph8g
[2025-06-30T01:59:27.439Z] [DEBUG] Processing company database: company_ey1a4uyd
[2025-06-30T01:59:27.493Z] [DEBUG] Skipping company_ey1a4uyd: No scheduled reports collection found
[2025-06-30T01:59:27.495Z] [INFO] Scheduled reports check completed
[2025-06-30T01:59:27.499Z] [DEBUG] MongoDB connection closed
[2025-06-30T01:59:56.628Z] [INFO] Checking for scheduled reports...
[2025-06-30T01:59:57.513Z] [DEBUG] Connected to MongoDB
[2025-06-30T01:59:57.584Z] [INFO] Found 2 company databases
[2025-06-30T01:59:57.585Z] [DEBUG] Processing company database: company_9jxwph8g
[2025-06-30T01:59:57.642Z] [DEBUG] Finding reports to execute in company_9jxwph8g (current time: 2025-06-30T01:59:57.642Z)
[2025-06-30T01:59:57.698Z] [INFO] Found 0 reports to execute in company_9jxwph8g
[2025-06-30T01:59:57.700Z] [DEBUG] Processing company database: company_ey1a4uyd
[2025-06-30T01:59:57.755Z] [DEBUG] Skipping company_ey1a4uyd: No scheduled reports collection found
[2025-06-30T01:59:57.757Z] [INFO] Scheduled reports check completed
[2025-06-30T01:59:57.764Z] [DEBUG] MongoDB connection closed
[2025-06-30T02:00:26.648Z] [INFO] Checking for scheduled reports...
[2025-06-30T02:00:27.296Z] [DEBUG] Connected to MongoDB
[2025-06-30T02:00:27.362Z] [INFO] Found 2 company databases
[2025-06-30T02:00:27.364Z] [DEBUG] Processing company database: company_9jxwph8g
[2025-06-30T02:00:27.421Z] [DEBUG] Finding reports to execute in company_9jxwph8g (current time: 2025-06-30T02:00:27.421Z)
[2025-06-30T02:00:27.476Z] [INFO] Found 0 reports to execute in company_9jxwph8g
[2025-06-30T02:00:27.478Z] [DEBUG] Processing company database: company_ey1a4uyd
[2025-06-30T02:00:27.533Z] [DEBUG] Skipping company_ey1a4uyd: No scheduled reports collection found
[2025-06-30T02:00:27.535Z] [INFO] Scheduled reports check completed
[2025-06-30T02:00:27.542Z] [DEBUG] MongoDB connection closed
[2025-06-30T02:00:56.660Z] [INFO] Checking for scheduled reports...
[2025-06-30T02:00:57.212Z] [DEBUG] Connected to MongoDB
[2025-06-30T02:00:57.273Z] [INFO] Found 2 company databases
[2025-06-30T02:00:57.274Z] [DEBUG] Processing company database: company_9jxwph8g
[2025-06-30T02:00:57.324Z] [DEBUG] Finding reports to execute in company_9jxwph8g (current time: 2025-06-30T02:00:57.324Z)
[2025-06-30T02:00:57.378Z] [INFO] Found 0 reports to execute in company_9jxwph8g
[2025-06-30T02:00:57.379Z] [DEBUG] Processing company database: company_ey1a4uyd
[2025-06-30T02:00:57.502Z] [DEBUG] Skipping company_ey1a4uyd: No scheduled reports collection found
[2025-06-30T02:00:57.504Z] [INFO] Scheduled reports check completed
[2025-06-30T02:00:57.506Z] [DEBUG] MongoDB connection closed
[2025-06-30T02:01:16.099Z] [INFO] Starting scheduled reports daemon with check interval of 30000ms
[2025-06-30T02:01:16.102Z] [INFO] Checking for scheduled reports...
[2025-06-30T02:01:16.983Z] [DEBUG] Connected to MongoDB
[2025-06-30T02:01:17.045Z] [INFO] Found 2 company databases
[2025-06-30T02:01:17.045Z] [DEBUG] Processing company database: company_9jxwph8g
[2025-06-30T02:01:17.099Z] [DEBUG] Finding reports to execute in company_9jxwph8g (current time: 2025-06-30T02:01:17.099Z)
[2025-06-30T02:01:17.148Z] [INFO] Found 0 reports to execute in company_9jxwph8g
[2025-06-30T02:01:17.149Z] [DEBUG] Processing company database: company_ey1a4uyd
[2025-06-30T02:01:17.197Z] [DEBUG] Skipping company_ey1a4uyd: No scheduled reports collection found
[2025-06-30T02:01:17.197Z] [INFO] Scheduled reports check completed
[2025-06-30T02:01:17.200Z] [DEBUG] MongoDB connection closed
[2025-06-30T02:01:17.200Z] [INFO] Daemon is now running continuously...
[2025-06-30T02:01:26.680Z] [INFO] Checking for scheduled reports...
[2025-06-30T02:01:27.288Z] [DEBUG] Connected to MongoDB
[2025-06-30T02:01:27.356Z] [INFO] Found 2 company databases
[2025-06-30T02:01:27.359Z] [DEBUG] Processing company database: company_9jxwph8g
[2025-06-30T02:01:27.415Z] [DEBUG] Finding reports to execute in company_9jxwph8g (current time: 2025-06-30T02:01:27.415Z)
[2025-06-30T02:01:27.472Z] [INFO] Found 0 reports to execute in company_9jxwph8g
[2025-06-30T02:01:27.475Z] [DEBUG] Processing company database: company_ey1a4uyd
[2025-06-30T02:01:27.529Z] [DEBUG] Skipping company_ey1a4uyd: No scheduled reports collection found
[2025-06-30T02:01:27.532Z] [INFO] Scheduled reports check completed
[2025-06-30T02:01:27.537Z] [DEBUG] MongoDB connection closed
[2025-06-30T02:01:56.700Z] [INFO] Checking for scheduled reports...
[2025-06-30T02:01:57.414Z] [DEBUG] Connected to MongoDB
[2025-06-30T02:01:57.484Z] [INFO] Found 2 company databases
[2025-06-30T02:01:57.487Z] [DEBUG] Processing company database: company_9jxwph8g
[2025-06-30T02:01:57.545Z] [DEBUG] Finding reports to execute in company_9jxwph8g (current time: 2025-06-30T02:01:57.545Z)
[2025-06-30T02:01:57.626Z] [INFO] Found 0 reports to execute in company_9jxwph8g
[2025-06-30T02:01:57.632Z] [DEBUG] Processing company database: company_ey1a4uyd
[2025-06-30T02:01:57.691Z] [DEBUG] Skipping company_ey1a4uyd: No scheduled reports collection found
[2025-06-30T02:01:57.693Z] [INFO] Scheduled reports check completed
[2025-06-30T02:01:57.697Z] [DEBUG] MongoDB connection closed
[2025-06-30T02:12:29.089Z] [INFO] Starting scheduled reports daemon with check interval of 30000ms
[2025-06-30T02:12:29.092Z] [INFO] Checking for scheduled reports...
[2025-06-30T02:12:30.052Z] [DEBUG] Connected to MongoDB
[2025-06-30T02:12:30.197Z] [INFO] Found 2 company databases
[2025-06-30T02:12:30.198Z] [DEBUG] Processing company database: company_9jxwph8g
[2025-06-30T02:12:30.266Z] [DEBUG] Finding reports to execute in company_9jxwph8g (current time: 2025-06-30T02:12:30.266Z)
[2025-06-30T02:12:30.319Z] [INFO] Found 0 reports to execute in company_9jxwph8g
[2025-06-30T02:12:30.320Z] [DEBUG] Processing company database: company_ey1a4uyd
[2025-06-30T02:12:30.373Z] [DEBUG] Skipping company_ey1a4uyd: No scheduled reports collection found
[2025-06-30T02:12:30.373Z] [INFO] Scheduled reports check completed
[2025-06-30T02:12:30.375Z] [DEBUG] MongoDB connection closed
[2025-06-30T02:12:30.376Z] [INFO] Daemon is now running continuously...
[2025-06-30T02:13:00.377Z] [INFO] Checking for scheduled reports...
[2025-06-30T02:13:01.573Z] [DEBUG] Connected to MongoDB
[2025-06-30T02:13:01.643Z] [INFO] Found 2 company databases
[2025-06-30T02:13:01.643Z] [DEBUG] Processing company database: company_9jxwph8g
[2025-06-30T02:13:01.702Z] [DEBUG] Finding reports to execute in company_9jxwph8g (current time: 2025-06-30T02:13:01.702Z)
[2025-06-30T02:13:01.758Z] [INFO] Found 0 reports to execute in company_9jxwph8g
[2025-06-30T02:13:01.759Z] [DEBUG] Processing company database: company_ey1a4uyd
[2025-06-30T02:13:01.815Z] [DEBUG] Skipping company_ey1a4uyd: No scheduled reports collection found
[2025-06-30T02:13:01.815Z] [INFO] Scheduled reports check completed
[2025-06-30T02:13:01.817Z] [DEBUG] MongoDB connection closed
[2025-06-30T02:13:30.376Z] [INFO] Checking for scheduled reports...
[2025-06-30T02:13:31.221Z] [DEBUG] Connected to MongoDB
[2025-06-30T02:13:31.288Z] [INFO] Found 2 company databases
[2025-06-30T02:13:31.288Z] [DEBUG] Processing company database: company_9jxwph8g
[2025-06-30T02:13:31.350Z] [DEBUG] Finding reports to execute in company_9jxwph8g (current time: 2025-06-30T02:13:31.350Z)
[2025-06-30T02:13:31.406Z] [INFO] Found 0 reports to execute in company_9jxwph8g
[2025-06-30T02:13:31.406Z] [DEBUG] Processing company database: company_ey1a4uyd
[2025-06-30T02:13:31.461Z] [DEBUG] Skipping company_ey1a4uyd: No scheduled reports collection found
[2025-06-30T02:13:31.461Z] [INFO] Scheduled reports check completed
[2025-06-30T02:13:31.465Z] [DEBUG] MongoDB connection closed
[2025-06-30T02:14:00.431Z] [INFO] Checking for scheduled reports...
[2025-06-30T02:14:01.228Z] [DEBUG] Connected to MongoDB
[2025-06-30T02:14:01.294Z] [INFO] Found 2 company databases
[2025-06-30T02:14:01.295Z] [DEBUG] Processing company database: company_9jxwph8g
[2025-06-30T02:14:01.349Z] [DEBUG] Finding reports to execute in company_9jxwph8g (current time: 2025-06-30T02:14:01.349Z)
[2025-06-30T02:14:01.403Z] [INFO] Found 0 reports to execute in company_9jxwph8g
[2025-06-30T02:14:01.404Z] [DEBUG] Processing company database: company_ey1a4uyd
[2025-06-30T02:14:01.457Z] [DEBUG] Skipping company_ey1a4uyd: No scheduled reports collection found
[2025-06-30T02:14:01.458Z] [INFO] Scheduled reports check completed
[2025-06-30T02:14:01.461Z] [DEBUG] MongoDB connection closed
[2025-06-30T02:14:30.432Z] [INFO] Checking for scheduled reports...
[2025-06-30T02:14:31.209Z] [DEBUG] Connected to MongoDB
[2025-06-30T02:14:31.290Z] [INFO] Found 2 company databases
[2025-06-30T02:14:31.291Z] [DEBUG] Processing company database: company_9jxwph8g
[2025-06-30T02:14:31.346Z] [DEBUG] Finding reports to execute in company_9jxwph8g (current time: 2025-06-30T02:14:31.346Z)
[2025-06-30T02:14:31.400Z] [INFO] Found 0 reports to execute in company_9jxwph8g
[2025-06-30T02:14:31.400Z] [DEBUG] Processing company database: company_ey1a4uyd
[2025-06-30T02:14:31.454Z] [DEBUG] Skipping company_ey1a4uyd: No scheduled reports collection found
[2025-06-30T02:14:31.455Z] [INFO] Scheduled reports check completed
[2025-06-30T02:14:31.456Z] [DEBUG] MongoDB connection closed
[2025-06-30T02:15:00.433Z] [INFO] Checking for scheduled reports...
[2025-06-30T02:15:01.237Z] [DEBUG] Connected to MongoDB
[2025-06-30T02:15:01.305Z] [INFO] Found 2 company databases
[2025-06-30T02:15:01.305Z] [DEBUG] Processing company database: company_9jxwph8g
[2025-06-30T02:15:01.388Z] [DEBUG] Finding reports to execute in company_9jxwph8g (current time: 2025-06-30T02:15:01.388Z)
[2025-06-30T02:15:01.483Z] [INFO] Found 0 reports to execute in company_9jxwph8g
[2025-06-30T02:15:01.484Z] [DEBUG] Processing company database: company_ey1a4uyd
[2025-06-30T02:15:01.549Z] [DEBUG] Skipping company_ey1a4uyd: No scheduled reports collection found
[2025-06-30T02:15:01.550Z] [INFO] Scheduled reports check completed
[2025-06-30T02:15:01.552Z] [DEBUG] MongoDB connection closed
[2025-06-30T02:15:30.434Z] [INFO] Checking for scheduled reports...
[2025-06-30T02:15:31.348Z] [DEBUG] Connected to MongoDB
[2025-06-30T02:15:31.414Z] [INFO] Found 2 company databases
[2025-06-30T02:15:31.415Z] [DEBUG] Processing company database: company_9jxwph8g
[2025-06-30T02:15:31.470Z] [DEBUG] Finding reports to execute in company_9jxwph8g (current time: 2025-06-30T02:15:31.470Z)
[2025-06-30T02:15:31.525Z] [INFO] Found 0 reports to execute in company_9jxwph8g
[2025-06-30T02:15:31.526Z] [DEBUG] Processing company database: company_ey1a4uyd
[2025-06-30T02:15:31.615Z] [DEBUG] Skipping company_ey1a4uyd: No scheduled reports collection found
[2025-06-30T02:15:31.616Z] [INFO] Scheduled reports check completed
[2025-06-30T02:15:31.617Z] [DEBUG] MongoDB connection closed
[2025-06-30T02:16:00.434Z] [INFO] Checking for scheduled reports...
[2025-06-30T02:16:01.092Z] [DEBUG] Connected to MongoDB
[2025-06-30T02:16:01.158Z] [INFO] Found 2 company databases
[2025-06-30T02:16:01.159Z] [DEBUG] Processing company database: company_9jxwph8g
[2025-06-30T02:16:01.214Z] [DEBUG] Finding reports to execute in company_9jxwph8g (current time: 2025-06-30T02:16:01.214Z)
[2025-06-30T02:16:01.269Z] [INFO] Found 0 reports to execute in company_9jxwph8g
[2025-06-30T02:16:01.269Z] [DEBUG] Processing company database: company_ey1a4uyd
[2025-06-30T02:16:01.325Z] [DEBUG] Skipping company_ey1a4uyd: No scheduled reports collection found
[2025-06-30T02:16:01.326Z] [INFO] Scheduled reports check completed
[2025-06-30T02:16:01.329Z] [DEBUG] MongoDB connection closed
[2025-06-30T02:16:30.436Z] [INFO] Checking for scheduled reports...
[2025-06-30T02:16:31.131Z] [DEBUG] Connected to MongoDB
[2025-06-30T02:16:31.196Z] [INFO] Found 2 company databases
[2025-06-30T02:16:31.197Z] [DEBUG] Processing company database: company_9jxwph8g
[2025-06-30T02:16:31.251Z] [DEBUG] Finding reports to execute in company_9jxwph8g (current time: 2025-06-30T02:16:31.251Z)
[2025-06-30T02:16:31.312Z] [INFO] Found 0 reports to execute in company_9jxwph8g
[2025-06-30T02:16:31.313Z] [DEBUG] Processing company database: company_ey1a4uyd
[2025-06-30T02:16:31.367Z] [DEBUG] Skipping company_ey1a4uyd: No scheduled reports collection found
[2025-06-30T02:16:31.368Z] [INFO] Scheduled reports check completed
[2025-06-30T02:16:31.371Z] [DEBUG] MongoDB connection closed
[2025-06-30T02:17:00.436Z] [INFO] Checking for scheduled reports...
[2025-06-30T02:17:01.328Z] [DEBUG] Connected to MongoDB
[2025-06-30T02:17:01.399Z] [INFO] Found 2 company databases
[2025-06-30T02:17:01.402Z] [DEBUG] Processing company database: company_9jxwph8g
[2025-06-30T02:17:01.458Z] [DEBUG] Finding reports to execute in company_9jxwph8g (current time: 2025-06-30T02:17:01.458Z)
[2025-06-30T02:17:01.512Z] [INFO] Found 0 reports to execute in company_9jxwph8g
[2025-06-30T02:17:01.512Z] [DEBUG] Processing company database: company_ey1a4uyd
[2025-06-30T02:17:01.565Z] [DEBUG] Skipping company_ey1a4uyd: No scheduled reports collection found
[2025-06-30T02:17:01.566Z] [INFO] Scheduled reports check completed
[2025-06-30T02:17:01.567Z] [DEBUG] MongoDB connection closed
[2025-06-30T02:17:30.438Z] [INFO] Checking for scheduled reports...
[2025-06-30T02:17:31.166Z] [DEBUG] Connected to MongoDB
[2025-06-30T02:17:31.263Z] [INFO] Found 2 company databases
[2025-06-30T02:17:31.264Z] [DEBUG] Processing company database: company_9jxwph8g
[2025-06-30T02:17:31.320Z] [DEBUG] Finding reports to execute in company_9jxwph8g (current time: 2025-06-30T02:17:31.320Z)
[2025-06-30T02:17:31.378Z] [INFO] Found 0 reports to execute in company_9jxwph8g
[2025-06-30T02:17:31.378Z] [DEBUG] Processing company database: company_ey1a4uyd
[2025-06-30T02:17:31.436Z] [DEBUG] Skipping company_ey1a4uyd: No scheduled reports collection found
[2025-06-30T02:17:31.437Z] [INFO] Scheduled reports check completed
[2025-06-30T02:17:31.439Z] [DEBUG] MongoDB connection closed
[2025-06-30T02:18:00.440Z] [INFO] Checking for scheduled reports...
[2025-06-30T02:18:01.116Z] [DEBUG] Connected to MongoDB
[2025-06-30T02:18:01.182Z] [INFO] Found 2 company databases
[2025-06-30T02:18:01.183Z] [DEBUG] Processing company database: company_9jxwph8g
[2025-06-30T02:18:01.239Z] [DEBUG] Finding reports to execute in company_9jxwph8g (current time: 2025-06-30T02:18:01.239Z)
[2025-06-30T02:18:01.295Z] [INFO] Found 0 reports to execute in company_9jxwph8g
[2025-06-30T02:18:01.296Z] [DEBUG] Processing company database: company_ey1a4uyd
[2025-06-30T02:18:01.351Z] [DEBUG] Skipping company_ey1a4uyd: No scheduled reports collection found
[2025-06-30T02:18:01.351Z] [INFO] Scheduled reports check completed
[2025-06-30T02:18:01.354Z] [DEBUG] MongoDB connection closed
[2025-06-30T02:18:30.441Z] [INFO] Checking for scheduled reports...
[2025-06-30T02:18:31.239Z] [DEBUG] Connected to MongoDB
[2025-06-30T02:18:31.306Z] [INFO] Found 2 company databases
[2025-06-30T02:18:31.306Z] [DEBUG] Processing company database: company_9jxwph8g
[2025-06-30T02:18:31.362Z] [DEBUG] Finding reports to execute in company_9jxwph8g (current time: 2025-06-30T02:18:31.362Z)
[2025-06-30T02:18:31.416Z] [INFO] Found 0 reports to execute in company_9jxwph8g
[2025-06-30T02:18:31.417Z] [DEBUG] Processing company database: company_ey1a4uyd
[2025-06-30T02:18:31.471Z] [DEBUG] Skipping company_ey1a4uyd: No scheduled reports collection found
[2025-06-30T02:18:31.471Z] [INFO] Scheduled reports check completed
[2025-06-30T02:18:31.473Z] [DEBUG] MongoDB connection closed
[2025-06-30T02:19:00.443Z] [INFO] Checking for scheduled reports...
[2025-06-30T02:19:01.118Z] [DEBUG] Connected to MongoDB
[2025-06-30T02:19:01.183Z] [INFO] Found 2 company databases
[2025-06-30T02:19:01.183Z] [DEBUG] Processing company database: company_9jxwph8g
[2025-06-30T02:19:01.238Z] [DEBUG] Finding reports to execute in company_9jxwph8g (current time: 2025-06-30T02:19:01.238Z)
[2025-06-30T02:19:01.294Z] [INFO] Found 0 reports to execute in company_9jxwph8g
[2025-06-30T02:19:01.294Z] [DEBUG] Processing company database: company_ey1a4uyd
[2025-06-30T02:19:01.359Z] [DEBUG] Skipping company_ey1a4uyd: No scheduled reports collection found
[2025-06-30T02:19:01.359Z] [INFO] Scheduled reports check completed
[2025-06-30T02:19:01.362Z] [DEBUG] MongoDB connection closed
[2025-06-30T02:19:30.445Z] [INFO] Checking for scheduled reports...
[2025-06-30T02:19:31.228Z] [DEBUG] Connected to MongoDB
[2025-06-30T02:19:31.293Z] [INFO] Found 2 company databases
[2025-06-30T02:19:31.294Z] [DEBUG] Processing company database: company_9jxwph8g
[2025-06-30T02:19:31.350Z] [DEBUG] Finding reports to execute in company_9jxwph8g (current time: 2025-06-30T02:19:31.350Z)
[2025-06-30T02:19:31.451Z] [INFO] Found 0 reports to execute in company_9jxwph8g
[2025-06-30T02:19:31.452Z] [DEBUG] Processing company database: company_ey1a4uyd
[2025-06-30T02:19:31.507Z] [DEBUG] Skipping company_ey1a4uyd: No scheduled reports collection found
[2025-06-30T02:19:31.507Z] [INFO] Scheduled reports check completed
[2025-06-30T02:19:31.512Z] [DEBUG] MongoDB connection closed
[2025-06-30T02:20:00.446Z] [INFO] Checking for scheduled reports...
[2025-06-30T02:20:01.326Z] [DEBUG] Connected to MongoDB
[2025-06-30T02:20:01.391Z] [INFO] Found 2 company databases
[2025-06-30T02:20:01.392Z] [DEBUG] Processing company database: company_9jxwph8g
[2025-06-30T02:20:01.446Z] [DEBUG] Finding reports to execute in company_9jxwph8g (current time: 2025-06-30T02:20:01.446Z)
[2025-06-30T02:20:01.500Z] [INFO] Found 0 reports to execute in company_9jxwph8g
[2025-06-30T02:20:01.501Z] [DEBUG] Processing company database: company_ey1a4uyd
[2025-06-30T02:20:01.555Z] [DEBUG] Skipping company_ey1a4uyd: No scheduled reports collection found
[2025-06-30T02:20:01.556Z] [INFO] Scheduled reports check completed
[2025-06-30T02:20:01.558Z] [DEBUG] MongoDB connection closed
[2025-06-30T02:20:30.447Z] [INFO] Checking for scheduled reports...
[2025-06-30T02:20:31.187Z] [DEBUG] Connected to MongoDB
[2025-06-30T02:20:31.254Z] [INFO] Found 2 company databases
[2025-06-30T02:20:31.254Z] [DEBUG] Processing company database: company_9jxwph8g
[2025-06-30T02:20:31.312Z] [DEBUG] Finding reports to execute in company_9jxwph8g (current time: 2025-06-30T02:20:31.312Z)
[2025-06-30T02:20:31.368Z] [INFO] Found 0 reports to execute in company_9jxwph8g
[2025-06-30T02:20:31.369Z] [DEBUG] Processing company database: company_ey1a4uyd
[2025-06-30T02:20:31.505Z] [DEBUG] Skipping company_ey1a4uyd: No scheduled reports collection found
[2025-06-30T02:20:31.506Z] [INFO] Scheduled reports check completed
[2025-06-30T02:20:31.509Z] [DEBUG] MongoDB connection closed
[2025-06-30T02:21:00.449Z] [INFO] Checking for scheduled reports...
[2025-06-30T02:21:01.091Z] [DEBUG] Connected to MongoDB
[2025-06-30T02:21:01.157Z] [INFO] Found 2 company databases
[2025-06-30T02:21:01.158Z] [DEBUG] Processing company database: company_9jxwph8g
[2025-06-30T02:21:01.213Z] [DEBUG] Finding reports to execute in company_9jxwph8g (current time: 2025-06-30T02:21:01.213Z)
[2025-06-30T02:21:01.269Z] [INFO] Found 0 reports to execute in company_9jxwph8g
[2025-06-30T02:21:01.270Z] [DEBUG] Processing company database: company_ey1a4uyd
[2025-06-30T02:21:01.325Z] [DEBUG] Skipping company_ey1a4uyd: No scheduled reports collection found
[2025-06-30T02:21:01.326Z] [INFO] Scheduled reports check completed
[2025-06-30T02:21:01.329Z] [DEBUG] MongoDB connection closed
[2025-06-30T02:21:30.450Z] [INFO] Checking for scheduled reports...
[2025-06-30T02:21:31.330Z] [DEBUG] Connected to MongoDB
[2025-06-30T02:21:31.395Z] [INFO] Found 2 company databases
[2025-06-30T02:21:31.395Z] [DEBUG] Processing company database: company_9jxwph8g
[2025-06-30T02:21:31.451Z] [DEBUG] Finding reports to execute in company_9jxwph8g (current time: 2025-06-30T02:21:31.451Z)
[2025-06-30T02:21:31.505Z] [INFO] Found 0 reports to execute in company_9jxwph8g
[2025-06-30T02:21:31.505Z] [DEBUG] Processing company database: company_ey1a4uyd
[2025-06-30T02:21:31.558Z] [DEBUG] Skipping company_ey1a4uyd: No scheduled reports collection found
[2025-06-30T02:21:31.559Z] [INFO] Scheduled reports check completed
[2025-06-30T02:21:31.561Z] [DEBUG] MongoDB connection closed
[2025-06-30T02:22:00.451Z] [INFO] Checking for scheduled reports...
[2025-06-30T02:22:01.088Z] [DEBUG] Connected to MongoDB
[2025-06-30T02:22:01.152Z] [INFO] Found 2 company databases
[2025-06-30T02:22:01.152Z] [DEBUG] Processing company database: company_9jxwph8g
[2025-06-30T02:22:01.205Z] [DEBUG] Finding reports to execute in company_9jxwph8g (current time: 2025-06-30T02:22:01.205Z)
[2025-06-30T02:22:01.328Z] [INFO] Found 0 reports to execute in company_9jxwph8g
[2025-06-30T02:22:01.328Z] [DEBUG] Processing company database: company_ey1a4uyd
[2025-06-30T02:22:01.381Z] [DEBUG] Skipping company_ey1a4uyd: No scheduled reports collection found
[2025-06-30T02:22:01.382Z] [INFO] Scheduled reports check completed
[2025-06-30T02:22:01.383Z] [DEBUG] MongoDB connection closed
[2025-06-30T02:22:30.452Z] [INFO] Checking for scheduled reports...
[2025-06-30T02:22:31.176Z] [DEBUG] Connected to MongoDB
[2025-06-30T02:22:31.241Z] [INFO] Found 2 company databases
[2025-06-30T02:22:31.241Z] [DEBUG] Processing company database: company_9jxwph8g
[2025-06-30T02:22:31.316Z] [DEBUG] Finding reports to execute in company_9jxwph8g (current time: 2025-06-30T02:22:31.316Z)
[2025-06-30T02:22:31.369Z] [INFO] Found 0 reports to execute in company_9jxwph8g
[2025-06-30T02:22:31.370Z] [DEBUG] Processing company database: company_ey1a4uyd
[2025-06-30T02:22:31.423Z] [DEBUG] Skipping company_ey1a4uyd: No scheduled reports collection found
[2025-06-30T02:22:31.424Z] [INFO] Scheduled reports check completed
[2025-06-30T02:22:31.425Z] [DEBUG] MongoDB connection closed
[2025-06-30T02:23:00.453Z] [INFO] Checking for scheduled reports...
[2025-06-30T02:23:01.178Z] [DEBUG] Connected to MongoDB
[2025-06-30T02:23:01.243Z] [INFO] Found 2 company databases
[2025-06-30T02:23:01.244Z] [DEBUG] Processing company database: company_9jxwph8g
[2025-06-30T02:23:01.298Z] [DEBUG] Finding reports to execute in company_9jxwph8g (current time: 2025-06-30T02:23:01.298Z)
[2025-06-30T02:23:01.352Z] [INFO] Found 0 reports to execute in company_9jxwph8g
[2025-06-30T02:23:01.353Z] [DEBUG] Processing company database: company_ey1a4uyd
[2025-06-30T02:23:01.407Z] [DEBUG] Skipping company_ey1a4uyd: No scheduled reports collection found
[2025-06-30T02:23:01.408Z] [INFO] Scheduled reports check completed
[2025-06-30T02:23:01.410Z] [DEBUG] MongoDB connection closed
[2025-06-30T02:23:30.453Z] [INFO] Checking for scheduled reports...
[2025-06-30T02:23:31.156Z] [DEBUG] Connected to MongoDB
[2025-06-30T02:23:31.221Z] [INFO] Found 2 company databases
[2025-06-30T02:23:31.222Z] [DEBUG] Processing company database: company_9jxwph8g
[2025-06-30T02:23:31.277Z] [DEBUG] Finding reports to execute in company_9jxwph8g (current time: 2025-06-30T02:23:31.277Z)
[2025-06-30T02:23:31.330Z] [INFO] Found 0 reports to execute in company_9jxwph8g
[2025-06-30T02:23:31.331Z] [DEBUG] Processing company database: company_ey1a4uyd
[2025-06-30T02:23:31.384Z] [DEBUG] Skipping company_ey1a4uyd: No scheduled reports collection found
[2025-06-30T02:23:31.385Z] [INFO] Scheduled reports check completed
[2025-06-30T02:23:31.388Z] [DEBUG] MongoDB connection closed
[2025-06-30T02:24:00.453Z] [INFO] Checking for scheduled reports...
[2025-06-30T02:24:01.068Z] [DEBUG] Connected to MongoDB
[2025-06-30T02:24:01.133Z] [INFO] Found 2 company databases
[2025-06-30T02:24:01.133Z] [DEBUG] Processing company database: company_9jxwph8g
[2025-06-30T02:24:01.259Z] [DEBUG] Finding reports to execute in company_9jxwph8g (current time: 2025-06-30T02:24:01.259Z)
[2025-06-30T02:24:01.313Z] [INFO] Found 0 reports to execute in company_9jxwph8g
[2025-06-30T02:24:01.314Z] [DEBUG] Processing company database: company_ey1a4uyd
[2025-06-30T02:24:01.368Z] [DEBUG] Skipping company_ey1a4uyd: No scheduled reports collection found
[2025-06-30T02:24:01.368Z] [INFO] Scheduled reports check completed
[2025-06-30T02:24:01.370Z] [DEBUG] MongoDB connection closed
[2025-06-30T02:24:30.454Z] [INFO] Checking for scheduled reports...
[2025-06-30T02:24:31.507Z] [DEBUG] Connected to MongoDB
[2025-06-30T02:24:31.571Z] [INFO] Found 2 company databases
[2025-06-30T02:24:31.572Z] [DEBUG] Processing company database: company_9jxwph8g
[2025-06-30T02:24:31.657Z] [DEBUG] Finding reports to execute in company_9jxwph8g (current time: 2025-06-30T02:24:31.657Z)
[2025-06-30T02:24:31.711Z] [INFO] Found 0 reports to execute in company_9jxwph8g
[2025-06-30T02:24:31.711Z] [DEBUG] Processing company database: company_ey1a4uyd
[2025-06-30T02:24:31.776Z] [DEBUG] Skipping company_ey1a4uyd: No scheduled reports collection found
[2025-06-30T02:24:31.777Z] [INFO] Scheduled reports check completed
[2025-06-30T02:24:31.779Z] [DEBUG] MongoDB connection closed
[2025-06-30T02:25:00.454Z] [INFO] Checking for scheduled reports...
[2025-06-30T02:25:01.110Z] [DEBUG] Connected to MongoDB
[2025-06-30T02:25:01.181Z] [INFO] Found 2 company databases
[2025-06-30T02:25:01.181Z] [DEBUG] Processing company database: company_9jxwph8g
[2025-06-30T02:25:01.239Z] [DEBUG] Finding reports to execute in company_9jxwph8g (current time: 2025-06-30T02:25:01.239Z)
[2025-06-30T02:25:01.293Z] [INFO] Found 0 reports to execute in company_9jxwph8g
[2025-06-30T02:25:01.293Z] [DEBUG] Processing company database: company_ey1a4uyd
[2025-06-30T02:25:01.349Z] [DEBUG] Skipping company_ey1a4uyd: No scheduled reports collection found
[2025-06-30T02:25:01.349Z] [INFO] Scheduled reports check completed
[2025-06-30T02:25:01.351Z] [DEBUG] MongoDB connection closed
[2025-06-30T02:25:30.456Z] [INFO] Checking for scheduled reports...
[2025-06-30T02:25:31.199Z] [DEBUG] Connected to MongoDB
[2025-06-30T02:25:31.264Z] [INFO] Found 2 company databases
[2025-06-30T02:25:31.265Z] [DEBUG] Processing company database: company_9jxwph8g
[2025-06-30T02:25:31.319Z] [DEBUG] Finding reports to execute in company_9jxwph8g (current time: 2025-06-30T02:25:31.319Z)
[2025-06-30T02:25:31.373Z] [INFO] Found 0 reports to execute in company_9jxwph8g
[2025-06-30T02:25:31.374Z] [DEBUG] Processing company database: company_ey1a4uyd
[2025-06-30T02:25:31.428Z] [DEBUG] Skipping company_ey1a4uyd: No scheduled reports collection found
[2025-06-30T02:25:31.429Z] [INFO] Scheduled reports check completed
[2025-06-30T02:25:31.431Z] [DEBUG] MongoDB connection closed
[2025-06-30T02:26:00.456Z] [INFO] Checking for scheduled reports...
[2025-06-30T02:26:01.307Z] [DEBUG] Connected to MongoDB
[2025-06-30T02:26:01.372Z] [INFO] Found 2 company databases
[2025-06-30T02:26:01.373Z] [DEBUG] Processing company database: company_9jxwph8g
[2025-06-30T02:26:01.428Z] [DEBUG] Finding reports to execute in company_9jxwph8g (current time: 2025-06-30T02:26:01.428Z)
[2025-06-30T02:26:01.485Z] [INFO] Found 0 reports to execute in company_9jxwph8g
[2025-06-30T02:26:01.485Z] [DEBUG] Processing company database: company_ey1a4uyd
[2025-06-30T02:26:01.542Z] [DEBUG] Skipping company_ey1a4uyd: No scheduled reports collection found
[2025-06-30T02:26:01.542Z] [INFO] Scheduled reports check completed
[2025-06-30T02:26:01.545Z] [DEBUG] MongoDB connection closed
[2025-06-30T02:26:30.456Z] [INFO] Checking for scheduled reports...
[2025-06-30T02:26:31.340Z] [DEBUG] Connected to MongoDB
[2025-06-30T02:26:31.407Z] [INFO] Found 2 company databases
[2025-06-30T02:26:31.407Z] [DEBUG] Processing company database: company_9jxwph8g
[2025-06-30T02:26:31.462Z] [DEBUG] Finding reports to execute in company_9jxwph8g (current time: 2025-06-30T02:26:31.462Z)
[2025-06-30T02:26:31.516Z] [INFO] Found 0 reports to execute in company_9jxwph8g
[2025-06-30T02:26:31.517Z] [DEBUG] Processing company database: company_ey1a4uyd
[2025-06-30T02:26:31.571Z] [DEBUG] Skipping company_ey1a4uyd: No scheduled reports collection found
[2025-06-30T02:26:31.571Z] [INFO] Scheduled reports check completed
[2025-06-30T02:26:31.573Z] [DEBUG] MongoDB connection closed
[2025-06-30T02:27:00.456Z] [INFO] Checking for scheduled reports...
[2025-06-30T02:27:01.245Z] [DEBUG] Connected to MongoDB
[2025-06-30T02:27:01.312Z] [INFO] Found 2 company databases
[2025-06-30T02:27:01.312Z] [DEBUG] Processing company database: company_9jxwph8g
[2025-06-30T02:27:01.370Z] [DEBUG] Finding reports to execute in company_9jxwph8g (current time: 2025-06-30T02:27:01.370Z)
[2025-06-30T02:27:01.425Z] [INFO] Found 0 reports to execute in company_9jxwph8g
[2025-06-30T02:27:01.426Z] [DEBUG] Processing company database: company_ey1a4uyd
[2025-06-30T02:27:01.549Z] [DEBUG] Skipping company_ey1a4uyd: No scheduled reports collection found
[2025-06-30T02:27:01.549Z] [INFO] Scheduled reports check completed
[2025-06-30T02:27:01.551Z] [DEBUG] MongoDB connection closed
[2025-06-30T02:27:30.456Z] [INFO] Checking for scheduled reports...
[2025-06-30T02:27:31.384Z] [DEBUG] Connected to MongoDB
[2025-06-30T02:27:31.461Z] [INFO] Found 2 company databases
[2025-06-30T02:27:31.461Z] [DEBUG] Processing company database: company_9jxwph8g
[2025-06-30T02:27:31.515Z] [DEBUG] Finding reports to execute in company_9jxwph8g (current time: 2025-06-30T02:27:31.515Z)
[2025-06-30T02:27:31.568Z] [INFO] Found 0 reports to execute in company_9jxwph8g
[2025-06-30T02:27:31.569Z] [DEBUG] Processing company database: company_ey1a4uyd
[2025-06-30T02:27:31.622Z] [DEBUG] Skipping company_ey1a4uyd: No scheduled reports collection found
[2025-06-30T02:27:31.623Z] [INFO] Scheduled reports check completed
[2025-06-30T02:27:31.625Z] [DEBUG] MongoDB connection closed
[2025-06-30T02:28:00.457Z] [INFO] Checking for scheduled reports...
[2025-06-30T02:28:01.103Z] [DEBUG] Connected to MongoDB
[2025-06-30T02:28:01.168Z] [INFO] Found 2 company databases
[2025-06-30T02:28:01.169Z] [DEBUG] Processing company database: company_9jxwph8g
[2025-06-30T02:28:01.224Z] [DEBUG] Finding reports to execute in company_9jxwph8g (current time: 2025-06-30T02:28:01.224Z)
[2025-06-30T02:28:01.278Z] [INFO] Found 0 reports to execute in company_9jxwph8g
[2025-06-30T02:28:01.278Z] [DEBUG] Processing company database: company_ey1a4uyd
[2025-06-30T02:28:01.332Z] [DEBUG] Skipping company_ey1a4uyd: No scheduled reports collection found
[2025-06-30T02:28:01.333Z] [INFO] Scheduled reports check completed
[2025-06-30T02:28:01.335Z] [DEBUG] MongoDB connection closed
[2025-06-30T02:28:30.458Z] [INFO] Checking for scheduled reports...
[2025-06-30T02:28:31.242Z] [DEBUG] Connected to MongoDB
[2025-06-30T02:28:31.308Z] [INFO] Found 2 company databases
[2025-06-30T02:28:31.309Z] [DEBUG] Processing company database: company_9jxwph8g
[2025-06-30T02:28:31.364Z] [DEBUG] Finding reports to execute in company_9jxwph8g (current time: 2025-06-30T02:28:31.364Z)
[2025-06-30T02:28:31.418Z] [INFO] Found 0 reports to execute in company_9jxwph8g
[2025-06-30T02:28:31.418Z] [DEBUG] Processing company database: company_ey1a4uyd
[2025-06-30T02:28:31.473Z] [DEBUG] Skipping company_ey1a4uyd: No scheduled reports collection found
[2025-06-30T02:28:31.473Z] [INFO] Scheduled reports check completed
[2025-06-30T02:28:31.474Z] [DEBUG] MongoDB connection closed
[2025-06-30T02:29:00.459Z] [INFO] Checking for scheduled reports...
[2025-06-30T02:29:01.200Z] [DEBUG] Connected to MongoDB
[2025-06-30T02:29:01.265Z] [INFO] Found 2 company databases
[2025-06-30T02:29:01.266Z] [DEBUG] Processing company database: company_9jxwph8g
[2025-06-30T02:29:01.320Z] [DEBUG] Finding reports to execute in company_9jxwph8g (current time: 2025-06-30T02:29:01.320Z)
[2025-06-30T02:29:01.375Z] [INFO] Found 0 reports to execute in company_9jxwph8g
[2025-06-30T02:29:01.375Z] [DEBUG] Processing company database: company_ey1a4uyd
[2025-06-30T02:29:01.429Z] [DEBUG] Skipping company_ey1a4uyd: No scheduled reports collection found
[2025-06-30T02:29:01.430Z] [INFO] Scheduled reports check completed
[2025-06-30T02:29:01.433Z] [DEBUG] MongoDB connection closed
[2025-06-30T02:29:30.459Z] [INFO] Checking for scheduled reports...
[2025-06-30T02:29:31.223Z] [DEBUG] Connected to MongoDB
[2025-06-30T02:29:31.292Z] [INFO] Found 2 company databases
[2025-06-30T02:29:31.293Z] [DEBUG] Processing company database: company_9jxwph8g
[2025-06-30T02:29:31.347Z] [DEBUG] Finding reports to execute in company_9jxwph8g (current time: 2025-06-30T02:29:31.347Z)
[2025-06-30T02:29:31.401Z] [INFO] Found 0 reports to execute in company_9jxwph8g
[2025-06-30T02:29:31.402Z] [DEBUG] Processing company database: company_ey1a4uyd
[2025-06-30T02:29:31.458Z] [DEBUG] Skipping company_ey1a4uyd: No scheduled reports collection found
[2025-06-30T02:29:31.459Z] [INFO] Scheduled reports check completed
[2025-06-30T02:29:31.460Z] [DEBUG] MongoDB connection closed
[2025-06-30T02:30:00.460Z] [INFO] Checking for scheduled reports...
[2025-06-30T02:30:01.075Z] [DEBUG] Connected to MongoDB
[2025-06-30T02:30:01.140Z] [INFO] Found 2 company databases
[2025-06-30T02:30:01.140Z] [DEBUG] Processing company database: company_9jxwph8g
[2025-06-30T02:30:01.195Z] [DEBUG] Finding reports to execute in company_9jxwph8g (current time: 2025-06-30T02:30:01.195Z)
[2025-06-30T02:30:01.249Z] [INFO] Found 0 reports to execute in company_9jxwph8g
[2025-06-30T02:30:01.249Z] [DEBUG] Processing company database: company_ey1a4uyd
[2025-06-30T02:30:01.303Z] [DEBUG] Skipping company_ey1a4uyd: No scheduled reports collection found
[2025-06-30T02:30:01.303Z] [INFO] Scheduled reports check completed
[2025-06-30T02:30:01.305Z] [DEBUG] MongoDB connection closed
[2025-06-30T02:30:30.461Z] [INFO] Checking for scheduled reports...
[2025-06-30T02:30:31.269Z] [DEBUG] Connected to MongoDB
[2025-06-30T02:30:31.334Z] [INFO] Found 2 company databases
[2025-06-30T02:30:31.335Z] [DEBUG] Processing company database: company_9jxwph8g
[2025-06-30T02:30:31.389Z] [DEBUG] Finding reports to execute in company_9jxwph8g (current time: 2025-06-30T02:30:31.389Z)
[2025-06-30T02:30:31.443Z] [INFO] Found 0 reports to execute in company_9jxwph8g
[2025-06-30T02:30:31.444Z] [DEBUG] Processing company database: company_ey1a4uyd
[2025-06-30T02:30:31.522Z] [DEBUG] Skipping company_ey1a4uyd: No scheduled reports collection found
[2025-06-30T02:30:31.522Z] [INFO] Scheduled reports check completed
[2025-06-30T02:30:31.523Z] [DEBUG] MongoDB connection closed
[2025-06-30T02:31:00.462Z] [INFO] Checking for scheduled reports...
[2025-06-30T02:31:01.167Z] [DEBUG] Connected to MongoDB
[2025-06-30T02:31:01.232Z] [INFO] Found 2 company databases
[2025-06-30T02:31:01.232Z] [DEBUG] Processing company database: company_9jxwph8g
[2025-06-30T02:31:01.286Z] [DEBUG] Finding reports to execute in company_9jxwph8g (current time: 2025-06-30T02:31:01.286Z)
[2025-06-30T02:31:01.342Z] [INFO] Found 0 reports to execute in company_9jxwph8g
[2025-06-30T02:31:01.343Z] [DEBUG] Processing company database: company_ey1a4uyd
[2025-06-30T02:31:01.398Z] [DEBUG] Skipping company_ey1a4uyd: No scheduled reports collection found
[2025-06-30T02:31:01.398Z] [INFO] Scheduled reports check completed
[2025-06-30T02:31:01.400Z] [DEBUG] MongoDB connection closed
[2025-06-30T02:31:30.463Z] [INFO] Checking for scheduled reports...
[2025-06-30T02:31:31.170Z] [DEBUG] Connected to MongoDB
[2025-06-30T02:31:31.238Z] [INFO] Found 2 company databases
[2025-06-30T02:31:31.238Z] [DEBUG] Processing company database: company_9jxwph8g
[2025-06-30T02:31:31.295Z] [DEBUG] Finding reports to execute in company_9jxwph8g (current time: 2025-06-30T02:31:31.295Z)
[2025-06-30T02:31:31.352Z] [INFO] Found 0 reports to execute in company_9jxwph8g
[2025-06-30T02:31:31.352Z] [DEBUG] Processing company database: company_ey1a4uyd
[2025-06-30T02:31:31.413Z] [DEBUG] Skipping company_ey1a4uyd: No scheduled reports collection found
[2025-06-30T02:31:31.414Z] [INFO] Scheduled reports check completed
[2025-06-30T02:31:31.416Z] [DEBUG] MongoDB connection closed
[2025-06-30T02:32:00.464Z] [INFO] Checking for scheduled reports...
[2025-06-30T02:32:01.300Z] [DEBUG] Connected to MongoDB
[2025-06-30T02:32:01.366Z] [INFO] Found 2 company databases
[2025-06-30T02:32:01.367Z] [DEBUG] Processing company database: company_9jxwph8g
[2025-06-30T02:32:01.422Z] [DEBUG] Finding reports to execute in company_9jxwph8g (current time: 2025-06-30T02:32:01.422Z)
[2025-06-30T02:32:01.476Z] [INFO] Found 0 reports to execute in company_9jxwph8g
[2025-06-30T02:32:01.476Z] [DEBUG] Processing company database: company_ey1a4uyd
[2025-06-30T02:32:01.529Z] [DEBUG] Skipping company_ey1a4uyd: No scheduled reports collection found
[2025-06-30T02:32:01.530Z] [INFO] Scheduled reports check completed
[2025-06-30T02:32:01.532Z] [DEBUG] MongoDB connection closed
[2025-06-30T02:32:30.466Z] [INFO] Checking for scheduled reports...
[2025-06-30T02:32:31.292Z] [DEBUG] Connected to MongoDB
[2025-06-30T02:32:31.358Z] [INFO] Found 2 company databases
[2025-06-30T02:32:31.359Z] [DEBUG] Processing company database: company_9jxwph8g
[2025-06-30T02:32:31.413Z] [DEBUG] Finding reports to execute in company_9jxwph8g (current time: 2025-06-30T02:32:31.413Z)
[2025-06-30T02:32:31.477Z] [INFO] Found 0 reports to execute in company_9jxwph8g
[2025-06-30T02:32:31.477Z] [DEBUG] Processing company database: company_ey1a4uyd
[2025-06-30T02:32:31.543Z] [DEBUG] Skipping company_ey1a4uyd: No scheduled reports collection found
[2025-06-30T02:32:31.544Z] [INFO] Scheduled reports check completed
[2025-06-30T02:32:31.546Z] [DEBUG] MongoDB connection closed
[2025-06-30T02:33:00.466Z] [INFO] Checking for scheduled reports...
[2025-06-30T02:33:01.090Z] [DEBUG] Connected to MongoDB
[2025-06-30T02:33:01.161Z] [INFO] Found 2 company databases
[2025-06-30T02:33:01.161Z] [DEBUG] Processing company database: company_9jxwph8g
[2025-06-30T02:33:01.216Z] [DEBUG] Finding reports to execute in company_9jxwph8g (current time: 2025-06-30T02:33:01.216Z)
[2025-06-30T02:33:01.275Z] [INFO] Found 0 reports to execute in company_9jxwph8g
[2025-06-30T02:33:01.276Z] [DEBUG] Processing company database: company_ey1a4uyd
[2025-06-30T02:33:01.330Z] [DEBUG] Skipping company_ey1a4uyd: No scheduled reports collection found
[2025-06-30T02:33:01.331Z] [INFO] Scheduled reports check completed
[2025-06-30T02:33:01.333Z] [DEBUG] MongoDB connection closed
[2025-06-30T02:33:30.467Z] [INFO] Checking for scheduled reports...
[2025-06-30T02:33:31.317Z] [DEBUG] Connected to MongoDB
[2025-06-30T02:33:31.381Z] [INFO] Found 2 company databases
[2025-06-30T02:33:31.382Z] [DEBUG] Processing company database: company_9jxwph8g
[2025-06-30T02:33:31.436Z] [DEBUG] Finding reports to execute in company_9jxwph8g (current time: 2025-06-30T02:33:31.436Z)
[2025-06-30T02:33:31.490Z] [INFO] Found 0 reports to execute in company_9jxwph8g
[2025-06-30T02:33:31.490Z] [DEBUG] Processing company database: company_ey1a4uyd
[2025-06-30T02:33:31.572Z] [DEBUG] Skipping company_ey1a4uyd: No scheduled reports collection found
[2025-06-30T02:33:31.573Z] [INFO] Scheduled reports check completed
[2025-06-30T02:33:31.574Z] [DEBUG] MongoDB connection closed
[2025-06-30T02:34:00.467Z] [INFO] Checking for scheduled reports...
[2025-06-30T02:34:01.090Z] [DEBUG] Connected to MongoDB
[2025-06-30T02:34:01.155Z] [INFO] Found 2 company databases
[2025-06-30T02:34:01.155Z] [DEBUG] Processing company database: company_9jxwph8g
[2025-06-30T02:34:01.210Z] [DEBUG] Finding reports to execute in company_9jxwph8g (current time: 2025-06-30T02:34:01.210Z)
[2025-06-30T02:34:01.264Z] [INFO] Found 0 reports to execute in company_9jxwph8g
[2025-06-30T02:34:01.264Z] [DEBUG] Processing company database: company_ey1a4uyd
[2025-06-30T02:34:01.318Z] [DEBUG] Skipping company_ey1a4uyd: No scheduled reports collection found
[2025-06-30T02:34:01.319Z] [INFO] Scheduled reports check completed
[2025-06-30T02:34:01.321Z] [DEBUG] MongoDB connection closed
[2025-06-30T02:34:30.468Z] [INFO] Checking for scheduled reports...
[2025-06-30T02:34:31.227Z] [DEBUG] Connected to MongoDB
[2025-06-30T02:34:31.291Z] [INFO] Found 2 company databases
[2025-06-30T02:34:31.291Z] [DEBUG] Processing company database: company_9jxwph8g
[2025-06-30T02:34:31.345Z] [DEBUG] Finding reports to execute in company_9jxwph8g (current time: 2025-06-30T02:34:31.345Z)
[2025-06-30T02:34:31.400Z] [INFO] Found 0 reports to execute in company_9jxwph8g
[2025-06-30T02:34:31.401Z] [DEBUG] Processing company database: company_ey1a4uyd
[2025-06-30T02:34:31.454Z] [DEBUG] Skipping company_ey1a4uyd: No scheduled reports collection found
[2025-06-30T02:34:31.455Z] [INFO] Scheduled reports check completed
[2025-06-30T02:34:31.456Z] [DEBUG] MongoDB connection closed
[2025-06-30T02:35:00.469Z] [INFO] Checking for scheduled reports...
[2025-06-30T02:35:01.157Z] [DEBUG] Connected to MongoDB
[2025-06-30T02:35:01.222Z] [INFO] Found 2 company databases
[2025-06-30T02:35:01.222Z] [DEBUG] Processing company database: company_9jxwph8g
[2025-06-30T02:35:01.276Z] [DEBUG] Finding reports to execute in company_9jxwph8g (current time: 2025-06-30T02:35:01.276Z)
[2025-06-30T02:35:01.338Z] [INFO] Found 0 reports to execute in company_9jxwph8g
[2025-06-30T02:35:01.339Z] [DEBUG] Processing company database: company_ey1a4uyd
[2025-06-30T02:35:01.400Z] [DEBUG] Skipping company_ey1a4uyd: No scheduled reports collection found
[2025-06-30T02:35:01.401Z] [INFO] Scheduled reports check completed
[2025-06-30T02:35:01.403Z] [DEBUG] MongoDB connection closed
[2025-06-30T02:35:30.470Z] [INFO] Checking for scheduled reports...
[2025-06-30T02:35:31.261Z] [DEBUG] Connected to MongoDB
[2025-06-30T02:35:31.327Z] [INFO] Found 2 company databases
[2025-06-30T02:35:31.327Z] [DEBUG] Processing company database: company_9jxwph8g
[2025-06-30T02:35:31.381Z] [DEBUG] Finding reports to execute in company_9jxwph8g (current time: 2025-06-30T02:35:31.381Z)
[2025-06-30T02:35:31.434Z] [INFO] Found 0 reports to execute in company_9jxwph8g
[2025-06-30T02:35:31.435Z] [DEBUG] Processing company database: company_ey1a4uyd
[2025-06-30T02:35:31.488Z] [DEBUG] Skipping company_ey1a4uyd: No scheduled reports collection found
[2025-06-30T02:35:31.488Z] [INFO] Scheduled reports check completed
[2025-06-30T02:35:31.489Z] [DEBUG] MongoDB connection closed
[2025-06-30T02:36:00.470Z] [INFO] Checking for scheduled reports...
[2025-06-30T02:36:01.087Z] [DEBUG] Connected to MongoDB
[2025-06-30T02:36:01.187Z] [INFO] Found 2 company databases
[2025-06-30T02:36:01.188Z] [DEBUG] Processing company database: company_9jxwph8g
[2025-06-30T02:36:01.242Z] [DEBUG] Finding reports to execute in company_9jxwph8g (current time: 2025-06-30T02:36:01.242Z)
[2025-06-30T02:36:01.304Z] [INFO] Found 0 reports to execute in company_9jxwph8g
[2025-06-30T02:36:01.304Z] [DEBUG] Processing company database: company_ey1a4uyd
[2025-06-30T02:36:01.358Z] [DEBUG] Skipping company_ey1a4uyd: No scheduled reports collection found
[2025-06-30T02:36:01.358Z] [INFO] Scheduled reports check completed
[2025-06-30T02:36:01.360Z] [DEBUG] MongoDB connection closed
[2025-06-30T02:36:30.471Z] [INFO] Checking for scheduled reports...
[2025-06-30T02:36:31.285Z] [DEBUG] Connected to MongoDB
[2025-06-30T02:36:31.350Z] [INFO] Found 2 company databases
[2025-06-30T02:36:31.351Z] [DEBUG] Processing company database: company_9jxwph8g
[2025-06-30T02:36:31.407Z] [DEBUG] Finding reports to execute in company_9jxwph8g (current time: 2025-06-30T02:36:31.407Z)
[2025-06-30T02:36:31.462Z] [INFO] Found 0 reports to execute in company_9jxwph8g
[2025-06-30T02:36:31.462Z] [DEBUG] Processing company database: company_ey1a4uyd
[2025-06-30T02:36:31.516Z] [DEBUG] Skipping company_ey1a4uyd: No scheduled reports collection found
[2025-06-30T02:36:31.517Z] [INFO] Scheduled reports check completed
[2025-06-30T02:36:31.518Z] [DEBUG] MongoDB connection closed
[2025-06-30T02:37:00.472Z] [INFO] Checking for scheduled reports...
[2025-06-30T02:37:01.092Z] [DEBUG] Connected to MongoDB
[2025-06-30T02:37:01.156Z] [INFO] Found 2 company databases
[2025-06-30T02:37:01.156Z] [DEBUG] Processing company database: company_9jxwph8g
[2025-06-30T02:37:01.212Z] [DEBUG] Finding reports to execute in company_9jxwph8g (current time: 2025-06-30T02:37:01.212Z)
[2025-06-30T02:37:01.267Z] [INFO] Found 0 reports to execute in company_9jxwph8g
[2025-06-30T02:37:01.267Z] [DEBUG] Processing company database: company_ey1a4uyd
[2025-06-30T02:37:01.322Z] [DEBUG] Skipping company_ey1a4uyd: No scheduled reports collection found
[2025-06-30T02:37:01.322Z] [INFO] Scheduled reports check completed
[2025-06-30T02:37:01.325Z] [DEBUG] MongoDB connection closed
[2025-06-30T02:37:30.473Z] [INFO] Checking for scheduled reports...
[2025-06-30T02:37:31.170Z] [DEBUG] Connected to MongoDB
[2025-06-30T02:37:31.235Z] [INFO] Found 2 company databases
[2025-06-30T02:37:31.235Z] [DEBUG] Processing company database: company_9jxwph8g
[2025-06-30T02:37:31.290Z] [DEBUG] Finding reports to execute in company_9jxwph8g (current time: 2025-06-30T02:37:31.290Z)
[2025-06-30T02:37:31.388Z] [INFO] Found 0 reports to execute in company_9jxwph8g
[2025-06-30T02:37:31.388Z] [DEBUG] Processing company database: company_ey1a4uyd
[2025-06-30T02:37:31.444Z] [DEBUG] Skipping company_ey1a4uyd: No scheduled reports collection found
[2025-06-30T02:37:31.445Z] [INFO] Scheduled reports check completed
[2025-06-30T02:37:31.447Z] [DEBUG] MongoDB connection closed
[2025-06-30T02:38:00.474Z] [INFO] Checking for scheduled reports...
[2025-06-30T02:38:01.235Z] [DEBUG] Connected to MongoDB
[2025-06-30T02:38:01.302Z] [INFO] Found 2 company databases
[2025-06-30T02:38:01.303Z] [DEBUG] Processing company database: company_9jxwph8g
[2025-06-30T02:38:01.359Z] [DEBUG] Finding reports to execute in company_9jxwph8g (current time: 2025-06-30T02:38:01.359Z)
[2025-06-30T02:38:01.413Z] [INFO] Found 0 reports to execute in company_9jxwph8g
[2025-06-30T02:38:01.413Z] [DEBUG] Processing company database: company_ey1a4uyd
[2025-06-30T02:38:01.466Z] [DEBUG] Skipping company_ey1a4uyd: No scheduled reports collection found
[2025-06-30T02:38:01.467Z] [INFO] Scheduled reports check completed
[2025-06-30T02:38:01.469Z] [DEBUG] MongoDB connection closed
[2025-06-30T03:43:48.695Z] [INFO] Starting scheduled reports daemon with check interval of 30000ms
[2025-06-30T03:43:48.697Z] [INFO] Checking for scheduled reports...
[2025-06-30T03:43:49.565Z] [DEBUG] Connected to MongoDB
[2025-06-30T03:43:49.631Z] [INFO] Found 2 company databases
[2025-06-30T03:43:49.631Z] [DEBUG] Processing company database: company_9jxwph8g
[2025-06-30T03:43:49.686Z] [DEBUG] Finding reports to execute in company_9jxwph8g (current time: 2025-06-30T03:43:49.686Z)
[2025-06-30T03:43:49.739Z] [INFO] Found 0 reports to execute in company_9jxwph8g
[2025-06-30T03:43:49.740Z] [DEBUG] Processing company database: company_ey1a4uyd
[2025-06-30T03:43:49.795Z] [DEBUG] Skipping company_ey1a4uyd: No scheduled reports collection found
[2025-06-30T03:43:49.795Z] [INFO] Scheduled reports check completed
[2025-06-30T03:43:49.797Z] [DEBUG] MongoDB connection closed
[2025-06-30T03:43:49.797Z] [INFO] Daemon is now running continuously...
[2025-06-30T03:44:19.797Z] [INFO] Checking for scheduled reports...
[2025-06-30T03:44:20.422Z] [DEBUG] Connected to MongoDB
[2025-06-30T03:44:20.488Z] [INFO] Found 2 company databases
[2025-06-30T03:44:20.488Z] [DEBUG] Processing company database: company_9jxwph8g
[2025-06-30T03:44:20.544Z] [DEBUG] Finding reports to execute in company_9jxwph8g (current time: 2025-06-30T03:44:20.544Z)
[2025-06-30T03:44:20.603Z] [INFO] Found 0 reports to execute in company_9jxwph8g
[2025-06-30T03:44:20.603Z] [DEBUG] Processing company database: company_ey1a4uyd
[2025-06-30T03:44:20.659Z] [DEBUG] Skipping company_ey1a4uyd: No scheduled reports collection found
[2025-06-30T03:44:20.659Z] [INFO] Scheduled reports check completed
[2025-06-30T03:44:20.662Z] [DEBUG] MongoDB connection closed
[2025-06-30T03:44:49.798Z] [INFO] Checking for scheduled reports...
[2025-06-30T03:44:50.504Z] [DEBUG] Connected to MongoDB
[2025-06-30T03:44:50.570Z] [INFO] Found 2 company databases
[2025-06-30T03:44:50.571Z] [DEBUG] Processing company database: company_9jxwph8g
[2025-06-30T03:44:50.627Z] [DEBUG] Finding reports to execute in company_9jxwph8g (current time: 2025-06-30T03:44:50.627Z)
[2025-06-30T03:44:50.682Z] [INFO] Found 0 reports to execute in company_9jxwph8g
[2025-06-30T03:44:50.682Z] [DEBUG] Processing company database: company_ey1a4uyd
[2025-06-30T03:44:50.737Z] [DEBUG] Skipping company_ey1a4uyd: No scheduled reports collection found
[2025-06-30T03:44:50.738Z] [INFO] Scheduled reports check completed
[2025-06-30T03:44:50.741Z] [DEBUG] MongoDB connection closed
[2025-06-30T03:45:19.799Z] [INFO] Checking for scheduled reports...
[2025-06-30T03:45:20.552Z] [DEBUG] Connected to MongoDB
[2025-06-30T03:45:20.620Z] [INFO] Found 2 company databases
[2025-06-30T03:45:20.622Z] [DEBUG] Processing company database: company_9jxwph8g
[2025-06-30T03:45:20.678Z] [DEBUG] Finding reports to execute in company_9jxwph8g (current time: 2025-06-30T03:45:20.678Z)
[2025-06-30T03:45:20.734Z] [INFO] Found 0 reports to execute in company_9jxwph8g
[2025-06-30T03:45:20.735Z] [DEBUG] Processing company database: company_ey1a4uyd
[2025-06-30T03:45:20.790Z] [DEBUG] Skipping company_ey1a4uyd: No scheduled reports collection found
[2025-06-30T03:45:20.791Z] [INFO] Scheduled reports check completed
[2025-06-30T03:45:20.795Z] [DEBUG] MongoDB connection closed
[2025-06-30T03:45:49.800Z] [INFO] Checking for scheduled reports...
[2025-06-30T03:45:50.510Z] [DEBUG] Connected to MongoDB
[2025-06-30T03:45:50.576Z] [INFO] Found 2 company databases
[2025-06-30T03:45:50.576Z] [DEBUG] Processing company database: company_9jxwph8g
[2025-06-30T03:45:50.631Z] [DEBUG] Finding reports to execute in company_9jxwph8g (current time: 2025-06-30T03:45:50.631Z)
[2025-06-30T03:45:50.686Z] [INFO] Found 0 reports to execute in company_9jxwph8g
[2025-06-30T03:45:50.687Z] [DEBUG] Processing company database: company_ey1a4uyd
[2025-06-30T03:45:50.743Z] [DEBUG] Skipping company_ey1a4uyd: No scheduled reports collection found
[2025-06-30T03:45:50.744Z] [INFO] Scheduled reports check completed
[2025-06-30T03:45:50.746Z] [DEBUG] MongoDB connection closed
[2025-06-30T03:46:19.800Z] [INFO] Checking for scheduled reports...
[2025-06-30T03:46:20.424Z] [DEBUG] Connected to MongoDB
[2025-06-30T03:46:20.490Z] [INFO] Found 2 company databases
[2025-06-30T03:46:20.491Z] [DEBUG] Processing company database: company_9jxwph8g
[2025-06-30T03:46:20.547Z] [DEBUG] Finding reports to execute in company_9jxwph8g (current time: 2025-06-30T03:46:20.547Z)
[2025-06-30T03:46:20.602Z] [INFO] Found 0 reports to execute in company_9jxwph8g
[2025-06-30T03:46:20.603Z] [DEBUG] Processing company database: company_ey1a4uyd
[2025-06-30T03:46:20.658Z] [DEBUG] Skipping company_ey1a4uyd: No scheduled reports collection found
[2025-06-30T03:46:20.658Z] [INFO] Scheduled reports check completed
[2025-06-30T03:46:20.661Z] [DEBUG] MongoDB connection closed
[2025-06-30T03:46:49.801Z] [INFO] Checking for scheduled reports...
[2025-06-30T03:46:50.623Z] [DEBUG] Connected to MongoDB
[2025-06-30T03:46:50.688Z] [INFO] Found 2 company databases
[2025-06-30T03:46:50.689Z] [DEBUG] Processing company database: company_9jxwph8g
[2025-06-30T03:46:50.744Z] [DEBUG] Finding reports to execute in company_9jxwph8g (current time: 2025-06-30T03:46:50.744Z)
[2025-06-30T03:46:50.799Z] [INFO] Found 0 reports to execute in company_9jxwph8g
[2025-06-30T03:46:50.800Z] [DEBUG] Processing company database: company_ey1a4uyd
[2025-06-30T03:46:50.854Z] [DEBUG] Skipping company_ey1a4uyd: No scheduled reports collection found
[2025-06-30T03:46:50.855Z] [INFO] Scheduled reports check completed
[2025-06-30T03:46:50.858Z] [DEBUG] MongoDB connection closed
[2025-06-30T03:47:19.802Z] [INFO] Checking for scheduled reports...
[2025-06-30T03:47:20.430Z] [DEBUG] Connected to MongoDB
[2025-06-30T03:47:20.496Z] [INFO] Found 2 company databases
[2025-06-30T03:47:20.497Z] [DEBUG] Processing company database: company_9jxwph8g
[2025-06-30T03:47:20.552Z] [DEBUG] Finding reports to execute in company_9jxwph8g (current time: 2025-06-30T03:47:20.552Z)
[2025-06-30T03:47:20.607Z] [INFO] Found 0 reports to execute in company_9jxwph8g
[2025-06-30T03:47:20.607Z] [DEBUG] Processing company database: company_ey1a4uyd
[2025-06-30T03:47:20.664Z] [DEBUG] Skipping company_ey1a4uyd: No scheduled reports collection found
[2025-06-30T03:47:20.665Z] [INFO] Scheduled reports check completed
[2025-06-30T03:47:20.668Z] [DEBUG] MongoDB connection closed
[2025-06-30T03:47:49.802Z] [INFO] Checking for scheduled reports...
[2025-06-30T03:47:50.523Z] [DEBUG] Connected to MongoDB
[2025-06-30T03:47:50.589Z] [INFO] Found 2 company databases
[2025-06-30T03:47:50.590Z] [DEBUG] Processing company database: company_9jxwph8g
[2025-06-30T03:47:50.646Z] [DEBUG] Finding reports to execute in company_9jxwph8g (current time: 2025-06-30T03:47:50.646Z)
[2025-06-30T03:47:50.700Z] [INFO] Found 0 reports to execute in company_9jxwph8g
[2025-06-30T03:47:50.701Z] [DEBUG] Processing company database: company_ey1a4uyd
[2025-06-30T03:47:50.755Z] [DEBUG] Skipping company_ey1a4uyd: No scheduled reports collection found
[2025-06-30T03:47:50.757Z] [INFO] Scheduled reports check completed
[2025-06-30T03:47:50.759Z] [DEBUG] MongoDB connection closed
[2025-06-30T03:48:19.804Z] [INFO] Checking for scheduled reports...
[2025-06-30T03:48:20.541Z] [DEBUG] Connected to MongoDB
[2025-06-30T03:48:20.617Z] [INFO] Found 2 company databases
[2025-06-30T03:48:20.618Z] [DEBUG] Processing company database: company_9jxwph8g
[2025-06-30T03:48:20.673Z] [DEBUG] Finding reports to execute in company_9jxwph8g (current time: 2025-06-30T03:48:20.673Z)
[2025-06-30T03:48:20.728Z] [INFO] Found 0 reports to execute in company_9jxwph8g
[2025-06-30T03:48:20.729Z] [DEBUG] Processing company database: company_ey1a4uyd
[2025-06-30T03:48:20.784Z] [DEBUG] Skipping company_ey1a4uyd: No scheduled reports collection found
[2025-06-30T03:48:20.784Z] [INFO] Scheduled reports check completed
[2025-06-30T03:48:20.787Z] [DEBUG] MongoDB connection closed
[2025-06-30T03:48:49.805Z] [INFO] Checking for scheduled reports...
[2025-06-30T03:48:50.505Z] [DEBUG] Connected to MongoDB
[2025-06-30T03:48:50.570Z] [INFO] Found 2 company databases
[2025-06-30T03:48:50.570Z] [DEBUG] Processing company database: company_9jxwph8g
[2025-06-30T03:48:50.627Z] [DEBUG] Finding reports to execute in company_9jxwph8g (current time: 2025-06-30T03:48:50.627Z)
[2025-06-30T03:48:50.681Z] [INFO] Found 0 reports to execute in company_9jxwph8g
[2025-06-30T03:48:50.682Z] [DEBUG] Processing company database: company_ey1a4uyd
[2025-06-30T03:48:50.736Z] [DEBUG] Skipping company_ey1a4uyd: No scheduled reports collection found
[2025-06-30T03:48:50.736Z] [INFO] Scheduled reports check completed
[2025-06-30T03:48:50.738Z] [DEBUG] MongoDB connection closed
[2025-06-30T03:49:19.806Z] [INFO] Checking for scheduled reports...
[2025-06-30T03:49:20.451Z] [DEBUG] Connected to MongoDB
[2025-06-30T03:49:20.517Z] [INFO] Found 2 company databases
[2025-06-30T03:49:20.517Z] [DEBUG] Processing company database: company_9jxwph8g
[2025-06-30T03:49:20.572Z] [DEBUG] Finding reports to execute in company_9jxwph8g (current time: 2025-06-30T03:49:20.572Z)
[2025-06-30T03:49:20.626Z] [INFO] Found 0 reports to execute in company_9jxwph8g
[2025-06-30T03:49:20.627Z] [DEBUG] Processing company database: company_ey1a4uyd
[2025-06-30T03:49:20.682Z] [DEBUG] Skipping company_ey1a4uyd: No scheduled reports collection found
[2025-06-30T03:49:20.682Z] [INFO] Scheduled reports check completed
[2025-06-30T03:49:20.683Z] [DEBUG] MongoDB connection closed
[2025-06-30T03:49:49.807Z] [INFO] Checking for scheduled reports...
[2025-06-30T03:49:50.620Z] [DEBUG] Connected to MongoDB
[2025-06-30T03:49:50.685Z] [INFO] Found 2 company databases
[2025-06-30T03:49:50.686Z] [DEBUG] Processing company database: company_9jxwph8g
[2025-06-30T03:49:50.742Z] [DEBUG] Finding reports to execute in company_9jxwph8g (current time: 2025-06-30T03:49:50.742Z)
[2025-06-30T03:49:50.798Z] [INFO] Found 0 reports to execute in company_9jxwph8g
[2025-06-30T03:49:50.798Z] [DEBUG] Processing company database: company_ey1a4uyd
[2025-06-30T03:49:50.853Z] [DEBUG] Skipping company_ey1a4uyd: No scheduled reports collection found
[2025-06-30T03:49:50.853Z] [INFO] Scheduled reports check completed
[2025-06-30T03:49:50.855Z] [DEBUG] MongoDB connection closed
[2025-06-30T03:50:19.808Z] [INFO] Checking for scheduled reports...
[2025-06-30T03:50:20.442Z] [DEBUG] Connected to MongoDB
[2025-06-30T03:50:20.509Z] [INFO] Found 2 company databases
[2025-06-30T03:50:20.509Z] [DEBUG] Processing company database: company_9jxwph8g
[2025-06-30T03:50:20.565Z] [DEBUG] Finding reports to execute in company_9jxwph8g (current time: 2025-06-30T03:50:20.565Z)
[2025-06-30T03:50:20.619Z] [INFO] Found 0 reports to execute in company_9jxwph8g
[2025-06-30T03:50:20.620Z] [DEBUG] Processing company database: company_ey1a4uyd
[2025-06-30T03:50:20.673Z] [DEBUG] Skipping company_ey1a4uyd: No scheduled reports collection found
[2025-06-30T03:50:20.674Z] [INFO] Scheduled reports check completed
[2025-06-30T03:50:20.675Z] [DEBUG] MongoDB connection closed
[2025-06-30T03:50:49.809Z] [INFO] Checking for scheduled reports...
[2025-06-30T03:50:50.498Z] [DEBUG] Connected to MongoDB
[2025-06-30T03:50:50.564Z] [INFO] Found 2 company databases
[2025-06-30T03:50:50.565Z] [DEBUG] Processing company database: company_9jxwph8g
[2025-06-30T03:50:50.620Z] [DEBUG] Finding reports to execute in company_9jxwph8g (current time: 2025-06-30T03:50:50.620Z)
[2025-06-30T03:50:50.674Z] [INFO] Found 0 reports to execute in company_9jxwph8g
[2025-06-30T03:50:50.675Z] [DEBUG] Processing company database: company_ey1a4uyd
[2025-06-30T03:50:50.729Z] [DEBUG] Skipping company_ey1a4uyd: No scheduled reports collection found
[2025-06-30T03:50:50.729Z] [INFO] Scheduled reports check completed
[2025-06-30T03:50:50.733Z] [DEBUG] MongoDB connection closed
[2025-06-30T03:51:19.809Z] [INFO] Checking for scheduled reports...
[2025-06-30T03:51:20.526Z] [DEBUG] Connected to MongoDB
[2025-06-30T03:51:20.593Z] [INFO] Found 2 company databases
[2025-06-30T03:51:20.593Z] [DEBUG] Processing company database: company_9jxwph8g
[2025-06-30T03:51:20.649Z] [DEBUG] Finding reports to execute in company_9jxwph8g (current time: 2025-06-30T03:51:20.649Z)
[2025-06-30T03:51:20.702Z] [INFO] Found 0 reports to execute in company_9jxwph8g
[2025-06-30T03:51:20.703Z] [DEBUG] Processing company database: company_ey1a4uyd
[2025-06-30T03:51:20.756Z] [DEBUG] Skipping company_ey1a4uyd: No scheduled reports collection found
[2025-06-30T03:51:20.757Z] [INFO] Scheduled reports check completed
[2025-06-30T03:51:20.759Z] [DEBUG] MongoDB connection closed
[2025-06-30T03:51:49.811Z] [INFO] Checking for scheduled reports...
[2025-06-30T03:51:50.508Z] [DEBUG] Connected to MongoDB
[2025-06-30T03:51:50.575Z] [INFO] Found 2 company databases
[2025-06-30T03:51:50.576Z] [DEBUG] Processing company database: company_9jxwph8g
[2025-06-30T03:51:50.631Z] [DEBUG] Finding reports to execute in company_9jxwph8g (current time: 2025-06-30T03:51:50.631Z)
[2025-06-30T03:51:50.685Z] [INFO] Found 0 reports to execute in company_9jxwph8g
[2025-06-30T03:51:50.686Z] [DEBUG] Processing company database: company_ey1a4uyd
[2025-06-30T03:51:50.739Z] [DEBUG] Skipping company_ey1a4uyd: No scheduled reports collection found
[2025-06-30T03:51:50.740Z] [INFO] Scheduled reports check completed
[2025-06-30T03:51:50.743Z] [DEBUG] MongoDB connection closed
[2025-06-30T03:52:19.812Z] [INFO] Checking for scheduled reports...
[2025-06-30T03:52:20.428Z] [DEBUG] Connected to MongoDB
[2025-06-30T03:52:20.494Z] [INFO] Found 2 company databases
[2025-06-30T03:52:20.495Z] [DEBUG] Processing company database: company_9jxwph8g
[2025-06-30T03:52:20.552Z] [DEBUG] Finding reports to execute in company_9jxwph8g (current time: 2025-06-30T03:52:20.552Z)
[2025-06-30T03:52:20.607Z] [INFO] Found 0 reports to execute in company_9jxwph8g
[2025-06-30T03:52:20.607Z] [DEBUG] Processing company database: company_ey1a4uyd
[2025-06-30T03:52:20.662Z] [DEBUG] Skipping company_ey1a4uyd: No scheduled reports collection found
[2025-06-30T03:52:20.663Z] [INFO] Scheduled reports check completed
[2025-06-30T03:52:20.666Z] [DEBUG] MongoDB connection closed
[2025-06-30T03:52:49.814Z] [INFO] Checking for scheduled reports...
[2025-06-30T03:52:50.646Z] [DEBUG] Connected to MongoDB
[2025-06-30T03:52:50.711Z] [INFO] Found 2 company databases
[2025-06-30T03:52:50.712Z] [DEBUG] Processing company database: company_9jxwph8g
[2025-06-30T03:52:50.768Z] [DEBUG] Finding reports to execute in company_9jxwph8g (current time: 2025-06-30T03:52:50.768Z)
[2025-06-30T03:52:50.823Z] [INFO] Found 0 reports to execute in company_9jxwph8g
[2025-06-30T03:52:50.823Z] [DEBUG] Processing company database: company_ey1a4uyd
[2025-06-30T03:52:50.877Z] [DEBUG] Skipping company_ey1a4uyd: No scheduled reports collection found
[2025-06-30T03:52:50.878Z] [INFO] Scheduled reports check completed
[2025-06-30T03:52:50.881Z] [DEBUG] MongoDB connection closed
[2025-06-30T03:53:19.816Z] [INFO] Checking for scheduled reports...
[2025-06-30T03:53:20.434Z] [DEBUG] Connected to MongoDB
[2025-06-30T03:53:20.501Z] [INFO] Found 2 company databases
[2025-06-30T03:53:20.502Z] [DEBUG] Processing company database: company_9jxwph8g
[2025-06-30T03:53:20.557Z] [DEBUG] Finding reports to execute in company_9jxwph8g (current time: 2025-06-30T03:53:20.557Z)
[2025-06-30T03:53:20.611Z] [INFO] Found 0 reports to execute in company_9jxwph8g
[2025-06-30T03:53:20.612Z] [DEBUG] Processing company database: company_ey1a4uyd
[2025-06-30T03:53:20.667Z] [DEBUG] Skipping company_ey1a4uyd: No scheduled reports collection found
[2025-06-30T03:53:20.668Z] [INFO] Scheduled reports check completed
[2025-06-30T03:53:20.670Z] [DEBUG] MongoDB connection closed
[2025-06-30T03:53:49.816Z] [INFO] Checking for scheduled reports...
[2025-06-30T03:53:51.030Z] [DEBUG] Connected to MongoDB
[2025-06-30T03:53:51.103Z] [INFO] Found 2 company databases
[2025-06-30T03:53:51.103Z] [DEBUG] Processing company database: company_9jxwph8g
[2025-06-30T03:53:51.157Z] [DEBUG] Finding reports to execute in company_9jxwph8g (current time: 2025-06-30T03:53:51.157Z)
[2025-06-30T03:53:51.243Z] [INFO] Found 0 reports to execute in company_9jxwph8g
[2025-06-30T03:53:51.244Z] [DEBUG] Processing company database: company_ey1a4uyd
[2025-06-30T03:53:51.390Z] [DEBUG] Skipping company_ey1a4uyd: No scheduled reports collection found
[2025-06-30T03:53:51.391Z] [INFO] Scheduled reports check completed
[2025-06-30T03:53:51.394Z] [DEBUG] MongoDB connection closed
[2025-06-30T03:54:19.817Z] [INFO] Checking for scheduled reports...
[2025-06-30T03:54:20.543Z] [DEBUG] Connected to MongoDB
[2025-06-30T03:54:20.609Z] [INFO] Found 2 company databases
[2025-06-30T03:54:20.609Z] [DEBUG] Processing company database: company_9jxwph8g
[2025-06-30T03:54:20.665Z] [DEBUG] Finding reports to execute in company_9jxwph8g (current time: 2025-06-30T03:54:20.665Z)
[2025-06-30T03:54:20.719Z] [INFO] Found 0 reports to execute in company_9jxwph8g
[2025-06-30T03:54:20.720Z] [DEBUG] Processing company database: company_ey1a4uyd
[2025-06-30T03:54:20.776Z] [DEBUG] Skipping company_ey1a4uyd: No scheduled reports collection found
[2025-06-30T03:54:20.776Z] [INFO] Scheduled reports check completed
[2025-06-30T03:54:20.779Z] [DEBUG] MongoDB connection closed
[2025-06-30T03:54:49.817Z] [INFO] Checking for scheduled reports...
[2025-06-30T03:54:50.507Z] [DEBUG] Connected to MongoDB
[2025-06-30T03:54:50.572Z] [INFO] Found 2 company databases
[2025-06-30T03:54:50.572Z] [DEBUG] Processing company database: company_9jxwph8g
[2025-06-30T03:54:50.627Z] [DEBUG] Finding reports to execute in company_9jxwph8g (current time: 2025-06-30T03:54:50.627Z)
[2025-06-30T03:54:50.681Z] [INFO] Found 0 reports to execute in company_9jxwph8g
[2025-06-30T03:54:50.682Z] [DEBUG] Processing company database: company_ey1a4uyd
[2025-06-30T03:54:50.737Z] [DEBUG] Skipping company_ey1a4uyd: No scheduled reports collection found
[2025-06-30T03:54:50.738Z] [INFO] Scheduled reports check completed
[2025-06-30T03:54:50.740Z] [DEBUG] MongoDB connection closed
[2025-06-30T03:55:19.817Z] [INFO] Checking for scheduled reports...
[2025-06-30T03:55:20.427Z] [DEBUG] Connected to MongoDB
[2025-06-30T03:55:20.493Z] [INFO] Found 2 company databases
[2025-06-30T03:55:20.493Z] [DEBUG] Processing company database: company_9jxwph8g
[2025-06-30T03:55:20.548Z] [DEBUG] Finding reports to execute in company_9jxwph8g (current time: 2025-06-30T03:55:20.548Z)
[2025-06-30T03:55:20.603Z] [INFO] Found 0 reports to execute in company_9jxwph8g
[2025-06-30T03:55:20.604Z] [DEBUG] Processing company database: company_ey1a4uyd
[2025-06-30T03:55:20.658Z] [DEBUG] Skipping company_ey1a4uyd: No scheduled reports collection found
[2025-06-30T03:55:20.659Z] [INFO] Scheduled reports check completed
[2025-06-30T03:55:20.661Z] [DEBUG] MongoDB connection closed
[2025-06-30T03:55:49.816Z] [INFO] Checking for scheduled reports...
[2025-06-30T03:55:50.613Z] [DEBUG] Connected to MongoDB
[2025-06-30T03:55:50.689Z] [INFO] Found 2 company databases
[2025-06-30T03:55:50.689Z] [DEBUG] Processing company database: company_9jxwph8g
[2025-06-30T03:55:50.744Z] [DEBUG] Finding reports to execute in company_9jxwph8g (current time: 2025-06-30T03:55:50.744Z)
[2025-06-30T03:55:50.798Z] [INFO] Found 0 reports to execute in company_9jxwph8g
[2025-06-30T03:55:50.798Z] [DEBUG] Processing company database: company_ey1a4uyd
[2025-06-30T03:55:50.852Z] [DEBUG] Skipping company_ey1a4uyd: No scheduled reports collection found
[2025-06-30T03:55:50.853Z] [INFO] Scheduled reports check completed
[2025-06-30T03:55:50.856Z] [DEBUG] MongoDB connection closed
[2025-06-30T03:56:19.818Z] [INFO] Checking for scheduled reports...
[2025-06-30T03:56:20.437Z] [DEBUG] Connected to MongoDB
[2025-06-30T03:56:20.502Z] [INFO] Found 2 company databases
[2025-06-30T03:56:20.502Z] [DEBUG] Processing company database: company_9jxwph8g
[2025-06-30T03:56:20.557Z] [DEBUG] Finding reports to execute in company_9jxwph8g (current time: 2025-06-30T03:56:20.557Z)
[2025-06-30T03:56:20.611Z] [INFO] Found 0 reports to execute in company_9jxwph8g
[2025-06-30T03:56:20.612Z] [DEBUG] Processing company database: company_ey1a4uyd
[2025-06-30T03:56:20.666Z] [DEBUG] Skipping company_ey1a4uyd: No scheduled reports collection found
[2025-06-30T03:56:20.666Z] [INFO] Scheduled reports check completed
[2025-06-30T03:56:20.669Z] [DEBUG] MongoDB connection closed
[2025-06-30T03:56:49.819Z] [INFO] Checking for scheduled reports...
[2025-06-30T03:56:50.503Z] [DEBUG] Connected to MongoDB
[2025-06-30T03:56:50.568Z] [INFO] Found 2 company databases
[2025-06-30T03:56:50.569Z] [DEBUG] Processing company database: company_9jxwph8g
[2025-06-30T03:56:50.623Z] [DEBUG] Finding reports to execute in company_9jxwph8g (current time: 2025-06-30T03:56:50.623Z)
[2025-06-30T03:56:50.679Z] [INFO] Found 0 reports to execute in company_9jxwph8g
[2025-06-30T03:56:50.680Z] [DEBUG] Processing company database: company_ey1a4uyd
[2025-06-30T03:56:50.736Z] [DEBUG] Skipping company_ey1a4uyd: No scheduled reports collection found
[2025-06-30T03:56:50.737Z] [INFO] Scheduled reports check completed
[2025-06-30T03:56:50.739Z] [DEBUG] MongoDB connection closed
[2025-06-30T03:57:19.821Z] [INFO] Checking for scheduled reports...
[2025-06-30T03:57:20.543Z] [DEBUG] Connected to MongoDB
[2025-06-30T03:57:20.614Z] [INFO] Found 2 company databases
[2025-06-30T03:57:20.615Z] [DEBUG] Processing company database: company_9jxwph8g
[2025-06-30T03:57:20.669Z] [DEBUG] Finding reports to execute in company_9jxwph8g (current time: 2025-06-30T03:57:20.669Z)
[2025-06-30T03:57:20.723Z] [INFO] Found 0 reports to execute in company_9jxwph8g
[2025-06-30T03:57:20.724Z] [DEBUG] Processing company database: company_ey1a4uyd
[2025-06-30T03:57:20.778Z] [DEBUG] Skipping company_ey1a4uyd: No scheduled reports collection found
[2025-06-30T03:57:20.778Z] [INFO] Scheduled reports check completed
[2025-06-30T03:57:20.780Z] [DEBUG] MongoDB connection closed
[2025-06-30T03:57:49.824Z] [INFO] Checking for scheduled reports...
[2025-06-30T03:57:50.517Z] [DEBUG] Connected to MongoDB
[2025-06-30T03:57:50.581Z] [INFO] Found 2 company databases
[2025-06-30T03:57:50.582Z] [DEBUG] Processing company database: company_9jxwph8g
[2025-06-30T03:57:50.636Z] [DEBUG] Finding reports to execute in company_9jxwph8g (current time: 2025-06-30T03:57:50.636Z)
[2025-06-30T03:57:50.689Z] [INFO] Found 0 reports to execute in company_9jxwph8g
[2025-06-30T03:57:50.690Z] [DEBUG] Processing company database: company_ey1a4uyd
[2025-06-30T03:57:50.743Z] [DEBUG] Skipping company_ey1a4uyd: No scheduled reports collection found
[2025-06-30T03:57:50.744Z] [INFO] Scheduled reports check completed
[2025-06-30T03:57:50.746Z] [DEBUG] MongoDB connection closed
[2025-06-30T03:58:19.826Z] [INFO] Checking for scheduled reports...
[2025-06-30T03:58:20.446Z] [DEBUG] Connected to MongoDB
[2025-06-30T03:58:20.512Z] [INFO] Found 2 company databases
[2025-06-30T03:58:20.513Z] [DEBUG] Processing company database: company_9jxwph8g
[2025-06-30T03:58:20.568Z] [DEBUG] Finding reports to execute in company_9jxwph8g (current time: 2025-06-30T03:58:20.568Z)
[2025-06-30T03:58:20.622Z] [INFO] Found 0 reports to execute in company_9jxwph8g
[2025-06-30T03:58:20.623Z] [DEBUG] Processing company database: company_ey1a4uyd
[2025-06-30T03:58:20.677Z] [DEBUG] Skipping company_ey1a4uyd: No scheduled reports collection found
[2025-06-30T03:58:20.678Z] [INFO] Scheduled reports check completed
[2025-06-30T03:58:20.680Z] [DEBUG] MongoDB connection closed
[2025-06-30T03:58:49.828Z] [INFO] Checking for scheduled reports...
[2025-06-30T03:58:50.642Z] [DEBUG] Connected to MongoDB
[2025-06-30T03:58:50.707Z] [INFO] Found 2 company databases
[2025-06-30T03:58:50.708Z] [DEBUG] Processing company database: company_9jxwph8g
[2025-06-30T03:58:50.762Z] [DEBUG] Finding reports to execute in company_9jxwph8g (current time: 2025-06-30T03:58:50.762Z)
[2025-06-30T03:58:50.816Z] [INFO] Found 0 reports to execute in company_9jxwph8g
[2025-06-30T03:58:50.817Z] [DEBUG] Processing company database: company_ey1a4uyd
[2025-06-30T03:58:50.870Z] [DEBUG] Skipping company_ey1a4uyd: No scheduled reports collection found
[2025-06-30T03:58:50.871Z] [INFO] Scheduled reports check completed
[2025-06-30T03:58:50.873Z] [DEBUG] MongoDB connection closed
[2025-06-30T03:59:19.830Z] [INFO] Checking for scheduled reports...
[2025-06-30T03:59:20.483Z] [DEBUG] Connected to MongoDB
[2025-06-30T03:59:20.548Z] [INFO] Found 2 company databases
[2025-06-30T03:59:20.549Z] [DEBUG] Processing company database: company_9jxwph8g
[2025-06-30T03:59:20.602Z] [DEBUG] Finding reports to execute in company_9jxwph8g (current time: 2025-06-30T03:59:20.602Z)
[2025-06-30T03:59:20.660Z] [INFO] Found 0 reports to execute in company_9jxwph8g
[2025-06-30T03:59:20.660Z] [DEBUG] Processing company database: company_ey1a4uyd
[2025-06-30T03:59:20.714Z] [DEBUG] Skipping company_ey1a4uyd: No scheduled reports collection found
[2025-06-30T03:59:20.715Z] [INFO] Scheduled reports check completed
[2025-06-30T03:59:20.718Z] [DEBUG] MongoDB connection closed
[2025-06-30T03:59:49.832Z] [INFO] Checking for scheduled reports...
[2025-06-30T03:59:50.552Z] [DEBUG] Connected to MongoDB
[2025-06-30T03:59:50.618Z] [INFO] Found 2 company databases
[2025-06-30T03:59:50.619Z] [DEBUG] Processing company database: company_9jxwph8g
[2025-06-30T03:59:50.674Z] [DEBUG] Finding reports to execute in company_9jxwph8g (current time: 2025-06-30T03:59:50.674Z)
[2025-06-30T03:59:50.729Z] [INFO] Found 0 reports to execute in company_9jxwph8g
[2025-06-30T03:59:50.730Z] [DEBUG] Processing company database: company_ey1a4uyd
[2025-06-30T03:59:50.784Z] [DEBUG] Skipping company_ey1a4uyd: No scheduled reports collection found
[2025-06-30T03:59:50.784Z] [INFO] Scheduled reports check completed
[2025-06-30T03:59:50.786Z] [DEBUG] MongoDB connection closed
[2025-06-30T04:00:19.832Z] [INFO] Checking for scheduled reports...
[2025-06-30T04:00:20.547Z] [DEBUG] Connected to MongoDB
[2025-06-30T04:00:20.609Z] [INFO] Found 2 company databases
[2025-06-30T04:00:20.610Z] [DEBUG] Processing company database: company_9jxwph8g
[2025-06-30T04:00:20.661Z] [DEBUG] Finding reports to execute in company_9jxwph8g (current time: 2025-06-30T04:00:20.661Z)
[2025-06-30T04:00:20.711Z] [INFO] Found 0 reports to execute in company_9jxwph8g
[2025-06-30T04:00:20.712Z] [DEBUG] Processing company database: company_ey1a4uyd
[2025-06-30T04:00:20.762Z] [DEBUG] Skipping company_ey1a4uyd: No scheduled reports collection found
[2025-06-30T04:00:20.763Z] [INFO] Scheduled reports check completed
[2025-06-30T04:00:20.765Z] [DEBUG] MongoDB connection closed
[2025-06-30T04:00:49.834Z] [INFO] Checking for scheduled reports...
[2025-06-30T04:00:50.604Z] [DEBUG] Connected to MongoDB
[2025-06-30T04:00:50.666Z] [INFO] Found 2 company databases
[2025-06-30T04:00:50.667Z] [DEBUG] Processing company database: company_9jxwph8g
[2025-06-30T04:00:50.727Z] [DEBUG] Finding reports to execute in company_9jxwph8g (current time: 2025-06-30T04:00:50.727Z)
[2025-06-30T04:00:50.777Z] [INFO] Found 0 reports to execute in company_9jxwph8g
[2025-06-30T04:00:50.778Z] [DEBUG] Processing company database: company_ey1a4uyd
[2025-06-30T04:00:50.829Z] [DEBUG] Skipping company_ey1a4uyd: No scheduled reports collection found
[2025-06-30T04:00:50.829Z] [INFO] Scheduled reports check completed
[2025-06-30T04:00:50.832Z] [DEBUG] MongoDB connection closed
[2025-06-30T04:01:19.836Z] [INFO] Checking for scheduled reports...
[2025-06-30T04:01:20.541Z] [DEBUG] Connected to MongoDB
[2025-06-30T04:01:20.603Z] [INFO] Found 2 company databases
[2025-06-30T04:01:20.604Z] [DEBUG] Processing company database: company_9jxwph8g
[2025-06-30T04:01:20.654Z] [DEBUG] Finding reports to execute in company_9jxwph8g (current time: 2025-06-30T04:01:20.654Z)
[2025-06-30T04:01:20.704Z] [INFO] Found 0 reports to execute in company_9jxwph8g
[2025-06-30T04:01:20.704Z] [DEBUG] Processing company database: company_ey1a4uyd
[2025-06-30T04:01:20.755Z] [DEBUG] Skipping company_ey1a4uyd: No scheduled reports collection found
[2025-06-30T04:01:20.755Z] [INFO] Scheduled reports check completed
[2025-06-30T04:01:20.758Z] [DEBUG] MongoDB connection closed
[2025-06-30T04:01:49.837Z] [INFO] Checking for scheduled reports...
[2025-06-30T04:01:50.924Z] [DEBUG] Connected to MongoDB
[2025-06-30T04:01:50.985Z] [INFO] Found 2 company databases
[2025-06-30T04:01:50.986Z] [DEBUG] Processing company database: company_9jxwph8g
[2025-06-30T04:01:51.036Z] [DEBUG] Finding reports to execute in company_9jxwph8g (current time: 2025-06-30T04:01:51.036Z)
[2025-06-30T04:01:51.085Z] [INFO] Found 0 reports to execute in company_9jxwph8g
[2025-06-30T04:01:51.086Z] [DEBUG] Processing company database: company_ey1a4uyd
[2025-06-30T04:01:51.135Z] [DEBUG] Skipping company_ey1a4uyd: No scheduled reports collection found
[2025-06-30T04:01:51.136Z] [INFO] Scheduled reports check completed
[2025-06-30T04:01:51.137Z] [DEBUG] MongoDB connection closed
[2025-06-30T04:02:19.838Z] [INFO] Checking for scheduled reports...
[2025-06-30T04:02:20.417Z] [DEBUG] Connected to MongoDB
[2025-06-30T04:02:20.479Z] [INFO] Found 2 company databases
[2025-06-30T04:02:20.480Z] [DEBUG] Processing company database: company_9jxwph8g
[2025-06-30T04:02:20.531Z] [DEBUG] Finding reports to execute in company_9jxwph8g (current time: 2025-06-30T04:02:20.531Z)
[2025-06-30T04:02:20.581Z] [INFO] Found 0 reports to execute in company_9jxwph8g
[2025-06-30T04:02:20.582Z] [DEBUG] Processing company database: company_ey1a4uyd
[2025-06-30T04:02:20.632Z] [DEBUG] Skipping company_ey1a4uyd: No scheduled reports collection found
[2025-06-30T04:02:20.633Z] [INFO] Scheduled reports check completed
[2025-06-30T04:02:20.634Z] [DEBUG] MongoDB connection closed
[2025-06-30T04:02:49.840Z] [INFO] Checking for scheduled reports...
[2025-06-30T04:02:50.522Z] [DEBUG] Connected to MongoDB
[2025-06-30T04:02:50.584Z] [INFO] Found 2 company databases
[2025-06-30T04:02:50.584Z] [DEBUG] Processing company database: company_9jxwph8g
[2025-06-30T04:02:50.635Z] [DEBUG] Finding reports to execute in company_9jxwph8g (current time: 2025-06-30T04:02:50.635Z)
[2025-06-30T04:02:50.684Z] [INFO] Found 0 reports to execute in company_9jxwph8g
[2025-06-30T04:02:50.685Z] [DEBUG] Processing company database: company_ey1a4uyd
[2025-06-30T04:02:50.735Z] [DEBUG] Skipping company_ey1a4uyd: No scheduled reports collection found
[2025-06-30T04:02:50.736Z] [INFO] Scheduled reports check completed
[2025-06-30T04:02:50.738Z] [DEBUG] MongoDB connection closed
[2025-06-30T04:03:19.841Z] [INFO] Checking for scheduled reports...
[2025-06-30T04:03:20.540Z] [DEBUG] Connected to MongoDB
[2025-06-30T04:03:20.601Z] [INFO] Found 2 company databases
[2025-06-30T04:03:20.601Z] [DEBUG] Processing company database: company_9jxwph8g
[2025-06-30T04:03:20.652Z] [DEBUG] Finding reports to execute in company_9jxwph8g (current time: 2025-06-30T04:03:20.652Z)
[2025-06-30T04:03:20.703Z] [INFO] Found 0 reports to execute in company_9jxwph8g
[2025-06-30T04:03:20.704Z] [DEBUG] Processing company database: company_ey1a4uyd
[2025-06-30T04:03:20.754Z] [DEBUG] Skipping company_ey1a4uyd: No scheduled reports collection found
[2025-06-30T04:03:20.754Z] [INFO] Scheduled reports check completed
[2025-06-30T04:03:20.758Z] [DEBUG] MongoDB connection closed
[2025-06-30T04:03:49.844Z] [INFO] Checking for scheduled reports...
[2025-06-30T04:03:50.531Z] [DEBUG] Connected to MongoDB
[2025-06-30T04:03:50.593Z] [INFO] Found 2 company databases
[2025-06-30T04:03:50.594Z] [DEBUG] Processing company database: company_9jxwph8g
[2025-06-30T04:03:50.644Z] [DEBUG] Finding reports to execute in company_9jxwph8g (current time: 2025-06-30T04:03:50.644Z)
[2025-06-30T04:03:50.694Z] [INFO] Found 0 reports to execute in company_9jxwph8g
[2025-06-30T04:03:50.695Z] [DEBUG] Processing company database: company_ey1a4uyd
[2025-06-30T04:03:50.745Z] [DEBUG] Skipping company_ey1a4uyd: No scheduled reports collection found
[2025-06-30T04:03:50.746Z] [INFO] Scheduled reports check completed
[2025-06-30T04:03:50.748Z] [DEBUG] MongoDB connection closed
[2025-06-30T04:04:19.845Z] [INFO] Checking for scheduled reports...
[2025-06-30T04:04:20.463Z] [DEBUG] Connected to MongoDB
[2025-06-30T04:04:20.523Z] [INFO] Found 2 company databases
[2025-06-30T04:04:20.524Z] [DEBUG] Processing company database: company_9jxwph8g
[2025-06-30T04:04:20.576Z] [DEBUG] Finding reports to execute in company_9jxwph8g (current time: 2025-06-30T04:04:20.576Z)
[2025-06-30T04:04:20.628Z] [INFO] Found 0 reports to execute in company_9jxwph8g
[2025-06-30T04:04:20.629Z] [DEBUG] Processing company database: company_ey1a4uyd
[2025-06-30T04:04:20.679Z] [DEBUG] Skipping company_ey1a4uyd: No scheduled reports collection found
[2025-06-30T04:04:20.679Z] [INFO] Scheduled reports check completed
[2025-06-30T04:04:20.681Z] [DEBUG] MongoDB connection closed
[2025-06-30T04:04:49.846Z] [INFO] Checking for scheduled reports...
[2025-06-30T04:04:50.661Z] [DEBUG] Connected to MongoDB
[2025-06-30T04:04:50.721Z] [INFO] Found 2 company databases
[2025-06-30T04:04:50.722Z] [DEBUG] Processing company database: company_9jxwph8g
[2025-06-30T04:04:50.773Z] [DEBUG] Finding reports to execute in company_9jxwph8g (current time: 2025-06-30T04:04:50.773Z)
[2025-06-30T04:04:50.825Z] [INFO] Found 0 reports to execute in company_9jxwph8g
[2025-06-30T04:04:50.826Z] [DEBUG] Processing company database: company_ey1a4uyd
[2025-06-30T04:04:50.876Z] [DEBUG] Skipping company_ey1a4uyd: No scheduled reports collection found
[2025-06-30T04:04:50.877Z] [INFO] Scheduled reports check completed
[2025-06-30T04:04:50.879Z] [DEBUG] MongoDB connection closed
[2025-06-30T04:05:19.848Z] [INFO] Checking for scheduled reports...
[2025-06-30T04:05:20.448Z] [DEBUG] Connected to MongoDB
[2025-06-30T04:05:20.509Z] [INFO] Found 2 company databases
[2025-06-30T04:05:20.510Z] [DEBUG] Processing company database: company_9jxwph8g
[2025-06-30T04:05:20.561Z] [DEBUG] Finding reports to execute in company_9jxwph8g (current time: 2025-06-30T04:05:20.561Z)
[2025-06-30T04:05:20.611Z] [INFO] Found 0 reports to execute in company_9jxwph8g
[2025-06-30T04:05:20.612Z] [DEBUG] Processing company database: company_ey1a4uyd
[2025-06-30T04:05:20.662Z] [DEBUG] Skipping company_ey1a4uyd: No scheduled reports collection found
[2025-06-30T04:05:20.663Z] [INFO] Scheduled reports check completed
[2025-06-30T04:05:20.665Z] [DEBUG] MongoDB connection closed
[2025-06-30T04:05:49.850Z] [INFO] Checking for scheduled reports...
[2025-06-30T04:05:50.678Z] [DEBUG] Connected to MongoDB
[2025-06-30T04:05:50.740Z] [INFO] Found 2 company databases
[2025-06-30T04:05:50.740Z] [DEBUG] Processing company database: company_9jxwph8g
[2025-06-30T04:05:50.791Z] [DEBUG] Finding reports to execute in company_9jxwph8g (current time: 2025-06-30T04:05:50.791Z)
[2025-06-30T04:05:50.842Z] [INFO] Found 0 reports to execute in company_9jxwph8g
[2025-06-30T04:05:50.843Z] [DEBUG] Processing company database: company_ey1a4uyd
[2025-06-30T04:05:50.892Z] [DEBUG] Skipping company_ey1a4uyd: No scheduled reports collection found
[2025-06-30T04:05:50.893Z] [INFO] Scheduled reports check completed
[2025-06-30T04:05:50.895Z] [DEBUG] MongoDB connection closed
[2025-06-30T04:06:19.851Z] [INFO] Checking for scheduled reports...
[2025-06-30T04:06:20.609Z] [DEBUG] Connected to MongoDB
[2025-06-30T04:06:20.671Z] [INFO] Found 2 company databases
[2025-06-30T04:06:20.671Z] [DEBUG] Processing company database: company_9jxwph8g
[2025-06-30T04:06:20.723Z] [DEBUG] Finding reports to execute in company_9jxwph8g (current time: 2025-06-30T04:06:20.723Z)
[2025-06-30T04:06:20.773Z] [INFO] Found 0 reports to execute in company_9jxwph8g
[2025-06-30T04:06:20.774Z] [DEBUG] Processing company database: company_ey1a4uyd
[2025-06-30T04:06:20.825Z] [DEBUG] Skipping company_ey1a4uyd: No scheduled reports collection found
[2025-06-30T04:06:20.826Z] [INFO] Scheduled reports check completed
[2025-06-30T04:06:20.828Z] [DEBUG] MongoDB connection closed
[2025-06-30T04:06:49.852Z] [INFO] Checking for scheduled reports...
[2025-06-30T04:06:50.556Z] [DEBUG] Connected to MongoDB
[2025-06-30T04:06:50.620Z] [INFO] Found 2 company databases
[2025-06-30T04:06:50.621Z] [DEBUG] Processing company database: company_9jxwph8g
[2025-06-30T04:06:50.672Z] [DEBUG] Finding reports to execute in company_9jxwph8g (current time: 2025-06-30T04:06:50.672Z)
[2025-06-30T04:06:50.723Z] [INFO] Found 0 reports to execute in company_9jxwph8g
[2025-06-30T04:06:50.723Z] [DEBUG] Processing company database: company_ey1a4uyd
[2025-06-30T04:06:50.774Z] [DEBUG] Skipping company_ey1a4uyd: No scheduled reports collection found
[2025-06-30T04:06:50.775Z] [INFO] Scheduled reports check completed
[2025-06-30T04:06:50.777Z] [DEBUG] MongoDB connection closed
[2025-06-30T04:07:19.852Z] [INFO] Checking for scheduled reports...
[2025-06-30T04:07:20.557Z] [DEBUG] Connected to MongoDB
[2025-06-30T04:07:20.623Z] [INFO] Found 2 company databases
[2025-06-30T04:07:20.623Z] [DEBUG] Processing company database: company_9jxwph8g
[2025-06-30T04:07:20.674Z] [DEBUG] Finding reports to execute in company_9jxwph8g (current time: 2025-06-30T04:07:20.674Z)
[2025-06-30T04:07:20.724Z] [INFO] Found 0 reports to execute in company_9jxwph8g
[2025-06-30T04:07:20.724Z] [DEBUG] Processing company database: company_ey1a4uyd
[2025-06-30T04:07:20.774Z] [DEBUG] Skipping company_ey1a4uyd: No scheduled reports collection found
[2025-06-30T04:07:20.775Z] [INFO] Scheduled reports check completed
[2025-06-30T04:07:20.778Z] [DEBUG] MongoDB connection closed
[2025-06-30T04:07:49.853Z] [INFO] Checking for scheduled reports...
[2025-06-30T04:07:50.810Z] [DEBUG] Connected to MongoDB
[2025-06-30T04:07:50.871Z] [INFO] Found 2 company databases
[2025-06-30T04:07:50.872Z] [DEBUG] Processing company database: company_9jxwph8g
[2025-06-30T04:07:50.923Z] [DEBUG] Finding reports to execute in company_9jxwph8g (current time: 2025-06-30T04:07:50.923Z)
[2025-06-30T04:07:50.974Z] [INFO] Found 0 reports to execute in company_9jxwph8g
[2025-06-30T04:07:50.974Z] [DEBUG] Processing company database: company_ey1a4uyd
[2025-06-30T04:07:51.025Z] [DEBUG] Skipping company_ey1a4uyd: No scheduled reports collection found
[2025-06-30T04:07:51.026Z] [INFO] Scheduled reports check completed
[2025-06-30T04:07:51.028Z] [DEBUG] MongoDB connection closed
[2025-06-30T04:08:19.855Z] [INFO] Checking for scheduled reports...
[2025-06-30T04:08:20.566Z] [DEBUG] Connected to MongoDB
[2025-06-30T04:08:20.628Z] [INFO] Found 2 company databases
[2025-06-30T04:08:20.628Z] [DEBUG] Processing company database: company_9jxwph8g
[2025-06-30T04:08:20.679Z] [DEBUG] Finding reports to execute in company_9jxwph8g (current time: 2025-06-30T04:08:20.679Z)
[2025-06-30T04:08:20.730Z] [INFO] Found 0 reports to execute in company_9jxwph8g
[2025-06-30T04:08:20.731Z] [DEBUG] Processing company database: company_ey1a4uyd
[2025-06-30T04:08:20.781Z] [DEBUG] Skipping company_ey1a4uyd: No scheduled reports collection found
[2025-06-30T04:08:20.781Z] [INFO] Scheduled reports check completed
[2025-06-30T04:08:20.784Z] [DEBUG] MongoDB connection closed
[2025-06-30T04:08:49.855Z] [INFO] Checking for scheduled reports...
[2025-06-30T04:08:50.590Z] [DEBUG] Connected to MongoDB
[2025-06-30T04:08:50.659Z] [INFO] Found 2 company databases
[2025-06-30T04:08:50.660Z] [DEBUG] Processing company database: company_9jxwph8g
[2025-06-30T04:08:50.712Z] [DEBUG] Finding reports to execute in company_9jxwph8g (current time: 2025-06-30T04:08:50.712Z)
[2025-06-30T04:08:50.762Z] [INFO] Found 0 reports to execute in company_9jxwph8g
[2025-06-30T04:08:50.763Z] [DEBUG] Processing company database: company_ey1a4uyd
[2025-06-30T04:08:50.813Z] [DEBUG] Skipping company_ey1a4uyd: No scheduled reports collection found
[2025-06-30T04:08:50.814Z] [INFO] Scheduled reports check completed
[2025-06-30T04:08:50.816Z] [DEBUG] MongoDB connection closed
[2025-06-30T04:09:19.857Z] [INFO] Checking for scheduled reports...
[2025-06-30T04:09:20.677Z] [DEBUG] Connected to MongoDB
[2025-06-30T04:09:20.738Z] [INFO] Found 2 company databases
[2025-06-30T04:09:20.738Z] [DEBUG] Processing company database: company_9jxwph8g
[2025-06-30T04:09:20.789Z] [DEBUG] Finding reports to execute in company_9jxwph8g (current time: 2025-06-30T04:09:20.789Z)
[2025-06-30T04:09:20.840Z] [INFO] Found 0 reports to execute in company_9jxwph8g
[2025-06-30T04:09:20.841Z] [DEBUG] Processing company database: company_ey1a4uyd
[2025-06-30T04:09:20.891Z] [DEBUG] Skipping company_ey1a4uyd: No scheduled reports collection found
[2025-06-30T04:09:20.891Z] [INFO] Scheduled reports check completed
[2025-06-30T04:09:20.894Z] [DEBUG] MongoDB connection closed
[2025-06-30T04:09:49.858Z] [INFO] Checking for scheduled reports...
[2025-06-30T04:09:50.718Z] [DEBUG] Connected to MongoDB
[2025-06-30T04:09:50.778Z] [INFO] Found 2 company databases
[2025-06-30T04:09:50.779Z] [DEBUG] Processing company database: company_9jxwph8g
[2025-06-30T04:09:50.831Z] [DEBUG] Finding reports to execute in company_9jxwph8g (current time: 2025-06-30T04:09:50.831Z)
[2025-06-30T04:09:50.880Z] [INFO] Found 0 reports to execute in company_9jxwph8g
[2025-06-30T04:09:50.881Z] [DEBUG] Processing company database: company_ey1a4uyd
[2025-06-30T04:09:50.931Z] [DEBUG] Skipping company_ey1a4uyd: No scheduled reports collection found
[2025-06-30T04:09:50.932Z] [INFO] Scheduled reports check completed
[2025-06-30T04:09:50.934Z] [DEBUG] MongoDB connection closed
[2025-06-30T04:10:19.860Z] [INFO] Checking for scheduled reports...
[2025-06-30T04:10:20.539Z] [DEBUG] Connected to MongoDB
[2025-06-30T04:10:20.600Z] [INFO] Found 2 company databases
[2025-06-30T04:10:20.601Z] [DEBUG] Processing company database: company_9jxwph8g
[2025-06-30T04:10:20.652Z] [DEBUG] Finding reports to execute in company_9jxwph8g (current time: 2025-06-30T04:10:20.652Z)
[2025-06-30T04:10:20.703Z] [INFO] Found 0 reports to execute in company_9jxwph8g
[2025-06-30T04:10:20.704Z] [DEBUG] Processing company database: company_ey1a4uyd
[2025-06-30T04:10:20.755Z] [DEBUG] Skipping company_ey1a4uyd: No scheduled reports collection found
[2025-06-30T04:10:20.755Z] [INFO] Scheduled reports check completed
[2025-06-30T04:10:20.757Z] [DEBUG] MongoDB connection closed
[2025-06-30T04:10:49.861Z] [INFO] Checking for scheduled reports...
[2025-06-30T04:10:50.739Z] [DEBUG] Connected to MongoDB
[2025-06-30T04:10:50.809Z] [INFO] Found 2 company databases
[2025-06-30T04:10:50.809Z] [DEBUG] Processing company database: company_9jxwph8g
[2025-06-30T04:10:50.860Z] [DEBUG] Finding reports to execute in company_9jxwph8g (current time: 2025-06-30T04:10:50.860Z)
[2025-06-30T04:10:50.910Z] [INFO] Found 0 reports to execute in company_9jxwph8g
[2025-06-30T04:10:50.911Z] [DEBUG] Processing company database: company_ey1a4uyd
[2025-06-30T04:10:50.961Z] [DEBUG] Skipping company_ey1a4uyd: No scheduled reports collection found
[2025-06-30T04:10:50.961Z] [INFO] Scheduled reports check completed
[2025-06-30T04:10:50.964Z] [DEBUG] MongoDB connection closed
[2025-06-30T04:11:19.861Z] [INFO] Checking for scheduled reports...
[2025-06-30T04:11:20.588Z] [DEBUG] Connected to MongoDB
[2025-06-30T04:11:20.653Z] [INFO] Found 2 company databases
[2025-06-30T04:11:20.653Z] [DEBUG] Processing company database: company_9jxwph8g
[2025-06-30T04:11:20.708Z] [DEBUG] Finding reports to execute in company_9jxwph8g (current time: 2025-06-30T04:11:20.708Z)
[2025-06-30T04:11:20.764Z] [INFO] Found 0 reports to execute in company_9jxwph8g
[2025-06-30T04:11:20.765Z] [DEBUG] Processing company database: company_ey1a4uyd
[2025-06-30T04:11:20.819Z] [DEBUG] Skipping company_ey1a4uyd: No scheduled reports collection found
[2025-06-30T04:11:20.820Z] [INFO] Scheduled reports check completed
[2025-06-30T04:11:20.822Z] [DEBUG] MongoDB connection closed
[2025-06-30T04:11:49.860Z] [INFO] Checking for scheduled reports...
[2025-06-30T04:11:50.677Z] [DEBUG] Connected to MongoDB
[2025-06-30T04:11:50.739Z] [INFO] Found 2 company databases
[2025-06-30T04:11:50.740Z] [DEBUG] Processing company database: company_9jxwph8g
[2025-06-30T04:11:50.791Z] [DEBUG] Finding reports to execute in company_9jxwph8g (current time: 2025-06-30T04:11:50.791Z)
[2025-06-30T04:11:50.842Z] [INFO] Found 0 reports to execute in company_9jxwph8g
[2025-06-30T04:11:50.842Z] [DEBUG] Processing company database: company_ey1a4uyd
[2025-06-30T04:11:50.892Z] [DEBUG] Skipping company_ey1a4uyd: No scheduled reports collection found
[2025-06-30T04:11:50.893Z] [INFO] Scheduled reports check completed
[2025-06-30T04:11:50.895Z] [DEBUG] MongoDB connection closed
[2025-06-30T04:12:19.862Z] [INFO] Checking for scheduled reports...
[2025-06-30T04:12:20.761Z] [DEBUG] Connected to MongoDB
[2025-06-30T04:12:20.827Z] [INFO] Found 2 company databases
[2025-06-30T04:12:20.828Z] [DEBUG] Processing company database: company_9jxwph8g
[2025-06-30T04:12:20.883Z] [DEBUG] Finding reports to execute in company_9jxwph8g (current time: 2025-06-30T04:12:20.883Z)
[2025-06-30T04:12:20.939Z] [INFO] Found 0 reports to execute in company_9jxwph8g
[2025-06-30T04:12:20.940Z] [DEBUG] Processing company database: company_ey1a4uyd
[2025-06-30T04:12:20.995Z] [DEBUG] Skipping company_ey1a4uyd: No scheduled reports collection found
[2025-06-30T04:12:20.995Z] [INFO] Scheduled reports check completed
[2025-06-30T04:12:20.998Z] [DEBUG] MongoDB connection closed
[2025-06-30T04:12:49.863Z] [INFO] Checking for scheduled reports...
[2025-06-30T04:12:50.563Z] [DEBUG] Connected to MongoDB
[2025-06-30T04:12:50.629Z] [INFO] Found 2 company databases
[2025-06-30T04:12:50.629Z] [DEBUG] Processing company database: company_9jxwph8g
[2025-06-30T04:12:50.686Z] [DEBUG] Finding reports to execute in company_9jxwph8g (current time: 2025-06-30T04:12:50.686Z)
[2025-06-30T04:12:50.741Z] [INFO] Found 0 reports to execute in company_9jxwph8g
[2025-06-30T04:12:50.742Z] [DEBUG] Processing company database: company_ey1a4uyd
[2025-06-30T04:12:50.796Z] [DEBUG] Skipping company_ey1a4uyd: No scheduled reports collection found
[2025-06-30T04:12:50.797Z] [INFO] Scheduled reports check completed
[2025-06-30T04:12:50.799Z] [DEBUG] MongoDB connection closed
[2025-06-30T04:13:19.864Z] [INFO] Checking for scheduled reports...
[2025-06-30T04:13:20.484Z] [DEBUG] Connected to MongoDB
[2025-06-30T04:13:20.550Z] [INFO] Found 2 company databases
[2025-06-30T04:13:20.551Z] [DEBUG] Processing company database: company_9jxwph8g
[2025-06-30T04:13:20.606Z] [DEBUG] Finding reports to execute in company_9jxwph8g (current time: 2025-06-30T04:13:20.606Z)
[2025-06-30T04:13:20.661Z] [INFO] Found 0 reports to execute in company_9jxwph8g
[2025-06-30T04:13:20.662Z] [DEBUG] Processing company database: company_ey1a4uyd
[2025-06-30T04:13:20.716Z] [DEBUG] Skipping company_ey1a4uyd: No scheduled reports collection found
[2025-06-30T04:13:20.716Z] [INFO] Scheduled reports check completed
[2025-06-30T04:13:20.720Z] [DEBUG] MongoDB connection closed
[2025-06-30T04:13:49.866Z] [INFO] Checking for scheduled reports...
[2025-06-30T04:13:50.686Z] [DEBUG] Connected to MongoDB
[2025-06-30T04:13:50.751Z] [INFO] Found 2 company databases
[2025-06-30T04:13:50.751Z] [DEBUG] Processing company database: company_9jxwph8g
[2025-06-30T04:13:50.806Z] [DEBUG] Finding reports to execute in company_9jxwph8g (current time: 2025-06-30T04:13:50.806Z)
[2025-06-30T04:13:50.861Z] [INFO] Found 0 reports to execute in company_9jxwph8g
[2025-06-30T04:13:50.861Z] [DEBUG] Processing company database: company_ey1a4uyd
[2025-06-30T04:13:50.915Z] [DEBUG] Skipping company_ey1a4uyd: No scheduled reports collection found
[2025-06-30T04:13:50.916Z] [INFO] Scheduled reports check completed
[2025-06-30T04:13:50.919Z] [DEBUG] MongoDB connection closed
[2025-06-30T04:14:19.868Z] [INFO] Checking for scheduled reports...
[2025-06-30T04:14:20.485Z] [DEBUG] Connected to MongoDB
[2025-06-30T04:14:20.550Z] [INFO] Found 2 company databases
[2025-06-30T04:14:20.550Z] [DEBUG] Processing company database: company_9jxwph8g
[2025-06-30T04:14:20.605Z] [DEBUG] Finding reports to execute in company_9jxwph8g (current time: 2025-06-30T04:14:20.605Z)
[2025-06-30T04:14:20.659Z] [INFO] Found 0 reports to execute in company_9jxwph8g
[2025-06-30T04:14:20.659Z] [DEBUG] Processing company database: company_ey1a4uyd
[2025-06-30T04:14:20.713Z] [DEBUG] Skipping company_ey1a4uyd: No scheduled reports collection found
[2025-06-30T04:14:20.714Z] [INFO] Scheduled reports check completed
[2025-06-30T04:14:20.716Z] [DEBUG] MongoDB connection closed
[2025-06-30T04:14:49.869Z] [INFO] Checking for scheduled reports...
[2025-06-30T04:14:50.559Z] [DEBUG] Connected to MongoDB
[2025-06-30T04:14:50.623Z] [INFO] Found 2 company databases
[2025-06-30T04:14:50.624Z] [DEBUG] Processing company database: company_9jxwph8g
[2025-06-30T04:14:50.677Z] [DEBUG] Finding reports to execute in company_9jxwph8g (current time: 2025-06-30T04:14:50.677Z)
[2025-06-30T04:14:50.730Z] [INFO] Found 0 reports to execute in company_9jxwph8g
[2025-06-30T04:14:50.730Z] [DEBUG] Processing company database: company_ey1a4uyd
[2025-06-30T04:14:50.783Z] [DEBUG] Skipping company_ey1a4uyd: No scheduled reports collection found
[2025-06-30T04:14:50.784Z] [INFO] Scheduled reports check completed
[2025-06-30T04:14:50.786Z] [DEBUG] MongoDB connection closed
[2025-06-30T04:15:19.870Z] [INFO] Checking for scheduled reports...
[2025-06-30T04:15:20.674Z] [DEBUG] Connected to MongoDB
[2025-06-30T04:15:20.739Z] [INFO] Found 2 company databases
[2025-06-30T04:15:20.740Z] [DEBUG] Processing company database: company_9jxwph8g
[2025-06-30T04:15:20.794Z] [DEBUG] Finding reports to execute in company_9jxwph8g (current time: 2025-06-30T04:15:20.794Z)
[2025-06-30T04:15:20.847Z] [INFO] Found 0 reports to execute in company_9jxwph8g
[2025-06-30T04:15:20.848Z] [DEBUG] Processing company database: company_ey1a4uyd
[2025-06-30T04:15:20.903Z] [DEBUG] Skipping company_ey1a4uyd: No scheduled reports collection found
[2025-06-30T04:15:20.904Z] [INFO] Scheduled reports check completed
[2025-06-30T04:15:20.907Z] [DEBUG] MongoDB connection closed
[2025-06-30T04:15:49.871Z] [INFO] Checking for scheduled reports...
[2025-06-30T04:15:50.551Z] [DEBUG] Connected to MongoDB
[2025-06-30T04:15:50.618Z] [INFO] Found 2 company databases
[2025-06-30T04:15:50.618Z] [DEBUG] Processing company database: company_9jxwph8g
[2025-06-30T04:15:50.672Z] [DEBUG] Finding reports to execute in company_9jxwph8g (current time: 2025-06-30T04:15:50.672Z)
[2025-06-30T04:15:50.725Z] [INFO] Found 0 reports to execute in company_9jxwph8g
[2025-06-30T04:15:50.726Z] [DEBUG] Processing company database: company_ey1a4uyd
[2025-06-30T04:15:50.780Z] [DEBUG] Skipping company_ey1a4uyd: No scheduled reports collection found
[2025-06-30T04:15:50.780Z] [INFO] Scheduled reports check completed
[2025-06-30T04:15:50.783Z] [DEBUG] MongoDB connection closed
[2025-06-30T04:16:19.872Z] [INFO] Checking for scheduled reports...
[2025-06-30T04:16:20.490Z] [DEBUG] Connected to MongoDB
[2025-06-30T04:16:20.555Z] [INFO] Found 2 company databases
[2025-06-30T04:16:20.556Z] [DEBUG] Processing company database: company_9jxwph8g
[2025-06-30T04:16:20.609Z] [DEBUG] Finding reports to execute in company_9jxwph8g (current time: 2025-06-30T04:16:20.609Z)
[2025-06-30T04:16:20.662Z] [INFO] Found 0 reports to execute in company_9jxwph8g
[2025-06-30T04:16:20.663Z] [DEBUG] Processing company database: company_ey1a4uyd
[2025-06-30T04:16:20.716Z] [DEBUG] Skipping company_ey1a4uyd: No scheduled reports collection found
[2025-06-30T04:16:20.717Z] [INFO] Scheduled reports check completed
[2025-06-30T04:16:20.718Z] [DEBUG] MongoDB connection closed
[2025-06-30T04:16:49.873Z] [INFO] Checking for scheduled reports...
[2025-06-30T04:16:50.772Z] [DEBUG] Connected to MongoDB
[2025-06-30T04:16:50.836Z] [INFO] Found 2 company databases
[2025-06-30T04:16:50.836Z] [DEBUG] Processing company database: company_9jxwph8g
[2025-06-30T04:16:50.892Z] [DEBUG] Finding reports to execute in company_9jxwph8g (current time: 2025-06-30T04:16:50.892Z)
[2025-06-30T04:16:50.945Z] [INFO] Found 0 reports to execute in company_9jxwph8g
[2025-06-30T04:16:50.946Z] [DEBUG] Processing company database: company_ey1a4uyd
[2025-06-30T04:16:50.999Z] [DEBUG] Skipping company_ey1a4uyd: No scheduled reports collection found
[2025-06-30T04:16:51.000Z] [INFO] Scheduled reports check completed
[2025-06-30T04:16:51.002Z] [DEBUG] MongoDB connection closed
[2025-06-30T04:17:19.873Z] [INFO] Checking for scheduled reports...
[2025-06-30T04:17:20.492Z] [DEBUG] Connected to MongoDB
[2025-06-30T04:17:20.562Z] [INFO] Found 2 company databases
[2025-06-30T04:17:20.562Z] [DEBUG] Processing company database: company_9jxwph8g
[2025-06-30T04:17:20.616Z] [DEBUG] Finding reports to execute in company_9jxwph8g (current time: 2025-06-30T04:17:20.616Z)
[2025-06-30T04:17:20.672Z] [INFO] Found 0 reports to execute in company_9jxwph8g
[2025-06-30T04:17:20.673Z] [DEBUG] Processing company database: company_ey1a4uyd
[2025-06-30T04:17:20.729Z] [DEBUG] Skipping company_ey1a4uyd: No scheduled reports collection found
[2025-06-30T04:17:20.730Z] [INFO] Scheduled reports check completed
[2025-06-30T04:17:20.731Z] [DEBUG] MongoDB connection closed
[2025-06-30T04:17:49.874Z] [INFO] Checking for scheduled reports...
[2025-06-30T04:17:50.515Z] [DEBUG] Connected to MongoDB
[2025-06-30T04:17:50.579Z] [INFO] Found 2 company databases
[2025-06-30T04:17:50.580Z] [DEBUG] Processing company database: company_9jxwph8g
[2025-06-30T04:17:50.635Z] [DEBUG] Finding reports to execute in company_9jxwph8g (current time: 2025-06-30T04:17:50.635Z)
[2025-06-30T04:17:50.689Z] [INFO] Found 0 reports to execute in company_9jxwph8g
[2025-06-30T04:17:50.690Z] [DEBUG] Processing company database: company_ey1a4uyd
[2025-06-30T04:17:50.744Z] [DEBUG] Skipping company_ey1a4uyd: No scheduled reports collection found
[2025-06-30T04:17:50.745Z] [INFO] Scheduled reports check completed
[2025-06-30T04:17:50.748Z] [DEBUG] MongoDB connection closed
[2025-06-30T04:18:19.875Z] [INFO] Checking for scheduled reports...
[2025-06-30T04:18:20.739Z] [DEBUG] Connected to MongoDB
[2025-06-30T04:18:20.804Z] [INFO] Found 2 company databases
[2025-06-30T04:18:20.805Z] [DEBUG] Processing company database: company_9jxwph8g
[2025-06-30T04:18:20.860Z] [DEBUG] Finding reports to execute in company_9jxwph8g (current time: 2025-06-30T04:18:20.860Z)
[2025-06-30T04:18:20.913Z] [INFO] Found 0 reports to execute in company_9jxwph8g
[2025-06-30T04:18:20.914Z] [DEBUG] Processing company database: company_ey1a4uyd
[2025-06-30T04:18:20.967Z] [DEBUG] Skipping company_ey1a4uyd: No scheduled reports collection found
[2025-06-30T04:18:20.967Z] [INFO] Scheduled reports check completed
[2025-06-30T04:18:20.969Z] [DEBUG] MongoDB connection closed
[2025-06-30T04:18:49.876Z] [INFO] Checking for scheduled reports...
[2025-06-30T04:18:50.616Z] [DEBUG] Connected to MongoDB
[2025-06-30T04:18:50.681Z] [INFO] Found 2 company databases
[2025-06-30T04:18:50.682Z] [DEBUG] Processing company database: company_9jxwph8g
[2025-06-30T04:18:50.736Z] [DEBUG] Finding reports to execute in company_9jxwph8g (current time: 2025-06-30T04:18:50.736Z)
[2025-06-30T04:18:50.789Z] [INFO] Found 0 reports to execute in company_9jxwph8g
[2025-06-30T04:18:50.789Z] [DEBUG] Processing company database: company_ey1a4uyd
[2025-06-30T04:18:50.844Z] [DEBUG] Skipping company_ey1a4uyd: No scheduled reports collection found
[2025-06-30T04:18:50.844Z] [INFO] Scheduled reports check completed
[2025-06-30T04:18:50.846Z] [DEBUG] MongoDB connection closed
[2025-06-30T04:19:19.877Z] [INFO] Checking for scheduled reports...
[2025-06-30T04:19:20.492Z] [DEBUG] Connected to MongoDB
[2025-06-30T04:19:20.555Z] [INFO] Found 2 company databases
[2025-06-30T04:19:20.556Z] [DEBUG] Processing company database: company_9jxwph8g
[2025-06-30T04:19:20.611Z] [DEBUG] Finding reports to execute in company_9jxwph8g (current time: 2025-06-30T04:19:20.610Z)
[2025-06-30T04:19:20.665Z] [INFO] Found 0 reports to execute in company_9jxwph8g
[2025-06-30T04:19:20.665Z] [DEBUG] Processing company database: company_ey1a4uyd
[2025-06-30T04:19:20.718Z] [DEBUG] Skipping company_ey1a4uyd: No scheduled reports collection found
[2025-06-30T04:19:20.718Z] [INFO] Scheduled reports check completed
[2025-06-30T04:19:20.720Z] [DEBUG] MongoDB connection closed
[2025-06-30T04:19:49.879Z] [INFO] Checking for scheduled reports...
[2025-06-30T04:19:50.687Z] [DEBUG] Connected to MongoDB
[2025-06-30T04:19:50.752Z] [INFO] Found 2 company databases
[2025-06-30T04:19:50.753Z] [DEBUG] Processing company database: company_9jxwph8g
[2025-06-30T04:19:50.806Z] [DEBUG] Finding reports to execute in company_9jxwph8g (current time: 2025-06-30T04:19:50.806Z)
[2025-06-30T04:19:50.859Z] [INFO] Found 0 reports to execute in company_9jxwph8g
[2025-06-30T04:19:50.859Z] [DEBUG] Processing company database: company_ey1a4uyd
[2025-06-30T04:19:50.912Z] [DEBUG] Skipping company_ey1a4uyd: No scheduled reports collection found
[2025-06-30T04:19:50.912Z] [INFO] Scheduled reports check completed
[2025-06-30T04:19:50.913Z] [DEBUG] MongoDB connection closed
[2025-06-30T04:20:19.880Z] [INFO] Checking for scheduled reports...
[2025-06-30T04:20:20.507Z] [DEBUG] Connected to MongoDB
[2025-06-30T04:20:20.571Z] [INFO] Found 2 company databases
[2025-06-30T04:20:20.572Z] [DEBUG] Processing company database: company_9jxwph8g
[2025-06-30T04:20:20.626Z] [DEBUG] Finding reports to execute in company_9jxwph8g (current time: 2025-06-30T04:20:20.626Z)
[2025-06-30T04:20:20.679Z] [INFO] Found 0 reports to execute in company_9jxwph8g
[2025-06-30T04:20:20.680Z] [DEBUG] Processing company database: company_ey1a4uyd
[2025-06-30T04:20:20.733Z] [DEBUG] Skipping company_ey1a4uyd: No scheduled reports collection found
[2025-06-30T04:20:20.733Z] [INFO] Scheduled reports check completed
[2025-06-30T04:20:20.734Z] [DEBUG] MongoDB connection closed
[2025-06-30T04:20:49.881Z] [INFO] Checking for scheduled reports...
[2025-06-30T04:20:50.579Z] [DEBUG] Connected to MongoDB
[2025-06-30T04:20:50.644Z] [INFO] Found 2 company databases
[2025-06-30T04:20:50.644Z] [DEBUG] Processing company database: company_9jxwph8g
[2025-06-30T04:20:50.698Z] [DEBUG] Finding reports to execute in company_9jxwph8g (current time: 2025-06-30T04:20:50.698Z)
[2025-06-30T04:20:50.752Z] [INFO] Found 0 reports to execute in company_9jxwph8g
[2025-06-30T04:20:50.752Z] [DEBUG] Processing company database: company_ey1a4uyd
[2025-06-30T04:20:50.808Z] [DEBUG] Skipping company_ey1a4uyd: No scheduled reports collection found
[2025-06-30T04:20:50.808Z] [INFO] Scheduled reports check completed
[2025-06-30T04:20:50.810Z] [DEBUG] MongoDB connection closed
[2025-06-30T04:21:19.883Z] [INFO] Checking for scheduled reports...
[2025-06-30T04:21:20.717Z] [DEBUG] Connected to MongoDB
[2025-06-30T04:21:20.783Z] [INFO] Found 2 company databases
[2025-06-30T04:21:20.783Z] [DEBUG] Processing company database: company_9jxwph8g
[2025-06-30T04:21:20.838Z] [DEBUG] Finding reports to execute in company_9jxwph8g (current time: 2025-06-30T04:21:20.838Z)
[2025-06-30T04:21:20.892Z] [INFO] Found 0 reports to execute in company_9jxwph8g
[2025-06-30T04:21:20.892Z] [DEBUG] Processing company database: company_ey1a4uyd
[2025-06-30T04:21:20.947Z] [DEBUG] Skipping company_ey1a4uyd: No scheduled reports collection found
[2025-06-30T04:21:20.947Z] [INFO] Scheduled reports check completed
[2025-06-30T04:21:20.949Z] [DEBUG] MongoDB connection closed
[2025-06-30T04:21:49.885Z] [INFO] Checking for scheduled reports...
[2025-06-30T04:21:50.535Z] [DEBUG] Connected to MongoDB
[2025-06-30T04:21:50.599Z] [INFO] Found 2 company databases
[2025-06-30T04:21:50.600Z] [DEBUG] Processing company database: company_9jxwph8g
[2025-06-30T04:21:50.654Z] [DEBUG] Finding reports to execute in company_9jxwph8g (current time: 2025-06-30T04:21:50.654Z)
[2025-06-30T04:21:50.708Z] [INFO] Found 0 reports to execute in company_9jxwph8g
[2025-06-30T04:21:50.710Z] [DEBUG] Processing company database: company_ey1a4uyd
[2025-06-30T04:21:50.764Z] [DEBUG] Skipping company_ey1a4uyd: No scheduled reports collection found
[2025-06-30T04:21:50.764Z] [INFO] Scheduled reports check completed
[2025-06-30T04:21:50.767Z] [DEBUG] MongoDB connection closed
[2025-06-30T04:22:19.887Z] [INFO] Checking for scheduled reports...
[2025-06-30T04:22:20.875Z] [DEBUG] Connected to MongoDB
[2025-06-30T04:22:20.988Z] [INFO] Found 2 company databases
[2025-06-30T04:22:20.988Z] [DEBUG] Processing company database: company_9jxwph8g
[2025-06-30T04:22:21.107Z] [DEBUG] Finding reports to execute in company_9jxwph8g (current time: 2025-06-30T04:22:21.107Z)
[2025-06-30T04:22:21.175Z] [INFO] Found 0 reports to execute in company_9jxwph8g
[2025-06-30T04:22:21.176Z] [DEBUG] Processing company database: company_ey1a4uyd
[2025-06-30T04:22:21.259Z] [DEBUG] Skipping company_ey1a4uyd: No scheduled reports collection found
[2025-06-30T04:22:21.260Z] [INFO] Scheduled reports check completed
[2025-06-30T04:22:21.261Z] [DEBUG] MongoDB connection closed
[2025-06-30T04:22:49.887Z] [INFO] Checking for scheduled reports...
[2025-06-30T04:22:50.764Z] [DEBUG] Connected to MongoDB
[2025-06-30T04:22:50.828Z] [INFO] Found 2 company databases
[2025-06-30T04:22:50.829Z] [DEBUG] Processing company database: company_9jxwph8g
[2025-06-30T04:22:50.885Z] [DEBUG] Finding reports to execute in company_9jxwph8g (current time: 2025-06-30T04:22:50.885Z)
[2025-06-30T04:22:50.939Z] [INFO] Found 0 reports to execute in company_9jxwph8g
[2025-06-30T04:22:50.940Z] [DEBUG] Processing company database: company_ey1a4uyd
[2025-06-30T04:22:50.995Z] [DEBUG] Skipping company_ey1a4uyd: No scheduled reports collection found
[2025-06-30T04:22:50.995Z] [INFO] Scheduled reports check completed
[2025-06-30T04:22:50.997Z] [DEBUG] MongoDB connection closed
[2025-06-30T04:23:19.888Z] [INFO] Checking for scheduled reports...
[2025-06-30T04:23:20.502Z] [DEBUG] Connected to MongoDB
[2025-06-30T04:23:20.569Z] [INFO] Found 2 company databases
[2025-06-30T04:23:20.569Z] [DEBUG] Processing company database: company_9jxwph8g
[2025-06-30T04:23:20.623Z] [DEBUG] Finding reports to execute in company_9jxwph8g (current time: 2025-06-30T04:23:20.623Z)
[2025-06-30T04:23:20.676Z] [INFO] Found 0 reports to execute in company_9jxwph8g
[2025-06-30T04:23:20.677Z] [DEBUG] Processing company database: company_ey1a4uyd
[2025-06-30T04:23:20.729Z] [DEBUG] Skipping company_ey1a4uyd: No scheduled reports collection found
[2025-06-30T04:23:20.730Z] [INFO] Scheduled reports check completed
[2025-06-30T04:23:20.731Z] [DEBUG] MongoDB connection closed
[2025-06-30T04:23:49.890Z] [INFO] Checking for scheduled reports...
[2025-06-30T04:23:50.506Z] [DEBUG] Connected to MongoDB
[2025-06-30T04:23:50.570Z] [INFO] Found 2 company databases
[2025-06-30T04:23:50.570Z] [DEBUG] Processing company database: company_9jxwph8g
[2025-06-30T04:23:50.624Z] [DEBUG] Finding reports to execute in company_9jxwph8g (current time: 2025-06-30T04:23:50.624Z)
[2025-06-30T04:23:50.678Z] [INFO] Found 0 reports to execute in company_9jxwph8g
[2025-06-30T04:23:50.678Z] [DEBUG] Processing company database: company_ey1a4uyd
[2025-06-30T04:23:50.731Z] [DEBUG] Skipping company_ey1a4uyd: No scheduled reports collection found
[2025-06-30T04:23:50.732Z] [INFO] Scheduled reports check completed
[2025-06-30T04:23:50.733Z] [DEBUG] MongoDB connection closed
[2025-06-30T04:24:19.891Z] [INFO] Checking for scheduled reports...
[2025-06-30T04:24:20.777Z] [DEBUG] Connected to MongoDB
[2025-06-30T04:24:20.841Z] [INFO] Found 2 company databases
[2025-06-30T04:24:20.842Z] [DEBUG] Processing company database: company_9jxwph8g
[2025-06-30T04:24:20.896Z] [DEBUG] Finding reports to execute in company_9jxwph8g (current time: 2025-06-30T04:24:20.896Z)
[2025-06-30T04:24:20.949Z] [INFO] Found 0 reports to execute in company_9jxwph8g
[2025-06-30T04:24:20.950Z] [DEBUG] Processing company database: company_ey1a4uyd
[2025-06-30T04:24:21.003Z] [DEBUG] Skipping company_ey1a4uyd: No scheduled reports collection found
[2025-06-30T04:24:21.003Z] [INFO] Scheduled reports check completed
[2025-06-30T04:24:21.005Z] [DEBUG] MongoDB connection closed
[2025-06-30T04:24:49.892Z] [INFO] Checking for scheduled reports...
[2025-06-30T04:24:50.628Z] [DEBUG] Connected to MongoDB
[2025-06-30T04:24:50.693Z] [INFO] Found 2 company databases
[2025-06-30T04:24:50.693Z] [DEBUG] Processing company database: company_9jxwph8g
[2025-06-30T04:24:50.750Z] [DEBUG] Finding reports to execute in company_9jxwph8g (current time: 2025-06-30T04:24:50.750Z)
[2025-06-30T04:24:50.803Z] [INFO] Found 0 reports to execute in company_9jxwph8g
[2025-06-30T04:24:50.803Z] [DEBUG] Processing company database: company_ey1a4uyd
[2025-06-30T04:24:50.858Z] [DEBUG] Skipping company_ey1a4uyd: No scheduled reports collection found
[2025-06-30T04:24:50.859Z] [INFO] Scheduled reports check completed
[2025-06-30T04:24:50.861Z] [DEBUG] MongoDB connection closed
[2025-06-30T04:25:19.893Z] [INFO] Checking for scheduled reports...
[2025-06-30T04:25:20.504Z] [DEBUG] Connected to MongoDB
[2025-06-30T04:25:20.569Z] [INFO] Found 2 company databases
[2025-06-30T04:25:20.570Z] [DEBUG] Processing company database: company_9jxwph8g
[2025-06-30T04:25:20.624Z] [DEBUG] Finding reports to execute in company_9jxwph8g (current time: 2025-06-30T04:25:20.624Z)
[2025-06-30T04:25:20.678Z] [INFO] Found 0 reports to execute in company_9jxwph8g
[2025-06-30T04:25:20.679Z] [DEBUG] Processing company database: company_ey1a4uyd
[2025-06-30T04:25:20.734Z] [DEBUG] Skipping company_ey1a4uyd: No scheduled reports collection found
[2025-06-30T04:25:20.735Z] [INFO] Scheduled reports check completed
[2025-06-30T04:25:20.739Z] [DEBUG] MongoDB connection closed
[2025-06-30T04:25:49.895Z] [INFO] Checking for scheduled reports...
[2025-06-30T04:25:50.661Z] [DEBUG] Connected to MongoDB
[2025-06-30T04:25:50.725Z] [INFO] Found 2 company databases
[2025-06-30T04:25:50.726Z] [DEBUG] Processing company database: company_9jxwph8g
[2025-06-30T04:25:50.780Z] [DEBUG] Finding reports to execute in company_9jxwph8g (current time: 2025-06-30T04:25:50.780Z)
[2025-06-30T04:25:50.833Z] [INFO] Found 0 reports to execute in company_9jxwph8g
[2025-06-30T04:25:50.833Z] [DEBUG] Processing company database: company_ey1a4uyd
[2025-06-30T04:25:50.886Z] [DEBUG] Skipping company_ey1a4uyd: No scheduled reports collection found
[2025-06-30T04:25:50.886Z] [INFO] Scheduled reports check completed
[2025-06-30T04:25:50.888Z] [DEBUG] MongoDB connection closed
[2025-06-30T04:26:19.895Z] [INFO] Checking for scheduled reports...
[2025-06-30T04:26:20.521Z] [DEBUG] Connected to MongoDB
[2025-06-30T04:26:20.589Z] [INFO] Found 2 company databases
[2025-06-30T04:26:20.590Z] [DEBUG] Processing company database: company_9jxwph8g
[2025-06-30T04:26:20.646Z] [DEBUG] Finding reports to execute in company_9jxwph8g (current time: 2025-06-30T04:26:20.646Z)
[2025-06-30T04:26:20.700Z] [INFO] Found 0 reports to execute in company_9jxwph8g
[2025-06-30T04:26:20.700Z] [DEBUG] Processing company database: company_ey1a4uyd
[2025-06-30T04:26:20.753Z] [DEBUG] Skipping company_ey1a4uyd: No scheduled reports collection found
[2025-06-30T04:26:20.754Z] [INFO] Scheduled reports check completed
[2025-06-30T04:26:20.755Z] [DEBUG] MongoDB connection closed
[2025-06-30T04:26:49.897Z] [INFO] Checking for scheduled reports...
[2025-06-30T04:26:50.645Z] [DEBUG] Connected to MongoDB
[2025-06-30T04:26:50.710Z] [INFO] Found 2 company databases
[2025-06-30T04:26:50.710Z] [DEBUG] Processing company database: company_9jxwph8g
[2025-06-30T04:26:50.764Z] [DEBUG] Finding reports to execute in company_9jxwph8g (current time: 2025-06-30T04:26:50.764Z)
[2025-06-30T04:26:50.817Z] [INFO] Found 0 reports to execute in company_9jxwph8g
[2025-06-30T04:26:50.818Z] [DEBUG] Processing company database: company_ey1a4uyd
[2025-06-30T04:26:50.871Z] [DEBUG] Skipping company_ey1a4uyd: No scheduled reports collection found
[2025-06-30T04:26:50.871Z] [INFO] Scheduled reports check completed
[2025-06-30T04:26:50.872Z] [DEBUG] MongoDB connection closed
[2025-06-30T04:27:19.898Z] [INFO] Checking for scheduled reports...
[2025-06-30T04:27:20.586Z] [DEBUG] Connected to MongoDB
[2025-06-30T04:27:20.652Z] [INFO] Found 2 company databases
[2025-06-30T04:27:20.653Z] [DEBUG] Processing company database: company_9jxwph8g
[2025-06-30T04:27:20.707Z] [DEBUG] Finding reports to execute in company_9jxwph8g (current time: 2025-06-30T04:27:20.707Z)
[2025-06-30T04:27:20.760Z] [INFO] Found 0 reports to execute in company_9jxwph8g
[2025-06-30T04:27:20.761Z] [DEBUG] Processing company database: company_ey1a4uyd
[2025-06-30T04:27:20.814Z] [DEBUG] Skipping company_ey1a4uyd: No scheduled reports collection found
[2025-06-30T04:27:20.814Z] [INFO] Scheduled reports check completed
[2025-06-30T04:27:20.816Z] [DEBUG] MongoDB connection closed
[2025-06-30T04:27:49.911Z] [INFO] Checking for scheduled reports...
[2025-06-30T04:27:50.532Z] [DEBUG] Connected to MongoDB
[2025-06-30T04:27:50.596Z] [INFO] Found 2 company databases
[2025-06-30T04:27:50.597Z] [DEBUG] Processing company database: company_9jxwph8g
[2025-06-30T04:27:50.651Z] [DEBUG] Finding reports to execute in company_9jxwph8g (current time: 2025-06-30T04:27:50.651Z)
[2025-06-30T04:27:50.704Z] [INFO] Found 0 reports to execute in company_9jxwph8g
[2025-06-30T04:27:50.704Z] [DEBUG] Processing company database: company_ey1a4uyd
[2025-06-30T04:27:50.758Z] [DEBUG] Skipping company_ey1a4uyd: No scheduled reports collection found
[2025-06-30T04:27:50.758Z] [INFO] Scheduled reports check completed
[2025-06-30T04:27:50.760Z] [DEBUG] MongoDB connection closed
[2025-06-30T04:28:19.918Z] [INFO] Checking for scheduled reports...
[2025-06-30T04:28:20.539Z] [DEBUG] Connected to MongoDB
[2025-06-30T04:28:20.604Z] [INFO] Found 2 company databases
[2025-06-30T04:28:20.604Z] [DEBUG] Processing company database: company_9jxwph8g
[2025-06-30T04:28:20.661Z] [DEBUG] Finding reports to execute in company_9jxwph8g (current time: 2025-06-30T04:28:20.661Z)
[2025-06-30T04:28:20.715Z] [INFO] Found 0 reports to execute in company_9jxwph8g
[2025-06-30T04:28:20.716Z] [DEBUG] Processing company database: company_ey1a4uyd
[2025-06-30T04:28:20.769Z] [DEBUG] Skipping company_ey1a4uyd: No scheduled reports collection found
[2025-06-30T04:28:20.770Z] [INFO] Scheduled reports check completed
[2025-06-30T04:28:20.771Z] [DEBUG] MongoDB connection closed
[2025-06-30T04:28:49.920Z] [INFO] Checking for scheduled reports...
[2025-06-30T04:28:50.739Z] [DEBUG] Connected to MongoDB
[2025-06-30T04:28:50.802Z] [INFO] Found 2 company databases
[2025-06-30T04:28:50.803Z] [DEBUG] Processing company database: company_9jxwph8g
[2025-06-30T04:28:50.858Z] [DEBUG] Finding reports to execute in company_9jxwph8g (current time: 2025-06-30T04:28:50.858Z)
[2025-06-30T04:28:50.911Z] [INFO] Found 0 reports to execute in company_9jxwph8g
[2025-06-30T04:28:50.912Z] [DEBUG] Processing company database: company_ey1a4uyd
[2025-06-30T04:28:50.965Z] [DEBUG] Skipping company_ey1a4uyd: No scheduled reports collection found
[2025-06-30T04:28:50.965Z] [INFO] Scheduled reports check completed
[2025-06-30T04:28:50.967Z] [DEBUG] MongoDB connection closed
[2025-06-30T04:29:19.921Z] [INFO] Checking for scheduled reports...
[2025-06-30T04:29:20.541Z] [DEBUG] Connected to MongoDB
[2025-06-30T04:29:20.605Z] [INFO] Found 2 company databases
[2025-06-30T04:29:20.606Z] [DEBUG] Processing company database: company_9jxwph8g
[2025-06-30T04:29:20.660Z] [DEBUG] Finding reports to execute in company_9jxwph8g (current time: 2025-06-30T04:29:20.660Z)
[2025-06-30T04:29:20.714Z] [INFO] Found 0 reports to execute in company_9jxwph8g
[2025-06-30T04:29:20.715Z] [DEBUG] Processing company database: company_ey1a4uyd
[2025-06-30T04:29:20.768Z] [DEBUG] Skipping company_ey1a4uyd: No scheduled reports collection found
[2025-06-30T04:29:20.769Z] [INFO] Scheduled reports check completed
[2025-06-30T04:29:20.771Z] [DEBUG] MongoDB connection closed
[2025-06-30T04:29:49.922Z] [INFO] Checking for scheduled reports...
[2025-06-30T04:29:50.543Z] [DEBUG] Connected to MongoDB
[2025-06-30T04:29:50.608Z] [INFO] Found 2 company databases
[2025-06-30T04:29:50.608Z] [DEBUG] Processing company database: company_9jxwph8g
[2025-06-30T04:29:50.662Z] [DEBUG] Finding reports to execute in company_9jxwph8g (current time: 2025-06-30T04:29:50.662Z)
[2025-06-30T04:29:50.716Z] [INFO] Found 0 reports to execute in company_9jxwph8g
[2025-06-30T04:29:50.716Z] [DEBUG] Processing company database: company_ey1a4uyd
[2025-06-30T04:29:50.770Z] [DEBUG] Skipping company_ey1a4uyd: No scheduled reports collection found
[2025-06-30T04:29:50.771Z] [INFO] Scheduled reports check completed
[2025-06-30T04:29:50.772Z] [DEBUG] MongoDB connection closed
[2025-06-30T04:30:19.923Z] [INFO] Checking for scheduled reports...
[2025-06-30T04:30:20.732Z] [DEBUG] Connected to MongoDB
[2025-06-30T04:30:20.797Z] [INFO] Found 2 company databases
[2025-06-30T04:30:20.798Z] [DEBUG] Processing company database: company_9jxwph8g
[2025-06-30T04:30:20.852Z] [DEBUG] Finding reports to execute in company_9jxwph8g (current time: 2025-06-30T04:30:20.852Z)
[2025-06-30T04:30:20.905Z] [INFO] Found 0 reports to execute in company_9jxwph8g
[2025-06-30T04:30:20.906Z] [DEBUG] Processing company database: company_ey1a4uyd
[2025-06-30T04:30:20.959Z] [DEBUG] Skipping company_ey1a4uyd: No scheduled reports collection found
[2025-06-30T04:30:20.959Z] [INFO] Scheduled reports check completed
[2025-06-30T04:30:20.960Z] [DEBUG] MongoDB connection closed
[2025-06-30T04:30:49.924Z] [INFO] Checking for scheduled reports...
[2025-06-30T04:30:50.615Z] [DEBUG] Connected to MongoDB
[2025-06-30T04:30:50.679Z] [INFO] Found 2 company databases
[2025-06-30T04:30:50.680Z] [DEBUG] Processing company database: company_9jxwph8g
[2025-06-30T04:30:50.734Z] [DEBUG] Finding reports to execute in company_9jxwph8g (current time: 2025-06-30T04:30:50.734Z)
[2025-06-30T04:30:50.787Z] [INFO] Found 0 reports to execute in company_9jxwph8g
[2025-06-30T04:30:50.788Z] [DEBUG] Processing company database: company_ey1a4uyd
[2025-06-30T04:30:50.842Z] [DEBUG] Skipping company_ey1a4uyd: No scheduled reports collection found
[2025-06-30T04:30:50.842Z] [INFO] Scheduled reports check completed
[2025-06-30T04:30:50.844Z] [DEBUG] MongoDB connection closed
[2025-06-30T04:31:19.924Z] [INFO] Checking for scheduled reports...
[2025-06-30T04:31:20.587Z] [DEBUG] Connected to MongoDB
[2025-06-30T04:31:20.657Z] [INFO] Found 2 company databases
[2025-06-30T04:31:20.658Z] [DEBUG] Processing company database: company_9jxwph8g
[2025-06-30T04:31:20.714Z] [DEBUG] Finding reports to execute in company_9jxwph8g (current time: 2025-06-30T04:31:20.714Z)
[2025-06-30T04:31:20.768Z] [INFO] Found 0 reports to execute in company_9jxwph8g
[2025-06-30T04:31:20.769Z] [DEBUG] Processing company database: company_ey1a4uyd
[2025-06-30T04:31:20.825Z] [DEBUG] Skipping company_ey1a4uyd: No scheduled reports collection found
[2025-06-30T04:31:20.826Z] [INFO] Scheduled reports check completed
[2025-06-30T04:31:20.828Z] [DEBUG] MongoDB connection closed
[2025-06-30T04:31:49.924Z] [INFO] Checking for scheduled reports...
[2025-06-30T04:31:50.877Z] [DEBUG] Connected to MongoDB
[2025-06-30T04:31:50.942Z] [INFO] Found 2 company databases
[2025-06-30T04:31:50.942Z] [DEBUG] Processing company database: company_9jxwph8g
[2025-06-30T04:31:50.996Z] [DEBUG] Finding reports to execute in company_9jxwph8g (current time: 2025-06-30T04:31:50.996Z)
[2025-06-30T04:31:51.050Z] [INFO] Found 0 reports to execute in company_9jxwph8g
[2025-06-30T04:31:51.050Z] [DEBUG] Processing company database: company_ey1a4uyd
[2025-06-30T04:31:51.104Z] [DEBUG] Skipping company_ey1a4uyd: No scheduled reports collection found
[2025-06-30T04:31:51.104Z] [INFO] Scheduled reports check completed
[2025-06-30T04:31:51.106Z] [DEBUG] MongoDB connection closed
[2025-06-30T04:32:19.926Z] [INFO] Checking for scheduled reports...
[2025-06-30T04:32:20.588Z] [DEBUG] Connected to MongoDB
[2025-06-30T04:32:20.657Z] [INFO] Found 2 company databases
[2025-06-30T04:32:20.658Z] [DEBUG] Processing company database: company_9jxwph8g
[2025-06-30T04:32:20.712Z] [DEBUG] Finding reports to execute in company_9jxwph8g (current time: 2025-06-30T04:32:20.712Z)
[2025-06-30T04:32:20.767Z] [INFO] Found 0 reports to execute in company_9jxwph8g
[2025-06-30T04:32:20.767Z] [DEBUG] Processing company database: company_ey1a4uyd
[2025-06-30T04:32:20.820Z] [DEBUG] Skipping company_ey1a4uyd: No scheduled reports collection found
[2025-06-30T04:32:20.821Z] [INFO] Scheduled reports check completed
[2025-06-30T04:32:20.822Z] [DEBUG] MongoDB connection closed
[2025-06-30T04:32:49.929Z] [INFO] Checking for scheduled reports...
[2025-06-30T04:32:50.545Z] [DEBUG] Connected to MongoDB
[2025-06-30T04:32:50.609Z] [INFO] Found 2 company databases
[2025-06-30T04:32:50.609Z] [DEBUG] Processing company database: company_9jxwph8g
[2025-06-30T04:32:50.665Z] [DEBUG] Finding reports to execute in company_9jxwph8g (current time: 2025-06-30T04:32:50.665Z)
[2025-06-30T04:32:50.733Z] [INFO] Found 0 reports to execute in company_9jxwph8g
[2025-06-30T04:32:50.733Z] [DEBUG] Processing company database: company_ey1a4uyd
[2025-06-30T04:32:50.786Z] [DEBUG] Skipping company_ey1a4uyd: No scheduled reports collection found
[2025-06-30T04:32:50.787Z] [INFO] Scheduled reports check completed
[2025-06-30T04:32:50.788Z] [DEBUG] MongoDB connection closed
[2025-06-30T04:33:19.929Z] [INFO] Checking for scheduled reports...
[2025-06-30T04:33:20.817Z] [DEBUG] Connected to MongoDB
[2025-06-30T04:33:20.882Z] [INFO] Found 2 company databases
[2025-06-30T04:33:20.882Z] [DEBUG] Processing company database: company_9jxwph8g
[2025-06-30T04:33:20.936Z] [DEBUG] Finding reports to execute in company_9jxwph8g (current time: 2025-06-30T04:33:20.936Z)
[2025-06-30T04:33:20.992Z] [INFO] Found 0 reports to execute in company_9jxwph8g
[2025-06-30T04:33:20.993Z] [DEBUG] Processing company database: company_ey1a4uyd
[2025-06-30T04:33:21.047Z] [DEBUG] Skipping company_ey1a4uyd: No scheduled reports collection found
[2025-06-30T04:33:21.048Z] [INFO] Scheduled reports check completed
[2025-06-30T04:33:21.049Z] [DEBUG] MongoDB connection closed
[2025-06-30T04:33:49.929Z] [INFO] Checking for scheduled reports...
[2025-06-30T04:33:50.632Z] [DEBUG] Connected to MongoDB
[2025-06-30T04:33:50.698Z] [INFO] Found 2 company databases
[2025-06-30T04:33:50.699Z] [DEBUG] Processing company database: company_9jxwph8g
[2025-06-30T04:33:50.753Z] [DEBUG] Finding reports to execute in company_9jxwph8g (current time: 2025-06-30T04:33:50.753Z)
[2025-06-30T04:33:50.808Z] [INFO] Found 0 reports to execute in company_9jxwph8g
[2025-06-30T04:33:50.809Z] [DEBUG] Processing company database: company_ey1a4uyd
[2025-06-30T04:33:50.863Z] [DEBUG] Skipping company_ey1a4uyd: No scheduled reports collection found
[2025-06-30T04:33:50.863Z] [INFO] Scheduled reports check completed
[2025-06-30T04:33:50.866Z] [DEBUG] MongoDB connection closed
[2025-06-30T04:34:19.931Z] [INFO] Checking for scheduled reports...
[2025-06-30T04:34:20.599Z] [DEBUG] Connected to MongoDB
[2025-06-30T04:34:20.669Z] [INFO] Found 2 company databases
[2025-06-30T04:34:20.669Z] [DEBUG] Processing company database: company_9jxwph8g
[2025-06-30T04:34:20.724Z] [DEBUG] Finding reports to execute in company_9jxwph8g (current time: 2025-06-30T04:34:20.724Z)
[2025-06-30T04:34:20.778Z] [INFO] Found 0 reports to execute in company_9jxwph8g
[2025-06-30T04:34:20.779Z] [DEBUG] Processing company database: company_ey1a4uyd
[2025-06-30T04:34:20.833Z] [DEBUG] Skipping company_ey1a4uyd: No scheduled reports collection found
[2025-06-30T04:34:20.834Z] [INFO] Scheduled reports check completed
[2025-06-30T04:34:20.837Z] [DEBUG] MongoDB connection closed
[2025-06-30T04:34:49.932Z] [INFO] Checking for scheduled reports...
[2025-06-30T04:34:50.767Z] [DEBUG] Connected to MongoDB
[2025-06-30T04:34:50.832Z] [INFO] Found 2 company databases
[2025-06-30T04:34:50.833Z] [DEBUG] Processing company database: company_9jxwph8g
[2025-06-30T04:34:50.887Z] [DEBUG] Finding reports to execute in company_9jxwph8g (current time: 2025-06-30T04:34:50.887Z)
[2025-06-30T04:34:50.941Z] [INFO] Found 0 reports to execute in company_9jxwph8g
[2025-06-30T04:34:50.941Z] [DEBUG] Processing company database: company_ey1a4uyd
[2025-06-30T04:34:50.996Z] [DEBUG] Skipping company_ey1a4uyd: No scheduled reports collection found
[2025-06-30T04:34:50.996Z] [INFO] Scheduled reports check completed
[2025-06-30T04:34:50.998Z] [DEBUG] MongoDB connection closed
[2025-06-30T04:35:19.933Z] [INFO] Checking for scheduled reports...
[2025-06-30T04:35:20.554Z] [DEBUG] Connected to MongoDB
[2025-06-30T04:35:20.625Z] [INFO] Found 2 company databases
[2025-06-30T04:35:20.625Z] [DEBUG] Processing company database: company_9jxwph8g
[2025-06-30T04:35:20.677Z] [DEBUG] Finding reports to execute in company_9jxwph8g (current time: 2025-06-30T04:35:20.677Z)
[2025-06-30T04:35:20.727Z] [INFO] Found 0 reports to execute in company_9jxwph8g
[2025-06-30T04:35:20.727Z] [DEBUG] Processing company database: company_ey1a4uyd
[2025-06-30T04:35:20.777Z] [DEBUG] Skipping company_ey1a4uyd: No scheduled reports collection found
[2025-06-30T04:35:20.778Z] [INFO] Scheduled reports check completed
[2025-06-30T04:35:20.779Z] [DEBUG] MongoDB connection closed
[2025-06-30T04:35:49.933Z] [INFO] Checking for scheduled reports...
[2025-06-30T04:35:50.651Z] [DEBUG] Connected to MongoDB
[2025-06-30T04:35:50.713Z] [INFO] Found 2 company databases
[2025-06-30T04:35:50.714Z] [DEBUG] Processing company database: company_9jxwph8g
[2025-06-30T04:35:50.763Z] [DEBUG] Finding reports to execute in company_9jxwph8g (current time: 2025-06-30T04:35:50.763Z)
[2025-06-30T04:35:50.813Z] [INFO] Found 0 reports to execute in company_9jxwph8g
[2025-06-30T04:35:50.813Z] [DEBUG] Processing company database: company_ey1a4uyd
[2025-06-30T04:35:50.863Z] [DEBUG] Skipping company_ey1a4uyd: No scheduled reports collection found
[2025-06-30T04:35:50.863Z] [INFO] Scheduled reports check completed
[2025-06-30T04:35:50.865Z] [DEBUG] MongoDB connection closed
[2025-06-30T04:36:19.933Z] [INFO] Checking for scheduled reports...
[2025-06-30T04:36:20.739Z] [DEBUG] Connected to MongoDB
[2025-06-30T04:36:20.800Z] [INFO] Found 2 company databases
[2025-06-30T04:36:20.801Z] [DEBUG] Processing company database: company_9jxwph8g
[2025-06-30T04:36:20.853Z] [DEBUG] Finding reports to execute in company_9jxwph8g (current time: 2025-06-30T04:36:20.853Z)
[2025-06-30T04:36:20.904Z] [INFO] Found 0 reports to execute in company_9jxwph8g
[2025-06-30T04:36:20.905Z] [DEBUG] Processing company database: company_ey1a4uyd
[2025-06-30T04:36:20.956Z] [DEBUG] Skipping company_ey1a4uyd: No scheduled reports collection found
[2025-06-30T04:36:20.956Z] [INFO] Scheduled reports check completed
[2025-06-30T04:36:20.958Z] [DEBUG] MongoDB connection closed
[2025-06-30T04:36:49.934Z] [INFO] Checking for scheduled reports...
[2025-06-30T04:36:50.683Z] [DEBUG] Connected to MongoDB
[2025-06-30T04:36:50.746Z] [INFO] Found 2 company databases
[2025-06-30T04:36:50.747Z] [DEBUG] Processing company database: company_9jxwph8g
[2025-06-30T04:36:50.798Z] [DEBUG] Finding reports to execute in company_9jxwph8g (current time: 2025-06-30T04:36:50.798Z)
[2025-06-30T04:36:50.847Z] [INFO] Found 0 reports to execute in company_9jxwph8g
[2025-06-30T04:36:50.848Z] [DEBUG] Processing company database: company_ey1a4uyd
[2025-06-30T04:36:50.898Z] [DEBUG] Skipping company_ey1a4uyd: No scheduled reports collection found
[2025-06-30T04:36:50.898Z] [INFO] Scheduled reports check completed
[2025-06-30T04:36:50.900Z] [DEBUG] MongoDB connection closed
[2025-06-30T04:37:19.936Z] [INFO] Checking for scheduled reports...
[2025-06-30T04:37:20.704Z] [DEBUG] Connected to MongoDB
[2025-06-30T04:37:20.767Z] [INFO] Found 2 company databases
[2025-06-30T04:37:20.767Z] [DEBUG] Processing company database: company_9jxwph8g
[2025-06-30T04:37:20.818Z] [DEBUG] Finding reports to execute in company_9jxwph8g (current time: 2025-06-30T04:37:20.818Z)
[2025-06-30T04:37:20.868Z] [INFO] Found 0 reports to execute in company_9jxwph8g
[2025-06-30T04:37:20.869Z] [DEBUG] Processing company database: company_ey1a4uyd
[2025-06-30T04:37:20.917Z] [DEBUG] Skipping company_ey1a4uyd: No scheduled reports collection found
[2025-06-30T04:37:20.918Z] [INFO] Scheduled reports check completed
[2025-06-30T04:37:20.919Z] [DEBUG] MongoDB connection closed
[2025-06-30T04:37:49.936Z] [INFO] Checking for scheduled reports...
[2025-06-30T04:37:50.878Z] [DEBUG] Connected to MongoDB
[2025-06-30T04:37:50.940Z] [INFO] Found 2 company databases
[2025-06-30T04:37:50.940Z] [DEBUG] Processing company database: company_9jxwph8g
[2025-06-30T04:37:50.991Z] [DEBUG] Finding reports to execute in company_9jxwph8g (current time: 2025-06-30T04:37:50.991Z)
[2025-06-30T04:37:51.040Z] [INFO] Found 0 reports to execute in company_9jxwph8g
[2025-06-30T04:37:51.041Z] [DEBUG] Processing company database: company_ey1a4uyd
[2025-06-30T04:37:51.091Z] [DEBUG] Skipping company_ey1a4uyd: No scheduled reports collection found
[2025-06-30T04:37:51.091Z] [INFO] Scheduled reports check completed
[2025-06-30T04:37:51.093Z] [DEBUG] MongoDB connection closed
[2025-06-30T04:38:19.937Z] [INFO] Checking for scheduled reports...
[2025-06-30T04:38:20.688Z] [DEBUG] Connected to MongoDB
[2025-06-30T04:38:20.748Z] [INFO] Found 2 company databases
[2025-06-30T04:38:20.749Z] [DEBUG] Processing company database: company_9jxwph8g
[2025-06-30T04:38:20.800Z] [DEBUG] Finding reports to execute in company_9jxwph8g (current time: 2025-06-30T04:38:20.800Z)
[2025-06-30T04:38:20.850Z] [INFO] Found 0 reports to execute in company_9jxwph8g
[2025-06-30T04:38:20.850Z] [DEBUG] Processing company database: company_ey1a4uyd
[2025-06-30T04:38:20.900Z] [DEBUG] Skipping company_ey1a4uyd: No scheduled reports collection found
[2025-06-30T04:38:20.900Z] [INFO] Scheduled reports check completed
[2025-06-30T04:38:20.903Z] [DEBUG] MongoDB connection closed
[2025-06-30T04:38:49.938Z] [INFO] Checking for scheduled reports...
[2025-06-30T04:38:50.650Z] [DEBUG] Connected to MongoDB
[2025-06-30T04:38:50.712Z] [INFO] Found 2 company databases
[2025-06-30T04:38:50.713Z] [DEBUG] Processing company database: company_9jxwph8g
[2025-06-30T04:38:50.764Z] [DEBUG] Finding reports to execute in company_9jxwph8g (current time: 2025-06-30T04:38:50.764Z)
[2025-06-30T04:38:50.815Z] [INFO] Found 0 reports to execute in company_9jxwph8g
[2025-06-30T04:38:50.816Z] [DEBUG] Processing company database: company_ey1a4uyd
[2025-06-30T04:38:50.865Z] [DEBUG] Skipping company_ey1a4uyd: No scheduled reports collection found
[2025-06-30T04:38:50.865Z] [INFO] Scheduled reports check completed
[2025-06-30T04:38:50.868Z] [DEBUG] MongoDB connection closed
[2025-06-30T04:39:19.940Z] [INFO] Checking for scheduled reports...
[2025-06-30T04:39:20.806Z] [DEBUG] Connected to MongoDB
[2025-06-30T04:39:20.871Z] [INFO] Found 2 company databases
[2025-06-30T04:39:20.871Z] [DEBUG] Processing company database: company_9jxwph8g
[2025-06-30T04:39:20.924Z] [DEBUG] Finding reports to execute in company_9jxwph8g (current time: 2025-06-30T04:39:20.924Z)
[2025-06-30T04:39:20.981Z] [INFO] Found 0 reports to execute in company_9jxwph8g
[2025-06-30T04:39:20.982Z] [DEBUG] Processing company database: company_ey1a4uyd
[2025-06-30T04:39:21.034Z] [DEBUG] Skipping company_ey1a4uyd: No scheduled reports collection found
[2025-06-30T04:39:21.035Z] [INFO] Scheduled reports check completed
[2025-06-30T04:39:21.036Z] [DEBUG] MongoDB connection closed
[2025-06-30T04:39:49.942Z] [INFO] Checking for scheduled reports...
[2025-06-30T04:39:50.716Z] [DEBUG] Connected to MongoDB
[2025-06-30T04:39:50.781Z] [INFO] Found 2 company databases
[2025-06-30T04:39:50.782Z] [DEBUG] Processing company database: company_9jxwph8g
[2025-06-30T04:39:50.836Z] [DEBUG] Finding reports to execute in company_9jxwph8g (current time: 2025-06-30T04:39:50.836Z)
[2025-06-30T04:39:50.890Z] [INFO] Found 0 reports to execute in company_9jxwph8g
[2025-06-30T04:39:50.890Z] [DEBUG] Processing company database: company_ey1a4uyd
[2025-06-30T04:39:50.944Z] [DEBUG] Skipping company_ey1a4uyd: No scheduled reports collection found
[2025-06-30T04:39:50.945Z] [INFO] Scheduled reports check completed
[2025-06-30T04:39:50.946Z] [DEBUG] MongoDB connection closed
[2025-06-30T04:40:19.943Z] [INFO] Checking for scheduled reports...
[2025-06-30T04:40:20.663Z] [DEBUG] Connected to MongoDB
[2025-06-30T04:40:20.735Z] [INFO] Found 2 company databases
[2025-06-30T04:40:20.736Z] [DEBUG] Processing company database: company_9jxwph8g
[2025-06-30T04:40:20.790Z] [DEBUG] Finding reports to execute in company_9jxwph8g (current time: 2025-06-30T04:40:20.790Z)
[2025-06-30T04:40:20.844Z] [INFO] Found 0 reports to execute in company_9jxwph8g
[2025-06-30T04:40:20.845Z] [DEBUG] Processing company database: company_ey1a4uyd
[2025-06-30T04:40:20.898Z] [DEBUG] Skipping company_ey1a4uyd: No scheduled reports collection found
[2025-06-30T04:40:20.899Z] [INFO] Scheduled reports check completed
[2025-06-30T04:40:20.900Z] [DEBUG] MongoDB connection closed
[2025-06-30T04:40:49.944Z] [INFO] Checking for scheduled reports...
[2025-06-30T04:40:50.863Z] [DEBUG] Connected to MongoDB
[2025-06-30T04:40:50.928Z] [INFO] Found 2 company databases
[2025-06-30T04:40:50.929Z] [DEBUG] Processing company database: company_9jxwph8g
[2025-06-30T04:40:50.983Z] [DEBUG] Finding reports to execute in company_9jxwph8g (current time: 2025-06-30T04:40:50.983Z)
[2025-06-30T04:40:51.037Z] [INFO] Found 0 reports to execute in company_9jxwph8g
[2025-06-30T04:40:51.038Z] [DEBUG] Processing company database: company_ey1a4uyd
[2025-06-30T04:40:51.099Z] [DEBUG] Skipping company_ey1a4uyd: No scheduled reports collection found
[2025-06-30T04:40:51.099Z] [INFO] Scheduled reports check completed
[2025-06-30T04:40:51.101Z] [DEBUG] MongoDB connection closed
[2025-06-30T04:41:19.945Z] [INFO] Checking for scheduled reports...
[2025-06-30T04:41:20.640Z] [DEBUG] Connected to MongoDB
[2025-06-30T04:41:20.708Z] [INFO] Found 2 company databases
[2025-06-30T04:41:20.709Z] [DEBUG] Processing company database: company_9jxwph8g
[2025-06-30T04:41:20.762Z] [DEBUG] Finding reports to execute in company_9jxwph8g (current time: 2025-06-30T04:41:20.762Z)
[2025-06-30T04:41:20.815Z] [INFO] Found 0 reports to execute in company_9jxwph8g
[2025-06-30T04:41:20.816Z] [DEBUG] Processing company database: company_ey1a4uyd
[2025-06-30T04:41:20.868Z] [DEBUG] Skipping company_ey1a4uyd: No scheduled reports collection found
[2025-06-30T04:41:20.869Z] [INFO] Scheduled reports check completed
[2025-06-30T04:41:20.870Z] [DEBUG] MongoDB connection closed
[2025-06-30T04:41:49.946Z] [INFO] Checking for scheduled reports...
[2025-06-30T04:41:50.761Z] [DEBUG] Connected to MongoDB
[2025-06-30T04:41:50.825Z] [INFO] Found 2 company databases
[2025-06-30T04:41:50.825Z] [DEBUG] Processing company database: company_9jxwph8g
[2025-06-30T04:41:50.879Z] [DEBUG] Finding reports to execute in company_9jxwph8g (current time: 2025-06-30T04:41:50.879Z)
[2025-06-30T04:41:50.932Z] [INFO] Found 0 reports to execute in company_9jxwph8g
[2025-06-30T04:41:50.933Z] [DEBUG] Processing company database: company_ey1a4uyd
[2025-06-30T04:41:50.985Z] [DEBUG] Skipping company_ey1a4uyd: No scheduled reports collection found
[2025-06-30T04:41:50.986Z] [INFO] Scheduled reports check completed
[2025-06-30T04:41:50.987Z] [DEBUG] MongoDB connection closed
[2025-06-30T04:42:19.947Z] [INFO] Checking for scheduled reports...
[2025-06-30T04:42:20.578Z] [DEBUG] Connected to MongoDB
[2025-06-30T04:42:20.641Z] [INFO] Found 2 company databases
[2025-06-30T04:42:20.641Z] [DEBUG] Processing company database: company_9jxwph8g
[2025-06-30T04:42:20.699Z] [DEBUG] Finding reports to execute in company_9jxwph8g (current time: 2025-06-30T04:42:20.699Z)
[2025-06-30T04:42:20.752Z] [INFO] Found 0 reports to execute in company_9jxwph8g
[2025-06-30T04:42:20.753Z] [DEBUG] Processing company database: company_ey1a4uyd
[2025-06-30T04:42:20.805Z] [DEBUG] Skipping company_ey1a4uyd: No scheduled reports collection found
[2025-06-30T04:42:20.806Z] [INFO] Scheduled reports check completed
[2025-06-30T04:42:20.807Z] [DEBUG] MongoDB connection closed
[2025-06-30T04:42:49.948Z] [INFO] Checking for scheduled reports...
[2025-06-30T04:42:50.567Z] [DEBUG] Connected to MongoDB
[2025-06-30T04:42:50.631Z] [INFO] Found 2 company databases
[2025-06-30T04:42:50.632Z] [DEBUG] Processing company database: company_9jxwph8g
[2025-06-30T04:42:50.686Z] [DEBUG] Finding reports to execute in company_9jxwph8g (current time: 2025-06-30T04:42:50.686Z)
[2025-06-30T04:42:50.740Z] [INFO] Found 0 reports to execute in company_9jxwph8g
[2025-06-30T04:42:50.741Z] [DEBUG] Processing company database: company_ey1a4uyd
[2025-06-30T04:42:50.793Z] [DEBUG] Skipping company_ey1a4uyd: No scheduled reports collection found
[2025-06-30T04:42:50.794Z] [INFO] Scheduled reports check completed
[2025-06-30T04:42:50.795Z] [DEBUG] MongoDB connection closed
[2025-06-30T04:43:19.948Z] [INFO] Checking for scheduled reports...
[2025-06-30T04:43:20.623Z] [DEBUG] Connected to MongoDB
[2025-06-30T04:43:20.686Z] [INFO] Found 2 company databases
[2025-06-30T04:43:20.686Z] [DEBUG] Processing company database: company_9jxwph8g
[2025-06-30T04:43:20.744Z] [DEBUG] Finding reports to execute in company_9jxwph8g (current time: 2025-06-30T04:43:20.744Z)
[2025-06-30T04:43:20.799Z] [INFO] Found 0 reports to execute in company_9jxwph8g
[2025-06-30T04:43:20.800Z] [DEBUG] Processing company database: company_ey1a4uyd
[2025-06-30T04:43:20.852Z] [DEBUG] Skipping company_ey1a4uyd: No scheduled reports collection found
[2025-06-30T04:43:20.853Z] [INFO] Scheduled reports check completed
[2025-06-30T04:43:20.854Z] [DEBUG] MongoDB connection closed
[2025-06-30T04:43:49.950Z] [INFO] Checking for scheduled reports...
[2025-06-30T04:43:50.562Z] [DEBUG] Connected to MongoDB
[2025-06-30T04:43:50.628Z] [INFO] Found 2 company databases
[2025-06-30T04:43:50.628Z] [DEBUG] Processing company database: company_9jxwph8g
[2025-06-30T04:43:50.682Z] [DEBUG] Finding reports to execute in company_9jxwph8g (current time: 2025-06-30T04:43:50.682Z)
[2025-06-30T04:43:50.736Z] [INFO] Found 0 reports to execute in company_9jxwph8g
[2025-06-30T04:43:50.736Z] [DEBUG] Processing company database: company_ey1a4uyd
[2025-06-30T04:43:50.789Z] [DEBUG] Skipping company_ey1a4uyd: No scheduled reports collection found
[2025-06-30T04:43:50.789Z] [INFO] Scheduled reports check completed
[2025-06-30T04:43:50.791Z] [DEBUG] MongoDB connection closed
[2025-06-30T04:44:19.950Z] [INFO] Checking for scheduled reports...
[2025-06-30T04:44:20.562Z] [DEBUG] Connected to MongoDB
[2025-06-30T04:44:20.626Z] [INFO] Found 2 company databases
[2025-06-30T04:44:20.626Z] [DEBUG] Processing company database: company_9jxwph8g
[2025-06-30T04:44:20.680Z] [DEBUG] Finding reports to execute in company_9jxwph8g (current time: 2025-06-30T04:44:20.680Z)
[2025-06-30T04:44:20.732Z] [INFO] Found 0 reports to execute in company_9jxwph8g
[2025-06-30T04:44:20.733Z] [DEBUG] Processing company database: company_ey1a4uyd
[2025-06-30T04:44:20.785Z] [DEBUG] Skipping company_ey1a4uyd: No scheduled reports collection found
[2025-06-30T04:44:20.786Z] [INFO] Scheduled reports check completed
[2025-06-30T04:44:20.787Z] [DEBUG] MongoDB connection closed
[2025-06-30T04:44:49.952Z] [INFO] Checking for scheduled reports...
[2025-06-30T04:44:50.709Z] [DEBUG] Connected to MongoDB
[2025-06-30T04:44:50.774Z] [INFO] Found 2 company databases
[2025-06-30T04:44:50.775Z] [DEBUG] Processing company database: company_9jxwph8g
[2025-06-30T04:44:50.829Z] [DEBUG] Finding reports to execute in company_9jxwph8g (current time: 2025-06-30T04:44:50.829Z)
[2025-06-30T04:44:50.883Z] [INFO] Found 0 reports to execute in company_9jxwph8g
[2025-06-30T04:44:50.883Z] [DEBUG] Processing company database: company_ey1a4uyd
[2025-06-30T04:44:50.937Z] [DEBUG] Skipping company_ey1a4uyd: No scheduled reports collection found
[2025-06-30T04:44:50.938Z] [INFO] Scheduled reports check completed
[2025-06-30T04:44:50.940Z] [DEBUG] MongoDB connection closed
[2025-06-30T04:45:19.953Z] [INFO] Checking for scheduled reports...
[2025-06-30T04:45:20.564Z] [DEBUG] Connected to MongoDB
[2025-06-30T04:45:20.628Z] [INFO] Found 2 company databases
[2025-06-30T04:45:20.629Z] [DEBUG] Processing company database: company_9jxwph8g
[2025-06-30T04:45:20.682Z] [DEBUG] Finding reports to execute in company_9jxwph8g (current time: 2025-06-30T04:45:20.682Z)
[2025-06-30T04:45:20.735Z] [INFO] Found 0 reports to execute in company_9jxwph8g
[2025-06-30T04:45:20.736Z] [DEBUG] Processing company database: company_ey1a4uyd
[2025-06-30T04:45:20.789Z] [DEBUG] Skipping company_ey1a4uyd: No scheduled reports collection found
[2025-06-30T04:45:20.790Z] [INFO] Scheduled reports check completed
[2025-06-30T04:45:20.792Z] [DEBUG] MongoDB connection closed
[2025-06-30T04:45:49.954Z] [INFO] Checking for scheduled reports...
[2025-06-30T04:45:50.679Z] [DEBUG] Connected to MongoDB
[2025-06-30T04:45:50.744Z] [INFO] Found 2 company databases
[2025-06-30T04:45:50.744Z] [DEBUG] Processing company database: company_9jxwph8g
[2025-06-30T04:45:50.807Z] [DEBUG] Finding reports to execute in company_9jxwph8g (current time: 2025-06-30T04:45:50.807Z)
[2025-06-30T04:45:50.860Z] [INFO] Found 0 reports to execute in company_9jxwph8g
[2025-06-30T04:45:50.861Z] [DEBUG] Processing company database: company_ey1a4uyd
[2025-06-30T04:45:50.915Z] [DEBUG] Skipping company_ey1a4uyd: No scheduled reports collection found
[2025-06-30T04:45:50.915Z] [INFO] Scheduled reports check completed
[2025-06-30T04:45:50.919Z] [DEBUG] MongoDB connection closed
[2025-06-30T04:46:19.955Z] [INFO] Checking for scheduled reports...
[2025-06-30T04:46:20.716Z] [DEBUG] Connected to MongoDB
[2025-06-30T04:46:20.780Z] [INFO] Found 2 company databases
[2025-06-30T04:46:20.781Z] [DEBUG] Processing company database: company_9jxwph8g
[2025-06-30T04:46:20.835Z] [DEBUG] Finding reports to execute in company_9jxwph8g (current time: 2025-06-30T04:46:20.835Z)
[2025-06-30T04:46:20.889Z] [INFO] Found 0 reports to execute in company_9jxwph8g
[2025-06-30T04:46:20.889Z] [DEBUG] Processing company database: company_ey1a4uyd
[2025-06-30T04:46:20.942Z] [DEBUG] Skipping company_ey1a4uyd: No scheduled reports collection found
[2025-06-30T04:46:20.943Z] [INFO] Scheduled reports check completed
[2025-06-30T04:46:20.945Z] [DEBUG] MongoDB connection closed
[2025-06-30T04:46:49.956Z] [INFO] Checking for scheduled reports...
[2025-06-30T04:46:50.578Z] [DEBUG] Connected to MongoDB
[2025-06-30T04:46:50.644Z] [INFO] Found 2 company databases
[2025-06-30T04:46:50.644Z] [DEBUG] Processing company database: company_9jxwph8g
[2025-06-30T04:46:50.699Z] [DEBUG] Finding reports to execute in company_9jxwph8g (current time: 2025-06-30T04:46:50.699Z)
[2025-06-30T04:46:50.752Z] [INFO] Found 0 reports to execute in company_9jxwph8g
[2025-06-30T04:46:50.753Z] [DEBUG] Processing company database: company_ey1a4uyd
[2025-06-30T04:46:50.807Z] [DEBUG] Skipping company_ey1a4uyd: No scheduled reports collection found
[2025-06-30T04:46:50.807Z] [INFO] Scheduled reports check completed
[2025-06-30T04:46:50.809Z] [DEBUG] MongoDB connection closed
[2025-06-30T04:47:19.957Z] [INFO] Checking for scheduled reports...
[2025-06-30T04:47:20.582Z] [DEBUG] Connected to MongoDB
[2025-06-30T04:47:20.646Z] [INFO] Found 2 company databases
[2025-06-30T04:47:20.647Z] [DEBUG] Processing company database: company_9jxwph8g
[2025-06-30T04:47:20.701Z] [DEBUG] Finding reports to execute in company_9jxwph8g (current time: 2025-06-30T04:47:20.701Z)
[2025-06-30T04:47:20.755Z] [INFO] Found 0 reports to execute in company_9jxwph8g
[2025-06-30T04:47:20.756Z] [DEBUG] Processing company database: company_ey1a4uyd
[2025-06-30T04:47:20.809Z] [DEBUG] Skipping company_ey1a4uyd: No scheduled reports collection found
[2025-06-30T04:47:20.809Z] [INFO] Scheduled reports check completed
[2025-06-30T04:47:20.811Z] [DEBUG] MongoDB connection closed
[2025-06-30T04:47:49.958Z] [INFO] Checking for scheduled reports...
[2025-06-30T04:47:50.726Z] [DEBUG] Connected to MongoDB
[2025-06-30T04:47:50.790Z] [INFO] Found 2 company databases
[2025-06-30T04:47:50.791Z] [DEBUG] Processing company database: company_9jxwph8g
[2025-06-30T04:47:50.844Z] [DEBUG] Finding reports to execute in company_9jxwph8g (current time: 2025-06-30T04:47:50.844Z)
[2025-06-30T04:47:50.897Z] [INFO] Found 0 reports to execute in company_9jxwph8g
[2025-06-30T04:47:50.897Z] [DEBUG] Processing company database: company_ey1a4uyd
[2025-06-30T04:47:50.951Z] [DEBUG] Skipping company_ey1a4uyd: No scheduled reports collection found
[2025-06-30T04:47:50.951Z] [INFO] Scheduled reports check completed
[2025-06-30T04:47:50.953Z] [DEBUG] MongoDB connection closed
[2025-06-30T04:48:19.959Z] [INFO] Checking for scheduled reports...
[2025-06-30T04:48:20.593Z] [DEBUG] Connected to MongoDB
[2025-06-30T04:48:20.672Z] [INFO] Found 2 company databases
[2025-06-30T04:48:20.673Z] [DEBUG] Processing company database: company_9jxwph8g
[2025-06-30T04:48:20.727Z] [DEBUG] Finding reports to execute in company_9jxwph8g (current time: 2025-06-30T04:48:20.727Z)
[2025-06-30T04:48:20.780Z] [INFO] Found 0 reports to execute in company_9jxwph8g
[2025-06-30T04:48:20.780Z] [DEBUG] Processing company database: company_ey1a4uyd
[2025-06-30T04:48:20.833Z] [DEBUG] Skipping company_ey1a4uyd: No scheduled reports collection found
[2025-06-30T04:48:20.833Z] [INFO] Scheduled reports check completed
[2025-06-30T04:48:20.834Z] [DEBUG] MongoDB connection closed
[2025-06-30T04:48:49.960Z] [INFO] Checking for scheduled reports...
[2025-06-30T04:48:50.593Z] [DEBUG] Connected to MongoDB
[2025-06-30T04:48:50.658Z] [INFO] Found 2 company databases
[2025-06-30T04:48:50.658Z] [DEBUG] Processing company database: company_9jxwph8g
[2025-06-30T04:48:50.711Z] [DEBUG] Finding reports to execute in company_9jxwph8g (current time: 2025-06-30T04:48:50.711Z)
[2025-06-30T04:48:50.764Z] [INFO] Found 0 reports to execute in company_9jxwph8g
[2025-06-30T04:48:50.764Z] [DEBUG] Processing company database: company_ey1a4uyd
[2025-06-30T04:48:50.817Z] [DEBUG] Skipping company_ey1a4uyd: No scheduled reports collection found
[2025-06-30T04:48:50.818Z] [INFO] Scheduled reports check completed
[2025-06-30T04:48:50.819Z] [DEBUG] MongoDB connection closed
[2025-06-30T04:49:19.961Z] [INFO] Checking for scheduled reports...
[2025-06-30T04:49:20.794Z] [DEBUG] Connected to MongoDB
[2025-06-30T04:49:20.863Z] [INFO] Found 2 company databases
[2025-06-30T04:49:20.864Z] [DEBUG] Processing company database: company_9jxwph8g
[2025-06-30T04:49:20.917Z] [DEBUG] Finding reports to execute in company_9jxwph8g (current time: 2025-06-30T04:49:20.917Z)
[2025-06-30T04:49:20.973Z] [INFO] Found 0 reports to execute in company_9jxwph8g
[2025-06-30T04:49:20.973Z] [DEBUG] Processing company database: company_ey1a4uyd
[2025-06-30T04:49:21.026Z] [DEBUG] Skipping company_ey1a4uyd: No scheduled reports collection found
[2025-06-30T04:49:21.027Z] [INFO] Scheduled reports check completed
[2025-06-30T04:49:21.028Z] [DEBUG] MongoDB connection closed
[2025-06-30T04:49:49.963Z] [INFO] Checking for scheduled reports...
[2025-06-30T04:49:50.574Z] [DEBUG] Connected to MongoDB
[2025-06-30T04:49:50.657Z] [INFO] Found 2 company databases
[2025-06-30T04:49:50.659Z] [DEBUG] Processing company database: company_9jxwph8g
[2025-06-30T04:49:50.756Z] [DEBUG] Finding reports to execute in company_9jxwph8g (current time: 2025-06-30T04:49:50.756Z)
[2025-06-30T04:49:50.809Z] [INFO] Found 0 reports to execute in company_9jxwph8g
[2025-06-30T04:49:50.811Z] [DEBUG] Processing company database: company_ey1a4uyd
[2025-06-30T04:49:50.864Z] [DEBUG] Skipping company_ey1a4uyd: No scheduled reports collection found
[2025-06-30T04:49:50.864Z] [INFO] Scheduled reports check completed
[2025-06-30T04:49:50.865Z] [DEBUG] MongoDB connection closed
[2025-06-30T04:50:19.963Z] [INFO] Checking for scheduled reports...
[2025-06-30T04:50:20.587Z] [DEBUG] Connected to MongoDB
[2025-06-30T04:50:20.859Z] [INFO] Found 2 company databases
[2025-06-30T04:50:20.860Z] [DEBUG] Processing company database: company_9jxwph8g
[2025-06-30T04:50:20.914Z] [DEBUG] Finding reports to execute in company_9jxwph8g (current time: 2025-06-30T04:50:20.914Z)
[2025-06-30T04:50:20.968Z] [INFO] Found 0 reports to execute in company_9jxwph8g
[2025-06-30T04:50:20.969Z] [DEBUG] Processing company database: company_ey1a4uyd
[2025-06-30T04:50:21.023Z] [DEBUG] Skipping company_ey1a4uyd: No scheduled reports collection found
[2025-06-30T04:50:21.023Z] [INFO] Scheduled reports check completed
[2025-06-30T04:50:21.026Z] [DEBUG] MongoDB connection closed
[2025-06-30T04:50:49.964Z] [INFO] Checking for scheduled reports...
[2025-06-30T04:50:50.726Z] [DEBUG] Connected to MongoDB
[2025-06-30T04:50:50.791Z] [INFO] Found 2 company databases
[2025-06-30T04:50:50.791Z] [DEBUG] Processing company database: company_9jxwph8g
[2025-06-30T04:50:50.845Z] [DEBUG] Finding reports to execute in company_9jxwph8g (current time: 2025-06-30T04:50:50.845Z)
[2025-06-30T04:50:50.899Z] [INFO] Found 0 reports to execute in company_9jxwph8g
[2025-06-30T04:50:50.900Z] [DEBUG] Processing company database: company_ey1a4uyd
[2025-06-30T04:50:50.954Z] [DEBUG] Skipping company_ey1a4uyd: No scheduled reports collection found
[2025-06-30T04:50:50.955Z] [INFO] Scheduled reports check completed
[2025-06-30T04:50:50.957Z] [DEBUG] MongoDB connection closed
[2025-06-30T04:51:19.964Z] [INFO] Checking for scheduled reports...
[2025-06-30T04:51:20.571Z] [DEBUG] Connected to MongoDB
[2025-06-30T04:51:20.639Z] [INFO] Found 2 company databases
[2025-06-30T04:51:20.640Z] [DEBUG] Processing company database: company_9jxwph8g
[2025-06-30T04:51:20.694Z] [DEBUG] Finding reports to execute in company_9jxwph8g (current time: 2025-06-30T04:51:20.694Z)
[2025-06-30T04:51:20.748Z] [INFO] Found 0 reports to execute in company_9jxwph8g
[2025-06-30T04:51:20.749Z] [DEBUG] Processing company database: company_ey1a4uyd
[2025-06-30T04:51:20.803Z] [DEBUG] Skipping company_ey1a4uyd: No scheduled reports collection found
[2025-06-30T04:51:20.803Z] [INFO] Scheduled reports check completed
[2025-06-30T04:51:20.806Z] [DEBUG] MongoDB connection closed
[2025-06-30T04:51:49.965Z] [INFO] Checking for scheduled reports...
[2025-06-30T04:51:50.663Z] [DEBUG] Connected to MongoDB
[2025-06-30T04:51:50.728Z] [INFO] Found 2 company databases
[2025-06-30T04:51:50.728Z] [DEBUG] Processing company database: company_9jxwph8g
[2025-06-30T04:51:50.782Z] [DEBUG] Finding reports to execute in company_9jxwph8g (current time: 2025-06-30T04:51:50.782Z)
[2025-06-30T04:51:50.836Z] [INFO] Found 0 reports to execute in company_9jxwph8g
[2025-06-30T04:51:50.837Z] [DEBUG] Processing company database: company_ey1a4uyd
[2025-06-30T04:51:50.890Z] [DEBUG] Skipping company_ey1a4uyd: No scheduled reports collection found
[2025-06-30T04:51:50.891Z] [INFO] Scheduled reports check completed
[2025-06-30T04:51:50.894Z] [DEBUG] MongoDB connection closed
[2025-06-30T04:52:19.966Z] [INFO] Checking for scheduled reports...
[2025-06-30T04:52:20.583Z] [DEBUG] Connected to MongoDB
[2025-06-30T04:52:20.648Z] [INFO] Found 2 company databases
[2025-06-30T04:52:20.648Z] [DEBUG] Processing company database: company_9jxwph8g
[2025-06-30T04:52:20.702Z] [DEBUG] Finding reports to execute in company_9jxwph8g (current time: 2025-06-30T04:52:20.702Z)
[2025-06-30T04:52:20.755Z] [INFO] Found 0 reports to execute in company_9jxwph8g
[2025-06-30T04:52:20.755Z] [DEBUG] Processing company database: company_ey1a4uyd
[2025-06-30T04:52:20.809Z] [DEBUG] Skipping company_ey1a4uyd: No scheduled reports collection found
[2025-06-30T04:52:20.809Z] [INFO] Scheduled reports check completed
[2025-06-30T04:52:20.814Z] [DEBUG] MongoDB connection closed
[2025-06-30T04:52:49.967Z] [INFO] Checking for scheduled reports...
[2025-06-30T04:52:50.678Z] [DEBUG] Connected to MongoDB
[2025-06-30T04:52:50.744Z] [INFO] Found 2 company databases
[2025-06-30T04:52:50.745Z] [DEBUG] Processing company database: company_9jxwph8g
[2025-06-30T04:52:50.799Z] [DEBUG] Finding reports to execute in company_9jxwph8g (current time: 2025-06-30T04:52:50.799Z)
[2025-06-30T04:52:50.853Z] [INFO] Found 0 reports to execute in company_9jxwph8g
[2025-06-30T04:52:50.853Z] [DEBUG] Processing company database: company_ey1a4uyd
[2025-06-30T04:52:50.906Z] [DEBUG] Skipping company_ey1a4uyd: No scheduled reports collection found
[2025-06-30T04:52:50.907Z] [INFO] Scheduled reports check completed
[2025-06-30T04:52:50.908Z] [DEBUG] MongoDB connection closed
[2025-06-30T04:53:19.967Z] [INFO] Checking for scheduled reports...
[2025-06-30T04:53:20.592Z] [DEBUG] Connected to MongoDB
[2025-06-30T04:53:20.656Z] [INFO] Found 2 company databases
[2025-06-30T04:53:20.657Z] [DEBUG] Processing company database: company_9jxwph8g
[2025-06-30T04:53:20.710Z] [DEBUG] Finding reports to execute in company_9jxwph8g (current time: 2025-06-30T04:53:20.710Z)
[2025-06-30T04:53:20.765Z] [INFO] Found 0 reports to execute in company_9jxwph8g
[2025-06-30T04:53:20.765Z] [DEBUG] Processing company database: company_ey1a4uyd
[2025-06-30T04:53:20.818Z] [DEBUG] Skipping company_ey1a4uyd: No scheduled reports collection found
[2025-06-30T04:53:20.819Z] [INFO] Scheduled reports check completed
[2025-06-30T04:53:20.822Z] [DEBUG] MongoDB connection closed
[2025-06-30T04:53:49.968Z] [INFO] Checking for scheduled reports...
[2025-06-30T04:53:50.736Z] [DEBUG] Connected to MongoDB
[2025-06-30T04:53:50.801Z] [INFO] Found 2 company databases
[2025-06-30T04:53:50.802Z] [DEBUG] Processing company database: company_9jxwph8g
[2025-06-30T04:53:50.857Z] [DEBUG] Finding reports to execute in company_9jxwph8g (current time: 2025-06-30T04:53:50.857Z)
[2025-06-30T04:53:50.910Z] [INFO] Found 0 reports to execute in company_9jxwph8g
[2025-06-30T04:53:50.911Z] [DEBUG] Processing company database: company_ey1a4uyd
[2025-06-30T04:53:50.965Z] [DEBUG] Skipping company_ey1a4uyd: No scheduled reports collection found
[2025-06-30T04:53:50.966Z] [INFO] Scheduled reports check completed
[2025-06-30T04:53:50.968Z] [DEBUG] MongoDB connection closed
[2025-06-30T04:54:19.970Z] [INFO] Checking for scheduled reports...
[2025-06-30T04:54:20.557Z] [DEBUG] Connected to MongoDB
[2025-06-30T04:54:20.624Z] [INFO] Found 2 company databases
[2025-06-30T04:54:20.624Z] [DEBUG] Processing company database: company_9jxwph8g
[2025-06-30T04:54:20.678Z] [DEBUG] Finding reports to execute in company_9jxwph8g (current time: 2025-06-30T04:54:20.678Z)
[2025-06-30T04:54:20.728Z] [INFO] Found 0 reports to execute in company_9jxwph8g
[2025-06-30T04:54:20.729Z] [DEBUG] Processing company database: company_ey1a4uyd
[2025-06-30T04:54:20.780Z] [DEBUG] Skipping company_ey1a4uyd: No scheduled reports collection found
[2025-06-30T04:54:20.781Z] [INFO] Scheduled reports check completed
[2025-06-30T04:54:20.786Z] [DEBUG] MongoDB connection closed
[2025-06-30T04:54:49.970Z] [INFO] Checking for scheduled reports...
[2025-06-30T04:54:50.605Z] [DEBUG] Connected to MongoDB
[2025-06-30T04:54:50.666Z] [INFO] Found 2 company databases
[2025-06-30T04:54:50.667Z] [DEBUG] Processing company database: company_9jxwph8g
[2025-06-30T04:54:50.719Z] [DEBUG] Finding reports to execute in company_9jxwph8g (current time: 2025-06-30T04:54:50.719Z)
[2025-06-30T04:54:50.771Z] [INFO] Found 0 reports to execute in company_9jxwph8g
[2025-06-30T04:54:50.772Z] [DEBUG] Processing company database: company_ey1a4uyd
[2025-06-30T04:54:50.821Z] [DEBUG] Skipping company_ey1a4uyd: No scheduled reports collection found
[2025-06-30T04:54:50.822Z] [INFO] Scheduled reports check completed
[2025-06-30T04:54:50.824Z] [DEBUG] MongoDB connection closed
[2025-06-30T04:55:19.971Z] [INFO] Checking for scheduled reports...
[2025-06-30T04:55:20.539Z] [DEBUG] Connected to MongoDB
[2025-06-30T04:55:20.600Z] [INFO] Found 2 company databases
[2025-06-30T04:55:20.601Z] [DEBUG] Processing company database: company_9jxwph8g
[2025-06-30T04:55:20.653Z] [DEBUG] Finding reports to execute in company_9jxwph8g (current time: 2025-06-30T04:55:20.653Z)
[2025-06-30T04:55:20.703Z] [INFO] Found 0 reports to execute in company_9jxwph8g
[2025-06-30T04:55:20.703Z] [DEBUG] Processing company database: company_ey1a4uyd
[2025-06-30T04:55:20.753Z] [DEBUG] Skipping company_ey1a4uyd: No scheduled reports collection found
[2025-06-30T04:55:20.754Z] [INFO] Scheduled reports check completed
[2025-06-30T04:55:20.756Z] [DEBUG] MongoDB connection closed
[2025-06-30T04:55:49.971Z] [INFO] Checking for scheduled reports...
[2025-06-30T04:55:50.666Z] [DEBUG] Connected to MongoDB
[2025-06-30T04:55:50.726Z] [INFO] Found 2 company databases
[2025-06-30T04:55:50.727Z] [DEBUG] Processing company database: company_9jxwph8g
[2025-06-30T04:55:50.779Z] [DEBUG] Finding reports to execute in company_9jxwph8g (current time: 2025-06-30T04:55:50.779Z)
[2025-06-30T04:55:50.828Z] [INFO] Found 0 reports to execute in company_9jxwph8g
[2025-06-30T04:55:50.829Z] [DEBUG] Processing company database: company_ey1a4uyd
[2025-06-30T04:55:50.879Z] [DEBUG] Skipping company_ey1a4uyd: No scheduled reports collection found
[2025-06-30T04:55:50.880Z] [INFO] Scheduled reports check completed
[2025-06-30T04:55:50.883Z] [DEBUG] MongoDB connection closed
[2025-06-30T04:56:19.971Z] [INFO] Checking for scheduled reports...
[2025-06-30T04:56:20.536Z] [DEBUG] Connected to MongoDB
[2025-06-30T04:56:20.596Z] [INFO] Found 2 company databases
[2025-06-30T04:56:20.596Z] [DEBUG] Processing company database: company_9jxwph8g
[2025-06-30T04:56:20.645Z] [DEBUG] Finding reports to execute in company_9jxwph8g (current time: 2025-06-30T04:56:20.645Z)
[2025-06-30T04:56:20.705Z] [INFO] Found 0 reports to execute in company_9jxwph8g
[2025-06-30T04:56:20.706Z] [DEBUG] Processing company database: company_ey1a4uyd
[2025-06-30T04:56:20.769Z] [DEBUG] Skipping company_ey1a4uyd: No scheduled reports collection found
[2025-06-30T04:56:20.769Z] [INFO] Scheduled reports check completed
[2025-06-30T04:56:20.771Z] [DEBUG] MongoDB connection closed
[2025-06-30T04:56:49.972Z] [INFO] Checking for scheduled reports...
[2025-06-30T04:56:50.734Z] [DEBUG] Connected to MongoDB
[2025-06-30T04:56:50.795Z] [INFO] Found 2 company databases
[2025-06-30T04:56:50.795Z] [DEBUG] Processing company database: company_9jxwph8g
[2025-06-30T04:56:50.844Z] [DEBUG] Finding reports to execute in company_9jxwph8g (current time: 2025-06-30T04:56:50.844Z)
[2025-06-30T04:56:50.893Z] [INFO] Found 0 reports to execute in company_9jxwph8g
[2025-06-30T04:56:50.894Z] [DEBUG] Processing company database: company_ey1a4uyd
[2025-06-30T04:56:50.943Z] [DEBUG] Skipping company_ey1a4uyd: No scheduled reports collection found
[2025-06-30T04:56:50.943Z] [INFO] Scheduled reports check completed
[2025-06-30T04:56:50.945Z] [DEBUG] MongoDB connection closed
[2025-06-30T04:57:19.974Z] [INFO] Checking for scheduled reports...
[2025-06-30T04:57:20.617Z] [DEBUG] Connected to MongoDB
[2025-06-30T04:57:20.677Z] [INFO] Found 2 company databases
[2025-06-30T04:57:20.678Z] [DEBUG] Processing company database: company_9jxwph8g
[2025-06-30T04:57:20.727Z] [DEBUG] Finding reports to execute in company_9jxwph8g (current time: 2025-06-30T04:57:20.727Z)
[2025-06-30T04:57:20.777Z] [INFO] Found 0 reports to execute in company_9jxwph8g
[2025-06-30T04:57:20.777Z] [DEBUG] Processing company database: company_ey1a4uyd
[2025-06-30T04:57:20.827Z] [DEBUG] Skipping company_ey1a4uyd: No scheduled reports collection found
[2025-06-30T04:57:20.827Z] [INFO] Scheduled reports check completed
[2025-06-30T04:57:20.829Z] [DEBUG] MongoDB connection closed
[2025-06-30T04:57:49.974Z] [INFO] Checking for scheduled reports...
[2025-06-30T04:57:50.650Z] [DEBUG] Connected to MongoDB
[2025-06-30T04:57:50.711Z] [INFO] Found 2 company databases
[2025-06-30T04:57:50.711Z] [DEBUG] Processing company database: company_9jxwph8g
[2025-06-30T04:57:50.761Z] [DEBUG] Finding reports to execute in company_9jxwph8g (current time: 2025-06-30T04:57:50.761Z)
[2025-06-30T04:57:50.811Z] [INFO] Found 0 reports to execute in company_9jxwph8g
[2025-06-30T04:57:50.811Z] [DEBUG] Processing company database: company_ey1a4uyd
[2025-06-30T04:57:50.860Z] [DEBUG] Skipping company_ey1a4uyd: No scheduled reports collection found
[2025-06-30T04:57:50.860Z] [INFO] Scheduled reports check completed
[2025-06-30T04:57:50.863Z] [DEBUG] MongoDB connection closed
[2025-06-30T04:58:19.975Z] [INFO] Checking for scheduled reports...
[2025-06-30T04:58:20.694Z] [DEBUG] Connected to MongoDB
[2025-06-30T04:58:20.755Z] [INFO] Found 2 company databases
[2025-06-30T04:58:20.755Z] [DEBUG] Processing company database: company_9jxwph8g
[2025-06-30T04:58:20.806Z] [DEBUG] Finding reports to execute in company_9jxwph8g (current time: 2025-06-30T04:58:20.806Z)
[2025-06-30T04:58:20.855Z] [INFO] Found 0 reports to execute in company_9jxwph8g
[2025-06-30T04:58:20.856Z] [DEBUG] Processing company database: company_ey1a4uyd
[2025-06-30T04:58:20.905Z] [DEBUG] Skipping company_ey1a4uyd: No scheduled reports collection found
[2025-06-30T04:58:20.906Z] [INFO] Scheduled reports check completed
[2025-06-30T04:58:20.908Z] [DEBUG] MongoDB connection closed
[2025-06-30T04:58:49.975Z] [INFO] Checking for scheduled reports...
[2025-06-30T04:58:50.687Z] [DEBUG] Connected to MongoDB
[2025-06-30T04:58:50.749Z] [INFO] Found 2 company databases
[2025-06-30T04:58:50.750Z] [DEBUG] Processing company database: company_9jxwph8g
[2025-06-30T04:58:50.800Z] [DEBUG] Finding reports to execute in company_9jxwph8g (current time: 2025-06-30T04:58:50.800Z)
[2025-06-30T04:58:50.850Z] [INFO] Found 0 reports to execute in company_9jxwph8g
[2025-06-30T04:58:50.850Z] [DEBUG] Processing company database: company_ey1a4uyd
[2025-06-30T04:58:50.899Z] [DEBUG] Skipping company_ey1a4uyd: No scheduled reports collection found
[2025-06-30T04:58:50.900Z] [INFO] Scheduled reports check completed
[2025-06-30T04:58:50.901Z] [DEBUG] MongoDB connection closed
[2025-06-30T04:59:19.976Z] [INFO] Checking for scheduled reports...
[2025-06-30T04:59:20.622Z] [DEBUG] Connected to MongoDB
[2025-06-30T04:59:20.701Z] [INFO] Found 2 company databases
[2025-06-30T04:59:20.701Z] [DEBUG] Processing company database: company_9jxwph8g
[2025-06-30T04:59:20.752Z] [DEBUG] Finding reports to execute in company_9jxwph8g (current time: 2025-06-30T04:59:20.752Z)
[2025-06-30T04:59:20.803Z] [INFO] Found 0 reports to execute in company_9jxwph8g
[2025-06-30T04:59:20.803Z] [DEBUG] Processing company database: company_ey1a4uyd
[2025-06-30T04:59:20.853Z] [DEBUG] Skipping company_ey1a4uyd: No scheduled reports collection found
[2025-06-30T04:59:20.853Z] [INFO] Scheduled reports check completed
[2025-06-30T04:59:20.855Z] [DEBUG] MongoDB connection closed
[2025-06-30T04:59:49.977Z] [INFO] Checking for scheduled reports...
[2025-06-30T04:59:50.882Z] [DEBUG] Connected to MongoDB
[2025-06-30T04:59:50.947Z] [INFO] Found 2 company databases
[2025-06-30T04:59:50.947Z] [DEBUG] Processing company database: company_9jxwph8g
[2025-06-30T04:59:51.001Z] [DEBUG] Finding reports to execute in company_9jxwph8g (current time: 2025-06-30T04:59:51.001Z)
[2025-06-30T04:59:51.054Z] [INFO] Found 0 reports to execute in company_9jxwph8g
[2025-06-30T04:59:51.055Z] [DEBUG] Processing company database: company_ey1a4uyd
[2025-06-30T04:59:51.108Z] [DEBUG] Skipping company_ey1a4uyd: No scheduled reports collection found
[2025-06-30T04:59:51.108Z] [INFO] Scheduled reports check completed
[2025-06-30T04:59:51.110Z] [DEBUG] MongoDB connection closed
[2025-06-30T05:00:19.978Z] [INFO] Checking for scheduled reports...
[2025-06-30T05:00:20.632Z] [DEBUG] Connected to MongoDB
[2025-06-30T05:00:20.696Z] [INFO] Found 2 company databases
[2025-06-30T05:00:20.696Z] [DEBUG] Processing company database: company_9jxwph8g
[2025-06-30T05:00:20.751Z] [DEBUG] Finding reports to execute in company_9jxwph8g (current time: 2025-06-30T05:00:20.751Z)
[2025-06-30T05:00:20.806Z] [INFO] Found 0 reports to execute in company_9jxwph8g
[2025-06-30T05:00:20.806Z] [DEBUG] Processing company database: company_ey1a4uyd
[2025-06-30T05:00:20.862Z] [DEBUG] Skipping company_ey1a4uyd: No scheduled reports collection found
[2025-06-30T05:00:20.863Z] [INFO] Scheduled reports check completed
[2025-06-30T05:00:20.865Z] [DEBUG] MongoDB connection closed
[2025-06-30T05:00:49.978Z] [INFO] Checking for scheduled reports...
[2025-06-30T05:00:50.712Z] [DEBUG] Connected to MongoDB
[2025-06-30T05:00:50.780Z] [INFO] Found 2 company databases
[2025-06-30T05:00:50.780Z] [DEBUG] Processing company database: company_9jxwph8g
[2025-06-30T05:00:50.833Z] [DEBUG] Finding reports to execute in company_9jxwph8g (current time: 2025-06-30T05:00:50.833Z)
[2025-06-30T05:00:50.886Z] [INFO] Found 0 reports to execute in company_9jxwph8g
[2025-06-30T05:00:50.887Z] [DEBUG] Processing company database: company_ey1a4uyd
[2025-06-30T05:00:50.940Z] [DEBUG] Skipping company_ey1a4uyd: No scheduled reports collection found
[2025-06-30T05:00:50.941Z] [INFO] Scheduled reports check completed
[2025-06-30T05:00:50.942Z] [DEBUG] MongoDB connection closed
[2025-06-30T05:01:19.980Z] [INFO] Checking for scheduled reports...
[2025-06-30T05:01:20.827Z] [DEBUG] Connected to MongoDB
[2025-06-30T05:01:20.892Z] [INFO] Found 2 company databases
[2025-06-30T05:01:20.893Z] [DEBUG] Processing company database: company_9jxwph8g
[2025-06-30T05:01:20.946Z] [DEBUG] Finding reports to execute in company_9jxwph8g (current time: 2025-06-30T05:01:20.946Z)
[2025-06-30T05:01:21.000Z] [INFO] Found 0 reports to execute in company_9jxwph8g
[2025-06-30T05:01:21.001Z] [DEBUG] Processing company database: company_ey1a4uyd
[2025-06-30T05:01:21.055Z] [DEBUG] Skipping company_ey1a4uyd: No scheduled reports collection found
[2025-06-30T05:01:21.056Z] [INFO] Scheduled reports check completed
[2025-06-30T05:01:21.057Z] [DEBUG] MongoDB connection closed
[2025-06-30T05:01:49.981Z] [INFO] Checking for scheduled reports...
[2025-06-30T05:01:50.693Z] [DEBUG] Connected to MongoDB
[2025-06-30T05:01:50.758Z] [INFO] Found 2 company databases
[2025-06-30T05:01:50.759Z] [DEBUG] Processing company database: company_9jxwph8g
[2025-06-30T05:01:50.813Z] [DEBUG] Finding reports to execute in company_9jxwph8g (current time: 2025-06-30T05:01:50.813Z)
[2025-06-30T05:01:50.867Z] [INFO] Found 0 reports to execute in company_9jxwph8g
[2025-06-30T05:01:50.868Z] [DEBUG] Processing company database: company_ey1a4uyd
[2025-06-30T05:01:50.921Z] [DEBUG] Skipping company_ey1a4uyd: No scheduled reports collection found
[2025-06-30T05:01:50.922Z] [INFO] Scheduled reports check completed
[2025-06-30T05:01:50.924Z] [DEBUG] MongoDB connection closed
[2025-06-30T05:02:19.981Z] [INFO] Checking for scheduled reports...
[2025-06-30T05:02:20.647Z] [DEBUG] Connected to MongoDB
[2025-06-30T05:02:20.711Z] [INFO] Found 2 company databases
[2025-06-30T05:02:20.712Z] [DEBUG] Processing company database: company_9jxwph8g
[2025-06-30T05:02:20.767Z] [DEBUG] Finding reports to execute in company_9jxwph8g (current time: 2025-06-30T05:02:20.767Z)
[2025-06-30T05:02:20.820Z] [INFO] Found 0 reports to execute in company_9jxwph8g
[2025-06-30T05:02:20.821Z] [DEBUG] Processing company database: company_ey1a4uyd
[2025-06-30T05:02:20.879Z] [DEBUG] Skipping company_ey1a4uyd: No scheduled reports collection found
[2025-06-30T05:02:20.879Z] [INFO] Scheduled reports check completed
[2025-06-30T05:02:20.881Z] [DEBUG] MongoDB connection closed
[2025-06-30T05:02:49.982Z] [INFO] Checking for scheduled reports...
[2025-06-30T05:02:50.797Z] [DEBUG] Connected to MongoDB
[2025-06-30T05:02:50.862Z] [INFO] Found 2 company databases
[2025-06-30T05:02:50.862Z] [DEBUG] Processing company database: company_9jxwph8g
[2025-06-30T05:02:50.916Z] [DEBUG] Finding reports to execute in company_9jxwph8g (current time: 2025-06-30T05:02:50.916Z)
[2025-06-30T05:02:50.969Z] [INFO] Found 0 reports to execute in company_9jxwph8g
[2025-06-30T05:02:50.970Z] [DEBUG] Processing company database: company_ey1a4uyd
[2025-06-30T05:02:51.023Z] [DEBUG] Skipping company_ey1a4uyd: No scheduled reports collection found
[2025-06-30T05:02:51.023Z] [INFO] Scheduled reports check completed
[2025-06-30T05:02:51.025Z] [DEBUG] MongoDB connection closed
[2025-06-30T05:03:19.983Z] [INFO] Checking for scheduled reports...
[2025-06-30T05:03:20.623Z] [DEBUG] Connected to MongoDB
[2025-06-30T05:03:20.699Z] [INFO] Found 2 company databases
[2025-06-30T05:03:20.700Z] [DEBUG] Processing company database: company_9jxwph8g
[2025-06-30T05:03:20.766Z] [DEBUG] Finding reports to execute in company_9jxwph8g (current time: 2025-06-30T05:03:20.766Z)
[2025-06-30T05:03:20.831Z] [INFO] Found 0 reports to execute in company_9jxwph8g
[2025-06-30T05:03:20.831Z] [DEBUG] Processing company database: company_ey1a4uyd
[2025-06-30T05:03:20.893Z] [DEBUG] Skipping company_ey1a4uyd: No scheduled reports collection found
[2025-06-30T05:03:20.894Z] [INFO] Scheduled reports check completed
[2025-06-30T05:03:20.896Z] [DEBUG] MongoDB connection closed
[2025-06-30T05:03:49.984Z] [INFO] Checking for scheduled reports...
[2025-06-30T05:03:50.719Z] [DEBUG] Connected to MongoDB
[2025-06-30T05:03:50.789Z] [INFO] Found 2 company databases
[2025-06-30T05:03:50.790Z] [DEBUG] Processing company database: company_9jxwph8g
[2025-06-30T05:03:50.843Z] [DEBUG] Finding reports to execute in company_9jxwph8g (current time: 2025-06-30T05:03:50.843Z)
[2025-06-30T05:03:50.896Z] [INFO] Found 0 reports to execute in company_9jxwph8g
[2025-06-30T05:03:50.897Z] [DEBUG] Processing company database: company_ey1a4uyd
[2025-06-30T05:03:50.950Z] [DEBUG] Skipping company_ey1a4uyd: No scheduled reports collection found
[2025-06-30T05:03:50.951Z] [INFO] Scheduled reports check completed
[2025-06-30T05:03:50.953Z] [DEBUG] MongoDB connection closed
[2025-06-30T05:04:19.984Z] [INFO] Checking for scheduled reports...
[2025-06-30T05:04:20.735Z] [DEBUG] Connected to MongoDB
[2025-06-30T05:04:20.800Z] [INFO] Found 2 company databases
[2025-06-30T05:04:20.800Z] [DEBUG] Processing company database: company_9jxwph8g
[2025-06-30T05:04:20.854Z] [DEBUG] Finding reports to execute in company_9jxwph8g (current time: 2025-06-30T05:04:20.854Z)
[2025-06-30T05:04:20.908Z] [INFO] Found 0 reports to execute in company_9jxwph8g
[2025-06-30T05:04:20.909Z] [DEBUG] Processing company database: company_ey1a4uyd
[2025-06-30T05:04:20.962Z] [DEBUG] Skipping company_ey1a4uyd: No scheduled reports collection found
[2025-06-30T05:04:20.963Z] [INFO] Scheduled reports check completed
[2025-06-30T05:04:20.966Z] [DEBUG] MongoDB connection closed
[2025-06-30T05:04:49.985Z] [INFO] Checking for scheduled reports...
[2025-06-30T05:04:50.678Z] [DEBUG] Connected to MongoDB
[2025-06-30T05:04:50.743Z] [INFO] Found 2 company databases
[2025-06-30T05:04:50.743Z] [DEBUG] Processing company database: company_9jxwph8g
[2025-06-30T05:04:50.797Z] [DEBUG] Finding reports to execute in company_9jxwph8g (current time: 2025-06-30T05:04:50.797Z)
[2025-06-30T05:04:50.850Z] [INFO] Found 0 reports to execute in company_9jxwph8g
[2025-06-30T05:04:50.851Z] [DEBUG] Processing company database: company_ey1a4uyd
[2025-06-30T05:04:50.904Z] [DEBUG] Skipping company_ey1a4uyd: No scheduled reports collection found
[2025-06-30T05:04:50.905Z] [INFO] Scheduled reports check completed
[2025-06-30T05:04:50.907Z] [DEBUG] MongoDB connection closed
[2025-06-30T05:05:19.986Z] [INFO] Checking for scheduled reports...
[2025-06-30T05:05:20.607Z] [DEBUG] Connected to MongoDB
[2025-06-30T05:05:20.671Z] [INFO] Found 2 company databases
[2025-06-30T05:05:20.671Z] [DEBUG] Processing company database: company_9jxwph8g
[2025-06-30T05:05:20.725Z] [DEBUG] Finding reports to execute in company_9jxwph8g (current time: 2025-06-30T05:05:20.725Z)
[2025-06-30T05:05:20.779Z] [INFO] Found 0 reports to execute in company_9jxwph8g
[2025-06-30T05:05:20.779Z] [DEBUG] Processing company database: company_ey1a4uyd
[2025-06-30T05:05:20.833Z] [DEBUG] Skipping company_ey1a4uyd: No scheduled reports collection found
[2025-06-30T05:05:20.834Z] [INFO] Scheduled reports check completed
[2025-06-30T05:05:20.836Z] [DEBUG] MongoDB connection closed
[2025-06-30T05:05:49.987Z] [INFO] Checking for scheduled reports...
[2025-06-30T05:05:50.911Z] [DEBUG] Connected to MongoDB
[2025-06-30T05:05:50.992Z] [INFO] Found 2 company databases
[2025-06-30T05:05:50.993Z] [DEBUG] Processing company database: company_9jxwph8g
[2025-06-30T05:05:51.047Z] [DEBUG] Finding reports to execute in company_9jxwph8g (current time: 2025-06-30T05:05:51.047Z)
[2025-06-30T05:05:51.100Z] [INFO] Found 0 reports to execute in company_9jxwph8g
[2025-06-30T05:05:51.101Z] [DEBUG] Processing company database: company_ey1a4uyd
[2025-06-30T05:05:51.154Z] [DEBUG] Skipping company_ey1a4uyd: No scheduled reports collection found
[2025-06-30T05:05:51.155Z] [INFO] Scheduled reports check completed
[2025-06-30T05:05:51.157Z] [DEBUG] MongoDB connection closed
[2025-06-30T05:06:19.987Z] [INFO] Checking for scheduled reports...
[2025-06-30T05:06:20.594Z] [DEBUG] Connected to MongoDB
[2025-06-30T05:06:20.658Z] [INFO] Found 2 company databases
[2025-06-30T05:06:20.659Z] [DEBUG] Processing company database: company_9jxwph8g
[2025-06-30T05:06:20.713Z] [DEBUG] Finding reports to execute in company_9jxwph8g (current time: 2025-06-30T05:06:20.713Z)
[2025-06-30T05:06:20.769Z] [INFO] Found 0 reports to execute in company_9jxwph8g
[2025-06-30T05:06:20.769Z] [DEBUG] Processing company database: company_ey1a4uyd
[2025-06-30T05:06:20.822Z] [DEBUG] Skipping company_ey1a4uyd: No scheduled reports collection found
[2025-06-30T05:06:20.823Z] [INFO] Scheduled reports check completed
[2025-06-30T05:06:20.825Z] [DEBUG] MongoDB connection closed
[2025-06-30T05:06:49.989Z] [INFO] Checking for scheduled reports...
[2025-06-30T05:06:50.675Z] [DEBUG] Connected to MongoDB
[2025-06-30T05:06:50.740Z] [INFO] Found 2 company databases
[2025-06-30T05:06:50.740Z] [DEBUG] Processing company database: company_9jxwph8g
[2025-06-30T05:06:50.794Z] [DEBUG] Finding reports to execute in company_9jxwph8g (current time: 2025-06-30T05:06:50.794Z)
[2025-06-30T05:06:50.848Z] [INFO] Found 0 reports to execute in company_9jxwph8g
[2025-06-30T05:06:50.848Z] [DEBUG] Processing company database: company_ey1a4uyd
[2025-06-30T05:06:50.901Z] [DEBUG] Skipping company_ey1a4uyd: No scheduled reports collection found
[2025-06-30T05:06:50.901Z] [INFO] Scheduled reports check completed
[2025-06-30T05:06:50.903Z] [DEBUG] MongoDB connection closed
[2025-06-30T05:07:19.990Z] [INFO] Checking for scheduled reports...
[2025-06-30T05:07:20.804Z] [DEBUG] Connected to MongoDB
[2025-06-30T05:07:20.870Z] [INFO] Found 2 company databases
[2025-06-30T05:07:20.871Z] [DEBUG] Processing company database: company_9jxwph8g
[2025-06-30T05:07:20.924Z] [DEBUG] Finding reports to execute in company_9jxwph8g (current time: 2025-06-30T05:07:20.924Z)
[2025-06-30T05:07:20.977Z] [INFO] Found 0 reports to execute in company_9jxwph8g
[2025-06-30T05:07:20.978Z] [DEBUG] Processing company database: company_ey1a4uyd
[2025-06-30T05:07:21.031Z] [DEBUG] Skipping company_ey1a4uyd: No scheduled reports collection found
[2025-06-30T05:07:21.031Z] [INFO] Scheduled reports check completed
[2025-06-30T05:07:21.032Z] [DEBUG] MongoDB connection closed
[2025-06-30T05:07:49.991Z] [INFO] Checking for scheduled reports...
[2025-06-30T05:07:50.705Z] [DEBUG] Connected to MongoDB
[2025-06-30T05:07:50.770Z] [INFO] Found 2 company databases
[2025-06-30T05:07:50.771Z] [DEBUG] Processing company database: company_9jxwph8g
[2025-06-30T05:07:50.824Z] [DEBUG] Finding reports to execute in company_9jxwph8g (current time: 2025-06-30T05:07:50.824Z)
[2025-06-30T05:07:50.877Z] [INFO] Found 0 reports to execute in company_9jxwph8g
[2025-06-30T05:07:50.877Z] [DEBUG] Processing company database: company_ey1a4uyd
[2025-06-30T05:07:50.931Z] [DEBUG] Skipping company_ey1a4uyd: No scheduled reports collection found
[2025-06-30T05:07:50.931Z] [INFO] Scheduled reports check completed
[2025-06-30T05:07:50.932Z] [DEBUG] MongoDB connection closed
[2025-06-30T05:08:19.993Z] [INFO] Checking for scheduled reports...
[2025-06-30T05:08:20.607Z] [DEBUG] Connected to MongoDB
[2025-06-30T05:08:20.672Z] [INFO] Found 2 company databases
[2025-06-30T05:08:20.672Z] [DEBUG] Processing company database: company_9jxwph8g
[2025-06-30T05:08:20.725Z] [DEBUG] Finding reports to execute in company_9jxwph8g (current time: 2025-06-30T05:08:20.725Z)
[2025-06-30T05:08:20.778Z] [INFO] Found 0 reports to execute in company_9jxwph8g
[2025-06-30T05:08:20.778Z] [DEBUG] Processing company database: company_ey1a4uyd
[2025-06-30T05:08:20.845Z] [DEBUG] Skipping company_ey1a4uyd: No scheduled reports collection found
[2025-06-30T05:08:20.846Z] [INFO] Scheduled reports check completed
[2025-06-30T05:08:20.847Z] [DEBUG] MongoDB connection closed
[2025-06-30T05:08:49.994Z] [INFO] Checking for scheduled reports...
[2025-06-30T05:08:50.809Z] [DEBUG] Connected to MongoDB
[2025-06-30T05:08:50.873Z] [INFO] Found 2 company databases
[2025-06-30T05:08:50.873Z] [DEBUG] Processing company database: company_9jxwph8g
[2025-06-30T05:08:50.927Z] [DEBUG] Finding reports to execute in company_9jxwph8g (current time: 2025-06-30T05:08:50.927Z)
[2025-06-30T05:08:50.980Z] [INFO] Found 0 reports to execute in company_9jxwph8g
[2025-06-30T05:08:50.981Z] [DEBUG] Processing company database: company_ey1a4uyd
[2025-06-30T05:08:51.033Z] [DEBUG] Skipping company_ey1a4uyd: No scheduled reports collection found
[2025-06-30T05:08:51.033Z] [INFO] Scheduled reports check completed
[2025-06-30T05:08:51.035Z] [DEBUG] MongoDB connection closed
[2025-06-30T05:09:19.995Z] [INFO] Checking for scheduled reports...
[2025-06-30T05:09:20.601Z] [DEBUG] Connected to MongoDB
[2025-06-30T05:09:20.669Z] [INFO] Found 2 company databases
[2025-06-30T05:09:20.669Z] [DEBUG] Processing company database: company_9jxwph8g
[2025-06-30T05:09:20.723Z] [DEBUG] Finding reports to execute in company_9jxwph8g (current time: 2025-06-30T05:09:20.723Z)
[2025-06-30T05:09:20.776Z] [INFO] Found 0 reports to execute in company_9jxwph8g
[2025-06-30T05:09:20.777Z] [DEBUG] Processing company database: company_ey1a4uyd
[2025-06-30T05:09:20.832Z] [DEBUG] Skipping company_ey1a4uyd: No scheduled reports collection found
[2025-06-30T05:09:20.832Z] [INFO] Scheduled reports check completed
[2025-06-30T05:09:20.834Z] [DEBUG] MongoDB connection closed
[2025-06-30T05:09:49.996Z] [INFO] Checking for scheduled reports...
[2025-06-30T05:09:50.698Z] [DEBUG] Connected to MongoDB
[2025-06-30T05:09:50.763Z] [INFO] Found 2 company databases
[2025-06-30T05:09:50.764Z] [DEBUG] Processing company database: company_9jxwph8g
[2025-06-30T05:09:50.818Z] [DEBUG] Finding reports to execute in company_9jxwph8g (current time: 2025-06-30T05:09:50.818Z)
[2025-06-30T05:09:50.872Z] [INFO] Found 0 reports to execute in company_9jxwph8g
[2025-06-30T05:09:50.873Z] [DEBUG] Processing company database: company_ey1a4uyd
[2025-06-30T05:09:50.926Z] [DEBUG] Skipping company_ey1a4uyd: No scheduled reports collection found
[2025-06-30T05:09:50.927Z] [INFO] Scheduled reports check completed
[2025-06-30T05:09:50.930Z] [DEBUG] MongoDB connection closed
[2025-06-30T05:10:19.997Z] [INFO] Checking for scheduled reports...
[2025-06-30T05:10:20.806Z] [DEBUG] Connected to MongoDB
[2025-06-30T05:10:20.871Z] [INFO] Found 2 company databases
[2025-06-30T05:10:20.872Z] [DEBUG] Processing company database: company_9jxwph8g
[2025-06-30T05:10:20.926Z] [DEBUG] Finding reports to execute in company_9jxwph8g (current time: 2025-06-30T05:10:20.926Z)
[2025-06-30T05:10:20.981Z] [INFO] Found 0 reports to execute in company_9jxwph8g
[2025-06-30T05:10:20.982Z] [DEBUG] Processing company database: company_ey1a4uyd
[2025-06-30T05:10:21.035Z] [DEBUG] Skipping company_ey1a4uyd: No scheduled reports collection found
[2025-06-30T05:10:21.035Z] [INFO] Scheduled reports check completed
[2025-06-30T05:10:21.037Z] [DEBUG] MongoDB connection closed
[2025-06-30T05:10:49.998Z] [INFO] Checking for scheduled reports...
[2025-06-30T05:10:50.700Z] [DEBUG] Connected to MongoDB
[2025-06-30T05:10:50.765Z] [INFO] Found 2 company databases
[2025-06-30T05:10:50.765Z] [DEBUG] Processing company database: company_9jxwph8g
[2025-06-30T05:10:50.820Z] [DEBUG] Finding reports to execute in company_9jxwph8g (current time: 2025-06-30T05:10:50.820Z)
[2025-06-30T05:10:50.875Z] [INFO] Found 0 reports to execute in company_9jxwph8g
[2025-06-30T05:10:50.876Z] [DEBUG] Processing company database: company_ey1a4uyd
[2025-06-30T05:10:50.929Z] [DEBUG] Skipping company_ey1a4uyd: No scheduled reports collection found
[2025-06-30T05:10:50.929Z] [INFO] Scheduled reports check completed
[2025-06-30T05:10:50.932Z] [DEBUG] MongoDB connection closed
[2025-06-30T05:11:19.999Z] [INFO] Checking for scheduled reports...
[2025-06-30T05:11:20.611Z] [DEBUG] Connected to MongoDB
[2025-06-30T05:11:20.676Z] [INFO] Found 2 company databases
[2025-06-30T05:11:20.677Z] [DEBUG] Processing company database: company_9jxwph8g
[2025-06-30T05:11:20.731Z] [DEBUG] Finding reports to execute in company_9jxwph8g (current time: 2025-06-30T05:11:20.731Z)
[2025-06-30T05:11:20.786Z] [INFO] Found 0 reports to execute in company_9jxwph8g
[2025-06-30T05:11:20.786Z] [DEBUG] Processing company database: company_ey1a4uyd
[2025-06-30T05:11:20.840Z] [DEBUG] Skipping company_ey1a4uyd: No scheduled reports collection found
[2025-06-30T05:11:20.840Z] [INFO] Scheduled reports check completed
[2025-06-30T05:11:20.842Z] [DEBUG] MongoDB connection closed
[2025-06-30T05:11:50.000Z] [INFO] Checking for scheduled reports...
[2025-06-30T05:11:50.801Z] [DEBUG] Connected to MongoDB
[2025-06-30T05:11:50.866Z] [INFO] Found 2 company databases
[2025-06-30T05:11:50.867Z] [DEBUG] Processing company database: company_9jxwph8g
[2025-06-30T05:11:50.920Z] [DEBUG] Finding reports to execute in company_9jxwph8g (current time: 2025-06-30T05:11:50.920Z)
[2025-06-30T05:11:50.973Z] [INFO] Found 0 reports to execute in company_9jxwph8g
[2025-06-30T05:11:50.973Z] [DEBUG] Processing company database: company_ey1a4uyd
[2025-06-30T05:11:51.026Z] [DEBUG] Skipping company_ey1a4uyd: No scheduled reports collection found
[2025-06-30T05:11:51.026Z] [INFO] Scheduled reports check completed
[2025-06-30T05:11:51.027Z] [DEBUG] MongoDB connection closed
[2025-06-30T05:12:20.002Z] [INFO] Checking for scheduled reports...
[2025-06-30T05:12:20.616Z] [DEBUG] Connected to MongoDB
[2025-06-30T05:12:20.680Z] [INFO] Found 2 company databases
[2025-06-30T05:12:20.680Z] [DEBUG] Processing company database: company_9jxwph8g
[2025-06-30T05:12:20.734Z] [DEBUG] Finding reports to execute in company_9jxwph8g (current time: 2025-06-30T05:12:20.734Z)
[2025-06-30T05:12:20.788Z] [INFO] Found 0 reports to execute in company_9jxwph8g
[2025-06-30T05:12:20.788Z] [DEBUG] Processing company database: company_ey1a4uyd
[2025-06-30T05:12:20.842Z] [DEBUG] Skipping company_ey1a4uyd: No scheduled reports collection found
[2025-06-30T05:12:20.842Z] [INFO] Scheduled reports check completed
[2025-06-30T05:12:20.845Z] [DEBUG] MongoDB connection closed
[2025-06-30T05:12:50.003Z] [INFO] Checking for scheduled reports...
[2025-06-30T05:12:50.688Z] [DEBUG] Connected to MongoDB
[2025-06-30T05:12:50.753Z] [INFO] Found 2 company databases
[2025-06-30T05:12:50.754Z] [DEBUG] Processing company database: company_9jxwph8g
[2025-06-30T05:12:50.808Z] [DEBUG] Finding reports to execute in company_9jxwph8g (current time: 2025-06-30T05:12:50.808Z)
[2025-06-30T05:12:50.870Z] [INFO] Found 0 reports to execute in company_9jxwph8g
[2025-06-30T05:12:50.871Z] [DEBUG] Processing company database: company_ey1a4uyd
[2025-06-30T05:12:50.930Z] [DEBUG] Skipping company_ey1a4uyd: No scheduled reports collection found
[2025-06-30T05:12:50.931Z] [INFO] Scheduled reports check completed
[2025-06-30T05:12:50.933Z] [DEBUG] MongoDB connection closed
[2025-06-30T05:13:20.004Z] [INFO] Checking for scheduled reports...
[2025-06-30T05:13:20.741Z] [DEBUG] Connected to MongoDB
[2025-06-30T05:13:20.806Z] [INFO] Found 2 company databases
[2025-06-30T05:13:20.807Z] [DEBUG] Processing company database: company_9jxwph8g
[2025-06-30T05:13:20.861Z] [DEBUG] Finding reports to execute in company_9jxwph8g (current time: 2025-06-30T05:13:20.861Z)
[2025-06-30T05:13:20.915Z] [INFO] Found 0 reports to execute in company_9jxwph8g
[2025-06-30T05:13:20.916Z] [DEBUG] Processing company database: company_ey1a4uyd
[2025-06-30T05:13:20.969Z] [DEBUG] Skipping company_ey1a4uyd: No scheduled reports collection found
[2025-06-30T05:13:20.970Z] [INFO] Scheduled reports check completed
[2025-06-30T05:13:20.972Z] [DEBUG] MongoDB connection closed
[2025-06-30T05:13:50.005Z] [INFO] Checking for scheduled reports...
[2025-06-30T05:13:50.695Z] [DEBUG] Connected to MongoDB
[2025-06-30T05:13:50.760Z] [INFO] Found 2 company databases
[2025-06-30T05:13:50.761Z] [DEBUG] Processing company database: company_9jxwph8g
[2025-06-30T05:13:50.815Z] [DEBUG] Finding reports to execute in company_9jxwph8g (current time: 2025-06-30T05:13:50.815Z)
[2025-06-30T05:13:50.868Z] [INFO] Found 0 reports to execute in company_9jxwph8g
[2025-06-30T05:13:50.869Z] [DEBUG] Processing company database: company_ey1a4uyd
[2025-06-30T05:13:50.922Z] [DEBUG] Skipping company_ey1a4uyd: No scheduled reports collection found
[2025-06-30T05:13:50.923Z] [INFO] Scheduled reports check completed
[2025-06-30T05:13:50.925Z] [DEBUG] MongoDB connection closed
[2025-06-30T05:14:20.005Z] [INFO] Checking for scheduled reports...
[2025-06-30T05:14:20.619Z] [DEBUG] Connected to MongoDB
[2025-06-30T05:14:20.691Z] [INFO] Found 2 company databases
[2025-06-30T05:14:20.691Z] [DEBUG] Processing company database: company_9jxwph8g
[2025-06-30T05:14:20.745Z] [DEBUG] Finding reports to execute in company_9jxwph8g (current time: 2025-06-30T05:14:20.745Z)
[2025-06-30T05:14:20.799Z] [INFO] Found 0 reports to execute in company_9jxwph8g
[2025-06-30T05:14:20.800Z] [DEBUG] Processing company database: company_ey1a4uyd
[2025-06-30T05:14:20.853Z] [DEBUG] Skipping company_ey1a4uyd: No scheduled reports collection found
[2025-06-30T05:14:20.854Z] [INFO] Scheduled reports check completed
[2025-06-30T05:14:20.856Z] [DEBUG] MongoDB connection closed
[2025-06-30T05:14:50.006Z] [INFO] Checking for scheduled reports...
[2025-06-30T05:14:50.885Z] [DEBUG] Connected to MongoDB
[2025-06-30T05:14:50.950Z] [INFO] Found 2 company databases
[2025-06-30T05:14:50.950Z] [DEBUG] Processing company database: company_9jxwph8g
[2025-06-30T05:14:51.005Z] [DEBUG] Finding reports to execute in company_9jxwph8g (current time: 2025-06-30T05:14:51.005Z)
[2025-06-30T05:14:51.071Z] [INFO] Found 0 reports to execute in company_9jxwph8g
[2025-06-30T05:14:51.071Z] [DEBUG] Processing company database: company_ey1a4uyd
[2025-06-30T05:14:51.136Z] [DEBUG] Skipping company_ey1a4uyd: No scheduled reports collection found
[2025-06-30T05:14:51.137Z] [INFO] Scheduled reports check completed
[2025-06-30T05:14:51.139Z] [DEBUG] MongoDB connection closed
[2025-06-30T05:15:20.007Z] [INFO] Checking for scheduled reports...
[2025-06-30T05:15:20.613Z] [DEBUG] Connected to MongoDB
[2025-06-30T05:15:20.677Z] [INFO] Found 2 company databases
[2025-06-30T05:15:20.678Z] [DEBUG] Processing company database: company_9jxwph8g
[2025-06-30T05:15:20.732Z] [DEBUG] Finding reports to execute in company_9jxwph8g (current time: 2025-06-30T05:15:20.732Z)
[2025-06-30T05:15:20.784Z] [INFO] Found 0 reports to execute in company_9jxwph8g
[2025-06-30T05:15:20.785Z] [DEBUG] Processing company database: company_ey1a4uyd
[2025-06-30T05:15:20.838Z] [DEBUG] Skipping company_ey1a4uyd: No scheduled reports collection found
[2025-06-30T05:15:20.839Z] [INFO] Scheduled reports check completed
[2025-06-30T05:15:20.842Z] [DEBUG] MongoDB connection closed
[2025-06-30T05:15:50.008Z] [INFO] Checking for scheduled reports...
[2025-06-30T05:15:50.704Z] [DEBUG] Connected to MongoDB
[2025-06-30T05:15:50.768Z] [INFO] Found 2 company databases
[2025-06-30T05:15:50.769Z] [DEBUG] Processing company database: company_9jxwph8g
[2025-06-30T05:15:50.823Z] [DEBUG] Finding reports to execute in company_9jxwph8g (current time: 2025-06-30T05:15:50.823Z)
[2025-06-30T05:15:50.876Z] [INFO] Found 0 reports to execute in company_9jxwph8g
[2025-06-30T05:15:50.876Z] [DEBUG] Processing company database: company_ey1a4uyd
[2025-06-30T05:15:50.929Z] [DEBUG] Skipping company_ey1a4uyd: No scheduled reports collection found
[2025-06-30T05:15:50.929Z] [INFO] Scheduled reports check completed
[2025-06-30T05:15:50.931Z] [DEBUG] MongoDB connection closed
[2025-06-30T05:16:20.009Z] [INFO] Checking for scheduled reports...
[2025-06-30T05:16:20.731Z] [DEBUG] Connected to MongoDB
[2025-06-30T05:16:20.797Z] [INFO] Found 2 company databases
[2025-06-30T05:16:20.798Z] [DEBUG] Processing company database: company_9jxwph8g
[2025-06-30T05:16:20.852Z] [DEBUG] Finding reports to execute in company_9jxwph8g (current time: 2025-06-30T05:16:20.852Z)
[2025-06-30T05:16:20.910Z] [INFO] Found 0 reports to execute in company_9jxwph8g
[2025-06-30T05:16:20.911Z] [DEBUG] Processing company database: company_ey1a4uyd
[2025-06-30T05:16:20.964Z] [DEBUG] Skipping company_ey1a4uyd: No scheduled reports collection found
[2025-06-30T05:16:20.965Z] [INFO] Scheduled reports check completed
[2025-06-30T05:16:20.967Z] [DEBUG] MongoDB connection closed
[2025-06-30T05:16:50.009Z] [INFO] Checking for scheduled reports...
[2025-06-30T05:16:50.691Z] [DEBUG] Connected to MongoDB
[2025-06-30T05:16:50.756Z] [INFO] Found 2 company databases
[2025-06-30T05:16:50.756Z] [DEBUG] Processing company database: company_9jxwph8g
[2025-06-30T05:16:50.811Z] [DEBUG] Finding reports to execute in company_9jxwph8g (current time: 2025-06-30T05:16:50.811Z)
[2025-06-30T05:16:50.865Z] [INFO] Found 0 reports to execute in company_9jxwph8g
[2025-06-30T05:16:50.866Z] [DEBUG] Processing company database: company_ey1a4uyd
[2025-06-30T05:16:50.919Z] [DEBUG] Skipping company_ey1a4uyd: No scheduled reports collection found
[2025-06-30T05:16:50.920Z] [INFO] Scheduled reports check completed
[2025-06-30T05:16:50.922Z] [DEBUG] MongoDB connection closed
[2025-06-30T05:17:20.010Z] [INFO] Checking for scheduled reports...
[2025-06-30T05:17:20.613Z] [DEBUG] Connected to MongoDB
[2025-06-30T05:17:20.678Z] [INFO] Found 2 company databases
[2025-06-30T05:17:20.679Z] [DEBUG] Processing company database: company_9jxwph8g
[2025-06-30T05:17:20.733Z] [DEBUG] Finding reports to execute in company_9jxwph8g (current time: 2025-06-30T05:17:20.733Z)
[2025-06-30T05:17:20.786Z] [INFO] Found 0 reports to execute in company_9jxwph8g
[2025-06-30T05:17:20.787Z] [DEBUG] Processing company database: company_ey1a4uyd
[2025-06-30T05:17:20.840Z] [DEBUG] Skipping company_ey1a4uyd: No scheduled reports collection found
[2025-06-30T05:17:20.840Z] [INFO] Scheduled reports check completed
[2025-06-30T05:17:20.842Z] [DEBUG] MongoDB connection closed
[2025-06-30T05:17:50.012Z] [INFO] Checking for scheduled reports...
[2025-06-30T05:17:50.812Z] [DEBUG] Connected to MongoDB
[2025-06-30T05:17:50.877Z] [INFO] Found 2 company databases
[2025-06-30T05:17:50.878Z] [DEBUG] Processing company database: company_9jxwph8g
[2025-06-30T05:17:50.933Z] [DEBUG] Finding reports to execute in company_9jxwph8g (current time: 2025-06-30T05:17:50.933Z)
[2025-06-30T05:17:50.987Z] [INFO] Found 0 reports to execute in company_9jxwph8g
[2025-06-30T05:17:50.988Z] [DEBUG] Processing company database: company_ey1a4uyd
[2025-06-30T05:17:51.041Z] [DEBUG] Skipping company_ey1a4uyd: No scheduled reports collection found
[2025-06-30T05:17:51.041Z] [INFO] Scheduled reports check completed
[2025-06-30T05:17:51.045Z] [DEBUG] MongoDB connection closed
[2025-06-30T05:18:20.014Z] [INFO] Checking for scheduled reports...
[2025-06-30T05:18:20.622Z] [DEBUG] Connected to MongoDB
[2025-06-30T05:18:20.691Z] [INFO] Found 2 company databases
[2025-06-30T05:18:20.691Z] [DEBUG] Processing company database: company_9jxwph8g
[2025-06-30T05:18:20.745Z] [DEBUG] Finding reports to execute in company_9jxwph8g (current time: 2025-06-30T05:18:20.745Z)
[2025-06-30T05:18:20.801Z] [INFO] Found 0 reports to execute in company_9jxwph8g
[2025-06-30T05:18:20.801Z] [DEBUG] Processing company database: company_ey1a4uyd
[2025-06-30T05:18:20.854Z] [DEBUG] Skipping company_ey1a4uyd: No scheduled reports collection found
[2025-06-30T05:18:20.854Z] [INFO] Scheduled reports check completed
[2025-06-30T05:18:20.856Z] [DEBUG] MongoDB connection closed
[2025-06-30T05:18:50.015Z] [INFO] Checking for scheduled reports...
[2025-06-30T05:18:50.712Z] [DEBUG] Connected to MongoDB
[2025-06-30T05:18:50.776Z] [INFO] Found 2 company databases
[2025-06-30T05:18:50.777Z] [DEBUG] Processing company database: company_9jxwph8g
[2025-06-30T05:18:50.831Z] [DEBUG] Finding reports to execute in company_9jxwph8g (current time: 2025-06-30T05:18:50.831Z)
[2025-06-30T05:18:50.884Z] [INFO] Found 0 reports to execute in company_9jxwph8g
[2025-06-30T05:18:50.885Z] [DEBUG] Processing company database: company_ey1a4uyd
[2025-06-30T05:18:50.938Z] [DEBUG] Skipping company_ey1a4uyd: No scheduled reports collection found
[2025-06-30T05:18:50.938Z] [INFO] Scheduled reports check completed
[2025-06-30T05:18:50.940Z] [DEBUG] MongoDB connection closed
[2025-06-30T05:19:20.016Z] [INFO] Checking for scheduled reports...
[2025-06-30T05:19:20.814Z] [DEBUG] Connected to MongoDB
[2025-06-30T05:19:20.880Z] [INFO] Found 2 company databases
[2025-06-30T05:19:20.883Z] [DEBUG] Processing company database: company_9jxwph8g
[2025-06-30T05:19:20.936Z] [DEBUG] Finding reports to execute in company_9jxwph8g (current time: 2025-06-30T05:19:20.936Z)
[2025-06-30T05:19:20.991Z] [INFO] Found 0 reports to execute in company_9jxwph8g
[2025-06-30T05:19:20.992Z] [DEBUG] Processing company database: company_ey1a4uyd
[2025-06-30T05:19:21.045Z] [DEBUG] Skipping company_ey1a4uyd: No scheduled reports collection found
[2025-06-30T05:19:21.046Z] [INFO] Scheduled reports check completed
[2025-06-30T05:19:21.047Z] [DEBUG] MongoDB connection closed
[2025-06-30T05:19:50.016Z] [INFO] Checking for scheduled reports...
[2025-06-30T05:19:50.726Z] [DEBUG] Connected to MongoDB
[2025-06-30T05:19:50.792Z] [INFO] Found 2 company databases
[2025-06-30T05:19:50.792Z] [DEBUG] Processing company database: company_9jxwph8g
[2025-06-30T05:19:50.847Z] [DEBUG] Finding reports to execute in company_9jxwph8g (current time: 2025-06-30T05:19:50.847Z)
[2025-06-30T05:19:50.900Z] [INFO] Found 0 reports to execute in company_9jxwph8g
[2025-06-30T05:19:50.901Z] [DEBUG] Processing company database: company_ey1a4uyd
[2025-06-30T05:19:50.955Z] [DEBUG] Skipping company_ey1a4uyd: No scheduled reports collection found
[2025-06-30T05:19:50.955Z] [INFO] Scheduled reports check completed
[2025-06-30T05:19:50.957Z] [DEBUG] MongoDB connection closed
[2025-06-30T05:20:20.017Z] [INFO] Checking for scheduled reports...
[2025-06-30T05:20:20.643Z] [DEBUG] Connected to MongoDB
[2025-06-30T05:20:20.708Z] [INFO] Found 2 company databases
[2025-06-30T05:20:20.709Z] [DEBUG] Processing company database: company_9jxwph8g
[2025-06-30T05:20:20.763Z] [DEBUG] Finding reports to execute in company_9jxwph8g (current time: 2025-06-30T05:20:20.763Z)
[2025-06-30T05:20:20.818Z] [INFO] Found 0 reports to execute in company_9jxwph8g
[2025-06-30T05:20:20.819Z] [DEBUG] Processing company database: company_ey1a4uyd
[2025-06-30T05:20:20.873Z] [DEBUG] Skipping company_ey1a4uyd: No scheduled reports collection found
[2025-06-30T05:20:20.877Z] [INFO] Scheduled reports check completed
[2025-06-30T05:20:20.879Z] [DEBUG] MongoDB connection closed
[2025-06-30T05:20:50.018Z] [INFO] Checking for scheduled reports...
[2025-06-30T05:20:50.920Z] [DEBUG] Connected to MongoDB
[2025-06-30T05:20:50.985Z] [INFO] Found 2 company databases
[2025-06-30T05:20:50.985Z] [DEBUG] Processing company database: company_9jxwph8g
[2025-06-30T05:20:51.039Z] [DEBUG] Finding reports to execute in company_9jxwph8g (current time: 2025-06-30T05:20:51.039Z)
[2025-06-30T05:20:51.093Z] [INFO] Found 0 reports to execute in company_9jxwph8g
[2025-06-30T05:20:51.094Z] [DEBUG] Processing company database: company_ey1a4uyd
[2025-06-30T05:20:51.148Z] [DEBUG] Skipping company_ey1a4uyd: No scheduled reports collection found
[2025-06-30T05:20:51.148Z] [INFO] Scheduled reports check completed
[2025-06-30T05:20:51.151Z] [DEBUG] MongoDB connection closed
[2025-06-30T05:21:20.026Z] [INFO] Checking for scheduled reports...
[2025-06-30T05:21:20.642Z] [DEBUG] Connected to MongoDB
[2025-06-30T05:21:20.707Z] [INFO] Found 2 company databases
[2025-06-30T05:21:20.708Z] [DEBUG] Processing company database: company_9jxwph8g
[2025-06-30T05:21:20.763Z] [DEBUG] Finding reports to execute in company_9jxwph8g (current time: 2025-06-30T05:21:20.763Z)
[2025-06-30T05:21:20.816Z] [INFO] Found 0 reports to execute in company_9jxwph8g
[2025-06-30T05:21:20.817Z] [DEBUG] Processing company database: company_ey1a4uyd
[2025-06-30T05:21:20.870Z] [DEBUG] Skipping company_ey1a4uyd: No scheduled reports collection found
[2025-06-30T05:21:20.871Z] [INFO] Scheduled reports check completed
[2025-06-30T05:21:20.873Z] [DEBUG] MongoDB connection closed
[2025-06-30T05:21:50.027Z] [INFO] Checking for scheduled reports...
[2025-06-30T05:21:50.766Z] [DEBUG] Connected to MongoDB
[2025-06-30T05:21:50.830Z] [INFO] Found 2 company databases
[2025-06-30T05:21:50.831Z] [DEBUG] Processing company database: company_9jxwph8g
[2025-06-30T05:21:50.885Z] [DEBUG] Finding reports to execute in company_9jxwph8g (current time: 2025-06-30T05:21:50.885Z)
[2025-06-30T05:21:50.939Z] [INFO] Found 0 reports to execute in company_9jxwph8g
[2025-06-30T05:21:50.940Z] [DEBUG] Processing company database: company_ey1a4uyd
[2025-06-30T05:21:50.994Z] [DEBUG] Skipping company_ey1a4uyd: No scheduled reports collection found
[2025-06-30T05:21:50.995Z] [INFO] Scheduled reports check completed
[2025-06-30T05:21:50.997Z] [DEBUG] MongoDB connection closed
[2025-06-30T05:22:20.028Z] [INFO] Checking for scheduled reports...
[2025-06-30T05:22:20.843Z] [DEBUG] Connected to MongoDB
[2025-06-30T05:22:20.908Z] [INFO] Found 2 company databases
[2025-06-30T05:22:20.909Z] [DEBUG] Processing company database: company_9jxwph8g
[2025-06-30T05:22:20.963Z] [DEBUG] Finding reports to execute in company_9jxwph8g (current time: 2025-06-30T05:22:20.963Z)
[2025-06-30T05:22:21.017Z] [INFO] Found 0 reports to execute in company_9jxwph8g
[2025-06-30T05:22:21.017Z] [DEBUG] Processing company database: company_ey1a4uyd
[2025-06-30T05:22:21.070Z] [DEBUG] Skipping company_ey1a4uyd: No scheduled reports collection found
[2025-06-30T05:22:21.071Z] [INFO] Scheduled reports check completed
[2025-06-30T05:22:21.074Z] [DEBUG] MongoDB connection closed
[2025-06-30T05:22:50.029Z] [INFO] Checking for scheduled reports...
[2025-06-30T05:22:50.760Z] [DEBUG] Connected to MongoDB
[2025-06-30T05:22:50.824Z] [INFO] Found 2 company databases
[2025-06-30T05:22:50.825Z] [DEBUG] Processing company database: company_9jxwph8g
[2025-06-30T05:22:50.878Z] [DEBUG] Finding reports to execute in company_9jxwph8g (current time: 2025-06-30T05:22:50.878Z)
[2025-06-30T05:22:50.930Z] [INFO] Found 0 reports to execute in company_9jxwph8g
[2025-06-30T05:22:50.931Z] [DEBUG] Processing company database: company_ey1a4uyd
[2025-06-30T05:22:50.984Z] [DEBUG] Skipping company_ey1a4uyd: No scheduled reports collection found
[2025-06-30T05:22:50.984Z] [INFO] Scheduled reports check completed
[2025-06-30T05:22:50.987Z] [DEBUG] MongoDB connection closed
[2025-06-30T05:23:20.030Z] [INFO] Checking for scheduled reports...
[2025-06-30T05:23:20.637Z] [DEBUG] Connected to MongoDB
[2025-06-30T05:23:20.706Z] [INFO] Found 2 company databases
[2025-06-30T05:23:20.707Z] [DEBUG] Processing company database: company_9jxwph8g
[2025-06-30T05:23:20.765Z] [DEBUG] Finding reports to execute in company_9jxwph8g (current time: 2025-06-30T05:23:20.765Z)
[2025-06-30T05:23:20.823Z] [INFO] Found 0 reports to execute in company_9jxwph8g
[2025-06-30T05:23:20.823Z] [DEBUG] Processing company database: company_ey1a4uyd
[2025-06-30T05:23:20.880Z] [DEBUG] Skipping company_ey1a4uyd: No scheduled reports collection found
[2025-06-30T05:23:20.881Z] [INFO] Scheduled reports check completed
[2025-06-30T05:23:20.883Z] [DEBUG] MongoDB connection closed
[2025-06-30T05:23:50.029Z] [INFO] Checking for scheduled reports...
[2025-06-30T05:23:50.913Z] [DEBUG] Connected to MongoDB
[2025-06-30T05:23:50.979Z] [INFO] Found 2 company databases
[2025-06-30T05:23:50.982Z] [DEBUG] Processing company database: company_9jxwph8g
[2025-06-30T05:23:51.035Z] [DEBUG] Finding reports to execute in company_9jxwph8g (current time: 2025-06-30T05:23:51.035Z)
[2025-06-30T05:23:51.089Z] [INFO] Found 0 reports to execute in company_9jxwph8g
[2025-06-30T05:23:51.089Z] [DEBUG] Processing company database: company_ey1a4uyd
[2025-06-30T05:23:51.143Z] [DEBUG] Skipping company_ey1a4uyd: No scheduled reports collection found
[2025-06-30T05:23:51.143Z] [INFO] Scheduled reports check completed
[2025-06-30T05:23:51.146Z] [DEBUG] MongoDB connection closed
[2025-06-30T05:24:20.031Z] [INFO] Checking for scheduled reports...
[2025-06-30T05:24:20.645Z] [DEBUG] Connected to MongoDB
[2025-06-30T05:24:20.709Z] [INFO] Found 2 company databases
[2025-06-30T05:24:20.710Z] [DEBUG] Processing company database: company_9jxwph8g
[2025-06-30T05:24:20.765Z] [DEBUG] Finding reports to execute in company_9jxwph8g (current time: 2025-06-30T05:24:20.765Z)
[2025-06-30T05:24:20.818Z] [INFO] Found 0 reports to execute in company_9jxwph8g
[2025-06-30T05:24:20.819Z] [DEBUG] Processing company database: company_ey1a4uyd
[2025-06-30T05:24:20.871Z] [DEBUG] Skipping company_ey1a4uyd: No scheduled reports collection found
[2025-06-30T05:24:20.872Z] [INFO] Scheduled reports check completed
[2025-06-30T05:24:20.874Z] [DEBUG] MongoDB connection closed
[2025-06-30T05:24:50.032Z] [INFO] Checking for scheduled reports...
[2025-06-30T05:24:50.710Z] [DEBUG] Connected to MongoDB
[2025-06-30T05:24:50.778Z] [INFO] Found 2 company databases
[2025-06-30T05:24:50.778Z] [DEBUG] Processing company database: company_9jxwph8g
[2025-06-30T05:24:50.832Z] [DEBUG] Finding reports to execute in company_9jxwph8g (current time: 2025-06-30T05:24:50.832Z)
[2025-06-30T05:24:50.885Z] [INFO] Found 0 reports to execute in company_9jxwph8g
[2025-06-30T05:24:50.891Z] [DEBUG] Processing company database: company_ey1a4uyd
[2025-06-30T05:24:50.946Z] [DEBUG] Skipping company_ey1a4uyd: No scheduled reports collection found
[2025-06-30T05:24:50.946Z] [INFO] Scheduled reports check completed
[2025-06-30T05:24:50.948Z] [DEBUG] MongoDB connection closed
[2025-06-30T05:25:20.033Z] [INFO] Checking for scheduled reports...
[2025-06-30T05:25:20.809Z] [DEBUG] Connected to MongoDB
[2025-06-30T05:25:20.873Z] [INFO] Found 2 company databases
[2025-06-30T05:25:20.874Z] [DEBUG] Processing company database: company_9jxwph8g
[2025-06-30T05:25:20.928Z] [DEBUG] Finding reports to execute in company_9jxwph8g (current time: 2025-06-30T05:25:20.928Z)
[2025-06-30T05:25:20.983Z] [INFO] Found 0 reports to execute in company_9jxwph8g
[2025-06-30T05:25:20.984Z] [DEBUG] Processing company database: company_ey1a4uyd
[2025-06-30T05:25:21.037Z] [DEBUG] Skipping company_ey1a4uyd: No scheduled reports collection found
[2025-06-30T05:25:21.038Z] [INFO] Scheduled reports check completed
[2025-06-30T05:25:21.039Z] [DEBUG] MongoDB connection closed
[2025-06-30T05:25:50.034Z] [INFO] Checking for scheduled reports...
[2025-06-30T05:25:50.747Z] [DEBUG] Connected to MongoDB
[2025-06-30T05:25:50.818Z] [INFO] Found 2 company databases
[2025-06-30T05:25:50.818Z] [DEBUG] Processing company database: company_9jxwph8g
[2025-06-30T05:25:50.882Z] [DEBUG] Finding reports to execute in company_9jxwph8g (current time: 2025-06-30T05:25:50.882Z)
[2025-06-30T05:25:50.948Z] [INFO] Found 0 reports to execute in company_9jxwph8g
[2025-06-30T05:25:50.949Z] [DEBUG] Processing company database: company_ey1a4uyd
[2025-06-30T05:25:51.024Z] [DEBUG] Skipping company_ey1a4uyd: No scheduled reports collection found
[2025-06-30T05:25:51.025Z] [INFO] Scheduled reports check completed
[2025-06-30T05:25:51.027Z] [DEBUG] MongoDB connection closed
[2025-06-30T05:26:20.035Z] [INFO] Checking for scheduled reports...
[2025-06-30T05:26:20.670Z] [DEBUG] Connected to MongoDB
[2025-06-30T05:26:20.750Z] [INFO] Found 2 company databases
[2025-06-30T05:26:20.750Z] [DEBUG] Processing company database: company_9jxwph8g
[2025-06-30T05:26:20.817Z] [DEBUG] Finding reports to execute in company_9jxwph8g (current time: 2025-06-30T05:26:20.817Z)
[2025-06-30T05:26:20.876Z] [INFO] Found 0 reports to execute in company_9jxwph8g
[2025-06-30T05:26:20.876Z] [DEBUG] Processing company database: company_ey1a4uyd
[2025-06-30T05:26:20.941Z] [DEBUG] Skipping company_ey1a4uyd: No scheduled reports collection found
[2025-06-30T05:26:20.942Z] [INFO] Scheduled reports check completed
[2025-06-30T05:26:20.944Z] [DEBUG] MongoDB connection closed
[2025-06-30T05:26:50.035Z] [INFO] Checking for scheduled reports...
[2025-06-30T05:26:50.855Z] [DEBUG] Connected to MongoDB
[2025-06-30T05:26:50.922Z] [INFO] Found 2 company databases
[2025-06-30T05:26:50.923Z] [DEBUG] Processing company database: company_9jxwph8g
[2025-06-30T05:26:50.982Z] [DEBUG] Finding reports to execute in company_9jxwph8g (current time: 2025-06-30T05:26:50.982Z)
[2025-06-30T05:26:51.040Z] [INFO] Found 0 reports to execute in company_9jxwph8g
[2025-06-30T05:26:51.040Z] [DEBUG] Processing company database: company_ey1a4uyd
[2025-06-30T05:26:51.099Z] [DEBUG] Skipping company_ey1a4uyd: No scheduled reports collection found
[2025-06-30T05:26:51.099Z] [INFO] Scheduled reports check completed
[2025-06-30T05:26:51.101Z] [DEBUG] MongoDB connection closed
[2025-06-30T05:27:20.038Z] [INFO] Checking for scheduled reports...
[2025-06-30T05:27:20.678Z] [DEBUG] Connected to MongoDB
[2025-06-30T05:27:20.773Z] [INFO] Found 2 company databases
[2025-06-30T05:27:20.774Z] [DEBUG] Processing company database: company_9jxwph8g
[2025-06-30T05:27:20.832Z] [DEBUG] Finding reports to execute in company_9jxwph8g (current time: 2025-06-30T05:27:20.832Z)
[2025-06-30T05:27:20.889Z] [INFO] Found 0 reports to execute in company_9jxwph8g
[2025-06-30T05:27:20.889Z] [DEBUG] Processing company database: company_ey1a4uyd
[2025-06-30T05:27:20.947Z] [DEBUG] Skipping company_ey1a4uyd: No scheduled reports collection found
[2025-06-30T05:27:20.947Z] [INFO] Scheduled reports check completed
[2025-06-30T05:27:20.951Z] [DEBUG] MongoDB connection closed
[2025-06-30T05:27:50.038Z] [INFO] Checking for scheduled reports...
[2025-06-30T05:27:50.744Z] [DEBUG] Connected to MongoDB
[2025-06-30T05:27:50.825Z] [INFO] Found 2 company databases
[2025-06-30T05:27:50.826Z] [DEBUG] Processing company database: company_9jxwph8g
[2025-06-30T05:27:50.881Z] [DEBUG] Finding reports to execute in company_9jxwph8g (current time: 2025-06-30T05:27:50.881Z)
[2025-06-30T05:27:50.933Z] [INFO] Found 0 reports to execute in company_9jxwph8g
[2025-06-30T05:27:50.934Z] [DEBUG] Processing company database: company_ey1a4uyd
[2025-06-30T05:27:50.994Z] [DEBUG] Skipping company_ey1a4uyd: No scheduled reports collection found
[2025-06-30T05:27:50.995Z] [INFO] Scheduled reports check completed
[2025-06-30T05:27:50.996Z] [DEBUG] MongoDB connection closed
[2025-06-30T05:28:20.038Z] [INFO] Checking for scheduled reports...
[2025-06-30T05:28:20.878Z] [DEBUG] Connected to MongoDB
[2025-06-30T05:28:20.942Z] [INFO] Found 2 company databases
[2025-06-30T05:28:20.943Z] [DEBUG] Processing company database: company_9jxwph8g
[2025-06-30T05:28:21.001Z] [DEBUG] Finding reports to execute in company_9jxwph8g (current time: 2025-06-30T05:28:21.001Z)
[2025-06-30T05:28:21.066Z] [INFO] Found 0 reports to execute in company_9jxwph8g
[2025-06-30T05:28:21.067Z] [DEBUG] Processing company database: company_ey1a4uyd
[2025-06-30T05:28:21.120Z] [DEBUG] Skipping company_ey1a4uyd: No scheduled reports collection found
[2025-06-30T05:28:21.121Z] [INFO] Scheduled reports check completed
[2025-06-30T05:28:21.123Z] [DEBUG] MongoDB connection closed
[2025-06-30T05:28:50.039Z] [INFO] Checking for scheduled reports...
[2025-06-30T05:28:50.747Z] [DEBUG] Connected to MongoDB
[2025-06-30T05:28:50.812Z] [INFO] Found 2 company databases
[2025-06-30T05:28:50.813Z] [DEBUG] Processing company database: company_9jxwph8g
[2025-06-30T05:28:50.877Z] [DEBUG] Finding reports to execute in company_9jxwph8g (current time: 2025-06-30T05:28:50.877Z)
[2025-06-30T05:28:50.933Z] [INFO] Found 0 reports to execute in company_9jxwph8g
[2025-06-30T05:28:50.934Z] [DEBUG] Processing company database: company_ey1a4uyd
[2025-06-30T05:28:50.993Z] [DEBUG] Skipping company_ey1a4uyd: No scheduled reports collection found
[2025-06-30T05:28:50.993Z] [INFO] Scheduled reports check completed
[2025-06-30T05:28:50.995Z] [DEBUG] MongoDB connection closed
[2025-06-30T05:29:20.040Z] [INFO] Checking for scheduled reports...
[2025-06-30T05:29:20.653Z] [DEBUG] Connected to MongoDB
[2025-06-30T05:29:20.720Z] [INFO] Found 2 company databases
[2025-06-30T05:29:20.721Z] [DEBUG] Processing company database: company_9jxwph8g
[2025-06-30T05:29:20.793Z] [DEBUG] Finding reports to execute in company_9jxwph8g (current time: 2025-06-30T05:29:20.793Z)
[2025-06-30T05:29:20.873Z] [INFO] Found 0 reports to execute in company_9jxwph8g
[2025-06-30T05:29:20.874Z] [DEBUG] Processing company database: company_ey1a4uyd
[2025-06-30T05:29:20.936Z] [DEBUG] Skipping company_ey1a4uyd: No scheduled reports collection found
[2025-06-30T05:29:20.937Z] [INFO] Scheduled reports check completed
[2025-06-30T05:29:20.939Z] [DEBUG] MongoDB connection closed
[2025-06-30T05:29:50.041Z] [INFO] Checking for scheduled reports...
[2025-06-30T05:29:50.938Z] [DEBUG] Connected to MongoDB
[2025-06-30T05:29:51.015Z] [INFO] Found 2 company databases
[2025-06-30T05:29:51.016Z] [DEBUG] Processing company database: company_9jxwph8g
[2025-06-30T05:29:51.070Z] [DEBUG] Finding reports to execute in company_9jxwph8g (current time: 2025-06-30T05:29:51.070Z)
[2025-06-30T05:29:51.128Z] [INFO] Found 0 reports to execute in company_9jxwph8g
[2025-06-30T05:29:51.128Z] [DEBUG] Processing company database: company_ey1a4uyd
[2025-06-30T05:29:51.182Z] [DEBUG] Skipping company_ey1a4uyd: No scheduled reports collection found
[2025-06-30T05:29:51.183Z] [INFO] Scheduled reports check completed
[2025-06-30T05:29:51.187Z] [DEBUG] MongoDB connection closed
[2025-06-30T05:30:20.041Z] [INFO] Checking for scheduled reports...
[2025-06-30T05:30:20.663Z] [DEBUG] Connected to MongoDB
[2025-06-30T05:30:20.742Z] [INFO] Found 2 company databases
[2025-06-30T05:30:20.742Z] [DEBUG] Processing company database: company_9jxwph8g
[2025-06-30T05:30:20.797Z] [DEBUG] Finding reports to execute in company_9jxwph8g (current time: 2025-06-30T05:30:20.797Z)
[2025-06-30T05:30:20.861Z] [INFO] Found 0 reports to execute in company_9jxwph8g
[2025-06-30T05:30:20.862Z] [DEBUG] Processing company database: company_ey1a4uyd
[2025-06-30T05:30:20.923Z] [DEBUG] Skipping company_ey1a4uyd: No scheduled reports collection found
[2025-06-30T05:30:20.923Z] [INFO] Scheduled reports check completed
[2025-06-30T05:30:20.926Z] [DEBUG] MongoDB connection closed
[2025-06-30T05:30:50.041Z] [INFO] Checking for scheduled reports...
[2025-06-30T05:30:50.729Z] [DEBUG] Connected to MongoDB
[2025-06-30T05:30:50.797Z] [INFO] Found 2 company databases
[2025-06-30T05:30:50.798Z] [DEBUG] Processing company database: company_9jxwph8g
[2025-06-30T05:30:50.865Z] [DEBUG] Finding reports to execute in company_9jxwph8g (current time: 2025-06-30T05:30:50.865Z)
[2025-06-30T05:30:50.937Z] [INFO] Found 0 reports to execute in company_9jxwph8g
[2025-06-30T05:30:50.938Z] [DEBUG] Processing company database: company_ey1a4uyd
[2025-06-30T05:30:50.992Z] [DEBUG] Skipping company_ey1a4uyd: No scheduled reports collection found
[2025-06-30T05:30:50.993Z] [INFO] Scheduled reports check completed
[2025-06-30T05:30:50.995Z] [DEBUG] MongoDB connection closed
[2025-06-30T05:31:20.042Z] [INFO] Checking for scheduled reports...
[2025-06-30T05:31:20.867Z] [DEBUG] Connected to MongoDB
[2025-06-30T05:31:20.952Z] [INFO] Found 2 company databases
[2025-06-30T05:31:20.953Z] [DEBUG] Processing company database: company_9jxwph8g
[2025-06-30T05:31:21.011Z] [DEBUG] Finding reports to execute in company_9jxwph8g (current time: 2025-06-30T05:31:21.011Z)
[2025-06-30T05:31:21.070Z] [INFO] Found 0 reports to execute in company_9jxwph8g
[2025-06-30T05:31:21.072Z] [DEBUG] Processing company database: company_ey1a4uyd
[2025-06-30T05:31:21.127Z] [DEBUG] Skipping company_ey1a4uyd: No scheduled reports collection found
[2025-06-30T05:31:21.128Z] [INFO] Scheduled reports check completed
[2025-06-30T05:31:21.129Z] [DEBUG] MongoDB connection closed
[2025-06-30T05:31:50.044Z] [INFO] Checking for scheduled reports...
[2025-06-30T05:31:50.762Z] [DEBUG] Connected to MongoDB
[2025-06-30T05:31:50.830Z] [INFO] Found 2 company databases
[2025-06-30T05:31:50.832Z] [DEBUG] Processing company database: company_9jxwph8g
[2025-06-30T05:31:50.890Z] [DEBUG] Finding reports to execute in company_9jxwph8g (current time: 2025-06-30T05:31:50.890Z)
[2025-06-30T05:31:50.955Z] [INFO] Found 0 reports to execute in company_9jxwph8g
[2025-06-30T05:31:50.956Z] [DEBUG] Processing company database: company_ey1a4uyd
[2025-06-30T05:31:51.020Z] [DEBUG] Skipping company_ey1a4uyd: No scheduled reports collection found
[2025-06-30T05:31:51.020Z] [INFO] Scheduled reports check completed
[2025-06-30T05:31:51.023Z] [DEBUG] MongoDB connection closed
[2025-06-30T05:32:20.044Z] [INFO] Checking for scheduled reports...
[2025-06-30T05:32:20.663Z] [DEBUG] Connected to MongoDB
[2025-06-30T05:32:20.731Z] [INFO] Found 2 company databases
[2025-06-30T05:32:20.732Z] [DEBUG] Processing company database: company_9jxwph8g
[2025-06-30T05:32:20.786Z] [DEBUG] Finding reports to execute in company_9jxwph8g (current time: 2025-06-30T05:32:20.786Z)
[2025-06-30T05:32:20.840Z] [INFO] Found 0 reports to execute in company_9jxwph8g
[2025-06-30T05:32:20.840Z] [DEBUG] Processing company database: company_ey1a4uyd
[2025-06-30T05:32:20.899Z] [DEBUG] Skipping company_ey1a4uyd: No scheduled reports collection found
[2025-06-30T05:32:20.900Z] [INFO] Scheduled reports check completed
[2025-06-30T05:32:20.902Z] [DEBUG] MongoDB connection closed
[2025-06-30T05:32:50.044Z] [INFO] Checking for scheduled reports...
[2025-06-30T05:32:50.745Z] [DEBUG] Connected to MongoDB
[2025-06-30T05:32:50.810Z] [INFO] Found 2 company databases
[2025-06-30T05:32:50.811Z] [DEBUG] Processing company database: company_9jxwph8g
[2025-06-30T05:32:50.865Z] [DEBUG] Finding reports to execute in company_9jxwph8g (current time: 2025-06-30T05:32:50.865Z)
[2025-06-30T05:32:50.925Z] [INFO] Found 0 reports to execute in company_9jxwph8g
[2025-06-30T05:32:50.925Z] [DEBUG] Processing company database: company_ey1a4uyd
[2025-06-30T05:32:50.995Z] [DEBUG] Skipping company_ey1a4uyd: No scheduled reports collection found
[2025-06-30T05:32:50.996Z] [INFO] Scheduled reports check completed
[2025-06-30T05:32:50.998Z] [DEBUG] MongoDB connection closed
[2025-06-30T05:33:20.045Z] [INFO] Checking for scheduled reports...
[2025-06-30T05:33:20.657Z] [DEBUG] Connected to MongoDB
[2025-06-30T05:33:20.721Z] [INFO] Found 2 company databases
[2025-06-30T05:33:20.722Z] [DEBUG] Processing company database: company_9jxwph8g
[2025-06-30T05:33:20.776Z] [DEBUG] Finding reports to execute in company_9jxwph8g (current time: 2025-06-30T05:33:20.776Z)
[2025-06-30T05:33:20.830Z] [INFO] Found 0 reports to execute in company_9jxwph8g
[2025-06-30T05:33:20.831Z] [DEBUG] Processing company database: company_ey1a4uyd
[2025-06-30T05:33:20.884Z] [DEBUG] Skipping company_ey1a4uyd: No scheduled reports collection found
[2025-06-30T05:33:20.884Z] [INFO] Scheduled reports check completed
[2025-06-30T05:33:20.886Z] [DEBUG] MongoDB connection closed
[2025-06-30T05:33:50.047Z] [INFO] Checking for scheduled reports...
[2025-06-30T05:33:50.732Z] [DEBUG] Connected to MongoDB
[2025-06-30T05:33:50.796Z] [INFO] Found 2 company databases
[2025-06-30T05:33:50.796Z] [DEBUG] Processing company database: company_9jxwph8g
[2025-06-30T05:33:50.849Z] [DEBUG] Finding reports to execute in company_9jxwph8g (current time: 2025-06-30T05:33:50.849Z)
[2025-06-30T05:33:50.903Z] [INFO] Found 0 reports to execute in company_9jxwph8g
[2025-06-30T05:33:50.904Z] [DEBUG] Processing company database: company_ey1a4uyd
[2025-06-30T05:33:50.958Z] [DEBUG] Skipping company_ey1a4uyd: No scheduled reports collection found
[2025-06-30T05:33:50.958Z] [INFO] Scheduled reports check completed
[2025-06-30T05:33:50.962Z] [DEBUG] MongoDB connection closed
[2025-06-30T05:34:20.048Z] [INFO] Checking for scheduled reports...
[2025-06-30T05:34:20.767Z] [DEBUG] Connected to MongoDB
[2025-06-30T05:34:20.836Z] [INFO] Found 2 company databases
[2025-06-30T05:34:20.837Z] [DEBUG] Processing company database: company_9jxwph8g
[2025-06-30T05:34:20.894Z] [DEBUG] Finding reports to execute in company_9jxwph8g (current time: 2025-06-30T05:34:20.894Z)
[2025-06-30T05:34:20.948Z] [INFO] Found 0 reports to execute in company_9jxwph8g
[2025-06-30T05:34:20.949Z] [DEBUG] Processing company database: company_ey1a4uyd
[2025-06-30T05:34:21.002Z] [DEBUG] Skipping company_ey1a4uyd: No scheduled reports collection found
[2025-06-30T05:34:21.003Z] [INFO] Scheduled reports check completed
[2025-06-30T05:34:21.006Z] [DEBUG] MongoDB connection closed
[2025-06-30T05:34:50.049Z] [INFO] Checking for scheduled reports...
[2025-06-30T05:34:50.776Z] [DEBUG] Connected to MongoDB
[2025-06-30T05:34:50.856Z] [INFO] Found 2 company databases
[2025-06-30T05:34:50.856Z] [DEBUG] Processing company database: company_9jxwph8g
[2025-06-30T05:34:50.909Z] [DEBUG] Finding reports to execute in company_9jxwph8g (current time: 2025-06-30T05:34:50.909Z)
[2025-06-30T05:34:50.962Z] [INFO] Found 0 reports to execute in company_9jxwph8g
[2025-06-30T05:34:50.962Z] [DEBUG] Processing company database: company_ey1a4uyd
[2025-06-30T05:34:51.015Z] [DEBUG] Skipping company_ey1a4uyd: No scheduled reports collection found
[2025-06-30T05:34:51.015Z] [INFO] Scheduled reports check completed
[2025-06-30T05:34:51.017Z] [DEBUG] MongoDB connection closed
[2025-06-30T05:35:20.050Z] [INFO] Checking for scheduled reports...
[2025-06-30T05:35:20.674Z] [DEBUG] Connected to MongoDB
[2025-06-30T05:35:20.743Z] [INFO] Found 2 company databases
[2025-06-30T05:35:20.743Z] [DEBUG] Processing company database: company_9jxwph8g
[2025-06-30T05:35:20.797Z] [DEBUG] Finding reports to execute in company_9jxwph8g (current time: 2025-06-30T05:35:20.797Z)
[2025-06-30T05:35:20.856Z] [INFO] Found 0 reports to execute in company_9jxwph8g
[2025-06-30T05:35:20.857Z] [DEBUG] Processing company database: company_ey1a4uyd
[2025-06-30T05:35:20.917Z] [DEBUG] Skipping company_ey1a4uyd: No scheduled reports collection found
[2025-06-30T05:35:20.918Z] [INFO] Scheduled reports check completed
[2025-06-30T05:35:20.920Z] [DEBUG] MongoDB connection closed
[2025-06-30T05:35:50.052Z] [INFO] Checking for scheduled reports...
[2025-06-30T05:35:50.886Z] [DEBUG] Connected to MongoDB
[2025-06-30T05:35:50.968Z] [INFO] Found 2 company databases
[2025-06-30T05:35:50.971Z] [DEBUG] Processing company database: company_9jxwph8g
[2025-06-30T05:35:51.028Z] [DEBUG] Finding reports to execute in company_9jxwph8g (current time: 2025-06-30T05:35:51.027Z)
[2025-06-30T05:35:51.081Z] [INFO] Found 0 reports to execute in company_9jxwph8g
[2025-06-30T05:35:51.081Z] [DEBUG] Processing company database: company_ey1a4uyd
[2025-06-30T05:35:51.135Z] [DEBUG] Skipping company_ey1a4uyd: No scheduled reports collection found
[2025-06-30T05:35:51.136Z] [INFO] Scheduled reports check completed
[2025-06-30T05:35:51.139Z] [DEBUG] MongoDB connection closed
[2025-06-30T05:36:20.052Z] [INFO] Checking for scheduled reports...
[2025-06-30T05:36:20.670Z] [DEBUG] Connected to MongoDB
[2025-06-30T05:36:20.734Z] [INFO] Found 2 company databases
[2025-06-30T05:36:20.735Z] [DEBUG] Processing company database: company_9jxwph8g
[2025-06-30T05:36:20.810Z] [DEBUG] Finding reports to execute in company_9jxwph8g (current time: 2025-06-30T05:36:20.810Z)
[2025-06-30T05:36:20.891Z] [INFO] Found 0 reports to execute in company_9jxwph8g
[2025-06-30T05:36:20.892Z] [DEBUG] Processing company database: company_ey1a4uyd
[2025-06-30T05:36:20.956Z] [DEBUG] Skipping company_ey1a4uyd: No scheduled reports collection found
[2025-06-30T05:36:20.956Z] [INFO] Scheduled reports check completed
[2025-06-30T05:36:20.959Z] [DEBUG] MongoDB connection closed
[2025-06-30T05:36:50.053Z] [INFO] Checking for scheduled reports...
[2025-06-30T05:36:50.759Z] [DEBUG] Connected to MongoDB
[2025-06-30T05:36:50.824Z] [INFO] Found 2 company databases
[2025-06-30T05:36:50.825Z] [DEBUG] Processing company database: company_9jxwph8g
[2025-06-30T05:36:50.885Z] [DEBUG] Finding reports to execute in company_9jxwph8g (current time: 2025-06-30T05:36:50.885Z)
[2025-06-30T05:36:50.939Z] [INFO] Found 0 reports to execute in company_9jxwph8g
[2025-06-30T05:36:50.940Z] [DEBUG] Processing company database: company_ey1a4uyd
[2025-06-30T05:36:51.010Z] [DEBUG] Skipping company_ey1a4uyd: No scheduled reports collection found
[2025-06-30T05:36:51.011Z] [INFO] Scheduled reports check completed
[2025-06-30T05:36:51.013Z] [DEBUG] MongoDB connection closed
[2025-06-30T05:37:20.055Z] [INFO] Checking for scheduled reports...
[2025-06-30T05:37:20.796Z] [DEBUG] Connected to MongoDB
[2025-06-30T05:37:20.869Z] [INFO] Found 2 company databases
[2025-06-30T05:37:20.870Z] [DEBUG] Processing company database: company_9jxwph8g
[2025-06-30T05:37:20.926Z] [DEBUG] Finding reports to execute in company_9jxwph8g (current time: 2025-06-30T05:37:20.926Z)
[2025-06-30T05:37:20.987Z] [INFO] Found 0 reports to execute in company_9jxwph8g
[2025-06-30T05:37:20.988Z] [DEBUG] Processing company database: company_ey1a4uyd
[2025-06-30T05:37:21.051Z] [DEBUG] Skipping company_ey1a4uyd: No scheduled reports collection found
[2025-06-30T05:37:21.051Z] [INFO] Scheduled reports check completed
[2025-06-30T05:37:21.053Z] [DEBUG] MongoDB connection closed
[2025-06-30T05:37:50.056Z] [INFO] Checking for scheduled reports...
[2025-06-30T05:37:50.787Z] [DEBUG] Connected to MongoDB
[2025-06-30T05:37:50.853Z] [INFO] Found 2 company databases
[2025-06-30T05:37:50.854Z] [DEBUG] Processing company database: company_9jxwph8g
[2025-06-30T05:37:50.930Z] [DEBUG] Finding reports to execute in company_9jxwph8g (current time: 2025-06-30T05:37:50.930Z)
[2025-06-30T05:37:50.991Z] [INFO] Found 0 reports to execute in company_9jxwph8g
[2025-06-30T05:37:50.992Z] [DEBUG] Processing company database: company_ey1a4uyd
[2025-06-30T05:37:51.049Z] [DEBUG] Skipping company_ey1a4uyd: No scheduled reports collection found
[2025-06-30T05:37:51.050Z] [INFO] Scheduled reports check completed
[2025-06-30T05:37:51.052Z] [DEBUG] MongoDB connection closed
[2025-06-30T05:38:20.056Z] [INFO] Checking for scheduled reports...
[2025-06-30T05:38:20.685Z] [DEBUG] Connected to MongoDB
[2025-06-30T05:38:20.749Z] [INFO] Found 2 company databases
[2025-06-30T05:38:20.750Z] [DEBUG] Processing company database: company_9jxwph8g
[2025-06-30T05:38:20.803Z] [DEBUG] Finding reports to execute in company_9jxwph8g (current time: 2025-06-30T05:38:20.803Z)
[2025-06-30T05:38:20.856Z] [INFO] Found 0 reports to execute in company_9jxwph8g
[2025-06-30T05:38:20.857Z] [DEBUG] Processing company database: company_ey1a4uyd
[2025-06-30T05:38:20.922Z] [DEBUG] Skipping company_ey1a4uyd: No scheduled reports collection found
[2025-06-30T05:38:20.922Z] [INFO] Scheduled reports check completed
[2025-06-30T05:38:20.924Z] [DEBUG] MongoDB connection closed
[2025-06-30T05:38:50.058Z] [INFO] Checking for scheduled reports...
[2025-06-30T05:38:50.860Z] [DEBUG] Connected to MongoDB
[2025-06-30T05:38:50.927Z] [INFO] Found 2 company databases
[2025-06-30T05:38:50.928Z] [DEBUG] Processing company database: company_9jxwph8g
[2025-06-30T05:38:51.001Z] [DEBUG] Finding reports to execute in company_9jxwph8g (current time: 2025-06-30T05:38:51.001Z)
[2025-06-30T05:38:51.069Z] [INFO] Found 0 reports to execute in company_9jxwph8g
[2025-06-30T05:38:51.069Z] [DEBUG] Processing company database: company_ey1a4uyd
[2025-06-30T05:38:51.157Z] [DEBUG] Skipping company_ey1a4uyd: No scheduled reports collection found
[2025-06-30T05:38:51.157Z] [INFO] Scheduled reports check completed
[2025-06-30T05:38:51.159Z] [DEBUG] MongoDB connection closed
[2025-06-30T05:39:20.058Z] [INFO] Checking for scheduled reports...
[2025-06-30T05:39:20.676Z] [DEBUG] Connected to MongoDB
[2025-06-30T05:39:20.740Z] [INFO] Found 2 company databases
[2025-06-30T05:39:20.740Z] [DEBUG] Processing company database: company_9jxwph8g
[2025-06-30T05:39:20.795Z] [DEBUG] Finding reports to execute in company_9jxwph8g (current time: 2025-06-30T05:39:20.795Z)
[2025-06-30T05:39:20.855Z] [INFO] Found 0 reports to execute in company_9jxwph8g
[2025-06-30T05:39:20.856Z] [DEBUG] Processing company database: company_ey1a4uyd
[2025-06-30T05:39:20.909Z] [DEBUG] Skipping company_ey1a4uyd: No scheduled reports collection found
[2025-06-30T05:39:20.910Z] [INFO] Scheduled reports check completed
[2025-06-30T05:39:20.912Z] [DEBUG] MongoDB connection closed
[2025-06-30T05:39:50.059Z] [INFO] Checking for scheduled reports...
[2025-06-30T05:39:50.785Z] [DEBUG] Connected to MongoDB
[2025-06-30T05:39:50.850Z] [INFO] Found 2 company databases
[2025-06-30T05:39:50.851Z] [DEBUG] Processing company database: company_9jxwph8g
[2025-06-30T05:39:50.931Z] [DEBUG] Finding reports to execute in company_9jxwph8g (current time: 2025-06-30T05:39:50.931Z)
[2025-06-30T05:39:50.990Z] [INFO] Found 0 reports to execute in company_9jxwph8g
[2025-06-30T05:39:50.992Z] [DEBUG] Processing company database: company_ey1a4uyd
[2025-06-30T05:39:51.057Z] [DEBUG] Skipping company_ey1a4uyd: No scheduled reports collection found
[2025-06-30T05:39:51.057Z] [INFO] Scheduled reports check completed
[2025-06-30T05:39:51.060Z] [DEBUG] MongoDB connection closed
[2025-06-30T05:40:20.060Z] [INFO] Checking for scheduled reports...
[2025-06-30T05:40:20.790Z] [DEBUG] Connected to MongoDB
[2025-06-30T05:40:20.855Z] [INFO] Found 2 company databases
[2025-06-30T05:40:20.856Z] [DEBUG] Processing company database: company_9jxwph8g
[2025-06-30T05:40:20.927Z] [DEBUG] Finding reports to execute in company_9jxwph8g (current time: 2025-06-30T05:40:20.927Z)
[2025-06-30T05:40:20.991Z] [INFO] Found 0 reports to execute in company_9jxwph8g
[2025-06-30T05:40:20.991Z] [DEBUG] Processing company database: company_ey1a4uyd
[2025-06-30T05:40:21.049Z] [DEBUG] Skipping company_ey1a4uyd: No scheduled reports collection found
[2025-06-30T05:40:21.050Z] [INFO] Scheduled reports check completed
[2025-06-30T05:40:21.051Z] [DEBUG] MongoDB connection closed
[2025-06-30T05:40:50.060Z] [INFO] Checking for scheduled reports...
[2025-06-30T05:40:50.746Z] [DEBUG] Connected to MongoDB
[2025-06-30T05:40:50.811Z] [INFO] Found 2 company databases
[2025-06-30T05:40:50.812Z] [DEBUG] Processing company database: company_9jxwph8g
[2025-06-30T05:40:50.866Z] [DEBUG] Finding reports to execute in company_9jxwph8g (current time: 2025-06-30T05:40:50.866Z)
[2025-06-30T05:40:50.920Z] [INFO] Found 0 reports to execute in company_9jxwph8g
[2025-06-30T05:40:50.921Z] [DEBUG] Processing company database: company_ey1a4uyd
[2025-06-30T05:40:50.980Z] [DEBUG] Skipping company_ey1a4uyd: No scheduled reports collection found
[2025-06-30T05:40:50.980Z] [INFO] Scheduled reports check completed
[2025-06-30T05:40:50.984Z] [DEBUG] MongoDB connection closed
[2025-06-30T05:41:20.061Z] [INFO] Checking for scheduled reports...
[2025-06-30T05:41:20.675Z] [DEBUG] Connected to MongoDB
[2025-06-30T05:41:20.740Z] [INFO] Found 2 company databases
[2025-06-30T05:41:20.741Z] [DEBUG] Processing company database: company_9jxwph8g
[2025-06-30T05:41:20.795Z] [DEBUG] Finding reports to execute in company_9jxwph8g (current time: 2025-06-30T05:41:20.795Z)
[2025-06-30T05:41:20.848Z] [INFO] Found 0 reports to execute in company_9jxwph8g
[2025-06-30T05:41:20.849Z] [DEBUG] Processing company database: company_ey1a4uyd
[2025-06-30T05:41:20.901Z] [DEBUG] Skipping company_ey1a4uyd: No scheduled reports collection found
[2025-06-30T05:41:20.904Z] [INFO] Scheduled reports check completed
[2025-06-30T05:41:20.906Z] [DEBUG] MongoDB connection closed
[2025-06-30T05:41:50.062Z] [INFO] Checking for scheduled reports...
[2025-06-30T05:41:50.851Z] [DEBUG] Connected to MongoDB
[2025-06-30T05:41:50.914Z] [INFO] Found 2 company databases
[2025-06-30T05:41:50.914Z] [DEBUG] Processing company database: company_9jxwph8g
[2025-06-30T05:41:50.968Z] [DEBUG] Finding reports to execute in company_9jxwph8g (current time: 2025-06-30T05:41:50.968Z)
[2025-06-30T05:41:51.021Z] [INFO] Found 0 reports to execute in company_9jxwph8g
[2025-06-30T05:41:51.021Z] [DEBUG] Processing company database: company_ey1a4uyd
[2025-06-30T05:41:51.077Z] [DEBUG] Skipping company_ey1a4uyd: No scheduled reports collection found
[2025-06-30T05:41:51.077Z] [INFO] Scheduled reports check completed
[2025-06-30T05:41:51.079Z] [DEBUG] MongoDB connection closed
[2025-06-30T05:42:20.062Z] [INFO] Checking for scheduled reports...
[2025-06-30T05:42:20.694Z] [DEBUG] Connected to MongoDB
[2025-06-30T05:42:20.759Z] [INFO] Found 2 company databases
[2025-06-30T05:42:20.760Z] [DEBUG] Processing company database: company_9jxwph8g
[2025-06-30T05:42:20.814Z] [DEBUG] Finding reports to execute in company_9jxwph8g (current time: 2025-06-30T05:42:20.814Z)
[2025-06-30T05:42:20.870Z] [INFO] Found 0 reports to execute in company_9jxwph8g
[2025-06-30T05:42:20.870Z] [DEBUG] Processing company database: company_ey1a4uyd
[2025-06-30T05:42:20.923Z] [DEBUG] Skipping company_ey1a4uyd: No scheduled reports collection found
[2025-06-30T05:42:20.924Z] [INFO] Scheduled reports check completed
[2025-06-30T05:42:20.926Z] [DEBUG] MongoDB connection closed
[2025-06-30T05:42:50.064Z] [INFO] Checking for scheduled reports...
[2025-06-30T05:42:50.747Z] [DEBUG] Connected to MongoDB
[2025-06-30T05:42:50.812Z] [INFO] Found 2 company databases
[2025-06-30T05:42:50.813Z] [DEBUG] Processing company database: company_9jxwph8g
[2025-06-30T05:42:50.866Z] [DEBUG] Finding reports to execute in company_9jxwph8g (current time: 2025-06-30T05:42:50.866Z)
[2025-06-30T05:42:50.921Z] [INFO] Found 0 reports to execute in company_9jxwph8g
[2025-06-30T05:42:50.922Z] [DEBUG] Processing company database: company_ey1a4uyd
[2025-06-30T05:42:50.976Z] [DEBUG] Skipping company_ey1a4uyd: No scheduled reports collection found
[2025-06-30T05:42:50.976Z] [INFO] Scheduled reports check completed
[2025-06-30T05:42:50.979Z] [DEBUG] MongoDB connection closed
[2025-06-30T05:43:20.067Z] [INFO] Checking for scheduled reports...
[2025-06-30T05:43:20.789Z] [DEBUG] Connected to MongoDB
[2025-06-30T05:43:20.853Z] [INFO] Found 2 company databases
[2025-06-30T05:43:20.853Z] [DEBUG] Processing company database: company_9jxwph8g
[2025-06-30T05:43:20.906Z] [DEBUG] Finding reports to execute in company_9jxwph8g (current time: 2025-06-30T05:43:20.906Z)
[2025-06-30T05:43:20.959Z] [INFO] Found 0 reports to execute in company_9jxwph8g
[2025-06-30T05:43:20.960Z] [DEBUG] Processing company database: company_ey1a4uyd
[2025-06-30T05:43:21.012Z] [DEBUG] Skipping company_ey1a4uyd: No scheduled reports collection found
[2025-06-30T05:43:21.013Z] [INFO] Scheduled reports check completed
[2025-06-30T05:43:21.014Z] [DEBUG] MongoDB connection closed
[2025-06-30T05:43:50.069Z] [INFO] Checking for scheduled reports...
[2025-06-30T05:43:50.766Z] [DEBUG] Connected to MongoDB
[2025-06-30T05:43:50.830Z] [INFO] Found 2 company databases
[2025-06-30T05:43:50.831Z] [DEBUG] Processing company database: company_9jxwph8g
[2025-06-30T05:43:50.883Z] [DEBUG] Finding reports to execute in company_9jxwph8g (current time: 2025-06-30T05:43:50.883Z)
[2025-06-30T05:43:50.936Z] [INFO] Found 0 reports to execute in company_9jxwph8g
[2025-06-30T05:43:50.937Z] [DEBUG] Processing company database: company_ey1a4uyd
[2025-06-30T05:43:50.990Z] [DEBUG] Skipping company_ey1a4uyd: No scheduled reports collection found
[2025-06-30T05:43:50.991Z] [INFO] Scheduled reports check completed
[2025-06-30T05:43:50.993Z] [DEBUG] MongoDB connection closed
[2025-06-30T05:44:20.070Z] [INFO] Checking for scheduled reports...
[2025-06-30T05:44:20.677Z] [DEBUG] Connected to MongoDB
[2025-06-30T05:44:20.743Z] [INFO] Found 2 company databases
[2025-06-30T05:44:20.743Z] [DEBUG] Processing company database: company_9jxwph8g
[2025-06-30T05:44:20.797Z] [DEBUG] Finding reports to execute in company_9jxwph8g (current time: 2025-06-30T05:44:20.797Z)
[2025-06-30T05:44:20.851Z] [INFO] Found 0 reports to execute in company_9jxwph8g
[2025-06-30T05:44:20.851Z] [DEBUG] Processing company database: company_ey1a4uyd
[2025-06-30T05:44:20.906Z] [DEBUG] Skipping company_ey1a4uyd: No scheduled reports collection found
[2025-06-30T05:44:20.906Z] [INFO] Scheduled reports check completed
[2025-06-30T05:44:20.909Z] [DEBUG] MongoDB connection closed
[2025-06-30T05:44:50.071Z] [INFO] Checking for scheduled reports...
[2025-06-30T05:44:50.821Z] [DEBUG] Connected to MongoDB
[2025-06-30T05:44:50.881Z] [INFO] Found 2 company databases
[2025-06-30T05:44:50.881Z] [DEBUG] Processing company database: company_9jxwph8g
[2025-06-30T05:44:50.930Z] [DEBUG] Finding reports to execute in company_9jxwph8g (current time: 2025-06-30T05:44:50.930Z)
[2025-06-30T05:44:50.980Z] [INFO] Found 0 reports to execute in company_9jxwph8g
[2025-06-30T05:44:50.980Z] [DEBUG] Processing company database: company_ey1a4uyd
[2025-06-30T05:44:51.029Z] [DEBUG] Skipping company_ey1a4uyd: No scheduled reports collection found
[2025-06-30T05:44:51.029Z] [INFO] Scheduled reports check completed
[2025-06-30T05:44:51.031Z] [DEBUG] MongoDB connection closed
[2025-06-30T05:45:20.072Z] [INFO] Checking for scheduled reports...
[2025-06-30T05:45:20.650Z] [DEBUG] Connected to MongoDB
[2025-06-30T05:45:20.713Z] [INFO] Found 2 company databases
[2025-06-30T05:45:20.713Z] [DEBUG] Processing company database: company_9jxwph8g
[2025-06-30T05:45:20.762Z] [DEBUG] Finding reports to execute in company_9jxwph8g (current time: 2025-06-30T05:45:20.762Z)
[2025-06-30T05:45:20.811Z] [INFO] Found 0 reports to execute in company_9jxwph8g
[2025-06-30T05:45:20.811Z] [DEBUG] Processing company database: company_ey1a4uyd
[2025-06-30T05:45:20.862Z] [DEBUG] Skipping company_ey1a4uyd: No scheduled reports collection found
[2025-06-30T05:45:20.863Z] [INFO] Scheduled reports check completed
[2025-06-30T05:45:20.864Z] [DEBUG] MongoDB connection closed
[2025-06-30T05:45:50.073Z] [INFO] Checking for scheduled reports...
[2025-06-30T05:45:50.721Z] [DEBUG] Connected to MongoDB
[2025-06-30T05:45:50.782Z] [INFO] Found 2 company databases
[2025-06-30T05:45:50.783Z] [DEBUG] Processing company database: company_9jxwph8g
[2025-06-30T05:45:50.833Z] [DEBUG] Finding reports to execute in company_9jxwph8g (current time: 2025-06-30T05:45:50.833Z)
[2025-06-30T05:45:50.882Z] [INFO] Found 0 reports to execute in company_9jxwph8g
[2025-06-30T05:45:50.883Z] [DEBUG] Processing company database: company_ey1a4uyd
[2025-06-30T05:45:50.932Z] [DEBUG] Skipping company_ey1a4uyd: No scheduled reports collection found
[2025-06-30T05:45:50.933Z] [INFO] Scheduled reports check completed
[2025-06-30T05:45:50.935Z] [DEBUG] MongoDB connection closed
[2025-06-30T05:46:20.075Z] [INFO] Checking for scheduled reports...
[2025-06-30T05:46:20.756Z] [DEBUG] Connected to MongoDB
[2025-06-30T05:46:20.817Z] [INFO] Found 2 company databases
[2025-06-30T05:46:20.818Z] [DEBUG] Processing company database: company_9jxwph8g
[2025-06-30T05:46:20.868Z] [DEBUG] Finding reports to execute in company_9jxwph8g (current time: 2025-06-30T05:46:20.868Z)
[2025-06-30T05:46:20.920Z] [INFO] Found 0 reports to execute in company_9jxwph8g
[2025-06-30T05:46:20.921Z] [DEBUG] Processing company database: company_ey1a4uyd
[2025-06-30T05:46:20.971Z] [DEBUG] Skipping company_ey1a4uyd: No scheduled reports collection found
[2025-06-30T05:46:20.972Z] [INFO] Scheduled reports check completed
[2025-06-30T05:46:20.975Z] [DEBUG] MongoDB connection closed
[2025-06-30T05:46:50.077Z] [INFO] Checking for scheduled reports...
[2025-06-30T05:46:50.719Z] [DEBUG] Connected to MongoDB
[2025-06-30T05:46:50.779Z] [INFO] Found 2 company databases
[2025-06-30T05:46:50.780Z] [DEBUG] Processing company database: company_9jxwph8g
[2025-06-30T05:46:50.830Z] [DEBUG] Finding reports to execute in company_9jxwph8g (current time: 2025-06-30T05:46:50.830Z)
[2025-06-30T05:46:50.879Z] [INFO] Found 0 reports to execute in company_9jxwph8g
[2025-06-30T05:46:50.880Z] [DEBUG] Processing company database: company_ey1a4uyd
[2025-06-30T05:46:50.929Z] [DEBUG] Skipping company_ey1a4uyd: No scheduled reports collection found
[2025-06-30T05:46:50.930Z] [INFO] Scheduled reports check completed
[2025-06-30T05:46:50.932Z] [DEBUG] MongoDB connection closed
[2025-06-30T05:47:20.079Z] [INFO] Checking for scheduled reports...
[2025-06-30T05:47:20.652Z] [DEBUG] Connected to MongoDB
[2025-06-30T05:47:20.715Z] [INFO] Found 2 company databases
[2025-06-30T05:47:20.716Z] [DEBUG] Processing company database: company_9jxwph8g
[2025-06-30T05:47:20.766Z] [DEBUG] Finding reports to execute in company_9jxwph8g (current time: 2025-06-30T05:47:20.766Z)
[2025-06-30T05:47:20.815Z] [INFO] Found 0 reports to execute in company_9jxwph8g
[2025-06-30T05:47:20.815Z] [DEBUG] Processing company database: company_ey1a4uyd
[2025-06-30T05:47:20.864Z] [DEBUG] Skipping company_ey1a4uyd: No scheduled reports collection found
[2025-06-30T05:47:20.865Z] [INFO] Scheduled reports check completed
[2025-06-30T05:47:20.866Z] [DEBUG] MongoDB connection closed
[2025-06-30T05:47:50.080Z] [INFO] Checking for scheduled reports...
[2025-06-30T05:47:50.642Z] [DEBUG] Connected to MongoDB
[2025-06-30T05:47:50.702Z] [INFO] Found 2 company databases
[2025-06-30T05:47:50.702Z] [DEBUG] Processing company database: company_9jxwph8g
[2025-06-30T05:47:50.750Z] [DEBUG] Finding reports to execute in company_9jxwph8g (current time: 2025-06-30T05:47:50.750Z)
[2025-06-30T05:47:50.799Z] [INFO] Found 0 reports to execute in company_9jxwph8g
[2025-06-30T05:47:50.799Z] [DEBUG] Processing company database: company_ey1a4uyd
[2025-06-30T05:47:50.848Z] [DEBUG] Skipping company_ey1a4uyd: No scheduled reports collection found
[2025-06-30T05:47:50.848Z] [INFO] Scheduled reports check completed
[2025-06-30T05:47:50.850Z] [DEBUG] MongoDB connection closed
[2025-06-30T05:48:20.080Z] [INFO] Checking for scheduled reports...
[2025-06-30T05:48:20.692Z] [DEBUG] Connected to MongoDB
[2025-06-30T05:48:20.757Z] [INFO] Found 2 company databases
[2025-06-30T05:48:20.757Z] [DEBUG] Processing company database: company_9jxwph8g
[2025-06-30T05:48:20.811Z] [DEBUG] Finding reports to execute in company_9jxwph8g (current time: 2025-06-30T05:48:20.811Z)
[2025-06-30T05:48:20.865Z] [INFO] Found 0 reports to execute in company_9jxwph8g
[2025-06-30T05:48:20.866Z] [DEBUG] Processing company database: company_ey1a4uyd
[2025-06-30T05:48:20.919Z] [DEBUG] Skipping company_ey1a4uyd: No scheduled reports collection found
[2025-06-30T05:48:20.920Z] [INFO] Scheduled reports check completed
[2025-06-30T05:48:20.922Z] [DEBUG] MongoDB connection closed
[2025-06-30T05:48:50.081Z] [INFO] Checking for scheduled reports...
[2025-06-30T05:48:50.910Z] [DEBUG] Connected to MongoDB
[2025-06-30T05:48:50.974Z] [INFO] Found 2 company databases
[2025-06-30T05:48:50.975Z] [DEBUG] Processing company database: company_9jxwph8g
[2025-06-30T05:48:51.032Z] [DEBUG] Finding reports to execute in company_9jxwph8g (current time: 2025-06-30T05:48:51.032Z)
[2025-06-30T05:48:51.085Z] [INFO] Found 0 reports to execute in company_9jxwph8g
[2025-06-30T05:48:51.085Z] [DEBUG] Processing company database: company_ey1a4uyd
[2025-06-30T05:48:51.138Z] [DEBUG] Skipping company_ey1a4uyd: No scheduled reports collection found
[2025-06-30T05:48:51.138Z] [INFO] Scheduled reports check completed
[2025-06-30T05:48:51.139Z] [DEBUG] MongoDB connection closed
[2025-06-30T05:49:20.083Z] [INFO] Checking for scheduled reports...
[2025-06-30T05:49:20.690Z] [DEBUG] Connected to MongoDB
[2025-06-30T05:49:20.769Z] [INFO] Found 2 company databases
[2025-06-30T05:49:20.770Z] [DEBUG] Processing company database: company_9jxwph8g
[2025-06-30T05:49:20.824Z] [DEBUG] Finding reports to execute in company_9jxwph8g (current time: 2025-06-30T05:49:20.824Z)
[2025-06-30T05:49:20.878Z] [INFO] Found 0 reports to execute in company_9jxwph8g
[2025-06-30T05:49:20.879Z] [DEBUG] Processing company database: company_ey1a4uyd
[2025-06-30T05:49:20.932Z] [DEBUG] Skipping company_ey1a4uyd: No scheduled reports collection found
[2025-06-30T05:49:20.933Z] [INFO] Scheduled reports check completed
[2025-06-30T05:49:20.935Z] [DEBUG] MongoDB connection closed
[2025-06-30T05:49:50.083Z] [INFO] Checking for scheduled reports...
[2025-06-30T05:49:50.796Z] [DEBUG] Connected to MongoDB
[2025-06-30T05:49:50.860Z] [INFO] Found 2 company databases
[2025-06-30T05:49:50.861Z] [DEBUG] Processing company database: company_9jxwph8g
[2025-06-30T05:49:50.915Z] [DEBUG] Finding reports to execute in company_9jxwph8g (current time: 2025-06-30T05:49:50.915Z)
[2025-06-30T05:49:50.968Z] [INFO] Found 0 reports to execute in company_9jxwph8g
[2025-06-30T05:49:50.969Z] [DEBUG] Processing company database: company_ey1a4uyd
[2025-06-30T05:49:51.022Z] [DEBUG] Skipping company_ey1a4uyd: No scheduled reports collection found
[2025-06-30T05:49:51.023Z] [INFO] Scheduled reports check completed
[2025-06-30T05:49:51.026Z] [DEBUG] MongoDB connection closed
[2025-06-30T05:50:20.083Z] [INFO] Checking for scheduled reports...
[2025-06-30T05:50:20.806Z] [DEBUG] Connected to MongoDB
[2025-06-30T05:50:20.870Z] [INFO] Found 2 company databases
[2025-06-30T05:50:20.870Z] [DEBUG] Processing company database: company_9jxwph8g
[2025-06-30T05:50:20.923Z] [DEBUG] Finding reports to execute in company_9jxwph8g (current time: 2025-06-30T05:50:20.923Z)
[2025-06-30T05:50:20.975Z] [INFO] Found 0 reports to execute in company_9jxwph8g
[2025-06-30T05:50:20.976Z] [DEBUG] Processing company database: company_ey1a4uyd
[2025-06-30T05:50:21.028Z] [DEBUG] Skipping company_ey1a4uyd: No scheduled reports collection found
[2025-06-30T05:50:21.029Z] [INFO] Scheduled reports check completed
[2025-06-30T05:50:21.030Z] [DEBUG] MongoDB connection closed
[2025-06-30T05:50:50.083Z] [INFO] Checking for scheduled reports...
[2025-06-30T05:50:50.772Z] [DEBUG] Connected to MongoDB
[2025-06-30T05:50:50.836Z] [INFO] Found 2 company databases
[2025-06-30T05:50:50.837Z] [DEBUG] Processing company database: company_9jxwph8g
[2025-06-30T05:50:50.890Z] [DEBUG] Finding reports to execute in company_9jxwph8g (current time: 2025-06-30T05:50:50.890Z)
[2025-06-30T05:50:50.944Z] [INFO] Found 0 reports to execute in company_9jxwph8g
[2025-06-30T05:50:50.945Z] [DEBUG] Processing company database: company_ey1a4uyd
[2025-06-30T05:50:51.001Z] [DEBUG] Skipping company_ey1a4uyd: No scheduled reports collection found
[2025-06-30T05:50:51.001Z] [INFO] Scheduled reports check completed
[2025-06-30T05:50:51.004Z] [DEBUG] MongoDB connection closed
[2025-06-30T05:51:20.084Z] [INFO] Checking for scheduled reports...
[2025-06-30T05:51:20.702Z] [DEBUG] Connected to MongoDB
[2025-06-30T05:51:20.767Z] [INFO] Found 2 company databases
[2025-06-30T05:51:20.768Z] [DEBUG] Processing company database: company_9jxwph8g
[2025-06-30T05:51:20.824Z] [DEBUG] Finding reports to execute in company_9jxwph8g (current time: 2025-06-30T05:51:20.824Z)
[2025-06-30T05:51:20.878Z] [INFO] Found 0 reports to execute in company_9jxwph8g
[2025-06-30T05:51:20.879Z] [DEBUG] Processing company database: company_ey1a4uyd
[2025-06-30T05:51:20.932Z] [DEBUG] Skipping company_ey1a4uyd: No scheduled reports collection found
[2025-06-30T05:51:20.932Z] [INFO] Scheduled reports check completed
[2025-06-30T05:51:20.935Z] [DEBUG] MongoDB connection closed
[2025-06-30T05:51:50.086Z] [INFO] Checking for scheduled reports...
[2025-06-30T05:51:50.918Z] [DEBUG] Connected to MongoDB
[2025-06-30T05:51:50.982Z] [INFO] Found 2 company databases
[2025-06-30T05:51:50.982Z] [DEBUG] Processing company database: company_9jxwph8g
[2025-06-30T05:51:51.036Z] [DEBUG] Finding reports to execute in company_9jxwph8g (current time: 2025-06-30T05:51:51.036Z)
[2025-06-30T05:51:51.089Z] [INFO] Found 0 reports to execute in company_9jxwph8g
[2025-06-30T05:51:51.090Z] [DEBUG] Processing company database: company_ey1a4uyd
[2025-06-30T05:51:51.143Z] [DEBUG] Skipping company_ey1a4uyd: No scheduled reports collection found
[2025-06-30T05:51:51.144Z] [INFO] Scheduled reports check completed
[2025-06-30T05:51:51.146Z] [DEBUG] MongoDB connection closed
[2025-06-30T05:52:20.088Z] [INFO] Checking for scheduled reports...
[2025-06-30T05:52:20.704Z] [DEBUG] Connected to MongoDB
[2025-06-30T05:52:20.769Z] [INFO] Found 2 company databases
[2025-06-30T05:52:20.769Z] [DEBUG] Processing company database: company_9jxwph8g
[2025-06-30T05:52:20.825Z] [DEBUG] Finding reports to execute in company_9jxwph8g (current time: 2025-06-30T05:52:20.825Z)
[2025-06-30T05:52:20.880Z] [INFO] Found 0 reports to execute in company_9jxwph8g
[2025-06-30T05:52:20.880Z] [DEBUG] Processing company database: company_ey1a4uyd
[2025-06-30T05:52:20.934Z] [DEBUG] Skipping company_ey1a4uyd: No scheduled reports collection found
[2025-06-30T05:52:20.935Z] [INFO] Scheduled reports check completed
[2025-06-30T05:52:20.938Z] [DEBUG] MongoDB connection closed
[2025-06-30T05:52:50.089Z] [INFO] Checking for scheduled reports...
[2025-06-30T05:52:50.832Z] [DEBUG] Connected to MongoDB
[2025-06-30T05:52:50.897Z] [INFO] Found 2 company databases
[2025-06-30T05:52:50.898Z] [DEBUG] Processing company database: company_9jxwph8g
[2025-06-30T05:52:50.952Z] [DEBUG] Finding reports to execute in company_9jxwph8g (current time: 2025-06-30T05:52:50.952Z)
[2025-06-30T05:52:51.006Z] [INFO] Found 0 reports to execute in company_9jxwph8g
[2025-06-30T05:52:51.007Z] [DEBUG] Processing company database: company_ey1a4uyd
[2025-06-30T05:52:51.060Z] [DEBUG] Skipping company_ey1a4uyd: No scheduled reports collection found
[2025-06-30T05:52:51.061Z] [INFO] Scheduled reports check completed
[2025-06-30T05:52:51.062Z] [DEBUG] MongoDB connection closed
[2025-06-30T05:53:20.090Z] [INFO] Checking for scheduled reports...
[2025-06-30T05:53:20.872Z] [DEBUG] Connected to MongoDB
[2025-06-30T05:53:20.937Z] [INFO] Found 2 company databases
[2025-06-30T05:53:20.937Z] [DEBUG] Processing company database: company_9jxwph8g
[2025-06-30T05:53:20.991Z] [DEBUG] Finding reports to execute in company_9jxwph8g (current time: 2025-06-30T05:53:20.991Z)
[2025-06-30T05:53:21.045Z] [INFO] Found 0 reports to execute in company_9jxwph8g
[2025-06-30T05:53:21.045Z] [DEBUG] Processing company database: company_ey1a4uyd
[2025-06-30T05:53:21.099Z] [DEBUG] Skipping company_ey1a4uyd: No scheduled reports collection found
[2025-06-30T05:53:21.100Z] [INFO] Scheduled reports check completed
[2025-06-30T05:53:21.103Z] [DEBUG] MongoDB connection closed
[2025-06-30T05:53:50.091Z] [INFO] Checking for scheduled reports...
[2025-06-30T05:53:50.788Z] [DEBUG] Connected to MongoDB
[2025-06-30T05:53:50.854Z] [INFO] Found 2 company databases
[2025-06-30T05:53:50.855Z] [DEBUG] Processing company database: company_9jxwph8g
[2025-06-30T05:53:50.910Z] [DEBUG] Finding reports to execute in company_9jxwph8g (current time: 2025-06-30T05:53:50.910Z)
[2025-06-30T05:53:50.964Z] [INFO] Found 0 reports to execute in company_9jxwph8g
[2025-06-30T05:53:50.964Z] [DEBUG] Processing company database: company_ey1a4uyd
[2025-06-30T05:53:51.018Z] [DEBUG] Skipping company_ey1a4uyd: No scheduled reports collection found
[2025-06-30T05:53:51.019Z] [INFO] Scheduled reports check completed
[2025-06-30T05:53:51.022Z] [DEBUG] MongoDB connection closed
[2025-06-30T05:54:20.091Z] [INFO] Checking for scheduled reports...
[2025-06-30T05:54:20.766Z] [DEBUG] Connected to MongoDB
[2025-06-30T05:54:20.831Z] [INFO] Found 2 company databases
[2025-06-30T05:54:20.832Z] [DEBUG] Processing company database: company_9jxwph8g
[2025-06-30T05:54:20.886Z] [DEBUG] Finding reports to execute in company_9jxwph8g (current time: 2025-06-30T05:54:20.886Z)
[2025-06-30T05:54:20.941Z] [INFO] Found 0 reports to execute in company_9jxwph8g
[2025-06-30T05:54:20.941Z] [DEBUG] Processing company database: company_ey1a4uyd
[2025-06-30T05:54:20.995Z] [DEBUG] Skipping company_ey1a4uyd: No scheduled reports collection found
[2025-06-30T05:54:20.996Z] [INFO] Scheduled reports check completed
[2025-06-30T05:54:20.999Z] [DEBUG] MongoDB connection closed
[2025-06-30T05:54:50.092Z] [INFO] Checking for scheduled reports...
[2025-06-30T05:54:50.959Z] [DEBUG] Connected to MongoDB
[2025-06-30T05:54:51.023Z] [INFO] Found 2 company databases
[2025-06-30T05:54:51.024Z] [DEBUG] Processing company database: company_9jxwph8g
[2025-06-30T05:54:51.078Z] [DEBUG] Finding reports to execute in company_9jxwph8g (current time: 2025-06-30T05:54:51.078Z)
[2025-06-30T05:54:51.132Z] [INFO] Found 0 reports to execute in company_9jxwph8g
[2025-06-30T05:54:51.132Z] [DEBUG] Processing company database: company_ey1a4uyd
[2025-06-30T05:54:51.186Z] [DEBUG] Skipping company_ey1a4uyd: No scheduled reports collection found
[2025-06-30T05:54:51.187Z] [INFO] Scheduled reports check completed
[2025-06-30T05:54:51.189Z] [DEBUG] MongoDB connection closed
[2025-06-30T05:55:20.093Z] [INFO] Checking for scheduled reports...
[2025-06-30T05:55:20.760Z] [DEBUG] Connected to MongoDB
[2025-06-30T05:55:20.824Z] [INFO] Found 2 company databases
[2025-06-30T05:55:20.824Z] [DEBUG] Processing company database: company_9jxwph8g
[2025-06-30T05:55:20.891Z] [DEBUG] Finding reports to execute in company_9jxwph8g (current time: 2025-06-30T05:55:20.891Z)
[2025-06-30T05:55:20.944Z] [INFO] Found 0 reports to execute in company_9jxwph8g
[2025-06-30T05:55:20.945Z] [DEBUG] Processing company database: company_ey1a4uyd
[2025-06-30T05:55:21.003Z] [DEBUG] Skipping company_ey1a4uyd: No scheduled reports collection found
[2025-06-30T05:55:21.003Z] [INFO] Scheduled reports check completed
[2025-06-30T05:55:21.007Z] [DEBUG] MongoDB connection closed
[2025-06-30T05:55:50.095Z] [INFO] Checking for scheduled reports...
[2025-06-30T05:55:50.825Z] [DEBUG] Connected to MongoDB
[2025-06-30T05:55:50.891Z] [INFO] Found 2 company databases
[2025-06-30T05:55:50.892Z] [DEBUG] Processing company database: company_9jxwph8g
[2025-06-30T05:55:50.947Z] [DEBUG] Finding reports to execute in company_9jxwph8g (current time: 2025-06-30T05:55:50.947Z)
[2025-06-30T05:55:51.001Z] [INFO] Found 0 reports to execute in company_9jxwph8g
[2025-06-30T05:55:51.001Z] [DEBUG] Processing company database: company_ey1a4uyd
[2025-06-30T05:55:51.055Z] [DEBUG] Skipping company_ey1a4uyd: No scheduled reports collection found
[2025-06-30T05:55:51.056Z] [INFO] Scheduled reports check completed
[2025-06-30T05:55:51.059Z] [DEBUG] MongoDB connection closed
[2025-06-30T05:56:20.096Z] [INFO] Checking for scheduled reports...
[2025-06-30T05:56:20.966Z] [DEBUG] Connected to MongoDB
[2025-06-30T05:56:21.040Z] [INFO] Found 2 company databases
[2025-06-30T05:56:21.040Z] [DEBUG] Processing company database: company_9jxwph8g
[2025-06-30T05:56:21.097Z] [DEBUG] Finding reports to execute in company_9jxwph8g (current time: 2025-06-30T05:56:21.097Z)
[2025-06-30T05:56:21.152Z] [INFO] Found 0 reports to execute in company_9jxwph8g
[2025-06-30T05:56:21.152Z] [DEBUG] Processing company database: company_ey1a4uyd
[2025-06-30T05:56:21.206Z] [DEBUG] Skipping company_ey1a4uyd: No scheduled reports collection found
[2025-06-30T05:56:21.207Z] [INFO] Scheduled reports check completed
[2025-06-30T05:56:21.210Z] [DEBUG] MongoDB connection closed
[2025-06-30T05:56:50.098Z] [INFO] Checking for scheduled reports...
[2025-06-30T05:56:50.850Z] [DEBUG] Connected to MongoDB
[2025-06-30T05:56:50.914Z] [INFO] Found 2 company databases
[2025-06-30T05:56:50.915Z] [DEBUG] Processing company database: company_9jxwph8g
[2025-06-30T05:56:50.970Z] [DEBUG] Finding reports to execute in company_9jxwph8g (current time: 2025-06-30T05:56:50.970Z)
[2025-06-30T05:56:51.025Z] [INFO] Found 0 reports to execute in company_9jxwph8g
[2025-06-30T05:56:51.026Z] [DEBUG] Processing company database: company_ey1a4uyd
[2025-06-30T05:56:51.080Z] [DEBUG] Skipping company_ey1a4uyd: No scheduled reports collection found
[2025-06-30T05:56:51.081Z] [INFO] Scheduled reports check completed
[2025-06-30T05:56:51.083Z] [DEBUG] MongoDB connection closed
[2025-06-30T05:57:20.099Z] [INFO] Checking for scheduled reports...
[2025-06-30T05:57:20.751Z] [DEBUG] Connected to MongoDB
[2025-06-30T05:57:20.817Z] [INFO] Found 2 company databases
[2025-06-30T05:57:20.817Z] [DEBUG] Processing company database: company_9jxwph8g
[2025-06-30T05:57:20.872Z] [DEBUG] Finding reports to execute in company_9jxwph8g (current time: 2025-06-30T05:57:20.872Z)
[2025-06-30T05:57:20.926Z] [INFO] Found 0 reports to execute in company_9jxwph8g
[2025-06-30T05:57:20.927Z] [DEBUG] Processing company database: company_ey1a4uyd
[2025-06-30T05:57:20.981Z] [DEBUG] Skipping company_ey1a4uyd: No scheduled reports collection found
[2025-06-30T05:57:20.982Z] [INFO] Scheduled reports check completed
[2025-06-30T05:57:20.985Z] [DEBUG] MongoDB connection closed
[2025-06-30T05:57:50.099Z] [INFO] Checking for scheduled reports...
[2025-06-30T05:57:51.016Z] [DEBUG] Connected to MongoDB
[2025-06-30T05:57:51.081Z] [INFO] Found 2 company databases
[2025-06-30T05:57:51.082Z] [DEBUG] Processing company database: company_9jxwph8g
[2025-06-30T05:57:51.136Z] [DEBUG] Finding reports to execute in company_9jxwph8g (current time: 2025-06-30T05:57:51.136Z)
[2025-06-30T05:57:51.191Z] [INFO] Found 0 reports to execute in company_9jxwph8g
[2025-06-30T05:57:51.192Z] [DEBUG] Processing company database: company_ey1a4uyd
[2025-06-30T05:57:51.245Z] [DEBUG] Skipping company_ey1a4uyd: No scheduled reports collection found
[2025-06-30T05:57:51.246Z] [INFO] Scheduled reports check completed
[2025-06-30T05:57:51.249Z] [DEBUG] MongoDB connection closed
[2025-06-30T05:58:20.099Z] [INFO] Checking for scheduled reports...
[2025-06-30T05:58:20.757Z] [DEBUG] Connected to MongoDB
[2025-06-30T05:58:20.824Z] [INFO] Found 2 company databases
[2025-06-30T05:58:20.826Z] [DEBUG] Processing company database: company_9jxwph8g
[2025-06-30T05:58:20.898Z] [DEBUG] Finding reports to execute in company_9jxwph8g (current time: 2025-06-30T05:58:20.898Z)
[2025-06-30T05:58:21.022Z] [INFO] Found 0 reports to execute in company_9jxwph8g
[2025-06-30T05:58:21.032Z] [DEBUG] Processing company database: company_ey1a4uyd
[2025-06-30T05:58:21.095Z] [DEBUG] Skipping company_ey1a4uyd: No scheduled reports collection found
[2025-06-30T05:58:21.104Z] [INFO] Scheduled reports check completed
[2025-06-30T05:58:21.110Z] [DEBUG] MongoDB connection closed
[2025-06-30T05:58:50.100Z] [INFO] Checking for scheduled reports...
[2025-06-30T05:58:50.881Z] [DEBUG] Connected to MongoDB
[2025-06-30T05:58:50.946Z] [INFO] Found 2 company databases
[2025-06-30T05:58:50.946Z] [DEBUG] Processing company database: company_9jxwph8g
[2025-06-30T05:58:51.006Z] [DEBUG] Finding reports to execute in company_9jxwph8g (current time: 2025-06-30T05:58:51.006Z)
[2025-06-30T05:58:51.061Z] [INFO] Found 0 reports to execute in company_9jxwph8g
[2025-06-30T05:58:51.062Z] [DEBUG] Processing company database: company_ey1a4uyd
[2025-06-30T05:58:51.117Z] [DEBUG] Skipping company_ey1a4uyd: No scheduled reports collection found
[2025-06-30T05:58:51.117Z] [INFO] Scheduled reports check completed
[2025-06-30T05:58:51.120Z] [DEBUG] MongoDB connection closed
[2025-06-30T05:59:20.101Z] [INFO] Checking for scheduled reports...
[2025-06-30T05:59:20.709Z] [DEBUG] Connected to MongoDB
[2025-06-30T05:59:20.771Z] [INFO] Found 2 company databases
[2025-06-30T05:59:20.771Z] [DEBUG] Processing company database: company_9jxwph8g
[2025-06-30T05:59:20.822Z] [DEBUG] Finding reports to execute in company_9jxwph8g (current time: 2025-06-30T05:59:20.822Z)
[2025-06-30T05:59:20.872Z] [INFO] Found 0 reports to execute in company_9jxwph8g
[2025-06-30T05:59:20.872Z] [DEBUG] Processing company database: company_ey1a4uyd
[2025-06-30T05:59:20.922Z] [DEBUG] Skipping company_ey1a4uyd: No scheduled reports collection found
[2025-06-30T05:59:20.922Z] [INFO] Scheduled reports check completed
[2025-06-30T05:59:20.924Z] [DEBUG] MongoDB connection closed
[2025-06-30T05:59:50.102Z] [INFO] Checking for scheduled reports...
[2025-06-30T05:59:50.798Z] [DEBUG] Connected to MongoDB
[2025-06-30T05:59:50.858Z] [INFO] Found 2 company databases
[2025-06-30T05:59:50.859Z] [DEBUG] Processing company database: company_9jxwph8g
[2025-06-30T05:59:50.909Z] [DEBUG] Finding reports to execute in company_9jxwph8g (current time: 2025-06-30T05:59:50.909Z)
[2025-06-30T05:59:50.959Z] [INFO] Found 0 reports to execute in company_9jxwph8g
[2025-06-30T05:59:50.960Z] [DEBUG] Processing company database: company_ey1a4uyd
[2025-06-30T05:59:51.010Z] [DEBUG] Skipping company_ey1a4uyd: No scheduled reports collection found
[2025-06-30T05:59:51.011Z] [INFO] Scheduled reports check completed
[2025-06-30T05:59:51.014Z] [DEBUG] MongoDB connection closed
[2025-06-30T06:00:20.104Z] [INFO] Checking for scheduled reports...
[2025-06-30T06:00:20.751Z] [DEBUG] Connected to MongoDB
[2025-06-30T06:00:20.816Z] [INFO] Found 2 company databases
[2025-06-30T06:00:20.817Z] [DEBUG] Processing company database: company_9jxwph8g
[2025-06-30T06:00:20.867Z] [DEBUG] Finding reports to execute in company_9jxwph8g (current time: 2025-06-30T06:00:20.867Z)
[2025-06-30T06:00:20.917Z] [INFO] Found 0 reports to execute in company_9jxwph8g
[2025-06-30T06:00:20.918Z] [DEBUG] Processing company database: company_ey1a4uyd
[2025-06-30T06:00:20.968Z] [DEBUG] Skipping company_ey1a4uyd: No scheduled reports collection found
[2025-06-30T06:00:20.969Z] [INFO] Scheduled reports check completed
[2025-06-30T06:00:20.973Z] [DEBUG] MongoDB connection closed
[2025-06-30T06:00:50.105Z] [INFO] Checking for scheduled reports...
[2025-06-30T06:00:50.842Z] [DEBUG] Connected to MongoDB
[2025-06-30T06:00:50.908Z] [INFO] Found 2 company databases
[2025-06-30T06:00:50.909Z] [DEBUG] Processing company database: company_9jxwph8g
[2025-06-30T06:00:50.966Z] [DEBUG] Finding reports to execute in company_9jxwph8g (current time: 2025-06-30T06:00:50.966Z)
[2025-06-30T06:00:51.014Z] [INFO] Found 0 reports to execute in company_9jxwph8g
[2025-06-30T06:00:51.014Z] [DEBUG] Processing company database: company_ey1a4uyd
[2025-06-30T06:00:51.062Z] [DEBUG] Skipping company_ey1a4uyd: No scheduled reports collection found
[2025-06-30T06:00:51.062Z] [INFO] Scheduled reports check completed
[2025-06-30T06:00:51.064Z] [DEBUG] MongoDB connection closed
[2025-06-30T06:01:20.106Z] [INFO] Checking for scheduled reports...
[2025-06-30T06:01:20.696Z] [DEBUG] Connected to MongoDB
[2025-06-30T06:01:20.768Z] [INFO] Found 2 company databases
[2025-06-30T06:01:20.769Z] [DEBUG] Processing company database: company_9jxwph8g
[2025-06-30T06:01:20.828Z] [DEBUG] Finding reports to execute in company_9jxwph8g (current time: 2025-06-30T06:01:20.828Z)
[2025-06-30T06:01:20.878Z] [INFO] Found 0 reports to execute in company_9jxwph8g
[2025-06-30T06:01:20.879Z] [DEBUG] Processing company database: company_ey1a4uyd
[2025-06-30T06:01:20.941Z] [DEBUG] Skipping company_ey1a4uyd: No scheduled reports collection found
[2025-06-30T06:01:20.941Z] [INFO] Scheduled reports check completed
[2025-06-30T06:01:20.944Z] [DEBUG] MongoDB connection closed
[2025-06-30T06:01:50.107Z] [INFO] Checking for scheduled reports...
[2025-06-30T06:01:50.763Z] [DEBUG] Connected to MongoDB
[2025-06-30T06:01:50.827Z] [INFO] Found 2 company databases
[2025-06-30T06:01:50.828Z] [DEBUG] Processing company database: company_9jxwph8g
[2025-06-30T06:01:50.880Z] [DEBUG] Finding reports to execute in company_9jxwph8g (current time: 2025-06-30T06:01:50.880Z)
[2025-06-30T06:01:50.945Z] [INFO] Found 0 reports to execute in company_9jxwph8g
[2025-06-30T06:01:50.945Z] [DEBUG] Processing company database: company_ey1a4uyd
[2025-06-30T06:01:50.994Z] [DEBUG] Skipping company_ey1a4uyd: No scheduled reports collection found
[2025-06-30T06:01:50.994Z] [INFO] Scheduled reports check completed
[2025-06-30T06:01:50.996Z] [DEBUG] MongoDB connection closed
[2025-06-30T06:02:20.109Z] [INFO] Checking for scheduled reports...
[2025-06-30T06:02:20.865Z] [DEBUG] Connected to MongoDB
[2025-06-30T06:02:20.926Z] [INFO] Found 2 company databases
[2025-06-30T06:02:20.926Z] [DEBUG] Processing company database: company_9jxwph8g
[2025-06-30T06:02:20.977Z] [DEBUG] Finding reports to execute in company_9jxwph8g (current time: 2025-06-30T06:02:20.977Z)
[2025-06-30T06:02:21.026Z] [INFO] Found 0 reports to execute in company_9jxwph8g
[2025-06-30T06:02:21.027Z] [DEBUG] Processing company database: company_ey1a4uyd
[2025-06-30T06:02:21.078Z] [DEBUG] Skipping company_ey1a4uyd: No scheduled reports collection found
[2025-06-30T06:02:21.079Z] [INFO] Scheduled reports check completed
[2025-06-30T06:02:21.081Z] [DEBUG] MongoDB connection closed
[2025-06-30T06:02:50.109Z] [INFO] Checking for scheduled reports...
[2025-06-30T06:02:50.779Z] [DEBUG] Connected to MongoDB
[2025-06-30T06:02:50.852Z] [INFO] Found 2 company databases
[2025-06-30T06:02:50.852Z] [DEBUG] Processing company database: company_9jxwph8g
[2025-06-30T06:02:50.902Z] [DEBUG] Finding reports to execute in company_9jxwph8g (current time: 2025-06-30T06:02:50.902Z)
[2025-06-30T06:02:50.952Z] [INFO] Found 0 reports to execute in company_9jxwph8g
[2025-06-30T06:02:50.953Z] [DEBUG] Processing company database: company_ey1a4uyd
[2025-06-30T06:02:51.003Z] [DEBUG] Skipping company_ey1a4uyd: No scheduled reports collection found
[2025-06-30T06:02:51.003Z] [INFO] Scheduled reports check completed
[2025-06-30T06:02:51.006Z] [DEBUG] MongoDB connection closed
[2025-06-30T06:03:20.110Z] [INFO] Checking for scheduled reports...
[2025-06-30T06:03:20.687Z] [DEBUG] Connected to MongoDB
[2025-06-30T06:03:20.750Z] [INFO] Found 2 company databases
[2025-06-30T06:03:20.750Z] [DEBUG] Processing company database: company_9jxwph8g
[2025-06-30T06:03:20.800Z] [DEBUG] Finding reports to execute in company_9jxwph8g (current time: 2025-06-30T06:03:20.800Z)
[2025-06-30T06:03:20.850Z] [INFO] Found 0 reports to execute in company_9jxwph8g
[2025-06-30T06:03:20.851Z] [DEBUG] Processing company database: company_ey1a4uyd
[2025-06-30T06:03:20.907Z] [DEBUG] Skipping company_ey1a4uyd: No scheduled reports collection found
[2025-06-30T06:03:20.909Z] [INFO] Scheduled reports check completed
[2025-06-30T06:03:20.913Z] [DEBUG] MongoDB connection closed
[2025-06-30T06:03:50.111Z] [INFO] Checking for scheduled reports...
[2025-06-30T06:03:50.761Z] [DEBUG] Connected to MongoDB
[2025-06-30T06:03:50.830Z] [INFO] Found 2 company databases
[2025-06-30T06:03:50.831Z] [DEBUG] Processing company database: company_9jxwph8g
[2025-06-30T06:03:50.881Z] [DEBUG] Finding reports to execute in company_9jxwph8g (current time: 2025-06-30T06:03:50.881Z)
[2025-06-30T06:03:50.931Z] [INFO] Found 0 reports to execute in company_9jxwph8g
[2025-06-30T06:03:50.932Z] [DEBUG] Processing company database: company_ey1a4uyd
[2025-06-30T06:03:50.981Z] [DEBUG] Skipping company_ey1a4uyd: No scheduled reports collection found
[2025-06-30T06:03:50.982Z] [INFO] Scheduled reports check completed
[2025-06-30T06:03:50.984Z] [DEBUG] MongoDB connection closed
[2025-06-30T06:04:20.113Z] [INFO] Checking for scheduled reports...
[2025-06-30T06:04:20.687Z] [DEBUG] Connected to MongoDB
[2025-06-30T06:04:20.747Z] [INFO] Found 2 company databases
[2025-06-30T06:04:20.747Z] [DEBUG] Processing company database: company_9jxwph8g
[2025-06-30T06:04:20.798Z] [DEBUG] Finding reports to execute in company_9jxwph8g (current time: 2025-06-30T06:04:20.798Z)
[2025-06-30T06:04:20.848Z] [INFO] Found 0 reports to execute in company_9jxwph8g
[2025-06-30T06:04:20.848Z] [DEBUG] Processing company database: company_ey1a4uyd
[2025-06-30T06:04:20.897Z] [DEBUG] Skipping company_ey1a4uyd: No scheduled reports collection found
[2025-06-30T06:04:20.898Z] [INFO] Scheduled reports check completed
[2025-06-30T06:04:20.900Z] [DEBUG] MongoDB connection closed
[2025-06-30T06:04:50.113Z] [INFO] Checking for scheduled reports...
[2025-06-30T06:04:50.756Z] [DEBUG] Connected to MongoDB
[2025-06-30T06:04:50.816Z] [INFO] Found 2 company databases
[2025-06-30T06:04:50.816Z] [DEBUG] Processing company database: company_9jxwph8g
[2025-06-30T06:04:50.865Z] [DEBUG] Finding reports to execute in company_9jxwph8g (current time: 2025-06-30T06:04:50.865Z)
[2025-06-30T06:04:50.914Z] [INFO] Found 0 reports to execute in company_9jxwph8g
[2025-06-30T06:04:50.914Z] [DEBUG] Processing company database: company_ey1a4uyd
[2025-06-30T06:04:50.963Z] [DEBUG] Skipping company_ey1a4uyd: No scheduled reports collection found
[2025-06-30T06:04:50.963Z] [INFO] Scheduled reports check completed
[2025-06-30T06:04:50.965Z] [DEBUG] MongoDB connection closed
[2025-06-30T06:05:20.114Z] [INFO] Checking for scheduled reports...
[2025-06-30T06:05:20.688Z] [DEBUG] Connected to MongoDB
[2025-06-30T06:05:20.750Z] [INFO] Found 2 company databases
[2025-06-30T06:05:20.751Z] [DEBUG] Processing company database: company_9jxwph8g
[2025-06-30T06:05:20.801Z] [DEBUG] Finding reports to execute in company_9jxwph8g (current time: 2025-06-30T06:05:20.801Z)
[2025-06-30T06:05:20.851Z] [INFO] Found 0 reports to execute in company_9jxwph8g
[2025-06-30T06:05:20.852Z] [DEBUG] Processing company database: company_ey1a4uyd
[2025-06-30T06:05:20.901Z] [DEBUG] Skipping company_ey1a4uyd: No scheduled reports collection found
[2025-06-30T06:05:20.901Z] [INFO] Scheduled reports check completed
[2025-06-30T06:05:20.903Z] [DEBUG] MongoDB connection closed
[2025-06-30T06:05:50.114Z] [INFO] Checking for scheduled reports...
[2025-06-30T06:05:50.765Z] [DEBUG] Connected to MongoDB
[2025-06-30T06:05:50.826Z] [INFO] Found 2 company databases
[2025-06-30T06:05:50.827Z] [DEBUG] Processing company database: company_9jxwph8g
[2025-06-30T06:05:50.877Z] [DEBUG] Finding reports to execute in company_9jxwph8g (current time: 2025-06-30T06:05:50.877Z)
[2025-06-30T06:05:50.926Z] [INFO] Found 0 reports to execute in company_9jxwph8g
[2025-06-30T06:05:50.927Z] [DEBUG] Processing company database: company_ey1a4uyd
[2025-06-30T06:05:50.978Z] [DEBUG] Skipping company_ey1a4uyd: No scheduled reports collection found
[2025-06-30T06:05:50.980Z] [INFO] Scheduled reports check completed
[2025-06-30T06:05:50.984Z] [DEBUG] MongoDB connection closed
[2025-06-30T06:06:20.115Z] [INFO] Checking for scheduled reports...
[2025-06-30T06:06:20.870Z] [DEBUG] Connected to MongoDB
[2025-06-30T06:06:20.929Z] [INFO] Found 2 company databases
[2025-06-30T06:06:20.930Z] [DEBUG] Processing company database: company_9jxwph8g
[2025-06-30T06:06:20.980Z] [DEBUG] Finding reports to execute in company_9jxwph8g (current time: 2025-06-30T06:06:20.980Z)
[2025-06-30T06:06:21.030Z] [INFO] Found 0 reports to execute in company_9jxwph8g
[2025-06-30T06:06:21.030Z] [DEBUG] Processing company database: company_ey1a4uyd
[2025-06-30T06:06:21.080Z] [DEBUG] Skipping company_ey1a4uyd: No scheduled reports collection found
[2025-06-30T06:06:21.080Z] [INFO] Scheduled reports check completed
[2025-06-30T06:06:21.082Z] [DEBUG] MongoDB connection closed
[2025-06-30T06:06:50.116Z] [INFO] Checking for scheduled reports...
[2025-06-30T06:06:50.774Z] [DEBUG] Connected to MongoDB
[2025-06-30T06:06:50.834Z] [INFO] Found 2 company databases
[2025-06-30T06:06:50.835Z] [DEBUG] Processing company database: company_9jxwph8g
[2025-06-30T06:06:50.886Z] [DEBUG] Finding reports to execute in company_9jxwph8g (current time: 2025-06-30T06:06:50.886Z)
[2025-06-30T06:06:50.936Z] [INFO] Found 0 reports to execute in company_9jxwph8g
[2025-06-30T06:06:50.937Z] [DEBUG] Processing company database: company_ey1a4uyd
[2025-06-30T06:06:50.986Z] [DEBUG] Skipping company_ey1a4uyd: No scheduled reports collection found
[2025-06-30T06:06:50.987Z] [INFO] Scheduled reports check completed
[2025-06-30T06:06:50.990Z] [DEBUG] MongoDB connection closed
[2025-06-30T06:07:20.116Z] [INFO] Checking for scheduled reports...
[2025-06-30T06:07:20.694Z] [DEBUG] Connected to MongoDB
[2025-06-30T06:07:20.755Z] [INFO] Found 2 company databases
[2025-06-30T06:07:20.755Z] [DEBUG] Processing company database: company_9jxwph8g
[2025-06-30T06:07:20.806Z] [DEBUG] Finding reports to execute in company_9jxwph8g (current time: 2025-06-30T06:07:20.806Z)
[2025-06-30T06:07:20.857Z] [INFO] Found 0 reports to execute in company_9jxwph8g
[2025-06-30T06:07:20.857Z] [DEBUG] Processing company database: company_ey1a4uyd
[2025-06-30T06:07:20.907Z] [DEBUG] Skipping company_ey1a4uyd: No scheduled reports collection found
[2025-06-30T06:07:20.908Z] [INFO] Scheduled reports check completed
[2025-06-30T06:07:20.911Z] [DEBUG] MongoDB connection closed
[2025-06-30T06:07:50.117Z] [INFO] Checking for scheduled reports...
[2025-06-30T06:07:50.927Z] [DEBUG] Connected to MongoDB
[2025-06-30T06:07:50.988Z] [INFO] Found 2 company databases
[2025-06-30T06:07:50.988Z] [DEBUG] Processing company database: company_9jxwph8g
[2025-06-30T06:07:51.039Z] [DEBUG] Finding reports to execute in company_9jxwph8g (current time: 2025-06-30T06:07:51.039Z)
[2025-06-30T06:07:51.092Z] [INFO] Found 0 reports to execute in company_9jxwph8g
[2025-06-30T06:07:51.093Z] [DEBUG] Processing company database: company_ey1a4uyd
[2025-06-30T06:07:51.142Z] [DEBUG] Skipping company_ey1a4uyd: No scheduled reports collection found
[2025-06-30T06:07:51.143Z] [INFO] Scheduled reports check completed
[2025-06-30T06:07:51.146Z] [DEBUG] MongoDB connection closed
[2025-06-30T06:08:20.119Z] [INFO] Checking for scheduled reports...
[2025-06-30T06:08:20.688Z] [DEBUG] Connected to MongoDB
[2025-06-30T06:08:20.747Z] [INFO] Found 2 company databases
[2025-06-30T06:08:20.747Z] [DEBUG] Processing company database: company_9jxwph8g
[2025-06-30T06:08:20.806Z] [DEBUG] Finding reports to execute in company_9jxwph8g (current time: 2025-06-30T06:08:20.806Z)
[2025-06-30T06:08:20.856Z] [INFO] Found 0 reports to execute in company_9jxwph8g
[2025-06-30T06:08:20.856Z] [DEBUG] Processing company database: company_ey1a4uyd
[2025-06-30T06:08:20.904Z] [DEBUG] Skipping company_ey1a4uyd: No scheduled reports collection found
[2025-06-30T06:08:20.905Z] [INFO] Scheduled reports check completed
[2025-06-30T06:08:20.906Z] [DEBUG] MongoDB connection closed
[2025-06-30T06:08:50.135Z] [INFO] Checking for scheduled reports...
[2025-06-30T06:08:50.813Z] [DEBUG] Connected to MongoDB
[2025-06-30T06:08:50.874Z] [INFO] Found 2 company databases
[2025-06-30T06:08:50.874Z] [DEBUG] Processing company database: company_9jxwph8g
[2025-06-30T06:08:50.924Z] [DEBUG] Finding reports to execute in company_9jxwph8g (current time: 2025-06-30T06:08:50.924Z)
[2025-06-30T06:08:50.973Z] [INFO] Found 0 reports to execute in company_9jxwph8g
[2025-06-30T06:08:50.974Z] [DEBUG] Processing company database: company_ey1a4uyd
[2025-06-30T06:08:51.023Z] [DEBUG] Skipping company_ey1a4uyd: No scheduled reports collection found
[2025-06-30T06:08:51.024Z] [INFO] Scheduled reports check completed
[2025-06-30T06:08:51.027Z] [DEBUG] MongoDB connection closed
[2025-06-30T06:09:20.136Z] [INFO] Checking for scheduled reports...
[2025-06-30T06:09:20.821Z] [DEBUG] Connected to MongoDB
[2025-06-30T06:09:20.881Z] [INFO] Found 2 company databases
[2025-06-30T06:09:20.881Z] [DEBUG] Processing company database: company_9jxwph8g
[2025-06-30T06:09:20.931Z] [DEBUG] Finding reports to execute in company_9jxwph8g (current time: 2025-06-30T06:09:20.931Z)
[2025-06-30T06:09:20.981Z] [INFO] Found 0 reports to execute in company_9jxwph8g
[2025-06-30T06:09:20.982Z] [DEBUG] Processing company database: company_ey1a4uyd
[2025-06-30T06:09:21.032Z] [DEBUG] Skipping company_ey1a4uyd: No scheduled reports collection found
[2025-06-30T06:09:21.032Z] [INFO] Scheduled reports check completed
[2025-06-30T06:09:21.035Z] [DEBUG] MongoDB connection closed
[2025-06-30T06:09:50.136Z] [INFO] Checking for scheduled reports...
[2025-06-30T06:09:50.795Z] [DEBUG] Connected to MongoDB
[2025-06-30T06:09:50.855Z] [INFO] Found 2 company databases
[2025-06-30T06:09:50.856Z] [DEBUG] Processing company database: company_9jxwph8g
[2025-06-30T06:09:50.906Z] [DEBUG] Finding reports to execute in company_9jxwph8g (current time: 2025-06-30T06:09:50.906Z)
[2025-06-30T06:09:50.955Z] [INFO] Found 0 reports to execute in company_9jxwph8g
[2025-06-30T06:09:50.956Z] [DEBUG] Processing company database: company_ey1a4uyd
[2025-06-30T06:09:51.006Z] [DEBUG] Skipping company_ey1a4uyd: No scheduled reports collection found
[2025-06-30T06:09:51.007Z] [INFO] Scheduled reports check completed
[2025-06-30T06:09:51.009Z] [DEBUG] MongoDB connection closed
[2025-06-30T06:10:20.137Z] [INFO] Checking for scheduled reports...
[2025-06-30T06:10:20.728Z] [DEBUG] Connected to MongoDB
[2025-06-30T06:10:20.789Z] [INFO] Found 2 company databases
[2025-06-30T06:10:20.790Z] [DEBUG] Processing company database: company_9jxwph8g
[2025-06-30T06:10:20.840Z] [DEBUG] Finding reports to execute in company_9jxwph8g (current time: 2025-06-30T06:10:20.840Z)
[2025-06-30T06:10:20.891Z] [INFO] Found 0 reports to execute in company_9jxwph8g
[2025-06-30T06:10:20.892Z] [DEBUG] Processing company database: company_ey1a4uyd
[2025-06-30T06:10:20.943Z] [DEBUG] Skipping company_ey1a4uyd: No scheduled reports collection found
[2025-06-30T06:10:20.944Z] [INFO] Scheduled reports check completed
[2025-06-30T06:10:20.947Z] [DEBUG] MongoDB connection closed
[2025-06-30T06:10:50.138Z] [INFO] Checking for scheduled reports...
[2025-06-30T06:10:51.018Z] [DEBUG] Connected to MongoDB
[2025-06-30T06:10:51.083Z] [INFO] Found 2 company databases
[2025-06-30T06:10:51.083Z] [DEBUG] Processing company database: company_9jxwph8g
[2025-06-30T06:10:51.138Z] [DEBUG] Finding reports to execute in company_9jxwph8g (current time: 2025-06-30T06:10:51.138Z)
[2025-06-30T06:10:51.191Z] [INFO] Found 0 reports to execute in company_9jxwph8g
[2025-06-30T06:10:51.191Z] [DEBUG] Processing company database: company_ey1a4uyd
[2025-06-30T06:10:51.244Z] [DEBUG] Skipping company_ey1a4uyd: No scheduled reports collection found
[2025-06-30T06:10:51.244Z] [INFO] Scheduled reports check completed
[2025-06-30T06:10:51.246Z] [DEBUG] MongoDB connection closed
[2025-06-30T06:11:20.140Z] [INFO] Checking for scheduled reports...
[2025-06-30T06:11:20.770Z] [DEBUG] Connected to MongoDB
[2025-06-30T06:11:20.835Z] [INFO] Found 2 company databases
[2025-06-30T06:11:20.836Z] [DEBUG] Processing company database: company_9jxwph8g
[2025-06-30T06:11:20.889Z] [DEBUG] Finding reports to execute in company_9jxwph8g (current time: 2025-06-30T06:11:20.889Z)
[2025-06-30T06:11:20.942Z] [INFO] Found 0 reports to execute in company_9jxwph8g
[2025-06-30T06:11:20.943Z] [DEBUG] Processing company database: company_ey1a4uyd
[2025-06-30T06:11:20.997Z] [DEBUG] Skipping company_ey1a4uyd: No scheduled reports collection found
[2025-06-30T06:11:20.997Z] [INFO] Scheduled reports check completed
[2025-06-30T06:11:20.999Z] [DEBUG] MongoDB connection closed
[2025-06-30T06:11:50.141Z] [INFO] Checking for scheduled reports...
[2025-06-30T06:11:50.826Z] [DEBUG] Connected to MongoDB
[2025-06-30T06:11:50.890Z] [INFO] Found 2 company databases
[2025-06-30T06:11:50.890Z] [DEBUG] Processing company database: company_9jxwph8g
[2025-06-30T06:11:50.945Z] [DEBUG] Finding reports to execute in company_9jxwph8g (current time: 2025-06-30T06:11:50.945Z)
[2025-06-30T06:11:50.999Z] [INFO] Found 0 reports to execute in company_9jxwph8g
[2025-06-30T06:11:50.999Z] [DEBUG] Processing company database: company_ey1a4uyd
[2025-06-30T06:11:51.053Z] [DEBUG] Skipping company_ey1a4uyd: No scheduled reports collection found
[2025-06-30T06:11:51.053Z] [INFO] Scheduled reports check completed
[2025-06-30T06:11:51.056Z] [DEBUG] MongoDB connection closed
[2025-06-30T06:12:20.142Z] [INFO] Checking for scheduled reports...
[2025-06-30T06:12:20.865Z] [DEBUG] Connected to MongoDB
[2025-06-30T06:12:20.929Z] [INFO] Found 2 company databases
[2025-06-30T06:12:20.929Z] [DEBUG] Processing company database: company_9jxwph8g
[2025-06-30T06:12:20.984Z] [DEBUG] Finding reports to execute in company_9jxwph8g (current time: 2025-06-30T06:12:20.984Z)
[2025-06-30T06:12:21.038Z] [INFO] Found 0 reports to execute in company_9jxwph8g
[2025-06-30T06:12:21.038Z] [DEBUG] Processing company database: company_ey1a4uyd
[2025-06-30T06:12:21.092Z] [DEBUG] Skipping company_ey1a4uyd: No scheduled reports collection found
[2025-06-30T06:12:21.092Z] [INFO] Scheduled reports check completed
[2025-06-30T06:12:21.093Z] [DEBUG] MongoDB connection closed
[2025-06-30T06:12:50.142Z] [INFO] Checking for scheduled reports...
[2025-06-30T06:12:50.845Z] [DEBUG] Connected to MongoDB
[2025-06-30T06:12:50.914Z] [INFO] Found 2 company databases
[2025-06-30T06:12:50.914Z] [DEBUG] Processing company database: company_9jxwph8g
[2025-06-30T06:12:50.970Z] [DEBUG] Finding reports to execute in company_9jxwph8g (current time: 2025-06-30T06:12:50.970Z)
[2025-06-30T06:12:51.024Z] [INFO] Found 0 reports to execute in company_9jxwph8g
[2025-06-30T06:12:51.024Z] [DEBUG] Processing company database: company_ey1a4uyd
[2025-06-30T06:12:51.078Z] [DEBUG] Skipping company_ey1a4uyd: No scheduled reports collection found
[2025-06-30T06:12:51.078Z] [INFO] Scheduled reports check completed
[2025-06-30T06:12:51.080Z] [DEBUG] MongoDB connection closed
[2025-06-30T06:13:20.143Z] [INFO] Checking for scheduled reports...
[2025-06-30T06:13:20.770Z] [DEBUG] Connected to MongoDB
[2025-06-30T06:13:20.835Z] [INFO] Found 2 company databases
[2025-06-30T06:13:20.836Z] [DEBUG] Processing company database: company_9jxwph8g
[2025-06-30T06:13:20.890Z] [DEBUG] Finding reports to execute in company_9jxwph8g (current time: 2025-06-30T06:13:20.890Z)
[2025-06-30T06:13:20.944Z] [INFO] Found 0 reports to execute in company_9jxwph8g
[2025-06-30T06:13:20.945Z] [DEBUG] Processing company database: company_ey1a4uyd
[2025-06-30T06:13:21.004Z] [DEBUG] Skipping company_ey1a4uyd: No scheduled reports collection found
[2025-06-30T06:13:21.005Z] [INFO] Scheduled reports check completed
[2025-06-30T06:13:21.007Z] [DEBUG] MongoDB connection closed
[2025-06-30T06:13:50.145Z] [INFO] Checking for scheduled reports...
[2025-06-30T06:13:50.847Z] [DEBUG] Connected to MongoDB
[2025-06-30T06:13:50.913Z] [INFO] Found 2 company databases
[2025-06-30T06:13:50.913Z] [DEBUG] Processing company database: company_9jxwph8g
[2025-06-30T06:13:50.968Z] [DEBUG] Finding reports to execute in company_9jxwph8g (current time: 2025-06-30T06:13:50.968Z)
[2025-06-30T06:13:51.022Z] [INFO] Found 0 reports to execute in company_9jxwph8g
[2025-06-30T06:13:51.023Z] [DEBUG] Processing company database: company_ey1a4uyd
[2025-06-30T06:13:51.077Z] [DEBUG] Skipping company_ey1a4uyd: No scheduled reports collection found
[2025-06-30T06:13:51.077Z] [INFO] Scheduled reports check completed
[2025-06-30T06:13:51.080Z] [DEBUG] MongoDB connection closed
[2025-06-30T06:14:20.146Z] [INFO] Checking for scheduled reports...
[2025-06-30T06:14:20.731Z] [DEBUG] Connected to MongoDB
[2025-06-30T06:14:20.792Z] [INFO] Found 2 company databases
[2025-06-30T06:14:20.793Z] [DEBUG] Processing company database: company_9jxwph8g
[2025-06-30T06:14:20.845Z] [DEBUG] Finding reports to execute in company_9jxwph8g (current time: 2025-06-30T06:14:20.845Z)
[2025-06-30T06:14:20.895Z] [INFO] Found 0 reports to execute in company_9jxwph8g
[2025-06-30T06:14:20.895Z] [DEBUG] Processing company database: company_ey1a4uyd
[2025-06-30T06:14:20.946Z] [DEBUG] Skipping company_ey1a4uyd: No scheduled reports collection found
[2025-06-30T06:14:20.946Z] [INFO] Scheduled reports check completed
[2025-06-30T06:14:20.948Z] [DEBUG] MongoDB connection closed
[2025-06-30T06:14:50.147Z] [INFO] Checking for scheduled reports...
[2025-06-30T06:14:50.834Z] [DEBUG] Connected to MongoDB
[2025-06-30T06:14:50.900Z] [INFO] Found 2 company databases
[2025-06-30T06:14:50.901Z] [DEBUG] Processing company database: company_9jxwph8g
[2025-06-30T06:14:50.961Z] [DEBUG] Finding reports to execute in company_9jxwph8g (current time: 2025-06-30T06:14:50.961Z)
[2025-06-30T06:14:51.015Z] [INFO] Found 0 reports to execute in company_9jxwph8g
[2025-06-30T06:14:51.016Z] [DEBUG] Processing company database: company_ey1a4uyd
[2025-06-30T06:14:51.070Z] [DEBUG] Skipping company_ey1a4uyd: No scheduled reports collection found
[2025-06-30T06:14:51.070Z] [INFO] Scheduled reports check completed
[2025-06-30T06:14:51.072Z] [DEBUG] MongoDB connection closed
[2025-06-30T06:15:20.148Z] [INFO] Checking for scheduled reports...
[2025-06-30T06:15:20.916Z] [DEBUG] Connected to MongoDB
[2025-06-30T06:15:20.976Z] [INFO] Found 2 company databases
[2025-06-30T06:15:20.977Z] [DEBUG] Processing company database: company_9jxwph8g
[2025-06-30T06:15:21.027Z] [DEBUG] Finding reports to execute in company_9jxwph8g (current time: 2025-06-30T06:15:21.027Z)
[2025-06-30T06:15:21.077Z] [INFO] Found 0 reports to execute in company_9jxwph8g
[2025-06-30T06:15:21.078Z] [DEBUG] Processing company database: company_ey1a4uyd
[2025-06-30T06:15:21.128Z] [DEBUG] Skipping company_ey1a4uyd: No scheduled reports collection found
[2025-06-30T06:15:21.128Z] [INFO] Scheduled reports check completed
[2025-06-30T06:15:21.131Z] [DEBUG] MongoDB connection closed
[2025-06-30T06:15:50.150Z] [INFO] Checking for scheduled reports...
[2025-06-30T06:15:50.817Z] [DEBUG] Connected to MongoDB
[2025-06-30T06:15:50.879Z] [INFO] Found 2 company databases
[2025-06-30T06:15:50.880Z] [DEBUG] Processing company database: company_9jxwph8g
[2025-06-30T06:15:50.933Z] [DEBUG] Finding reports to execute in company_9jxwph8g (current time: 2025-06-30T06:15:50.933Z)
[2025-06-30T06:15:50.983Z] [INFO] Found 0 reports to execute in company_9jxwph8g
[2025-06-30T06:15:50.984Z] [DEBUG] Processing company database: company_ey1a4uyd
[2025-06-30T06:15:51.033Z] [DEBUG] Skipping company_ey1a4uyd: No scheduled reports collection found
[2025-06-30T06:15:51.034Z] [INFO] Scheduled reports check completed
[2025-06-30T06:15:51.036Z] [DEBUG] MongoDB connection closed
[2025-06-30T06:16:20.151Z] [INFO] Checking for scheduled reports...
[2025-06-30T06:16:20.727Z] [DEBUG] Connected to MongoDB
[2025-06-30T06:16:20.788Z] [INFO] Found 2 company databases
[2025-06-30T06:16:20.788Z] [DEBUG] Processing company database: company_9jxwph8g
[2025-06-30T06:16:20.839Z] [DEBUG] Finding reports to execute in company_9jxwph8g (current time: 2025-06-30T06:16:20.839Z)
[2025-06-30T06:16:20.889Z] [INFO] Found 0 reports to execute in company_9jxwph8g
[2025-06-30T06:16:20.890Z] [DEBUG] Processing company database: company_ey1a4uyd
[2025-06-30T06:16:20.940Z] [DEBUG] Skipping company_ey1a4uyd: No scheduled reports collection found
[2025-06-30T06:16:20.940Z] [INFO] Scheduled reports check completed
[2025-06-30T06:16:20.943Z] [DEBUG] MongoDB connection closed
[2025-06-30T06:16:50.152Z] [INFO] Checking for scheduled reports...
[2025-06-30T06:16:50.916Z] [DEBUG] Connected to MongoDB
[2025-06-30T06:16:50.976Z] [INFO] Found 2 company databases
[2025-06-30T06:16:50.977Z] [DEBUG] Processing company database: company_9jxwph8g
[2025-06-30T06:16:51.029Z] [DEBUG] Finding reports to execute in company_9jxwph8g (current time: 2025-06-30T06:16:51.029Z)
[2025-06-30T06:16:51.079Z] [INFO] Found 0 reports to execute in company_9jxwph8g
[2025-06-30T06:16:51.080Z] [DEBUG] Processing company database: company_ey1a4uyd
[2025-06-30T06:16:51.129Z] [DEBUG] Skipping company_ey1a4uyd: No scheduled reports collection found
[2025-06-30T06:16:51.130Z] [INFO] Scheduled reports check completed
[2025-06-30T06:16:51.132Z] [DEBUG] MongoDB connection closed
[2025-06-30T06:17:20.151Z] [INFO] Checking for scheduled reports...
[2025-06-30T06:17:20.720Z] [DEBUG] Connected to MongoDB
[2025-06-30T06:17:20.781Z] [INFO] Found 2 company databases
[2025-06-30T06:17:20.782Z] [DEBUG] Processing company database: company_9jxwph8g
[2025-06-30T06:17:20.832Z] [DEBUG] Finding reports to execute in company_9jxwph8g (current time: 2025-06-30T06:17:20.832Z)
[2025-06-30T06:17:20.882Z] [INFO] Found 0 reports to execute in company_9jxwph8g
[2025-06-30T06:17:20.882Z] [DEBUG] Processing company database: company_ey1a4uyd
[2025-06-30T06:17:20.931Z] [DEBUG] Skipping company_ey1a4uyd: No scheduled reports collection found
[2025-06-30T06:17:20.931Z] [INFO] Scheduled reports check completed
[2025-06-30T06:17:20.933Z] [DEBUG] MongoDB connection closed
[2025-06-30T06:17:50.152Z] [INFO] Checking for scheduled reports...
[2025-06-30T06:17:50.811Z] [DEBUG] Connected to MongoDB
[2025-06-30T06:17:50.872Z] [INFO] Found 2 company databases
[2025-06-30T06:17:50.872Z] [DEBUG] Processing company database: company_9jxwph8g
[2025-06-30T06:17:50.923Z] [DEBUG] Finding reports to execute in company_9jxwph8g (current time: 2025-06-30T06:17:50.923Z)
[2025-06-30T06:17:50.972Z] [INFO] Found 0 reports to execute in company_9jxwph8g
[2025-06-30T06:17:50.973Z] [DEBUG] Processing company database: company_ey1a4uyd
[2025-06-30T06:17:51.022Z] [DEBUG] Skipping company_ey1a4uyd: No scheduled reports collection found
[2025-06-30T06:17:51.023Z] [INFO] Scheduled reports check completed
[2025-06-30T06:17:51.025Z] [DEBUG] MongoDB connection closed
[2025-06-30T06:18:20.154Z] [INFO] Checking for scheduled reports...
[2025-06-30T06:18:20.836Z] [DEBUG] Connected to MongoDB
[2025-06-30T06:18:20.897Z] [INFO] Found 2 company databases
[2025-06-30T06:18:20.898Z] [DEBUG] Processing company database: company_9jxwph8g
[2025-06-30T06:18:20.948Z] [DEBUG] Finding reports to execute in company_9jxwph8g (current time: 2025-06-30T06:18:20.948Z)
[2025-06-30T06:18:20.998Z] [INFO] Found 0 reports to execute in company_9jxwph8g
[2025-06-30T06:18:20.998Z] [DEBUG] Processing company database: company_ey1a4uyd
[2025-06-30T06:18:21.046Z] [DEBUG] Skipping company_ey1a4uyd: No scheduled reports collection found
[2025-06-30T06:18:21.047Z] [INFO] Scheduled reports check completed
[2025-06-30T06:18:21.048Z] [DEBUG] MongoDB connection closed
[2025-06-30T06:18:50.155Z] [INFO] Checking for scheduled reports...
[2025-06-30T06:18:50.807Z] [DEBUG] Connected to MongoDB
[2025-06-30T06:18:50.868Z] [INFO] Found 2 company databases
[2025-06-30T06:18:50.868Z] [DEBUG] Processing company database: company_9jxwph8g
[2025-06-30T06:18:50.918Z] [DEBUG] Finding reports to execute in company_9jxwph8g (current time: 2025-06-30T06:18:50.918Z)
[2025-06-30T06:18:50.968Z] [INFO] Found 0 reports to execute in company_9jxwph8g
[2025-06-30T06:18:50.968Z] [DEBUG] Processing company database: company_ey1a4uyd
[2025-06-30T06:18:51.018Z] [DEBUG] Skipping company_ey1a4uyd: No scheduled reports collection found
[2025-06-30T06:18:51.019Z] [INFO] Scheduled reports check completed
[2025-06-30T06:18:51.021Z] [DEBUG] MongoDB connection closed
[2025-06-30T06:19:20.155Z] [INFO] Checking for scheduled reports...
[2025-06-30T06:19:20.746Z] [DEBUG] Connected to MongoDB
[2025-06-30T06:19:20.808Z] [INFO] Found 2 company databases
[2025-06-30T06:19:20.808Z] [DEBUG] Processing company database: company_9jxwph8g
[2025-06-30T06:19:20.859Z] [DEBUG] Finding reports to execute in company_9jxwph8g (current time: 2025-06-30T06:19:20.859Z)
[2025-06-30T06:19:20.910Z] [INFO] Found 0 reports to execute in company_9jxwph8g
[2025-06-30T06:19:20.910Z] [DEBUG] Processing company database: company_ey1a4uyd
[2025-06-30T06:19:20.960Z] [DEBUG] Skipping company_ey1a4uyd: No scheduled reports collection found
[2025-06-30T06:19:20.961Z] [INFO] Scheduled reports check completed
[2025-06-30T06:19:20.964Z] [DEBUG] MongoDB connection closed
[2025-06-30T06:19:50.157Z] [INFO] Checking for scheduled reports...
[2025-06-30T06:19:50.958Z] [DEBUG] Connected to MongoDB
[2025-06-30T06:19:51.023Z] [INFO] Found 2 company databases
[2025-06-30T06:19:51.024Z] [DEBUG] Processing company database: company_9jxwph8g
[2025-06-30T06:19:51.077Z] [DEBUG] Finding reports to execute in company_9jxwph8g (current time: 2025-06-30T06:19:51.077Z)
[2025-06-30T06:19:51.130Z] [INFO] Found 0 reports to execute in company_9jxwph8g
[2025-06-30T06:19:51.131Z] [DEBUG] Processing company database: company_ey1a4uyd
[2025-06-30T06:19:51.184Z] [DEBUG] Skipping company_ey1a4uyd: No scheduled reports collection found
[2025-06-30T06:19:51.185Z] [INFO] Scheduled reports check completed
[2025-06-30T06:19:51.186Z] [DEBUG] MongoDB connection closed
[2025-06-30T06:20:20.158Z] [INFO] Checking for scheduled reports...
[2025-06-30T06:20:20.776Z] [DEBUG] Connected to MongoDB
[2025-06-30T06:20:20.840Z] [INFO] Found 2 company databases
[2025-06-30T06:20:20.841Z] [DEBUG] Processing company database: company_9jxwph8g
[2025-06-30T06:20:20.895Z] [DEBUG] Finding reports to execute in company_9jxwph8g (current time: 2025-06-30T06:20:20.895Z)
[2025-06-30T06:20:20.949Z] [INFO] Found 0 reports to execute in company_9jxwph8g
[2025-06-30T06:20:20.950Z] [DEBUG] Processing company database: company_ey1a4uyd
[2025-06-30T06:20:21.004Z] [DEBUG] Skipping company_ey1a4uyd: No scheduled reports collection found
[2025-06-30T06:20:21.004Z] [INFO] Scheduled reports check completed
[2025-06-30T06:20:21.006Z] [DEBUG] MongoDB connection closed
[2025-06-30T06:20:50.159Z] [INFO] Checking for scheduled reports...
[2025-06-30T06:20:50.865Z] [DEBUG] Connected to MongoDB
[2025-06-30T06:20:50.930Z] [INFO] Found 2 company databases
[2025-06-30T06:20:50.931Z] [DEBUG] Processing company database: company_9jxwph8g
[2025-06-30T06:20:50.985Z] [DEBUG] Finding reports to execute in company_9jxwph8g (current time: 2025-06-30T06:20:50.985Z)
[2025-06-30T06:20:51.040Z] [INFO] Found 0 reports to execute in company_9jxwph8g
[2025-06-30T06:20:51.041Z] [DEBUG] Processing company database: company_ey1a4uyd
[2025-06-30T06:20:51.094Z] [DEBUG] Skipping company_ey1a4uyd: No scheduled reports collection found
[2025-06-30T06:20:51.095Z] [INFO] Scheduled reports check completed
[2025-06-30T06:20:51.096Z] [DEBUG] MongoDB connection closed
[2025-06-30T06:21:20.160Z] [INFO] Checking for scheduled reports...
[2025-06-30T06:21:20.772Z] [DEBUG] Connected to MongoDB
[2025-06-30T06:21:20.836Z] [INFO] Found 2 company databases
[2025-06-30T06:21:20.837Z] [DEBUG] Processing company database: company_9jxwph8g
[2025-06-30T06:21:20.891Z] [DEBUG] Finding reports to execute in company_9jxwph8g (current time: 2025-06-30T06:21:20.891Z)
[2025-06-30T06:21:20.944Z] [INFO] Found 0 reports to execute in company_9jxwph8g
[2025-06-30T06:21:20.945Z] [DEBUG] Processing company database: company_ey1a4uyd
[2025-06-30T06:21:20.998Z] [DEBUG] Skipping company_ey1a4uyd: No scheduled reports collection found
[2025-06-30T06:21:20.998Z] [INFO] Scheduled reports check completed
[2025-06-30T06:21:21.001Z] [DEBUG] MongoDB connection closed
[2025-06-30T06:21:50.161Z] [INFO] Checking for scheduled reports...
[2025-06-30T06:21:50.857Z] [DEBUG] Connected to MongoDB
[2025-06-30T06:21:50.922Z] [INFO] Found 2 company databases
[2025-06-30T06:21:50.922Z] [DEBUG] Processing company database: company_9jxwph8g
[2025-06-30T06:21:50.976Z] [DEBUG] Finding reports to execute in company_9jxwph8g (current time: 2025-06-30T06:21:50.976Z)
[2025-06-30T06:21:51.030Z] [INFO] Found 0 reports to execute in company_9jxwph8g
[2025-06-30T06:21:51.030Z] [DEBUG] Processing company database: company_ey1a4uyd
[2025-06-30T06:21:51.085Z] [DEBUG] Skipping company_ey1a4uyd: No scheduled reports collection found
[2025-06-30T06:21:51.086Z] [INFO] Scheduled reports check completed
[2025-06-30T06:21:51.088Z] [DEBUG] MongoDB connection closed
[2025-06-30T06:22:20.163Z] [INFO] Checking for scheduled reports...
[2025-06-30T06:22:20.785Z] [DEBUG] Connected to MongoDB
[2025-06-30T06:22:20.850Z] [INFO] Found 2 company databases
[2025-06-30T06:22:20.850Z] [DEBUG] Processing company database: company_9jxwph8g
[2025-06-30T06:22:20.905Z] [DEBUG] Finding reports to execute in company_9jxwph8g (current time: 2025-06-30T06:22:20.905Z)
[2025-06-30T06:22:20.958Z] [INFO] Found 0 reports to execute in company_9jxwph8g
[2025-06-30T06:22:20.959Z] [DEBUG] Processing company database: company_ey1a4uyd
[2025-06-30T06:22:21.013Z] [DEBUG] Skipping company_ey1a4uyd: No scheduled reports collection found
[2025-06-30T06:22:21.013Z] [INFO] Scheduled reports check completed
[2025-06-30T06:22:21.016Z] [DEBUG] MongoDB connection closed
[2025-06-30T06:22:50.164Z] [INFO] Checking for scheduled reports...
[2025-06-30T06:22:51.016Z] [DEBUG] Connected to MongoDB
[2025-06-30T06:22:51.080Z] [INFO] Found 2 company databases
[2025-06-30T06:22:51.081Z] [DEBUG] Processing company database: company_9jxwph8g
[2025-06-30T06:22:51.135Z] [DEBUG] Finding reports to execute in company_9jxwph8g (current time: 2025-06-30T06:22:51.135Z)
[2025-06-30T06:22:51.189Z] [INFO] Found 0 reports to execute in company_9jxwph8g
[2025-06-30T06:22:51.189Z] [DEBUG] Processing company database: company_ey1a4uyd
[2025-06-30T06:22:51.242Z] [DEBUG] Skipping company_ey1a4uyd: No scheduled reports collection found
[2025-06-30T06:22:51.242Z] [INFO] Scheduled reports check completed
[2025-06-30T06:22:51.244Z] [DEBUG] MongoDB connection closed
[2025-06-30T06:23:20.166Z] [INFO] Checking for scheduled reports...
[2025-06-30T06:23:20.796Z] [DEBUG] Connected to MongoDB
[2025-06-30T06:23:20.862Z] [INFO] Found 2 company databases
[2025-06-30T06:23:20.863Z] [DEBUG] Processing company database: company_9jxwph8g
[2025-06-30T06:23:20.918Z] [DEBUG] Finding reports to execute in company_9jxwph8g (current time: 2025-06-30T06:23:20.918Z)
[2025-06-30T06:23:20.973Z] [INFO] Found 0 reports to execute in company_9jxwph8g
[2025-06-30T06:23:20.974Z] [DEBUG] Processing company database: company_ey1a4uyd
[2025-06-30T06:23:21.028Z] [DEBUG] Skipping company_ey1a4uyd: No scheduled reports collection found
[2025-06-30T06:23:21.029Z] [INFO] Scheduled reports check completed
[2025-06-30T06:23:21.031Z] [DEBUG] MongoDB connection closed
[2025-06-30T06:23:50.167Z] [INFO] Checking for scheduled reports...
[2025-06-30T06:23:50.877Z] [DEBUG] Connected to MongoDB
[2025-06-30T06:23:50.943Z] [INFO] Found 2 company databases
[2025-06-30T06:23:50.943Z] [DEBUG] Processing company database: company_9jxwph8g
[2025-06-30T06:23:50.998Z] [DEBUG] Finding reports to execute in company_9jxwph8g (current time: 2025-06-30T06:23:50.998Z)
[2025-06-30T06:23:51.052Z] [INFO] Found 0 reports to execute in company_9jxwph8g
[2025-06-30T06:23:51.052Z] [DEBUG] Processing company database: company_ey1a4uyd
[2025-06-30T06:23:51.107Z] [DEBUG] Skipping company_ey1a4uyd: No scheduled reports collection found
[2025-06-30T06:23:51.107Z] [INFO] Scheduled reports check completed
[2025-06-30T06:23:51.110Z] [DEBUG] MongoDB connection closed
[2025-06-30T06:24:20.167Z] [INFO] Checking for scheduled reports...
[2025-06-30T06:24:20.893Z] [DEBUG] Connected to MongoDB
[2025-06-30T06:24:20.959Z] [INFO] Found 2 company databases
[2025-06-30T06:24:20.960Z] [DEBUG] Processing company database: company_9jxwph8g
[2025-06-30T06:24:21.024Z] [DEBUG] Finding reports to execute in company_9jxwph8g (current time: 2025-06-30T06:24:21.024Z)
[2025-06-30T06:24:21.078Z] [INFO] Found 0 reports to execute in company_9jxwph8g
[2025-06-30T06:24:21.079Z] [DEBUG] Processing company database: company_ey1a4uyd
[2025-06-30T06:24:21.133Z] [DEBUG] Skipping company_ey1a4uyd: No scheduled reports collection found
[2025-06-30T06:24:21.134Z] [INFO] Scheduled reports check completed
[2025-06-30T06:24:21.136Z] [DEBUG] MongoDB connection closed
[2025-06-30T06:24:50.169Z] [INFO] Checking for scheduled reports...
[2025-06-30T06:24:50.871Z] [DEBUG] Connected to MongoDB
[2025-06-30T06:24:50.937Z] [INFO] Found 2 company databases
[2025-06-30T06:24:50.937Z] [DEBUG] Processing company database: company_9jxwph8g
[2025-06-30T06:24:50.991Z] [DEBUG] Finding reports to execute in company_9jxwph8g (current time: 2025-06-30T06:24:50.991Z)
[2025-06-30T06:24:51.045Z] [INFO] Found 0 reports to execute in company_9jxwph8g
[2025-06-30T06:24:51.046Z] [DEBUG] Processing company database: company_ey1a4uyd
[2025-06-30T06:24:51.100Z] [DEBUG] Skipping company_ey1a4uyd: No scheduled reports collection found
[2025-06-30T06:24:51.100Z] [INFO] Scheduled reports check completed
[2025-06-30T06:24:51.102Z] [DEBUG] MongoDB connection closed
[2025-06-30T06:25:20.170Z] [INFO] Checking for scheduled reports...
[2025-06-30T06:25:20.794Z] [DEBUG] Connected to MongoDB
[2025-06-30T06:25:20.859Z] [INFO] Found 2 company databases
[2025-06-30T06:25:20.859Z] [DEBUG] Processing company database: company_9jxwph8g
[2025-06-30T06:25:20.914Z] [DEBUG] Finding reports to execute in company_9jxwph8g (current time: 2025-06-30T06:25:20.914Z)
[2025-06-30T06:25:20.968Z] [INFO] Found 0 reports to execute in company_9jxwph8g
[2025-06-30T06:25:20.969Z] [DEBUG] Processing company database: company_ey1a4uyd
[2025-06-30T06:25:21.022Z] [DEBUG] Skipping company_ey1a4uyd: No scheduled reports collection found
[2025-06-30T06:25:21.023Z] [INFO] Scheduled reports check completed
[2025-06-30T06:25:21.025Z] [DEBUG] MongoDB connection closed
[2025-06-30T06:25:50.170Z] [INFO] Checking for scheduled reports...
[2025-06-30T06:25:51.059Z] [DEBUG] Connected to MongoDB
[2025-06-30T06:25:51.123Z] [INFO] Found 2 company databases
[2025-06-30T06:25:51.124Z] [DEBUG] Processing company database: company_9jxwph8g
[2025-06-30T06:25:51.179Z] [DEBUG] Finding reports to execute in company_9jxwph8g (current time: 2025-06-30T06:25:51.179Z)
[2025-06-30T06:25:51.233Z] [INFO] Found 0 reports to execute in company_9jxwph8g
[2025-06-30T06:25:51.234Z] [DEBUG] Processing company database: company_ey1a4uyd
[2025-06-30T06:25:51.288Z] [DEBUG] Skipping company_ey1a4uyd: No scheduled reports collection found
[2025-06-30T06:25:51.288Z] [INFO] Scheduled reports check completed
[2025-06-30T06:25:51.291Z] [DEBUG] MongoDB connection closed
[2025-06-30T06:26:20.172Z] [INFO] Checking for scheduled reports...
[2025-06-30T06:26:20.783Z] [DEBUG] Connected to MongoDB
[2025-06-30T06:26:20.848Z] [INFO] Found 2 company databases
[2025-06-30T06:26:20.848Z] [DEBUG] Processing company database: company_9jxwph8g
[2025-06-30T06:26:20.903Z] [DEBUG] Finding reports to execute in company_9jxwph8g (current time: 2025-06-30T06:26:20.903Z)
[2025-06-30T06:26:20.957Z] [INFO] Found 0 reports to execute in company_9jxwph8g
[2025-06-30T06:26:20.957Z] [DEBUG] Processing company database: company_ey1a4uyd
[2025-06-30T06:26:21.011Z] [DEBUG] Skipping company_ey1a4uyd: No scheduled reports collection found
[2025-06-30T06:26:21.011Z] [INFO] Scheduled reports check completed
[2025-06-30T06:26:21.013Z] [DEBUG] MongoDB connection closed
[2025-06-30T06:26:50.173Z] [INFO] Checking for scheduled reports...
[2025-06-30T06:26:50.868Z] [DEBUG] Connected to MongoDB
[2025-06-30T06:26:50.934Z] [INFO] Found 2 company databases
[2025-06-30T06:26:50.935Z] [DEBUG] Processing company database: company_9jxwph8g
[2025-06-30T06:26:50.989Z] [DEBUG] Finding reports to execute in company_9jxwph8g (current time: 2025-06-30T06:26:50.989Z)
[2025-06-30T06:26:51.043Z] [INFO] Found 0 reports to execute in company_9jxwph8g
[2025-06-30T06:26:51.043Z] [DEBUG] Processing company database: company_ey1a4uyd
[2025-06-30T06:26:51.097Z] [DEBUG] Skipping company_ey1a4uyd: No scheduled reports collection found
[2025-06-30T06:26:51.098Z] [INFO] Scheduled reports check completed
[2025-06-30T06:26:51.100Z] [DEBUG] MongoDB connection closed
[2025-06-30T06:27:20.175Z] [INFO] Checking for scheduled reports...
[2025-06-30T06:27:20.923Z] [DEBUG] Connected to MongoDB
[2025-06-30T06:27:20.988Z] [INFO] Found 2 company databases
[2025-06-30T06:27:20.989Z] [DEBUG] Processing company database: company_9jxwph8g
[2025-06-30T06:27:21.044Z] [DEBUG] Finding reports to execute in company_9jxwph8g (current time: 2025-06-30T06:27:21.044Z)
[2025-06-30T06:27:21.099Z] [INFO] Found 0 reports to execute in company_9jxwph8g
[2025-06-30T06:27:21.099Z] [DEBUG] Processing company database: company_ey1a4uyd
[2025-06-30T06:27:21.154Z] [DEBUG] Skipping company_ey1a4uyd: No scheduled reports collection found
[2025-06-30T06:27:21.154Z] [INFO] Scheduled reports check completed
[2025-06-30T06:27:21.156Z] [DEBUG] MongoDB connection closed
[2025-06-30T06:27:50.175Z] [INFO] Checking for scheduled reports...
[2025-06-30T06:27:50.884Z] [DEBUG] Connected to MongoDB
[2025-06-30T06:27:50.949Z] [INFO] Found 2 company databases
[2025-06-30T06:27:50.950Z] [DEBUG] Processing company database: company_9jxwph8g
[2025-06-30T06:27:51.005Z] [DEBUG] Finding reports to execute in company_9jxwph8g (current time: 2025-06-30T06:27:51.005Z)
[2025-06-30T06:27:51.059Z] [INFO] Found 0 reports to execute in company_9jxwph8g
[2025-06-30T06:27:51.060Z] [DEBUG] Processing company database: company_ey1a4uyd
[2025-06-30T06:27:51.114Z] [DEBUG] Skipping company_ey1a4uyd: No scheduled reports collection found
[2025-06-30T06:27:51.114Z] [INFO] Scheduled reports check completed
[2025-06-30T06:27:51.117Z] [DEBUG] MongoDB connection closed
[2025-06-30T06:28:20.176Z] [INFO] Checking for scheduled reports...
[2025-06-30T06:28:20.788Z] [DEBUG] Connected to MongoDB
[2025-06-30T06:28:20.852Z] [INFO] Found 2 company databases
[2025-06-30T06:28:20.853Z] [DEBUG] Processing company database: company_9jxwph8g
[2025-06-30T06:28:20.906Z] [DEBUG] Finding reports to execute in company_9jxwph8g (current time: 2025-06-30T06:28:20.906Z)
[2025-06-30T06:28:20.961Z] [INFO] Found 0 reports to execute in company_9jxwph8g
[2025-06-30T06:28:20.961Z] [DEBUG] Processing company database: company_ey1a4uyd
[2025-06-30T06:28:21.014Z] [DEBUG] Skipping company_ey1a4uyd: No scheduled reports collection found
[2025-06-30T06:28:21.014Z] [INFO] Scheduled reports check completed
[2025-06-30T06:28:21.016Z] [DEBUG] MongoDB connection closed
[2025-06-30T06:28:50.177Z] [INFO] Checking for scheduled reports...
[2025-06-30T06:28:50.977Z] [DEBUG] Connected to MongoDB
[2025-06-30T06:28:51.056Z] [INFO] Found 2 company databases
[2025-06-30T06:28:51.057Z] [DEBUG] Processing company database: company_9jxwph8g
[2025-06-30T06:28:51.111Z] [DEBUG] Finding reports to execute in company_9jxwph8g (current time: 2025-06-30T06:28:51.111Z)
[2025-06-30T06:28:51.165Z] [INFO] Found 0 reports to execute in company_9jxwph8g
[2025-06-30T06:28:51.165Z] [DEBUG] Processing company database: company_ey1a4uyd
[2025-06-30T06:28:51.219Z] [DEBUG] Skipping company_ey1a4uyd: No scheduled reports collection found
[2025-06-30T06:28:51.219Z] [INFO] Scheduled reports check completed
[2025-06-30T06:28:51.222Z] [DEBUG] MongoDB connection closed
[2025-06-30T06:29:20.178Z] [INFO] Checking for scheduled reports...
[2025-06-30T06:29:20.791Z] [DEBUG] Connected to MongoDB
[2025-06-30T06:29:20.856Z] [INFO] Found 2 company databases
[2025-06-30T06:29:20.857Z] [DEBUG] Processing company database: company_9jxwph8g
[2025-06-30T06:29:20.911Z] [DEBUG] Finding reports to execute in company_9jxwph8g (current time: 2025-06-30T06:29:20.911Z)
[2025-06-30T06:29:20.965Z] [INFO] Found 0 reports to execute in company_9jxwph8g
[2025-06-30T06:29:20.966Z] [DEBUG] Processing company database: company_ey1a4uyd
[2025-06-30T06:29:21.020Z] [DEBUG] Skipping company_ey1a4uyd: No scheduled reports collection found
[2025-06-30T06:29:21.021Z] [INFO] Scheduled reports check completed
[2025-06-30T06:29:21.023Z] [DEBUG] MongoDB connection closed
[2025-06-30T06:29:50.178Z] [INFO] Checking for scheduled reports...
[2025-06-30T06:29:50.874Z] [DEBUG] Connected to MongoDB
[2025-06-30T06:29:50.939Z] [INFO] Found 2 company databases
[2025-06-30T06:29:50.940Z] [DEBUG] Processing company database: company_9jxwph8g
[2025-06-30T06:29:50.994Z] [DEBUG] Finding reports to execute in company_9jxwph8g (current time: 2025-06-30T06:29:50.994Z)
[2025-06-30T06:29:51.047Z] [INFO] Found 0 reports to execute in company_9jxwph8g
[2025-06-30T06:29:51.048Z] [DEBUG] Processing company database: company_ey1a4uyd
[2025-06-30T06:29:51.101Z] [DEBUG] Skipping company_ey1a4uyd: No scheduled reports collection found
[2025-06-30T06:29:51.102Z] [INFO] Scheduled reports check completed
[2025-06-30T06:29:51.104Z] [DEBUG] MongoDB connection closed
[2025-06-30T06:30:20.179Z] [INFO] Checking for scheduled reports...
[2025-06-30T06:30:21.005Z] [DEBUG] Connected to MongoDB
[2025-06-30T06:30:21.070Z] [INFO] Found 2 company databases
[2025-06-30T06:30:21.071Z] [DEBUG] Processing company database: company_9jxwph8g
[2025-06-30T06:30:21.125Z] [DEBUG] Finding reports to execute in company_9jxwph8g (current time: 2025-06-30T06:30:21.125Z)
[2025-06-30T06:30:21.179Z] [INFO] Found 0 reports to execute in company_9jxwph8g
[2025-06-30T06:30:21.180Z] [DEBUG] Processing company database: company_ey1a4uyd
[2025-06-30T06:30:21.233Z] [DEBUG] Skipping company_ey1a4uyd: No scheduled reports collection found
[2025-06-30T06:30:21.234Z] [INFO] Scheduled reports check completed
[2025-06-30T06:30:21.236Z] [DEBUG] MongoDB connection closed
[2025-06-30T06:30:50.180Z] [INFO] Checking for scheduled reports...
[2025-06-30T06:30:50.870Z] [DEBUG] Connected to MongoDB
[2025-06-30T06:30:50.935Z] [INFO] Found 2 company databases
[2025-06-30T06:30:50.935Z] [DEBUG] Processing company database: company_9jxwph8g
[2025-06-30T06:30:50.990Z] [DEBUG] Finding reports to execute in company_9jxwph8g (current time: 2025-06-30T06:30:50.990Z)
[2025-06-30T06:30:51.044Z] [INFO] Found 0 reports to execute in company_9jxwph8g
[2025-06-30T06:30:51.044Z] [DEBUG] Processing company database: company_ey1a4uyd
[2025-06-30T06:30:51.098Z] [DEBUG] Skipping company_ey1a4uyd: No scheduled reports collection found
[2025-06-30T06:30:51.099Z] [INFO] Scheduled reports check completed
[2025-06-30T06:30:51.101Z] [DEBUG] MongoDB connection closed
[2025-06-30T06:31:20.181Z] [INFO] Checking for scheduled reports...
[2025-06-30T06:31:20.793Z] [DEBUG] Connected to MongoDB
[2025-06-30T06:31:20.857Z] [INFO] Found 2 company databases
[2025-06-30T06:31:20.857Z] [DEBUG] Processing company database: company_9jxwph8g
[2025-06-30T06:31:20.912Z] [DEBUG] Finding reports to execute in company_9jxwph8g (current time: 2025-06-30T06:31:20.912Z)
[2025-06-30T06:31:20.966Z] [INFO] Found 0 reports to execute in company_9jxwph8g
[2025-06-30T06:31:20.966Z] [DEBUG] Processing company database: company_ey1a4uyd
[2025-06-30T06:31:21.019Z] [DEBUG] Skipping company_ey1a4uyd: No scheduled reports collection found
[2025-06-30T06:31:21.020Z] [INFO] Scheduled reports check completed
[2025-06-30T06:31:21.022Z] [DEBUG] MongoDB connection closed
[2025-06-30T06:31:50.182Z] [INFO] Checking for scheduled reports...
[2025-06-30T06:31:51.073Z] [DEBUG] Connected to MongoDB
[2025-06-30T06:31:51.139Z] [INFO] Found 2 company databases
[2025-06-30T06:31:51.140Z] [DEBUG] Processing company database: company_9jxwph8g
[2025-06-30T06:31:51.194Z] [DEBUG] Finding reports to execute in company_9jxwph8g (current time: 2025-06-30T06:31:51.194Z)
[2025-06-30T06:31:51.248Z] [INFO] Found 0 reports to execute in company_9jxwph8g
[2025-06-30T06:31:51.248Z] [DEBUG] Processing company database: company_ey1a4uyd
[2025-06-30T06:31:51.302Z] [DEBUG] Skipping company_ey1a4uyd: No scheduled reports collection found
[2025-06-30T06:31:51.302Z] [INFO] Scheduled reports check completed
[2025-06-30T06:31:51.305Z] [DEBUG] MongoDB connection closed
[2025-06-30T06:32:20.183Z] [INFO] Checking for scheduled reports...
[2025-06-30T06:32:20.795Z] [DEBUG] Connected to MongoDB
[2025-06-30T06:32:20.860Z] [INFO] Found 2 company databases
[2025-06-30T06:32:20.861Z] [DEBUG] Processing company database: company_9jxwph8g
[2025-06-30T06:32:20.916Z] [DEBUG] Finding reports to execute in company_9jxwph8g (current time: 2025-06-30T06:32:20.916Z)
[2025-06-30T06:32:20.970Z] [INFO] Found 0 reports to execute in company_9jxwph8g
[2025-06-30T06:32:20.970Z] [DEBUG] Processing company database: company_ey1a4uyd
[2025-06-30T06:32:21.024Z] [DEBUG] Skipping company_ey1a4uyd: No scheduled reports collection found
[2025-06-30T06:32:21.025Z] [INFO] Scheduled reports check completed
[2025-06-30T06:32:21.027Z] [DEBUG] MongoDB connection closed
[2025-06-30T06:32:50.185Z] [INFO] Checking for scheduled reports...
[2025-06-30T06:32:50.885Z] [DEBUG] Connected to MongoDB
[2025-06-30T06:32:50.950Z] [INFO] Found 2 company databases
[2025-06-30T06:32:50.951Z] [DEBUG] Processing company database: company_9jxwph8g
[2025-06-30T06:32:51.006Z] [DEBUG] Finding reports to execute in company_9jxwph8g (current time: 2025-06-30T06:32:51.006Z)
[2025-06-30T06:32:51.060Z] [INFO] Found 0 reports to execute in company_9jxwph8g
[2025-06-30T06:32:51.061Z] [DEBUG] Processing company database: company_ey1a4uyd
[2025-06-30T06:32:51.115Z] [DEBUG] Skipping company_ey1a4uyd: No scheduled reports collection found
[2025-06-30T06:32:51.115Z] [INFO] Scheduled reports check completed
[2025-06-30T06:32:51.117Z] [DEBUG] MongoDB connection closed
[2025-06-30T06:33:20.185Z] [INFO] Checking for scheduled reports...
[2025-06-30T06:33:20.922Z] [DEBUG] Connected to MongoDB
[2025-06-30T06:33:20.989Z] [INFO] Found 2 company databases
[2025-06-30T06:33:20.989Z] [DEBUG] Processing company database: company_9jxwph8g
[2025-06-30T06:33:21.043Z] [DEBUG] Finding reports to execute in company_9jxwph8g (current time: 2025-06-30T06:33:21.043Z)
[2025-06-30T06:33:21.098Z] [INFO] Found 0 reports to execute in company_9jxwph8g
[2025-06-30T06:33:21.098Z] [DEBUG] Processing company database: company_ey1a4uyd
[2025-06-30T06:33:21.152Z] [DEBUG] Skipping company_ey1a4uyd: No scheduled reports collection found
[2025-06-30T06:33:21.153Z] [INFO] Scheduled reports check completed
[2025-06-30T06:33:21.155Z] [DEBUG] MongoDB connection closed
[2025-06-30T06:33:50.185Z] [INFO] Checking for scheduled reports...
[2025-06-30T06:33:50.867Z] [DEBUG] Connected to MongoDB
[2025-06-30T06:33:50.931Z] [INFO] Found 2 company databases
[2025-06-30T06:33:50.932Z] [DEBUG] Processing company database: company_9jxwph8g
[2025-06-30T06:33:50.986Z] [DEBUG] Finding reports to execute in company_9jxwph8g (current time: 2025-06-30T06:33:50.986Z)
[2025-06-30T06:33:51.040Z] [INFO] Found 0 reports to execute in company_9jxwph8g
[2025-06-30T06:33:51.041Z] [DEBUG] Processing company database: company_ey1a4uyd
[2025-06-30T06:33:51.095Z] [DEBUG] Skipping company_ey1a4uyd: No scheduled reports collection found
[2025-06-30T06:33:51.095Z] [INFO] Scheduled reports check completed
[2025-06-30T06:33:51.097Z] [DEBUG] MongoDB connection closed
[2025-06-30T06:34:20.186Z] [INFO] Checking for scheduled reports...
[2025-06-30T06:34:20.796Z] [DEBUG] Connected to MongoDB
[2025-06-30T06:34:20.862Z] [INFO] Found 2 company databases
[2025-06-30T06:34:20.862Z] [DEBUG] Processing company database: company_9jxwph8g
[2025-06-30T06:34:20.917Z] [DEBUG] Finding reports to execute in company_9jxwph8g (current time: 2025-06-30T06:34:20.917Z)
[2025-06-30T06:34:20.970Z] [INFO] Found 0 reports to execute in company_9jxwph8g
[2025-06-30T06:34:20.971Z] [DEBUG] Processing company database: company_ey1a4uyd
[2025-06-30T06:34:21.024Z] [DEBUG] Skipping company_ey1a4uyd: No scheduled reports collection found
[2025-06-30T06:34:21.025Z] [INFO] Scheduled reports check completed
[2025-06-30T06:34:21.027Z] [DEBUG] MongoDB connection closed
[2025-06-30T06:34:50.186Z] [INFO] Checking for scheduled reports...
[2025-06-30T06:34:50.988Z] [DEBUG] Connected to MongoDB
[2025-06-30T06:34:51.053Z] [INFO] Found 2 company databases
[2025-06-30T06:34:51.054Z] [DEBUG] Processing company database: company_9jxwph8g
[2025-06-30T06:34:51.108Z] [DEBUG] Finding reports to execute in company_9jxwph8g (current time: 2025-06-30T06:34:51.108Z)
[2025-06-30T06:34:51.162Z] [INFO] Found 0 reports to execute in company_9jxwph8g
[2025-06-30T06:34:51.162Z] [DEBUG] Processing company database: company_ey1a4uyd
[2025-06-30T06:34:51.216Z] [DEBUG] Skipping company_ey1a4uyd: No scheduled reports collection found
[2025-06-30T06:34:51.216Z] [INFO] Scheduled reports check completed
[2025-06-30T06:34:51.218Z] [DEBUG] MongoDB connection closed
[2025-06-30T06:35:20.187Z] [INFO] Checking for scheduled reports...
[2025-06-30T06:35:20.793Z] [DEBUG] Connected to MongoDB
[2025-06-30T06:35:20.857Z] [INFO] Found 2 company databases
[2025-06-30T06:35:20.857Z] [DEBUG] Processing company database: company_9jxwph8g
[2025-06-30T06:35:20.911Z] [DEBUG] Finding reports to execute in company_9jxwph8g (current time: 2025-06-30T06:35:20.911Z)
[2025-06-30T06:35:20.965Z] [INFO] Found 0 reports to execute in company_9jxwph8g
[2025-06-30T06:35:20.966Z] [DEBUG] Processing company database: company_ey1a4uyd
[2025-06-30T06:35:21.020Z] [DEBUG] Skipping company_ey1a4uyd: No scheduled reports collection found
[2025-06-30T06:35:21.021Z] [INFO] Scheduled reports check completed
[2025-06-30T06:35:21.023Z] [DEBUG] MongoDB connection closed
[2025-06-30T06:35:50.189Z] [INFO] Checking for scheduled reports...
[2025-06-30T06:35:50.881Z] [DEBUG] Connected to MongoDB
[2025-06-30T06:35:50.948Z] [INFO] Found 2 company databases
[2025-06-30T06:35:50.948Z] [DEBUG] Processing company database: company_9jxwph8g
[2025-06-30T06:35:51.003Z] [DEBUG] Finding reports to execute in company_9jxwph8g (current time: 2025-06-30T06:35:51.003Z)
[2025-06-30T06:35:51.058Z] [INFO] Found 0 reports to execute in company_9jxwph8g
[2025-06-30T06:35:51.059Z] [DEBUG] Processing company database: company_ey1a4uyd
[2025-06-30T06:35:51.112Z] [DEBUG] Skipping company_ey1a4uyd: No scheduled reports collection found
[2025-06-30T06:35:51.113Z] [INFO] Scheduled reports check completed
[2025-06-30T06:35:51.114Z] [DEBUG] MongoDB connection closed
[2025-06-30T06:36:20.189Z] [INFO] Checking for scheduled reports...
[2025-06-30T06:36:20.918Z] [DEBUG] Connected to MongoDB
[2025-06-30T06:36:20.982Z] [INFO] Found 2 company databases
[2025-06-30T06:36:20.983Z] [DEBUG] Processing company database: company_9jxwph8g
[2025-06-30T06:36:21.038Z] [DEBUG] Finding reports to execute in company_9jxwph8g (current time: 2025-06-30T06:36:21.038Z)
[2025-06-30T06:36:21.091Z] [INFO] Found 0 reports to execute in company_9jxwph8g
[2025-06-30T06:36:21.091Z] [DEBUG] Processing company database: company_ey1a4uyd
[2025-06-30T06:36:21.144Z] [DEBUG] Skipping company_ey1a4uyd: No scheduled reports collection found
[2025-06-30T06:36:21.145Z] [INFO] Scheduled reports check completed
[2025-06-30T06:36:21.147Z] [DEBUG] MongoDB connection closed
[2025-06-30T06:36:50.190Z] [INFO] Checking for scheduled reports...
[2025-06-30T06:36:50.906Z] [DEBUG] Connected to MongoDB
[2025-06-30T06:36:50.972Z] [INFO] Found 2 company databases
[2025-06-30T06:36:50.973Z] [DEBUG] Processing company database: company_9jxwph8g
[2025-06-30T06:36:51.027Z] [DEBUG] Finding reports to execute in company_9jxwph8g (current time: 2025-06-30T06:36:51.027Z)
[2025-06-30T06:36:51.082Z] [INFO] Found 0 reports to execute in company_9jxwph8g
[2025-06-30T06:36:51.082Z] [DEBUG] Processing company database: company_ey1a4uyd
[2025-06-30T06:36:51.137Z] [DEBUG] Skipping company_ey1a4uyd: No scheduled reports collection found
[2025-06-30T06:36:51.138Z] [INFO] Scheduled reports check completed
[2025-06-30T06:36:51.140Z] [DEBUG] MongoDB connection closed
[2025-06-30T06:37:20.191Z] [INFO] Checking for scheduled reports...
[2025-06-30T06:37:20.808Z] [DEBUG] Connected to MongoDB
[2025-06-30T06:37:20.873Z] [INFO] Found 2 company databases
[2025-06-30T06:37:20.874Z] [DEBUG] Processing company database: company_9jxwph8g
[2025-06-30T06:37:20.928Z] [DEBUG] Finding reports to execute in company_9jxwph8g (current time: 2025-06-30T06:37:20.928Z)
[2025-06-30T06:37:20.982Z] [INFO] Found 0 reports to execute in company_9jxwph8g
[2025-06-30T06:37:20.982Z] [DEBUG] Processing company database: company_ey1a4uyd
[2025-06-30T06:37:21.036Z] [DEBUG] Skipping company_ey1a4uyd: No scheduled reports collection found
[2025-06-30T06:37:21.037Z] [INFO] Scheduled reports check completed
[2025-06-30T06:37:21.038Z] [DEBUG] MongoDB connection closed
[2025-06-30T06:37:50.192Z] [INFO] Checking for scheduled reports...
[2025-06-30T06:37:51.036Z] [DEBUG] Connected to MongoDB
[2025-06-30T06:37:51.101Z] [INFO] Found 2 company databases
[2025-06-30T06:37:51.101Z] [DEBUG] Processing company database: company_9jxwph8g
[2025-06-30T06:37:51.156Z] [DEBUG] Finding reports to execute in company_9jxwph8g (current time: 2025-06-30T06:37:51.156Z)
[2025-06-30T06:37:51.209Z] [INFO] Found 0 reports to execute in company_9jxwph8g
[2025-06-30T06:37:51.210Z] [DEBUG] Processing company database: company_ey1a4uyd
[2025-06-30T06:37:51.263Z] [DEBUG] Skipping company_ey1a4uyd: No scheduled reports collection found
[2025-06-30T06:37:51.264Z] [INFO] Scheduled reports check completed
[2025-06-30T06:37:51.266Z] [DEBUG] MongoDB connection closed
[2025-06-30T06:38:20.193Z] [INFO] Checking for scheduled reports...
[2025-06-30T06:38:20.805Z] [DEBUG] Connected to MongoDB
[2025-06-30T06:38:20.870Z] [INFO] Found 2 company databases
[2025-06-30T06:38:20.870Z] [DEBUG] Processing company database: company_9jxwph8g
[2025-06-30T06:38:20.925Z] [DEBUG] Finding reports to execute in company_9jxwph8g (current time: 2025-06-30T06:38:20.925Z)
[2025-06-30T06:38:20.979Z] [INFO] Found 0 reports to execute in company_9jxwph8g
[2025-06-30T06:38:20.980Z] [DEBUG] Processing company database: company_ey1a4uyd
[2025-06-30T06:38:21.033Z] [DEBUG] Skipping company_ey1a4uyd: No scheduled reports collection found
[2025-06-30T06:38:21.034Z] [INFO] Scheduled reports check completed
[2025-06-30T06:38:21.036Z] [DEBUG] MongoDB connection closed
[2025-06-30T06:38:50.194Z] [INFO] Checking for scheduled reports...
[2025-06-30T06:38:50.886Z] [DEBUG] Connected to MongoDB
[2025-06-30T06:38:50.951Z] [INFO] Found 2 company databases
[2025-06-30T06:38:50.951Z] [DEBUG] Processing company database: company_9jxwph8g
[2025-06-30T06:38:51.006Z] [DEBUG] Finding reports to execute in company_9jxwph8g (current time: 2025-06-30T06:38:51.006Z)
[2025-06-30T06:38:51.059Z] [INFO] Found 0 reports to execute in company_9jxwph8g
[2025-06-30T06:38:51.060Z] [DEBUG] Processing company database: company_ey1a4uyd
[2025-06-30T06:38:51.114Z] [DEBUG] Skipping company_ey1a4uyd: No scheduled reports collection found
[2025-06-30T06:38:51.114Z] [INFO] Scheduled reports check completed
[2025-06-30T06:38:51.116Z] [DEBUG] MongoDB connection closed
[2025-06-30T06:39:20.195Z] [INFO] Checking for scheduled reports...
[2025-06-30T06:39:20.927Z] [DEBUG] Connected to MongoDB
[2025-06-30T06:39:20.992Z] [INFO] Found 2 company databases
[2025-06-30T06:39:20.993Z] [DEBUG] Processing company database: company_9jxwph8g
[2025-06-30T06:39:21.047Z] [DEBUG] Finding reports to execute in company_9jxwph8g (current time: 2025-06-30T06:39:21.047Z)
[2025-06-30T06:39:21.101Z] [INFO] Found 0 reports to execute in company_9jxwph8g
[2025-06-30T06:39:21.101Z] [DEBUG] Processing company database: company_ey1a4uyd
[2025-06-30T06:39:21.155Z] [DEBUG] Skipping company_ey1a4uyd: No scheduled reports collection found
[2025-06-30T06:39:21.155Z] [INFO] Scheduled reports check completed
[2025-06-30T06:39:21.158Z] [DEBUG] MongoDB connection closed
[2025-06-30T06:39:50.196Z] [INFO] Checking for scheduled reports...
[2025-06-30T06:39:50.890Z] [DEBUG] Connected to MongoDB
[2025-06-30T06:39:50.956Z] [INFO] Found 2 company databases
[2025-06-30T06:39:50.956Z] [DEBUG] Processing company database: company_9jxwph8g
[2025-06-30T06:39:51.011Z] [DEBUG] Finding reports to execute in company_9jxwph8g (current time: 2025-06-30T06:39:51.011Z)
[2025-06-30T06:39:51.065Z] [INFO] Found 0 reports to execute in company_9jxwph8g
[2025-06-30T06:39:51.065Z] [DEBUG] Processing company database: company_ey1a4uyd
[2025-06-30T06:39:51.119Z] [DEBUG] Skipping company_ey1a4uyd: No scheduled reports collection found
[2025-06-30T06:39:51.119Z] [INFO] Scheduled reports check completed
[2025-06-30T06:39:51.121Z] [DEBUG] MongoDB connection closed
[2025-06-30T06:40:20.197Z] [INFO] Checking for scheduled reports...
[2025-06-30T06:40:20.810Z] [DEBUG] Connected to MongoDB
[2025-06-30T06:40:20.875Z] [INFO] Found 2 company databases
[2025-06-30T06:40:20.876Z] [DEBUG] Processing company database: company_9jxwph8g
[2025-06-30T06:40:20.930Z] [DEBUG] Finding reports to execute in company_9jxwph8g (current time: 2025-06-30T06:40:20.930Z)
[2025-06-30T06:40:20.983Z] [INFO] Found 0 reports to execute in company_9jxwph8g
[2025-06-30T06:40:20.984Z] [DEBUG] Processing company database: company_ey1a4uyd
[2025-06-30T06:40:21.037Z] [DEBUG] Skipping company_ey1a4uyd: No scheduled reports collection found
[2025-06-30T06:40:21.038Z] [INFO] Scheduled reports check completed
[2025-06-30T06:40:21.040Z] [DEBUG] MongoDB connection closed
[2025-06-30T06:40:50.198Z] [INFO] Checking for scheduled reports...
[2025-06-30T06:40:50.892Z] [DEBUG] Connected to MongoDB
[2025-06-30T06:40:50.957Z] [INFO] Found 2 company databases
[2025-06-30T06:40:50.957Z] [DEBUG] Processing company database: company_9jxwph8g
[2025-06-30T06:40:51.012Z] [DEBUG] Finding reports to execute in company_9jxwph8g (current time: 2025-06-30T06:40:51.012Z)
[2025-06-30T06:40:51.067Z] [INFO] Found 0 reports to execute in company_9jxwph8g
[2025-06-30T06:40:51.067Z] [DEBUG] Processing company database: company_ey1a4uyd
[2025-06-30T06:40:51.122Z] [DEBUG] Skipping company_ey1a4uyd: No scheduled reports collection found
[2025-06-30T06:40:51.123Z] [INFO] Scheduled reports check completed
[2025-06-30T06:40:51.125Z] [DEBUG] MongoDB connection closed
[2025-06-30T06:41:20.199Z] [INFO] Checking for scheduled reports...
[2025-06-30T06:41:20.813Z] [DEBUG] Connected to MongoDB
[2025-06-30T06:41:20.878Z] [INFO] Found 2 company databases
[2025-06-30T06:41:20.879Z] [DEBUG] Processing company database: company_9jxwph8g
[2025-06-30T06:41:20.934Z] [DEBUG] Finding reports to execute in company_9jxwph8g (current time: 2025-06-30T06:41:20.934Z)
[2025-06-30T06:41:20.988Z] [INFO] Found 0 reports to execute in company_9jxwph8g
[2025-06-30T06:41:20.989Z] [DEBUG] Processing company database: company_ey1a4uyd
[2025-06-30T06:41:21.043Z] [DEBUG] Skipping company_ey1a4uyd: No scheduled reports collection found
[2025-06-30T06:41:21.044Z] [INFO] Scheduled reports check completed
[2025-06-30T06:41:21.046Z] [DEBUG] MongoDB connection closed
[2025-06-30T06:41:50.199Z] [INFO] Checking for scheduled reports...
[2025-06-30T06:41:50.911Z] [DEBUG] Connected to MongoDB
[2025-06-30T06:41:50.977Z] [INFO] Found 2 company databases
[2025-06-30T06:41:50.977Z] [DEBUG] Processing company database: company_9jxwph8g
[2025-06-30T06:41:51.032Z] [DEBUG] Finding reports to execute in company_9jxwph8g (current time: 2025-06-30T06:41:51.032Z)
[2025-06-30T06:41:51.086Z] [INFO] Found 0 reports to execute in company_9jxwph8g
[2025-06-30T06:41:51.087Z] [DEBUG] Processing company database: company_ey1a4uyd
[2025-06-30T06:41:51.140Z] [DEBUG] Skipping company_ey1a4uyd: No scheduled reports collection found
[2025-06-30T06:41:51.141Z] [INFO] Scheduled reports check completed
[2025-06-30T06:41:51.143Z] [DEBUG] MongoDB connection closed
[2025-06-30T06:42:20.201Z] [INFO] Checking for scheduled reports...
[2025-06-30T06:42:21.005Z] [DEBUG] Connected to MongoDB
[2025-06-30T06:42:21.070Z] [INFO] Found 2 company databases
[2025-06-30T06:42:21.071Z] [DEBUG] Processing company database: company_9jxwph8g
[2025-06-30T06:42:21.125Z] [DEBUG] Finding reports to execute in company_9jxwph8g (current time: 2025-06-30T06:42:21.125Z)
[2025-06-30T06:42:21.180Z] [INFO] Found 0 reports to execute in company_9jxwph8g
[2025-06-30T06:42:21.180Z] [DEBUG] Processing company database: company_ey1a4uyd
[2025-06-30T06:42:21.235Z] [DEBUG] Skipping company_ey1a4uyd: No scheduled reports collection found
[2025-06-30T06:42:21.235Z] [INFO] Scheduled reports check completed
[2025-06-30T06:42:21.238Z] [DEBUG] MongoDB connection closed
[2025-06-30T06:42:50.201Z] [INFO] Checking for scheduled reports...
[2025-06-30T06:42:50.894Z] [DEBUG] Connected to MongoDB
[2025-06-30T06:42:50.960Z] [INFO] Found 2 company databases
[2025-06-30T06:42:50.960Z] [DEBUG] Processing company database: company_9jxwph8g
[2025-06-30T06:42:51.015Z] [DEBUG] Finding reports to execute in company_9jxwph8g (current time: 2025-06-30T06:42:51.015Z)
[2025-06-30T06:42:51.069Z] [INFO] Found 0 reports to execute in company_9jxwph8g
[2025-06-30T06:42:51.070Z] [DEBUG] Processing company database: company_ey1a4uyd
[2025-06-30T06:42:51.124Z] [DEBUG] Skipping company_ey1a4uyd: No scheduled reports collection found
[2025-06-30T06:42:51.125Z] [INFO] Scheduled reports check completed
[2025-06-30T06:42:51.128Z] [DEBUG] MongoDB connection closed
[2025-06-30T06:43:20.201Z] [INFO] Checking for scheduled reports...
[2025-06-30T06:43:20.813Z] [DEBUG] Connected to MongoDB
[2025-06-30T06:43:20.877Z] [INFO] Found 2 company databases
[2025-06-30T06:43:20.878Z] [DEBUG] Processing company database: company_9jxwph8g
[2025-06-30T06:43:20.932Z] [DEBUG] Finding reports to execute in company_9jxwph8g (current time: 2025-06-30T06:43:20.932Z)
[2025-06-30T06:43:20.986Z] [INFO] Found 0 reports to execute in company_9jxwph8g
[2025-06-30T06:43:20.987Z] [DEBUG] Processing company database: company_ey1a4uyd
[2025-06-30T06:43:21.040Z] [DEBUG] Skipping company_ey1a4uyd: No scheduled reports collection found
[2025-06-30T06:43:21.041Z] [INFO] Scheduled reports check completed
[2025-06-30T06:43:21.043Z] [DEBUG] MongoDB connection closed
[2025-06-30T06:43:50.201Z] [INFO] Checking for scheduled reports...
[2025-06-30T06:43:51.004Z] [DEBUG] Connected to MongoDB
[2025-06-30T06:43:51.069Z] [INFO] Found 2 company databases
[2025-06-30T06:43:51.069Z] [DEBUG] Processing company database: company_9jxwph8g
[2025-06-30T06:43:51.124Z] [DEBUG] Finding reports to execute in company_9jxwph8g (current time: 2025-06-30T06:43:51.124Z)
[2025-06-30T06:43:51.177Z] [INFO] Found 0 reports to execute in company_9jxwph8g
[2025-06-30T06:43:51.178Z] [DEBUG] Processing company database: company_ey1a4uyd
[2025-06-30T06:43:51.231Z] [DEBUG] Skipping company_ey1a4uyd: No scheduled reports collection found
[2025-06-30T06:43:51.232Z] [INFO] Scheduled reports check completed
[2025-06-30T06:43:51.234Z] [DEBUG] MongoDB connection closed
[2025-06-30T06:44:20.202Z] [INFO] Checking for scheduled reports...
[2025-06-30T06:44:20.818Z] [DEBUG] Connected to MongoDB
[2025-06-30T06:44:20.882Z] [INFO] Found 2 company databases
[2025-06-30T06:44:20.883Z] [DEBUG] Processing company database: company_9jxwph8g
[2025-06-30T06:44:20.936Z] [DEBUG] Finding reports to execute in company_9jxwph8g (current time: 2025-06-30T06:44:20.936Z)
[2025-06-30T06:44:20.989Z] [INFO] Found 0 reports to execute in company_9jxwph8g
[2025-06-30T06:44:20.990Z] [DEBUG] Processing company database: company_ey1a4uyd
[2025-06-30T06:44:21.043Z] [DEBUG] Skipping company_ey1a4uyd: No scheduled reports collection found
[2025-06-30T06:44:21.044Z] [INFO] Scheduled reports check completed
[2025-06-30T06:44:21.046Z] [DEBUG] MongoDB connection closed
[2025-06-30T06:44:50.203Z] [INFO] Checking for scheduled reports...
[2025-06-30T06:44:50.902Z] [DEBUG] Connected to MongoDB
[2025-06-30T06:44:50.962Z] [INFO] Found 2 company databases
[2025-06-30T06:44:50.963Z] [DEBUG] Processing company database: company_9jxwph8g
[2025-06-30T06:44:51.018Z] [DEBUG] Finding reports to execute in company_9jxwph8g (current time: 2025-06-30T06:44:51.018Z)
[2025-06-30T06:44:51.068Z] [INFO] Found 0 reports to execute in company_9jxwph8g
[2025-06-30T06:44:51.069Z] [DEBUG] Processing company database: company_ey1a4uyd
[2025-06-30T06:44:51.119Z] [DEBUG] Skipping company_ey1a4uyd: No scheduled reports collection found
[2025-06-30T06:44:51.119Z] [INFO] Scheduled reports check completed
[2025-06-30T06:44:51.121Z] [DEBUG] MongoDB connection closed
[2025-06-30T06:45:20.204Z] [INFO] Checking for scheduled reports...
[2025-06-30T06:45:20.893Z] [DEBUG] Connected to MongoDB
[2025-06-30T06:45:20.953Z] [INFO] Found 2 company databases
[2025-06-30T06:45:20.954Z] [DEBUG] Processing company database: company_9jxwph8g
[2025-06-30T06:45:21.004Z] [DEBUG] Finding reports to execute in company_9jxwph8g (current time: 2025-06-30T06:45:21.004Z)
[2025-06-30T06:45:21.053Z] [INFO] Found 0 reports to execute in company_9jxwph8g
[2025-06-30T06:45:21.053Z] [DEBUG] Processing company database: company_ey1a4uyd
[2025-06-30T06:45:21.102Z] [DEBUG] Skipping company_ey1a4uyd: No scheduled reports collection found
[2025-06-30T06:45:21.103Z] [INFO] Scheduled reports check completed
[2025-06-30T06:45:21.105Z] [DEBUG] MongoDB connection closed
[2025-06-30T06:45:50.206Z] [INFO] Checking for scheduled reports...
[2025-06-30T06:45:50.853Z] [DEBUG] Connected to MongoDB
[2025-06-30T06:45:50.914Z] [INFO] Found 2 company databases
[2025-06-30T06:45:50.914Z] [DEBUG] Processing company database: company_9jxwph8g
[2025-06-30T06:45:50.964Z] [DEBUG] Finding reports to execute in company_9jxwph8g (current time: 2025-06-30T06:45:50.964Z)
[2025-06-30T06:45:51.013Z] [INFO] Found 0 reports to execute in company_9jxwph8g
[2025-06-30T06:45:51.013Z] [DEBUG] Processing company database: company_ey1a4uyd
[2025-06-30T06:45:51.063Z] [DEBUG] Skipping company_ey1a4uyd: No scheduled reports collection found
[2025-06-30T06:45:51.063Z] [INFO] Scheduled reports check completed
[2025-06-30T06:45:51.064Z] [DEBUG] MongoDB connection closed
[2025-06-30T06:46:20.207Z] [INFO] Checking for scheduled reports...
[2025-06-30T06:46:20.787Z] [DEBUG] Connected to MongoDB
[2025-06-30T06:46:20.848Z] [INFO] Found 2 company databases
[2025-06-30T06:46:20.848Z] [DEBUG] Processing company database: company_9jxwph8g
[2025-06-30T06:46:20.897Z] [DEBUG] Finding reports to execute in company_9jxwph8g (current time: 2025-06-30T06:46:20.897Z)
[2025-06-30T06:46:20.946Z] [INFO] Found 0 reports to execute in company_9jxwph8g
[2025-06-30T06:46:20.946Z] [DEBUG] Processing company database: company_ey1a4uyd
[2025-06-30T06:46:20.994Z] [DEBUG] Skipping company_ey1a4uyd: No scheduled reports collection found
[2025-06-30T06:46:20.995Z] [INFO] Scheduled reports check completed
[2025-06-30T06:46:20.995Z] [DEBUG] MongoDB connection closed
[2025-06-30T06:46:50.208Z] [INFO] Checking for scheduled reports...
[2025-06-30T06:46:51.050Z] [DEBUG] Connected to MongoDB
[2025-06-30T06:46:51.111Z] [INFO] Found 2 company databases
[2025-06-30T06:46:51.111Z] [DEBUG] Processing company database: company_9jxwph8g
[2025-06-30T06:46:51.161Z] [DEBUG] Finding reports to execute in company_9jxwph8g (current time: 2025-06-30T06:46:51.161Z)
[2025-06-30T06:46:51.211Z] [INFO] Found 0 reports to execute in company_9jxwph8g
[2025-06-30T06:46:51.212Z] [DEBUG] Processing company database: company_ey1a4uyd
[2025-06-30T06:46:51.261Z] [DEBUG] Skipping company_ey1a4uyd: No scheduled reports collection found
[2025-06-30T06:46:51.262Z] [INFO] Scheduled reports check completed
[2025-06-30T06:46:51.265Z] [DEBUG] MongoDB connection closed
[2025-06-30T06:47:20.211Z] [INFO] Checking for scheduled reports...
[2025-06-30T06:47:20.787Z] [DEBUG] Connected to MongoDB
[2025-06-30T06:47:20.847Z] [INFO] Found 2 company databases
[2025-06-30T06:47:20.847Z] [DEBUG] Processing company database: company_9jxwph8g
[2025-06-30T06:47:20.898Z] [DEBUG] Finding reports to execute in company_9jxwph8g (current time: 2025-06-30T06:47:20.898Z)
[2025-06-30T06:47:20.948Z] [INFO] Found 0 reports to execute in company_9jxwph8g
[2025-06-30T06:47:20.949Z] [DEBUG] Processing company database: company_ey1a4uyd
[2025-06-30T06:47:21.000Z] [DEBUG] Skipping company_ey1a4uyd: No scheduled reports collection found
[2025-06-30T06:47:21.000Z] [INFO] Scheduled reports check completed
[2025-06-30T06:47:21.001Z] [DEBUG] MongoDB connection closed
[2025-06-30T06:47:50.211Z] [INFO] Checking for scheduled reports...
[2025-06-30T06:47:50.863Z] [DEBUG] Connected to MongoDB
[2025-06-30T06:47:50.924Z] [INFO] Found 2 company databases
[2025-06-30T06:47:50.924Z] [DEBUG] Processing company database: company_9jxwph8g
[2025-06-30T06:47:50.974Z] [DEBUG] Finding reports to execute in company_9jxwph8g (current time: 2025-06-30T06:47:50.974Z)
[2025-06-30T06:47:51.024Z] [INFO] Found 0 reports to execute in company_9jxwph8g
[2025-06-30T06:47:51.025Z] [DEBUG] Processing company database: company_ey1a4uyd
[2025-06-30T06:47:51.073Z] [DEBUG] Skipping company_ey1a4uyd: No scheduled reports collection found
[2025-06-30T06:47:51.073Z] [INFO] Scheduled reports check completed
[2025-06-30T06:47:51.075Z] [DEBUG] MongoDB connection closed
[2025-06-30T06:48:20.213Z] [INFO] Checking for scheduled reports...
[2025-06-30T06:48:20.905Z] [DEBUG] Connected to MongoDB
[2025-06-30T06:48:20.967Z] [INFO] Found 2 company databases
[2025-06-30T06:48:20.967Z] [DEBUG] Processing company database: company_9jxwph8g
[2025-06-30T06:48:21.019Z] [DEBUG] Finding reports to execute in company_9jxwph8g (current time: 2025-06-30T06:48:21.019Z)
[2025-06-30T06:48:21.075Z] [INFO] Found 0 reports to execute in company_9jxwph8g
[2025-06-30T06:48:21.076Z] [DEBUG] Processing company database: company_ey1a4uyd
[2025-06-30T06:48:21.125Z] [DEBUG] Skipping company_ey1a4uyd: No scheduled reports collection found
[2025-06-30T06:48:21.126Z] [INFO] Scheduled reports check completed
[2025-06-30T06:48:21.126Z] [DEBUG] MongoDB connection closed
[2025-06-30T06:48:50.214Z] [INFO] Checking for scheduled reports...
[2025-06-30T06:48:50.863Z] [DEBUG] Connected to MongoDB
[2025-06-30T06:48:50.923Z] [INFO] Found 2 company databases
[2025-06-30T06:48:50.924Z] [DEBUG] Processing company database: company_9jxwph8g
[2025-06-30T06:48:50.974Z] [DEBUG] Finding reports to execute in company_9jxwph8g (current time: 2025-06-30T06:48:50.974Z)
[2025-06-30T06:48:51.024Z] [INFO] Found 0 reports to execute in company_9jxwph8g
[2025-06-30T06:48:51.024Z] [DEBUG] Processing company database: company_ey1a4uyd
[2025-06-30T06:48:51.073Z] [DEBUG] Skipping company_ey1a4uyd: No scheduled reports collection found
[2025-06-30T06:48:51.074Z] [INFO] Scheduled reports check completed
[2025-06-30T06:48:51.075Z] [DEBUG] MongoDB connection closed
[2025-06-30T06:49:20.215Z] [INFO] Checking for scheduled reports...
[2025-06-30T06:49:20.789Z] [DEBUG] Connected to MongoDB
[2025-06-30T06:49:20.850Z] [INFO] Found 2 company databases
[2025-06-30T06:49:20.851Z] [DEBUG] Processing company database: company_9jxwph8g
[2025-06-30T06:49:20.900Z] [DEBUG] Finding reports to execute in company_9jxwph8g (current time: 2025-06-30T06:49:20.900Z)
[2025-06-30T06:49:20.950Z] [INFO] Found 0 reports to execute in company_9jxwph8g
[2025-06-30T06:49:20.950Z] [DEBUG] Processing company database: company_ey1a4uyd
[2025-06-30T06:49:21.000Z] [DEBUG] Skipping company_ey1a4uyd: No scheduled reports collection found
[2025-06-30T06:49:21.001Z] [INFO] Scheduled reports check completed
[2025-06-30T06:49:21.003Z] [DEBUG] MongoDB connection closed
[2025-06-30T06:49:50.216Z] [INFO] Checking for scheduled reports...
[2025-06-30T06:49:50.999Z] [DEBUG] Connected to MongoDB
[2025-06-30T06:49:51.060Z] [INFO] Found 2 company databases
[2025-06-30T06:49:51.060Z] [DEBUG] Processing company database: company_9jxwph8g
[2025-06-30T06:49:51.110Z] [DEBUG] Finding reports to execute in company_9jxwph8g (current time: 2025-06-30T06:49:51.110Z)
[2025-06-30T06:49:51.160Z] [INFO] Found 0 reports to execute in company_9jxwph8g
[2025-06-30T06:49:51.161Z] [DEBUG] Processing company database: company_ey1a4uyd
[2025-06-30T06:49:51.210Z] [DEBUG] Skipping company_ey1a4uyd: No scheduled reports collection found
[2025-06-30T06:49:51.210Z] [INFO] Scheduled reports check completed
[2025-06-30T06:49:51.213Z] [DEBUG] MongoDB connection closed
[2025-06-30T06:50:20.217Z] [INFO] Checking for scheduled reports...
[2025-06-30T06:50:20.801Z] [DEBUG] Connected to MongoDB
[2025-06-30T06:50:20.862Z] [INFO] Found 2 company databases
[2025-06-30T06:50:20.863Z] [DEBUG] Processing company database: company_9jxwph8g
[2025-06-30T06:50:20.917Z] [DEBUG] Finding reports to execute in company_9jxwph8g (current time: 2025-06-30T06:50:20.917Z)
[2025-06-30T06:50:20.967Z] [INFO] Found 0 reports to execute in company_9jxwph8g
[2025-06-30T06:50:20.967Z] [DEBUG] Processing company database: company_ey1a4uyd
[2025-06-30T06:50:21.017Z] [DEBUG] Skipping company_ey1a4uyd: No scheduled reports collection found
[2025-06-30T06:50:21.018Z] [INFO] Scheduled reports check completed
[2025-06-30T06:50:21.020Z] [DEBUG] MongoDB connection closed
[2025-06-30T06:50:50.218Z] [INFO] Checking for scheduled reports...
[2025-06-30T06:50:50.888Z] [DEBUG] Connected to MongoDB
[2025-06-30T06:50:50.948Z] [INFO] Found 2 company databases
[2025-06-30T06:50:50.949Z] [DEBUG] Processing company database: company_9jxwph8g
[2025-06-30T06:50:51.000Z] [DEBUG] Finding reports to execute in company_9jxwph8g (current time: 2025-06-30T06:50:51.000Z)
[2025-06-30T06:50:51.050Z] [INFO] Found 0 reports to execute in company_9jxwph8g
[2025-06-30T06:50:51.051Z] [DEBUG] Processing company database: company_ey1a4uyd
[2025-06-30T06:50:51.100Z] [DEBUG] Skipping company_ey1a4uyd: No scheduled reports collection found
[2025-06-30T06:50:51.100Z] [INFO] Scheduled reports check completed
[2025-06-30T06:50:51.102Z] [DEBUG] MongoDB connection closed
[2025-06-30T06:51:20.219Z] [INFO] Checking for scheduled reports...
[2025-06-30T06:51:20.912Z] [DEBUG] Connected to MongoDB
[2025-06-30T06:51:20.973Z] [INFO] Found 2 company databases
[2025-06-30T06:51:20.973Z] [DEBUG] Processing company database: company_9jxwph8g
[2025-06-30T06:51:21.024Z] [DEBUG] Finding reports to execute in company_9jxwph8g (current time: 2025-06-30T06:51:21.024Z)
[2025-06-30T06:51:21.078Z] [INFO] Found 0 reports to execute in company_9jxwph8g
[2025-06-30T06:51:21.079Z] [DEBUG] Processing company database: company_ey1a4uyd
[2025-06-30T06:51:21.135Z] [DEBUG] Skipping company_ey1a4uyd: No scheduled reports collection found
[2025-06-30T06:51:21.135Z] [INFO] Scheduled reports check completed
[2025-06-30T06:51:21.136Z] [DEBUG] MongoDB connection closed
[2025-06-30T06:51:50.219Z] [INFO] Checking for scheduled reports...
[2025-06-30T06:51:50.876Z] [DEBUG] Connected to MongoDB
[2025-06-30T06:51:50.937Z] [INFO] Found 2 company databases
[2025-06-30T06:51:50.938Z] [DEBUG] Processing company database: company_9jxwph8g
[2025-06-30T06:51:50.988Z] [DEBUG] Finding reports to execute in company_9jxwph8g (current time: 2025-06-30T06:51:50.988Z)
[2025-06-30T06:51:51.038Z] [INFO] Found 0 reports to execute in company_9jxwph8g
[2025-06-30T06:51:51.039Z] [DEBUG] Processing company database: company_ey1a4uyd
[2025-06-30T06:51:51.088Z] [DEBUG] Skipping company_ey1a4uyd: No scheduled reports collection found
[2025-06-30T06:51:51.089Z] [INFO] Scheduled reports check completed
[2025-06-30T06:51:51.090Z] [DEBUG] MongoDB connection closed
[2025-06-30T06:52:20.221Z] [INFO] Checking for scheduled reports...
[2025-06-30T06:52:20.930Z] [DEBUG] Connected to MongoDB
[2025-06-30T06:52:20.990Z] [INFO] Found 2 company databases
[2025-06-30T06:52:20.990Z] [DEBUG] Processing company database: company_9jxwph8g
[2025-06-30T06:52:21.083Z] [DEBUG] Finding reports to execute in company_9jxwph8g (current time: 2025-06-30T06:52:21.083Z)
[2025-06-30T06:52:21.314Z] [INFO] Found 0 reports to execute in company_9jxwph8g
[2025-06-30T06:52:21.315Z] [DEBUG] Processing company database: company_ey1a4uyd
[2025-06-30T06:52:21.379Z] [DEBUG] Skipping company_ey1a4uyd: No scheduled reports collection found
[2025-06-30T06:52:21.380Z] [INFO] Scheduled reports check completed
[2025-06-30T06:52:21.381Z] [DEBUG] MongoDB connection closed
[2025-06-30T06:52:50.222Z] [INFO] Checking for scheduled reports...
[2025-06-30T06:52:51.280Z] [DEBUG] Connected to MongoDB
[2025-06-30T06:52:51.342Z] [INFO] Found 2 company databases
[2025-06-30T06:52:51.342Z] [DEBUG] Processing company database: company_9jxwph8g
[2025-06-30T06:52:51.394Z] [DEBUG] Finding reports to execute in company_9jxwph8g (current time: 2025-06-30T06:52:51.394Z)
[2025-06-30T06:52:51.445Z] [INFO] Found 0 reports to execute in company_9jxwph8g
[2025-06-30T06:52:51.445Z] [DEBUG] Processing company database: company_ey1a4uyd
[2025-06-30T06:52:51.494Z] [DEBUG] Skipping company_ey1a4uyd: No scheduled reports collection found
[2025-06-30T06:52:51.494Z] [INFO] Scheduled reports check completed
[2025-06-30T06:52:51.496Z] [DEBUG] MongoDB connection closed
[2025-06-30T06:53:20.223Z] [INFO] Checking for scheduled reports...
[2025-06-30T06:53:20.808Z] [DEBUG] Connected to MongoDB
[2025-06-30T06:53:20.868Z] [INFO] Found 2 company databases
[2025-06-30T06:53:20.868Z] [DEBUG] Processing company database: company_9jxwph8g
[2025-06-30T06:53:20.919Z] [DEBUG] Finding reports to execute in company_9jxwph8g (current time: 2025-06-30T06:53:20.919Z)
[2025-06-30T06:53:20.968Z] [INFO] Found 0 reports to execute in company_9jxwph8g
[2025-06-30T06:53:20.969Z] [DEBUG] Processing company database: company_ey1a4uyd
[2025-06-30T06:53:21.019Z] [DEBUG] Skipping company_ey1a4uyd: No scheduled reports collection found
[2025-06-30T06:53:21.019Z] [INFO] Scheduled reports check completed
[2025-06-30T06:53:21.021Z] [DEBUG] MongoDB connection closed
[2025-06-30T06:53:50.225Z] [INFO] Checking for scheduled reports...
[2025-06-30T06:53:50.888Z] [DEBUG] Connected to MongoDB
[2025-06-30T06:53:50.948Z] [INFO] Found 2 company databases
[2025-06-30T06:53:50.949Z] [DEBUG] Processing company database: company_9jxwph8g
[2025-06-30T06:53:50.998Z] [DEBUG] Finding reports to execute in company_9jxwph8g (current time: 2025-06-30T06:53:50.998Z)
[2025-06-30T06:53:51.048Z] [INFO] Found 0 reports to execute in company_9jxwph8g
[2025-06-30T06:53:51.049Z] [DEBUG] Processing company database: company_ey1a4uyd
[2025-06-30T06:53:51.099Z] [DEBUG] Skipping company_ey1a4uyd: No scheduled reports collection found
[2025-06-30T06:53:51.100Z] [INFO] Scheduled reports check completed
[2025-06-30T06:53:51.100Z] [DEBUG] MongoDB connection closed
[2025-06-30T06:54:20.225Z] [INFO] Checking for scheduled reports...
[2025-06-30T06:54:20.785Z] [DEBUG] Connected to MongoDB
[2025-06-30T06:54:20.846Z] [INFO] Found 2 company databases
[2025-06-30T06:54:20.846Z] [DEBUG] Processing company database: company_9jxwph8g
[2025-06-30T06:54:20.896Z] [DEBUG] Finding reports to execute in company_9jxwph8g (current time: 2025-06-30T06:54:20.896Z)
[2025-06-30T06:54:20.945Z] [INFO] Found 0 reports to execute in company_9jxwph8g
[2025-06-30T06:54:20.946Z] [DEBUG] Processing company database: company_ey1a4uyd
[2025-06-30T06:54:20.995Z] [DEBUG] Skipping company_ey1a4uyd: No scheduled reports collection found
[2025-06-30T06:54:20.996Z] [INFO] Scheduled reports check completed
[2025-06-30T06:54:20.998Z] [DEBUG] MongoDB connection closed
[2025-06-30T06:54:50.227Z] [INFO] Checking for scheduled reports...
[2025-06-30T06:54:50.883Z] [DEBUG] Connected to MongoDB
[2025-06-30T06:54:50.946Z] [INFO] Found 2 company databases
[2025-06-30T06:54:50.947Z] [DEBUG] Processing company database: company_9jxwph8g
[2025-06-30T06:54:51.001Z] [DEBUG] Finding reports to execute in company_9jxwph8g (current time: 2025-06-30T06:54:51.001Z)
[2025-06-30T06:54:51.051Z] [INFO] Found 0 reports to execute in company_9jxwph8g
[2025-06-30T06:54:51.051Z] [DEBUG] Processing company database: company_ey1a4uyd
[2025-06-30T06:54:51.102Z] [DEBUG] Skipping company_ey1a4uyd: No scheduled reports collection found
[2025-06-30T06:54:51.102Z] [INFO] Scheduled reports check completed
[2025-06-30T06:54:51.104Z] [DEBUG] MongoDB connection closed
[2025-06-30T06:55:20.228Z] [INFO] Checking for scheduled reports...
[2025-06-30T06:55:20.803Z] [DEBUG] Connected to MongoDB
[2025-06-30T06:55:20.864Z] [INFO] Found 2 company databases
[2025-06-30T06:55:20.865Z] [DEBUG] Processing company database: company_9jxwph8g
[2025-06-30T06:55:20.916Z] [DEBUG] Finding reports to execute in company_9jxwph8g (current time: 2025-06-30T06:55:20.916Z)
[2025-06-30T06:55:20.965Z] [INFO] Found 0 reports to execute in company_9jxwph8g
[2025-06-30T06:55:20.966Z] [DEBUG] Processing company database: company_ey1a4uyd
[2025-06-30T06:55:21.015Z] [DEBUG] Skipping company_ey1a4uyd: No scheduled reports collection found
[2025-06-30T06:55:21.016Z] [INFO] Scheduled reports check completed
[2025-06-30T06:55:21.018Z] [DEBUG] MongoDB connection closed
[2025-06-30T06:55:50.229Z] [INFO] Checking for scheduled reports...
[2025-06-30T06:55:51.077Z] [DEBUG] Connected to MongoDB
[2025-06-30T06:55:51.138Z] [INFO] Found 2 company databases
[2025-06-30T06:55:51.139Z] [DEBUG] Processing company database: company_9jxwph8g
[2025-06-30T06:55:51.199Z] [DEBUG] Finding reports to execute in company_9jxwph8g (current time: 2025-06-30T06:55:51.199Z)
[2025-06-30T06:55:51.250Z] [INFO] Found 0 reports to execute in company_9jxwph8g
[2025-06-30T06:55:51.251Z] [DEBUG] Processing company database: company_ey1a4uyd
[2025-06-30T06:55:51.302Z] [DEBUG] Skipping company_ey1a4uyd: No scheduled reports collection found
[2025-06-30T06:55:51.303Z] [INFO] Scheduled reports check completed
[2025-06-30T06:55:51.305Z] [DEBUG] MongoDB connection closed
[2025-06-30T06:56:20.229Z] [INFO] Checking for scheduled reports...
[2025-06-30T06:56:20.812Z] [DEBUG] Connected to MongoDB
[2025-06-30T06:56:20.874Z] [INFO] Found 2 company databases
[2025-06-30T06:56:20.875Z] [DEBUG] Processing company database: company_9jxwph8g
[2025-06-30T06:56:20.926Z] [DEBUG] Finding reports to execute in company_9jxwph8g (current time: 2025-06-30T06:56:20.926Z)
[2025-06-30T06:56:20.976Z] [INFO] Found 0 reports to execute in company_9jxwph8g
[2025-06-30T06:56:20.977Z] [DEBUG] Processing company database: company_ey1a4uyd
[2025-06-30T06:56:21.027Z] [DEBUG] Skipping company_ey1a4uyd: No scheduled reports collection found
[2025-06-30T06:56:21.027Z] [INFO] Scheduled reports check completed
[2025-06-30T06:56:21.030Z] [DEBUG] MongoDB connection closed
[2025-06-30T06:56:50.230Z] [INFO] Checking for scheduled reports...
[2025-06-30T06:56:50.894Z] [DEBUG] Connected to MongoDB
[2025-06-30T06:56:50.955Z] [INFO] Found 2 company databases
[2025-06-30T06:56:50.956Z] [DEBUG] Processing company database: company_9jxwph8g
[2025-06-30T06:56:51.007Z] [DEBUG] Finding reports to execute in company_9jxwph8g (current time: 2025-06-30T06:56:51.007Z)
[2025-06-30T06:56:51.057Z] [INFO] Found 0 reports to execute in company_9jxwph8g
[2025-06-30T06:56:51.057Z] [DEBUG] Processing company database: company_ey1a4uyd
[2025-06-30T06:56:51.107Z] [DEBUG] Skipping company_ey1a4uyd: No scheduled reports collection found
[2025-06-30T06:56:51.108Z] [INFO] Scheduled reports check completed
[2025-06-30T06:56:51.110Z] [DEBUG] MongoDB connection closed
[2025-06-30T06:57:20.231Z] [INFO] Checking for scheduled reports...
[2025-06-30T06:57:21.033Z] [DEBUG] Connected to MongoDB
[2025-06-30T06:57:21.093Z] [INFO] Found 2 company databases
[2025-06-30T06:57:21.094Z] [DEBUG] Processing company database: company_9jxwph8g
[2025-06-30T06:57:21.144Z] [DEBUG] Finding reports to execute in company_9jxwph8g (current time: 2025-06-30T06:57:21.144Z)
[2025-06-30T06:57:21.195Z] [INFO] Found 0 reports to execute in company_9jxwph8g
[2025-06-30T06:57:21.195Z] [DEBUG] Processing company database: company_ey1a4uyd
[2025-06-30T06:57:21.245Z] [DEBUG] Skipping company_ey1a4uyd: No scheduled reports collection found
[2025-06-30T06:57:21.245Z] [INFO] Scheduled reports check completed
[2025-06-30T06:57:21.248Z] [DEBUG] MongoDB connection closed
[2025-06-30T06:57:50.233Z] [INFO] Checking for scheduled reports...
[2025-06-30T06:57:50.885Z] [DEBUG] Connected to MongoDB
[2025-06-30T06:57:50.947Z] [INFO] Found 2 company databases
[2025-06-30T06:57:50.947Z] [DEBUG] Processing company database: company_9jxwph8g
[2025-06-30T06:57:50.999Z] [DEBUG] Finding reports to execute in company_9jxwph8g (current time: 2025-06-30T06:57:50.999Z)
[2025-06-30T06:57:51.048Z] [INFO] Found 0 reports to execute in company_9jxwph8g
[2025-06-30T06:57:51.049Z] [DEBUG] Processing company database: company_ey1a4uyd
[2025-06-30T06:57:51.098Z] [DEBUG] Skipping company_ey1a4uyd: No scheduled reports collection found
[2025-06-30T06:57:51.099Z] [INFO] Scheduled reports check completed
[2025-06-30T06:57:51.101Z] [DEBUG] MongoDB connection closed
[2025-06-30T06:58:20.233Z] [INFO] Checking for scheduled reports...
[2025-06-30T06:58:20.806Z] [DEBUG] Connected to MongoDB
[2025-06-30T06:58:20.866Z] [INFO] Found 2 company databases
[2025-06-30T06:58:20.867Z] [DEBUG] Processing company database: company_9jxwph8g
[2025-06-30T06:58:20.918Z] [DEBUG] Finding reports to execute in company_9jxwph8g (current time: 2025-06-30T06:58:20.918Z)
[2025-06-30T06:58:20.967Z] [INFO] Found 0 reports to execute in company_9jxwph8g
[2025-06-30T06:58:20.968Z] [DEBUG] Processing company database: company_ey1a4uyd
[2025-06-30T06:58:21.017Z] [DEBUG] Skipping company_ey1a4uyd: No scheduled reports collection found
[2025-06-30T06:58:21.017Z] [INFO] Scheduled reports check completed
[2025-06-30T06:58:21.019Z] [DEBUG] MongoDB connection closed
[2025-06-30T06:58:50.235Z] [INFO] Checking for scheduled reports...
[2025-06-30T06:58:51.000Z] [DEBUG] Connected to MongoDB
[2025-06-30T06:58:51.062Z] [INFO] Found 2 company databases
[2025-06-30T06:58:51.062Z] [DEBUG] Processing company database: company_9jxwph8g
[2025-06-30T06:58:51.111Z] [DEBUG] Finding reports to execute in company_9jxwph8g (current time: 2025-06-30T06:58:51.111Z)
[2025-06-30T06:58:51.160Z] [INFO] Found 0 reports to execute in company_9jxwph8g
[2025-06-30T06:58:51.160Z] [DEBUG] Processing company database: company_ey1a4uyd
[2025-06-30T06:58:51.209Z] [DEBUG] Skipping company_ey1a4uyd: No scheduled reports collection found
[2025-06-30T06:58:51.209Z] [INFO] Scheduled reports check completed
[2025-06-30T06:58:51.210Z] [DEBUG] MongoDB connection closed
[2025-06-30T06:59:20.235Z] [INFO] Checking for scheduled reports...
[2025-06-30T06:59:20.816Z] [DEBUG] Connected to MongoDB
[2025-06-30T06:59:20.877Z] [INFO] Found 2 company databases
[2025-06-30T06:59:20.878Z] [DEBUG] Processing company database: company_9jxwph8g
[2025-06-30T06:59:20.928Z] [DEBUG] Finding reports to execute in company_9jxwph8g (current time: 2025-06-30T06:59:20.928Z)
[2025-06-30T06:59:20.978Z] [INFO] Found 0 reports to execute in company_9jxwph8g
[2025-06-30T06:59:20.978Z] [DEBUG] Processing company database: company_ey1a4uyd
[2025-06-30T06:59:21.028Z] [DEBUG] Skipping company_ey1a4uyd: No scheduled reports collection found
[2025-06-30T06:59:21.028Z] [INFO] Scheduled reports check completed
[2025-06-30T06:59:21.030Z] [DEBUG] MongoDB connection closed
[2025-06-30T06:59:50.236Z] [INFO] Checking for scheduled reports...
[2025-06-30T06:59:50.890Z] [DEBUG] Connected to MongoDB
[2025-06-30T06:59:50.954Z] [INFO] Found 2 company databases
[2025-06-30T06:59:50.954Z] [DEBUG] Processing company database: company_9jxwph8g
[2025-06-30T06:59:51.007Z] [DEBUG] Finding reports to execute in company_9jxwph8g (current time: 2025-06-30T06:59:51.007Z)
[2025-06-30T06:59:51.057Z] [INFO] Found 0 reports to execute in company_9jxwph8g
[2025-06-30T06:59:51.058Z] [DEBUG] Processing company database: company_ey1a4uyd
[2025-06-30T06:59:51.108Z] [DEBUG] Skipping company_ey1a4uyd: No scheduled reports collection found
[2025-06-30T06:59:51.108Z] [INFO] Scheduled reports check completed
[2025-06-30T06:59:51.110Z] [DEBUG] MongoDB connection closed
[2025-06-30T07:00:20.236Z] [INFO] Checking for scheduled reports...
[2025-06-30T07:00:21.001Z] [DEBUG] Connected to MongoDB
[2025-06-30T07:00:21.062Z] [INFO] Found 2 company databases
[2025-06-30T07:00:21.063Z] [DEBUG] Processing company database: company_9jxwph8g
[2025-06-30T07:00:21.114Z] [DEBUG] Finding reports to execute in company_9jxwph8g (current time: 2025-06-30T07:00:21.114Z)
[2025-06-30T07:00:21.163Z] [INFO] Found 0 reports to execute in company_9jxwph8g
[2025-06-30T07:00:21.164Z] [DEBUG] Processing company database: company_ey1a4uyd
[2025-06-30T07:00:21.214Z] [DEBUG] Skipping company_ey1a4uyd: No scheduled reports collection found
[2025-06-30T07:00:21.215Z] [INFO] Scheduled reports check completed
[2025-06-30T07:00:21.216Z] [DEBUG] MongoDB connection closed
[2025-06-30T07:00:50.237Z] [INFO] Checking for scheduled reports...
[2025-06-30T07:00:50.898Z] [DEBUG] Connected to MongoDB
[2025-06-30T07:00:50.961Z] [INFO] Found 2 company databases
[2025-06-30T07:00:50.962Z] [DEBUG] Processing company database: company_9jxwph8g
[2025-06-30T07:00:51.013Z] [DEBUG] Finding reports to execute in company_9jxwph8g (current time: 2025-06-30T07:00:51.013Z)
[2025-06-30T07:00:51.063Z] [INFO] Found 0 reports to execute in company_9jxwph8g
[2025-06-30T07:00:51.063Z] [DEBUG] Processing company database: company_ey1a4uyd
[2025-06-30T07:00:51.113Z] [DEBUG] Skipping company_ey1a4uyd: No scheduled reports collection found
[2025-06-30T07:00:51.113Z] [INFO] Scheduled reports check completed
[2025-06-30T07:00:51.115Z] [DEBUG] MongoDB connection closed
[2025-06-30T07:01:20.239Z] [INFO] Checking for scheduled reports...
[2025-06-30T07:01:20.813Z] [DEBUG] Connected to MongoDB
[2025-06-30T07:01:20.874Z] [INFO] Found 2 company databases
[2025-06-30T07:01:20.874Z] [DEBUG] Processing company database: company_9jxwph8g
[2025-06-30T07:01:20.925Z] [DEBUG] Finding reports to execute in company_9jxwph8g (current time: 2025-06-30T07:01:20.925Z)
[2025-06-30T07:01:20.975Z] [INFO] Found 0 reports to execute in company_9jxwph8g
[2025-06-30T07:01:20.975Z] [DEBUG] Processing company database: company_ey1a4uyd
[2025-06-30T07:01:21.024Z] [DEBUG] Skipping company_ey1a4uyd: No scheduled reports collection found
[2025-06-30T07:01:21.025Z] [INFO] Scheduled reports check completed
[2025-06-30T07:01:21.027Z] [DEBUG] MongoDB connection closed
[2025-06-30T07:01:50.240Z] [INFO] Checking for scheduled reports...
[2025-06-30T07:01:51.091Z] [DEBUG] Connected to MongoDB
[2025-06-30T07:01:51.152Z] [INFO] Found 2 company databases
[2025-06-30T07:01:51.153Z] [DEBUG] Processing company database: company_9jxwph8g
[2025-06-30T07:01:51.203Z] [DEBUG] Finding reports to execute in company_9jxwph8g (current time: 2025-06-30T07:01:51.203Z)
[2025-06-30T07:01:51.253Z] [INFO] Found 0 reports to execute in company_9jxwph8g
[2025-06-30T07:01:51.254Z] [DEBUG] Processing company database: company_ey1a4uyd
[2025-06-30T07:01:51.303Z] [DEBUG] Skipping company_ey1a4uyd: No scheduled reports collection found
[2025-06-30T07:01:51.303Z] [INFO] Scheduled reports check completed
[2025-06-30T07:01:51.305Z] [DEBUG] MongoDB connection closed
[2025-06-30T07:02:20.240Z] [INFO] Checking for scheduled reports...
[2025-06-30T07:02:20.817Z] [DEBUG] Connected to MongoDB
[2025-06-30T07:02:20.879Z] [INFO] Found 2 company databases
[2025-06-30T07:02:20.880Z] [DEBUG] Processing company database: company_9jxwph8g
[2025-06-30T07:02:20.931Z] [DEBUG] Finding reports to execute in company_9jxwph8g (current time: 2025-06-30T07:02:20.931Z)
[2025-06-30T07:02:20.981Z] [INFO] Found 0 reports to execute in company_9jxwph8g
[2025-06-30T07:02:20.982Z] [DEBUG] Processing company database: company_ey1a4uyd
[2025-06-30T07:02:21.035Z] [DEBUG] Skipping company_ey1a4uyd: No scheduled reports collection found
[2025-06-30T07:02:21.036Z] [INFO] Scheduled reports check completed
[2025-06-30T07:02:21.038Z] [DEBUG] MongoDB connection closed
[2025-06-30T07:02:50.241Z] [INFO] Checking for scheduled reports...
[2025-06-30T07:02:50.896Z] [DEBUG] Connected to MongoDB
[2025-06-30T07:02:50.957Z] [INFO] Found 2 company databases
[2025-06-30T07:02:50.958Z] [DEBUG] Processing company database: company_9jxwph8g
[2025-06-30T07:02:51.008Z] [DEBUG] Finding reports to execute in company_9jxwph8g (current time: 2025-06-30T07:02:51.008Z)
[2025-06-30T07:02:51.058Z] [INFO] Found 0 reports to execute in company_9jxwph8g
[2025-06-30T07:02:51.058Z] [DEBUG] Processing company database: company_ey1a4uyd
[2025-06-30T07:02:51.108Z] [DEBUG] Skipping company_ey1a4uyd: No scheduled reports collection found
[2025-06-30T07:02:51.109Z] [INFO] Scheduled reports check completed
[2025-06-30T07:02:51.111Z] [DEBUG] MongoDB connection closed
[2025-06-30T07:03:20.242Z] [INFO] Checking for scheduled reports...
[2025-06-30T07:03:21.010Z] [DEBUG] Connected to MongoDB
[2025-06-30T07:03:21.071Z] [INFO] Found 2 company databases
[2025-06-30T07:03:21.072Z] [DEBUG] Processing company database: company_9jxwph8g
[2025-06-30T07:03:21.122Z] [DEBUG] Finding reports to execute in company_9jxwph8g (current time: 2025-06-30T07:03:21.122Z)
[2025-06-30T07:03:21.172Z] [INFO] Found 0 reports to execute in company_9jxwph8g
[2025-06-30T07:03:21.173Z] [DEBUG] Processing company database: company_ey1a4uyd
[2025-06-30T07:03:21.222Z] [DEBUG] Skipping company_ey1a4uyd: No scheduled reports collection found
[2025-06-30T07:03:21.223Z] [INFO] Scheduled reports check completed
[2025-06-30T07:03:21.225Z] [DEBUG] MongoDB connection closed
[2025-06-30T07:03:50.244Z] [INFO] Checking for scheduled reports...
[2025-06-30T07:03:50.899Z] [DEBUG] Connected to MongoDB
[2025-06-30T07:03:50.959Z] [INFO] Found 2 company databases
[2025-06-30T07:03:50.960Z] [DEBUG] Processing company database: company_9jxwph8g
[2025-06-30T07:03:51.009Z] [DEBUG] Finding reports to execute in company_9jxwph8g (current time: 2025-06-30T07:03:51.009Z)
[2025-06-30T07:03:51.058Z] [INFO] Found 0 reports to execute in company_9jxwph8g
[2025-06-30T07:03:51.059Z] [DEBUG] Processing company database: company_ey1a4uyd
[2025-06-30T07:03:51.108Z] [DEBUG] Skipping company_ey1a4uyd: No scheduled reports collection found
[2025-06-30T07:03:51.109Z] [INFO] Scheduled reports check completed
[2025-06-30T07:03:51.110Z] [DEBUG] MongoDB connection closed
[2025-06-30T07:04:20.246Z] [INFO] Checking for scheduled reports...
[2025-06-30T07:04:20.873Z] [DEBUG] Connected to MongoDB
[2025-06-30T07:04:20.943Z] [INFO] Found 2 company databases
[2025-06-30T07:04:20.943Z] [DEBUG] Processing company database: company_9jxwph8g
[2025-06-30T07:04:20.997Z] [DEBUG] Finding reports to execute in company_9jxwph8g (current time: 2025-06-30T07:04:20.997Z)
[2025-06-30T07:04:21.050Z] [INFO] Found 0 reports to execute in company_9jxwph8g
[2025-06-30T07:04:21.051Z] [DEBUG] Processing company database: company_ey1a4uyd
[2025-06-30T07:04:21.104Z] [DEBUG] Skipping company_ey1a4uyd: No scheduled reports collection found
[2025-06-30T07:04:21.104Z] [INFO] Scheduled reports check completed
[2025-06-30T07:04:21.105Z] [DEBUG] MongoDB connection closed
[2025-06-30T07:04:50.246Z] [INFO] Checking for scheduled reports...
[2025-06-30T07:04:51.052Z] [DEBUG] Connected to MongoDB
[2025-06-30T07:04:51.115Z] [INFO] Found 2 company databases
[2025-06-30T07:04:51.116Z] [DEBUG] Processing company database: company_9jxwph8g
[2025-06-30T07:04:51.169Z] [DEBUG] Finding reports to execute in company_9jxwph8g (current time: 2025-06-30T07:04:51.169Z)
[2025-06-30T07:04:51.221Z] [INFO] Found 0 reports to execute in company_9jxwph8g
[2025-06-30T07:04:51.222Z] [DEBUG] Processing company database: company_ey1a4uyd
[2025-06-30T07:04:51.274Z] [DEBUG] Skipping company_ey1a4uyd: No scheduled reports collection found
[2025-06-30T07:04:51.275Z] [INFO] Scheduled reports check completed
[2025-06-30T07:04:51.276Z] [DEBUG] MongoDB connection closed
[2025-06-30T07:05:20.247Z] [INFO] Checking for scheduled reports...
[2025-06-30T07:05:20.867Z] [DEBUG] Connected to MongoDB
[2025-06-30T07:05:20.932Z] [INFO] Found 2 company databases
[2025-06-30T07:05:20.933Z] [DEBUG] Processing company database: company_9jxwph8g
[2025-06-30T07:05:20.987Z] [DEBUG] Finding reports to execute in company_9jxwph8g (current time: 2025-06-30T07:05:20.987Z)
[2025-06-30T07:05:21.043Z] [INFO] Found 0 reports to execute in company_9jxwph8g
[2025-06-30T07:05:21.044Z] [DEBUG] Processing company database: company_ey1a4uyd
[2025-06-30T07:05:21.098Z] [DEBUG] Skipping company_ey1a4uyd: No scheduled reports collection found
[2025-06-30T07:05:21.099Z] [INFO] Scheduled reports check completed
[2025-06-30T07:05:21.101Z] [DEBUG] MongoDB connection closed
[2025-06-30T07:05:50.248Z] [INFO] Checking for scheduled reports...
[2025-06-30T07:05:50.936Z] [DEBUG] Connected to MongoDB
[2025-06-30T07:05:51.001Z] [INFO] Found 2 company databases
[2025-06-30T07:05:51.001Z] [DEBUG] Processing company database: company_9jxwph8g
[2025-06-30T07:05:51.056Z] [DEBUG] Finding reports to execute in company_9jxwph8g (current time: 2025-06-30T07:05:51.056Z)
[2025-06-30T07:05:51.108Z] [INFO] Found 0 reports to execute in company_9jxwph8g
[2025-06-30T07:05:51.109Z] [DEBUG] Processing company database: company_ey1a4uyd
[2025-06-30T07:05:51.162Z] [DEBUG] Skipping company_ey1a4uyd: No scheduled reports collection found
[2025-06-30T07:05:51.162Z] [INFO] Scheduled reports check completed
[2025-06-30T07:05:51.164Z] [DEBUG] MongoDB connection closed
[2025-06-30T07:06:20.249Z] [INFO] Checking for scheduled reports...
[2025-06-30T07:06:20.973Z] [DEBUG] Connected to MongoDB
[2025-06-30T07:06:21.036Z] [INFO] Found 2 company databases
[2025-06-30T07:06:21.037Z] [DEBUG] Processing company database: company_9jxwph8g
[2025-06-30T07:06:21.091Z] [DEBUG] Finding reports to execute in company_9jxwph8g (current time: 2025-06-30T07:06:21.091Z)
[2025-06-30T07:06:21.143Z] [INFO] Found 0 reports to execute in company_9jxwph8g
[2025-06-30T07:06:21.143Z] [DEBUG] Processing company database: company_ey1a4uyd
[2025-06-30T07:06:21.195Z] [DEBUG] Skipping company_ey1a4uyd: No scheduled reports collection found
[2025-06-30T07:06:21.196Z] [INFO] Scheduled reports check completed
[2025-06-30T07:06:21.197Z] [DEBUG] MongoDB connection closed
[2025-06-30T07:06:50.250Z] [INFO] Checking for scheduled reports...
[2025-06-30T07:06:50.944Z] [DEBUG] Connected to MongoDB
[2025-06-30T07:06:51.009Z] [INFO] Found 2 company databases
[2025-06-30T07:06:51.009Z] [DEBUG] Processing company database: company_9jxwph8g
[2025-06-30T07:06:51.064Z] [DEBUG] Finding reports to execute in company_9jxwph8g (current time: 2025-06-30T07:06:51.064Z)
[2025-06-30T07:06:51.117Z] [INFO] Found 0 reports to execute in company_9jxwph8g
[2025-06-30T07:06:51.117Z] [DEBUG] Processing company database: company_ey1a4uyd
[2025-06-30T07:06:51.170Z] [DEBUG] Skipping company_ey1a4uyd: No scheduled reports collection found
[2025-06-30T07:06:51.171Z] [INFO] Scheduled reports check completed
[2025-06-30T07:06:51.173Z] [DEBUG] MongoDB connection closed
[2025-06-30T07:07:20.252Z] [INFO] Checking for scheduled reports...
[2025-06-30T07:07:20.864Z] [DEBUG] Connected to MongoDB
[2025-06-30T07:07:20.928Z] [INFO] Found 2 company databases
[2025-06-30T07:07:20.928Z] [DEBUG] Processing company database: company_9jxwph8g
[2025-06-30T07:07:20.982Z] [DEBUG] Finding reports to execute in company_9jxwph8g (current time: 2025-06-30T07:07:20.982Z)
[2025-06-30T07:07:21.035Z] [INFO] Found 0 reports to execute in company_9jxwph8g
[2025-06-30T07:07:21.035Z] [DEBUG] Processing company database: company_ey1a4uyd
[2025-06-30T07:07:21.088Z] [DEBUG] Skipping company_ey1a4uyd: No scheduled reports collection found
[2025-06-30T07:07:21.088Z] [INFO] Scheduled reports check completed
[2025-06-30T07:07:21.090Z] [DEBUG] MongoDB connection closed
[2025-06-30T07:07:50.254Z] [INFO] Checking for scheduled reports...
[2025-06-30T07:07:51.468Z] [DEBUG] Connected to MongoDB
[2025-06-30T07:07:51.570Z] [INFO] Found 2 company databases
[2025-06-30T07:07:51.571Z] [DEBUG] Processing company database: company_9jxwph8g
[2025-06-30T07:07:51.651Z] [DEBUG] Finding reports to execute in company_9jxwph8g (current time: 2025-06-30T07:07:51.651Z)
[2025-06-30T07:07:51.730Z] [INFO] Found 0 reports to execute in company_9jxwph8g
[2025-06-30T07:07:51.730Z] [DEBUG] Processing company database: company_ey1a4uyd
[2025-06-30T07:07:51.833Z] [DEBUG] Skipping company_ey1a4uyd: No scheduled reports collection found
[2025-06-30T07:07:51.834Z] [INFO] Scheduled reports check completed
[2025-06-30T07:07:51.836Z] [DEBUG] MongoDB connection closed
[2025-06-30T07:08:20.255Z] [INFO] Checking for scheduled reports...
[2025-06-30T07:08:20.888Z] [DEBUG] Connected to MongoDB
[2025-06-30T07:08:20.951Z] [INFO] Found 2 company databases
[2025-06-30T07:08:20.952Z] [DEBUG] Processing company database: company_9jxwph8g
[2025-06-30T07:08:21.005Z] [DEBUG] Finding reports to execute in company_9jxwph8g (current time: 2025-06-30T07:08:21.005Z)
[2025-06-30T07:08:21.059Z] [INFO] Found 0 reports to execute in company_9jxwph8g
[2025-06-30T07:08:21.060Z] [DEBUG] Processing company database: company_ey1a4uyd
[2025-06-30T07:08:21.117Z] [DEBUG] Skipping company_ey1a4uyd: No scheduled reports collection found
[2025-06-30T07:08:21.118Z] [INFO] Scheduled reports check completed
[2025-06-30T07:08:21.119Z] [DEBUG] MongoDB connection closed
[2025-06-30T07:08:50.255Z] [INFO] Checking for scheduled reports...
[2025-06-30T07:08:50.934Z] [DEBUG] Connected to MongoDB
[2025-06-30T07:08:50.997Z] [INFO] Found 2 company databases
[2025-06-30T07:08:50.998Z] [DEBUG] Processing company database: company_9jxwph8g
[2025-06-30T07:08:51.051Z] [DEBUG] Finding reports to execute in company_9jxwph8g (current time: 2025-06-30T07:08:51.051Z)
[2025-06-30T07:08:51.103Z] [INFO] Found 0 reports to execute in company_9jxwph8g
[2025-06-30T07:08:51.103Z] [DEBUG] Processing company database: company_ey1a4uyd
[2025-06-30T07:08:51.155Z] [DEBUG] Skipping company_ey1a4uyd: No scheduled reports collection found
[2025-06-30T07:08:51.156Z] [INFO] Scheduled reports check completed
[2025-06-30T07:08:51.157Z] [DEBUG] MongoDB connection closed
[2025-06-30T07:09:20.256Z] [INFO] Checking for scheduled reports...
[2025-06-30T07:09:20.982Z] [DEBUG] Connected to MongoDB
[2025-06-30T07:09:21.045Z] [INFO] Found 2 company databases
[2025-06-30T07:09:21.045Z] [DEBUG] Processing company database: company_9jxwph8g
[2025-06-30T07:09:21.098Z] [DEBUG] Finding reports to execute in company_9jxwph8g (current time: 2025-06-30T07:09:21.098Z)
[2025-06-30T07:09:21.151Z] [INFO] Found 0 reports to execute in company_9jxwph8g
[2025-06-30T07:09:21.152Z] [DEBUG] Processing company database: company_ey1a4uyd
[2025-06-30T07:09:21.206Z] [DEBUG] Skipping company_ey1a4uyd: No scheduled reports collection found
[2025-06-30T07:09:21.206Z] [INFO] Scheduled reports check completed
[2025-06-30T07:09:21.208Z] [DEBUG] MongoDB connection closed
[2025-06-30T07:09:50.257Z] [INFO] Checking for scheduled reports...
[2025-06-30T07:09:50.953Z] [DEBUG] Connected to MongoDB
[2025-06-30T07:09:51.018Z] [INFO] Found 2 company databases
[2025-06-30T07:09:51.018Z] [DEBUG] Processing company database: company_9jxwph8g
[2025-06-30T07:09:51.072Z] [DEBUG] Finding reports to execute in company_9jxwph8g (current time: 2025-06-30T07:09:51.072Z)
[2025-06-30T07:09:51.126Z] [INFO] Found 0 reports to execute in company_9jxwph8g
[2025-06-30T07:09:51.127Z] [DEBUG] Processing company database: company_ey1a4uyd
[2025-06-30T07:09:51.182Z] [DEBUG] Skipping company_ey1a4uyd: No scheduled reports collection found
[2025-06-30T07:09:51.182Z] [INFO] Scheduled reports check completed
[2025-06-30T07:09:51.185Z] [DEBUG] MongoDB connection closed
[2025-06-30T07:10:20.258Z] [INFO] Checking for scheduled reports...
[2025-06-30T07:10:20.877Z] [DEBUG] Connected to MongoDB
[2025-06-30T07:10:20.941Z] [INFO] Found 2 company databases
[2025-06-30T07:10:20.942Z] [DEBUG] Processing company database: company_9jxwph8g
[2025-06-30T07:10:20.996Z] [DEBUG] Finding reports to execute in company_9jxwph8g (current time: 2025-06-30T07:10:20.996Z)
[2025-06-30T07:10:21.050Z] [INFO] Found 0 reports to execute in company_9jxwph8g
[2025-06-30T07:10:21.051Z] [DEBUG] Processing company database: company_ey1a4uyd
[2025-06-30T07:10:21.104Z] [DEBUG] Skipping company_ey1a4uyd: No scheduled reports collection found
[2025-06-30T07:10:21.105Z] [INFO] Scheduled reports check completed
[2025-06-30T07:10:21.107Z] [DEBUG] MongoDB connection closed
[2025-06-30T07:10:50.259Z] [INFO] Checking for scheduled reports...
[2025-06-30T07:10:51.097Z] [DEBUG] Connected to MongoDB
[2025-06-30T07:10:51.165Z] [INFO] Found 2 company databases
[2025-06-30T07:10:51.166Z] [DEBUG] Processing company database: company_9jxwph8g
[2025-06-30T07:10:51.222Z] [DEBUG] Finding reports to execute in company_9jxwph8g (current time: 2025-06-30T07:10:51.222Z)
[2025-06-30T07:10:51.275Z] [INFO] Found 0 reports to execute in company_9jxwph8g
[2025-06-30T07:10:51.276Z] [DEBUG] Processing company database: company_ey1a4uyd
[2025-06-30T07:10:51.329Z] [DEBUG] Skipping company_ey1a4uyd: No scheduled reports collection found
[2025-06-30T07:10:51.330Z] [INFO] Scheduled reports check completed
[2025-06-30T07:10:51.332Z] [DEBUG] MongoDB connection closed
[2025-06-30T07:11:20.259Z] [INFO] Checking for scheduled reports...
[2025-06-30T07:11:20.882Z] [DEBUG] Connected to MongoDB
[2025-06-30T07:11:20.947Z] [INFO] Found 2 company databases
[2025-06-30T07:11:20.948Z] [DEBUG] Processing company database: company_9jxwph8g
[2025-06-30T07:11:21.002Z] [DEBUG] Finding reports to execute in company_9jxwph8g (current time: 2025-06-30T07:11:21.002Z)
[2025-06-30T07:11:21.056Z] [INFO] Found 0 reports to execute in company_9jxwph8g
[2025-06-30T07:11:21.056Z] [DEBUG] Processing company database: company_ey1a4uyd
[2025-06-30T07:11:21.108Z] [DEBUG] Skipping company_ey1a4uyd: No scheduled reports collection found
[2025-06-30T07:11:21.109Z] [INFO] Scheduled reports check completed
[2025-06-30T07:11:21.110Z] [DEBUG] MongoDB connection closed
[2025-06-30T07:11:50.259Z] [INFO] Checking for scheduled reports...
[2025-06-30T07:11:50.956Z] [DEBUG] Connected to MongoDB
[2025-06-30T07:11:51.021Z] [INFO] Found 2 company databases
[2025-06-30T07:11:51.022Z] [DEBUG] Processing company database: company_9jxwph8g
[2025-06-30T07:11:51.077Z] [DEBUG] Finding reports to execute in company_9jxwph8g (current time: 2025-06-30T07:11:51.077Z)
[2025-06-30T07:11:51.131Z] [INFO] Found 0 reports to execute in company_9jxwph8g
[2025-06-30T07:11:51.131Z] [DEBUG] Processing company database: company_ey1a4uyd
[2025-06-30T07:11:51.186Z] [DEBUG] Skipping company_ey1a4uyd: No scheduled reports collection found
[2025-06-30T07:11:51.186Z] [INFO] Scheduled reports check completed
[2025-06-30T07:11:51.188Z] [DEBUG] MongoDB connection closed
[2025-06-30T07:12:20.261Z] [INFO] Checking for scheduled reports...
[2025-06-30T07:12:20.994Z] [DEBUG] Connected to MongoDB
[2025-06-30T07:12:21.059Z] [INFO] Found 2 company databases
[2025-06-30T07:12:21.060Z] [DEBUG] Processing company database: company_9jxwph8g
[2025-06-30T07:12:21.115Z] [DEBUG] Finding reports to execute in company_9jxwph8g (current time: 2025-06-30T07:12:21.115Z)
[2025-06-30T07:12:21.169Z] [INFO] Found 0 reports to execute in company_9jxwph8g
[2025-06-30T07:12:21.170Z] [DEBUG] Processing company database: company_ey1a4uyd
[2025-06-30T07:12:21.225Z] [DEBUG] Skipping company_ey1a4uyd: No scheduled reports collection found
[2025-06-30T07:12:21.225Z] [INFO] Scheduled reports check completed
[2025-06-30T07:12:21.228Z] [DEBUG] MongoDB connection closed
[2025-06-30T07:12:50.262Z] [INFO] Checking for scheduled reports...
[2025-06-30T07:12:50.964Z] [DEBUG] Connected to MongoDB
[2025-06-30T07:12:51.028Z] [INFO] Found 2 company databases
[2025-06-30T07:12:51.029Z] [DEBUG] Processing company database: company_9jxwph8g
[2025-06-30T07:12:51.083Z] [DEBUG] Finding reports to execute in company_9jxwph8g (current time: 2025-06-30T07:12:51.083Z)
[2025-06-30T07:12:51.136Z] [INFO] Found 0 reports to execute in company_9jxwph8g
[2025-06-30T07:12:51.137Z] [DEBUG] Processing company database: company_ey1a4uyd
[2025-06-30T07:12:51.191Z] [DEBUG] Skipping company_ey1a4uyd: No scheduled reports collection found
[2025-06-30T07:12:51.192Z] [INFO] Scheduled reports check completed
[2025-06-30T07:12:51.194Z] [DEBUG] MongoDB connection closed
[2025-06-30T07:13:20.262Z] [INFO] Checking for scheduled reports...
[2025-06-30T07:13:20.882Z] [DEBUG] Connected to MongoDB
[2025-06-30T07:13:20.960Z] [INFO] Found 2 company databases
[2025-06-30T07:13:20.960Z] [DEBUG] Processing company database: company_9jxwph8g
[2025-06-30T07:13:21.015Z] [DEBUG] Finding reports to execute in company_9jxwph8g (current time: 2025-06-30T07:13:21.015Z)
[2025-06-30T07:13:21.070Z] [INFO] Found 0 reports to execute in company_9jxwph8g
[2025-06-30T07:13:21.071Z] [DEBUG] Processing company database: company_ey1a4uyd
[2025-06-30T07:13:21.125Z] [DEBUG] Skipping company_ey1a4uyd: No scheduled reports collection found
[2025-06-30T07:13:21.125Z] [INFO] Scheduled reports check completed
[2025-06-30T07:13:21.128Z] [DEBUG] MongoDB connection closed
[2025-06-30T07:13:50.263Z] [INFO] Checking for scheduled reports...
[2025-06-30T07:13:51.072Z] [DEBUG] Connected to MongoDB
[2025-06-30T07:13:51.137Z] [INFO] Found 2 company databases
[2025-06-30T07:13:51.138Z] [DEBUG] Processing company database: company_9jxwph8g
[2025-06-30T07:13:51.193Z] [DEBUG] Finding reports to execute in company_9jxwph8g (current time: 2025-06-30T07:13:51.193Z)
[2025-06-30T07:13:51.247Z] [INFO] Found 0 reports to execute in company_9jxwph8g
[2025-06-30T07:13:51.247Z] [DEBUG] Processing company database: company_ey1a4uyd
[2025-06-30T07:13:51.302Z] [DEBUG] Skipping company_ey1a4uyd: No scheduled reports collection found
[2025-06-30T07:13:51.302Z] [INFO] Scheduled reports check completed
[2025-06-30T07:13:51.305Z] [DEBUG] MongoDB connection closed
[2025-06-30T07:14:20.265Z] [INFO] Checking for scheduled reports...
[2025-06-30T07:14:20.897Z] [DEBUG] Connected to MongoDB
[2025-06-30T07:14:20.961Z] [INFO] Found 2 company databases
[2025-06-30T07:14:20.962Z] [DEBUG] Processing company database: company_9jxwph8g
[2025-06-30T07:14:21.018Z] [DEBUG] Finding reports to execute in company_9jxwph8g (current time: 2025-06-30T07:14:21.018Z)
[2025-06-30T07:14:21.072Z] [INFO] Found 0 reports to execute in company_9jxwph8g
[2025-06-30T07:14:21.072Z] [DEBUG] Processing company database: company_ey1a4uyd
[2025-06-30T07:14:21.126Z] [DEBUG] Skipping company_ey1a4uyd: No scheduled reports collection found
[2025-06-30T07:14:21.126Z] [INFO] Scheduled reports check completed
[2025-06-30T07:14:21.128Z] [DEBUG] MongoDB connection closed
[2025-06-30T07:14:50.266Z] [INFO] Checking for scheduled reports...
[2025-06-30T07:14:50.963Z] [DEBUG] Connected to MongoDB
[2025-06-30T07:14:51.029Z] [INFO] Found 2 company databases
[2025-06-30T07:14:51.029Z] [DEBUG] Processing company database: company_9jxwph8g
[2025-06-30T07:14:51.085Z] [DEBUG] Finding reports to execute in company_9jxwph8g (current time: 2025-06-30T07:14:51.085Z)
[2025-06-30T07:14:51.140Z] [INFO] Found 0 reports to execute in company_9jxwph8g
[2025-06-30T07:14:51.140Z] [DEBUG] Processing company database: company_ey1a4uyd
[2025-06-30T07:14:51.194Z] [DEBUG] Skipping company_ey1a4uyd: No scheduled reports collection found
[2025-06-30T07:14:51.194Z] [INFO] Scheduled reports check completed
[2025-06-30T07:14:51.197Z] [DEBUG] MongoDB connection closed
[2025-06-30T07:15:20.268Z] [INFO] Checking for scheduled reports...
[2025-06-30T07:15:21.070Z] [DEBUG] Connected to MongoDB
[2025-06-30T07:15:21.135Z] [INFO] Found 2 company databases
[2025-06-30T07:15:21.136Z] [DEBUG] Processing company database: company_9jxwph8g
[2025-06-30T07:15:21.190Z] [DEBUG] Finding reports to execute in company_9jxwph8g (current time: 2025-06-30T07:15:21.190Z)
[2025-06-30T07:15:21.243Z] [INFO] Found 0 reports to execute in company_9jxwph8g
[2025-06-30T07:15:21.243Z] [DEBUG] Processing company database: company_ey1a4uyd
[2025-06-30T07:15:21.296Z] [DEBUG] Skipping company_ey1a4uyd: No scheduled reports collection found
[2025-06-30T07:15:21.296Z] [INFO] Scheduled reports check completed
[2025-06-30T07:15:21.297Z] [DEBUG] MongoDB connection closed
[2025-06-30T07:15:50.268Z] [INFO] Checking for scheduled reports...
[2025-06-30T07:15:50.968Z] [DEBUG] Connected to MongoDB
[2025-06-30T07:15:51.034Z] [INFO] Found 2 company databases
[2025-06-30T07:15:51.034Z] [DEBUG] Processing company database: company_9jxwph8g
[2025-06-30T07:15:51.089Z] [DEBUG] Finding reports to execute in company_9jxwph8g (current time: 2025-06-30T07:15:51.089Z)
[2025-06-30T07:15:51.143Z] [INFO] Found 0 reports to execute in company_9jxwph8g
[2025-06-30T07:15:51.143Z] [DEBUG] Processing company database: company_ey1a4uyd
[2025-06-30T07:15:51.197Z] [DEBUG] Skipping company_ey1a4uyd: No scheduled reports collection found
[2025-06-30T07:15:51.198Z] [INFO] Scheduled reports check completed
[2025-06-30T07:15:51.200Z] [DEBUG] MongoDB connection closed
[2025-06-30T07:16:20.270Z] [INFO] Checking for scheduled reports...
[2025-06-30T07:16:20.899Z] [DEBUG] Connected to MongoDB
[2025-06-30T07:16:20.964Z] [INFO] Found 2 company databases
[2025-06-30T07:16:20.964Z] [DEBUG] Processing company database: company_9jxwph8g
[2025-06-30T07:16:21.018Z] [DEBUG] Finding reports to execute in company_9jxwph8g (current time: 2025-06-30T07:16:21.018Z)
[2025-06-30T07:16:21.072Z] [INFO] Found 0 reports to execute in company_9jxwph8g
[2025-06-30T07:16:21.073Z] [DEBUG] Processing company database: company_ey1a4uyd
[2025-06-30T07:16:21.128Z] [DEBUG] Skipping company_ey1a4uyd: No scheduled reports collection found
[2025-06-30T07:16:21.129Z] [INFO] Scheduled reports check completed
[2025-06-30T07:16:21.131Z] [DEBUG] MongoDB connection closed
[2025-06-30T07:16:50.272Z] [INFO] Checking for scheduled reports...
[2025-06-30T07:16:51.081Z] [DEBUG] Connected to MongoDB
[2025-06-30T07:16:51.146Z] [INFO] Found 2 company databases
[2025-06-30T07:16:51.147Z] [DEBUG] Processing company database: company_9jxwph8g
[2025-06-30T07:16:51.201Z] [DEBUG] Finding reports to execute in company_9jxwph8g (current time: 2025-06-30T07:16:51.201Z)
[2025-06-30T07:16:51.254Z] [INFO] Found 0 reports to execute in company_9jxwph8g
[2025-06-30T07:16:51.255Z] [DEBUG] Processing company database: company_ey1a4uyd
[2025-06-30T07:16:51.308Z] [DEBUG] Skipping company_ey1a4uyd: No scheduled reports collection found
[2025-06-30T07:16:51.309Z] [INFO] Scheduled reports check completed
[2025-06-30T07:16:51.311Z] [DEBUG] MongoDB connection closed
[2025-06-30T07:17:20.272Z] [INFO] Checking for scheduled reports...
[2025-06-30T07:17:20.893Z] [DEBUG] Connected to MongoDB
[2025-06-30T07:17:20.958Z] [INFO] Found 2 company databases
[2025-06-30T07:17:20.958Z] [DEBUG] Processing company database: company_9jxwph8g
[2025-06-30T07:17:21.013Z] [DEBUG] Finding reports to execute in company_9jxwph8g (current time: 2025-06-30T07:17:21.013Z)
[2025-06-30T07:17:21.067Z] [INFO] Found 0 reports to execute in company_9jxwph8g
[2025-06-30T07:17:21.068Z] [DEBUG] Processing company database: company_ey1a4uyd
[2025-06-30T07:17:21.122Z] [DEBUG] Skipping company_ey1a4uyd: No scheduled reports collection found
[2025-06-30T07:17:21.122Z] [INFO] Scheduled reports check completed
[2025-06-30T07:17:21.125Z] [DEBUG] MongoDB connection closed
[2025-06-30T07:17:50.274Z] [INFO] Checking for scheduled reports...
[2025-06-30T07:17:50.991Z] [DEBUG] Connected to MongoDB
[2025-06-30T07:17:51.056Z] [INFO] Found 2 company databases
[2025-06-30T07:17:51.057Z] [DEBUG] Processing company database: company_9jxwph8g
[2025-06-30T07:17:51.111Z] [DEBUG] Finding reports to execute in company_9jxwph8g (current time: 2025-06-30T07:17:51.111Z)
[2025-06-30T07:17:51.164Z] [INFO] Found 0 reports to execute in company_9jxwph8g
[2025-06-30T07:17:51.165Z] [DEBUG] Processing company database: company_ey1a4uyd
[2025-06-30T07:17:51.219Z] [DEBUG] Skipping company_ey1a4uyd: No scheduled reports collection found
[2025-06-30T07:17:51.219Z] [INFO] Scheduled reports check completed
[2025-06-30T07:17:51.221Z] [DEBUG] MongoDB connection closed
[2025-06-30T07:18:20.274Z] [INFO] Checking for scheduled reports...
[2025-06-30T07:18:21.003Z] [DEBUG] Connected to MongoDB
[2025-06-30T07:18:21.073Z] [INFO] Found 2 company databases
[2025-06-30T07:18:21.074Z] [DEBUG] Processing company database: company_9jxwph8g
[2025-06-30T07:18:21.128Z] [DEBUG] Finding reports to execute in company_9jxwph8g (current time: 2025-06-30T07:18:21.127Z)
[2025-06-30T07:18:21.181Z] [INFO] Found 0 reports to execute in company_9jxwph8g
[2025-06-30T07:18:21.181Z] [DEBUG] Processing company database: company_ey1a4uyd
[2025-06-30T07:18:21.234Z] [DEBUG] Skipping company_ey1a4uyd: No scheduled reports collection found
[2025-06-30T07:18:21.235Z] [INFO] Scheduled reports check completed
[2025-06-30T07:18:21.237Z] [DEBUG] MongoDB connection closed
[2025-06-30T07:18:50.275Z] [INFO] Checking for scheduled reports...
[2025-06-30T07:18:50.959Z] [DEBUG] Connected to MongoDB
[2025-06-30T07:18:51.024Z] [INFO] Found 2 company databases
[2025-06-30T07:18:51.024Z] [DEBUG] Processing company database: company_9jxwph8g
[2025-06-30T07:18:51.078Z] [DEBUG] Finding reports to execute in company_9jxwph8g (current time: 2025-06-30T07:18:51.078Z)
[2025-06-30T07:18:51.130Z] [INFO] Found 0 reports to execute in company_9jxwph8g
[2025-06-30T07:18:51.130Z] [DEBUG] Processing company database: company_ey1a4uyd
[2025-06-30T07:18:51.183Z] [DEBUG] Skipping company_ey1a4uyd: No scheduled reports collection found
[2025-06-30T07:18:51.184Z] [INFO] Scheduled reports check completed
[2025-06-30T07:18:51.186Z] [DEBUG] MongoDB connection closed
[2025-06-30T07:19:20.275Z] [INFO] Checking for scheduled reports...
[2025-06-30T07:19:20.884Z] [DEBUG] Connected to MongoDB
[2025-06-30T07:19:20.949Z] [INFO] Found 2 company databases
[2025-06-30T07:19:20.950Z] [DEBUG] Processing company database: company_9jxwph8g
[2025-06-30T07:19:21.003Z] [DEBUG] Finding reports to execute in company_9jxwph8g (current time: 2025-06-30T07:19:21.003Z)
[2025-06-30T07:19:21.056Z] [INFO] Found 0 reports to execute in company_9jxwph8g
[2025-06-30T07:19:21.056Z] [DEBUG] Processing company database: company_ey1a4uyd
[2025-06-30T07:19:21.109Z] [DEBUG] Skipping company_ey1a4uyd: No scheduled reports collection found
[2025-06-30T07:19:21.109Z] [INFO] Scheduled reports check completed
[2025-06-30T07:19:21.111Z] [DEBUG] MongoDB connection closed
[2025-06-30T07:19:50.277Z] [INFO] Checking for scheduled reports...
[2025-06-30T07:19:52.331Z] [DEBUG] Connected to MongoDB
[2025-06-30T07:19:52.524Z] [INFO] Found 2 company databases
[2025-06-30T07:19:52.525Z] [DEBUG] Processing company database: company_9jxwph8g
[2025-06-30T07:19:52.734Z] [DEBUG] Finding reports to execute in company_9jxwph8g (current time: 2025-06-30T07:19:52.734Z)
[2025-06-30T07:19:52.941Z] [INFO] Found 0 reports to execute in company_9jxwph8g
[2025-06-30T07:19:52.941Z] [DEBUG] Processing company database: company_ey1a4uyd
[2025-06-30T07:19:53.145Z] [DEBUG] Skipping company_ey1a4uyd: No scheduled reports collection found
[2025-06-30T07:19:53.146Z] [INFO] Scheduled reports check completed
[2025-06-30T07:19:53.148Z] [DEBUG] MongoDB connection closed
[2025-06-30T07:20:20.279Z] [INFO] Checking for scheduled reports...
[2025-06-30T07:20:22.955Z] [DEBUG] Connected to MongoDB
[2025-06-30T07:20:23.205Z] [INFO] Found 2 company databases
[2025-06-30T07:20:23.206Z] [DEBUG] Processing company database: company_9jxwph8g
[2025-06-30T07:20:23.456Z] [DEBUG] Finding reports to execute in company_9jxwph8g (current time: 2025-06-30T07:20:23.456Z)
[2025-06-30T07:20:23.708Z] [INFO] Found 0 reports to execute in company_9jxwph8g
[2025-06-30T07:20:23.708Z] [DEBUG] Processing company database: company_ey1a4uyd
[2025-06-30T07:20:23.987Z] [DEBUG] Skipping company_ey1a4uyd: No scheduled reports collection found
[2025-06-30T07:20:23.988Z] [INFO] Scheduled reports check completed
[2025-06-30T07:20:23.990Z] [DEBUG] MongoDB connection closed
[2025-06-30T07:20:50.280Z] [INFO] Checking for scheduled reports...
[2025-06-30T07:20:52.182Z] [DEBUG] Connected to MongoDB
[2025-06-30T07:20:52.355Z] [INFO] Found 2 company databases
[2025-06-30T07:20:52.355Z] [DEBUG] Processing company database: company_9jxwph8g
[2025-06-30T07:20:52.538Z] [DEBUG] Finding reports to execute in company_9jxwph8g (current time: 2025-06-30T07:20:52.538Z)
[2025-06-30T07:20:52.716Z] [INFO] Found 0 reports to execute in company_9jxwph8g
[2025-06-30T07:20:52.716Z] [DEBUG] Processing company database: company_ey1a4uyd
[2025-06-30T07:20:52.874Z] [DEBUG] Skipping company_ey1a4uyd: No scheduled reports collection found
[2025-06-30T07:20:52.874Z] [INFO] Scheduled reports check completed
[2025-06-30T07:20:52.875Z] [DEBUG] MongoDB connection closed
[2025-06-30T07:21:20.257Z] [INFO] Checking for scheduled reports...
[2025-06-30T07:21:22.383Z] [DEBUG] Connected to MongoDB
[2025-06-30T07:21:22.582Z] [INFO] Found 2 company databases
[2025-06-30T07:21:22.583Z] [DEBUG] Processing company database: company_9jxwph8g
[2025-06-30T07:21:22.755Z] [DEBUG] Finding reports to execute in company_9jxwph8g (current time: 2025-06-30T07:21:22.755Z)
[2025-06-30T07:21:22.922Z] [INFO] Found 0 reports to execute in company_9jxwph8g
[2025-06-30T07:21:22.922Z] [DEBUG] Processing company database: company_ey1a4uyd
[2025-06-30T07:21:23.083Z] [DEBUG] Skipping company_ey1a4uyd: No scheduled reports collection found
[2025-06-30T07:21:23.084Z] [INFO] Scheduled reports check completed
[2025-06-30T07:21:23.085Z] [DEBUG] MongoDB connection closed
[2025-06-30T07:21:50.253Z] [INFO] Checking for scheduled reports...
[2025-06-30T07:21:51.568Z] [DEBUG] Connected to MongoDB
[2025-06-30T07:21:51.711Z] [INFO] Found 2 company databases
[2025-06-30T07:21:51.711Z] [DEBUG] Processing company database: company_9jxwph8g
[2025-06-30T07:21:51.823Z] [DEBUG] Finding reports to execute in company_9jxwph8g (current time: 2025-06-30T07:21:51.823Z)
[2025-06-30T07:21:51.923Z] [INFO] Found 0 reports to execute in company_9jxwph8g
[2025-06-30T07:21:51.924Z] [DEBUG] Processing company database: company_ey1a4uyd
[2025-06-30T07:21:52.025Z] [DEBUG] Skipping company_ey1a4uyd: No scheduled reports collection found
[2025-06-30T07:21:52.025Z] [INFO] Scheduled reports check completed
[2025-06-30T07:21:52.028Z] [DEBUG] MongoDB connection closed
[2025-06-30T07:22:20.254Z] [INFO] Checking for scheduled reports...
[2025-06-30T07:22:20.870Z] [DEBUG] Connected to MongoDB
[2025-06-30T07:22:20.935Z] [INFO] Found 2 company databases
[2025-06-30T07:22:20.936Z] [DEBUG] Processing company database: company_9jxwph8g
[2025-06-30T07:22:20.989Z] [DEBUG] Finding reports to execute in company_9jxwph8g (current time: 2025-06-30T07:22:20.989Z)
[2025-06-30T07:22:21.043Z] [INFO] Found 0 reports to execute in company_9jxwph8g
[2025-06-30T07:22:21.044Z] [DEBUG] Processing company database: company_ey1a4uyd
[2025-06-30T07:22:21.097Z] [DEBUG] Skipping company_ey1a4uyd: No scheduled reports collection found
[2025-06-30T07:22:21.098Z] [INFO] Scheduled reports check completed
[2025-06-30T07:22:21.100Z] [DEBUG] MongoDB connection closed
[2025-06-30T07:22:50.255Z] [INFO] Checking for scheduled reports...
[2025-06-30T07:22:51.172Z] [DEBUG] Connected to MongoDB
[2025-06-30T07:22:51.238Z] [INFO] Found 2 company databases
[2025-06-30T07:22:51.238Z] [DEBUG] Processing company database: company_9jxwph8g
[2025-06-30T07:22:51.294Z] [DEBUG] Finding reports to execute in company_9jxwph8g (current time: 2025-06-30T07:22:51.294Z)
[2025-06-30T07:22:51.348Z] [INFO] Found 0 reports to execute in company_9jxwph8g
[2025-06-30T07:22:51.348Z] [DEBUG] Processing company database: company_ey1a4uyd
[2025-06-30T07:22:51.402Z] [DEBUG] Skipping company_ey1a4uyd: No scheduled reports collection found
[2025-06-30T07:22:51.403Z] [INFO] Scheduled reports check completed
[2025-06-30T07:22:51.406Z] [DEBUG] MongoDB connection closed
[2025-06-30T07:23:20.258Z] [INFO] Checking for scheduled reports...
[2025-06-30T07:23:20.879Z] [DEBUG] Connected to MongoDB
[2025-06-30T07:23:20.945Z] [INFO] Found 2 company databases
[2025-06-30T07:23:20.946Z] [DEBUG] Processing company database: company_9jxwph8g
[2025-06-30T07:23:21.000Z] [DEBUG] Finding reports to execute in company_9jxwph8g (current time: 2025-06-30T07:23:21.000Z)
[2025-06-30T07:23:21.053Z] [INFO] Found 0 reports to execute in company_9jxwph8g
[2025-06-30T07:23:21.054Z] [DEBUG] Processing company database: company_ey1a4uyd
[2025-06-30T07:23:21.107Z] [DEBUG] Skipping company_ey1a4uyd: No scheduled reports collection found
[2025-06-30T07:23:21.108Z] [INFO] Scheduled reports check completed
[2025-06-30T07:23:21.110Z] [DEBUG] MongoDB connection closed
[2025-06-30T07:23:50.259Z] [INFO] Checking for scheduled reports...
[2025-06-30T07:23:50.970Z] [DEBUG] Connected to MongoDB
[2025-06-30T07:23:51.036Z] [INFO] Found 2 company databases
[2025-06-30T07:23:51.037Z] [DEBUG] Processing company database: company_9jxwph8g
[2025-06-30T07:23:51.101Z] [DEBUG] Finding reports to execute in company_9jxwph8g (current time: 2025-06-30T07:23:51.101Z)
[2025-06-30T07:23:51.154Z] [INFO] Found 0 reports to execute in company_9jxwph8g
[2025-06-30T07:23:51.154Z] [DEBUG] Processing company database: company_ey1a4uyd
[2025-06-30T07:23:51.207Z] [DEBUG] Skipping company_ey1a4uyd: No scheduled reports collection found
[2025-06-30T07:23:51.208Z] [INFO] Scheduled reports check completed
[2025-06-30T07:23:51.209Z] [DEBUG] MongoDB connection closed
[2025-06-30T07:24:20.260Z] [INFO] Checking for scheduled reports...
[2025-06-30T07:24:21.014Z] [DEBUG] Connected to MongoDB
[2025-06-30T07:24:21.073Z] [INFO] Found 2 company databases
[2025-06-30T07:24:21.074Z] [DEBUG] Processing company database: company_9jxwph8g
[2025-06-30T07:24:21.123Z] [DEBUG] Finding reports to execute in company_9jxwph8g (current time: 2025-06-30T07:24:21.123Z)
[2025-06-30T07:24:21.171Z] [INFO] Found 0 reports to execute in company_9jxwph8g
[2025-06-30T07:24:21.172Z] [DEBUG] Processing company database: company_ey1a4uyd
[2025-06-30T07:24:21.221Z] [DEBUG] Skipping company_ey1a4uyd: No scheduled reports collection found
[2025-06-30T07:24:21.221Z] [INFO] Scheduled reports check completed
[2025-06-30T07:24:21.223Z] [DEBUG] MongoDB connection closed
[2025-06-30T07:24:50.261Z] [INFO] Checking for scheduled reports...
[2025-06-30T07:24:50.914Z] [DEBUG] Connected to MongoDB
[2025-06-30T07:24:50.974Z] [INFO] Found 2 company databases
[2025-06-30T07:24:50.975Z] [DEBUG] Processing company database: company_9jxwph8g
[2025-06-30T07:24:51.027Z] [DEBUG] Finding reports to execute in company_9jxwph8g (current time: 2025-06-30T07:24:51.027Z)
[2025-06-30T07:24:51.077Z] [INFO] Found 0 reports to execute in company_9jxwph8g
[2025-06-30T07:24:51.077Z] [DEBUG] Processing company database: company_ey1a4uyd
[2025-06-30T07:24:51.128Z] [DEBUG] Skipping company_ey1a4uyd: No scheduled reports collection found
[2025-06-30T07:24:51.128Z] [INFO] Scheduled reports check completed
[2025-06-30T07:24:51.130Z] [DEBUG] MongoDB connection closed
[2025-06-30T07:25:20.263Z] [INFO] Checking for scheduled reports...
[2025-06-30T07:25:20.842Z] [DEBUG] Connected to MongoDB
[2025-06-30T07:25:20.903Z] [INFO] Found 2 company databases
[2025-06-30T07:25:20.903Z] [DEBUG] Processing company database: company_9jxwph8g
[2025-06-30T07:25:20.953Z] [DEBUG] Finding reports to execute in company_9jxwph8g (current time: 2025-06-30T07:25:20.953Z)
[2025-06-30T07:25:21.002Z] [INFO] Found 0 reports to execute in company_9jxwph8g
[2025-06-30T07:25:21.002Z] [DEBUG] Processing company database: company_ey1a4uyd
[2025-06-30T07:25:21.052Z] [DEBUG] Skipping company_ey1a4uyd: No scheduled reports collection found
[2025-06-30T07:25:21.052Z] [INFO] Scheduled reports check completed
[2025-06-30T07:25:21.053Z] [DEBUG] MongoDB connection closed
[2025-06-30T07:25:50.263Z] [INFO] Checking for scheduled reports...
[2025-06-30T07:25:51.022Z] [DEBUG] Connected to MongoDB
[2025-06-30T07:25:51.083Z] [INFO] Found 2 company databases
[2025-06-30T07:25:51.083Z] [DEBUG] Processing company database: company_9jxwph8g
[2025-06-30T07:25:51.133Z] [DEBUG] Finding reports to execute in company_9jxwph8g (current time: 2025-06-30T07:25:51.133Z)
[2025-06-30T07:25:51.182Z] [INFO] Found 0 reports to execute in company_9jxwph8g
[2025-06-30T07:25:51.182Z] [DEBUG] Processing company database: company_ey1a4uyd
[2025-06-30T07:25:51.234Z] [DEBUG] Skipping company_ey1a4uyd: No scheduled reports collection found
[2025-06-30T07:25:51.234Z] [INFO] Scheduled reports check completed
[2025-06-30T07:25:51.235Z] [DEBUG] MongoDB connection closed
[2025-06-30T07:26:20.275Z] [INFO] Checking for scheduled reports...
[2025-06-30T07:26:20.918Z] [DEBUG] Connected to MongoDB
[2025-06-30T07:26:20.985Z] [INFO] Found 2 company databases
[2025-06-30T07:26:20.986Z] [DEBUG] Processing company database: company_9jxwph8g
[2025-06-30T07:26:21.035Z] [DEBUG] Finding reports to execute in company_9jxwph8g (current time: 2025-06-30T07:26:21.035Z)
[2025-06-30T07:26:21.083Z] [INFO] Found 0 reports to execute in company_9jxwph8g
[2025-06-30T07:26:21.084Z] [DEBUG] Processing company database: company_ey1a4uyd
[2025-06-30T07:26:21.133Z] [DEBUG] Skipping company_ey1a4uyd: No scheduled reports collection found
[2025-06-30T07:26:21.134Z] [INFO] Scheduled reports check completed
[2025-06-30T07:26:21.136Z] [DEBUG] MongoDB connection closed
[2025-06-30T07:26:50.280Z] [INFO] Checking for scheduled reports...
[2025-06-30T07:26:51.002Z] [DEBUG] Connected to MongoDB
[2025-06-30T07:26:51.062Z] [INFO] Found 2 company databases
[2025-06-30T07:26:51.063Z] [DEBUG] Processing company database: company_9jxwph8g
[2025-06-30T07:26:51.112Z] [DEBUG] Finding reports to execute in company_9jxwph8g (current time: 2025-06-30T07:26:51.112Z)
[2025-06-30T07:26:51.168Z] [INFO] Found 0 reports to execute in company_9jxwph8g
[2025-06-30T07:26:51.168Z] [DEBUG] Processing company database: company_ey1a4uyd
[2025-06-30T07:26:51.221Z] [DEBUG] Skipping company_ey1a4uyd: No scheduled reports collection found
[2025-06-30T07:26:51.221Z] [INFO] Scheduled reports check completed
[2025-06-30T07:26:51.223Z] [DEBUG] MongoDB connection closed
[2025-06-30T07:27:20.282Z] [INFO] Checking for scheduled reports...
[2025-06-30T07:27:20.963Z] [DEBUG] Connected to MongoDB
[2025-06-30T07:27:21.024Z] [INFO] Found 2 company databases
[2025-06-30T07:27:21.025Z] [DEBUG] Processing company database: company_9jxwph8g
[2025-06-30T07:27:21.074Z] [DEBUG] Finding reports to execute in company_9jxwph8g (current time: 2025-06-30T07:27:21.074Z)
[2025-06-30T07:27:21.124Z] [INFO] Found 0 reports to execute in company_9jxwph8g
[2025-06-30T07:27:21.125Z] [DEBUG] Processing company database: company_ey1a4uyd
[2025-06-30T07:27:21.174Z] [DEBUG] Skipping company_ey1a4uyd: No scheduled reports collection found
[2025-06-30T07:27:21.174Z] [INFO] Scheduled reports check completed
[2025-06-30T07:27:21.176Z] [DEBUG] MongoDB connection closed
[2025-06-30T07:27:50.284Z] [INFO] Checking for scheduled reports...
[2025-06-30T07:27:50.946Z] [DEBUG] Connected to MongoDB
[2025-06-30T07:27:51.007Z] [INFO] Found 2 company databases
[2025-06-30T07:27:51.007Z] [DEBUG] Processing company database: company_9jxwph8g
[2025-06-30T07:27:51.058Z] [DEBUG] Finding reports to execute in company_9jxwph8g (current time: 2025-06-30T07:27:51.058Z)
[2025-06-30T07:27:51.107Z] [INFO] Found 0 reports to execute in company_9jxwph8g
[2025-06-30T07:27:51.108Z] [DEBUG] Processing company database: company_ey1a4uyd
[2025-06-30T07:27:51.157Z] [DEBUG] Skipping company_ey1a4uyd: No scheduled reports collection found
[2025-06-30T07:27:51.158Z] [INFO] Scheduled reports check completed
[2025-06-30T07:27:51.160Z] [DEBUG] MongoDB connection closed
[2025-06-30T07:28:20.284Z] [INFO] Checking for scheduled reports...
[2025-06-30T07:28:20.863Z] [DEBUG] Connected to MongoDB
[2025-06-30T07:28:20.925Z] [INFO] Found 2 company databases
[2025-06-30T07:28:20.925Z] [DEBUG] Processing company database: company_9jxwph8g
[2025-06-30T07:28:20.976Z] [DEBUG] Finding reports to execute in company_9jxwph8g (current time: 2025-06-30T07:28:20.976Z)
[2025-06-30T07:28:21.029Z] [INFO] Found 0 reports to execute in company_9jxwph8g
[2025-06-30T07:28:21.029Z] [DEBUG] Processing company database: company_ey1a4uyd
[2025-06-30T07:28:21.079Z] [DEBUG] Skipping company_ey1a4uyd: No scheduled reports collection found
[2025-06-30T07:28:21.079Z] [INFO] Scheduled reports check completed
[2025-06-30T07:28:21.080Z] [DEBUG] MongoDB connection closed
[2025-06-30T07:28:50.285Z] [INFO] Checking for scheduled reports...
[2025-06-30T07:28:50.951Z] [DEBUG] Connected to MongoDB
[2025-06-30T07:28:51.012Z] [INFO] Found 2 company databases
[2025-06-30T07:28:51.013Z] [DEBUG] Processing company database: company_9jxwph8g
[2025-06-30T07:28:51.062Z] [DEBUG] Finding reports to execute in company_9jxwph8g (current time: 2025-06-30T07:28:51.062Z)
[2025-06-30T07:28:51.112Z] [INFO] Found 0 reports to execute in company_9jxwph8g
[2025-06-30T07:28:51.112Z] [DEBUG] Processing company database: company_ey1a4uyd
[2025-06-30T07:28:51.165Z] [DEBUG] Skipping company_ey1a4uyd: No scheduled reports collection found
[2025-06-30T07:28:51.165Z] [INFO] Scheduled reports check completed
[2025-06-30T07:28:51.166Z] [DEBUG] MongoDB connection closed
[2025-06-30T07:29:20.285Z] [INFO] Checking for scheduled reports...
[2025-06-30T07:29:20.874Z] [DEBUG] Connected to MongoDB
[2025-06-30T07:29:20.935Z] [INFO] Found 2 company databases
[2025-06-30T07:29:20.936Z] [DEBUG] Processing company database: company_9jxwph8g
[2025-06-30T07:29:20.986Z] [DEBUG] Finding reports to execute in company_9jxwph8g (current time: 2025-06-30T07:29:20.986Z)
[2025-06-30T07:29:21.035Z] [INFO] Found 0 reports to execute in company_9jxwph8g
[2025-06-30T07:29:21.036Z] [DEBUG] Processing company database: company_ey1a4uyd
[2025-06-30T07:29:21.085Z] [DEBUG] Skipping company_ey1a4uyd: No scheduled reports collection found
[2025-06-30T07:29:21.085Z] [INFO] Scheduled reports check completed
[2025-06-30T07:29:21.087Z] [DEBUG] MongoDB connection closed
[2025-06-30T07:29:50.287Z] [INFO] Checking for scheduled reports...
[2025-06-30T07:29:50.983Z] [DEBUG] Connected to MongoDB
[2025-06-30T07:29:51.048Z] [INFO] Found 2 company databases
[2025-06-30T07:29:51.049Z] [DEBUG] Processing company database: company_9jxwph8g
[2025-06-30T07:29:51.103Z] [DEBUG] Finding reports to execute in company_9jxwph8g (current time: 2025-06-30T07:29:51.103Z)
[2025-06-30T07:29:51.157Z] [INFO] Found 0 reports to execute in company_9jxwph8g
[2025-06-30T07:29:51.157Z] [DEBUG] Processing company database: company_ey1a4uyd
[2025-06-30T07:29:51.211Z] [DEBUG] Skipping company_ey1a4uyd: No scheduled reports collection found
[2025-06-30T07:29:51.211Z] [INFO] Scheduled reports check completed
[2025-06-30T07:29:51.213Z] [DEBUG] MongoDB connection closed
[2025-06-30T07:30:20.288Z] [INFO] Checking for scheduled reports...
[2025-06-30T07:30:21.101Z] [DEBUG] Connected to MongoDB
[2025-06-30T07:30:21.164Z] [INFO] Found 2 company databases
[2025-06-30T07:30:21.164Z] [DEBUG] Processing company database: company_9jxwph8g
[2025-06-30T07:30:21.218Z] [DEBUG] Finding reports to execute in company_9jxwph8g (current time: 2025-06-30T07:30:21.218Z)
[2025-06-30T07:30:21.272Z] [INFO] Found 0 reports to execute in company_9jxwph8g
[2025-06-30T07:30:21.272Z] [DEBUG] Processing company database: company_ey1a4uyd
[2025-06-30T07:30:21.326Z] [DEBUG] Skipping company_ey1a4uyd: No scheduled reports collection found
[2025-06-30T07:30:21.327Z] [INFO] Scheduled reports check completed
[2025-06-30T07:30:21.329Z] [DEBUG] MongoDB connection closed
[2025-06-30T07:30:50.289Z] [INFO] Checking for scheduled reports...
[2025-06-30T07:30:51.007Z] [DEBUG] Connected to MongoDB
[2025-06-30T07:30:51.071Z] [INFO] Found 2 company databases
[2025-06-30T07:30:51.072Z] [DEBUG] Processing company database: company_9jxwph8g
[2025-06-30T07:30:51.124Z] [DEBUG] Finding reports to execute in company_9jxwph8g (current time: 2025-06-30T07:30:51.124Z)
[2025-06-30T07:30:51.178Z] [INFO] Found 0 reports to execute in company_9jxwph8g
[2025-06-30T07:30:51.178Z] [DEBUG] Processing company database: company_ey1a4uyd
[2025-06-30T07:30:51.231Z] [DEBUG] Skipping company_ey1a4uyd: No scheduled reports collection found
[2025-06-30T07:30:51.231Z] [INFO] Scheduled reports check completed
[2025-06-30T07:30:51.233Z] [DEBUG] MongoDB connection closed
[2025-06-30T07:31:20.296Z] [INFO] Checking for scheduled reports...
[2025-06-30T07:31:21.054Z] [DEBUG] Connected to MongoDB
[2025-06-30T07:31:21.134Z] [INFO] Found 2 company databases
[2025-06-30T07:31:21.135Z] [DEBUG] Processing company database: company_9jxwph8g
[2025-06-30T07:31:21.189Z] [DEBUG] Finding reports to execute in company_9jxwph8g (current time: 2025-06-30T07:31:21.189Z)
[2025-06-30T07:31:21.243Z] [INFO] Found 0 reports to execute in company_9jxwph8g
[2025-06-30T07:31:21.244Z] [DEBUG] Processing company database: company_ey1a4uyd
[2025-06-30T07:31:21.297Z] [DEBUG] Skipping company_ey1a4uyd: No scheduled reports collection found
[2025-06-30T07:31:21.297Z] [INFO] Scheduled reports check completed
[2025-06-30T07:31:21.299Z] [DEBUG] MongoDB connection closed
[2025-06-30T07:31:50.299Z] [INFO] Checking for scheduled reports...
[2025-06-30T07:31:51.014Z] [DEBUG] Connected to MongoDB
[2025-06-30T07:31:51.078Z] [INFO] Found 2 company databases
[2025-06-30T07:31:51.079Z] [DEBUG] Processing company database: company_9jxwph8g
[2025-06-30T07:31:51.133Z] [DEBUG] Finding reports to execute in company_9jxwph8g (current time: 2025-06-30T07:31:51.133Z)
[2025-06-30T07:31:51.191Z] [INFO] Found 0 reports to execute in company_9jxwph8g
[2025-06-30T07:31:51.191Z] [DEBUG] Processing company database: company_ey1a4uyd
[2025-06-30T07:31:51.244Z] [DEBUG] Skipping company_ey1a4uyd: No scheduled reports collection found
[2025-06-30T07:31:51.245Z] [INFO] Scheduled reports check completed
[2025-06-30T07:31:51.246Z] [DEBUG] MongoDB connection closed
[2025-06-30T07:32:20.300Z] [INFO] Checking for scheduled reports...
[2025-06-30T07:32:20.932Z] [DEBUG] Connected to MongoDB
[2025-06-30T07:32:20.997Z] [INFO] Found 2 company databases
[2025-06-30T07:32:20.998Z] [DEBUG] Processing company database: company_9jxwph8g
[2025-06-30T07:32:21.052Z] [DEBUG] Finding reports to execute in company_9jxwph8g (current time: 2025-06-30T07:32:21.052Z)
[2025-06-30T07:32:21.106Z] [INFO] Found 0 reports to execute in company_9jxwph8g
[2025-06-30T07:32:21.107Z] [DEBUG] Processing company database: company_ey1a4uyd
[2025-06-30T07:32:21.162Z] [DEBUG] Skipping company_ey1a4uyd: No scheduled reports collection found
[2025-06-30T07:32:21.163Z] [INFO] Scheduled reports check completed
[2025-06-30T07:32:21.165Z] [DEBUG] MongoDB connection closed
[2025-06-30T07:32:50.300Z] [INFO] Checking for scheduled reports...
[2025-06-30T07:32:50.930Z] [DEBUG] Connected to MongoDB
[2025-06-30T07:32:50.995Z] [INFO] Found 2 company databases
[2025-06-30T07:32:50.995Z] [DEBUG] Processing company database: company_9jxwph8g
[2025-06-30T07:32:51.051Z] [DEBUG] Finding reports to execute in company_9jxwph8g (current time: 2025-06-30T07:32:51.051Z)
[2025-06-30T07:32:51.106Z] [INFO] Found 0 reports to execute in company_9jxwph8g
[2025-06-30T07:32:51.106Z] [DEBUG] Processing company database: company_ey1a4uyd
[2025-06-30T07:32:51.160Z] [DEBUG] Skipping company_ey1a4uyd: No scheduled reports collection found
[2025-06-30T07:32:51.161Z] [INFO] Scheduled reports check completed
[2025-06-30T07:32:51.162Z] [DEBUG] MongoDB connection closed
[2025-06-30T07:33:20.301Z] [INFO] Checking for scheduled reports...
[2025-06-30T07:33:21.116Z] [DEBUG] Connected to MongoDB
[2025-06-30T07:33:21.182Z] [INFO] Found 2 company databases
[2025-06-30T07:33:21.183Z] [DEBUG] Processing company database: company_9jxwph8g
[2025-06-30T07:33:21.244Z] [DEBUG] Finding reports to execute in company_9jxwph8g (current time: 2025-06-30T07:33:21.244Z)
[2025-06-30T07:33:21.298Z] [INFO] Found 0 reports to execute in company_9jxwph8g
[2025-06-30T07:33:21.299Z] [DEBUG] Processing company database: company_ey1a4uyd
[2025-06-30T07:33:21.353Z] [DEBUG] Skipping company_ey1a4uyd: No scheduled reports collection found
[2025-06-30T07:33:21.354Z] [INFO] Scheduled reports check completed
[2025-06-30T07:33:21.356Z] [DEBUG] MongoDB connection closed
[2025-06-30T07:33:50.306Z] [INFO] Checking for scheduled reports...
[2025-06-30T07:33:50.919Z] [DEBUG] Connected to MongoDB
[2025-06-30T07:33:50.983Z] [INFO] Found 2 company databases
[2025-06-30T07:33:50.983Z] [DEBUG] Processing company database: company_9jxwph8g
[2025-06-30T07:33:51.036Z] [DEBUG] Finding reports to execute in company_9jxwph8g (current time: 2025-06-30T07:33:51.036Z)
[2025-06-30T07:33:51.089Z] [INFO] Found 0 reports to execute in company_9jxwph8g
[2025-06-30T07:33:51.090Z] [DEBUG] Processing company database: company_ey1a4uyd
[2025-06-30T07:33:51.143Z] [DEBUG] Skipping company_ey1a4uyd: No scheduled reports collection found
[2025-06-30T07:33:51.144Z] [INFO] Scheduled reports check completed
[2025-06-30T07:33:51.145Z] [DEBUG] MongoDB connection closed
[2025-06-30T07:34:20.307Z] [INFO] Checking for scheduled reports...
[2025-06-30T07:34:20.877Z] [DEBUG] Connected to MongoDB
[2025-06-30T07:34:20.942Z] [INFO] Found 2 company databases
[2025-06-30T07:34:20.943Z] [DEBUG] Processing company database: company_9jxwph8g
[2025-06-30T07:34:20.992Z] [DEBUG] Finding reports to execute in company_9jxwph8g (current time: 2025-06-30T07:34:20.992Z)
[2025-06-30T07:34:21.041Z] [INFO] Found 0 reports to execute in company_9jxwph8g
[2025-06-30T07:34:21.041Z] [DEBUG] Processing company database: company_ey1a4uyd
[2025-06-30T07:34:21.090Z] [DEBUG] Skipping company_ey1a4uyd: No scheduled reports collection found
[2025-06-30T07:34:21.090Z] [INFO] Scheduled reports check completed
[2025-06-30T07:34:21.092Z] [DEBUG] MongoDB connection closed
[2025-06-30T07:34:50.309Z] [INFO] Checking for scheduled reports...
[2025-06-30T07:34:51.181Z] [DEBUG] Connected to MongoDB
[2025-06-30T07:34:51.241Z] [INFO] Found 2 company databases
[2025-06-30T07:34:51.241Z] [DEBUG] Processing company database: company_9jxwph8g
[2025-06-30T07:34:51.291Z] [DEBUG] Finding reports to execute in company_9jxwph8g (current time: 2025-06-30T07:34:51.291Z)
[2025-06-30T07:34:51.341Z] [INFO] Found 0 reports to execute in company_9jxwph8g
[2025-06-30T07:34:51.341Z] [DEBUG] Processing company database: company_ey1a4uyd
[2025-06-30T07:34:51.390Z] [DEBUG] Skipping company_ey1a4uyd: No scheduled reports collection found
[2025-06-30T07:34:51.391Z] [INFO] Scheduled reports check completed
[2025-06-30T07:34:51.393Z] [DEBUG] MongoDB connection closed
[2025-06-30T07:35:20.309Z] [INFO] Checking for scheduled reports...
[2025-06-30T07:35:20.888Z] [DEBUG] Connected to MongoDB
[2025-06-30T07:35:20.949Z] [INFO] Found 2 company databases
[2025-06-30T07:35:20.949Z] [DEBUG] Processing company database: company_9jxwph8g
[2025-06-30T07:35:20.999Z] [DEBUG] Finding reports to execute in company_9jxwph8g (current time: 2025-06-30T07:35:20.999Z)
[2025-06-30T07:35:21.049Z] [INFO] Found 0 reports to execute in company_9jxwph8g
[2025-06-30T07:35:21.049Z] [DEBUG] Processing company database: company_ey1a4uyd
[2025-06-30T07:35:21.099Z] [DEBUG] Skipping company_ey1a4uyd: No scheduled reports collection found
[2025-06-30T07:35:21.099Z] [INFO] Scheduled reports check completed
[2025-06-30T07:35:21.101Z] [DEBUG] MongoDB connection closed
[2025-06-30T07:35:50.311Z] [INFO] Checking for scheduled reports...
[2025-06-30T07:35:50.930Z] [DEBUG] Connected to MongoDB
[2025-06-30T07:35:50.993Z] [INFO] Found 2 company databases
[2025-06-30T07:35:50.993Z] [DEBUG] Processing company database: company_9jxwph8g
[2025-06-30T07:35:51.043Z] [DEBUG] Finding reports to execute in company_9jxwph8g (current time: 2025-06-30T07:35:51.043Z)
[2025-06-30T07:35:51.093Z] [INFO] Found 0 reports to execute in company_9jxwph8g
[2025-06-30T07:35:51.093Z] [DEBUG] Processing company database: company_ey1a4uyd
[2025-06-30T07:35:51.142Z] [DEBUG] Skipping company_ey1a4uyd: No scheduled reports collection found
[2025-06-30T07:35:51.143Z] [INFO] Scheduled reports check completed
[2025-06-30T07:35:51.145Z] [DEBUG] MongoDB connection closed
[2025-06-30T07:36:20.311Z] [INFO] Checking for scheduled reports...
[2025-06-30T07:36:21.082Z] [DEBUG] Connected to MongoDB
[2025-06-30T07:36:21.143Z] [INFO] Found 2 company databases
[2025-06-30T07:36:21.143Z] [DEBUG] Processing company database: company_9jxwph8g
[2025-06-30T07:36:21.193Z] [DEBUG] Finding reports to execute in company_9jxwph8g (current time: 2025-06-30T07:36:21.193Z)
[2025-06-30T07:36:21.242Z] [INFO] Found 0 reports to execute in company_9jxwph8g
[2025-06-30T07:36:21.243Z] [DEBUG] Processing company database: company_ey1a4uyd
[2025-06-30T07:36:21.292Z] [DEBUG] Skipping company_ey1a4uyd: No scheduled reports collection found
[2025-06-30T07:36:21.292Z] [INFO] Scheduled reports check completed
[2025-06-30T07:36:21.294Z] [DEBUG] MongoDB connection closed
[2025-06-30T07:36:50.315Z] [INFO] Checking for scheduled reports...
[2025-06-30T07:36:50.915Z] [DEBUG] Connected to MongoDB
[2025-06-30T07:36:50.974Z] [INFO] Found 2 company databases
[2025-06-30T07:36:50.975Z] [DEBUG] Processing company database: company_9jxwph8g
[2025-06-30T07:36:51.025Z] [DEBUG] Finding reports to execute in company_9jxwph8g (current time: 2025-06-30T07:36:51.025Z)
[2025-06-30T07:36:51.076Z] [INFO] Found 0 reports to execute in company_9jxwph8g
[2025-06-30T07:36:51.076Z] [DEBUG] Processing company database: company_ey1a4uyd
[2025-06-30T07:36:51.126Z] [DEBUG] Skipping company_ey1a4uyd: No scheduled reports collection found
[2025-06-30T07:36:51.126Z] [INFO] Scheduled reports check completed
[2025-06-30T07:36:51.128Z] [DEBUG] MongoDB connection closed
[2025-06-30T07:37:20.315Z] [INFO] Checking for scheduled reports...
[2025-06-30T07:37:20.895Z] [DEBUG] Connected to MongoDB
[2025-06-30T07:37:20.956Z] [INFO] Found 2 company databases
[2025-06-30T07:37:20.957Z] [DEBUG] Processing company database: company_9jxwph8g
[2025-06-30T07:37:21.006Z] [DEBUG] Finding reports to execute in company_9jxwph8g (current time: 2025-06-30T07:37:21.006Z)
[2025-06-30T07:37:21.056Z] [INFO] Found 0 reports to execute in company_9jxwph8g
[2025-06-30T07:37:21.056Z] [DEBUG] Processing company database: company_ey1a4uyd
[2025-06-30T07:37:21.106Z] [DEBUG] Skipping company_ey1a4uyd: No scheduled reports collection found
[2025-06-30T07:37:21.107Z] [INFO] Scheduled reports check completed
[2025-06-30T07:37:21.109Z] [DEBUG] MongoDB connection closed
[2025-06-30T07:37:50.316Z] [INFO] Checking for scheduled reports...
[2025-06-30T07:37:53.622Z] [DEBUG] Connected to MongoDB
[2025-06-30T07:37:53.934Z] [INFO] Found 2 company databases
[2025-06-30T07:37:53.935Z] [DEBUG] Processing company database: company_9jxwph8g
[2025-06-30T07:37:54.205Z] [DEBUG] Finding reports to execute in company_9jxwph8g (current time: 2025-06-30T07:37:54.205Z)
[2025-06-30T07:37:54.473Z] [INFO] Found 0 reports to execute in company_9jxwph8g
[2025-06-30T07:37:54.473Z] [DEBUG] Processing company database: company_ey1a4uyd
[2025-06-30T07:37:54.757Z] [DEBUG] Skipping company_ey1a4uyd: No scheduled reports collection found
[2025-06-30T07:37:54.758Z] [INFO] Scheduled reports check completed
[2025-06-30T07:37:54.760Z] [DEBUG] MongoDB connection closed
[2025-06-30T07:38:20.318Z] [INFO] Checking for scheduled reports...
[2025-06-30T07:38:22.728Z] [DEBUG] Connected to MongoDB
[2025-06-30T07:38:22.980Z] [INFO] Found 2 company databases
[2025-06-30T07:38:22.980Z] [DEBUG] Processing company database: company_9jxwph8g
[2025-06-30T07:38:23.170Z] [DEBUG] Finding reports to execute in company_9jxwph8g (current time: 2025-06-30T07:38:23.170Z)
[2025-06-30T07:38:23.405Z] [INFO] Found 0 reports to execute in company_9jxwph8g
[2025-06-30T07:38:23.406Z] [DEBUG] Processing company database: company_ey1a4uyd
[2025-06-30T07:38:23.627Z] [DEBUG] Skipping company_ey1a4uyd: No scheduled reports collection found
[2025-06-30T07:38:23.628Z] [INFO] Scheduled reports check completed
[2025-06-30T07:38:23.631Z] [DEBUG] MongoDB connection closed
[2025-06-30T07:38:50.320Z] [INFO] Checking for scheduled reports...
[2025-06-30T07:38:52.396Z] [DEBUG] Connected to MongoDB
[2025-06-30T07:38:52.617Z] [INFO] Found 2 company databases
[2025-06-30T07:38:52.618Z] [DEBUG] Processing company database: company_9jxwph8g
[2025-06-30T07:38:52.838Z] [DEBUG] Finding reports to execute in company_9jxwph8g (current time: 2025-06-30T07:38:52.838Z)
[2025-06-30T07:38:53.086Z] [INFO] Found 0 reports to execute in company_9jxwph8g
[2025-06-30T07:38:53.087Z] [DEBUG] Processing company database: company_ey1a4uyd
[2025-06-30T07:38:53.295Z] [DEBUG] Skipping company_ey1a4uyd: No scheduled reports collection found
[2025-06-30T07:38:53.295Z] [INFO] Scheduled reports check completed
[2025-06-30T07:38:53.297Z] [DEBUG] MongoDB connection closed
[2025-06-30T07:39:20.321Z] [INFO] Checking for scheduled reports...
[2025-06-30T07:39:22.185Z] [DEBUG] Connected to MongoDB
[2025-06-30T07:39:22.356Z] [INFO] Found 2 company databases
[2025-06-30T07:39:22.357Z] [DEBUG] Processing company database: company_9jxwph8g
[2025-06-30T07:39:22.522Z] [DEBUG] Finding reports to execute in company_9jxwph8g (current time: 2025-06-30T07:39:22.522Z)
[2025-06-30T07:39:22.619Z] [INFO] Found 0 reports to execute in company_9jxwph8g
[2025-06-30T07:39:22.619Z] [DEBUG] Processing company database: company_ey1a4uyd
[2025-06-30T07:39:22.746Z] [DEBUG] Skipping company_ey1a4uyd: No scheduled reports collection found
[2025-06-30T07:39:22.747Z] [INFO] Scheduled reports check completed
[2025-06-30T07:39:22.748Z] [DEBUG] MongoDB connection closed
[2025-06-30T07:39:50.322Z] [INFO] Checking for scheduled reports...
[2025-06-30T07:39:52.984Z] [DEBUG] Connected to MongoDB
[2025-06-30T07:39:53.277Z] [INFO] Found 2 company databases
[2025-06-30T07:39:53.278Z] [DEBUG] Processing company database: company_9jxwph8g
[2025-06-30T07:39:53.606Z] [DEBUG] Finding reports to execute in company_9jxwph8g (current time: 2025-06-30T07:39:53.606Z)
[2025-06-30T07:39:53.898Z] [INFO] Found 0 reports to execute in company_9jxwph8g
[2025-06-30T07:39:53.899Z] [DEBUG] Processing company database: company_ey1a4uyd
[2025-06-30T07:39:54.186Z] [DEBUG] Skipping company_ey1a4uyd: No scheduled reports collection found
[2025-06-30T07:39:54.187Z] [INFO] Scheduled reports check completed
[2025-06-30T07:39:54.190Z] [DEBUG] MongoDB connection closed
[2025-06-30T07:40:20.324Z] [INFO] Checking for scheduled reports...
[2025-06-30T07:40:22.696Z] [DEBUG] Connected to MongoDB
[2025-06-30T07:40:22.858Z] [INFO] Found 2 company databases
[2025-06-30T07:40:22.858Z] [DEBUG] Processing company database: company_9jxwph8g
[2025-06-30T07:40:23.053Z] [DEBUG] Finding reports to execute in company_9jxwph8g (current time: 2025-06-30T07:40:23.053Z)
[2025-06-30T07:40:23.245Z] [INFO] Found 0 reports to execute in company_9jxwph8g
[2025-06-30T07:40:23.246Z] [DEBUG] Processing company database: company_ey1a4uyd
[2025-06-30T07:40:23.460Z] [DEBUG] Skipping company_ey1a4uyd: No scheduled reports collection found
[2025-06-30T07:40:23.461Z] [INFO] Scheduled reports check completed
[2025-06-30T07:40:23.463Z] [DEBUG] MongoDB connection closed
[2025-06-30T07:40:50.324Z] [INFO] Checking for scheduled reports...
[2025-06-30T07:40:52.863Z] [DEBUG] Connected to MongoDB
[2025-06-30T07:40:53.082Z] [INFO] Found 2 company databases
[2025-06-30T07:40:53.083Z] [DEBUG] Processing company database: company_9jxwph8g
[2025-06-30T07:40:53.322Z] [DEBUG] Finding reports to execute in company_9jxwph8g (current time: 2025-06-30T07:40:53.322Z)
[2025-06-30T07:40:53.519Z] [INFO] Found 0 reports to execute in company_9jxwph8g
[2025-06-30T07:40:53.519Z] [DEBUG] Processing company database: company_ey1a4uyd
[2025-06-30T07:40:53.792Z] [DEBUG] Skipping company_ey1a4uyd: No scheduled reports collection found
[2025-06-30T07:40:53.793Z] [INFO] Scheduled reports check completed
[2025-06-30T07:40:53.795Z] [DEBUG] MongoDB connection closed
[2025-06-30T07:41:20.324Z] [INFO] Checking for scheduled reports...
[2025-06-30T07:41:22.673Z] [DEBUG] Connected to MongoDB
[2025-06-30T07:41:22.941Z] [INFO] Found 2 company databases
[2025-06-30T07:41:22.942Z] [DEBUG] Processing company database: company_9jxwph8g
[2025-06-30T07:41:23.149Z] [DEBUG] Finding reports to execute in company_9jxwph8g (current time: 2025-06-30T07:41:23.149Z)
[2025-06-30T07:41:23.392Z] [INFO] Found 0 reports to execute in company_9jxwph8g
[2025-06-30T07:41:23.393Z] [DEBUG] Processing company database: company_ey1a4uyd
[2025-06-30T07:41:23.630Z] [DEBUG] Skipping company_ey1a4uyd: No scheduled reports collection found
[2025-06-30T07:41:23.631Z] [INFO] Scheduled reports check completed
[2025-06-30T07:41:23.633Z] [DEBUG] MongoDB connection closed
[2025-06-30T07:41:50.325Z] [INFO] Checking for scheduled reports...
[2025-06-30T07:41:52.128Z] [DEBUG] Connected to MongoDB
[2025-06-30T07:41:52.304Z] [INFO] Found 2 company databases
[2025-06-30T07:41:52.304Z] [DEBUG] Processing company database: company_9jxwph8g
[2025-06-30T07:41:52.474Z] [DEBUG] Finding reports to execute in company_9jxwph8g (current time: 2025-06-30T07:41:52.474Z)
[2025-06-30T07:41:52.701Z] [INFO] Found 0 reports to execute in company_9jxwph8g
[2025-06-30T07:41:52.701Z] [DEBUG] Processing company database: company_ey1a4uyd
[2025-06-30T07:41:52.788Z] [DEBUG] Skipping company_ey1a4uyd: No scheduled reports collection found
[2025-06-30T07:41:52.788Z] [INFO] Scheduled reports check completed
[2025-06-30T07:41:52.789Z] [DEBUG] MongoDB connection closed
[2025-06-30T07:42:20.326Z] [INFO] Checking for scheduled reports...
[2025-06-30T07:42:23.266Z] [DEBUG] Connected to MongoDB
[2025-06-30T07:42:23.520Z] [INFO] Found 2 company databases
[2025-06-30T07:42:23.520Z] [DEBUG] Processing company database: company_9jxwph8g
[2025-06-30T07:42:23.743Z] [DEBUG] Finding reports to execute in company_9jxwph8g (current time: 2025-06-30T07:42:23.743Z)
[2025-06-30T07:42:23.972Z] [INFO] Found 0 reports to execute in company_9jxwph8g
[2025-06-30T07:42:23.972Z] [DEBUG] Processing company database: company_ey1a4uyd
[2025-06-30T07:42:24.197Z] [DEBUG] Skipping company_ey1a4uyd: No scheduled reports collection found
[2025-06-30T07:42:24.198Z] [INFO] Scheduled reports check completed
[2025-06-30T07:42:24.200Z] [DEBUG] MongoDB connection closed
[2025-06-30T07:42:50.327Z] [INFO] Checking for scheduled reports...
[2025-06-30T07:42:52.477Z] [DEBUG] Connected to MongoDB
[2025-06-30T07:42:52.662Z] [INFO] Found 2 company databases
[2025-06-30T07:42:52.663Z] [DEBUG] Processing company database: company_9jxwph8g
[2025-06-30T07:42:52.865Z] [DEBUG] Finding reports to execute in company_9jxwph8g (current time: 2025-06-30T07:42:52.865Z)
[2025-06-30T07:42:53.071Z] [INFO] Found 0 reports to execute in company_9jxwph8g
[2025-06-30T07:42:53.072Z] [DEBUG] Processing company database: company_ey1a4uyd
[2025-06-30T07:42:53.249Z] [DEBUG] Skipping company_ey1a4uyd: No scheduled reports collection found
[2025-06-30T07:42:53.250Z] [INFO] Scheduled reports check completed
[2025-06-30T07:42:53.252Z] [DEBUG] MongoDB connection closed
[2025-06-30T07:43:20.327Z] [INFO] Checking for scheduled reports...
[2025-06-30T07:43:21.867Z] [DEBUG] Connected to MongoDB
[2025-06-30T07:43:22.005Z] [INFO] Found 2 company databases
[2025-06-30T07:43:22.006Z] [DEBUG] Processing company database: company_9jxwph8g
[2025-06-30T07:43:22.123Z] [DEBUG] Finding reports to execute in company_9jxwph8g (current time: 2025-06-30T07:43:22.123Z)
[2025-06-30T07:43:22.268Z] [INFO] Found 0 reports to execute in company_9jxwph8g
[2025-06-30T07:43:22.268Z] [DEBUG] Processing company database: company_ey1a4uyd
[2025-06-30T07:43:22.397Z] [DEBUG] Skipping company_ey1a4uyd: No scheduled reports collection found
[2025-06-30T07:43:22.398Z] [INFO] Scheduled reports check completed
[2025-06-30T07:43:22.401Z] [DEBUG] MongoDB connection closed
[2025-06-30T07:43:50.327Z] [INFO] Checking for scheduled reports...
[2025-06-30T07:43:52.376Z] [DEBUG] Connected to MongoDB
[2025-06-30T07:43:52.555Z] [INFO] Found 2 company databases
[2025-06-30T07:43:52.556Z] [DEBUG] Processing company database: company_9jxwph8g
[2025-06-30T07:43:52.706Z] [DEBUG] Finding reports to execute in company_9jxwph8g (current time: 2025-06-30T07:43:52.706Z)
[2025-06-30T07:43:52.855Z] [INFO] Found 0 reports to execute in company_9jxwph8g
[2025-06-30T07:43:52.856Z] [DEBUG] Processing company database: company_ey1a4uyd
[2025-06-30T07:43:53.003Z] [DEBUG] Skipping company_ey1a4uyd: No scheduled reports collection found
[2025-06-30T07:43:53.004Z] [INFO] Scheduled reports check completed
[2025-06-30T07:43:53.006Z] [DEBUG] MongoDB connection closed
[2025-06-30T07:44:20.327Z] [INFO] Checking for scheduled reports...
[2025-06-30T07:44:22.439Z] [DEBUG] Connected to MongoDB
[2025-06-30T07:44:22.704Z] [INFO] Found 2 company databases
[2025-06-30T07:44:22.704Z] [DEBUG] Processing company database: company_9jxwph8g
[2025-06-30T07:44:22.874Z] [DEBUG] Finding reports to execute in company_9jxwph8g (current time: 2025-06-30T07:44:22.874Z)
[2025-06-30T07:44:23.117Z] [INFO] Found 0 reports to execute in company_9jxwph8g
[2025-06-30T07:44:23.118Z] [DEBUG] Processing company database: company_ey1a4uyd
[2025-06-30T07:44:23.288Z] [DEBUG] Skipping company_ey1a4uyd: No scheduled reports collection found
[2025-06-30T07:44:23.289Z] [INFO] Scheduled reports check completed
[2025-06-30T07:44:23.290Z] [DEBUG] MongoDB connection closed
[2025-06-30T07:44:50.327Z] [INFO] Checking for scheduled reports...
[2025-06-30T07:44:50.900Z] [DEBUG] Connected to MongoDB
[2025-06-30T07:44:50.960Z] [INFO] Found 2 company databases
[2025-06-30T07:44:50.961Z] [DEBUG] Processing company database: company_9jxwph8g
[2025-06-30T07:44:51.011Z] [DEBUG] Finding reports to execute in company_9jxwph8g (current time: 2025-06-30T07:44:51.011Z)
[2025-06-30T07:44:51.066Z] [INFO] Found 0 reports to execute in company_9jxwph8g
[2025-06-30T07:44:51.075Z] [DEBUG] Processing company database: company_ey1a4uyd
[2025-06-30T07:44:51.124Z] [DEBUG] Skipping company_ey1a4uyd: No scheduled reports collection found
[2025-06-30T07:44:51.125Z] [INFO] Scheduled reports check completed
[2025-06-30T07:44:51.126Z] [DEBUG] MongoDB connection closed
[2025-06-30T07:45:20.327Z] [INFO] Checking for scheduled reports...
[2025-06-30T07:45:21.134Z] [DEBUG] Connected to MongoDB
[2025-06-30T07:45:21.200Z] [INFO] Found 2 company databases
[2025-06-30T07:45:21.200Z] [DEBUG] Processing company database: company_9jxwph8g
[2025-06-30T07:45:21.255Z] [DEBUG] Finding reports to execute in company_9jxwph8g (current time: 2025-06-30T07:45:21.255Z)
[2025-06-30T07:45:21.311Z] [INFO] Found 0 reports to execute in company_9jxwph8g
[2025-06-30T07:45:21.311Z] [DEBUG] Processing company database: company_ey1a4uyd
[2025-06-30T07:45:21.367Z] [DEBUG] Skipping company_ey1a4uyd: No scheduled reports collection found
[2025-06-30T07:45:21.367Z] [INFO] Scheduled reports check completed
[2025-06-30T07:45:21.370Z] [DEBUG] MongoDB connection closed
[2025-06-30T07:45:50.328Z] [INFO] Checking for scheduled reports...
[2025-06-30T07:45:50.949Z] [DEBUG] Connected to MongoDB
[2025-06-30T07:45:51.014Z] [INFO] Found 2 company databases
[2025-06-30T07:45:51.015Z] [DEBUG] Processing company database: company_9jxwph8g
[2025-06-30T07:45:51.070Z] [DEBUG] Finding reports to execute in company_9jxwph8g (current time: 2025-06-30T07:45:51.070Z)
[2025-06-30T07:45:51.124Z] [INFO] Found 0 reports to execute in company_9jxwph8g
[2025-06-30T07:45:51.125Z] [DEBUG] Processing company database: company_ey1a4uyd
[2025-06-30T07:45:51.179Z] [DEBUG] Skipping company_ey1a4uyd: No scheduled reports collection found
[2025-06-30T07:45:51.179Z] [INFO] Scheduled reports check completed
[2025-06-30T07:45:51.182Z] [DEBUG] MongoDB connection closed
[2025-06-30T07:46:20.330Z] [INFO] Checking for scheduled reports...
[2025-06-30T07:46:20.950Z] [DEBUG] Connected to MongoDB
[2025-06-30T07:46:21.015Z] [INFO] Found 2 company databases
[2025-06-30T07:46:21.016Z] [DEBUG] Processing company database: company_9jxwph8g
[2025-06-30T07:46:21.071Z] [DEBUG] Finding reports to execute in company_9jxwph8g (current time: 2025-06-30T07:46:21.071Z)
[2025-06-30T07:46:21.126Z] [INFO] Found 0 reports to execute in company_9jxwph8g
[2025-06-30T07:46:21.127Z] [DEBUG] Processing company database: company_ey1a4uyd
[2025-06-30T07:46:21.180Z] [DEBUG] Skipping company_ey1a4uyd: No scheduled reports collection found
[2025-06-30T07:46:21.181Z] [INFO] Scheduled reports check completed
[2025-06-30T07:46:21.183Z] [DEBUG] MongoDB connection closed
[2025-06-30T07:46:50.330Z] [INFO] Checking for scheduled reports...
[2025-06-30T07:46:51.130Z] [DEBUG] Connected to MongoDB
[2025-06-30T07:46:51.195Z] [INFO] Found 2 company databases
[2025-06-30T07:46:51.195Z] [DEBUG] Processing company database: company_9jxwph8g
[2025-06-30T07:46:51.250Z] [DEBUG] Finding reports to execute in company_9jxwph8g (current time: 2025-06-30T07:46:51.250Z)
[2025-06-30T07:46:51.305Z] [INFO] Found 0 reports to execute in company_9jxwph8g
[2025-06-30T07:46:51.306Z] [DEBUG] Processing company database: company_ey1a4uyd
[2025-06-30T07:46:51.360Z] [DEBUG] Skipping company_ey1a4uyd: No scheduled reports collection found
[2025-06-30T07:46:51.361Z] [INFO] Scheduled reports check completed
[2025-06-30T07:46:51.363Z] [DEBUG] MongoDB connection closed
[2025-06-30T07:47:20.332Z] [INFO] Checking for scheduled reports...
[2025-06-30T07:47:20.939Z] [DEBUG] Connected to MongoDB
[2025-06-30T07:47:21.005Z] [INFO] Found 2 company databases
[2025-06-30T07:47:21.005Z] [DEBUG] Processing company database: company_9jxwph8g
[2025-06-30T07:47:21.060Z] [DEBUG] Finding reports to execute in company_9jxwph8g (current time: 2025-06-30T07:47:21.060Z)
[2025-06-30T07:47:21.114Z] [INFO] Found 0 reports to execute in company_9jxwph8g
[2025-06-30T07:47:21.115Z] [DEBUG] Processing company database: company_ey1a4uyd
[2025-06-30T07:47:21.169Z] [DEBUG] Skipping company_ey1a4uyd: No scheduled reports collection found
[2025-06-30T07:47:21.169Z] [INFO] Scheduled reports check completed
[2025-06-30T07:47:21.172Z] [DEBUG] MongoDB connection closed
[2025-06-30T07:47:50.333Z] [INFO] Checking for scheduled reports...
[2025-06-30T07:47:50.954Z] [DEBUG] Connected to MongoDB
[2025-06-30T07:47:51.020Z] [INFO] Found 2 company databases
[2025-06-30T07:47:51.020Z] [DEBUG] Processing company database: company_9jxwph8g
[2025-06-30T07:47:51.074Z] [DEBUG] Finding reports to execute in company_9jxwph8g (current time: 2025-06-30T07:47:51.074Z)
[2025-06-30T07:47:51.127Z] [INFO] Found 0 reports to execute in company_9jxwph8g
[2025-06-30T07:47:51.128Z] [DEBUG] Processing company database: company_ey1a4uyd
[2025-06-30T07:47:51.182Z] [DEBUG] Skipping company_ey1a4uyd: No scheduled reports collection found
[2025-06-30T07:47:51.183Z] [INFO] Scheduled reports check completed
[2025-06-30T07:47:51.184Z] [DEBUG] MongoDB connection closed
[2025-06-30T07:48:20.334Z] [INFO] Checking for scheduled reports...
[2025-06-30T07:48:21.222Z] [DEBUG] Connected to MongoDB
[2025-06-30T07:48:21.287Z] [INFO] Found 2 company databases
[2025-06-30T07:48:21.288Z] [DEBUG] Processing company database: company_9jxwph8g
[2025-06-30T07:48:21.344Z] [DEBUG] Finding reports to execute in company_9jxwph8g (current time: 2025-06-30T07:48:21.344Z)
[2025-06-30T07:48:21.397Z] [INFO] Found 0 reports to execute in company_9jxwph8g
[2025-06-30T07:48:21.398Z] [DEBUG] Processing company database: company_ey1a4uyd
[2025-06-30T07:48:21.451Z] [DEBUG] Skipping company_ey1a4uyd: No scheduled reports collection found
[2025-06-30T07:48:21.452Z] [INFO] Scheduled reports check completed
[2025-06-30T07:48:21.454Z] [DEBUG] MongoDB connection closed
[2025-06-30T07:48:50.335Z] [INFO] Checking for scheduled reports...
[2025-06-30T07:48:50.946Z] [DEBUG] Connected to MongoDB
[2025-06-30T07:48:51.010Z] [INFO] Found 2 company databases
[2025-06-30T07:48:51.010Z] [DEBUG] Processing company database: company_9jxwph8g
[2025-06-30T07:48:51.063Z] [DEBUG] Finding reports to execute in company_9jxwph8g (current time: 2025-06-30T07:48:51.063Z)
[2025-06-30T07:48:51.117Z] [INFO] Found 0 reports to execute in company_9jxwph8g
[2025-06-30T07:48:51.117Z] [DEBUG] Processing company database: company_ey1a4uyd
[2025-06-30T07:48:51.170Z] [DEBUG] Skipping company_ey1a4uyd: No scheduled reports collection found
[2025-06-30T07:48:51.171Z] [INFO] Scheduled reports check completed
[2025-06-30T07:48:51.172Z] [DEBUG] MongoDB connection closed
[2025-06-30T07:49:20.336Z] [INFO] Checking for scheduled reports...
[2025-06-30T07:49:20.915Z] [DEBUG] Connected to MongoDB
[2025-06-30T07:49:20.976Z] [INFO] Found 2 company databases
[2025-06-30T07:49:20.976Z] [DEBUG] Processing company database: company_9jxwph8g
[2025-06-30T07:49:21.026Z] [DEBUG] Finding reports to execute in company_9jxwph8g (current time: 2025-06-30T07:49:21.026Z)
[2025-06-30T07:49:21.076Z] [INFO] Found 0 reports to execute in company_9jxwph8g
[2025-06-30T07:49:21.076Z] [DEBUG] Processing company database: company_ey1a4uyd
[2025-06-30T07:49:21.126Z] [DEBUG] Skipping company_ey1a4uyd: No scheduled reports collection found
[2025-06-30T07:49:21.126Z] [INFO] Scheduled reports check completed
[2025-06-30T07:49:21.128Z] [DEBUG] MongoDB connection closed
[2025-06-30T07:49:50.338Z] [INFO] Checking for scheduled reports...
[2025-06-30T07:49:51.109Z] [DEBUG] Connected to MongoDB
[2025-06-30T07:49:51.169Z] [INFO] Found 2 company databases
[2025-06-30T07:49:51.170Z] [DEBUG] Processing company database: company_9jxwph8g
[2025-06-30T07:49:51.221Z] [DEBUG] Finding reports to execute in company_9jxwph8g (current time: 2025-06-30T07:49:51.221Z)
[2025-06-30T07:49:51.270Z] [INFO] Found 0 reports to execute in company_9jxwph8g
[2025-06-30T07:49:51.271Z] [DEBUG] Processing company database: company_ey1a4uyd
[2025-06-30T07:49:51.320Z] [DEBUG] Skipping company_ey1a4uyd: No scheduled reports collection found
[2025-06-30T07:49:51.320Z] [INFO] Scheduled reports check completed
[2025-06-30T07:49:51.322Z] [DEBUG] MongoDB connection closed
[2025-06-30T07:50:20.338Z] [INFO] Checking for scheduled reports...
[2025-06-30T07:50:20.915Z] [DEBUG] Connected to MongoDB
[2025-06-30T07:50:20.976Z] [INFO] Found 2 company databases
[2025-06-30T07:50:20.976Z] [DEBUG] Processing company database: company_9jxwph8g
[2025-06-30T07:50:21.027Z] [DEBUG] Finding reports to execute in company_9jxwph8g (current time: 2025-06-30T07:50:21.027Z)
[2025-06-30T07:50:21.076Z] [INFO] Found 0 reports to execute in company_9jxwph8g
[2025-06-30T07:50:21.077Z] [DEBUG] Processing company database: company_ey1a4uyd
[2025-06-30T07:50:21.127Z] [DEBUG] Skipping company_ey1a4uyd: No scheduled reports collection found
[2025-06-30T07:50:21.127Z] [INFO] Scheduled reports check completed
[2025-06-30T07:50:21.131Z] [DEBUG] MongoDB connection closed
[2025-06-30T07:50:50.340Z] [INFO] Checking for scheduled reports...
[2025-06-30T07:50:50.911Z] [DEBUG] Connected to MongoDB
[2025-06-30T07:50:50.973Z] [INFO] Found 2 company databases
[2025-06-30T07:50:50.973Z] [DEBUG] Processing company database: company_9jxwph8g
[2025-06-30T07:50:51.023Z] [DEBUG] Finding reports to execute in company_9jxwph8g (current time: 2025-06-30T07:50:51.023Z)
[2025-06-30T07:50:51.073Z] [INFO] Found 0 reports to execute in company_9jxwph8g
[2025-06-30T07:50:51.073Z] [DEBUG] Processing company database: company_ey1a4uyd
[2025-06-30T07:50:51.123Z] [DEBUG] Skipping company_ey1a4uyd: No scheduled reports collection found
[2025-06-30T07:50:51.124Z] [INFO] Scheduled reports check completed
[2025-06-30T07:50:51.126Z] [DEBUG] MongoDB connection closed
[2025-06-30T07:51:20.342Z] [INFO] Checking for scheduled reports...
[2025-06-30T07:51:21.110Z] [DEBUG] Connected to MongoDB
[2025-06-30T07:51:21.170Z] [INFO] Found 2 company databases
[2025-06-30T07:51:21.171Z] [DEBUG] Processing company database: company_9jxwph8g
[2025-06-30T07:51:21.221Z] [DEBUG] Finding reports to execute in company_9jxwph8g (current time: 2025-06-30T07:51:21.221Z)
[2025-06-30T07:51:21.273Z] [INFO] Found 0 reports to execute in company_9jxwph8g
[2025-06-30T07:51:21.273Z] [DEBUG] Processing company database: company_ey1a4uyd
[2025-06-30T07:51:21.323Z] [DEBUG] Skipping company_ey1a4uyd: No scheduled reports collection found
[2025-06-30T07:51:21.324Z] [INFO] Scheduled reports check completed
[2025-06-30T07:51:21.326Z] [DEBUG] MongoDB connection closed
[2025-06-30T07:51:50.343Z] [INFO] Checking for scheduled reports...
[2025-06-30T07:51:50.912Z] [DEBUG] Connected to MongoDB
[2025-06-30T07:51:50.972Z] [INFO] Found 2 company databases
[2025-06-30T07:51:50.972Z] [DEBUG] Processing company database: company_9jxwph8g
[2025-06-30T07:51:51.024Z] [DEBUG] Finding reports to execute in company_9jxwph8g (current time: 2025-06-30T07:51:51.024Z)
[2025-06-30T07:51:51.075Z] [INFO] Found 0 reports to execute in company_9jxwph8g
[2025-06-30T07:51:51.075Z] [DEBUG] Processing company database: company_ey1a4uyd
[2025-06-30T07:51:51.125Z] [DEBUG] Skipping company_ey1a4uyd: No scheduled reports collection found
[2025-06-30T07:51:51.125Z] [INFO] Scheduled reports check completed
[2025-06-30T07:51:51.127Z] [DEBUG] MongoDB connection closed
[2025-06-30T07:52:20.344Z] [INFO] Checking for scheduled reports...
[2025-06-30T07:52:20.915Z] [DEBUG] Connected to MongoDB
[2025-06-30T07:52:20.975Z] [INFO] Found 2 company databases
[2025-06-30T07:52:20.976Z] [DEBUG] Processing company database: company_9jxwph8g
[2025-06-30T07:52:21.026Z] [DEBUG] Finding reports to execute in company_9jxwph8g (current time: 2025-06-30T07:52:21.026Z)
[2025-06-30T07:52:21.076Z] [INFO] Found 0 reports to execute in company_9jxwph8g
[2025-06-30T07:52:21.077Z] [DEBUG] Processing company database: company_ey1a4uyd
[2025-06-30T07:52:21.127Z] [DEBUG] Skipping company_ey1a4uyd: No scheduled reports collection found
[2025-06-30T07:52:21.127Z] [INFO] Scheduled reports check completed
[2025-06-30T07:52:21.129Z] [DEBUG] MongoDB connection closed
[2025-06-30T07:52:50.344Z] [INFO] Checking for scheduled reports...
[2025-06-30T07:52:51.133Z] [DEBUG] Connected to MongoDB
[2025-06-30T07:52:51.195Z] [INFO] Found 2 company databases
[2025-06-30T07:52:51.195Z] [DEBUG] Processing company database: company_9jxwph8g
[2025-06-30T07:52:51.246Z] [DEBUG] Finding reports to execute in company_9jxwph8g (current time: 2025-06-30T07:52:51.246Z)
[2025-06-30T07:52:51.296Z] [INFO] Found 0 reports to execute in company_9jxwph8g
[2025-06-30T07:52:51.296Z] [DEBUG] Processing company database: company_ey1a4uyd
[2025-06-30T07:52:51.345Z] [DEBUG] Skipping company_ey1a4uyd: No scheduled reports collection found
[2025-06-30T07:52:51.346Z] [INFO] Scheduled reports check completed
[2025-06-30T07:52:51.347Z] [DEBUG] MongoDB connection closed
[2025-06-30T07:53:20.345Z] [INFO] Checking for scheduled reports...
[2025-06-30T07:53:20.917Z] [DEBUG] Connected to MongoDB
[2025-06-30T07:53:20.978Z] [INFO] Found 2 company databases
[2025-06-30T07:53:20.978Z] [DEBUG] Processing company database: company_9jxwph8g
[2025-06-30T07:53:21.031Z] [DEBUG] Finding reports to execute in company_9jxwph8g (current time: 2025-06-30T07:53:21.031Z)
[2025-06-30T07:53:21.080Z] [INFO] Found 0 reports to execute in company_9jxwph8g
[2025-06-30T07:53:21.081Z] [DEBUG] Processing company database: company_ey1a4uyd
[2025-06-30T07:53:21.131Z] [DEBUG] Skipping company_ey1a4uyd: No scheduled reports collection found
[2025-06-30T07:53:21.131Z] [INFO] Scheduled reports check completed
[2025-06-30T07:53:21.133Z] [DEBUG] MongoDB connection closed
[2025-06-30T07:53:50.346Z] [INFO] Checking for scheduled reports...
[2025-06-30T07:53:51.385Z] [DEBUG] Connected to MongoDB
[2025-06-30T07:53:51.446Z] [INFO] Found 2 company databases
[2025-06-30T07:53:51.446Z] [DEBUG] Processing company database: company_9jxwph8g
[2025-06-30T07:53:51.497Z] [DEBUG] Finding reports to execute in company_9jxwph8g (current time: 2025-06-30T07:53:51.497Z)
[2025-06-30T07:53:51.547Z] [INFO] Found 0 reports to execute in company_9jxwph8g
[2025-06-30T07:53:51.547Z] [DEBUG] Processing company database: company_ey1a4uyd
[2025-06-30T07:53:51.597Z] [DEBUG] Skipping company_ey1a4uyd: No scheduled reports collection found
[2025-06-30T07:53:51.598Z] [INFO] Scheduled reports check completed
[2025-06-30T07:53:51.600Z] [DEBUG] MongoDB connection closed
[2025-06-30T07:54:20.347Z] [INFO] Checking for scheduled reports...
[2025-06-30T07:54:21.107Z] [DEBUG] Connected to MongoDB
[2025-06-30T07:54:21.167Z] [INFO] Found 2 company databases
[2025-06-30T07:54:21.168Z] [DEBUG] Processing company database: company_9jxwph8g
[2025-06-30T07:54:21.218Z] [DEBUG] Finding reports to execute in company_9jxwph8g (current time: 2025-06-30T07:54:21.218Z)
[2025-06-30T07:54:21.268Z] [INFO] Found 0 reports to execute in company_9jxwph8g
[2025-06-30T07:54:21.269Z] [DEBUG] Processing company database: company_ey1a4uyd
[2025-06-30T07:54:21.318Z] [DEBUG] Skipping company_ey1a4uyd: No scheduled reports collection found
[2025-06-30T07:54:21.319Z] [INFO] Scheduled reports check completed
[2025-06-30T07:54:21.321Z] [DEBUG] MongoDB connection closed
[2025-06-30T07:54:50.347Z] [INFO] Checking for scheduled reports...
[2025-06-30T07:54:50.954Z] [DEBUG] Connected to MongoDB
[2025-06-30T07:54:51.015Z] [INFO] Found 2 company databases
[2025-06-30T07:54:51.016Z] [DEBUG] Processing company database: company_9jxwph8g
[2025-06-30T07:54:51.067Z] [DEBUG] Finding reports to execute in company_9jxwph8g (current time: 2025-06-30T07:54:51.067Z)
[2025-06-30T07:54:51.117Z] [INFO] Found 0 reports to execute in company_9jxwph8g
[2025-06-30T07:54:51.118Z] [DEBUG] Processing company database: company_ey1a4uyd
[2025-06-30T07:54:51.167Z] [DEBUG] Skipping company_ey1a4uyd: No scheduled reports collection found
[2025-06-30T07:54:51.168Z] [INFO] Scheduled reports check completed
[2025-06-30T07:54:51.170Z] [DEBUG] MongoDB connection closed
[2025-06-30T07:55:20.348Z] [INFO] Checking for scheduled reports...
[2025-06-30T07:55:20.927Z] [DEBUG] Connected to MongoDB
[2025-06-30T07:55:20.988Z] [INFO] Found 2 company databases
[2025-06-30T07:55:20.989Z] [DEBUG] Processing company database: company_9jxwph8g
[2025-06-30T07:55:21.040Z] [DEBUG] Finding reports to execute in company_9jxwph8g (current time: 2025-06-30T07:55:21.040Z)
[2025-06-30T07:55:21.090Z] [INFO] Found 0 reports to execute in company_9jxwph8g
[2025-06-30T07:55:21.090Z] [DEBUG] Processing company database: company_ey1a4uyd
[2025-06-30T07:55:21.140Z] [DEBUG] Skipping company_ey1a4uyd: No scheduled reports collection found
[2025-06-30T07:55:21.141Z] [INFO] Scheduled reports check completed
[2025-06-30T07:55:21.142Z] [DEBUG] MongoDB connection closed
[2025-06-30T07:55:50.349Z] [INFO] Checking for scheduled reports...
[2025-06-30T07:55:50.952Z] [DEBUG] Connected to MongoDB
[2025-06-30T07:55:51.013Z] [INFO] Found 2 company databases
[2025-06-30T07:55:51.013Z] [DEBUG] Processing company database: company_9jxwph8g
[2025-06-30T07:55:51.064Z] [DEBUG] Finding reports to execute in company_9jxwph8g (current time: 2025-06-30T07:55:51.064Z)
[2025-06-30T07:55:51.113Z] [INFO] Found 0 reports to execute in company_9jxwph8g
[2025-06-30T07:55:51.113Z] [DEBUG] Processing company database: company_ey1a4uyd
[2025-06-30T07:55:51.163Z] [DEBUG] Skipping company_ey1a4uyd: No scheduled reports collection found
[2025-06-30T07:55:51.164Z] [INFO] Scheduled reports check completed
[2025-06-30T07:55:51.166Z] [DEBUG] MongoDB connection closed
[2025-06-30T07:56:20.350Z] [INFO] Checking for scheduled reports...
[2025-06-30T07:56:20.976Z] [DEBUG] Connected to MongoDB
[2025-06-30T07:56:21.036Z] [INFO] Found 2 company databases
[2025-06-30T07:56:21.037Z] [DEBUG] Processing company database: company_9jxwph8g
[2025-06-30T07:56:21.087Z] [DEBUG] Finding reports to execute in company_9jxwph8g (current time: 2025-06-30T07:56:21.087Z)
[2025-06-30T07:56:21.136Z] [INFO] Found 0 reports to execute in company_9jxwph8g
[2025-06-30T07:56:21.137Z] [DEBUG] Processing company database: company_ey1a4uyd
[2025-06-30T07:56:21.186Z] [DEBUG] Skipping company_ey1a4uyd: No scheduled reports collection found
[2025-06-30T07:56:21.187Z] [INFO] Scheduled reports check completed
[2025-06-30T07:56:21.189Z] [DEBUG] MongoDB connection closed
[2025-06-30T07:56:50.351Z] [INFO] Checking for scheduled reports...
[2025-06-30T07:56:51.072Z] [DEBUG] Connected to MongoDB
[2025-06-30T07:56:51.133Z] [INFO] Found 2 company databases
[2025-06-30T07:56:51.133Z] [DEBUG] Processing company database: company_9jxwph8g
[2025-06-30T07:56:51.183Z] [DEBUG] Finding reports to execute in company_9jxwph8g (current time: 2025-06-30T07:56:51.183Z)
[2025-06-30T07:56:51.234Z] [INFO] Found 0 reports to execute in company_9jxwph8g
[2025-06-30T07:56:51.234Z] [DEBUG] Processing company database: company_ey1a4uyd
[2025-06-30T07:56:51.283Z] [DEBUG] Skipping company_ey1a4uyd: No scheduled reports collection found
[2025-06-30T07:56:51.284Z] [INFO] Scheduled reports check completed
[2025-06-30T07:56:51.285Z] [DEBUG] MongoDB connection closed
[2025-06-30T07:57:20.353Z] [INFO] Checking for scheduled reports...
[2025-06-30T07:57:21.125Z] [DEBUG] Connected to MongoDB
[2025-06-30T07:57:21.185Z] [INFO] Found 2 company databases
[2025-06-30T07:57:21.185Z] [DEBUG] Processing company database: company_9jxwph8g
[2025-06-30T07:57:21.234Z] [DEBUG] Finding reports to execute in company_9jxwph8g (current time: 2025-06-30T07:57:21.234Z)
[2025-06-30T07:57:21.283Z] [INFO] Found 0 reports to execute in company_9jxwph8g
[2025-06-30T07:57:21.283Z] [DEBUG] Processing company database: company_ey1a4uyd
[2025-06-30T07:57:21.331Z] [DEBUG] Skipping company_ey1a4uyd: No scheduled reports collection found
[2025-06-30T07:57:21.331Z] [INFO] Scheduled reports check completed
[2025-06-30T07:57:21.333Z] [DEBUG] MongoDB connection closed
[2025-06-30T07:57:50.354Z] [INFO] Checking for scheduled reports...
[2025-06-30T07:57:51.062Z] [DEBUG] Connected to MongoDB
[2025-06-30T07:57:51.122Z] [INFO] Found 2 company databases
[2025-06-30T07:57:51.123Z] [DEBUG] Processing company database: company_9jxwph8g
[2025-06-30T07:57:51.173Z] [DEBUG] Finding reports to execute in company_9jxwph8g (current time: 2025-06-30T07:57:51.173Z)
[2025-06-30T07:57:51.222Z] [INFO] Found 0 reports to execute in company_9jxwph8g
[2025-06-30T07:57:51.223Z] [DEBUG] Processing company database: company_ey1a4uyd
[2025-06-30T07:57:51.272Z] [DEBUG] Skipping company_ey1a4uyd: No scheduled reports collection found
[2025-06-30T07:57:51.272Z] [INFO] Scheduled reports check completed
[2025-06-30T07:57:51.275Z] [DEBUG] MongoDB connection closed
[2025-06-30T07:58:20.355Z] [INFO] Checking for scheduled reports...
[2025-06-30T07:58:21.064Z] [DEBUG] Connected to MongoDB
[2025-06-30T07:58:21.125Z] [INFO] Found 2 company databases
[2025-06-30T07:58:21.125Z] [DEBUG] Processing company database: company_9jxwph8g
[2025-06-30T07:58:21.175Z] [DEBUG] Finding reports to execute in company_9jxwph8g (current time: 2025-06-30T07:58:21.175Z)
[2025-06-30T07:58:21.225Z] [INFO] Found 0 reports to execute in company_9jxwph8g
[2025-06-30T07:58:21.225Z] [DEBUG] Processing company database: company_ey1a4uyd
[2025-06-30T07:58:21.275Z] [DEBUG] Skipping company_ey1a4uyd: No scheduled reports collection found
[2025-06-30T07:58:21.275Z] [INFO] Scheduled reports check completed
[2025-06-30T07:58:21.277Z] [DEBUG] MongoDB connection closed
[2025-06-30T07:58:50.357Z] [INFO] Checking for scheduled reports...
[2025-06-30T07:58:51.148Z] [DEBUG] Connected to MongoDB
[2025-06-30T07:58:51.208Z] [INFO] Found 2 company databases
[2025-06-30T07:58:51.208Z] [DEBUG] Processing company database: company_9jxwph8g
[2025-06-30T07:58:51.257Z] [DEBUG] Finding reports to execute in company_9jxwph8g (current time: 2025-06-30T07:58:51.257Z)
[2025-06-30T07:58:51.306Z] [INFO] Found 0 reports to execute in company_9jxwph8g
[2025-06-30T07:58:51.306Z] [DEBUG] Processing company database: company_ey1a4uyd
[2025-06-30T07:58:51.355Z] [DEBUG] Skipping company_ey1a4uyd: No scheduled reports collection found
[2025-06-30T07:58:51.355Z] [INFO] Scheduled reports check completed
[2025-06-30T07:58:51.357Z] [DEBUG] MongoDB connection closed
[2025-06-30T07:59:20.357Z] [INFO] Checking for scheduled reports...
[2025-06-30T07:59:21.049Z] [DEBUG] Connected to MongoDB
[2025-06-30T07:59:21.109Z] [INFO] Found 2 company databases
[2025-06-30T07:59:21.109Z] [DEBUG] Processing company database: company_9jxwph8g
[2025-06-30T07:59:21.158Z] [DEBUG] Finding reports to execute in company_9jxwph8g (current time: 2025-06-30T07:59:21.158Z)
[2025-06-30T07:59:21.207Z] [INFO] Found 0 reports to execute in company_9jxwph8g
[2025-06-30T07:59:21.208Z] [DEBUG] Processing company database: company_ey1a4uyd
[2025-06-30T07:59:21.256Z] [DEBUG] Skipping company_ey1a4uyd: No scheduled reports collection found
[2025-06-30T07:59:21.257Z] [INFO] Scheduled reports check completed
[2025-06-30T07:59:21.258Z] [DEBUG] MongoDB connection closed
[2025-06-30T07:59:50.359Z] [INFO] Checking for scheduled reports...
[2025-06-30T07:59:51.187Z] [DEBUG] Connected to MongoDB
[2025-06-30T07:59:51.254Z] [INFO] Found 2 company databases
[2025-06-30T07:59:51.254Z] [DEBUG] Processing company database: company_9jxwph8g
[2025-06-30T07:59:51.310Z] [DEBUG] Finding reports to execute in company_9jxwph8g (current time: 2025-06-30T07:59:51.310Z)
[2025-06-30T07:59:51.364Z] [INFO] Found 0 reports to execute in company_9jxwph8g
[2025-06-30T07:59:51.364Z] [DEBUG] Processing company database: company_ey1a4uyd
[2025-06-30T07:59:51.417Z] [DEBUG] Skipping company_ey1a4uyd: No scheduled reports collection found
[2025-06-30T07:59:51.417Z] [INFO] Scheduled reports check completed
[2025-06-30T07:59:51.418Z] [DEBUG] MongoDB connection closed
[2025-06-30T08:00:20.359Z] [INFO] Checking for scheduled reports...
[2025-06-30T08:00:21.241Z] [DEBUG] Connected to MongoDB
[2025-06-30T08:00:21.306Z] [INFO] Found 2 company databases
[2025-06-30T08:00:21.307Z] [DEBUG] Processing company database: company_9jxwph8g
[2025-06-30T08:00:21.361Z] [DEBUG] Finding reports to execute in company_9jxwph8g (current time: 2025-06-30T08:00:21.361Z)
[2025-06-30T08:00:21.415Z] [INFO] Found 0 reports to execute in company_9jxwph8g
[2025-06-30T08:00:21.416Z] [DEBUG] Processing company database: company_ey1a4uyd
[2025-06-30T08:00:21.471Z] [DEBUG] Skipping company_ey1a4uyd: No scheduled reports collection found
[2025-06-30T08:00:21.472Z] [INFO] Scheduled reports check completed
[2025-06-30T08:00:21.475Z] [DEBUG] MongoDB connection closed
[2025-06-30T08:00:50.360Z] [INFO] Checking for scheduled reports...
[2025-06-30T08:00:51.081Z] [DEBUG] Connected to MongoDB
[2025-06-30T08:00:51.145Z] [INFO] Found 2 company databases
[2025-06-30T08:00:51.145Z] [DEBUG] Processing company database: company_9jxwph8g
[2025-06-30T08:00:51.198Z] [DEBUG] Finding reports to execute in company_9jxwph8g (current time: 2025-06-30T08:00:51.198Z)
[2025-06-30T08:00:51.251Z] [INFO] Found 0 reports to execute in company_9jxwph8g
[2025-06-30T08:00:51.252Z] [DEBUG] Processing company database: company_ey1a4uyd
[2025-06-30T08:00:51.305Z] [DEBUG] Skipping company_ey1a4uyd: No scheduled reports collection found
[2025-06-30T08:00:51.305Z] [INFO] Scheduled reports check completed
[2025-06-30T08:00:51.307Z] [DEBUG] MongoDB connection closed
[2025-06-30T08:01:20.361Z] [INFO] Checking for scheduled reports...
[2025-06-30T08:01:21.128Z] [DEBUG] Connected to MongoDB
[2025-06-30T08:01:21.196Z] [INFO] Found 2 company databases
[2025-06-30T08:01:21.196Z] [DEBUG] Processing company database: company_9jxwph8g
[2025-06-30T08:01:21.253Z] [DEBUG] Finding reports to execute in company_9jxwph8g (current time: 2025-06-30T08:01:21.253Z)
[2025-06-30T08:01:21.306Z] [INFO] Found 0 reports to execute in company_9jxwph8g
[2025-06-30T08:01:21.307Z] [DEBUG] Processing company database: company_ey1a4uyd
[2025-06-30T08:01:21.360Z] [DEBUG] Skipping company_ey1a4uyd: No scheduled reports collection found
[2025-06-30T08:01:21.360Z] [INFO] Scheduled reports check completed
[2025-06-30T08:01:21.362Z] [DEBUG] MongoDB connection closed
[2025-06-30T08:01:50.363Z] [INFO] Checking for scheduled reports...
[2025-06-30T08:01:51.252Z] [DEBUG] Connected to MongoDB
[2025-06-30T08:01:51.317Z] [INFO] Found 2 company databases
[2025-06-30T08:01:51.317Z] [DEBUG] Processing company database: company_9jxwph8g
[2025-06-30T08:01:51.377Z] [DEBUG] Finding reports to execute in company_9jxwph8g (current time: 2025-06-30T08:01:51.377Z)
[2025-06-30T08:01:51.430Z] [INFO] Found 0 reports to execute in company_9jxwph8g
[2025-06-30T08:01:51.431Z] [DEBUG] Processing company database: company_ey1a4uyd
[2025-06-30T08:01:51.484Z] [DEBUG] Skipping company_ey1a4uyd: No scheduled reports collection found
[2025-06-30T08:01:51.485Z] [INFO] Scheduled reports check completed
[2025-06-30T08:01:51.487Z] [DEBUG] MongoDB connection closed
[2025-06-30T08:02:20.365Z] [INFO] Checking for scheduled reports...
[2025-06-30T08:02:21.197Z] [DEBUG] Connected to MongoDB
[2025-06-30T08:02:21.261Z] [INFO] Found 2 company databases
[2025-06-30T08:02:21.262Z] [DEBUG] Processing company database: company_9jxwph8g
[2025-06-30T08:02:21.316Z] [DEBUG] Finding reports to execute in company_9jxwph8g (current time: 2025-06-30T08:02:21.316Z)
[2025-06-30T08:02:21.370Z] [INFO] Found 0 reports to execute in company_9jxwph8g
[2025-06-30T08:02:21.370Z] [DEBUG] Processing company database: company_ey1a4uyd
[2025-06-30T08:02:21.424Z] [DEBUG] Skipping company_ey1a4uyd: No scheduled reports collection found
[2025-06-30T08:02:21.425Z] [INFO] Scheduled reports check completed
[2025-06-30T08:02:21.427Z] [DEBUG] MongoDB connection closed
[2025-06-30T08:02:50.365Z] [INFO] Checking for scheduled reports...
[2025-06-30T08:02:51.250Z] [DEBUG] Connected to MongoDB
[2025-06-30T08:02:51.316Z] [INFO] Found 2 company databases
[2025-06-30T08:02:51.317Z] [DEBUG] Processing company database: company_9jxwph8g
[2025-06-30T08:02:51.372Z] [DEBUG] Finding reports to execute in company_9jxwph8g (current time: 2025-06-30T08:02:51.372Z)
[2025-06-30T08:02:51.426Z] [INFO] Found 0 reports to execute in company_9jxwph8g
[2025-06-30T08:02:51.427Z] [DEBUG] Processing company database: company_ey1a4uyd
[2025-06-30T08:02:51.536Z] [DEBUG] Skipping company_ey1a4uyd: No scheduled reports collection found
[2025-06-30T08:02:51.537Z] [INFO] Scheduled reports check completed
[2025-06-30T08:02:51.539Z] [DEBUG] MongoDB connection closed
[2025-06-30T08:03:20.366Z] [INFO] Checking for scheduled reports...
[2025-06-30T08:03:21.248Z] [DEBUG] Connected to MongoDB
[2025-06-30T08:03:21.314Z] [INFO] Found 2 company databases
[2025-06-30T08:03:21.314Z] [DEBUG] Processing company database: company_9jxwph8g
[2025-06-30T08:03:21.369Z] [DEBUG] Finding reports to execute in company_9jxwph8g (current time: 2025-06-30T08:03:21.368Z)
[2025-06-30T08:03:21.422Z] [INFO] Found 0 reports to execute in company_9jxwph8g
[2025-06-30T08:03:21.422Z] [DEBUG] Processing company database: company_ey1a4uyd
[2025-06-30T08:03:21.476Z] [DEBUG] Skipping company_ey1a4uyd: No scheduled reports collection found
[2025-06-30T08:03:21.476Z] [INFO] Scheduled reports check completed
[2025-06-30T08:03:21.479Z] [DEBUG] MongoDB connection closed
[2025-06-30T08:03:50.367Z] [INFO] Checking for scheduled reports...
[2025-06-30T08:03:51.096Z] [DEBUG] Connected to MongoDB
[2025-06-30T08:03:51.161Z] [INFO] Found 2 company databases
[2025-06-30T08:03:51.161Z] [DEBUG] Processing company database: company_9jxwph8g
[2025-06-30T08:03:51.215Z] [DEBUG] Finding reports to execute in company_9jxwph8g (current time: 2025-06-30T08:03:51.215Z)
[2025-06-30T08:03:51.269Z] [INFO] Found 0 reports to execute in company_9jxwph8g
[2025-06-30T08:03:51.270Z] [DEBUG] Processing company database: company_ey1a4uyd
[2025-06-30T08:03:51.324Z] [DEBUG] Skipping company_ey1a4uyd: No scheduled reports collection found
[2025-06-30T08:03:51.325Z] [INFO] Scheduled reports check completed
[2025-06-30T08:03:51.328Z] [DEBUG] MongoDB connection closed
[2025-06-30T08:04:20.368Z] [INFO] Checking for scheduled reports...
[2025-06-30T08:04:20.960Z] [DEBUG] Connected to MongoDB
[2025-06-30T08:04:21.021Z] [INFO] Found 2 company databases
[2025-06-30T08:04:21.021Z] [DEBUG] Processing company database: company_9jxwph8g
[2025-06-30T08:04:21.072Z] [DEBUG] Finding reports to execute in company_9jxwph8g (current time: 2025-06-30T08:04:21.072Z)
[2025-06-30T08:04:21.122Z] [INFO] Found 0 reports to execute in company_9jxwph8g
[2025-06-30T08:04:21.123Z] [DEBUG] Processing company database: company_ey1a4uyd
[2025-06-30T08:04:21.172Z] [DEBUG] Skipping company_ey1a4uyd: No scheduled reports collection found
[2025-06-30T08:04:21.173Z] [INFO] Scheduled reports check completed
[2025-06-30T08:04:21.175Z] [DEBUG] MongoDB connection closed
[2025-06-30T08:04:50.368Z] [INFO] Checking for scheduled reports...
[2025-06-30T08:04:51.133Z] [DEBUG] Connected to MongoDB
[2025-06-30T08:04:51.198Z] [INFO] Found 2 company databases
[2025-06-30T08:04:51.199Z] [DEBUG] Processing company database: company_9jxwph8g
[2025-06-30T08:04:51.253Z] [DEBUG] Finding reports to execute in company_9jxwph8g (current time: 2025-06-30T08:04:51.253Z)
[2025-06-30T08:04:51.306Z] [INFO] Found 0 reports to execute in company_9jxwph8g
[2025-06-30T08:04:51.307Z] [DEBUG] Processing company database: company_ey1a4uyd
[2025-06-30T08:04:51.360Z] [DEBUG] Skipping company_ey1a4uyd: No scheduled reports collection found
[2025-06-30T08:04:51.360Z] [INFO] Scheduled reports check completed
[2025-06-30T08:04:51.363Z] [DEBUG] MongoDB connection closed
[2025-06-30T08:05:20.368Z] [INFO] Checking for scheduled reports...
[2025-06-30T08:05:20.934Z] [DEBUG] Connected to MongoDB
[2025-06-30T08:05:20.994Z] [INFO] Found 2 company databases
[2025-06-30T08:05:20.994Z] [DEBUG] Processing company database: company_9jxwph8g
[2025-06-30T08:05:21.043Z] [DEBUG] Finding reports to execute in company_9jxwph8g (current time: 2025-06-30T08:05:21.043Z)
[2025-06-30T08:05:21.092Z] [INFO] Found 0 reports to execute in company_9jxwph8g
[2025-06-30T08:05:21.093Z] [DEBUG] Processing company database: company_ey1a4uyd
[2025-06-30T08:05:21.142Z] [DEBUG] Skipping company_ey1a4uyd: No scheduled reports collection found
[2025-06-30T08:05:21.143Z] [INFO] Scheduled reports check completed
[2025-06-30T08:05:21.145Z] [DEBUG] MongoDB connection closed
[2025-06-30T08:05:50.369Z] [INFO] Checking for scheduled reports...
[2025-06-30T08:05:50.938Z] [DEBUG] Connected to MongoDB
[2025-06-30T08:05:50.998Z] [INFO] Found 2 company databases
[2025-06-30T08:05:50.998Z] [DEBUG] Processing company database: company_9jxwph8g
[2025-06-30T08:05:51.048Z] [DEBUG] Finding reports to execute in company_9jxwph8g (current time: 2025-06-30T08:05:51.047Z)
[2025-06-30T08:05:51.096Z] [INFO] Found 0 reports to execute in company_9jxwph8g
[2025-06-30T08:05:51.097Z] [DEBUG] Processing company database: company_ey1a4uyd
[2025-06-30T08:05:51.146Z] [DEBUG] Skipping company_ey1a4uyd: No scheduled reports collection found
[2025-06-30T08:05:51.146Z] [INFO] Scheduled reports check completed
[2025-06-30T08:05:51.148Z] [DEBUG] MongoDB connection closed
[2025-06-30T08:06:20.370Z] [INFO] Checking for scheduled reports...
[2025-06-30T08:06:21.151Z] [DEBUG] Connected to MongoDB
[2025-06-30T08:06:21.211Z] [INFO] Found 2 company databases
[2025-06-30T08:06:21.212Z] [DEBUG] Processing company database: company_9jxwph8g
[2025-06-30T08:06:21.262Z] [DEBUG] Finding reports to execute in company_9jxwph8g (current time: 2025-06-30T08:06:21.262Z)
[2025-06-30T08:06:21.312Z] [INFO] Found 0 reports to execute in company_9jxwph8g
[2025-06-30T08:06:21.313Z] [DEBUG] Processing company database: company_ey1a4uyd
[2025-06-30T08:06:21.363Z] [DEBUG] Skipping company_ey1a4uyd: No scheduled reports collection found
[2025-06-30T08:06:21.363Z] [INFO] Scheduled reports check completed
[2025-06-30T08:06:21.366Z] [DEBUG] MongoDB connection closed
[2025-06-30T08:06:50.371Z] [INFO] Checking for scheduled reports...
[2025-06-30T08:06:50.942Z] [DEBUG] Connected to MongoDB
[2025-06-30T08:06:51.002Z] [INFO] Found 2 company databases
[2025-06-30T08:06:51.003Z] [DEBUG] Processing company database: company_9jxwph8g
[2025-06-30T08:06:51.053Z] [DEBUG] Finding reports to execute in company_9jxwph8g (current time: 2025-06-30T08:06:51.053Z)
[2025-06-30T08:06:51.103Z] [INFO] Found 0 reports to execute in company_9jxwph8g
[2025-06-30T08:06:51.103Z] [DEBUG] Processing company database: company_ey1a4uyd
[2025-06-30T08:06:51.153Z] [DEBUG] Skipping company_ey1a4uyd: No scheduled reports collection found
[2025-06-30T08:06:51.153Z] [INFO] Scheduled reports check completed
[2025-06-30T08:06:51.156Z] [DEBUG] MongoDB connection closed
[2025-06-30T08:07:20.372Z] [INFO] Checking for scheduled reports...
[2025-06-30T08:07:20.946Z] [DEBUG] Connected to MongoDB
[2025-06-30T08:07:21.007Z] [INFO] Found 2 company databases
[2025-06-30T08:07:21.008Z] [DEBUG] Processing company database: company_9jxwph8g
[2025-06-30T08:07:21.059Z] [DEBUG] Finding reports to execute in company_9jxwph8g (current time: 2025-06-30T08:07:21.059Z)
[2025-06-30T08:07:21.108Z] [INFO] Found 0 reports to execute in company_9jxwph8g
[2025-06-30T08:07:21.109Z] [DEBUG] Processing company database: company_ey1a4uyd
[2025-06-30T08:07:21.159Z] [DEBUG] Skipping company_ey1a4uyd: No scheduled reports collection found
[2025-06-30T08:07:21.160Z] [INFO] Scheduled reports check completed
[2025-06-30T08:07:21.162Z] [DEBUG] MongoDB connection closed
[2025-06-30T08:07:50.373Z] [INFO] Checking for scheduled reports...
[2025-06-30T08:07:51.244Z] [DEBUG] Connected to MongoDB
[2025-06-30T08:07:51.304Z] [INFO] Found 2 company databases
[2025-06-30T08:07:51.305Z] [DEBUG] Processing company database: company_9jxwph8g
[2025-06-30T08:07:51.356Z] [DEBUG] Finding reports to execute in company_9jxwph8g (current time: 2025-06-30T08:07:51.356Z)
[2025-06-30T08:07:51.405Z] [INFO] Found 0 reports to execute in company_9jxwph8g
[2025-06-30T08:07:51.406Z] [DEBUG] Processing company database: company_ey1a4uyd
[2025-06-30T08:07:51.456Z] [DEBUG] Skipping company_ey1a4uyd: No scheduled reports collection found
[2025-06-30T08:07:51.456Z] [INFO] Scheduled reports check completed
[2025-06-30T08:07:51.458Z] [DEBUG] MongoDB connection closed
[2025-06-30T08:08:20.374Z] [INFO] Checking for scheduled reports...
[2025-06-30T08:08:20.985Z] [DEBUG] Connected to MongoDB
[2025-06-30T08:08:21.051Z] [INFO] Found 2 company databases
[2025-06-30T08:08:21.053Z] [DEBUG] Processing company database: company_9jxwph8g
[2025-06-30T08:08:21.106Z] [DEBUG] Finding reports to execute in company_9jxwph8g (current time: 2025-06-30T08:08:21.106Z)
[2025-06-30T08:08:21.159Z] [INFO] Found 0 reports to execute in company_9jxwph8g
[2025-06-30T08:08:21.160Z] [DEBUG] Processing company database: company_ey1a4uyd
[2025-06-30T08:08:21.212Z] [DEBUG] Skipping company_ey1a4uyd: No scheduled reports collection found
[2025-06-30T08:08:21.213Z] [INFO] Scheduled reports check completed
[2025-06-30T08:08:21.214Z] [DEBUG] MongoDB connection closed
[2025-06-30T08:08:50.375Z] [INFO] Checking for scheduled reports...
[2025-06-30T08:08:50.993Z] [DEBUG] Connected to MongoDB
[2025-06-30T08:08:51.058Z] [INFO] Found 2 company databases
[2025-06-30T08:08:51.058Z] [DEBUG] Processing company database: company_9jxwph8g
[2025-06-30T08:08:51.112Z] [DEBUG] Finding reports to execute in company_9jxwph8g (current time: 2025-06-30T08:08:51.112Z)
[2025-06-30T08:08:51.164Z] [INFO] Found 0 reports to execute in company_9jxwph8g
[2025-06-30T08:08:51.165Z] [DEBUG] Processing company database: company_ey1a4uyd
[2025-06-30T08:08:51.217Z] [DEBUG] Skipping company_ey1a4uyd: No scheduled reports collection found
[2025-06-30T08:08:51.218Z] [INFO] Scheduled reports check completed
[2025-06-30T08:08:51.219Z] [DEBUG] MongoDB connection closed
[2025-06-30T08:09:20.375Z] [INFO] Checking for scheduled reports...
[2025-06-30T08:09:20.985Z] [DEBUG] Connected to MongoDB
[2025-06-30T08:09:21.049Z] [INFO] Found 2 company databases
[2025-06-30T08:09:21.050Z] [DEBUG] Processing company database: company_9jxwph8g
[2025-06-30T08:09:21.105Z] [DEBUG] Finding reports to execute in company_9jxwph8g (current time: 2025-06-30T08:09:21.105Z)
[2025-06-30T08:09:21.158Z] [INFO] Found 0 reports to execute in company_9jxwph8g
[2025-06-30T08:09:21.158Z] [DEBUG] Processing company database: company_ey1a4uyd
[2025-06-30T08:09:21.211Z] [DEBUG] Skipping company_ey1a4uyd: No scheduled reports collection found
[2025-06-30T08:09:21.211Z] [INFO] Scheduled reports check completed
[2025-06-30T08:09:21.213Z] [DEBUG] MongoDB connection closed
[2025-06-30T08:09:50.376Z] [INFO] Checking for scheduled reports...
[2025-06-30T08:09:50.990Z] [DEBUG] Connected to MongoDB
[2025-06-30T08:09:51.054Z] [INFO] Found 2 company databases
[2025-06-30T08:09:51.055Z] [DEBUG] Processing company database: company_9jxwph8g
[2025-06-30T08:09:51.109Z] [DEBUG] Finding reports to execute in company_9jxwph8g (current time: 2025-06-30T08:09:51.109Z)
[2025-06-30T08:09:51.164Z] [INFO] Found 0 reports to execute in company_9jxwph8g
[2025-06-30T08:09:51.165Z] [DEBUG] Processing company database: company_ey1a4uyd
[2025-06-30T08:09:51.219Z] [DEBUG] Skipping company_ey1a4uyd: No scheduled reports collection found
[2025-06-30T08:09:51.219Z] [INFO] Scheduled reports check completed
[2025-06-30T08:09:51.222Z] [DEBUG] MongoDB connection closed
[2025-06-30T08:10:20.377Z] [INFO] Checking for scheduled reports...
[2025-06-30T08:10:21.003Z] [DEBUG] Connected to MongoDB
[2025-06-30T08:10:21.069Z] [INFO] Found 2 company databases
[2025-06-30T08:10:21.069Z] [DEBUG] Processing company database: company_9jxwph8g
[2025-06-30T08:10:21.124Z] [DEBUG] Finding reports to execute in company_9jxwph8g (current time: 2025-06-30T08:10:21.124Z)
[2025-06-30T08:10:21.178Z] [INFO] Found 0 reports to execute in company_9jxwph8g
[2025-06-30T08:10:21.179Z] [DEBUG] Processing company database: company_ey1a4uyd
[2025-06-30T08:10:21.233Z] [DEBUG] Skipping company_ey1a4uyd: No scheduled reports collection found
[2025-06-30T08:10:21.234Z] [INFO] Scheduled reports check completed
[2025-06-30T08:10:21.236Z] [DEBUG] MongoDB connection closed
[2025-06-30T08:10:50.377Z] [INFO] Checking for scheduled reports...
[2025-06-30T08:10:51.203Z] [DEBUG] Connected to MongoDB
[2025-06-30T08:10:51.268Z] [INFO] Found 2 company databases
[2025-06-30T08:10:51.269Z] [DEBUG] Processing company database: company_9jxwph8g
[2025-06-30T08:10:51.325Z] [DEBUG] Finding reports to execute in company_9jxwph8g (current time: 2025-06-30T08:10:51.325Z)
[2025-06-30T08:10:51.380Z] [INFO] Found 0 reports to execute in company_9jxwph8g
[2025-06-30T08:10:51.380Z] [DEBUG] Processing company database: company_ey1a4uyd
[2025-06-30T08:10:51.434Z] [DEBUG] Skipping company_ey1a4uyd: No scheduled reports collection found
[2025-06-30T08:10:51.435Z] [INFO] Scheduled reports check completed
[2025-06-30T08:10:51.438Z] [DEBUG] MongoDB connection closed
[2025-06-30T08:11:20.379Z] [INFO] Checking for scheduled reports...
[2025-06-30T08:11:21.060Z] [DEBUG] Connected to MongoDB
[2025-06-30T08:11:21.124Z] [INFO] Found 2 company databases
[2025-06-30T08:11:21.124Z] [DEBUG] Processing company database: company_9jxwph8g
[2025-06-30T08:11:21.176Z] [DEBUG] Finding reports to execute in company_9jxwph8g (current time: 2025-06-30T08:11:21.176Z)
[2025-06-30T08:11:21.228Z] [INFO] Found 0 reports to execute in company_9jxwph8g
[2025-06-30T08:11:21.229Z] [DEBUG] Processing company database: company_ey1a4uyd
[2025-06-30T08:11:21.281Z] [DEBUG] Skipping company_ey1a4uyd: No scheduled reports collection found
[2025-06-30T08:11:21.281Z] [INFO] Scheduled reports check completed
[2025-06-30T08:11:21.282Z] [DEBUG] MongoDB connection closed
[2025-06-30T08:11:50.380Z] [INFO] Checking for scheduled reports...
[2025-06-30T08:11:50.990Z] [DEBUG] Connected to MongoDB
[2025-06-30T08:11:51.055Z] [INFO] Found 2 company databases
[2025-06-30T08:11:51.055Z] [DEBUG] Processing company database: company_9jxwph8g
[2025-06-30T08:11:51.109Z] [DEBUG] Finding reports to execute in company_9jxwph8g (current time: 2025-06-30T08:11:51.109Z)
[2025-06-30T08:11:51.163Z] [INFO] Found 0 reports to execute in company_9jxwph8g
[2025-06-30T08:11:51.164Z] [DEBUG] Processing company database: company_ey1a4uyd
[2025-06-30T08:11:51.217Z] [DEBUG] Skipping company_ey1a4uyd: No scheduled reports collection found
[2025-06-30T08:11:51.218Z] [INFO] Scheduled reports check completed
[2025-06-30T08:11:51.220Z] [DEBUG] MongoDB connection closed
[2025-06-30T08:12:20.381Z] [INFO] Checking for scheduled reports...
[2025-06-30T08:12:21.215Z] [DEBUG] Connected to MongoDB
[2025-06-30T08:12:21.278Z] [INFO] Found 2 company databases
[2025-06-30T08:12:21.279Z] [DEBUG] Processing company database: company_9jxwph8g
[2025-06-30T08:12:21.332Z] [DEBUG] Finding reports to execute in company_9jxwph8g (current time: 2025-06-30T08:12:21.332Z)
[2025-06-30T08:12:21.384Z] [INFO] Found 0 reports to execute in company_9jxwph8g
[2025-06-30T08:12:21.384Z] [DEBUG] Processing company database: company_ey1a4uyd
[2025-06-30T08:12:21.437Z] [DEBUG] Skipping company_ey1a4uyd: No scheduled reports collection found
[2025-06-30T08:12:21.437Z] [INFO] Scheduled reports check completed
[2025-06-30T08:12:21.438Z] [DEBUG] MongoDB connection closed
[2025-06-30T08:12:50.273Z] [INFO] Checking for scheduled reports...
[2025-06-30T08:12:50.987Z] [DEBUG] Connected to MongoDB
[2025-06-30T08:12:51.051Z] [INFO] Found 2 company databases
[2025-06-30T08:12:51.051Z] [DEBUG] Processing company database: company_9jxwph8g
[2025-06-30T08:12:51.104Z] [DEBUG] Finding reports to execute in company_9jxwph8g (current time: 2025-06-30T08:12:51.104Z)
[2025-06-30T08:12:51.157Z] [INFO] Found 0 reports to execute in company_9jxwph8g
[2025-06-30T08:12:51.158Z] [DEBUG] Processing company database: company_ey1a4uyd
[2025-06-30T08:12:51.211Z] [DEBUG] Skipping company_ey1a4uyd: No scheduled reports collection found
[2025-06-30T08:12:51.211Z] [INFO] Scheduled reports check completed
[2025-06-30T08:12:51.213Z] [DEBUG] MongoDB connection closed
[2025-06-30T08:13:20.273Z] [INFO] Checking for scheduled reports...
[2025-06-30T08:13:20.876Z] [DEBUG] Connected to MongoDB
[2025-06-30T08:13:20.940Z] [INFO] Found 2 company databases
[2025-06-30T08:13:20.941Z] [DEBUG] Processing company database: company_9jxwph8g
[2025-06-30T08:13:20.995Z] [DEBUG] Finding reports to execute in company_9jxwph8g (current time: 2025-06-30T08:13:20.995Z)
[2025-06-30T08:13:21.048Z] [INFO] Found 0 reports to execute in company_9jxwph8g
[2025-06-30T08:13:21.049Z] [DEBUG] Processing company database: company_ey1a4uyd
[2025-06-30T08:13:21.102Z] [DEBUG] Skipping company_ey1a4uyd: No scheduled reports collection found
[2025-06-30T08:13:21.102Z] [INFO] Scheduled reports check completed
[2025-06-30T08:13:21.104Z] [DEBUG] MongoDB connection closed
[2025-06-30T08:13:50.274Z] [INFO] Checking for scheduled reports...
[2025-06-30T08:13:50.882Z] [DEBUG] Connected to MongoDB
[2025-06-30T08:13:50.945Z] [INFO] Found 2 company databases
[2025-06-30T08:13:50.946Z] [DEBUG] Processing company database: company_9jxwph8g
[2025-06-30T08:13:50.998Z] [DEBUG] Finding reports to execute in company_9jxwph8g (current time: 2025-06-30T08:13:50.998Z)
[2025-06-30T08:13:51.051Z] [INFO] Found 0 reports to execute in company_9jxwph8g
[2025-06-30T08:13:51.051Z] [DEBUG] Processing company database: company_ey1a4uyd
[2025-06-30T08:13:51.110Z] [DEBUG] Skipping company_ey1a4uyd: No scheduled reports collection found
[2025-06-30T08:13:51.111Z] [INFO] Scheduled reports check completed
[2025-06-30T08:13:51.113Z] [DEBUG] MongoDB connection closed
[2025-06-30T08:14:20.274Z] [INFO] Checking for scheduled reports...
[2025-06-30T08:14:20.836Z] [DEBUG] Connected to MongoDB
[2025-06-30T08:14:20.896Z] [INFO] Found 2 company databases
[2025-06-30T08:14:20.896Z] [DEBUG] Processing company database: company_9jxwph8g
[2025-06-30T08:14:20.946Z] [DEBUG] Finding reports to execute in company_9jxwph8g (current time: 2025-06-30T08:14:20.946Z)
[2025-06-30T08:14:20.996Z] [INFO] Found 0 reports to execute in company_9jxwph8g
[2025-06-30T08:14:20.997Z] [DEBUG] Processing company database: company_ey1a4uyd
[2025-06-30T08:14:21.046Z] [DEBUG] Skipping company_ey1a4uyd: No scheduled reports collection found
[2025-06-30T08:14:21.046Z] [INFO] Scheduled reports check completed
[2025-06-30T08:14:21.047Z] [DEBUG] MongoDB connection closed
[2025-06-30T08:14:50.274Z] [INFO] Checking for scheduled reports...
[2025-06-30T08:14:50.918Z] [DEBUG] Connected to MongoDB
[2025-06-30T08:14:50.978Z] [INFO] Found 2 company databases
[2025-06-30T08:14:50.978Z] [DEBUG] Processing company database: company_9jxwph8g
[2025-06-30T08:14:51.028Z] [DEBUG] Finding reports to execute in company_9jxwph8g (current time: 2025-06-30T08:14:51.028Z)
[2025-06-30T08:14:51.077Z] [INFO] Found 0 reports to execute in company_9jxwph8g
[2025-06-30T08:14:51.077Z] [DEBUG] Processing company database: company_ey1a4uyd
[2025-06-30T08:14:51.127Z] [DEBUG] Skipping company_ey1a4uyd: No scheduled reports collection found
[2025-06-30T08:14:51.127Z] [INFO] Scheduled reports check completed
[2025-06-30T08:14:51.130Z] [DEBUG] MongoDB connection closed
[2025-06-30T08:15:20.274Z] [INFO] Checking for scheduled reports...
[2025-06-30T08:15:20.841Z] [DEBUG] Connected to MongoDB
[2025-06-30T08:15:20.902Z] [INFO] Found 2 company databases
[2025-06-30T08:15:20.902Z] [DEBUG] Processing company database: company_9jxwph8g
[2025-06-30T08:15:20.952Z] [DEBUG] Finding reports to execute in company_9jxwph8g (current time: 2025-06-30T08:15:20.952Z)
[2025-06-30T08:15:21.001Z] [INFO] Found 0 reports to execute in company_9jxwph8g
[2025-06-30T08:15:21.001Z] [DEBUG] Processing company database: company_ey1a4uyd
[2025-06-30T08:15:21.050Z] [DEBUG] Skipping company_ey1a4uyd: No scheduled reports collection found
[2025-06-30T08:15:21.051Z] [INFO] Scheduled reports check completed
[2025-06-30T08:15:21.052Z] [DEBUG] MongoDB connection closed
[2025-06-30T08:15:50.274Z] [INFO] Checking for scheduled reports...
[2025-06-30T08:15:50.929Z] [DEBUG] Connected to MongoDB
[2025-06-30T08:15:50.989Z] [INFO] Found 2 company databases
[2025-06-30T08:15:50.990Z] [DEBUG] Processing company database: company_9jxwph8g
[2025-06-30T08:15:51.040Z] [DEBUG] Finding reports to execute in company_9jxwph8g (current time: 2025-06-30T08:15:51.040Z)
[2025-06-30T08:15:51.090Z] [INFO] Found 0 reports to execute in company_9jxwph8g
[2025-06-30T08:15:51.090Z] [DEBUG] Processing company database: company_ey1a4uyd
[2025-06-30T08:15:51.140Z] [DEBUG] Skipping company_ey1a4uyd: No scheduled reports collection found
[2025-06-30T08:15:51.141Z] [INFO] Scheduled reports check completed
[2025-06-30T08:15:51.143Z] [DEBUG] MongoDB connection closed
[2025-06-30T08:16:20.275Z] [INFO] Checking for scheduled reports...
[2025-06-30T08:16:20.845Z] [DEBUG] Connected to MongoDB
[2025-06-30T08:16:20.907Z] [INFO] Found 2 company databases
[2025-06-30T08:16:20.907Z] [DEBUG] Processing company database: company_9jxwph8g
[2025-06-30T08:16:20.956Z] [DEBUG] Finding reports to execute in company_9jxwph8g (current time: 2025-06-30T08:16:20.956Z)
[2025-06-30T08:16:21.005Z] [INFO] Found 0 reports to execute in company_9jxwph8g
[2025-06-30T08:16:21.006Z] [DEBUG] Processing company database: company_ey1a4uyd
[2025-06-30T08:16:21.056Z] [DEBUG] Skipping company_ey1a4uyd: No scheduled reports collection found
[2025-06-30T08:16:21.057Z] [INFO] Scheduled reports check completed
[2025-06-30T08:16:21.059Z] [DEBUG] MongoDB connection closed
[2025-06-30T08:16:50.275Z] [INFO] Checking for scheduled reports...
[2025-06-30T08:16:51.038Z] [DEBUG] Connected to MongoDB
[2025-06-30T08:16:51.098Z] [INFO] Found 2 company databases
[2025-06-30T08:16:51.098Z] [DEBUG] Processing company database: company_9jxwph8g
[2025-06-30T08:16:51.147Z] [DEBUG] Finding reports to execute in company_9jxwph8g (current time: 2025-06-30T08:16:51.147Z)
[2025-06-30T08:16:51.196Z] [INFO] Found 0 reports to execute in company_9jxwph8g
[2025-06-30T08:16:51.196Z] [DEBUG] Processing company database: company_ey1a4uyd
[2025-06-30T08:16:51.245Z] [DEBUG] Skipping company_ey1a4uyd: No scheduled reports collection found
[2025-06-30T08:16:51.245Z] [INFO] Scheduled reports check completed
[2025-06-30T08:16:51.246Z] [DEBUG] MongoDB connection closed
[2025-06-30T08:17:20.275Z] [INFO] Checking for scheduled reports...
[2025-06-30T08:17:20.852Z] [DEBUG] Connected to MongoDB
[2025-06-30T08:17:20.912Z] [INFO] Found 2 company databases
[2025-06-30T08:17:20.913Z] [DEBUG] Processing company database: company_9jxwph8g
[2025-06-30T08:17:20.962Z] [DEBUG] Finding reports to execute in company_9jxwph8g (current time: 2025-06-30T08:17:20.962Z)
[2025-06-30T08:17:21.010Z] [INFO] Found 0 reports to execute in company_9jxwph8g
[2025-06-30T08:17:21.011Z] [DEBUG] Processing company database: company_ey1a4uyd
[2025-06-30T08:17:21.060Z] [DEBUG] Skipping company_ey1a4uyd: No scheduled reports collection found
[2025-06-30T08:17:21.060Z] [INFO] Scheduled reports check completed
[2025-06-30T08:17:21.062Z] [DEBUG] MongoDB connection closed
[2025-06-30T08:17:50.276Z] [INFO] Checking for scheduled reports...
[2025-06-30T08:17:50.928Z] [DEBUG] Connected to MongoDB
[2025-06-30T08:17:50.989Z] [INFO] Found 2 company databases
[2025-06-30T08:17:50.990Z] [DEBUG] Processing company database: company_9jxwph8g
[2025-06-30T08:17:51.041Z] [DEBUG] Finding reports to execute in company_9jxwph8g (current time: 2025-06-30T08:17:51.041Z)
[2025-06-30T08:17:51.090Z] [INFO] Found 0 reports to execute in company_9jxwph8g
[2025-06-30T08:17:51.091Z] [DEBUG] Processing company database: company_ey1a4uyd
[2025-06-30T08:17:51.142Z] [DEBUG] Skipping company_ey1a4uyd: No scheduled reports collection found
[2025-06-30T08:17:51.143Z] [INFO] Scheduled reports check completed
[2025-06-30T08:17:51.147Z] [DEBUG] MongoDB connection closed
[2025-06-30T08:18:20.276Z] [INFO] Checking for scheduled reports...
[2025-06-30T08:18:20.959Z] [DEBUG] Connected to MongoDB
[2025-06-30T08:18:21.020Z] [INFO] Found 2 company databases
[2025-06-30T08:18:21.021Z] [DEBUG] Processing company database: company_9jxwph8g
[2025-06-30T08:18:21.072Z] [DEBUG] Finding reports to execute in company_9jxwph8g (current time: 2025-06-30T08:18:21.072Z)
[2025-06-30T08:18:21.123Z] [INFO] Found 0 reports to execute in company_9jxwph8g
[2025-06-30T08:18:21.123Z] [DEBUG] Processing company database: company_ey1a4uyd
[2025-06-30T08:18:21.173Z] [DEBUG] Skipping company_ey1a4uyd: No scheduled reports collection found
[2025-06-30T08:18:21.174Z] [INFO] Scheduled reports check completed
[2025-06-30T08:18:21.177Z] [DEBUG] MongoDB connection closed
[2025-06-30T08:18:50.277Z] [INFO] Checking for scheduled reports...
[2025-06-30T08:18:50.928Z] [DEBUG] Connected to MongoDB
[2025-06-30T08:18:50.988Z] [INFO] Found 2 company databases
[2025-06-30T08:18:50.989Z] [DEBUG] Processing company database: company_9jxwph8g
[2025-06-30T08:18:51.039Z] [DEBUG] Finding reports to execute in company_9jxwph8g (current time: 2025-06-30T08:18:51.038Z)
[2025-06-30T08:18:51.088Z] [INFO] Found 0 reports to execute in company_9jxwph8g
[2025-06-30T08:18:51.089Z] [DEBUG] Processing company database: company_ey1a4uyd
[2025-06-30T08:18:51.138Z] [DEBUG] Skipping company_ey1a4uyd: No scheduled reports collection found
[2025-06-30T08:18:51.138Z] [INFO] Scheduled reports check completed
[2025-06-30T08:18:51.140Z] [DEBUG] MongoDB connection closed
[2025-06-30T08:19:20.277Z] [INFO] Checking for scheduled reports...
[2025-06-30T08:19:20.875Z] [DEBUG] Connected to MongoDB
[2025-06-30T08:19:20.941Z] [INFO] Found 2 company databases
[2025-06-30T08:19:20.941Z] [DEBUG] Processing company database: company_9jxwph8g
[2025-06-30T08:19:20.996Z] [DEBUG] Finding reports to execute in company_9jxwph8g (current time: 2025-06-30T08:19:20.996Z)
[2025-06-30T08:19:21.051Z] [INFO] Found 0 reports to execute in company_9jxwph8g
[2025-06-30T08:19:21.052Z] [DEBUG] Processing company database: company_ey1a4uyd
[2025-06-30T08:19:21.106Z] [DEBUG] Skipping company_ey1a4uyd: No scheduled reports collection found
[2025-06-30T08:19:21.107Z] [INFO] Scheduled reports check completed
[2025-06-30T08:19:21.108Z] [DEBUG] MongoDB connection closed
[2025-06-30T08:19:50.278Z] [INFO] Checking for scheduled reports...
[2025-06-30T08:19:51.072Z] [DEBUG] Connected to MongoDB
[2025-06-30T08:19:51.138Z] [INFO] Found 2 company databases
[2025-06-30T08:19:51.139Z] [DEBUG] Processing company database: company_9jxwph8g
[2025-06-30T08:19:51.195Z] [DEBUG] Finding reports to execute in company_9jxwph8g (current time: 2025-06-30T08:19:51.195Z)
[2025-06-30T08:19:51.250Z] [INFO] Found 0 reports to execute in company_9jxwph8g
[2025-06-30T08:19:51.251Z] [DEBUG] Processing company database: company_ey1a4uyd
[2025-06-30T08:19:51.305Z] [DEBUG] Skipping company_ey1a4uyd: No scheduled reports collection found
[2025-06-30T08:19:51.306Z] [INFO] Scheduled reports check completed
[2025-06-30T08:19:51.309Z] [DEBUG] MongoDB connection closed
[2025-06-30T08:20:20.278Z] [INFO] Checking for scheduled reports...
[2025-06-30T08:20:20.889Z] [DEBUG] Connected to MongoDB
[2025-06-30T08:20:20.954Z] [INFO] Found 2 company databases
[2025-06-30T08:20:20.955Z] [DEBUG] Processing company database: company_9jxwph8g
[2025-06-30T08:20:21.009Z] [DEBUG] Finding reports to execute in company_9jxwph8g (current time: 2025-06-30T08:20:21.009Z)
[2025-06-30T08:20:21.062Z] [INFO] Found 0 reports to execute in company_9jxwph8g
[2025-06-30T08:20:21.063Z] [DEBUG] Processing company database: company_ey1a4uyd
[2025-06-30T08:20:21.117Z] [DEBUG] Skipping company_ey1a4uyd: No scheduled reports collection found
[2025-06-30T08:20:21.118Z] [INFO] Scheduled reports check completed
[2025-06-30T08:20:21.120Z] [DEBUG] MongoDB connection closed
[2025-06-30T08:20:50.278Z] [INFO] Checking for scheduled reports...
[2025-06-30T08:20:50.963Z] [DEBUG] Connected to MongoDB
[2025-06-30T08:20:51.028Z] [INFO] Found 2 company databases
[2025-06-30T08:20:51.028Z] [DEBUG] Processing company database: company_9jxwph8g
[2025-06-30T08:20:51.082Z] [DEBUG] Finding reports to execute in company_9jxwph8g (current time: 2025-06-30T08:20:51.082Z)
[2025-06-30T08:20:51.135Z] [INFO] Found 0 reports to execute in company_9jxwph8g
[2025-06-30T08:20:51.136Z] [DEBUG] Processing company database: company_ey1a4uyd
[2025-06-30T08:20:51.189Z] [DEBUG] Skipping company_ey1a4uyd: No scheduled reports collection found
[2025-06-30T08:20:51.190Z] [INFO] Scheduled reports check completed
[2025-06-30T08:20:51.192Z] [DEBUG] MongoDB connection closed
[2025-06-30T08:21:20.278Z] [INFO] Checking for scheduled reports...
[2025-06-30T08:21:21.005Z] [DEBUG] Connected to MongoDB
[2025-06-30T08:21:21.070Z] [INFO] Found 2 company databases
[2025-06-30T08:21:21.070Z] [DEBUG] Processing company database: company_9jxwph8g
[2025-06-30T08:21:21.124Z] [DEBUG] Finding reports to execute in company_9jxwph8g (current time: 2025-06-30T08:21:21.124Z)
[2025-06-30T08:21:21.177Z] [INFO] Found 0 reports to execute in company_9jxwph8g
[2025-06-30T08:21:21.177Z] [DEBUG] Processing company database: company_ey1a4uyd
[2025-06-30T08:21:21.230Z] [DEBUG] Skipping company_ey1a4uyd: No scheduled reports collection found
[2025-06-30T08:21:21.231Z] [INFO] Scheduled reports check completed
[2025-06-30T08:21:21.232Z] [DEBUG] MongoDB connection closed
[2025-06-30T08:21:50.278Z] [INFO] Checking for scheduled reports...
[2025-06-30T08:21:50.967Z] [DEBUG] Connected to MongoDB
[2025-06-30T08:21:51.031Z] [INFO] Found 2 company databases
[2025-06-30T08:21:51.032Z] [DEBUG] Processing company database: company_9jxwph8g
[2025-06-30T08:21:51.086Z] [DEBUG] Finding reports to execute in company_9jxwph8g (current time: 2025-06-30T08:21:51.086Z)
[2025-06-30T08:21:51.140Z] [INFO] Found 0 reports to execute in company_9jxwph8g
[2025-06-30T08:21:51.141Z] [DEBUG] Processing company database: company_ey1a4uyd
[2025-06-30T08:21:51.194Z] [DEBUG] Skipping company_ey1a4uyd: No scheduled reports collection found
[2025-06-30T08:21:51.195Z] [INFO] Scheduled reports check completed
[2025-06-30T08:21:51.197Z] [DEBUG] MongoDB connection closed
[2025-06-30T08:22:20.279Z] [INFO] Checking for scheduled reports...
[2025-06-30T08:22:20.882Z] [DEBUG] Connected to MongoDB
[2025-06-30T08:22:20.947Z] [INFO] Found 2 company databases
[2025-06-30T08:22:20.948Z] [DEBUG] Processing company database: company_9jxwph8g
[2025-06-30T08:22:21.003Z] [DEBUG] Finding reports to execute in company_9jxwph8g (current time: 2025-06-30T08:22:21.003Z)
[2025-06-30T08:22:21.057Z] [INFO] Found 0 reports to execute in company_9jxwph8g
[2025-06-30T08:22:21.057Z] [DEBUG] Processing company database: company_ey1a4uyd
[2025-06-30T08:22:21.111Z] [DEBUG] Skipping company_ey1a4uyd: No scheduled reports collection found
[2025-06-30T08:22:21.111Z] [INFO] Scheduled reports check completed
[2025-06-30T08:22:21.114Z] [DEBUG] MongoDB connection closed
[2025-06-30T08:22:50.279Z] [INFO] Checking for scheduled reports...
[2025-06-30T08:22:51.118Z] [DEBUG] Connected to MongoDB
[2025-06-30T08:22:51.184Z] [INFO] Found 2 company databases
[2025-06-30T08:22:51.185Z] [DEBUG] Processing company database: company_9jxwph8g
[2025-06-30T08:22:51.238Z] [DEBUG] Finding reports to execute in company_9jxwph8g (current time: 2025-06-30T08:22:51.238Z)
[2025-06-30T08:22:51.292Z] [INFO] Found 0 reports to execute in company_9jxwph8g
[2025-06-30T08:22:51.292Z] [DEBUG] Processing company database: company_ey1a4uyd
[2025-06-30T08:22:51.468Z] [DEBUG] Skipping company_ey1a4uyd: No scheduled reports collection found
[2025-06-30T08:22:51.469Z] [INFO] Scheduled reports check completed
[2025-06-30T08:22:51.471Z] [DEBUG] MongoDB connection closed
[2025-06-30T08:23:20.279Z] [INFO] Checking for scheduled reports...
[2025-06-30T08:23:20.882Z] [DEBUG] Connected to MongoDB
[2025-06-30T08:23:20.946Z] [INFO] Found 2 company databases
[2025-06-30T08:23:20.946Z] [DEBUG] Processing company database: company_9jxwph8g
[2025-06-30T08:23:21.001Z] [DEBUG] Finding reports to execute in company_9jxwph8g (current time: 2025-06-30T08:23:21.001Z)
[2025-06-30T08:23:21.053Z] [INFO] Found 0 reports to execute in company_9jxwph8g
[2025-06-30T08:23:21.054Z] [DEBUG] Processing company database: company_ey1a4uyd
[2025-06-30T08:23:21.107Z] [DEBUG] Skipping company_ey1a4uyd: No scheduled reports collection found
[2025-06-30T08:23:21.107Z] [INFO] Scheduled reports check completed
[2025-06-30T08:23:21.109Z] [DEBUG] MongoDB connection closed
[2025-06-30T08:23:50.280Z] [INFO] Checking for scheduled reports...
[2025-06-30T08:23:50.959Z] [DEBUG] Connected to MongoDB
[2025-06-30T08:23:51.023Z] [INFO] Found 2 company databases
[2025-06-30T08:23:51.024Z] [DEBUG] Processing company database: company_9jxwph8g
[2025-06-30T08:23:51.077Z] [DEBUG] Finding reports to execute in company_9jxwph8g (current time: 2025-06-30T08:23:51.077Z)
[2025-06-30T08:23:51.130Z] [INFO] Found 0 reports to execute in company_9jxwph8g
[2025-06-30T08:23:51.130Z] [DEBUG] Processing company database: company_ey1a4uyd
[2025-06-30T08:23:51.183Z] [DEBUG] Skipping company_ey1a4uyd: No scheduled reports collection found
[2025-06-30T08:23:51.183Z] [INFO] Scheduled reports check completed
[2025-06-30T08:23:51.184Z] [DEBUG] MongoDB connection closed
[2025-06-30T08:24:20.281Z] [INFO] Checking for scheduled reports...
[2025-06-30T08:24:21.008Z] [DEBUG] Connected to MongoDB
[2025-06-30T08:24:21.073Z] [INFO] Found 2 company databases
[2025-06-30T08:24:21.074Z] [DEBUG] Processing company database: company_9jxwph8g
[2025-06-30T08:24:21.128Z] [DEBUG] Finding reports to execute in company_9jxwph8g (current time: 2025-06-30T08:24:21.128Z)
[2025-06-30T08:24:21.182Z] [INFO] Found 0 reports to execute in company_9jxwph8g
[2025-06-30T08:24:21.183Z] [DEBUG] Processing company database: company_ey1a4uyd
[2025-06-30T08:24:21.236Z] [DEBUG] Skipping company_ey1a4uyd: No scheduled reports collection found
[2025-06-30T08:24:21.236Z] [INFO] Scheduled reports check completed
[2025-06-30T08:24:21.239Z] [DEBUG] MongoDB connection closed
[2025-06-30T08:24:50.281Z] [INFO] Checking for scheduled reports...
[2025-06-30T08:24:50.976Z] [DEBUG] Connected to MongoDB
[2025-06-30T08:24:51.040Z] [INFO] Found 2 company databases
[2025-06-30T08:24:51.041Z] [DEBUG] Processing company database: company_9jxwph8g
[2025-06-30T08:24:51.096Z] [DEBUG] Finding reports to execute in company_9jxwph8g (current time: 2025-06-30T08:24:51.096Z)
[2025-06-30T08:24:51.150Z] [INFO] Found 0 reports to execute in company_9jxwph8g
[2025-06-30T08:24:51.151Z] [DEBUG] Processing company database: company_ey1a4uyd
[2025-06-30T08:24:51.205Z] [DEBUG] Skipping company_ey1a4uyd: No scheduled reports collection found
[2025-06-30T08:24:51.205Z] [INFO] Scheduled reports check completed
[2025-06-30T08:24:51.207Z] [DEBUG] MongoDB connection closed
[2025-06-30T08:25:20.280Z] [INFO] Checking for scheduled reports...
[2025-06-30T08:25:20.891Z] [DEBUG] Connected to MongoDB
[2025-06-30T08:25:20.956Z] [INFO] Found 2 company databases
[2025-06-30T08:25:20.956Z] [DEBUG] Processing company database: company_9jxwph8g
[2025-06-30T08:25:21.010Z] [DEBUG] Finding reports to execute in company_9jxwph8g (current time: 2025-06-30T08:25:21.010Z)
[2025-06-30T08:25:21.063Z] [INFO] Found 0 reports to execute in company_9jxwph8g
[2025-06-30T08:25:21.064Z] [DEBUG] Processing company database: company_ey1a4uyd
[2025-06-30T08:25:21.117Z] [DEBUG] Skipping company_ey1a4uyd: No scheduled reports collection found
[2025-06-30T08:25:21.117Z] [INFO] Scheduled reports check completed
[2025-06-30T08:25:21.118Z] [DEBUG] MongoDB connection closed
[2025-06-30T08:25:50.281Z] [INFO] Checking for scheduled reports...
[2025-06-30T08:25:51.081Z] [DEBUG] Connected to MongoDB
[2025-06-30T08:25:51.151Z] [INFO] Found 2 company databases
[2025-06-30T08:25:51.152Z] [DEBUG] Processing company database: company_9jxwph8g
[2025-06-30T08:25:51.206Z] [DEBUG] Finding reports to execute in company_9jxwph8g (current time: 2025-06-30T08:25:51.206Z)
[2025-06-30T08:25:51.260Z] [INFO] Found 0 reports to execute in company_9jxwph8g
[2025-06-30T08:25:51.261Z] [DEBUG] Processing company database: company_ey1a4uyd
[2025-06-30T08:25:51.315Z] [DEBUG] Skipping company_ey1a4uyd: No scheduled reports collection found
[2025-06-30T08:25:51.316Z] [INFO] Scheduled reports check completed
[2025-06-30T08:25:51.319Z] [DEBUG] MongoDB connection closed
[2025-06-30T08:26:20.281Z] [INFO] Checking for scheduled reports...
[2025-06-30T08:26:20.909Z] [DEBUG] Connected to MongoDB
[2025-06-30T08:26:20.976Z] [INFO] Found 2 company databases
[2025-06-30T08:26:20.976Z] [DEBUG] Processing company database: company_9jxwph8g
[2025-06-30T08:26:21.032Z] [DEBUG] Finding reports to execute in company_9jxwph8g (current time: 2025-06-30T08:26:21.032Z)
[2025-06-30T08:26:21.086Z] [INFO] Found 0 reports to execute in company_9jxwph8g
[2025-06-30T08:26:21.087Z] [DEBUG] Processing company database: company_ey1a4uyd
[2025-06-30T08:26:21.141Z] [DEBUG] Skipping company_ey1a4uyd: No scheduled reports collection found
[2025-06-30T08:26:21.142Z] [INFO] Scheduled reports check completed
[2025-06-30T08:26:21.144Z] [DEBUG] MongoDB connection closed
[2025-06-30T08:26:50.281Z] [INFO] Checking for scheduled reports...
[2025-06-30T08:26:50.897Z] [DEBUG] Connected to MongoDB
[2025-06-30T08:26:50.963Z] [INFO] Found 2 company databases
[2025-06-30T08:26:50.963Z] [DEBUG] Processing company database: company_9jxwph8g
[2025-06-30T08:26:51.017Z] [DEBUG] Finding reports to execute in company_9jxwph8g (current time: 2025-06-30T08:26:51.017Z)
[2025-06-30T08:26:51.070Z] [INFO] Found 0 reports to execute in company_9jxwph8g
[2025-06-30T08:26:51.070Z] [DEBUG] Processing company database: company_ey1a4uyd
[2025-06-30T08:26:51.123Z] [DEBUG] Skipping company_ey1a4uyd: No scheduled reports collection found
[2025-06-30T08:26:51.123Z] [INFO] Scheduled reports check completed
[2025-06-30T08:26:51.125Z] [DEBUG] MongoDB connection closed
[2025-06-30T08:27:20.282Z] [INFO] Checking for scheduled reports...
[2025-06-30T08:27:21.009Z] [DEBUG] Connected to MongoDB
[2025-06-30T08:27:21.074Z] [INFO] Found 2 company databases
[2025-06-30T08:27:21.075Z] [DEBUG] Processing company database: company_9jxwph8g
[2025-06-30T08:27:21.131Z] [DEBUG] Finding reports to execute in company_9jxwph8g (current time: 2025-06-30T08:27:21.131Z)
[2025-06-30T08:27:21.186Z] [INFO] Found 0 reports to execute in company_9jxwph8g
[2025-06-30T08:27:21.187Z] [DEBUG] Processing company database: company_ey1a4uyd
[2025-06-30T08:27:21.240Z] [DEBUG] Skipping company_ey1a4uyd: No scheduled reports collection found
[2025-06-30T08:27:21.241Z] [INFO] Scheduled reports check completed
[2025-06-30T08:27:21.244Z] [DEBUG] MongoDB connection closed
[2025-06-30T08:27:50.281Z] [INFO] Checking for scheduled reports...
[2025-06-30T08:27:50.969Z] [DEBUG] Connected to MongoDB
[2025-06-30T08:27:51.034Z] [INFO] Found 2 company databases
[2025-06-30T08:27:51.034Z] [DEBUG] Processing company database: company_9jxwph8g
[2025-06-30T08:27:51.087Z] [DEBUG] Finding reports to execute in company_9jxwph8g (current time: 2025-06-30T08:27:51.087Z)
[2025-06-30T08:27:51.141Z] [INFO] Found 0 reports to execute in company_9jxwph8g
[2025-06-30T08:27:51.141Z] [DEBUG] Processing company database: company_ey1a4uyd
[2025-06-30T08:27:51.195Z] [DEBUG] Skipping company_ey1a4uyd: No scheduled reports collection found
[2025-06-30T08:27:51.196Z] [INFO] Scheduled reports check completed
[2025-06-30T08:27:51.198Z] [DEBUG] MongoDB connection closed
[2025-06-30T08:28:20.280Z] [INFO] Checking for scheduled reports...
[2025-06-30T08:28:20.953Z] [DEBUG] Connected to MongoDB
[2025-06-30T08:28:21.024Z] [INFO] Found 2 company databases
[2025-06-30T08:28:21.024Z] [DEBUG] Processing company database: company_9jxwph8g
[2025-06-30T08:28:21.086Z] [DEBUG] Finding reports to execute in company_9jxwph8g (current time: 2025-06-30T08:28:21.086Z)
[2025-06-30T08:28:21.142Z] [INFO] Found 0 reports to execute in company_9jxwph8g
[2025-06-30T08:28:21.142Z] [DEBUG] Processing company database: company_ey1a4uyd
[2025-06-30T08:28:21.197Z] [DEBUG] Skipping company_ey1a4uyd: No scheduled reports collection found
[2025-06-30T08:28:21.197Z] [INFO] Scheduled reports check completed
[2025-06-30T08:28:21.200Z] [DEBUG] MongoDB connection closed
[2025-06-30T08:28:50.280Z] [INFO] Checking for scheduled reports...
[2025-06-30T08:28:51.200Z] [DEBUG] Connected to MongoDB
[2025-06-30T08:28:51.265Z] [INFO] Found 2 company databases
[2025-06-30T08:28:51.266Z] [DEBUG] Processing company database: company_9jxwph8g
[2025-06-30T08:28:51.320Z] [DEBUG] Finding reports to execute in company_9jxwph8g (current time: 2025-06-30T08:28:51.320Z)
[2025-06-30T08:28:51.375Z] [INFO] Found 0 reports to execute in company_9jxwph8g
[2025-06-30T08:28:51.376Z] [DEBUG] Processing company database: company_ey1a4uyd
[2025-06-30T08:28:51.429Z] [DEBUG] Skipping company_ey1a4uyd: No scheduled reports collection found
[2025-06-30T08:28:51.429Z] [INFO] Scheduled reports check completed
[2025-06-30T08:28:51.430Z] [DEBUG] MongoDB connection closed
[2025-06-30T08:29:20.281Z] [INFO] Checking for scheduled reports...
[2025-06-30T08:29:20.889Z] [DEBUG] Connected to MongoDB
[2025-06-30T08:29:20.955Z] [INFO] Found 2 company databases
[2025-06-30T08:29:20.956Z] [DEBUG] Processing company database: company_9jxwph8g
[2025-06-30T08:29:21.012Z] [DEBUG] Finding reports to execute in company_9jxwph8g (current time: 2025-06-30T08:29:21.012Z)
[2025-06-30T08:29:21.066Z] [INFO] Found 0 reports to execute in company_9jxwph8g
[2025-06-30T08:29:21.066Z] [DEBUG] Processing company database: company_ey1a4uyd
[2025-06-30T08:29:21.121Z] [DEBUG] Skipping company_ey1a4uyd: No scheduled reports collection found
[2025-06-30T08:29:21.121Z] [INFO] Scheduled reports check completed
[2025-06-30T08:29:21.125Z] [DEBUG] MongoDB connection closed
[2025-06-30T08:29:50.281Z] [INFO] Checking for scheduled reports...
[2025-06-30T08:29:51.036Z] [DEBUG] Connected to MongoDB
[2025-06-30T08:29:51.101Z] [INFO] Found 2 company databases
[2025-06-30T08:29:51.102Z] [DEBUG] Processing company database: company_9jxwph8g
[2025-06-30T08:29:51.157Z] [DEBUG] Finding reports to execute in company_9jxwph8g (current time: 2025-06-30T08:29:51.157Z)
[2025-06-30T08:29:51.211Z] [INFO] Found 0 reports to execute in company_9jxwph8g
[2025-06-30T08:29:51.212Z] [DEBUG] Processing company database: company_ey1a4uyd
[2025-06-30T08:29:51.267Z] [DEBUG] Skipping company_ey1a4uyd: No scheduled reports collection found
[2025-06-30T08:29:51.267Z] [INFO] Scheduled reports check completed
[2025-06-30T08:29:51.270Z] [DEBUG] MongoDB connection closed
[2025-06-30T08:30:20.280Z] [INFO] Checking for scheduled reports...
[2025-06-30T08:30:20.897Z] [DEBUG] Connected to MongoDB
[2025-06-30T08:30:20.961Z] [INFO] Found 2 company databases
[2025-06-30T08:30:20.962Z] [DEBUG] Processing company database: company_9jxwph8g
[2025-06-30T08:30:21.016Z] [DEBUG] Finding reports to execute in company_9jxwph8g (current time: 2025-06-30T08:30:21.016Z)
[2025-06-30T08:30:21.069Z] [INFO] Found 0 reports to execute in company_9jxwph8g
[2025-06-30T08:30:21.070Z] [DEBUG] Processing company database: company_ey1a4uyd
[2025-06-30T08:30:21.124Z] [DEBUG] Skipping company_ey1a4uyd: No scheduled reports collection found
[2025-06-30T08:30:21.124Z] [INFO] Scheduled reports check completed
[2025-06-30T08:30:21.127Z] [DEBUG] MongoDB connection closed
[2025-06-30T08:30:50.281Z] [INFO] Checking for scheduled reports...
[2025-06-30T08:30:50.994Z] [DEBUG] Connected to MongoDB
[2025-06-30T08:30:51.064Z] [INFO] Found 2 company databases
[2025-06-30T08:30:51.065Z] [DEBUG] Processing company database: company_9jxwph8g
[2025-06-30T08:30:51.132Z] [DEBUG] Finding reports to execute in company_9jxwph8g (current time: 2025-06-30T08:30:51.132Z)
[2025-06-30T08:30:51.185Z] [INFO] Found 0 reports to execute in company_9jxwph8g
[2025-06-30T08:30:51.186Z] [DEBUG] Processing company database: company_ey1a4uyd
[2025-06-30T08:30:51.240Z] [DEBUG] Skipping company_ey1a4uyd: No scheduled reports collection found
[2025-06-30T08:30:51.241Z] [INFO] Scheduled reports check completed
[2025-06-30T08:30:51.246Z] [DEBUG] MongoDB connection closed
[2025-06-30T08:31:20.281Z] [INFO] Checking for scheduled reports...
[2025-06-30T08:31:20.890Z] [DEBUG] Connected to MongoDB
[2025-06-30T08:31:20.954Z] [INFO] Found 2 company databases
[2025-06-30T08:31:20.955Z] [DEBUG] Processing company database: company_9jxwph8g
[2025-06-30T08:31:21.009Z] [DEBUG] Finding reports to execute in company_9jxwph8g (current time: 2025-06-30T08:31:21.009Z)
[2025-06-30T08:31:21.063Z] [INFO] Found 0 reports to execute in company_9jxwph8g
[2025-06-30T08:31:21.063Z] [DEBUG] Processing company database: company_ey1a4uyd
[2025-06-30T08:31:21.117Z] [DEBUG] Skipping company_ey1a4uyd: No scheduled reports collection found
[2025-06-30T08:31:21.117Z] [INFO] Scheduled reports check completed
[2025-06-30T08:31:21.121Z] [DEBUG] MongoDB connection closed
[2025-06-30T08:31:50.281Z] [INFO] Checking for scheduled reports...
[2025-06-30T08:31:51.193Z] [DEBUG] Connected to MongoDB
[2025-06-30T08:31:51.257Z] [INFO] Found 2 company databases
[2025-06-30T08:31:51.258Z] [DEBUG] Processing company database: company_9jxwph8g
[2025-06-30T08:31:51.312Z] [DEBUG] Finding reports to execute in company_9jxwph8g (current time: 2025-06-30T08:31:51.312Z)
[2025-06-30T08:31:51.365Z] [INFO] Found 0 reports to execute in company_9jxwph8g
[2025-06-30T08:31:51.366Z] [DEBUG] Processing company database: company_ey1a4uyd
[2025-06-30T08:31:51.419Z] [DEBUG] Skipping company_ey1a4uyd: No scheduled reports collection found
[2025-06-30T08:31:51.420Z] [INFO] Scheduled reports check completed
[2025-06-30T08:31:51.422Z] [DEBUG] MongoDB connection closed
[2025-06-30T08:32:20.281Z] [INFO] Checking for scheduled reports...
[2025-06-30T08:32:20.894Z] [DEBUG] Connected to MongoDB
[2025-06-30T08:32:20.959Z] [INFO] Found 2 company databases
[2025-06-30T08:32:20.960Z] [DEBUG] Processing company database: company_9jxwph8g
[2025-06-30T08:32:21.014Z] [DEBUG] Finding reports to execute in company_9jxwph8g (current time: 2025-06-30T08:32:21.014Z)
[2025-06-30T08:32:21.068Z] [INFO] Found 0 reports to execute in company_9jxwph8g
[2025-06-30T08:32:21.069Z] [DEBUG] Processing company database: company_ey1a4uyd
[2025-06-30T08:32:21.122Z] [DEBUG] Skipping company_ey1a4uyd: No scheduled reports collection found
[2025-06-30T08:32:21.122Z] [INFO] Scheduled reports check completed
[2025-06-30T08:32:21.125Z] [DEBUG] MongoDB connection closed
[2025-06-30T08:32:50.281Z] [INFO] Checking for scheduled reports...
[2025-06-30T08:32:50.996Z] [DEBUG] Connected to MongoDB
[2025-06-30T08:32:51.063Z] [INFO] Found 2 company databases
[2025-06-30T08:32:51.064Z] [DEBUG] Processing company database: company_9jxwph8g
[2025-06-30T08:32:51.118Z] [DEBUG] Finding reports to execute in company_9jxwph8g (current time: 2025-06-30T08:32:51.118Z)
[2025-06-30T08:32:51.172Z] [INFO] Found 0 reports to execute in company_9jxwph8g
[2025-06-30T08:32:51.173Z] [DEBUG] Processing company database: company_ey1a4uyd
[2025-06-30T08:32:51.227Z] [DEBUG] Skipping company_ey1a4uyd: No scheduled reports collection found
[2025-06-30T08:32:51.228Z] [INFO] Scheduled reports check completed
[2025-06-30T08:32:51.230Z] [DEBUG] MongoDB connection closed
[2025-06-30T08:33:20.280Z] [INFO] Checking for scheduled reports...
[2025-06-30T08:33:21.011Z] [DEBUG] Connected to MongoDB
[2025-06-30T08:33:21.076Z] [INFO] Found 2 company databases
[2025-06-30T08:33:21.076Z] [DEBUG] Processing company database: company_9jxwph8g
[2025-06-30T08:33:21.130Z] [DEBUG] Finding reports to execute in company_9jxwph8g (current time: 2025-06-30T08:33:21.130Z)
[2025-06-30T08:33:21.183Z] [INFO] Found 0 reports to execute in company_9jxwph8g
[2025-06-30T08:33:21.184Z] [DEBUG] Processing company database: company_ey1a4uyd
[2025-06-30T08:33:21.237Z] [DEBUG] Skipping company_ey1a4uyd: No scheduled reports collection found
[2025-06-30T08:33:21.238Z] [INFO] Scheduled reports check completed
[2025-06-30T08:33:21.240Z] [DEBUG] MongoDB connection closed
[2025-06-30T08:33:50.280Z] [INFO] Checking for scheduled reports...
[2025-06-30T08:33:50.968Z] [DEBUG] Connected to MongoDB
[2025-06-30T08:33:51.033Z] [INFO] Found 2 company databases
[2025-06-30T08:33:51.034Z] [DEBUG] Processing company database: company_9jxwph8g
[2025-06-30T08:33:51.087Z] [DEBUG] Finding reports to execute in company_9jxwph8g (current time: 2025-06-30T08:33:51.087Z)
[2025-06-30T08:33:51.141Z] [INFO] Found 0 reports to execute in company_9jxwph8g
[2025-06-30T08:33:51.141Z] [DEBUG] Processing company database: company_ey1a4uyd
[2025-06-30T08:33:51.195Z] [DEBUG] Skipping company_ey1a4uyd: No scheduled reports collection found
[2025-06-30T08:33:51.195Z] [INFO] Scheduled reports check completed
[2025-06-30T08:33:51.198Z] [DEBUG] MongoDB connection closed
[2025-06-30T08:34:20.280Z] [INFO] Checking for scheduled reports...
[2025-06-30T08:34:20.893Z] [DEBUG] Connected to MongoDB
[2025-06-30T08:34:20.958Z] [INFO] Found 2 company databases
[2025-06-30T08:34:20.958Z] [DEBUG] Processing company database: company_9jxwph8g
[2025-06-30T08:34:21.013Z] [DEBUG] Finding reports to execute in company_9jxwph8g (current time: 2025-06-30T08:34:21.013Z)
[2025-06-30T08:34:21.066Z] [INFO] Found 0 reports to execute in company_9jxwph8g
[2025-06-30T08:34:21.067Z] [DEBUG] Processing company database: company_ey1a4uyd
[2025-06-30T08:34:21.120Z] [DEBUG] Skipping company_ey1a4uyd: No scheduled reports collection found
[2025-06-30T08:34:21.121Z] [INFO] Scheduled reports check completed
[2025-06-30T08:34:21.123Z] [DEBUG] MongoDB connection closed
[2025-06-30T08:34:50.280Z] [INFO] Checking for scheduled reports...
[2025-06-30T08:34:51.083Z] [DEBUG] Connected to MongoDB
[2025-06-30T08:34:51.148Z] [INFO] Found 2 company databases
[2025-06-30T08:34:51.148Z] [DEBUG] Processing company database: company_9jxwph8g
[2025-06-30T08:34:51.203Z] [DEBUG] Finding reports to execute in company_9jxwph8g (current time: 2025-06-30T08:34:51.203Z)
[2025-06-30T08:34:51.257Z] [INFO] Found 0 reports to execute in company_9jxwph8g
[2025-06-30T08:34:51.258Z] [DEBUG] Processing company database: company_ey1a4uyd
[2025-06-30T08:34:51.311Z] [DEBUG] Skipping company_ey1a4uyd: No scheduled reports collection found
[2025-06-30T08:34:51.312Z] [INFO] Scheduled reports check completed
[2025-06-30T08:34:51.314Z] [DEBUG] MongoDB connection closed
[2025-06-30T08:35:20.280Z] [INFO] Checking for scheduled reports...
[2025-06-30T08:35:20.891Z] [DEBUG] Connected to MongoDB
[2025-06-30T08:35:20.955Z] [INFO] Found 2 company databases
[2025-06-30T08:35:20.956Z] [DEBUG] Processing company database: company_9jxwph8g
[2025-06-30T08:35:21.009Z] [DEBUG] Finding reports to execute in company_9jxwph8g (current time: 2025-06-30T08:35:21.009Z)
[2025-06-30T08:35:21.064Z] [INFO] Found 0 reports to execute in company_9jxwph8g
[2025-06-30T08:35:21.064Z] [DEBUG] Processing company database: company_ey1a4uyd
[2025-06-30T08:35:21.118Z] [DEBUG] Skipping company_ey1a4uyd: No scheduled reports collection found
[2025-06-30T08:35:21.118Z] [INFO] Scheduled reports check completed
[2025-06-30T08:35:21.121Z] [DEBUG] MongoDB connection closed
[2025-06-30T08:35:50.294Z] [INFO] Checking for scheduled reports...
[2025-06-30T08:35:50.981Z] [DEBUG] Connected to MongoDB
[2025-06-30T08:35:51.047Z] [INFO] Found 2 company databases
[2025-06-30T08:35:51.047Z] [DEBUG] Processing company database: company_9jxwph8g
[2025-06-30T08:35:51.102Z] [DEBUG] Finding reports to execute in company_9jxwph8g (current time: 2025-06-30T08:35:51.102Z)
[2025-06-30T08:35:51.154Z] [INFO] Found 0 reports to execute in company_9jxwph8g
[2025-06-30T08:35:51.155Z] [DEBUG] Processing company database: company_ey1a4uyd
[2025-06-30T08:35:51.207Z] [DEBUG] Skipping company_ey1a4uyd: No scheduled reports collection found
[2025-06-30T08:35:51.208Z] [INFO] Scheduled reports check completed
[2025-06-30T08:35:51.210Z] [DEBUG] MongoDB connection closed
[2025-06-30T08:36:20.316Z] [INFO] Checking for scheduled reports...
[2025-06-30T08:36:21.054Z] [DEBUG] Connected to MongoDB
[2025-06-30T08:36:21.124Z] [INFO] Found 2 company databases
[2025-06-30T08:36:21.124Z] [DEBUG] Processing company database: company_9jxwph8g
[2025-06-30T08:36:21.178Z] [DEBUG] Finding reports to execute in company_9jxwph8g (current time: 2025-06-30T08:36:21.178Z)
[2025-06-30T08:36:21.232Z] [INFO] Found 0 reports to execute in company_9jxwph8g
[2025-06-30T08:36:21.233Z] [DEBUG] Processing company database: company_ey1a4uyd
[2025-06-30T08:36:21.292Z] [DEBUG] Skipping company_ey1a4uyd: No scheduled reports collection found
[2025-06-30T08:36:21.293Z] [INFO] Scheduled reports check completed
[2025-06-30T08:36:21.295Z] [DEBUG] MongoDB connection closed
[2025-06-30T08:36:50.320Z] [INFO] Checking for scheduled reports...
[2025-06-30T08:36:51.017Z] [DEBUG] Connected to MongoDB
[2025-06-30T08:36:51.081Z] [INFO] Found 2 company databases
[2025-06-30T08:36:51.081Z] [DEBUG] Processing company database: company_9jxwph8g
[2025-06-30T08:36:51.134Z] [DEBUG] Finding reports to execute in company_9jxwph8g (current time: 2025-06-30T08:36:51.134Z)
[2025-06-30T08:36:51.187Z] [INFO] Found 0 reports to execute in company_9jxwph8g
[2025-06-30T08:36:51.188Z] [DEBUG] Processing company database: company_ey1a4uyd
[2025-06-30T08:36:51.241Z] [DEBUG] Skipping company_ey1a4uyd: No scheduled reports collection found
[2025-06-30T08:36:51.241Z] [INFO] Scheduled reports check completed
[2025-06-30T08:36:51.243Z] [DEBUG] MongoDB connection closed
[2025-06-30T08:37:20.321Z] [INFO] Checking for scheduled reports...
[2025-06-30T08:37:20.932Z] [DEBUG] Connected to MongoDB
[2025-06-30T08:37:20.996Z] [INFO] Found 2 company databases
[2025-06-30T08:37:20.997Z] [DEBUG] Processing company database: company_9jxwph8g
[2025-06-30T08:37:21.051Z] [DEBUG] Finding reports to execute in company_9jxwph8g (current time: 2025-06-30T08:37:21.051Z)
[2025-06-30T08:37:21.104Z] [INFO] Found 0 reports to execute in company_9jxwph8g
[2025-06-30T08:37:21.105Z] [DEBUG] Processing company database: company_ey1a4uyd
[2025-06-30T08:37:21.158Z] [DEBUG] Skipping company_ey1a4uyd: No scheduled reports collection found
[2025-06-30T08:37:21.159Z] [INFO] Scheduled reports check completed
[2025-06-30T08:37:21.161Z] [DEBUG] MongoDB connection closed
[2025-06-30T08:37:50.321Z] [INFO] Checking for scheduled reports...
[2025-06-30T08:37:51.209Z] [DEBUG] Connected to MongoDB
[2025-06-30T08:37:51.274Z] [INFO] Found 2 company databases
[2025-06-30T08:37:51.274Z] [DEBUG] Processing company database: company_9jxwph8g
[2025-06-30T08:37:51.332Z] [DEBUG] Finding reports to execute in company_9jxwph8g (current time: 2025-06-30T08:37:51.332Z)
[2025-06-30T08:37:51.395Z] [INFO] Found 0 reports to execute in company_9jxwph8g
[2025-06-30T08:37:51.396Z] [DEBUG] Processing company database: company_ey1a4uyd
[2025-06-30T08:37:51.451Z] [DEBUG] Skipping company_ey1a4uyd: No scheduled reports collection found
[2025-06-30T08:37:51.452Z] [INFO] Scheduled reports check completed
[2025-06-30T08:37:51.452Z] [DEBUG] MongoDB connection closed
[2025-06-30T08:38:20.322Z] [INFO] Checking for scheduled reports...
[2025-06-30T08:38:20.934Z] [DEBUG] Connected to MongoDB
[2025-06-30T08:38:20.999Z] [INFO] Found 2 company databases
[2025-06-30T08:38:21.000Z] [DEBUG] Processing company database: company_9jxwph8g
[2025-06-30T08:38:21.054Z] [DEBUG] Finding reports to execute in company_9jxwph8g (current time: 2025-06-30T08:38:21.054Z)
[2025-06-30T08:38:21.108Z] [INFO] Found 0 reports to execute in company_9jxwph8g
[2025-06-30T08:38:21.108Z] [DEBUG] Processing company database: company_ey1a4uyd
[2025-06-30T08:38:21.162Z] [DEBUG] Skipping company_ey1a4uyd: No scheduled reports collection found
[2025-06-30T08:38:21.162Z] [INFO] Scheduled reports check completed
[2025-06-30T08:38:21.165Z] [DEBUG] MongoDB connection closed
[2025-06-30T08:38:50.323Z] [INFO] Checking for scheduled reports...
[2025-06-30T08:38:51.018Z] [DEBUG] Connected to MongoDB
[2025-06-30T08:38:51.082Z] [INFO] Found 2 company databases
[2025-06-30T08:38:51.083Z] [DEBUG] Processing company database: company_9jxwph8g
[2025-06-30T08:38:51.137Z] [DEBUG] Finding reports to execute in company_9jxwph8g (current time: 2025-06-30T08:38:51.136Z)
[2025-06-30T08:38:51.190Z] [INFO] Found 0 reports to execute in company_9jxwph8g
[2025-06-30T08:38:51.191Z] [DEBUG] Processing company database: company_ey1a4uyd
[2025-06-30T08:38:51.244Z] [DEBUG] Skipping company_ey1a4uyd: No scheduled reports collection found
[2025-06-30T08:38:51.244Z] [INFO] Scheduled reports check completed
[2025-06-30T08:38:51.246Z] [DEBUG] MongoDB connection closed
[2025-06-30T08:39:20.323Z] [INFO] Checking for scheduled reports...
[2025-06-30T08:39:21.066Z] [DEBUG] Connected to MongoDB
[2025-06-30T08:39:21.130Z] [INFO] Found 2 company databases
[2025-06-30T08:39:21.131Z] [DEBUG] Processing company database: company_9jxwph8g
[2025-06-30T08:39:21.185Z] [DEBUG] Finding reports to execute in company_9jxwph8g (current time: 2025-06-30T08:39:21.185Z)
[2025-06-30T08:39:21.238Z] [INFO] Found 0 reports to execute in company_9jxwph8g
[2025-06-30T08:39:21.238Z] [DEBUG] Processing company database: company_ey1a4uyd
[2025-06-30T08:39:21.291Z] [DEBUG] Skipping company_ey1a4uyd: No scheduled reports collection found
[2025-06-30T08:39:21.292Z] [INFO] Scheduled reports check completed
[2025-06-30T08:39:21.294Z] [DEBUG] MongoDB connection closed
[2025-06-30T08:39:50.324Z] [INFO] Checking for scheduled reports...
[2025-06-30T08:39:51.127Z] [DEBUG] Connected to MongoDB
[2025-06-30T08:39:51.191Z] [INFO] Found 2 company databases
[2025-06-30T08:39:51.192Z] [DEBUG] Processing company database: company_9jxwph8g
[2025-06-30T08:39:51.246Z] [DEBUG] Finding reports to execute in company_9jxwph8g (current time: 2025-06-30T08:39:51.246Z)
[2025-06-30T08:39:51.300Z] [INFO] Found 0 reports to execute in company_9jxwph8g
[2025-06-30T08:39:51.300Z] [DEBUG] Processing company database: company_ey1a4uyd
[2025-06-30T08:39:51.354Z] [DEBUG] Skipping company_ey1a4uyd: No scheduled reports collection found
[2025-06-30T08:39:51.355Z] [INFO] Scheduled reports check completed
[2025-06-30T08:39:51.357Z] [DEBUG] MongoDB connection closed
[2025-06-30T08:40:20.325Z] [INFO] Checking for scheduled reports...
[2025-06-30T08:40:21.291Z] [DEBUG] Connected to MongoDB
[2025-06-30T08:40:21.356Z] [INFO] Found 2 company databases
[2025-06-30T08:40:21.357Z] [DEBUG] Processing company database: company_9jxwph8g
[2025-06-30T08:40:21.692Z] [DEBUG] Finding reports to execute in company_9jxwph8g (current time: 2025-06-30T08:40:21.692Z)
[2025-06-30T08:40:21.746Z] [INFO] Found 0 reports to execute in company_9jxwph8g
[2025-06-30T08:40:21.747Z] [DEBUG] Processing company database: company_ey1a4uyd
[2025-06-30T08:40:21.801Z] [DEBUG] Skipping company_ey1a4uyd: No scheduled reports collection found
[2025-06-30T08:40:21.802Z] [INFO] Scheduled reports check completed
[2025-06-30T08:40:21.804Z] [DEBUG] MongoDB connection closed
[2025-06-30T08:40:50.325Z] [INFO] Checking for scheduled reports...
[2025-06-30T08:40:51.133Z] [DEBUG] Connected to MongoDB
[2025-06-30T08:40:51.197Z] [INFO] Found 2 company databases
[2025-06-30T08:40:51.198Z] [DEBUG] Processing company database: company_9jxwph8g
[2025-06-30T08:40:51.253Z] [DEBUG] Finding reports to execute in company_9jxwph8g (current time: 2025-06-30T08:40:51.253Z)
[2025-06-30T08:40:51.307Z] [INFO] Found 0 reports to execute in company_9jxwph8g
[2025-06-30T08:40:51.308Z] [DEBUG] Processing company database: company_ey1a4uyd
[2025-06-30T08:40:51.362Z] [DEBUG] Skipping company_ey1a4uyd: No scheduled reports collection found
[2025-06-30T08:40:51.362Z] [INFO] Scheduled reports check completed
[2025-06-30T08:40:51.365Z] [DEBUG] MongoDB connection closed
[2025-06-30T08:41:20.325Z] [INFO] Checking for scheduled reports...
[2025-06-30T08:41:20.959Z] [DEBUG] Connected to MongoDB
[2025-06-30T08:41:21.023Z] [INFO] Found 2 company databases
[2025-06-30T08:41:21.024Z] [DEBUG] Processing company database: company_9jxwph8g
[2025-06-30T08:41:21.078Z] [DEBUG] Finding reports to execute in company_9jxwph8g (current time: 2025-06-30T08:41:21.078Z)
[2025-06-30T08:41:21.131Z] [INFO] Found 0 reports to execute in company_9jxwph8g
[2025-06-30T08:41:21.132Z] [DEBUG] Processing company database: company_ey1a4uyd
[2025-06-30T08:41:21.185Z] [DEBUG] Skipping company_ey1a4uyd: No scheduled reports collection found
[2025-06-30T08:41:21.186Z] [INFO] Scheduled reports check completed
[2025-06-30T08:41:21.188Z] [DEBUG] MongoDB connection closed
[2025-06-30T08:41:50.326Z] [INFO] Checking for scheduled reports...
[2025-06-30T08:41:51.027Z] [DEBUG] Connected to MongoDB
[2025-06-30T08:41:51.092Z] [INFO] Found 2 company databases
[2025-06-30T08:41:51.092Z] [DEBUG] Processing company database: company_9jxwph8g
[2025-06-30T08:41:51.146Z] [DEBUG] Finding reports to execute in company_9jxwph8g (current time: 2025-06-30T08:41:51.146Z)
[2025-06-30T08:41:51.201Z] [INFO] Found 0 reports to execute in company_9jxwph8g
[2025-06-30T08:41:51.202Z] [DEBUG] Processing company database: company_ey1a4uyd
[2025-06-30T08:41:51.257Z] [DEBUG] Skipping company_ey1a4uyd: No scheduled reports collection found
[2025-06-30T08:41:51.258Z] [INFO] Scheduled reports check completed
[2025-06-30T08:41:51.259Z] [DEBUG] MongoDB connection closed
[2025-06-30T08:42:20.326Z] [INFO] Checking for scheduled reports...
[2025-06-30T08:42:21.050Z] [DEBUG] Connected to MongoDB
[2025-06-30T08:42:21.117Z] [INFO] Found 2 company databases
[2025-06-30T08:42:21.118Z] [DEBUG] Processing company database: company_9jxwph8g
[2025-06-30T08:42:21.172Z] [DEBUG] Finding reports to execute in company_9jxwph8g (current time: 2025-06-30T08:42:21.172Z)
[2025-06-30T08:42:21.231Z] [INFO] Found 0 reports to execute in company_9jxwph8g
[2025-06-30T08:42:21.232Z] [DEBUG] Processing company database: company_ey1a4uyd
[2025-06-30T08:42:21.292Z] [DEBUG] Skipping company_ey1a4uyd: No scheduled reports collection found
[2025-06-30T08:42:21.293Z] [INFO] Scheduled reports check completed
[2025-06-30T08:42:21.295Z] [DEBUG] MongoDB connection closed
[2025-06-30T08:42:50.327Z] [INFO] Checking for scheduled reports...
[2025-06-30T08:42:51.013Z] [DEBUG] Connected to MongoDB
[2025-06-30T08:42:51.076Z] [INFO] Found 2 company databases
[2025-06-30T08:42:51.077Z] [DEBUG] Processing company database: company_9jxwph8g
[2025-06-30T08:42:51.135Z] [DEBUG] Finding reports to execute in company_9jxwph8g (current time: 2025-06-30T08:42:51.135Z)
[2025-06-30T08:42:51.189Z] [INFO] Found 0 reports to execute in company_9jxwph8g
[2025-06-30T08:42:51.189Z] [DEBUG] Processing company database: company_ey1a4uyd
[2025-06-30T08:42:51.242Z] [DEBUG] Skipping company_ey1a4uyd: No scheduled reports collection found
[2025-06-30T08:42:51.242Z] [INFO] Scheduled reports check completed
[2025-06-30T08:42:51.244Z] [DEBUG] MongoDB connection closed
[2025-06-30T08:43:20.328Z] [INFO] Checking for scheduled reports...
[2025-06-30T08:43:20.933Z] [DEBUG] Connected to MongoDB
[2025-06-30T08:43:20.998Z] [INFO] Found 2 company databases
[2025-06-30T08:43:20.998Z] [DEBUG] Processing company database: company_9jxwph8g
[2025-06-30T08:43:21.052Z] [DEBUG] Finding reports to execute in company_9jxwph8g (current time: 2025-06-30T08:43:21.052Z)
[2025-06-30T08:43:21.105Z] [INFO] Found 0 reports to execute in company_9jxwph8g
[2025-06-30T08:43:21.106Z] [DEBUG] Processing company database: company_ey1a4uyd
[2025-06-30T08:43:21.159Z] [DEBUG] Skipping company_ey1a4uyd: No scheduled reports collection found
[2025-06-30T08:43:21.159Z] [INFO] Scheduled reports check completed
[2025-06-30T08:43:21.162Z] [DEBUG] MongoDB connection closed
[2025-06-30T08:43:50.329Z] [INFO] Checking for scheduled reports...
[2025-06-30T08:43:51.159Z] [DEBUG] Connected to MongoDB
[2025-06-30T08:43:51.225Z] [INFO] Found 2 company databases
[2025-06-30T08:43:51.225Z] [DEBUG] Processing company database: company_9jxwph8g
[2025-06-30T08:43:51.279Z] [DEBUG] Finding reports to execute in company_9jxwph8g (current time: 2025-06-30T08:43:51.279Z)
[2025-06-30T08:43:51.331Z] [INFO] Found 0 reports to execute in company_9jxwph8g
[2025-06-30T08:43:51.332Z] [DEBUG] Processing company database: company_ey1a4uyd
[2025-06-30T08:43:51.384Z] [DEBUG] Skipping company_ey1a4uyd: No scheduled reports collection found
[2025-06-30T08:43:51.385Z] [INFO] Scheduled reports check completed
[2025-06-30T08:43:51.386Z] [DEBUG] MongoDB connection closed
[2025-06-30T08:44:20.330Z] [INFO] Checking for scheduled reports...
[2025-06-30T08:44:20.931Z] [DEBUG] Connected to MongoDB
[2025-06-30T08:44:20.995Z] [INFO] Found 2 company databases
[2025-06-30T08:44:20.995Z] [DEBUG] Processing company database: company_9jxwph8g
[2025-06-30T08:44:21.053Z] [DEBUG] Finding reports to execute in company_9jxwph8g (current time: 2025-06-30T08:44:21.053Z)
[2025-06-30T08:44:21.105Z] [INFO] Found 0 reports to execute in company_9jxwph8g
[2025-06-30T08:44:21.106Z] [DEBUG] Processing company database: company_ey1a4uyd
[2025-06-30T08:44:21.159Z] [DEBUG] Skipping company_ey1a4uyd: No scheduled reports collection found
[2025-06-30T08:44:21.159Z] [INFO] Scheduled reports check completed
[2025-06-30T08:44:21.161Z] [DEBUG] MongoDB connection closed
[2025-06-30T08:44:50.331Z] [INFO] Checking for scheduled reports...
[2025-06-30T08:44:51.015Z] [DEBUG] Connected to MongoDB
[2025-06-30T08:44:51.081Z] [INFO] Found 2 company databases
[2025-06-30T08:44:51.082Z] [DEBUG] Processing company database: company_9jxwph8g
[2025-06-30T08:44:51.136Z] [DEBUG] Finding reports to execute in company_9jxwph8g (current time: 2025-06-30T08:44:51.136Z)
[2025-06-30T08:44:51.189Z] [INFO] Found 0 reports to execute in company_9jxwph8g
[2025-06-30T08:44:51.190Z] [DEBUG] Processing company database: company_ey1a4uyd
[2025-06-30T08:44:51.243Z] [DEBUG] Skipping company_ey1a4uyd: No scheduled reports collection found
[2025-06-30T08:44:51.244Z] [INFO] Scheduled reports check completed
[2025-06-30T08:44:51.246Z] [DEBUG] MongoDB connection closed
[2025-06-30T08:45:20.332Z] [INFO] Checking for scheduled reports...
[2025-06-30T08:45:21.048Z] [DEBUG] Connected to MongoDB
[2025-06-30T08:45:21.112Z] [INFO] Found 2 company databases
[2025-06-30T08:45:21.113Z] [DEBUG] Processing company database: company_9jxwph8g
[2025-06-30T08:45:21.167Z] [DEBUG] Finding reports to execute in company_9jxwph8g (current time: 2025-06-30T08:45:21.167Z)
[2025-06-30T08:45:21.225Z] [INFO] Found 0 reports to execute in company_9jxwph8g
[2025-06-30T08:45:21.225Z] [DEBUG] Processing company database: company_ey1a4uyd
[2025-06-30T08:45:21.279Z] [DEBUG] Skipping company_ey1a4uyd: No scheduled reports collection found
[2025-06-30T08:45:21.280Z] [INFO] Scheduled reports check completed
[2025-06-30T08:45:21.282Z] [DEBUG] MongoDB connection closed
[2025-06-30T08:45:50.333Z] [INFO] Checking for scheduled reports...
[2025-06-30T08:45:51.052Z] [DEBUG] Connected to MongoDB
[2025-06-30T08:45:51.116Z] [INFO] Found 2 company databases
[2025-06-30T08:45:51.117Z] [DEBUG] Processing company database: company_9jxwph8g
[2025-06-30T08:45:51.170Z] [DEBUG] Finding reports to execute in company_9jxwph8g (current time: 2025-06-30T08:45:51.170Z)
[2025-06-30T08:45:51.222Z] [INFO] Found 0 reports to execute in company_9jxwph8g
[2025-06-30T08:45:51.223Z] [DEBUG] Processing company database: company_ey1a4uyd
[2025-06-30T08:45:51.276Z] [DEBUG] Skipping company_ey1a4uyd: No scheduled reports collection found
[2025-06-30T08:45:51.276Z] [INFO] Scheduled reports check completed
[2025-06-30T08:45:51.278Z] [DEBUG] MongoDB connection closed
[2025-06-30T17:26:08.711Z] [INFO] Starting scheduled reports daemon with check interval of 30000ms
[2025-06-30T17:26:08.713Z] [INFO] Checking for scheduled reports...
[2025-06-30T17:26:09.670Z] [DEBUG] Connected to MongoDB
[2025-06-30T17:26:09.736Z] [INFO] Found 2 company databases
[2025-06-30T17:26:09.736Z] [DEBUG] Processing company database: company_9jxwph8g
[2025-06-30T17:26:09.791Z] [DEBUG] Finding reports to execute in company_9jxwph8g (current time: 2025-06-30T17:26:09.791Z)
[2025-06-30T17:26:09.844Z] [INFO] Found 0 reports to execute in company_9jxwph8g
[2025-06-30T17:26:09.845Z] [DEBUG] Processing company database: company_ey1a4uyd
[2025-06-30T17:26:09.898Z] [DEBUG] Skipping company_ey1a4uyd: No scheduled reports collection found
[2025-06-30T17:26:09.898Z] [INFO] Scheduled reports check completed
[2025-06-30T17:26:09.900Z] [DEBUG] MongoDB connection closed
[2025-06-30T17:26:09.901Z] [INFO] Daemon is now running continuously...
[2025-06-30T17:26:39.902Z] [INFO] Checking for scheduled reports...
[2025-06-30T17:26:40.531Z] [DEBUG] Connected to MongoDB
[2025-06-30T17:26:40.599Z] [INFO] Found 2 company databases
[2025-06-30T17:26:40.600Z] [DEBUG] Processing company database: company_9jxwph8g
[2025-06-30T17:26:40.659Z] [DEBUG] Finding reports to execute in company_9jxwph8g (current time: 2025-06-30T17:26:40.659Z)
[2025-06-30T17:26:40.715Z] [INFO] Found 0 reports to execute in company_9jxwph8g
[2025-06-30T17:26:40.716Z] [DEBUG] Processing company database: company_ey1a4uyd
[2025-06-30T17:26:40.773Z] [DEBUG] Skipping company_ey1a4uyd: No scheduled reports collection found
[2025-06-30T17:26:40.773Z] [INFO] Scheduled reports check completed
[2025-06-30T17:26:40.777Z] [DEBUG] MongoDB connection closed
[2025-06-30T17:27:09.903Z] [INFO] Checking for scheduled reports...
[2025-06-30T17:27:10.608Z] [DEBUG] Connected to MongoDB
[2025-06-30T17:27:10.674Z] [INFO] Found 2 company databases
[2025-06-30T17:27:10.675Z] [DEBUG] Processing company database: company_9jxwph8g
[2025-06-30T17:27:10.732Z] [DEBUG] Finding reports to execute in company_9jxwph8g (current time: 2025-06-30T17:27:10.732Z)
[2025-06-30T17:27:10.788Z] [INFO] Found 0 reports to execute in company_9jxwph8g
[2025-06-30T17:27:10.789Z] [DEBUG] Processing company database: company_ey1a4uyd
[2025-06-30T17:27:10.843Z] [DEBUG] Skipping company_ey1a4uyd: No scheduled reports collection found
[2025-06-30T17:27:10.844Z] [INFO] Scheduled reports check completed
[2025-06-30T17:27:10.847Z] [DEBUG] MongoDB connection closed
[2025-06-30T17:27:39.903Z] [INFO] Checking for scheduled reports...
[2025-06-30T17:27:40.629Z] [DEBUG] Connected to MongoDB
[2025-06-30T17:27:40.700Z] [INFO] Found 2 company databases
[2025-06-30T17:27:40.701Z] [DEBUG] Processing company database: company_9jxwph8g
[2025-06-30T17:27:40.757Z] [DEBUG] Finding reports to execute in company_9jxwph8g (current time: 2025-06-30T17:27:40.757Z)
[2025-06-30T17:27:40.812Z] [INFO] Found 0 reports to execute in company_9jxwph8g
[2025-06-30T17:27:40.813Z] [DEBUG] Processing company database: company_ey1a4uyd
[2025-06-30T17:27:40.867Z] [DEBUG] Skipping company_ey1a4uyd: No scheduled reports collection found
[2025-06-30T17:27:40.868Z] [INFO] Scheduled reports check completed
[2025-06-30T17:27:40.871Z] [DEBUG] MongoDB connection closed
[2025-06-30T17:28:09.904Z] [INFO] Checking for scheduled reports...
[2025-06-30T17:28:10.533Z] [DEBUG] Connected to MongoDB
[2025-06-30T17:28:10.600Z] [INFO] Found 2 company databases
[2025-06-30T17:28:10.600Z] [DEBUG] Processing company database: company_9jxwph8g
[2025-06-30T17:28:10.657Z] [DEBUG] Finding reports to execute in company_9jxwph8g (current time: 2025-06-30T17:28:10.657Z)
[2025-06-30T17:28:10.713Z] [INFO] Found 0 reports to execute in company_9jxwph8g
[2025-06-30T17:28:10.714Z] [DEBUG] Processing company database: company_ey1a4uyd
[2025-06-30T17:28:10.769Z] [DEBUG] Skipping company_ey1a4uyd: No scheduled reports collection found
[2025-06-30T17:28:10.770Z] [INFO] Scheduled reports check completed
[2025-06-30T17:28:10.771Z] [DEBUG] MongoDB connection closed
[2025-06-30T17:28:39.905Z] [INFO] Checking for scheduled reports...
[2025-06-30T17:28:40.536Z] [DEBUG] Connected to MongoDB
[2025-06-30T17:28:40.603Z] [INFO] Found 2 company databases
[2025-06-30T17:28:40.604Z] [DEBUG] Processing company database: company_9jxwph8g
[2025-06-30T17:28:40.662Z] [DEBUG] Finding reports to execute in company_9jxwph8g (current time: 2025-06-30T17:28:40.662Z)
[2025-06-30T17:28:40.717Z] [INFO] Found 0 reports to execute in company_9jxwph8g
[2025-06-30T17:28:40.718Z] [DEBUG] Processing company database: company_ey1a4uyd
[2025-06-30T17:28:40.773Z] [DEBUG] Skipping company_ey1a4uyd: No scheduled reports collection found
[2025-06-30T17:28:40.774Z] [INFO] Scheduled reports check completed
[2025-06-30T17:28:40.777Z] [DEBUG] MongoDB connection closed
[2025-06-30T17:29:09.907Z] [INFO] Checking for scheduled reports...
[2025-06-30T17:29:10.710Z] [DEBUG] Connected to MongoDB
[2025-06-30T17:29:10.775Z] [INFO] Found 2 company databases
[2025-06-30T17:29:10.776Z] [DEBUG] Processing company database: company_9jxwph8g
[2025-06-30T17:29:10.830Z] [DEBUG] Finding reports to execute in company_9jxwph8g (current time: 2025-06-30T17:29:10.830Z)
[2025-06-30T17:29:10.885Z] [INFO] Found 0 reports to execute in company_9jxwph8g
[2025-06-30T17:29:10.886Z] [DEBUG] Processing company database: company_ey1a4uyd
[2025-06-30T17:29:10.949Z] [DEBUG] Skipping company_ey1a4uyd: No scheduled reports collection found
[2025-06-30T17:29:10.949Z] [INFO] Scheduled reports check completed
[2025-06-30T17:29:10.952Z] [DEBUG] MongoDB connection closed
[2025-06-30T17:29:39.909Z] [INFO] Checking for scheduled reports...
[2025-06-30T17:29:40.538Z] [DEBUG] Connected to MongoDB
[2025-06-30T17:29:40.607Z] [INFO] Found 2 company databases
[2025-06-30T17:29:40.608Z] [DEBUG] Processing company database: company_9jxwph8g
[2025-06-30T17:29:40.663Z] [DEBUG] Finding reports to execute in company_9jxwph8g (current time: 2025-06-30T17:29:40.663Z)
[2025-06-30T17:29:40.719Z] [INFO] Found 0 reports to execute in company_9jxwph8g
[2025-06-30T17:29:40.720Z] [DEBUG] Processing company database: company_ey1a4uyd
[2025-06-30T17:29:40.775Z] [DEBUG] Skipping company_ey1a4uyd: No scheduled reports collection found
[2025-06-30T17:29:40.775Z] [INFO] Scheduled reports check completed
[2025-06-30T17:29:40.778Z] [DEBUG] MongoDB connection closed
[2025-06-30T17:30:09.910Z] [INFO] Checking for scheduled reports...
[2025-06-30T17:30:10.505Z] [DEBUG] Connected to MongoDB
[2025-06-30T17:30:10.567Z] [INFO] Found 2 company databases
[2025-06-30T17:30:10.567Z] [DEBUG] Processing company database: company_9jxwph8g
[2025-06-30T17:30:10.618Z] [DEBUG] Finding reports to execute in company_9jxwph8g (current time: 2025-06-30T17:30:10.618Z)
[2025-06-30T17:30:10.670Z] [INFO] Found 0 reports to execute in company_9jxwph8g
[2025-06-30T17:30:10.670Z] [DEBUG] Processing company database: company_ey1a4uyd
[2025-06-30T17:30:10.720Z] [DEBUG] Skipping company_ey1a4uyd: No scheduled reports collection found
[2025-06-30T17:30:10.721Z] [INFO] Scheduled reports check completed
[2025-06-30T17:30:10.723Z] [DEBUG] MongoDB connection closed
[2025-06-30T17:30:39.911Z] [INFO] Checking for scheduled reports...
[2025-06-30T17:30:40.716Z] [DEBUG] Connected to MongoDB
[2025-06-30T17:30:40.779Z] [INFO] Found 2 company databases
[2025-06-30T17:30:40.779Z] [DEBUG] Processing company database: company_9jxwph8g
[2025-06-30T17:30:40.830Z] [DEBUG] Finding reports to execute in company_9jxwph8g (current time: 2025-06-30T17:30:40.830Z)
[2025-06-30T17:30:40.880Z] [INFO] Found 0 reports to execute in company_9jxwph8g
[2025-06-30T17:30:40.881Z] [DEBUG] Processing company database: company_ey1a4uyd
[2025-06-30T17:30:40.930Z] [DEBUG] Skipping company_ey1a4uyd: No scheduled reports collection found
[2025-06-30T17:30:40.931Z] [INFO] Scheduled reports check completed
[2025-06-30T17:30:40.935Z] [DEBUG] MongoDB connection closed
[2025-06-30T17:31:09.912Z] [INFO] Checking for scheduled reports...
[2025-06-30T17:31:10.594Z] [DEBUG] Connected to MongoDB
[2025-06-30T17:31:10.655Z] [INFO] Found 2 company databases
[2025-06-30T17:31:10.656Z] [DEBUG] Processing company database: company_9jxwph8g
[2025-06-30T17:31:10.706Z] [DEBUG] Finding reports to execute in company_9jxwph8g (current time: 2025-06-30T17:31:10.706Z)
[2025-06-30T17:31:10.755Z] [INFO] Found 0 reports to execute in company_9jxwph8g
[2025-06-30T17:31:10.756Z] [DEBUG] Processing company database: company_ey1a4uyd
[2025-06-30T17:31:10.805Z] [DEBUG] Skipping company_ey1a4uyd: No scheduled reports collection found
[2025-06-30T17:31:10.806Z] [INFO] Scheduled reports check completed
[2025-06-30T17:31:10.809Z] [DEBUG] MongoDB connection closed
[2025-06-30T17:31:39.913Z] [INFO] Checking for scheduled reports...
[2025-06-30T17:31:40.506Z] [DEBUG] Connected to MongoDB
[2025-06-30T17:31:40.564Z] [INFO] Found 2 company databases
[2025-06-30T17:31:40.565Z] [DEBUG] Processing company database: company_9jxwph8g
[2025-06-30T17:31:40.615Z] [DEBUG] Finding reports to execute in company_9jxwph8g (current time: 2025-06-30T17:31:40.615Z)
[2025-06-30T17:31:40.665Z] [INFO] Found 0 reports to execute in company_9jxwph8g
[2025-06-30T17:31:40.665Z] [DEBUG] Processing company database: company_ey1a4uyd
[2025-06-30T17:31:40.715Z] [DEBUG] Skipping company_ey1a4uyd: No scheduled reports collection found
[2025-06-30T17:31:40.715Z] [INFO] Scheduled reports check completed
[2025-06-30T17:31:40.717Z] [DEBUG] MongoDB connection closed
[2025-06-30T17:32:09.916Z] [INFO] Checking for scheduled reports...
[2025-06-30T17:32:10.687Z] [DEBUG] Connected to MongoDB
[2025-06-30T17:32:10.749Z] [INFO] Found 2 company databases
[2025-06-30T17:32:10.750Z] [DEBUG] Processing company database: company_9jxwph8g
[2025-06-30T17:32:10.801Z] [DEBUG] Finding reports to execute in company_9jxwph8g (current time: 2025-06-30T17:32:10.801Z)
[2025-06-30T17:32:10.851Z] [INFO] Found 0 reports to execute in company_9jxwph8g
[2025-06-30T17:32:10.852Z] [DEBUG] Processing company database: company_ey1a4uyd
[2025-06-30T17:32:10.902Z] [DEBUG] Skipping company_ey1a4uyd: No scheduled reports collection found
[2025-06-30T17:32:10.903Z] [INFO] Scheduled reports check completed
[2025-06-30T17:32:10.905Z] [DEBUG] MongoDB connection closed
[2025-06-30T17:32:39.917Z] [INFO] Checking for scheduled reports...
[2025-06-30T17:32:40.507Z] [DEBUG] Connected to MongoDB
[2025-06-30T17:32:40.568Z] [INFO] Found 2 company databases
[2025-06-30T17:32:40.569Z] [DEBUG] Processing company database: company_9jxwph8g
[2025-06-30T17:32:40.620Z] [DEBUG] Finding reports to execute in company_9jxwph8g (current time: 2025-06-30T17:32:40.620Z)
[2025-06-30T17:32:40.670Z] [INFO] Found 0 reports to execute in company_9jxwph8g
[2025-06-30T17:32:40.670Z] [DEBUG] Processing company database: company_ey1a4uyd
[2025-06-30T17:32:40.720Z] [DEBUG] Skipping company_ey1a4uyd: No scheduled reports collection found
[2025-06-30T17:32:40.721Z] [INFO] Scheduled reports check completed
[2025-06-30T17:32:40.723Z] [DEBUG] MongoDB connection closed
[2025-06-30T17:33:09.918Z] [INFO] Checking for scheduled reports...
[2025-06-30T17:33:10.573Z] [DEBUG] Connected to MongoDB
[2025-06-30T17:33:10.634Z] [INFO] Found 2 company databases
[2025-06-30T17:33:10.635Z] [DEBUG] Processing company database: company_9jxwph8g
[2025-06-30T17:33:10.685Z] [DEBUG] Finding reports to execute in company_9jxwph8g (current time: 2025-06-30T17:33:10.685Z)
[2025-06-30T17:33:10.735Z] [INFO] Found 0 reports to execute in company_9jxwph8g
[2025-06-30T17:33:10.735Z] [DEBUG] Processing company database: company_ey1a4uyd
[2025-06-30T17:33:10.785Z] [DEBUG] Skipping company_ey1a4uyd: No scheduled reports collection found
[2025-06-30T17:33:10.785Z] [INFO] Scheduled reports check completed
[2025-06-30T17:33:10.787Z] [DEBUG] MongoDB connection closed
[2025-06-30T17:33:39.918Z] [INFO] Checking for scheduled reports...
[2025-06-30T17:33:40.615Z] [DEBUG] Connected to MongoDB
[2025-06-30T17:33:40.678Z] [INFO] Found 2 company databases
[2025-06-30T17:33:40.678Z] [DEBUG] Processing company database: company_9jxwph8g
[2025-06-30T17:33:40.729Z] [DEBUG] Finding reports to execute in company_9jxwph8g (current time: 2025-06-30T17:33:40.729Z)
[2025-06-30T17:33:40.780Z] [INFO] Found 0 reports to execute in company_9jxwph8g
[2025-06-30T17:33:40.781Z] [DEBUG] Processing company database: company_ey1a4uyd
[2025-06-30T17:33:40.831Z] [DEBUG] Skipping company_ey1a4uyd: No scheduled reports collection found
[2025-06-30T17:33:40.832Z] [INFO] Scheduled reports check completed
[2025-06-30T17:33:40.833Z] [DEBUG] MongoDB connection closed
[2025-06-30T17:34:09.919Z] [INFO] Checking for scheduled reports...
[2025-06-30T17:34:10.513Z] [DEBUG] Connected to MongoDB
[2025-06-30T17:34:10.574Z] [INFO] Found 2 company databases
[2025-06-30T17:34:10.575Z] [DEBUG] Processing company database: company_9jxwph8g
[2025-06-30T17:34:10.627Z] [DEBUG] Finding reports to execute in company_9jxwph8g (current time: 2025-06-30T17:34:10.627Z)
[2025-06-30T17:34:10.677Z] [INFO] Found 0 reports to execute in company_9jxwph8g
[2025-06-30T17:34:10.677Z] [DEBUG] Processing company database: company_ey1a4uyd
[2025-06-30T17:34:10.727Z] [DEBUG] Skipping company_ey1a4uyd: No scheduled reports collection found
[2025-06-30T17:34:10.728Z] [INFO] Scheduled reports check completed
[2025-06-30T17:34:10.730Z] [DEBUG] MongoDB connection closed
[2025-06-30T17:34:39.920Z] [INFO] Checking for scheduled reports...
[2025-06-30T17:34:40.594Z] [DEBUG] Connected to MongoDB
[2025-06-30T17:34:40.657Z] [INFO] Found 2 company databases
[2025-06-30T17:34:40.657Z] [DEBUG] Processing company database: company_9jxwph8g
[2025-06-30T17:34:40.710Z] [DEBUG] Finding reports to execute in company_9jxwph8g (current time: 2025-06-30T17:34:40.710Z)
[2025-06-30T17:34:40.761Z] [INFO] Found 0 reports to execute in company_9jxwph8g
[2025-06-30T17:34:40.761Z] [DEBUG] Processing company database: company_ey1a4uyd
[2025-06-30T17:34:40.812Z] [DEBUG] Skipping company_ey1a4uyd: No scheduled reports collection found
[2025-06-30T17:34:40.812Z] [INFO] Scheduled reports check completed
[2025-06-30T17:34:40.815Z] [DEBUG] MongoDB connection closed
[2025-06-30T17:35:09.921Z] [INFO] Checking for scheduled reports...
[2025-06-30T17:35:10.809Z] [DEBUG] Connected to MongoDB
[2025-06-30T17:35:10.870Z] [INFO] Found 2 company databases
[2025-06-30T17:35:10.871Z] [DEBUG] Processing company database: company_9jxwph8g
[2025-06-30T17:35:10.922Z] [DEBUG] Finding reports to execute in company_9jxwph8g (current time: 2025-06-30T17:35:10.922Z)
[2025-06-30T17:35:10.973Z] [INFO] Found 0 reports to execute in company_9jxwph8g
[2025-06-30T17:35:10.974Z] [DEBUG] Processing company database: company_ey1a4uyd
[2025-06-30T17:35:11.026Z] [DEBUG] Skipping company_ey1a4uyd: No scheduled reports collection found
[2025-06-30T17:35:11.027Z] [INFO] Scheduled reports check completed
[2025-06-30T17:35:11.029Z] [DEBUG] MongoDB connection closed
[2025-06-30T17:35:39.921Z] [INFO] Checking for scheduled reports...
[2025-06-30T17:35:40.509Z] [DEBUG] Connected to MongoDB
[2025-06-30T17:35:40.573Z] [INFO] Found 2 company databases
[2025-06-30T17:35:40.574Z] [DEBUG] Processing company database: company_9jxwph8g
[2025-06-30T17:35:40.626Z] [DEBUG] Finding reports to execute in company_9jxwph8g (current time: 2025-06-30T17:35:40.626Z)
[2025-06-30T17:35:40.677Z] [INFO] Found 0 reports to execute in company_9jxwph8g
[2025-06-30T17:35:40.678Z] [DEBUG] Processing company database: company_ey1a4uyd
[2025-06-30T17:35:40.729Z] [DEBUG] Skipping company_ey1a4uyd: No scheduled reports collection found
[2025-06-30T17:35:40.730Z] [INFO] Scheduled reports check completed
[2025-06-30T17:35:40.733Z] [DEBUG] MongoDB connection closed
[2025-06-30T17:36:09.922Z] [INFO] Checking for scheduled reports...
[2025-06-30T17:36:10.509Z] [DEBUG] Connected to MongoDB
[2025-06-30T17:36:10.573Z] [INFO] Found 2 company databases
[2025-06-30T17:36:10.574Z] [DEBUG] Processing company database: company_9jxwph8g
[2025-06-30T17:36:10.625Z] [DEBUG] Finding reports to execute in company_9jxwph8g (current time: 2025-06-30T17:36:10.625Z)
[2025-06-30T17:36:10.678Z] [INFO] Found 0 reports to execute in company_9jxwph8g
[2025-06-30T17:36:10.679Z] [DEBUG] Processing company database: company_ey1a4uyd
[2025-06-30T17:36:10.729Z] [DEBUG] Skipping company_ey1a4uyd: No scheduled reports collection found
[2025-06-30T17:36:10.729Z] [INFO] Scheduled reports check completed
[2025-06-30T17:36:10.731Z] [DEBUG] MongoDB connection closed
[2025-06-30T17:36:39.923Z] [INFO] Checking for scheduled reports...
[2025-06-30T17:36:40.698Z] [DEBUG] Connected to MongoDB
[2025-06-30T17:36:40.761Z] [INFO] Found 2 company databases
[2025-06-30T17:36:40.762Z] [DEBUG] Processing company database: company_9jxwph8g
[2025-06-30T17:36:40.814Z] [DEBUG] Finding reports to execute in company_9jxwph8g (current time: 2025-06-30T17:36:40.814Z)
[2025-06-30T17:36:40.869Z] [INFO] Found 0 reports to execute in company_9jxwph8g
[2025-06-30T17:36:40.870Z] [DEBUG] Processing company database: company_ey1a4uyd
[2025-06-30T17:36:40.920Z] [DEBUG] Skipping company_ey1a4uyd: No scheduled reports collection found
[2025-06-30T17:36:40.922Z] [INFO] Scheduled reports check completed
[2025-06-30T17:36:40.924Z] [DEBUG] MongoDB connection closed
[2025-06-30T17:37:09.925Z] [INFO] Checking for scheduled reports...
[2025-06-30T17:37:10.523Z] [DEBUG] Connected to MongoDB
[2025-06-30T17:37:10.582Z] [INFO] Found 2 company databases
[2025-06-30T17:37:10.583Z] [DEBUG] Processing company database: company_9jxwph8g
[2025-06-30T17:37:10.642Z] [DEBUG] Finding reports to execute in company_9jxwph8g (current time: 2025-06-30T17:37:10.642Z)
[2025-06-30T17:37:10.704Z] [INFO] Found 0 reports to execute in company_9jxwph8g
[2025-06-30T17:37:10.704Z] [DEBUG] Processing company database: company_ey1a4uyd
[2025-06-30T17:37:10.756Z] [DEBUG] Skipping company_ey1a4uyd: No scheduled reports collection found
[2025-06-30T17:37:10.757Z] [INFO] Scheduled reports check completed
[2025-06-30T17:37:10.759Z] [DEBUG] MongoDB connection closed
[2025-06-30T17:37:39.926Z] [INFO] Checking for scheduled reports...
[2025-06-30T17:37:40.602Z] [DEBUG] Connected to MongoDB
[2025-06-30T17:37:40.665Z] [INFO] Found 2 company databases
[2025-06-30T17:37:40.666Z] [DEBUG] Processing company database: company_9jxwph8g
[2025-06-30T17:37:40.716Z] [DEBUG] Finding reports to execute in company_9jxwph8g (current time: 2025-06-30T17:37:40.716Z)
[2025-06-30T17:37:40.766Z] [INFO] Found 0 reports to execute in company_9jxwph8g
[2025-06-30T17:37:40.767Z] [DEBUG] Processing company database: company_ey1a4uyd
[2025-06-30T17:37:40.817Z] [DEBUG] Skipping company_ey1a4uyd: No scheduled reports collection found
[2025-06-30T17:37:40.817Z] [INFO] Scheduled reports check completed
[2025-06-30T17:37:40.820Z] [DEBUG] MongoDB connection closed
[2025-06-30T17:38:09.927Z] [INFO] Checking for scheduled reports...
[2025-06-30T17:38:10.634Z] [DEBUG] Connected to MongoDB
[2025-06-30T17:38:10.696Z] [INFO] Found 2 company databases
[2025-06-30T17:38:10.697Z] [DEBUG] Processing company database: company_9jxwph8g
[2025-06-30T17:38:10.749Z] [DEBUG] Finding reports to execute in company_9jxwph8g (current time: 2025-06-30T17:38:10.749Z)
[2025-06-30T17:38:10.800Z] [INFO] Found 0 reports to execute in company_9jxwph8g
[2025-06-30T17:38:10.800Z] [DEBUG] Processing company database: company_ey1a4uyd
[2025-06-30T17:38:10.851Z] [DEBUG] Skipping company_ey1a4uyd: No scheduled reports collection found
[2025-06-30T17:38:10.851Z] [INFO] Scheduled reports check completed
[2025-06-30T17:38:10.855Z] [DEBUG] MongoDB connection closed
[2025-06-30T17:38:39.928Z] [INFO] Checking for scheduled reports...
[2025-06-30T17:38:40.505Z] [DEBUG] Connected to MongoDB
[2025-06-30T17:38:40.567Z] [INFO] Found 2 company databases
[2025-06-30T17:38:40.567Z] [DEBUG] Processing company database: company_9jxwph8g
[2025-06-30T17:38:40.619Z] [DEBUG] Finding reports to execute in company_9jxwph8g (current time: 2025-06-30T17:38:40.619Z)
[2025-06-30T17:38:40.669Z] [INFO] Found 0 reports to execute in company_9jxwph8g
[2025-06-30T17:38:40.670Z] [DEBUG] Processing company database: company_ey1a4uyd
[2025-06-30T17:38:40.720Z] [DEBUG] Skipping company_ey1a4uyd: No scheduled reports collection found
[2025-06-30T17:38:40.721Z] [INFO] Scheduled reports check completed
[2025-06-30T17:38:40.723Z] [DEBUG] MongoDB connection closed
[2025-06-30T17:39:09.929Z] [INFO] Checking for scheduled reports...
[2025-06-30T17:39:10.587Z] [DEBUG] Connected to MongoDB
[2025-06-30T17:39:10.649Z] [INFO] Found 2 company databases
[2025-06-30T17:39:10.650Z] [DEBUG] Processing company database: company_9jxwph8g
[2025-06-30T17:39:10.702Z] [DEBUG] Finding reports to execute in company_9jxwph8g (current time: 2025-06-30T17:39:10.702Z)
[2025-06-30T17:39:10.752Z] [INFO] Found 0 reports to execute in company_9jxwph8g
[2025-06-30T17:39:10.753Z] [DEBUG] Processing company database: company_ey1a4uyd
[2025-06-30T17:39:10.803Z] [DEBUG] Skipping company_ey1a4uyd: No scheduled reports collection found
[2025-06-30T17:39:10.804Z] [INFO] Scheduled reports check completed
[2025-06-30T17:39:10.806Z] [DEBUG] MongoDB connection closed
[2025-06-30T17:39:39.930Z] [INFO] Checking for scheduled reports...
[2025-06-30T17:39:40.832Z] [DEBUG] Connected to MongoDB
[2025-06-30T17:39:40.894Z] [INFO] Found 2 company databases
[2025-06-30T17:39:40.895Z] [DEBUG] Processing company database: company_9jxwph8g
[2025-06-30T17:39:40.946Z] [DEBUG] Finding reports to execute in company_9jxwph8g (current time: 2025-06-30T17:39:40.946Z)
[2025-06-30T17:39:40.996Z] [INFO] Found 0 reports to execute in company_9jxwph8g
[2025-06-30T17:39:40.996Z] [DEBUG] Processing company database: company_ey1a4uyd
[2025-06-30T17:39:41.046Z] [DEBUG] Skipping company_ey1a4uyd: No scheduled reports collection found
[2025-06-30T17:39:41.046Z] [INFO] Scheduled reports check completed
[2025-06-30T17:39:41.049Z] [DEBUG] MongoDB connection closed
[2025-06-30T17:40:09.931Z] [INFO] Checking for scheduled reports...
[2025-06-30T17:40:10.520Z] [DEBUG] Connected to MongoDB
[2025-06-30T17:40:10.583Z] [INFO] Found 2 company databases
[2025-06-30T17:40:10.583Z] [DEBUG] Processing company database: company_9jxwph8g
[2025-06-30T17:40:10.647Z] [DEBUG] Finding reports to execute in company_9jxwph8g (current time: 2025-06-30T17:40:10.647Z)
[2025-06-30T17:40:10.715Z] [INFO] Found 0 reports to execute in company_9jxwph8g
[2025-06-30T17:40:10.715Z] [DEBUG] Processing company database: company_ey1a4uyd
[2025-06-30T17:40:10.771Z] [DEBUG] Skipping company_ey1a4uyd: No scheduled reports collection found
[2025-06-30T17:40:10.771Z] [INFO] Scheduled reports check completed
[2025-06-30T17:40:10.773Z] [DEBUG] MongoDB connection closed
[2025-06-30T17:40:39.932Z] [INFO] Checking for scheduled reports...
[2025-06-30T17:40:40.529Z] [DEBUG] Connected to MongoDB
[2025-06-30T17:40:40.603Z] [INFO] Found 2 company databases
[2025-06-30T17:40:40.603Z] [DEBUG] Processing company database: company_9jxwph8g
[2025-06-30T17:40:40.653Z] [DEBUG] Finding reports to execute in company_9jxwph8g (current time: 2025-06-30T17:40:40.653Z)
[2025-06-30T17:40:40.703Z] [INFO] Found 0 reports to execute in company_9jxwph8g
[2025-06-30T17:40:40.703Z] [DEBUG] Processing company database: company_ey1a4uyd
[2025-06-30T17:40:40.752Z] [DEBUG] Skipping company_ey1a4uyd: No scheduled reports collection found
[2025-06-30T17:40:40.753Z] [INFO] Scheduled reports check completed
[2025-06-30T17:40:40.754Z] [DEBUG] MongoDB connection closed
[2025-06-30T17:41:09.934Z] [INFO] Checking for scheduled reports...
[2025-06-30T17:41:10.683Z] [DEBUG] Connected to MongoDB
[2025-06-30T17:41:10.745Z] [INFO] Found 2 company databases
[2025-06-30T17:41:10.745Z] [DEBUG] Processing company database: company_9jxwph8g
[2025-06-30T17:41:10.796Z] [DEBUG] Finding reports to execute in company_9jxwph8g (current time: 2025-06-30T17:41:10.796Z)
[2025-06-30T17:41:10.846Z] [INFO] Found 0 reports to execute in company_9jxwph8g
[2025-06-30T17:41:10.847Z] [DEBUG] Processing company database: company_ey1a4uyd
[2025-06-30T17:41:10.898Z] [DEBUG] Skipping company_ey1a4uyd: No scheduled reports collection found
[2025-06-30T17:41:10.898Z] [INFO] Scheduled reports check completed
[2025-06-30T17:41:10.901Z] [DEBUG] MongoDB connection closed
[2025-06-30T17:41:39.936Z] [INFO] Checking for scheduled reports...
[2025-06-30T17:41:40.550Z] [DEBUG] Connected to MongoDB
[2025-06-30T17:41:40.611Z] [INFO] Found 2 company databases
[2025-06-30T17:41:40.612Z] [DEBUG] Processing company database: company_9jxwph8g
[2025-06-30T17:41:40.662Z] [DEBUG] Finding reports to execute in company_9jxwph8g (current time: 2025-06-30T17:41:40.662Z)
[2025-06-30T17:41:40.712Z] [INFO] Found 0 reports to execute in company_9jxwph8g
[2025-06-30T17:41:40.712Z] [DEBUG] Processing company database: company_ey1a4uyd
[2025-06-30T17:41:40.761Z] [DEBUG] Skipping company_ey1a4uyd: No scheduled reports collection found
[2025-06-30T17:41:40.762Z] [INFO] Scheduled reports check completed
[2025-06-30T17:41:40.764Z] [DEBUG] MongoDB connection closed
[2025-06-30T17:42:09.937Z] [INFO] Checking for scheduled reports...
[2025-06-30T17:42:10.653Z] [DEBUG] Connected to MongoDB
[2025-06-30T17:42:10.715Z] [INFO] Found 2 company databases
[2025-06-30T17:42:10.715Z] [DEBUG] Processing company database: company_9jxwph8g
[2025-06-30T17:42:10.765Z] [DEBUG] Finding reports to execute in company_9jxwph8g (current time: 2025-06-30T17:42:10.765Z)
[2025-06-30T17:42:10.816Z] [INFO] Found 0 reports to execute in company_9jxwph8g
[2025-06-30T17:42:10.817Z] [DEBUG] Processing company database: company_ey1a4uyd
[2025-06-30T17:42:10.868Z] [DEBUG] Skipping company_ey1a4uyd: No scheduled reports collection found
[2025-06-30T17:42:10.869Z] [INFO] Scheduled reports check completed
[2025-06-30T17:42:10.872Z] [DEBUG] MongoDB connection closed
[2025-06-30T17:42:39.938Z] [INFO] Checking for scheduled reports...
[2025-06-30T17:42:40.670Z] [DEBUG] Connected to MongoDB
[2025-06-30T17:42:40.732Z] [INFO] Found 2 company databases
[2025-06-30T17:42:40.732Z] [DEBUG] Processing company database: company_9jxwph8g
[2025-06-30T17:42:40.782Z] [DEBUG] Finding reports to execute in company_9jxwph8g (current time: 2025-06-30T17:42:40.782Z)
[2025-06-30T17:42:40.832Z] [INFO] Found 0 reports to execute in company_9jxwph8g
[2025-06-30T17:42:40.833Z] [DEBUG] Processing company database: company_ey1a4uyd
[2025-06-30T17:42:40.882Z] [DEBUG] Skipping company_ey1a4uyd: No scheduled reports collection found
[2025-06-30T17:42:40.883Z] [INFO] Scheduled reports check completed
[2025-06-30T17:42:40.885Z] [DEBUG] MongoDB connection closed
[2025-06-30T17:43:09.940Z] [INFO] Checking for scheduled reports...
[2025-06-30T17:43:10.518Z] [DEBUG] Connected to MongoDB
[2025-06-30T17:43:10.579Z] [INFO] Found 2 company databases
[2025-06-30T17:43:10.579Z] [DEBUG] Processing company database: company_9jxwph8g
[2025-06-30T17:43:10.630Z] [DEBUG] Finding reports to execute in company_9jxwph8g (current time: 2025-06-30T17:43:10.630Z)
[2025-06-30T17:43:10.679Z] [INFO] Found 0 reports to execute in company_9jxwph8g
[2025-06-30T17:43:10.680Z] [DEBUG] Processing company database: company_ey1a4uyd
[2025-06-30T17:43:10.729Z] [DEBUG] Skipping company_ey1a4uyd: No scheduled reports collection found
[2025-06-30T17:43:10.730Z] [INFO] Scheduled reports check completed
[2025-06-30T17:43:10.731Z] [DEBUG] MongoDB connection closed
[2025-06-30T17:43:39.941Z] [INFO] Checking for scheduled reports...
[2025-06-30T17:43:40.539Z] [DEBUG] Connected to MongoDB
[2025-06-30T17:43:40.605Z] [INFO] Found 2 company databases
[2025-06-30T17:43:40.606Z] [DEBUG] Processing company database: company_9jxwph8g
[2025-06-30T17:43:40.656Z] [DEBUG] Finding reports to execute in company_9jxwph8g (current time: 2025-06-30T17:43:40.656Z)
[2025-06-30T17:43:40.706Z] [INFO] Found 0 reports to execute in company_9jxwph8g
[2025-06-30T17:43:40.706Z] [DEBUG] Processing company database: company_ey1a4uyd
[2025-06-30T17:43:40.758Z] [DEBUG] Skipping company_ey1a4uyd: No scheduled reports collection found
[2025-06-30T17:43:40.759Z] [INFO] Scheduled reports check completed
[2025-06-30T17:43:40.762Z] [DEBUG] MongoDB connection closed
[2025-06-30T17:44:09.943Z] [INFO] Checking for scheduled reports...
[2025-06-30T17:44:10.709Z] [DEBUG] Connected to MongoDB
[2025-06-30T17:44:10.772Z] [INFO] Found 2 company databases
[2025-06-30T17:44:10.773Z] [DEBUG] Processing company database: company_9jxwph8g
[2025-06-30T17:44:10.824Z] [DEBUG] Finding reports to execute in company_9jxwph8g (current time: 2025-06-30T17:44:10.824Z)
[2025-06-30T17:44:10.874Z] [INFO] Found 0 reports to execute in company_9jxwph8g
[2025-06-30T17:44:10.875Z] [DEBUG] Processing company database: company_ey1a4uyd
[2025-06-30T17:44:10.926Z] [DEBUG] Skipping company_ey1a4uyd: No scheduled reports collection found
[2025-06-30T17:44:10.926Z] [INFO] Scheduled reports check completed
[2025-06-30T17:44:10.929Z] [DEBUG] MongoDB connection closed
[2025-06-30T17:44:39.944Z] [INFO] Checking for scheduled reports...
[2025-06-30T17:44:40.652Z] [DEBUG] Connected to MongoDB
[2025-06-30T17:44:40.713Z] [INFO] Found 2 company databases
[2025-06-30T17:44:40.714Z] [DEBUG] Processing company database: company_9jxwph8g
[2025-06-30T17:44:40.764Z] [DEBUG] Finding reports to execute in company_9jxwph8g (current time: 2025-06-30T17:44:40.764Z)
[2025-06-30T17:44:40.815Z] [INFO] Found 0 reports to execute in company_9jxwph8g
[2025-06-30T17:44:40.816Z] [DEBUG] Processing company database: company_ey1a4uyd
[2025-06-30T17:44:40.867Z] [DEBUG] Skipping company_ey1a4uyd: No scheduled reports collection found
[2025-06-30T17:44:40.868Z] [INFO] Scheduled reports check completed
[2025-06-30T17:44:40.871Z] [DEBUG] MongoDB connection closed
[2025-06-30T17:45:09.945Z] [INFO] Checking for scheduled reports...
[2025-06-30T17:45:10.534Z] [DEBUG] Connected to MongoDB
[2025-06-30T17:45:10.599Z] [INFO] Found 2 company databases
[2025-06-30T17:45:10.600Z] [DEBUG] Processing company database: company_9jxwph8g
[2025-06-30T17:45:10.651Z] [DEBUG] Finding reports to execute in company_9jxwph8g (current time: 2025-06-30T17:45:10.651Z)
[2025-06-30T17:45:10.705Z] [INFO] Found 0 reports to execute in company_9jxwph8g
[2025-06-30T17:45:10.705Z] [DEBUG] Processing company database: company_ey1a4uyd
[2025-06-30T17:45:10.756Z] [DEBUG] Skipping company_ey1a4uyd: No scheduled reports collection found
[2025-06-30T17:45:10.757Z] [INFO] Scheduled reports check completed
[2025-06-30T17:45:10.760Z] [DEBUG] MongoDB connection closed
[2025-06-30T17:45:39.945Z] [INFO] Checking for scheduled reports...
[2025-06-30T17:45:40.686Z] [DEBUG] Connected to MongoDB
[2025-06-30T17:45:40.749Z] [INFO] Found 2 company databases
[2025-06-30T17:45:40.750Z] [DEBUG] Processing company database: company_9jxwph8g
[2025-06-30T17:45:40.801Z] [DEBUG] Finding reports to execute in company_9jxwph8g (current time: 2025-06-30T17:45:40.801Z)
[2025-06-30T17:45:40.850Z] [INFO] Found 0 reports to execute in company_9jxwph8g
[2025-06-30T17:45:40.851Z] [DEBUG] Processing company database: company_ey1a4uyd
[2025-06-30T17:45:40.900Z] [DEBUG] Skipping company_ey1a4uyd: No scheduled reports collection found
[2025-06-30T17:45:40.900Z] [INFO] Scheduled reports check completed
[2025-06-30T17:45:40.902Z] [DEBUG] MongoDB connection closed
[2025-06-30T17:46:09.946Z] [INFO] Checking for scheduled reports...
[2025-06-30T17:46:10.541Z] [DEBUG] Connected to MongoDB
[2025-06-30T17:46:10.603Z] [INFO] Found 2 company databases
[2025-06-30T17:46:10.603Z] [DEBUG] Processing company database: company_9jxwph8g
[2025-06-30T17:46:10.654Z] [DEBUG] Finding reports to execute in company_9jxwph8g (current time: 2025-06-30T17:46:10.654Z)
[2025-06-30T17:46:10.704Z] [INFO] Found 0 reports to execute in company_9jxwph8g
[2025-06-30T17:46:10.705Z] [DEBUG] Processing company database: company_ey1a4uyd
[2025-06-30T17:46:10.755Z] [DEBUG] Skipping company_ey1a4uyd: No scheduled reports collection found
[2025-06-30T17:46:10.756Z] [INFO] Scheduled reports check completed
[2025-06-30T17:46:10.761Z] [DEBUG] MongoDB connection closed
[2025-06-30T17:46:39.946Z] [INFO] Checking for scheduled reports...
[2025-06-30T17:46:40.580Z] [DEBUG] Connected to MongoDB
[2025-06-30T17:46:40.643Z] [INFO] Found 2 company databases
[2025-06-30T17:46:40.643Z] [DEBUG] Processing company database: company_9jxwph8g
[2025-06-30T17:46:40.697Z] [DEBUG] Finding reports to execute in company_9jxwph8g (current time: 2025-06-30T17:46:40.697Z)
[2025-06-30T17:46:40.748Z] [INFO] Found 0 reports to execute in company_9jxwph8g
[2025-06-30T17:46:40.749Z] [DEBUG] Processing company database: company_ey1a4uyd
[2025-06-30T17:46:40.801Z] [DEBUG] Skipping company_ey1a4uyd: No scheduled reports collection found
[2025-06-30T17:46:40.802Z] [INFO] Scheduled reports check completed
[2025-06-30T17:46:40.805Z] [DEBUG] MongoDB connection closed
[2025-06-30T17:47:09.947Z] [INFO] Checking for scheduled reports...
[2025-06-30T17:47:10.737Z] [DEBUG] Connected to MongoDB
[2025-06-30T17:47:10.800Z] [INFO] Found 2 company databases
[2025-06-30T17:47:10.801Z] [DEBUG] Processing company database: company_9jxwph8g
[2025-06-30T17:47:10.851Z] [DEBUG] Finding reports to execute in company_9jxwph8g (current time: 2025-06-30T17:47:10.851Z)
[2025-06-30T17:47:10.901Z] [INFO] Found 0 reports to execute in company_9jxwph8g
[2025-06-30T17:47:10.902Z] [DEBUG] Processing company database: company_ey1a4uyd
[2025-06-30T17:47:10.953Z] [DEBUG] Skipping company_ey1a4uyd: No scheduled reports collection found
[2025-06-30T17:47:10.953Z] [INFO] Scheduled reports check completed
[2025-06-30T17:47:10.956Z] [DEBUG] MongoDB connection closed
[2025-06-30T17:47:39.948Z] [INFO] Checking for scheduled reports...
[2025-06-30T17:47:40.534Z] [DEBUG] Connected to MongoDB
[2025-06-30T17:47:40.596Z] [INFO] Found 2 company databases
[2025-06-30T17:47:40.597Z] [DEBUG] Processing company database: company_9jxwph8g
[2025-06-30T17:47:40.647Z] [DEBUG] Finding reports to execute in company_9jxwph8g (current time: 2025-06-30T17:47:40.647Z)
[2025-06-30T17:47:40.698Z] [INFO] Found 0 reports to execute in company_9jxwph8g
[2025-06-30T17:47:40.699Z] [DEBUG] Processing company database: company_ey1a4uyd
[2025-06-30T17:47:40.748Z] [DEBUG] Skipping company_ey1a4uyd: No scheduled reports collection found
[2025-06-30T17:47:40.749Z] [INFO] Scheduled reports check completed
[2025-06-30T17:47:40.751Z] [DEBUG] MongoDB connection closed
[2025-06-30T17:48:09.949Z] [INFO] Checking for scheduled reports...
[2025-06-30T17:48:10.540Z] [DEBUG] Connected to MongoDB
[2025-06-30T17:48:10.601Z] [INFO] Found 2 company databases
[2025-06-30T17:48:10.602Z] [DEBUG] Processing company database: company_9jxwph8g
[2025-06-30T17:48:10.652Z] [DEBUG] Finding reports to execute in company_9jxwph8g (current time: 2025-06-30T17:48:10.652Z)
[2025-06-30T17:48:10.701Z] [INFO] Found 0 reports to execute in company_9jxwph8g
[2025-06-30T17:48:10.701Z] [DEBUG] Processing company database: company_ey1a4uyd
[2025-06-30T17:48:10.751Z] [DEBUG] Skipping company_ey1a4uyd: No scheduled reports collection found
[2025-06-30T17:48:10.751Z] [INFO] Scheduled reports check completed
[2025-06-30T17:48:10.753Z] [DEBUG] MongoDB connection closed
[2025-06-30T17:48:39.950Z] [INFO] Checking for scheduled reports...
[2025-06-30T17:48:40.757Z] [DEBUG] Connected to MongoDB
[2025-06-30T17:48:40.818Z] [INFO] Found 2 company databases
[2025-06-30T17:48:40.819Z] [DEBUG] Processing company database: company_9jxwph8g
[2025-06-30T17:48:40.870Z] [DEBUG] Finding reports to execute in company_9jxwph8g (current time: 2025-06-30T17:48:40.870Z)
[2025-06-30T17:48:40.921Z] [INFO] Found 0 reports to execute in company_9jxwph8g
[2025-06-30T17:48:40.921Z] [DEBUG] Processing company database: company_ey1a4uyd
[2025-06-30T17:48:40.971Z] [DEBUG] Skipping company_ey1a4uyd: No scheduled reports collection found
[2025-06-30T17:48:40.972Z] [INFO] Scheduled reports check completed
[2025-06-30T17:48:40.974Z] [DEBUG] MongoDB connection closed
[2025-06-30T17:49:09.952Z] [INFO] Checking for scheduled reports...
[2025-06-30T17:49:10.574Z] [DEBUG] Connected to MongoDB
[2025-06-30T17:49:10.648Z] [INFO] Found 2 company databases
[2025-06-30T17:49:10.649Z] [DEBUG] Processing company database: company_9jxwph8g
[2025-06-30T17:49:10.702Z] [DEBUG] Finding reports to execute in company_9jxwph8g (current time: 2025-06-30T17:49:10.702Z)
[2025-06-30T17:49:10.751Z] [INFO] Found 0 reports to execute in company_9jxwph8g
[2025-06-30T17:49:10.752Z] [DEBUG] Processing company database: company_ey1a4uyd
[2025-06-30T17:49:10.801Z] [DEBUG] Skipping company_ey1a4uyd: No scheduled reports collection found
[2025-06-30T17:49:10.802Z] [INFO] Scheduled reports check completed
[2025-06-30T17:49:10.804Z] [DEBUG] MongoDB connection closed
[2025-06-30T17:49:39.953Z] [INFO] Checking for scheduled reports...
[2025-06-30T17:49:40.652Z] [DEBUG] Connected to MongoDB
[2025-06-30T17:49:40.714Z] [INFO] Found 2 company databases
[2025-06-30T17:49:40.714Z] [DEBUG] Processing company database: company_9jxwph8g
[2025-06-30T17:49:40.764Z] [DEBUG] Finding reports to execute in company_9jxwph8g (current time: 2025-06-30T17:49:40.764Z)
[2025-06-30T17:49:40.814Z] [INFO] Found 0 reports to execute in company_9jxwph8g
[2025-06-30T17:49:40.815Z] [DEBUG] Processing company database: company_ey1a4uyd
[2025-06-30T17:49:40.865Z] [DEBUG] Skipping company_ey1a4uyd: No scheduled reports collection found
[2025-06-30T17:49:40.865Z] [INFO] Scheduled reports check completed
[2025-06-30T17:49:40.868Z] [DEBUG] MongoDB connection closed
[2025-06-30T17:50:09.953Z] [INFO] Checking for scheduled reports...
[2025-06-30T17:50:10.684Z] [DEBUG] Connected to MongoDB
[2025-06-30T17:50:10.745Z] [INFO] Found 2 company databases
[2025-06-30T17:50:10.745Z] [DEBUG] Processing company database: company_9jxwph8g
[2025-06-30T17:50:10.796Z] [DEBUG] Finding reports to execute in company_9jxwph8g (current time: 2025-06-30T17:50:10.796Z)
[2025-06-30T17:50:10.845Z] [INFO] Found 0 reports to execute in company_9jxwph8g
[2025-06-30T17:50:10.846Z] [DEBUG] Processing company database: company_ey1a4uyd
[2025-06-30T17:50:10.895Z] [DEBUG] Skipping company_ey1a4uyd: No scheduled reports collection found
[2025-06-30T17:50:10.896Z] [INFO] Scheduled reports check completed
[2025-06-30T17:50:10.898Z] [DEBUG] MongoDB connection closed
[2025-06-30T17:50:39.954Z] [INFO] Checking for scheduled reports...
[2025-06-30T17:50:40.547Z] [DEBUG] Connected to MongoDB
[2025-06-30T17:50:40.610Z] [INFO] Found 2 company databases
[2025-06-30T17:50:40.610Z] [DEBUG] Processing company database: company_9jxwph8g
[2025-06-30T17:50:40.661Z] [DEBUG] Finding reports to execute in company_9jxwph8g (current time: 2025-06-30T17:50:40.661Z)
[2025-06-30T17:50:40.711Z] [INFO] Found 0 reports to execute in company_9jxwph8g
[2025-06-30T17:50:40.712Z] [DEBUG] Processing company database: company_ey1a4uyd
[2025-06-30T17:50:40.761Z] [DEBUG] Skipping company_ey1a4uyd: No scheduled reports collection found
[2025-06-30T17:50:40.762Z] [INFO] Scheduled reports check completed
[2025-06-30T17:50:40.764Z] [DEBUG] MongoDB connection closed
[2025-06-30T17:51:09.955Z] [INFO] Checking for scheduled reports...
[2025-06-30T17:51:10.547Z] [DEBUG] Connected to MongoDB
[2025-06-30T17:51:10.608Z] [INFO] Found 2 company databases
[2025-06-30T17:51:10.608Z] [DEBUG] Processing company database: company_9jxwph8g
[2025-06-30T17:51:10.659Z] [DEBUG] Finding reports to execute in company_9jxwph8g (current time: 2025-06-30T17:51:10.659Z)
[2025-06-30T17:51:10.709Z] [INFO] Found 0 reports to execute in company_9jxwph8g
[2025-06-30T17:51:10.710Z] [DEBUG] Processing company database: company_ey1a4uyd
[2025-06-30T17:51:10.760Z] [DEBUG] Skipping company_ey1a4uyd: No scheduled reports collection found
[2025-06-30T17:51:10.760Z] [INFO] Scheduled reports check completed
[2025-06-30T17:51:10.762Z] [DEBUG] MongoDB connection closed
[2025-06-30T17:51:39.956Z] [INFO] Checking for scheduled reports...
[2025-06-30T17:51:40.724Z] [DEBUG] Connected to MongoDB
[2025-06-30T17:51:40.785Z] [INFO] Found 2 company databases
[2025-06-30T17:51:40.786Z] [DEBUG] Processing company database: company_9jxwph8g
[2025-06-30T17:51:40.837Z] [DEBUG] Finding reports to execute in company_9jxwph8g (current time: 2025-06-30T17:51:40.837Z)
[2025-06-30T17:51:40.887Z] [INFO] Found 0 reports to execute in company_9jxwph8g
[2025-06-30T17:51:40.887Z] [DEBUG] Processing company database: company_ey1a4uyd
[2025-06-30T17:51:40.937Z] [DEBUG] Skipping company_ey1a4uyd: No scheduled reports collection found
[2025-06-30T17:51:40.938Z] [INFO] Scheduled reports check completed
[2025-06-30T17:51:40.940Z] [DEBUG] MongoDB connection closed
[2025-06-30T17:52:09.956Z] [INFO] Checking for scheduled reports...
[2025-06-30T17:52:10.652Z] [DEBUG] Connected to MongoDB
[2025-06-30T17:52:10.714Z] [INFO] Found 2 company databases
[2025-06-30T17:52:10.715Z] [DEBUG] Processing company database: company_9jxwph8g
[2025-06-30T17:52:10.765Z] [DEBUG] Finding reports to execute in company_9jxwph8g (current time: 2025-06-30T17:52:10.765Z)
[2025-06-30T17:52:10.815Z] [INFO] Found 0 reports to execute in company_9jxwph8g
[2025-06-30T17:52:10.816Z] [DEBUG] Processing company database: company_ey1a4uyd
[2025-06-30T17:52:10.865Z] [DEBUG] Skipping company_ey1a4uyd: No scheduled reports collection found
[2025-06-30T17:52:10.865Z] [INFO] Scheduled reports check completed
[2025-06-30T17:52:10.868Z] [DEBUG] MongoDB connection closed
[2025-06-30T17:52:39.957Z] [INFO] Checking for scheduled reports...
[2025-06-30T17:52:40.487Z] [DEBUG] Connected to MongoDB
[2025-06-30T17:52:40.550Z] [INFO] Found 2 company databases
[2025-06-30T17:52:40.550Z] [DEBUG] Processing company database: company_9jxwph8g
[2025-06-30T17:52:40.601Z] [DEBUG] Finding reports to execute in company_9jxwph8g (current time: 2025-06-30T17:52:40.601Z)
[2025-06-30T17:52:40.652Z] [INFO] Found 0 reports to execute in company_9jxwph8g
[2025-06-30T17:52:40.653Z] [DEBUG] Processing company database: company_ey1a4uyd
[2025-06-30T17:52:40.703Z] [DEBUG] Skipping company_ey1a4uyd: No scheduled reports collection found
[2025-06-30T17:52:40.704Z] [INFO] Scheduled reports check completed
[2025-06-30T17:52:40.706Z] [DEBUG] MongoDB connection closed
[2025-06-30T17:53:09.906Z] [INFO] Checking for scheduled reports...
[2025-06-30T17:53:10.667Z] [DEBUG] Connected to MongoDB
[2025-06-30T17:53:10.729Z] [INFO] Found 2 company databases
[2025-06-30T17:53:10.729Z] [DEBUG] Processing company database: company_9jxwph8g
[2025-06-30T17:53:10.780Z] [DEBUG] Finding reports to execute in company_9jxwph8g (current time: 2025-06-30T17:53:10.780Z)
[2025-06-30T17:53:10.830Z] [INFO] Found 0 reports to execute in company_9jxwph8g
[2025-06-30T17:53:10.830Z] [DEBUG] Processing company database: company_ey1a4uyd
[2025-06-30T17:53:10.880Z] [DEBUG] Skipping company_ey1a4uyd: No scheduled reports collection found
[2025-06-30T17:53:10.881Z] [INFO] Scheduled reports check completed
[2025-06-30T17:53:10.883Z] [DEBUG] MongoDB connection closed
[2025-06-30T17:53:39.908Z] [INFO] Checking for scheduled reports...
[2025-06-30T17:53:40.488Z] [DEBUG] Connected to MongoDB
[2025-06-30T17:53:40.558Z] [INFO] Found 2 company databases
[2025-06-30T17:53:40.558Z] [DEBUG] Processing company database: company_9jxwph8g
[2025-06-30T17:53:40.609Z] [DEBUG] Finding reports to execute in company_9jxwph8g (current time: 2025-06-30T17:53:40.609Z)
[2025-06-30T17:53:40.658Z] [INFO] Found 0 reports to execute in company_9jxwph8g
[2025-06-30T17:53:40.659Z] [DEBUG] Processing company database: company_ey1a4uyd
[2025-06-30T17:53:40.708Z] [DEBUG] Skipping company_ey1a4uyd: No scheduled reports collection found
[2025-06-30T17:53:40.709Z] [INFO] Scheduled reports check completed
[2025-06-30T17:53:40.712Z] [DEBUG] MongoDB connection closed
[2025-06-30T17:54:09.909Z] [INFO] Checking for scheduled reports...
[2025-06-30T17:54:10.559Z] [DEBUG] Connected to MongoDB
[2025-06-30T17:54:10.624Z] [INFO] Found 2 company databases
[2025-06-30T17:54:10.625Z] [DEBUG] Processing company database: company_9jxwph8g
[2025-06-30T17:54:10.679Z] [DEBUG] Finding reports to execute in company_9jxwph8g (current time: 2025-06-30T17:54:10.679Z)
[2025-06-30T17:54:10.744Z] [INFO] Found 0 reports to execute in company_9jxwph8g
[2025-06-30T17:54:10.745Z] [DEBUG] Processing company database: company_ey1a4uyd
[2025-06-30T17:54:10.799Z] [DEBUG] Skipping company_ey1a4uyd: No scheduled reports collection found
[2025-06-30T17:54:10.800Z] [INFO] Scheduled reports check completed
[2025-06-30T17:54:10.802Z] [DEBUG] MongoDB connection closed
[2025-06-30T17:54:39.911Z] [INFO] Checking for scheduled reports...
[2025-06-30T17:54:40.689Z] [DEBUG] Connected to MongoDB
[2025-06-30T17:54:40.751Z] [INFO] Found 2 company databases
[2025-06-30T17:54:40.751Z] [DEBUG] Processing company database: company_9jxwph8g
[2025-06-30T17:54:40.803Z] [DEBUG] Finding reports to execute in company_9jxwph8g (current time: 2025-06-30T17:54:40.803Z)
[2025-06-30T17:54:40.853Z] [INFO] Found 0 reports to execute in company_9jxwph8g
[2025-06-30T17:54:40.854Z] [DEBUG] Processing company database: company_ey1a4uyd
[2025-06-30T17:54:40.904Z] [DEBUG] Skipping company_ey1a4uyd: No scheduled reports collection found
[2025-06-30T17:54:40.905Z] [INFO] Scheduled reports check completed
[2025-06-30T17:54:40.907Z] [DEBUG] MongoDB connection closed
[2025-06-30T17:55:09.913Z] [INFO] Checking for scheduled reports...
[2025-06-30T17:55:10.526Z] [DEBUG] Connected to MongoDB
[2025-06-30T17:55:10.591Z] [INFO] Found 2 company databases
[2025-06-30T17:55:10.592Z] [DEBUG] Processing company database: company_9jxwph8g
[2025-06-30T17:55:10.646Z] [DEBUG] Finding reports to execute in company_9jxwph8g (current time: 2025-06-30T17:55:10.646Z)
[2025-06-30T17:55:10.700Z] [INFO] Found 0 reports to execute in company_9jxwph8g
[2025-06-30T17:55:10.700Z] [DEBUG] Processing company database: company_ey1a4uyd
[2025-06-30T17:55:10.754Z] [DEBUG] Skipping company_ey1a4uyd: No scheduled reports collection found
[2025-06-30T17:55:10.754Z] [INFO] Scheduled reports check completed
[2025-06-30T17:55:10.757Z] [DEBUG] MongoDB connection closed
[2025-06-30T17:55:39.913Z] [INFO] Checking for scheduled reports...
[2025-06-30T17:55:40.537Z] [DEBUG] Connected to MongoDB
[2025-06-30T17:55:40.604Z] [INFO] Found 2 company databases
[2025-06-30T17:55:40.605Z] [DEBUG] Processing company database: company_9jxwph8g
[2025-06-30T17:55:40.660Z] [DEBUG] Finding reports to execute in company_9jxwph8g (current time: 2025-06-30T17:55:40.660Z)
[2025-06-30T17:55:40.715Z] [INFO] Found 0 reports to execute in company_9jxwph8g
[2025-06-30T17:55:40.716Z] [DEBUG] Processing company database: company_ey1a4uyd
[2025-06-30T17:55:40.772Z] [DEBUG] Skipping company_ey1a4uyd: No scheduled reports collection found
[2025-06-30T17:55:40.772Z] [INFO] Scheduled reports check completed
[2025-06-30T17:55:40.775Z] [DEBUG] MongoDB connection closed
[2025-06-30T17:56:09.914Z] [INFO] Checking for scheduled reports...
[2025-06-30T17:56:10.736Z] [DEBUG] Connected to MongoDB
[2025-06-30T17:56:10.802Z] [INFO] Found 2 company databases
[2025-06-30T17:56:10.803Z] [DEBUG] Processing company database: company_9jxwph8g
[2025-06-30T17:56:10.857Z] [DEBUG] Finding reports to execute in company_9jxwph8g (current time: 2025-06-30T17:56:10.857Z)
[2025-06-30T17:56:10.911Z] [INFO] Found 0 reports to execute in company_9jxwph8g
[2025-06-30T17:56:10.911Z] [DEBUG] Processing company database: company_ey1a4uyd
[2025-06-30T17:56:10.965Z] [DEBUG] Skipping company_ey1a4uyd: No scheduled reports collection found
[2025-06-30T17:56:10.966Z] [INFO] Scheduled reports check completed
[2025-06-30T17:56:10.968Z] [DEBUG] MongoDB connection closed
[2025-06-30T17:56:39.914Z] [INFO] Checking for scheduled reports...
[2025-06-30T17:56:40.565Z] [DEBUG] Connected to MongoDB
[2025-06-30T17:56:40.631Z] [INFO] Found 2 company databases
[2025-06-30T17:56:40.631Z] [DEBUG] Processing company database: company_9jxwph8g
[2025-06-30T17:56:40.685Z] [DEBUG] Finding reports to execute in company_9jxwph8g (current time: 2025-06-30T17:56:40.685Z)
[2025-06-30T17:56:40.739Z] [INFO] Found 0 reports to execute in company_9jxwph8g
[2025-06-30T17:56:40.740Z] [DEBUG] Processing company database: company_ey1a4uyd
[2025-06-30T17:56:40.794Z] [DEBUG] Skipping company_ey1a4uyd: No scheduled reports collection found
[2025-06-30T17:56:40.795Z] [INFO] Scheduled reports check completed
[2025-06-30T17:56:40.798Z] [DEBUG] MongoDB connection closed
[2025-06-30T17:57:09.913Z] [INFO] Checking for scheduled reports...
[2025-06-30T17:57:10.645Z] [DEBUG] Connected to MongoDB
[2025-06-30T17:57:10.711Z] [INFO] Found 2 company databases
[2025-06-30T17:57:10.712Z] [DEBUG] Processing company database: company_9jxwph8g
[2025-06-30T17:57:10.766Z] [DEBUG] Finding reports to execute in company_9jxwph8g (current time: 2025-06-30T17:57:10.766Z)
[2025-06-30T17:57:10.820Z] [INFO] Found 0 reports to execute in company_9jxwph8g
[2025-06-30T17:57:10.820Z] [DEBUG] Processing company database: company_ey1a4uyd
[2025-06-30T17:57:10.874Z] [DEBUG] Skipping company_ey1a4uyd: No scheduled reports collection found
[2025-06-30T17:57:10.874Z] [INFO] Scheduled reports check completed
[2025-06-30T17:57:10.877Z] [DEBUG] MongoDB connection closed
[2025-06-30T17:57:39.915Z] [INFO] Checking for scheduled reports...
[2025-06-30T17:57:40.698Z] [DEBUG] Connected to MongoDB
[2025-06-30T17:57:40.763Z] [INFO] Found 2 company databases
[2025-06-30T17:57:40.764Z] [DEBUG] Processing company database: company_9jxwph8g
[2025-06-30T17:57:40.819Z] [DEBUG] Finding reports to execute in company_9jxwph8g (current time: 2025-06-30T17:57:40.819Z)
[2025-06-30T17:57:40.873Z] [INFO] Found 0 reports to execute in company_9jxwph8g
[2025-06-30T17:57:40.873Z] [DEBUG] Processing company database: company_ey1a4uyd
[2025-06-30T17:57:40.928Z] [DEBUG] Skipping company_ey1a4uyd: No scheduled reports collection found
[2025-06-30T17:57:40.929Z] [INFO] Scheduled reports check completed
[2025-06-30T17:57:40.932Z] [DEBUG] MongoDB connection closed
[2025-06-30T17:58:09.915Z] [INFO] Checking for scheduled reports...
[2025-06-30T17:58:10.545Z] [DEBUG] Connected to MongoDB
[2025-06-30T17:58:10.610Z] [INFO] Found 2 company databases
[2025-06-30T17:58:10.611Z] [DEBUG] Processing company database: company_9jxwph8g
[2025-06-30T17:58:10.665Z] [DEBUG] Finding reports to execute in company_9jxwph8g (current time: 2025-06-30T17:58:10.665Z)
[2025-06-30T17:58:10.719Z] [INFO] Found 0 reports to execute in company_9jxwph8g
[2025-06-30T17:58:10.720Z] [DEBUG] Processing company database: company_ey1a4uyd
[2025-06-30T17:58:10.774Z] [DEBUG] Skipping company_ey1a4uyd: No scheduled reports collection found
[2025-06-30T17:58:10.775Z] [INFO] Scheduled reports check completed
[2025-06-30T17:58:10.777Z] [DEBUG] MongoDB connection closed
[2025-06-30T17:58:39.916Z] [INFO] Checking for scheduled reports...
[2025-06-30T17:58:40.538Z] [DEBUG] Connected to MongoDB
[2025-06-30T17:58:40.615Z] [INFO] Found 2 company databases
[2025-06-30T17:58:40.616Z] [DEBUG] Processing company database: company_9jxwph8g
[2025-06-30T17:58:40.670Z] [DEBUG] Finding reports to execute in company_9jxwph8g (current time: 2025-06-30T17:58:40.670Z)
[2025-06-30T17:58:40.724Z] [INFO] Found 0 reports to execute in company_9jxwph8g
[2025-06-30T17:58:40.725Z] [DEBUG] Processing company database: company_ey1a4uyd
[2025-06-30T17:58:40.778Z] [DEBUG] Skipping company_ey1a4uyd: No scheduled reports collection found
[2025-06-30T17:58:40.779Z] [INFO] Scheduled reports check completed
[2025-06-30T17:58:40.781Z] [DEBUG] MongoDB connection closed
[2025-06-30T17:59:09.917Z] [INFO] Checking for scheduled reports...
[2025-06-30T17:59:10.725Z] [DEBUG] Connected to MongoDB
[2025-06-30T17:59:10.791Z] [INFO] Found 2 company databases
[2025-06-30T17:59:10.792Z] [DEBUG] Processing company database: company_9jxwph8g
[2025-06-30T17:59:10.846Z] [DEBUG] Finding reports to execute in company_9jxwph8g (current time: 2025-06-30T17:59:10.846Z)
[2025-06-30T17:59:10.901Z] [INFO] Found 0 reports to execute in company_9jxwph8g
[2025-06-30T17:59:10.901Z] [DEBUG] Processing company database: company_ey1a4uyd
[2025-06-30T17:59:10.956Z] [DEBUG] Skipping company_ey1a4uyd: No scheduled reports collection found
[2025-06-30T17:59:10.956Z] [INFO] Scheduled reports check completed
[2025-06-30T17:59:10.959Z] [DEBUG] MongoDB connection closed
[2025-06-30T17:59:39.918Z] [INFO] Checking for scheduled reports...
[2025-06-30T17:59:40.664Z] [DEBUG] Connected to MongoDB
[2025-06-30T17:59:40.733Z] [INFO] Found 2 company databases
[2025-06-30T17:59:40.734Z] [DEBUG] Processing company database: company_9jxwph8g
[2025-06-30T17:59:40.789Z] [DEBUG] Finding reports to execute in company_9jxwph8g (current time: 2025-06-30T17:59:40.789Z)
[2025-06-30T17:59:40.844Z] [INFO] Found 0 reports to execute in company_9jxwph8g
[2025-06-30T17:59:40.845Z] [DEBUG] Processing company database: company_ey1a4uyd
[2025-06-30T17:59:40.899Z] [DEBUG] Skipping company_ey1a4uyd: No scheduled reports collection found
[2025-06-30T17:59:40.899Z] [INFO] Scheduled reports check completed
[2025-06-30T17:59:40.903Z] [DEBUG] MongoDB connection closed
[2025-06-30T18:00:09.919Z] [INFO] Checking for scheduled reports...
[2025-06-30T18:00:10.619Z] [DEBUG] Connected to MongoDB
[2025-06-30T18:00:10.684Z] [INFO] Found 2 company databases
[2025-06-30T18:00:10.685Z] [DEBUG] Processing company database: company_9jxwph8g
[2025-06-30T18:00:10.739Z] [DEBUG] Finding reports to execute in company_9jxwph8g (current time: 2025-06-30T18:00:10.739Z)
[2025-06-30T18:00:10.793Z] [INFO] Found 0 reports to execute in company_9jxwph8g
[2025-06-30T18:00:10.794Z] [DEBUG] Processing company database: company_ey1a4uyd
[2025-06-30T18:00:10.849Z] [DEBUG] Skipping company_ey1a4uyd: No scheduled reports collection found
[2025-06-30T18:00:10.849Z] [INFO] Scheduled reports check completed
[2025-06-30T18:00:10.850Z] [DEBUG] MongoDB connection closed
[2025-06-30T18:00:39.919Z] [INFO] Checking for scheduled reports...
[2025-06-30T18:00:40.882Z] [DEBUG] Connected to MongoDB
[2025-06-30T18:00:40.948Z] [INFO] Found 2 company databases
[2025-06-30T18:00:40.949Z] [DEBUG] Processing company database: company_9jxwph8g
[2025-06-30T18:00:41.004Z] [DEBUG] Finding reports to execute in company_9jxwph8g (current time: 2025-06-30T18:00:41.003Z)
[2025-06-30T18:00:41.057Z] [INFO] Found 0 reports to execute in company_9jxwph8g
[2025-06-30T18:00:41.058Z] [DEBUG] Processing company database: company_ey1a4uyd
[2025-06-30T18:00:41.113Z] [DEBUG] Skipping company_ey1a4uyd: No scheduled reports collection found
[2025-06-30T18:00:41.113Z] [INFO] Scheduled reports check completed
[2025-06-30T18:00:41.117Z] [DEBUG] MongoDB connection closed
[2025-06-30T18:01:09.920Z] [INFO] Checking for scheduled reports...
[2025-06-30T18:01:10.615Z] [DEBUG] Connected to MongoDB
[2025-06-30T18:01:10.680Z] [INFO] Found 2 company databases
[2025-06-30T18:01:10.681Z] [DEBUG] Processing company database: company_9jxwph8g
[2025-06-30T18:01:10.735Z] [DEBUG] Finding reports to execute in company_9jxwph8g (current time: 2025-06-30T18:01:10.735Z)
[2025-06-30T18:01:10.789Z] [INFO] Found 0 reports to execute in company_9jxwph8g
[2025-06-30T18:01:10.789Z] [DEBUG] Processing company database: company_ey1a4uyd
[2025-06-30T18:01:10.843Z] [DEBUG] Skipping company_ey1a4uyd: No scheduled reports collection found
[2025-06-30T18:01:10.843Z] [INFO] Scheduled reports check completed
[2025-06-30T18:01:10.846Z] [DEBUG] MongoDB connection closed
[2025-06-30T18:01:39.922Z] [INFO] Checking for scheduled reports...
[2025-06-30T18:01:40.658Z] [DEBUG] Connected to MongoDB
[2025-06-30T18:01:40.722Z] [INFO] Found 2 company databases
[2025-06-30T18:01:40.722Z] [DEBUG] Processing company database: company_9jxwph8g
[2025-06-30T18:01:40.776Z] [DEBUG] Finding reports to execute in company_9jxwph8g (current time: 2025-06-30T18:01:40.776Z)
[2025-06-30T18:01:40.831Z] [INFO] Found 0 reports to execute in company_9jxwph8g
[2025-06-30T18:01:40.832Z] [DEBUG] Processing company database: company_ey1a4uyd
[2025-06-30T18:01:40.887Z] [DEBUG] Skipping company_ey1a4uyd: No scheduled reports collection found
[2025-06-30T18:01:40.887Z] [INFO] Scheduled reports check completed
[2025-06-30T18:01:40.890Z] [DEBUG] MongoDB connection closed
[2025-06-30T18:02:09.923Z] [INFO] Checking for scheduled reports...
[2025-06-30T18:02:10.727Z] [DEBUG] Connected to MongoDB
[2025-06-30T18:02:10.807Z] [INFO] Found 2 company databases
[2025-06-30T18:02:10.807Z] [DEBUG] Processing company database: company_9jxwph8g
[2025-06-30T18:02:10.862Z] [DEBUG] Finding reports to execute in company_9jxwph8g (current time: 2025-06-30T18:02:10.862Z)
[2025-06-30T18:02:10.915Z] [INFO] Found 0 reports to execute in company_9jxwph8g
[2025-06-30T18:02:10.916Z] [DEBUG] Processing company database: company_ey1a4uyd
[2025-06-30T18:02:10.970Z] [DEBUG] Skipping company_ey1a4uyd: No scheduled reports collection found
[2025-06-30T18:02:10.971Z] [INFO] Scheduled reports check completed
[2025-06-30T18:02:10.973Z] [DEBUG] MongoDB connection closed
[2025-06-30T18:02:39.924Z] [INFO] Checking for scheduled reports...
[2025-06-30T18:02:40.655Z] [DEBUG] Connected to MongoDB
[2025-06-30T18:02:40.719Z] [INFO] Found 2 company databases
[2025-06-30T18:02:40.719Z] [DEBUG] Processing company database: company_9jxwph8g
[2025-06-30T18:02:40.773Z] [DEBUG] Finding reports to execute in company_9jxwph8g (current time: 2025-06-30T18:02:40.773Z)
[2025-06-30T18:02:40.826Z] [INFO] Found 0 reports to execute in company_9jxwph8g
[2025-06-30T18:02:40.826Z] [DEBUG] Processing company database: company_ey1a4uyd
[2025-06-30T18:02:40.879Z] [DEBUG] Skipping company_ey1a4uyd: No scheduled reports collection found
[2025-06-30T18:02:40.880Z] [INFO] Scheduled reports check completed
[2025-06-30T18:02:40.881Z] [DEBUG] MongoDB connection closed
[2025-06-30T18:03:09.926Z] [INFO] Checking for scheduled reports...
[2025-06-30T18:03:10.594Z] [DEBUG] Connected to MongoDB
[2025-06-30T18:03:10.654Z] [INFO] Found 2 company databases
[2025-06-30T18:03:10.654Z] [DEBUG] Processing company database: company_9jxwph8g
[2025-06-30T18:03:10.704Z] [DEBUG] Finding reports to execute in company_9jxwph8g (current time: 2025-06-30T18:03:10.704Z)
[2025-06-30T18:03:10.753Z] [INFO] Found 0 reports to execute in company_9jxwph8g
[2025-06-30T18:03:10.754Z] [DEBUG] Processing company database: company_ey1a4uyd
[2025-06-30T18:03:10.802Z] [DEBUG] Skipping company_ey1a4uyd: No scheduled reports collection found
[2025-06-30T18:03:10.803Z] [INFO] Scheduled reports check completed
[2025-06-30T18:03:10.804Z] [DEBUG] MongoDB connection closed
[2025-06-30T18:03:39.926Z] [INFO] Checking for scheduled reports...
[2025-06-30T18:03:40.745Z] [DEBUG] Connected to MongoDB
[2025-06-30T18:03:40.806Z] [INFO] Found 2 company databases
[2025-06-30T18:03:40.807Z] [DEBUG] Processing company database: company_9jxwph8g
[2025-06-30T18:03:40.858Z] [DEBUG] Finding reports to execute in company_9jxwph8g (current time: 2025-06-30T18:03:40.858Z)
[2025-06-30T18:03:40.908Z] [INFO] Found 0 reports to execute in company_9jxwph8g
[2025-06-30T18:03:40.909Z] [DEBUG] Processing company database: company_ey1a4uyd
[2025-06-30T18:03:40.959Z] [DEBUG] Skipping company_ey1a4uyd: No scheduled reports collection found
[2025-06-30T18:03:40.959Z] [INFO] Scheduled reports check completed
[2025-06-30T18:03:40.961Z] [DEBUG] MongoDB connection closed
[2025-06-30T18:04:09.927Z] [INFO] Checking for scheduled reports...
[2025-06-30T18:04:10.582Z] [DEBUG] Connected to MongoDB
[2025-06-30T18:04:10.641Z] [INFO] Found 2 company databases
[2025-06-30T18:04:10.642Z] [DEBUG] Processing company database: company_9jxwph8g
[2025-06-30T18:04:10.692Z] [DEBUG] Finding reports to execute in company_9jxwph8g (current time: 2025-06-30T18:04:10.692Z)
[2025-06-30T18:04:10.741Z] [INFO] Found 0 reports to execute in company_9jxwph8g
[2025-06-30T18:04:10.741Z] [DEBUG] Processing company database: company_ey1a4uyd
[2025-06-30T18:04:10.790Z] [DEBUG] Skipping company_ey1a4uyd: No scheduled reports collection found
[2025-06-30T18:04:10.790Z] [INFO] Scheduled reports check completed
[2025-06-30T18:04:10.792Z] [DEBUG] MongoDB connection closed
[2025-06-30T18:04:39.928Z] [INFO] Checking for scheduled reports...
[2025-06-30T18:04:40.625Z] [DEBUG] Connected to MongoDB
[2025-06-30T18:04:40.687Z] [INFO] Found 2 company databases
[2025-06-30T18:04:40.687Z] [DEBUG] Processing company database: company_9jxwph8g
[2025-06-30T18:04:40.738Z] [DEBUG] Finding reports to execute in company_9jxwph8g (current time: 2025-06-30T18:04:40.738Z)
[2025-06-30T18:04:40.787Z] [INFO] Found 0 reports to execute in company_9jxwph8g
[2025-06-30T18:04:40.788Z] [DEBUG] Processing company database: company_ey1a4uyd
[2025-06-30T18:04:40.838Z] [DEBUG] Skipping company_ey1a4uyd: No scheduled reports collection found
[2025-06-30T18:04:40.838Z] [INFO] Scheduled reports check completed
[2025-06-30T18:04:40.841Z] [DEBUG] MongoDB connection closed
[2025-06-30T18:05:09.929Z] [INFO] Checking for scheduled reports...
[2025-06-30T18:05:10.701Z] [DEBUG] Connected to MongoDB
[2025-06-30T18:05:10.762Z] [INFO] Found 2 company databases
[2025-06-30T18:05:10.763Z] [DEBUG] Processing company database: company_9jxwph8g
[2025-06-30T18:05:10.813Z] [DEBUG] Finding reports to execute in company_9jxwph8g (current time: 2025-06-30T18:05:10.813Z)
[2025-06-30T18:05:10.863Z] [INFO] Found 0 reports to execute in company_9jxwph8g
[2025-06-30T18:05:10.864Z] [DEBUG] Processing company database: company_ey1a4uyd
[2025-06-30T18:05:10.914Z] [DEBUG] Skipping company_ey1a4uyd: No scheduled reports collection found
[2025-06-30T18:05:10.914Z] [INFO] Scheduled reports check completed
[2025-06-30T18:05:10.916Z] [DEBUG] MongoDB connection closed
[2025-06-30T18:05:39.929Z] [INFO] Checking for scheduled reports...
[2025-06-30T18:05:40.632Z] [DEBUG] Connected to MongoDB
[2025-06-30T18:05:40.694Z] [INFO] Found 2 company databases
[2025-06-30T18:05:40.695Z] [DEBUG] Processing company database: company_9jxwph8g
[2025-06-30T18:05:40.748Z] [DEBUG] Finding reports to execute in company_9jxwph8g (current time: 2025-06-30T18:05:40.748Z)
[2025-06-30T18:05:40.799Z] [INFO] Found 0 reports to execute in company_9jxwph8g
[2025-06-30T18:05:40.799Z] [DEBUG] Processing company database: company_ey1a4uyd
[2025-06-30T18:05:40.849Z] [DEBUG] Skipping company_ey1a4uyd: No scheduled reports collection found
[2025-06-30T18:05:40.850Z] [INFO] Scheduled reports check completed
[2025-06-30T18:05:40.852Z] [DEBUG] MongoDB connection closed
[2025-06-30T18:06:09.930Z] [INFO] Checking for scheduled reports...
[2025-06-30T18:06:10.596Z] [DEBUG] Connected to MongoDB
[2025-06-30T18:06:10.657Z] [INFO] Found 2 company databases
[2025-06-30T18:06:10.658Z] [DEBUG] Processing company database: company_9jxwph8g
[2025-06-30T18:06:10.708Z] [DEBUG] Finding reports to execute in company_9jxwph8g (current time: 2025-06-30T18:06:10.708Z)
[2025-06-30T18:06:10.758Z] [INFO] Found 0 reports to execute in company_9jxwph8g
[2025-06-30T18:06:10.759Z] [DEBUG] Processing company database: company_ey1a4uyd
[2025-06-30T18:06:10.809Z] [DEBUG] Skipping company_ey1a4uyd: No scheduled reports collection found
[2025-06-30T18:06:10.809Z] [INFO] Scheduled reports check completed
[2025-06-30T18:06:10.811Z] [DEBUG] MongoDB connection closed
[2025-06-30T18:06:39.931Z] [INFO] Checking for scheduled reports...
[2025-06-30T18:06:40.731Z] [DEBUG] Connected to MongoDB
[2025-06-30T18:06:40.793Z] [INFO] Found 2 company databases
[2025-06-30T18:06:40.794Z] [DEBUG] Processing company database: company_9jxwph8g
[2025-06-30T18:06:40.844Z] [DEBUG] Finding reports to execute in company_9jxwph8g (current time: 2025-06-30T18:06:40.844Z)
[2025-06-30T18:06:40.894Z] [INFO] Found 0 reports to execute in company_9jxwph8g
[2025-06-30T18:06:40.895Z] [DEBUG] Processing company database: company_ey1a4uyd
[2025-06-30T18:06:40.945Z] [DEBUG] Skipping company_ey1a4uyd: No scheduled reports collection found
[2025-06-30T18:06:40.945Z] [INFO] Scheduled reports check completed
[2025-06-30T18:06:40.948Z] [DEBUG] MongoDB connection closed
[2025-06-30T18:07:09.931Z] [INFO] Checking for scheduled reports...
[2025-06-30T18:07:10.584Z] [DEBUG] Connected to MongoDB
[2025-06-30T18:07:10.646Z] [INFO] Found 2 company databases
[2025-06-30T18:07:10.647Z] [DEBUG] Processing company database: company_9jxwph8g
[2025-06-30T18:07:10.699Z] [DEBUG] Finding reports to execute in company_9jxwph8g (current time: 2025-06-30T18:07:10.699Z)
[2025-06-30T18:07:10.749Z] [INFO] Found 0 reports to execute in company_9jxwph8g
[2025-06-30T18:07:10.750Z] [DEBUG] Processing company database: company_ey1a4uyd
[2025-06-30T18:07:10.800Z] [DEBUG] Skipping company_ey1a4uyd: No scheduled reports collection found
[2025-06-30T18:07:10.800Z] [INFO] Scheduled reports check completed
[2025-06-30T18:07:10.803Z] [DEBUG] MongoDB connection closed
[2025-06-30T18:07:39.933Z] [INFO] Checking for scheduled reports...
[2025-06-30T18:07:40.627Z] [DEBUG] Connected to MongoDB
[2025-06-30T18:07:40.690Z] [INFO] Found 2 company databases
[2025-06-30T18:07:40.690Z] [DEBUG] Processing company database: company_9jxwph8g
[2025-06-30T18:07:40.741Z] [DEBUG] Finding reports to execute in company_9jxwph8g (current time: 2025-06-30T18:07:40.741Z)
[2025-06-30T18:07:40.792Z] [INFO] Found 0 reports to execute in company_9jxwph8g
[2025-06-30T18:07:40.794Z] [DEBUG] Processing company database: company_ey1a4uyd
[2025-06-30T18:07:40.844Z] [DEBUG] Skipping company_ey1a4uyd: No scheduled reports collection found
[2025-06-30T18:07:40.845Z] [INFO] Scheduled reports check completed
[2025-06-30T18:07:40.847Z] [DEBUG] MongoDB connection closed
[2025-06-30T18:08:09.933Z] [INFO] Checking for scheduled reports...
[2025-06-30T18:08:10.705Z] [DEBUG] Connected to MongoDB
[2025-06-30T18:08:10.769Z] [INFO] Found 2 company databases
[2025-06-30T18:08:10.770Z] [DEBUG] Processing company database: company_9jxwph8g
[2025-06-30T18:08:10.822Z] [DEBUG] Finding reports to execute in company_9jxwph8g (current time: 2025-06-30T18:08:10.822Z)
[2025-06-30T18:08:10.875Z] [INFO] Found 0 reports to execute in company_9jxwph8g
[2025-06-30T18:08:10.875Z] [DEBUG] Processing company database: company_ey1a4uyd
[2025-06-30T18:08:10.926Z] [DEBUG] Skipping company_ey1a4uyd: No scheduled reports collection found
[2025-06-30T18:08:10.926Z] [INFO] Scheduled reports check completed
[2025-06-30T18:08:10.930Z] [DEBUG] MongoDB connection closed
[2025-06-30T18:08:39.935Z] [INFO] Checking for scheduled reports...
[2025-06-30T18:08:40.629Z] [DEBUG] Connected to MongoDB
[2025-06-30T18:08:40.691Z] [INFO] Found 2 company databases
[2025-06-30T18:08:40.692Z] [DEBUG] Processing company database: company_9jxwph8g
[2025-06-30T18:08:40.743Z] [DEBUG] Finding reports to execute in company_9jxwph8g (current time: 2025-06-30T18:08:40.743Z)
[2025-06-30T18:08:40.795Z] [INFO] Found 0 reports to execute in company_9jxwph8g
[2025-06-30T18:08:40.797Z] [DEBUG] Processing company database: company_ey1a4uyd
[2025-06-30T18:08:40.848Z] [DEBUG] Skipping company_ey1a4uyd: No scheduled reports collection found
[2025-06-30T18:08:40.848Z] [INFO] Scheduled reports check completed
[2025-06-30T18:08:40.849Z] [DEBUG] MongoDB connection closed
[2025-06-30T18:09:09.935Z] [INFO] Checking for scheduled reports...
[2025-06-30T18:09:10.621Z] [DEBUG] Connected to MongoDB
[2025-06-30T18:09:10.682Z] [INFO] Found 2 company databases
[2025-06-30T18:09:10.683Z] [DEBUG] Processing company database: company_9jxwph8g
[2025-06-30T18:09:10.733Z] [DEBUG] Finding reports to execute in company_9jxwph8g (current time: 2025-06-30T18:09:10.733Z)
[2025-06-30T18:09:10.783Z] [INFO] Found 0 reports to execute in company_9jxwph8g
[2025-06-30T18:09:10.783Z] [DEBUG] Processing company database: company_ey1a4uyd
[2025-06-30T18:09:10.833Z] [DEBUG] Skipping company_ey1a4uyd: No scheduled reports collection found
[2025-06-30T18:09:10.833Z] [INFO] Scheduled reports check completed
[2025-06-30T18:09:10.836Z] [DEBUG] MongoDB connection closed
[2025-06-30T18:09:39.935Z] [INFO] Checking for scheduled reports...
[2025-06-30T18:09:40.816Z] [DEBUG] Connected to MongoDB
[2025-06-30T18:09:40.877Z] [INFO] Found 2 company databases
[2025-06-30T18:09:40.878Z] [DEBUG] Processing company database: company_9jxwph8g
[2025-06-30T18:09:40.928Z] [DEBUG] Finding reports to execute in company_9jxwph8g (current time: 2025-06-30T18:09:40.928Z)
[2025-06-30T18:09:40.978Z] [INFO] Found 0 reports to execute in company_9jxwph8g
[2025-06-30T18:09:40.978Z] [DEBUG] Processing company database: company_ey1a4uyd
[2025-06-30T18:09:41.028Z] [DEBUG] Skipping company_ey1a4uyd: No scheduled reports collection found
[2025-06-30T18:09:41.028Z] [INFO] Scheduled reports check completed
[2025-06-30T18:09:41.031Z] [DEBUG] MongoDB connection closed
[2025-06-30T18:10:09.935Z] [INFO] Checking for scheduled reports...
[2025-06-30T18:10:10.591Z] [DEBUG] Connected to MongoDB
[2025-06-30T18:10:10.651Z] [INFO] Found 2 company databases
[2025-06-30T18:10:10.651Z] [DEBUG] Processing company database: company_9jxwph8g
[2025-06-30T18:10:10.701Z] [DEBUG] Finding reports to execute in company_9jxwph8g (current time: 2025-06-30T18:10:10.701Z)
[2025-06-30T18:10:10.750Z] [INFO] Found 0 reports to execute in company_9jxwph8g
[2025-06-30T18:10:10.750Z] [DEBUG] Processing company database: company_ey1a4uyd
[2025-06-30T18:10:10.799Z] [DEBUG] Skipping company_ey1a4uyd: No scheduled reports collection found
[2025-06-30T18:10:10.799Z] [INFO] Scheduled reports check completed
[2025-06-30T18:10:10.800Z] [DEBUG] MongoDB connection closed
[2025-06-30T18:10:39.935Z] [INFO] Checking for scheduled reports...
[2025-06-30T18:10:40.644Z] [DEBUG] Connected to MongoDB
[2025-06-30T18:10:40.704Z] [INFO] Found 2 company databases
[2025-06-30T18:10:40.705Z] [DEBUG] Processing company database: company_9jxwph8g
[2025-06-30T18:10:40.755Z] [DEBUG] Finding reports to execute in company_9jxwph8g (current time: 2025-06-30T18:10:40.755Z)
[2025-06-30T18:10:40.805Z] [INFO] Found 0 reports to execute in company_9jxwph8g
[2025-06-30T18:10:40.806Z] [DEBUG] Processing company database: company_ey1a4uyd
[2025-06-30T18:10:40.855Z] [DEBUG] Skipping company_ey1a4uyd: No scheduled reports collection found
[2025-06-30T18:10:40.856Z] [INFO] Scheduled reports check completed
[2025-06-30T18:10:40.858Z] [DEBUG] MongoDB connection closed
[2025-06-30T18:11:09.936Z] [INFO] Checking for scheduled reports...
[2025-06-30T18:11:10.717Z] [DEBUG] Connected to MongoDB
[2025-06-30T18:11:10.778Z] [INFO] Found 2 company databases
[2025-06-30T18:11:10.779Z] [DEBUG] Processing company database: company_9jxwph8g
[2025-06-30T18:11:10.829Z] [DEBUG] Finding reports to execute in company_9jxwph8g (current time: 2025-06-30T18:11:10.829Z)
[2025-06-30T18:11:10.882Z] [INFO] Found 0 reports to execute in company_9jxwph8g
[2025-06-30T18:11:10.882Z] [DEBUG] Processing company database: company_ey1a4uyd
[2025-06-30T18:11:10.936Z] [DEBUG] Skipping company_ey1a4uyd: No scheduled reports collection found
[2025-06-30T18:11:10.937Z] [INFO] Scheduled reports check completed
[2025-06-30T18:11:10.939Z] [DEBUG] MongoDB connection closed
[2025-06-30T18:11:39.937Z] [INFO] Checking for scheduled reports...
[2025-06-30T18:11:40.647Z] [DEBUG] Connected to MongoDB
[2025-06-30T18:11:40.706Z] [INFO] Found 2 company databases
[2025-06-30T18:11:40.706Z] [DEBUG] Processing company database: company_9jxwph8g
[2025-06-30T18:11:40.755Z] [DEBUG] Finding reports to execute in company_9jxwph8g (current time: 2025-06-30T18:11:40.755Z)
[2025-06-30T18:11:40.804Z] [INFO] Found 0 reports to execute in company_9jxwph8g
[2025-06-30T18:11:40.805Z] [DEBUG] Processing company database: company_ey1a4uyd
[2025-06-30T18:11:40.854Z] [DEBUG] Skipping company_ey1a4uyd: No scheduled reports collection found
[2025-06-30T18:11:40.855Z] [INFO] Scheduled reports check completed
[2025-06-30T18:11:40.857Z] [DEBUG] MongoDB connection closed
[2025-06-30T18:12:09.938Z] [INFO] Checking for scheduled reports...
[2025-06-30T18:12:10.595Z] [DEBUG] Connected to MongoDB
[2025-06-30T18:12:10.656Z] [INFO] Found 2 company databases
[2025-06-30T18:12:10.657Z] [DEBUG] Processing company database: company_9jxwph8g
[2025-06-30T18:12:10.707Z] [DEBUG] Finding reports to execute in company_9jxwph8g (current time: 2025-06-30T18:12:10.707Z)
[2025-06-30T18:12:10.757Z] [INFO] Found 0 reports to execute in company_9jxwph8g
[2025-06-30T18:12:10.757Z] [DEBUG] Processing company database: company_ey1a4uyd
[2025-06-30T18:12:10.807Z] [DEBUG] Skipping company_ey1a4uyd: No scheduled reports collection found
[2025-06-30T18:12:10.808Z] [INFO] Scheduled reports check completed
[2025-06-30T18:12:10.810Z] [DEBUG] MongoDB connection closed
[2025-06-30T18:12:39.938Z] [INFO] Checking for scheduled reports...
[2025-06-30T18:12:40.820Z] [DEBUG] Connected to MongoDB
[2025-06-30T18:12:40.878Z] [INFO] Found 2 company databases
[2025-06-30T18:12:40.879Z] [DEBUG] Processing company database: company_9jxwph8g
[2025-06-30T18:12:40.928Z] [DEBUG] Finding reports to execute in company_9jxwph8g (current time: 2025-06-30T18:12:40.928Z)
[2025-06-30T18:12:40.977Z] [INFO] Found 0 reports to execute in company_9jxwph8g
[2025-06-30T18:12:40.978Z] [DEBUG] Processing company database: company_ey1a4uyd
[2025-06-30T18:12:41.028Z] [DEBUG] Skipping company_ey1a4uyd: No scheduled reports collection found
[2025-06-30T18:12:41.028Z] [INFO] Scheduled reports check completed
[2025-06-30T18:12:41.031Z] [DEBUG] MongoDB connection closed
[2025-06-30T18:13:09.938Z] [INFO] Checking for scheduled reports...
[2025-06-30T18:13:10.595Z] [DEBUG] Connected to MongoDB
[2025-06-30T18:13:10.656Z] [INFO] Found 2 company databases
[2025-06-30T18:13:10.657Z] [DEBUG] Processing company database: company_9jxwph8g
[2025-06-30T18:13:10.707Z] [DEBUG] Finding reports to execute in company_9jxwph8g (current time: 2025-06-30T18:13:10.707Z)
[2025-06-30T18:13:10.757Z] [INFO] Found 0 reports to execute in company_9jxwph8g
[2025-06-30T18:13:10.758Z] [DEBUG] Processing company database: company_ey1a4uyd
[2025-06-30T18:13:10.809Z] [DEBUG] Skipping company_ey1a4uyd: No scheduled reports collection found
[2025-06-30T18:13:10.809Z] [INFO] Scheduled reports check completed
[2025-06-30T18:13:10.812Z] [DEBUG] MongoDB connection closed
[2025-06-30T19:08:07.697Z] [INFO] Starting scheduled reports daemon with check interval of 30000ms
[2025-06-30T19:08:07.699Z] [INFO] Checking for scheduled reports...
[2025-06-30T19:08:08.538Z] [DEBUG] Connected to MongoDB
[2025-06-30T19:08:08.599Z] [INFO] Found 3 company databases
[2025-06-30T19:08:08.600Z] [DEBUG] Processing company database: company_06hahpbv
[2025-06-30T19:08:08.652Z] [DEBUG] Skipping company_06hahpbv: No scheduled reports collection found
[2025-06-30T19:08:08.652Z] [DEBUG] Processing company database: company_9jxwph8g
[2025-06-30T19:08:08.703Z] [DEBUG] Finding reports to execute in company_9jxwph8g (current time: 2025-06-30T19:08:08.703Z)
[2025-06-30T19:08:08.754Z] [INFO] Found 0 reports to execute in company_9jxwph8g
[2025-06-30T19:08:08.754Z] [DEBUG] Processing company database: company_ey1a4uyd
[2025-06-30T19:08:08.806Z] [DEBUG] Skipping company_ey1a4uyd: No scheduled reports collection found
[2025-06-30T19:08:08.808Z] [INFO] Scheduled reports check completed
[2025-06-30T19:08:08.864Z] [DEBUG] MongoDB connection closed
[2025-06-30T19:08:08.865Z] [INFO] Daemon is now running continuously...
[2025-06-30T19:08:38.868Z] [INFO] Checking for scheduled reports...
[2025-06-30T19:08:39.462Z] [DEBUG] Connected to MongoDB
[2025-06-30T19:08:39.527Z] [INFO] Found 3 company databases
[2025-06-30T19:08:39.529Z] [DEBUG] Processing company database: company_06hahpbv
[2025-06-30T19:08:39.582Z] [DEBUG] Skipping company_06hahpbv: No scheduled reports collection found
[2025-06-30T19:08:39.583Z] [DEBUG] Processing company database: company_9jxwph8g
[2025-06-30T19:08:39.636Z] [DEBUG] Finding reports to execute in company_9jxwph8g (current time: 2025-06-30T19:08:39.636Z)
[2025-06-30T19:08:39.689Z] [INFO] Found 0 reports to execute in company_9jxwph8g
[2025-06-30T19:08:39.690Z] [DEBUG] Processing company database: company_ey1a4uyd
[2025-06-30T19:08:39.741Z] [DEBUG] Skipping company_ey1a4uyd: No scheduled reports collection found
[2025-06-30T19:08:39.742Z] [INFO] Scheduled reports check completed
[2025-06-30T19:08:39.747Z] [DEBUG] MongoDB connection closed
[2025-06-30T19:09:08.868Z] [INFO] Checking for scheduled reports...
[2025-06-30T19:09:09.545Z] [DEBUG] Connected to MongoDB
[2025-06-30T19:09:09.606Z] [INFO] Found 3 company databases
[2025-06-30T19:09:09.606Z] [DEBUG] Processing company database: company_06hahpbv
[2025-06-30T19:09:09.655Z] [DEBUG] Skipping company_06hahpbv: No scheduled reports collection found
[2025-06-30T19:09:09.655Z] [DEBUG] Processing company database: company_9jxwph8g
[2025-06-30T19:09:09.704Z] [DEBUG] Finding reports to execute in company_9jxwph8g (current time: 2025-06-30T19:09:09.704Z)
[2025-06-30T19:09:09.753Z] [INFO] Found 0 reports to execute in company_9jxwph8g
[2025-06-30T19:09:09.756Z] [DEBUG] Processing company database: company_ey1a4uyd
[2025-06-30T19:09:09.824Z] [DEBUG] Skipping company_ey1a4uyd: No scheduled reports collection found
[2025-06-30T19:09:09.824Z] [INFO] Scheduled reports check completed
[2025-06-30T19:09:09.826Z] [DEBUG] MongoDB connection closed
[2025-06-30T19:09:38.870Z] [INFO] Checking for scheduled reports...
[2025-06-30T19:09:39.637Z] [DEBUG] Connected to MongoDB
[2025-06-30T19:09:39.699Z] [INFO] Found 3 company databases
[2025-06-30T19:09:39.700Z] [DEBUG] Processing company database: company_06hahpbv
[2025-06-30T19:09:39.765Z] [DEBUG] Skipping company_06hahpbv: No scheduled reports collection found
[2025-06-30T19:09:39.766Z] [DEBUG] Processing company database: company_9jxwph8g
[2025-06-30T19:09:39.818Z] [DEBUG] Finding reports to execute in company_9jxwph8g (current time: 2025-06-30T19:09:39.817Z)
[2025-06-30T19:09:39.869Z] [INFO] Found 0 reports to execute in company_9jxwph8g
[2025-06-30T19:09:39.870Z] [DEBUG] Processing company database: company_ey1a4uyd
[2025-06-30T19:09:39.921Z] [DEBUG] Skipping company_ey1a4uyd: No scheduled reports collection found
[2025-06-30T19:09:39.922Z] [INFO] Scheduled reports check completed
[2025-06-30T19:09:39.927Z] [DEBUG] MongoDB connection closed
[2025-06-30T19:10:08.874Z] [INFO] Checking for scheduled reports...
[2025-06-30T19:10:09.480Z] [DEBUG] Connected to MongoDB
[2025-06-30T19:10:09.546Z] [INFO] Found 3 company databases
[2025-06-30T19:10:09.546Z] [DEBUG] Processing company database: company_06hahpbv
[2025-06-30T19:10:09.598Z] [DEBUG] Skipping company_06hahpbv: No scheduled reports collection found
[2025-06-30T19:10:09.599Z] [DEBUG] Processing company database: company_9jxwph8g
[2025-06-30T19:10:09.649Z] [DEBUG] Finding reports to execute in company_9jxwph8g (current time: 2025-06-30T19:10:09.649Z)
[2025-06-30T19:10:09.699Z] [INFO] Found 0 reports to execute in company_9jxwph8g
[2025-06-30T19:10:09.700Z] [DEBUG] Processing company database: company_ey1a4uyd
[2025-06-30T19:10:09.750Z] [DEBUG] Skipping company_ey1a4uyd: No scheduled reports collection found
[2025-06-30T19:10:09.750Z] [INFO] Scheduled reports check completed
[2025-06-30T19:10:09.751Z] [DEBUG] MongoDB connection closed
[2025-06-30T19:10:38.892Z] [INFO] Checking for scheduled reports...
[2025-06-30T19:10:39.490Z] [DEBUG] Connected to MongoDB
[2025-06-30T19:10:39.552Z] [INFO] Found 3 company databases
[2025-06-30T19:10:39.553Z] [DEBUG] Processing company database: company_06hahpbv
[2025-06-30T19:10:39.604Z] [DEBUG] Skipping company_06hahpbv: No scheduled reports collection found
[2025-06-30T19:10:39.605Z] [DEBUG] Processing company database: company_9jxwph8g
[2025-06-30T19:10:39.657Z] [DEBUG] Finding reports to execute in company_9jxwph8g (current time: 2025-06-30T19:10:39.657Z)
[2025-06-30T19:10:39.708Z] [INFO] Found 0 reports to execute in company_9jxwph8g
[2025-06-30T19:10:39.709Z] [DEBUG] Processing company database: company_ey1a4uyd
[2025-06-30T19:10:39.760Z] [DEBUG] Skipping company_ey1a4uyd: No scheduled reports collection found
[2025-06-30T19:10:39.761Z] [INFO] Scheduled reports check completed
[2025-06-30T19:10:39.764Z] [DEBUG] MongoDB connection closed
[2025-06-30T19:11:08.906Z] [INFO] Checking for scheduled reports...
[2025-06-30T19:11:09.675Z] [DEBUG] Connected to MongoDB
[2025-06-30T19:11:09.737Z] [INFO] Found 3 company databases
[2025-06-30T19:11:09.739Z] [DEBUG] Processing company database: company_06hahpbv
[2025-06-30T19:11:09.789Z] [DEBUG] Skipping company_06hahpbv: No scheduled reports collection found
[2025-06-30T19:11:09.789Z] [DEBUG] Processing company database: company_9jxwph8g
[2025-06-30T19:11:09.840Z] [DEBUG] Finding reports to execute in company_9jxwph8g (current time: 2025-06-30T19:11:09.840Z)
[2025-06-30T19:11:09.890Z] [INFO] Found 0 reports to execute in company_9jxwph8g
[2025-06-30T19:11:09.891Z] [DEBUG] Processing company database: company_ey1a4uyd
[2025-06-30T19:11:09.940Z] [DEBUG] Skipping company_ey1a4uyd: No scheduled reports collection found
[2025-06-30T19:11:09.941Z] [INFO] Scheduled reports check completed
[2025-06-30T19:11:09.944Z] [DEBUG] MongoDB connection closed
[2025-06-30T19:11:38.914Z] [INFO] Checking for scheduled reports...
[2025-06-30T19:11:39.506Z] [DEBUG] Connected to MongoDB
[2025-06-30T19:11:39.567Z] [INFO] Found 3 company databases
[2025-06-30T19:11:39.568Z] [DEBUG] Processing company database: company_06hahpbv
[2025-06-30T19:11:39.628Z] [DEBUG] Skipping company_06hahpbv: No scheduled reports collection found
[2025-06-30T19:11:39.629Z] [DEBUG] Processing company database: company_9jxwph8g
[2025-06-30T19:11:39.680Z] [DEBUG] Finding reports to execute in company_9jxwph8g (current time: 2025-06-30T19:11:39.680Z)
[2025-06-30T19:11:39.731Z] [INFO] Found 0 reports to execute in company_9jxwph8g
[2025-06-30T19:11:39.731Z] [DEBUG] Processing company database: company_ey1a4uyd
[2025-06-30T19:11:39.780Z] [DEBUG] Skipping company_ey1a4uyd: No scheduled reports collection found
[2025-06-30T19:11:39.781Z] [INFO] Scheduled reports check completed
[2025-06-30T19:11:39.783Z] [DEBUG] MongoDB connection closed
[2025-06-30T19:12:08.915Z] [INFO] Checking for scheduled reports...
[2025-06-30T19:12:09.502Z] [DEBUG] Connected to MongoDB
[2025-06-30T19:12:09.564Z] [INFO] Found 3 company databases
[2025-06-30T19:12:09.564Z] [DEBUG] Processing company database: company_06hahpbv
[2025-06-30T19:12:09.615Z] [DEBUG] Skipping company_06hahpbv: No scheduled reports collection found
[2025-06-30T19:12:09.616Z] [DEBUG] Processing company database: company_9jxwph8g
[2025-06-30T19:12:09.666Z] [DEBUG] Finding reports to execute in company_9jxwph8g (current time: 2025-06-30T19:12:09.666Z)
[2025-06-30T19:12:09.717Z] [INFO] Found 0 reports to execute in company_9jxwph8g
[2025-06-30T19:12:09.718Z] [DEBUG] Processing company database: company_ey1a4uyd
[2025-06-30T19:12:09.772Z] [DEBUG] Skipping company_ey1a4uyd: No scheduled reports collection found
[2025-06-30T19:12:09.773Z] [INFO] Scheduled reports check completed
[2025-06-30T19:12:09.779Z] [DEBUG] MongoDB connection closed
[2025-06-30T19:12:38.917Z] [INFO] Checking for scheduled reports...
[2025-06-30T19:12:39.641Z] [DEBUG] Connected to MongoDB
[2025-06-30T19:12:39.703Z] [INFO] Found 3 company databases
[2025-06-30T19:12:39.704Z] [DEBUG] Processing company database: company_06hahpbv
[2025-06-30T19:12:39.755Z] [DEBUG] Skipping company_06hahpbv: No scheduled reports collection found
[2025-06-30T19:12:39.756Z] [DEBUG] Processing company database: company_9jxwph8g
[2025-06-30T19:12:39.807Z] [DEBUG] Finding reports to execute in company_9jxwph8g (current time: 2025-06-30T19:12:39.807Z)
[2025-06-30T19:12:39.857Z] [INFO] Found 0 reports to execute in company_9jxwph8g
[2025-06-30T19:12:39.858Z] [DEBUG] Processing company database: company_ey1a4uyd
[2025-06-30T19:12:39.908Z] [DEBUG] Skipping company_ey1a4uyd: No scheduled reports collection found
[2025-06-30T19:12:39.909Z] [INFO] Scheduled reports check completed
[2025-06-30T19:12:39.917Z] [DEBUG] MongoDB connection closed
[2025-06-30T19:13:08.919Z] [INFO] Checking for scheduled reports...
[2025-06-30T19:13:09.616Z] [DEBUG] Connected to MongoDB
[2025-06-30T19:13:09.678Z] [INFO] Found 3 company databases
[2025-06-30T19:13:09.678Z] [DEBUG] Processing company database: company_06hahpbv
[2025-06-30T19:13:09.729Z] [DEBUG] Skipping company_06hahpbv: No scheduled reports collection found
[2025-06-30T19:13:09.730Z] [DEBUG] Processing company database: company_9jxwph8g
[2025-06-30T19:13:09.781Z] [DEBUG] Finding reports to execute in company_9jxwph8g (current time: 2025-06-30T19:13:09.781Z)
[2025-06-30T19:13:09.833Z] [INFO] Found 0 reports to execute in company_9jxwph8g
[2025-06-30T19:13:09.833Z] [DEBUG] Processing company database: company_ey1a4uyd
[2025-06-30T19:13:09.883Z] [DEBUG] Skipping company_ey1a4uyd: No scheduled reports collection found
[2025-06-30T19:13:09.884Z] [INFO] Scheduled reports check completed
[2025-06-30T19:13:09.887Z] [DEBUG] MongoDB connection closed
[2025-06-30T19:13:38.921Z] [INFO] Checking for scheduled reports...
[2025-06-30T19:13:39.503Z] [DEBUG] Connected to MongoDB
[2025-06-30T19:13:39.563Z] [INFO] Found 3 company databases
[2025-06-30T19:13:39.564Z] [DEBUG] Processing company database: company_06hahpbv
[2025-06-30T19:13:39.615Z] [DEBUG] Skipping company_06hahpbv: No scheduled reports collection found
[2025-06-30T19:13:39.615Z] [DEBUG] Processing company database: company_9jxwph8g
[2025-06-30T19:13:39.665Z] [DEBUG] Finding reports to execute in company_9jxwph8g (current time: 2025-06-30T19:13:39.665Z)
[2025-06-30T19:13:39.723Z] [INFO] Found 0 reports to execute in company_9jxwph8g
[2025-06-30T19:13:39.724Z] [DEBUG] Processing company database: company_ey1a4uyd
[2025-06-30T19:13:39.777Z] [DEBUG] Skipping company_ey1a4uyd: No scheduled reports collection found
[2025-06-30T19:13:39.779Z] [INFO] Scheduled reports check completed
[2025-06-30T19:13:39.784Z] [DEBUG] MongoDB connection closed
[2025-06-30T19:14:08.923Z] [INFO] Checking for scheduled reports...
[2025-06-30T19:14:09.706Z] [DEBUG] Connected to MongoDB
[2025-06-30T19:14:09.769Z] [INFO] Found 3 company databases
[2025-06-30T19:14:09.769Z] [DEBUG] Processing company database: company_06hahpbv
[2025-06-30T19:14:09.823Z] [DEBUG] Skipping company_06hahpbv: No scheduled reports collection found
[2025-06-30T19:14:09.824Z] [DEBUG] Processing company database: company_9jxwph8g
[2025-06-30T19:14:09.875Z] [DEBUG] Finding reports to execute in company_9jxwph8g (current time: 2025-06-30T19:14:09.874Z)
[2025-06-30T19:14:09.926Z] [INFO] Found 0 reports to execute in company_9jxwph8g
[2025-06-30T19:14:09.926Z] [DEBUG] Processing company database: company_ey1a4uyd
[2025-06-30T19:14:09.978Z] [DEBUG] Skipping company_ey1a4uyd: No scheduled reports collection found
[2025-06-30T19:14:09.979Z] [INFO] Scheduled reports check completed
[2025-06-30T19:14:09.982Z] [DEBUG] MongoDB connection closed
[2025-06-30T19:14:38.923Z] [INFO] Checking for scheduled reports...
[2025-06-30T19:14:39.514Z] [DEBUG] Connected to MongoDB
[2025-06-30T19:14:39.576Z] [INFO] Found 3 company databases
[2025-06-30T19:14:39.576Z] [DEBUG] Processing company database: company_06hahpbv
[2025-06-30T19:14:39.628Z] [DEBUG] Skipping company_06hahpbv: No scheduled reports collection found
[2025-06-30T19:14:39.629Z] [DEBUG] Processing company database: company_9jxwph8g
[2025-06-30T19:14:39.681Z] [DEBUG] Finding reports to execute in company_9jxwph8g (current time: 2025-06-30T19:14:39.681Z)
[2025-06-30T19:14:39.732Z] [INFO] Found 0 reports to execute in company_9jxwph8g
[2025-06-30T19:14:39.732Z] [DEBUG] Processing company database: company_ey1a4uyd
[2025-06-30T19:14:39.784Z] [DEBUG] Skipping company_ey1a4uyd: No scheduled reports collection found
[2025-06-30T19:14:39.784Z] [INFO] Scheduled reports check completed
[2025-06-30T19:14:39.789Z] [DEBUG] MongoDB connection closed
[2025-06-30T19:15:08.923Z] [INFO] Checking for scheduled reports...
[2025-06-30T19:15:09.513Z] [DEBUG] Connected to MongoDB
[2025-06-30T19:15:09.575Z] [INFO] Found 3 company databases
[2025-06-30T19:15:09.576Z] [DEBUG] Processing company database: company_06hahpbv
[2025-06-30T19:15:09.627Z] [DEBUG] Skipping company_06hahpbv: No scheduled reports collection found
[2025-06-30T19:15:09.628Z] [DEBUG] Processing company database: company_9jxwph8g
[2025-06-30T19:15:09.679Z] [DEBUG] Finding reports to execute in company_9jxwph8g (current time: 2025-06-30T19:15:09.678Z)
[2025-06-30T19:15:09.729Z] [INFO] Found 0 reports to execute in company_9jxwph8g
[2025-06-30T19:15:09.730Z] [DEBUG] Processing company database: company_ey1a4uyd
[2025-06-30T19:15:09.780Z] [DEBUG] Skipping company_ey1a4uyd: No scheduled reports collection found
[2025-06-30T19:15:09.781Z] [INFO] Scheduled reports check completed
[2025-06-30T19:15:09.784Z] [DEBUG] MongoDB connection closed
[2025-06-30T19:15:38.923Z] [INFO] Checking for scheduled reports...
[2025-06-30T19:15:39.694Z] [DEBUG] Connected to MongoDB
[2025-06-30T19:15:39.756Z] [INFO] Found 3 company databases
[2025-06-30T19:15:39.757Z] [DEBUG] Processing company database: company_06hahpbv
[2025-06-30T19:15:39.808Z] [DEBUG] Skipping company_06hahpbv: No scheduled reports collection found
[2025-06-30T19:15:39.808Z] [DEBUG] Processing company database: company_9jxwph8g
[2025-06-30T19:15:39.861Z] [DEBUG] Finding reports to execute in company_9jxwph8g (current time: 2025-06-30T19:15:39.861Z)
[2025-06-30T19:15:39.912Z] [INFO] Found 0 reports to execute in company_9jxwph8g
[2025-06-30T19:15:39.913Z] [DEBUG] Processing company database: company_ey1a4uyd
[2025-06-30T19:15:39.964Z] [DEBUG] Skipping company_ey1a4uyd: No scheduled reports collection found
[2025-06-30T19:15:39.964Z] [INFO] Scheduled reports check completed
[2025-06-30T19:15:39.967Z] [DEBUG] MongoDB connection closed
[2025-06-30T19:16:08.925Z] [INFO] Checking for scheduled reports...
[2025-06-30T19:16:09.506Z] [DEBUG] Connected to MongoDB
[2025-06-30T19:16:09.567Z] [INFO] Found 3 company databases
[2025-06-30T19:16:09.567Z] [DEBUG] Processing company database: company_06hahpbv
[2025-06-30T19:16:09.618Z] [DEBUG] Skipping company_06hahpbv: No scheduled reports collection found
[2025-06-30T19:16:09.619Z] [DEBUG] Processing company database: company_9jxwph8g
[2025-06-30T19:16:09.670Z] [DEBUG] Finding reports to execute in company_9jxwph8g (current time: 2025-06-30T19:16:09.670Z)
[2025-06-30T19:16:09.721Z] [INFO] Found 0 reports to execute in company_9jxwph8g
[2025-06-30T19:16:09.722Z] [DEBUG] Processing company database: company_ey1a4uyd
[2025-06-30T19:16:09.777Z] [DEBUG] Skipping company_ey1a4uyd: No scheduled reports collection found
[2025-06-30T19:16:09.778Z] [INFO] Scheduled reports check completed
[2025-06-30T19:16:09.781Z] [DEBUG] MongoDB connection closed
[2025-06-30T19:16:38.925Z] [INFO] Checking for scheduled reports...
[2025-06-30T19:16:39.593Z] [DEBUG] Connected to MongoDB
[2025-06-30T19:16:39.655Z] [INFO] Found 3 company databases
[2025-06-30T19:16:39.656Z] [DEBUG] Processing company database: company_06hahpbv
[2025-06-30T19:16:39.706Z] [DEBUG] Skipping company_06hahpbv: No scheduled reports collection found
[2025-06-30T19:16:39.707Z] [DEBUG] Processing company database: company_9jxwph8g
[2025-06-30T19:16:39.759Z] [DEBUG] Finding reports to execute in company_9jxwph8g (current time: 2025-06-30T19:16:39.759Z)
[2025-06-30T19:16:39.809Z] [INFO] Found 0 reports to execute in company_9jxwph8g
[2025-06-30T19:16:39.809Z] [DEBUG] Processing company database: company_ey1a4uyd
[2025-06-30T19:16:39.860Z] [DEBUG] Skipping company_ey1a4uyd: No scheduled reports collection found
[2025-06-30T19:16:39.860Z] [INFO] Scheduled reports check completed
[2025-06-30T19:16:39.863Z] [DEBUG] MongoDB connection closed
[2025-06-30T19:17:08.926Z] [INFO] Checking for scheduled reports...
[2025-06-30T19:17:09.625Z] [DEBUG] Connected to MongoDB
[2025-06-30T19:17:09.686Z] [INFO] Found 3 company databases
[2025-06-30T19:17:09.687Z] [DEBUG] Processing company database: company_06hahpbv
[2025-06-30T19:17:09.737Z] [DEBUG] Skipping company_06hahpbv: No scheduled reports collection found
[2025-06-30T19:17:09.738Z] [DEBUG] Processing company database: company_9jxwph8g
[2025-06-30T19:17:09.789Z] [DEBUG] Finding reports to execute in company_9jxwph8g (current time: 2025-06-30T19:17:09.789Z)
[2025-06-30T19:17:09.839Z] [INFO] Found 0 reports to execute in company_9jxwph8g
[2025-06-30T19:17:09.840Z] [DEBUG] Processing company database: company_ey1a4uyd
[2025-06-30T19:17:09.890Z] [DEBUG] Skipping company_ey1a4uyd: No scheduled reports collection found
[2025-06-30T19:17:09.891Z] [INFO] Scheduled reports check completed
[2025-06-30T19:17:09.893Z] [DEBUG] MongoDB connection closed
[2025-06-30T19:17:38.927Z] [INFO] Checking for scheduled reports...
[2025-06-30T19:17:39.516Z] [DEBUG] Connected to MongoDB
[2025-06-30T19:17:39.578Z] [INFO] Found 3 company databases
[2025-06-30T19:17:39.579Z] [DEBUG] Processing company database: company_06hahpbv
[2025-06-30T19:17:39.629Z] [DEBUG] Skipping company_06hahpbv: No scheduled reports collection found
[2025-06-30T19:17:39.630Z] [DEBUG] Processing company database: company_9jxwph8g
[2025-06-30T19:17:39.681Z] [DEBUG] Finding reports to execute in company_9jxwph8g (current time: 2025-06-30T19:17:39.681Z)
[2025-06-30T19:17:39.732Z] [INFO] Found 0 reports to execute in company_9jxwph8g
[2025-06-30T19:17:39.732Z] [DEBUG] Processing company database: company_ey1a4uyd
[2025-06-30T19:17:39.783Z] [DEBUG] Skipping company_ey1a4uyd: No scheduled reports collection found
[2025-06-30T19:17:39.784Z] [INFO] Scheduled reports check completed
[2025-06-30T19:17:39.786Z] [DEBUG] MongoDB connection closed
[2025-06-30T19:18:08.928Z] [INFO] Checking for scheduled reports...
[2025-06-30T19:18:09.607Z] [DEBUG] Connected to MongoDB
[2025-06-30T19:18:09.669Z] [INFO] Found 3 company databases
[2025-06-30T19:18:09.669Z] [DEBUG] Processing company database: company_06hahpbv
[2025-06-30T19:18:09.719Z] [DEBUG] Skipping company_06hahpbv: No scheduled reports collection found
[2025-06-30T19:18:09.720Z] [DEBUG] Processing company database: company_9jxwph8g
[2025-06-30T19:18:09.770Z] [DEBUG] Finding reports to execute in company_9jxwph8g (current time: 2025-06-30T19:18:09.770Z)
[2025-06-30T19:18:09.821Z] [INFO] Found 0 reports to execute in company_9jxwph8g
[2025-06-30T19:18:09.822Z] [DEBUG] Processing company database: company_ey1a4uyd
[2025-06-30T19:18:09.872Z] [DEBUG] Skipping company_ey1a4uyd: No scheduled reports collection found
[2025-06-30T19:18:09.872Z] [INFO] Scheduled reports check completed
[2025-06-30T19:18:09.875Z] [DEBUG] MongoDB connection closed
[2025-06-30T19:18:38.929Z] [INFO] Checking for scheduled reports...
[2025-06-30T19:18:39.625Z] [DEBUG] Connected to MongoDB
[2025-06-30T19:18:39.687Z] [INFO] Found 3 company databases
[2025-06-30T19:18:39.688Z] [DEBUG] Processing company database: company_06hahpbv
[2025-06-30T19:18:39.739Z] [DEBUG] Skipping company_06hahpbv: No scheduled reports collection found
[2025-06-30T19:18:39.740Z] [DEBUG] Processing company database: company_9jxwph8g
[2025-06-30T19:18:39.793Z] [DEBUG] Finding reports to execute in company_9jxwph8g (current time: 2025-06-30T19:18:39.793Z)
[2025-06-30T19:18:39.843Z] [INFO] Found 0 reports to execute in company_9jxwph8g
[2025-06-30T19:18:39.844Z] [DEBUG] Processing company database: company_ey1a4uyd
[2025-06-30T19:18:39.895Z] [DEBUG] Skipping company_ey1a4uyd: No scheduled reports collection found
[2025-06-30T19:18:39.896Z] [INFO] Scheduled reports check completed
[2025-06-30T19:18:39.900Z] [DEBUG] MongoDB connection closed
[2025-06-30T19:19:08.931Z] [INFO] Checking for scheduled reports...
[2025-06-30T19:19:09.589Z] [DEBUG] Connected to MongoDB
[2025-06-30T19:19:09.654Z] [INFO] Found 3 company databases
[2025-06-30T19:19:09.654Z] [DEBUG] Processing company database: company_06hahpbv
[2025-06-30T19:19:09.708Z] [DEBUG] Skipping company_06hahpbv: No scheduled reports collection found
[2025-06-30T19:19:09.709Z] [DEBUG] Processing company database: company_9jxwph8g
[2025-06-30T19:19:09.768Z] [DEBUG] Finding reports to execute in company_9jxwph8g (current time: 2025-06-30T19:19:09.768Z)
[2025-06-30T19:19:09.826Z] [INFO] Found 0 reports to execute in company_9jxwph8g
[2025-06-30T19:19:09.828Z] [DEBUG] Processing company database: company_ey1a4uyd
[2025-06-30T19:19:09.896Z] [DEBUG] Skipping company_ey1a4uyd: No scheduled reports collection found
[2025-06-30T19:19:09.897Z] [INFO] Scheduled reports check completed
[2025-06-30T19:19:09.897Z] [DEBUG] MongoDB connection closed
[2025-06-30T19:19:38.933Z] [INFO] Checking for scheduled reports...
[2025-06-30T19:19:39.570Z] [DEBUG] Connected to MongoDB
[2025-06-30T19:19:39.636Z] [INFO] Found 3 company databases
[2025-06-30T19:19:39.636Z] [DEBUG] Processing company database: company_06hahpbv
[2025-06-30T19:19:39.690Z] [DEBUG] Skipping company_06hahpbv: No scheduled reports collection found
[2025-06-30T19:19:39.690Z] [DEBUG] Processing company database: company_9jxwph8g
[2025-06-30T19:19:39.745Z] [DEBUG] Finding reports to execute in company_9jxwph8g (current time: 2025-06-30T19:19:39.744Z)
[2025-06-30T19:19:39.799Z] [INFO] Found 0 reports to execute in company_9jxwph8g
[2025-06-30T19:19:39.800Z] [DEBUG] Processing company database: company_ey1a4uyd
[2025-06-30T19:19:39.853Z] [DEBUG] Skipping company_ey1a4uyd: No scheduled reports collection found
[2025-06-30T19:19:39.854Z] [INFO] Scheduled reports check completed
[2025-06-30T19:19:39.857Z] [DEBUG] MongoDB connection closed
[2025-06-30T19:20:08.935Z] [INFO] Checking for scheduled reports...
[2025-06-30T19:20:09.699Z] [DEBUG] Connected to MongoDB
[2025-06-30T19:20:09.765Z] [INFO] Found 3 company databases
[2025-06-30T19:20:09.765Z] [DEBUG] Processing company database: company_06hahpbv
[2025-06-30T19:20:09.820Z] [DEBUG] Skipping company_06hahpbv: No scheduled reports collection found
[2025-06-30T19:20:09.821Z] [DEBUG] Processing company database: company_9jxwph8g
[2025-06-30T19:20:09.875Z] [DEBUG] Finding reports to execute in company_9jxwph8g (current time: 2025-06-30T19:20:09.875Z)
[2025-06-30T19:20:09.929Z] [INFO] Found 0 reports to execute in company_9jxwph8g
[2025-06-30T19:20:09.930Z] [DEBUG] Processing company database: company_ey1a4uyd
[2025-06-30T19:20:09.984Z] [DEBUG] Skipping company_ey1a4uyd: No scheduled reports collection found
[2025-06-30T19:20:09.985Z] [INFO] Scheduled reports check completed
[2025-06-30T19:20:09.987Z] [DEBUG] MongoDB connection closed
[2025-06-30T19:20:38.937Z] [INFO] Checking for scheduled reports...
[2025-06-30T19:20:39.675Z] [DEBUG] Connected to MongoDB
[2025-06-30T19:20:39.741Z] [INFO] Found 3 company databases
[2025-06-30T19:20:39.742Z] [DEBUG] Processing company database: company_06hahpbv
[2025-06-30T19:20:39.797Z] [DEBUG] Skipping company_06hahpbv: No scheduled reports collection found
[2025-06-30T19:20:39.797Z] [DEBUG] Processing company database: company_9jxwph8g
[2025-06-30T19:20:39.853Z] [DEBUG] Finding reports to execute in company_9jxwph8g (current time: 2025-06-30T19:20:39.852Z)
[2025-06-30T19:20:39.907Z] [INFO] Found 0 reports to execute in company_9jxwph8g
[2025-06-30T19:20:39.908Z] [DEBUG] Processing company database: company_ey1a4uyd
[2025-06-30T19:20:39.962Z] [DEBUG] Skipping company_ey1a4uyd: No scheduled reports collection found
[2025-06-30T19:20:39.963Z] [INFO] Scheduled reports check completed
[2025-06-30T19:20:39.966Z] [DEBUG] MongoDB connection closed
[2025-06-30T19:21:08.938Z] [INFO] Checking for scheduled reports...
[2025-06-30T19:21:09.564Z] [DEBUG] Connected to MongoDB
[2025-06-30T19:21:09.629Z] [INFO] Found 3 company databases
[2025-06-30T19:21:09.630Z] [DEBUG] Processing company database: company_06hahpbv
[2025-06-30T19:21:09.685Z] [DEBUG] Skipping company_06hahpbv: No scheduled reports collection found
[2025-06-30T19:21:09.685Z] [DEBUG] Processing company database: company_9jxwph8g
[2025-06-30T19:21:09.740Z] [DEBUG] Finding reports to execute in company_9jxwph8g (current time: 2025-06-30T19:21:09.740Z)
[2025-06-30T19:21:09.795Z] [INFO] Found 0 reports to execute in company_9jxwph8g
[2025-06-30T19:21:09.795Z] [DEBUG] Processing company database: company_ey1a4uyd
[2025-06-30T19:21:09.850Z] [DEBUG] Skipping company_ey1a4uyd: No scheduled reports collection found
[2025-06-30T19:21:09.851Z] [INFO] Scheduled reports check completed
[2025-06-30T19:21:09.854Z] [DEBUG] MongoDB connection closed
[2025-06-30T19:21:38.941Z] [INFO] Checking for scheduled reports...
[2025-06-30T19:21:39.760Z] [DEBUG] Connected to MongoDB
[2025-06-30T19:21:39.829Z] [INFO] Found 3 company databases
[2025-06-30T19:21:39.830Z] [DEBUG] Processing company database: company_06hahpbv
[2025-06-30T19:21:39.884Z] [DEBUG] Skipping company_06hahpbv: No scheduled reports collection found
[2025-06-30T19:21:39.885Z] [DEBUG] Processing company database: company_9jxwph8g
[2025-06-30T19:21:39.943Z] [DEBUG] Finding reports to execute in company_9jxwph8g (current time: 2025-06-30T19:21:39.943Z)
[2025-06-30T19:21:39.998Z] [INFO] Found 0 reports to execute in company_9jxwph8g
[2025-06-30T19:21:39.999Z] [DEBUG] Processing company database: company_ey1a4uyd
[2025-06-30T19:21:40.053Z] [DEBUG] Skipping company_ey1a4uyd: No scheduled reports collection found
[2025-06-30T19:21:40.054Z] [INFO] Scheduled reports check completed
[2025-06-30T19:21:40.057Z] [DEBUG] MongoDB connection closed
[2025-06-30T19:22:08.942Z] [INFO] Checking for scheduled reports...
[2025-06-30T19:22:09.585Z] [DEBUG] Connected to MongoDB
[2025-06-30T19:22:09.652Z] [INFO] Found 3 company databases
[2025-06-30T19:22:09.653Z] [DEBUG] Processing company database: company_06hahpbv
[2025-06-30T19:22:09.707Z] [DEBUG] Skipping company_06hahpbv: No scheduled reports collection found
[2025-06-30T19:22:09.708Z] [DEBUG] Processing company database: company_9jxwph8g
[2025-06-30T19:22:09.763Z] [DEBUG] Finding reports to execute in company_9jxwph8g (current time: 2025-06-30T19:22:09.763Z)
[2025-06-30T19:22:09.817Z] [INFO] Found 0 reports to execute in company_9jxwph8g
[2025-06-30T19:22:09.818Z] [DEBUG] Processing company database: company_ey1a4uyd
[2025-06-30T19:22:09.872Z] [DEBUG] Skipping company_ey1a4uyd: No scheduled reports collection found
[2025-06-30T19:22:09.873Z] [INFO] Scheduled reports check completed
[2025-06-30T19:22:09.876Z] [DEBUG] MongoDB connection closed
[2025-06-30T19:22:38.943Z] [INFO] Checking for scheduled reports...
[2025-06-30T19:22:39.555Z] [DEBUG] Connected to MongoDB
[2025-06-30T19:22:39.620Z] [INFO] Found 3 company databases
[2025-06-30T19:22:39.621Z] [DEBUG] Processing company database: company_06hahpbv
[2025-06-30T19:22:39.675Z] [DEBUG] Skipping company_06hahpbv: No scheduled reports collection found
[2025-06-30T19:22:39.675Z] [DEBUG] Processing company database: company_9jxwph8g
[2025-06-30T19:22:39.730Z] [DEBUG] Finding reports to execute in company_9jxwph8g (current time: 2025-06-30T19:22:39.730Z)
[2025-06-30T19:22:39.784Z] [INFO] Found 0 reports to execute in company_9jxwph8g
[2025-06-30T19:22:39.784Z] [DEBUG] Processing company database: company_ey1a4uyd
[2025-06-30T19:22:39.838Z] [DEBUG] Skipping company_ey1a4uyd: No scheduled reports collection found
[2025-06-30T19:22:39.839Z] [INFO] Scheduled reports check completed
[2025-06-30T19:22:39.840Z] [DEBUG] MongoDB connection closed
[2025-06-30T19:23:08.944Z] [INFO] Checking for scheduled reports...
[2025-06-30T19:23:09.850Z] [DEBUG] Connected to MongoDB
[2025-06-30T19:23:09.916Z] [INFO] Found 3 company databases
[2025-06-30T19:23:09.916Z] [DEBUG] Processing company database: company_06hahpbv
[2025-06-30T19:23:09.969Z] [DEBUG] Skipping company_06hahpbv: No scheduled reports collection found
[2025-06-30T19:23:09.970Z] [DEBUG] Processing company database: company_9jxwph8g
[2025-06-30T19:23:10.023Z] [DEBUG] Finding reports to execute in company_9jxwph8g (current time: 2025-06-30T19:23:10.023Z)
[2025-06-30T19:23:10.076Z] [INFO] Found 0 reports to execute in company_9jxwph8g
[2025-06-30T19:23:10.077Z] [DEBUG] Processing company database: company_ey1a4uyd
[2025-06-30T19:23:10.131Z] [DEBUG] Skipping company_ey1a4uyd: No scheduled reports collection found
[2025-06-30T19:23:10.131Z] [INFO] Scheduled reports check completed
[2025-06-30T19:23:10.133Z] [DEBUG] MongoDB connection closed
[2025-06-30T19:23:38.945Z] [INFO] Checking for scheduled reports...
[2025-06-30T19:23:39.581Z] [DEBUG] Connected to MongoDB
[2025-06-30T19:23:39.647Z] [INFO] Found 3 company databases
[2025-06-30T19:23:39.648Z] [DEBUG] Processing company database: company_06hahpbv
[2025-06-30T19:23:39.702Z] [DEBUG] Skipping company_06hahpbv: No scheduled reports collection found
[2025-06-30T19:23:39.702Z] [DEBUG] Processing company database: company_9jxwph8g
[2025-06-30T19:23:39.757Z] [DEBUG] Finding reports to execute in company_9jxwph8g (current time: 2025-06-30T19:23:39.757Z)
[2025-06-30T19:23:39.811Z] [INFO] Found 0 reports to execute in company_9jxwph8g
[2025-06-30T19:23:39.812Z] [DEBUG] Processing company database: company_ey1a4uyd
[2025-06-30T19:23:39.866Z] [DEBUG] Skipping company_ey1a4uyd: No scheduled reports collection found
[2025-06-30T19:23:39.867Z] [INFO] Scheduled reports check completed
[2025-06-30T19:23:39.870Z] [DEBUG] MongoDB connection closed
[2025-06-30T19:24:08.947Z] [INFO] Checking for scheduled reports...
[2025-06-30T19:24:09.607Z] [DEBUG] Connected to MongoDB
[2025-06-30T19:24:09.673Z] [INFO] Found 3 company databases
[2025-06-30T19:24:09.674Z] [DEBUG] Processing company database: company_06hahpbv
[2025-06-30T19:24:09.728Z] [DEBUG] Skipping company_06hahpbv: No scheduled reports collection found
[2025-06-30T19:24:09.729Z] [DEBUG] Processing company database: company_9jxwph8g
[2025-06-30T19:24:09.784Z] [DEBUG] Finding reports to execute in company_9jxwph8g (current time: 2025-06-30T19:24:09.784Z)
[2025-06-30T19:24:09.838Z] [INFO] Found 0 reports to execute in company_9jxwph8g
[2025-06-30T19:24:09.839Z] [DEBUG] Processing company database: company_ey1a4uyd
[2025-06-30T19:24:09.893Z] [DEBUG] Skipping company_ey1a4uyd: No scheduled reports collection found
[2025-06-30T19:24:09.894Z] [INFO] Scheduled reports check completed
[2025-06-30T19:24:09.897Z] [DEBUG] MongoDB connection closed
[2025-06-30T19:24:38.948Z] [INFO] Checking for scheduled reports...
[2025-06-30T19:24:39.713Z] [DEBUG] Connected to MongoDB
[2025-06-30T19:24:39.779Z] [INFO] Found 3 company databases
[2025-06-30T19:24:39.780Z] [DEBUG] Processing company database: company_06hahpbv
[2025-06-30T19:24:39.835Z] [DEBUG] Skipping company_06hahpbv: No scheduled reports collection found
[2025-06-30T19:24:39.836Z] [DEBUG] Processing company database: company_9jxwph8g
[2025-06-30T19:24:39.891Z] [DEBUG] Finding reports to execute in company_9jxwph8g (current time: 2025-06-30T19:24:39.891Z)
[2025-06-30T19:24:39.947Z] [INFO] Found 0 reports to execute in company_9jxwph8g
[2025-06-30T19:24:39.948Z] [DEBUG] Processing company database: company_ey1a4uyd
[2025-06-30T19:24:40.002Z] [DEBUG] Skipping company_ey1a4uyd: No scheduled reports collection found
[2025-06-30T19:24:40.003Z] [INFO] Scheduled reports check completed
[2025-06-30T19:24:40.006Z] [DEBUG] MongoDB connection closed
[2025-06-30T19:25:08.950Z] [INFO] Checking for scheduled reports...
[2025-06-30T19:25:09.576Z] [DEBUG] Connected to MongoDB
[2025-06-30T19:25:09.641Z] [INFO] Found 3 company databases
[2025-06-30T19:25:09.642Z] [DEBUG] Processing company database: company_06hahpbv
[2025-06-30T19:25:09.697Z] [DEBUG] Skipping company_06hahpbv: No scheduled reports collection found
[2025-06-30T19:25:09.698Z] [DEBUG] Processing company database: company_9jxwph8g
[2025-06-30T19:25:09.753Z] [DEBUG] Finding reports to execute in company_9jxwph8g (current time: 2025-06-30T19:25:09.753Z)
[2025-06-30T19:25:09.807Z] [INFO] Found 0 reports to execute in company_9jxwph8g
[2025-06-30T19:25:09.808Z] [DEBUG] Processing company database: company_ey1a4uyd
[2025-06-30T19:25:09.863Z] [DEBUG] Skipping company_ey1a4uyd: No scheduled reports collection found
[2025-06-30T19:25:09.863Z] [INFO] Scheduled reports check completed
[2025-06-30T19:25:09.866Z] [DEBUG] MongoDB connection closed
[2025-06-30T19:25:38.952Z] [INFO] Checking for scheduled reports...
[2025-06-30T19:25:39.692Z] [DEBUG] Connected to MongoDB
[2025-06-30T19:25:39.759Z] [INFO] Found 3 company databases
[2025-06-30T19:25:39.760Z] [DEBUG] Processing company database: company_06hahpbv
[2025-06-30T19:25:39.815Z] [DEBUG] Skipping company_06hahpbv: No scheduled reports collection found
[2025-06-30T19:25:39.815Z] [DEBUG] Processing company database: company_9jxwph8g
[2025-06-30T19:25:39.871Z] [DEBUG] Finding reports to execute in company_9jxwph8g (current time: 2025-06-30T19:25:39.871Z)
[2025-06-30T19:25:39.925Z] [INFO] Found 0 reports to execute in company_9jxwph8g
[2025-06-30T19:25:39.926Z] [DEBUG] Processing company database: company_ey1a4uyd
[2025-06-30T19:25:39.980Z] [DEBUG] Skipping company_ey1a4uyd: No scheduled reports collection found
[2025-06-30T19:25:39.980Z] [INFO] Scheduled reports check completed
[2025-06-30T19:25:39.983Z] [DEBUG] MongoDB connection closed
[2025-06-30T19:26:08.954Z] [INFO] Checking for scheduled reports...
[2025-06-30T19:26:09.728Z] [DEBUG] Connected to MongoDB
[2025-06-30T19:26:09.793Z] [INFO] Found 3 company databases
[2025-06-30T19:26:09.794Z] [DEBUG] Processing company database: company_06hahpbv
[2025-06-30T19:26:09.847Z] [DEBUG] Skipping company_06hahpbv: No scheduled reports collection found
[2025-06-30T19:26:09.847Z] [DEBUG] Processing company database: company_9jxwph8g
[2025-06-30T19:26:09.901Z] [DEBUG] Finding reports to execute in company_9jxwph8g (current time: 2025-06-30T19:26:09.901Z)
[2025-06-30T19:26:09.957Z] [INFO] Found 0 reports to execute in company_9jxwph8g
[2025-06-30T19:26:09.957Z] [DEBUG] Processing company database: company_ey1a4uyd
[2025-06-30T19:26:10.011Z] [DEBUG] Skipping company_ey1a4uyd: No scheduled reports collection found
[2025-06-30T19:26:10.012Z] [INFO] Scheduled reports check completed
[2025-06-30T19:26:10.013Z] [DEBUG] MongoDB connection closed
[2025-06-30T19:26:38.956Z] [INFO] Checking for scheduled reports...
[2025-06-30T19:26:39.627Z] [DEBUG] Connected to MongoDB
[2025-06-30T19:26:39.693Z] [INFO] Found 3 company databases
[2025-06-30T19:26:39.696Z] [DEBUG] Processing company database: company_06hahpbv
[2025-06-30T19:26:39.750Z] [DEBUG] Skipping company_06hahpbv: No scheduled reports collection found
[2025-06-30T19:26:39.751Z] [DEBUG] Processing company database: company_9jxwph8g
[2025-06-30T19:26:39.806Z] [DEBUG] Finding reports to execute in company_9jxwph8g (current time: 2025-06-30T19:26:39.806Z)
[2025-06-30T19:26:39.860Z] [INFO] Found 0 reports to execute in company_9jxwph8g
[2025-06-30T19:26:39.861Z] [DEBUG] Processing company database: company_ey1a4uyd
[2025-06-30T19:26:39.916Z] [DEBUG] Skipping company_ey1a4uyd: No scheduled reports collection found
[2025-06-30T19:26:39.917Z] [INFO] Scheduled reports check completed
[2025-06-30T19:26:39.919Z] [DEBUG] MongoDB connection closed
[2025-06-30T19:27:08.957Z] [INFO] Checking for scheduled reports...
[2025-06-30T19:27:09.584Z] [DEBUG] Connected to MongoDB
[2025-06-30T19:27:09.648Z] [INFO] Found 3 company databases
[2025-06-30T19:27:09.648Z] [DEBUG] Processing company database: company_06hahpbv
[2025-06-30T19:27:09.702Z] [DEBUG] Skipping company_06hahpbv: No scheduled reports collection found
[2025-06-30T19:27:09.703Z] [DEBUG] Processing company database: company_9jxwph8g
[2025-06-30T19:27:09.760Z] [DEBUG] Finding reports to execute in company_9jxwph8g (current time: 2025-06-30T19:27:09.760Z)
[2025-06-30T19:27:09.816Z] [INFO] Found 0 reports to execute in company_9jxwph8g
[2025-06-30T19:27:09.817Z] [DEBUG] Processing company database: company_ey1a4uyd
[2025-06-30T19:27:09.872Z] [DEBUG] Skipping company_ey1a4uyd: No scheduled reports collection found
[2025-06-30T19:27:09.872Z] [INFO] Scheduled reports check completed
[2025-06-30T19:27:09.875Z] [DEBUG] MongoDB connection closed
[2025-06-30T19:27:38.958Z] [INFO] Checking for scheduled reports...
[2025-06-30T19:27:39.808Z] [DEBUG] Connected to MongoDB
[2025-06-30T19:27:39.872Z] [INFO] Found 3 company databases
[2025-06-30T19:27:39.872Z] [DEBUG] Processing company database: company_06hahpbv
[2025-06-30T19:27:39.928Z] [DEBUG] Skipping company_06hahpbv: No scheduled reports collection found
[2025-06-30T19:27:39.928Z] [DEBUG] Processing company database: company_9jxwph8g
[2025-06-30T19:27:39.983Z] [DEBUG] Finding reports to execute in company_9jxwph8g (current time: 2025-06-30T19:27:39.983Z)
[2025-06-30T19:27:40.038Z] [INFO] Found 0 reports to execute in company_9jxwph8g
[2025-06-30T19:27:40.039Z] [DEBUG] Processing company database: company_ey1a4uyd
[2025-06-30T19:27:40.093Z] [DEBUG] Skipping company_ey1a4uyd: No scheduled reports collection found
[2025-06-30T19:27:40.094Z] [INFO] Scheduled reports check completed
[2025-06-30T19:27:40.098Z] [DEBUG] MongoDB connection closed
[2025-06-30T19:28:08.960Z] [INFO] Checking for scheduled reports...
[2025-06-30T19:28:09.693Z] [DEBUG] Connected to MongoDB
[2025-06-30T19:28:09.759Z] [INFO] Found 3 company databases
[2025-06-30T19:28:09.760Z] [DEBUG] Processing company database: company_06hahpbv
[2025-06-30T19:28:09.815Z] [DEBUG] Skipping company_06hahpbv: No scheduled reports collection found
[2025-06-30T19:28:09.815Z] [DEBUG] Processing company database: company_9jxwph8g
[2025-06-30T19:28:09.870Z] [DEBUG] Finding reports to execute in company_9jxwph8g (current time: 2025-06-30T19:28:09.870Z)
[2025-06-30T19:28:09.925Z] [INFO] Found 0 reports to execute in company_9jxwph8g
[2025-06-30T19:28:09.925Z] [DEBUG] Processing company database: company_ey1a4uyd
[2025-06-30T19:28:09.980Z] [DEBUG] Skipping company_ey1a4uyd: No scheduled reports collection found
[2025-06-30T19:28:09.980Z] [INFO] Scheduled reports check completed
[2025-06-30T19:28:09.983Z] [DEBUG] MongoDB connection closed
[2025-06-30T19:28:38.961Z] [INFO] Checking for scheduled reports...
[2025-06-30T19:28:39.594Z] [DEBUG] Connected to MongoDB
[2025-06-30T19:28:39.660Z] [INFO] Found 3 company databases
[2025-06-30T19:28:39.660Z] [DEBUG] Processing company database: company_06hahpbv
[2025-06-30T19:28:39.715Z] [DEBUG] Skipping company_06hahpbv: No scheduled reports collection found
[2025-06-30T19:28:39.716Z] [DEBUG] Processing company database: company_9jxwph8g
[2025-06-30T19:28:39.771Z] [DEBUG] Finding reports to execute in company_9jxwph8g (current time: 2025-06-30T19:28:39.771Z)
[2025-06-30T19:28:39.826Z] [INFO] Found 0 reports to execute in company_9jxwph8g
[2025-06-30T19:28:39.827Z] [DEBUG] Processing company database: company_ey1a4uyd
[2025-06-30T19:28:39.884Z] [DEBUG] Skipping company_ey1a4uyd: No scheduled reports collection found
[2025-06-30T19:28:39.884Z] [INFO] Scheduled reports check completed
[2025-06-30T19:28:39.888Z] [DEBUG] MongoDB connection closed
[2025-06-30T19:29:08.963Z] [INFO] Checking for scheduled reports...
[2025-06-30T19:29:09.768Z] [DEBUG] Connected to MongoDB
[2025-06-30T19:29:09.833Z] [INFO] Found 3 company databases
[2025-06-30T19:29:09.833Z] [DEBUG] Processing company database: company_06hahpbv
[2025-06-30T19:29:09.888Z] [DEBUG] Skipping company_06hahpbv: No scheduled reports collection found
[2025-06-30T19:29:09.889Z] [DEBUG] Processing company database: company_9jxwph8g
[2025-06-30T19:29:09.946Z] [DEBUG] Finding reports to execute in company_9jxwph8g (current time: 2025-06-30T19:29:09.946Z)
[2025-06-30T19:29:10.001Z] [INFO] Found 0 reports to execute in company_9jxwph8g
[2025-06-30T19:29:10.002Z] [DEBUG] Processing company database: company_ey1a4uyd
[2025-06-30T19:29:10.060Z] [DEBUG] Skipping company_ey1a4uyd: No scheduled reports collection found
[2025-06-30T19:29:10.060Z] [INFO] Scheduled reports check completed
[2025-06-30T19:29:10.063Z] [DEBUG] MongoDB connection closed
[2025-06-30T19:29:38.965Z] [INFO] Checking for scheduled reports...
[2025-06-30T19:29:39.610Z] [DEBUG] Connected to MongoDB
[2025-06-30T19:29:39.674Z] [INFO] Found 3 company databases
[2025-06-30T19:29:39.675Z] [DEBUG] Processing company database: company_06hahpbv
[2025-06-30T19:29:39.728Z] [DEBUG] Skipping company_06hahpbv: No scheduled reports collection found
[2025-06-30T19:29:39.728Z] [DEBUG] Processing company database: company_9jxwph8g
[2025-06-30T19:29:39.785Z] [DEBUG] Finding reports to execute in company_9jxwph8g (current time: 2025-06-30T19:29:39.785Z)
[2025-06-30T19:29:39.840Z] [INFO] Found 0 reports to execute in company_9jxwph8g
[2025-06-30T19:29:39.841Z] [DEBUG] Processing company database: company_ey1a4uyd
[2025-06-30T19:29:39.896Z] [DEBUG] Skipping company_ey1a4uyd: No scheduled reports collection found
[2025-06-30T19:29:39.896Z] [INFO] Scheduled reports check completed
[2025-06-30T19:29:39.900Z] [DEBUG] MongoDB connection closed
[2025-06-30T19:30:08.967Z] [INFO] Checking for scheduled reports...
[2025-06-30T19:30:09.671Z] [DEBUG] Connected to MongoDB
[2025-06-30T19:30:09.737Z] [INFO] Found 3 company databases
[2025-06-30T19:30:09.738Z] [DEBUG] Processing company database: company_06hahpbv
[2025-06-30T19:30:09.797Z] [DEBUG] Skipping company_06hahpbv: No scheduled reports collection found
[2025-06-30T19:30:09.798Z] [DEBUG] Processing company database: company_9jxwph8g
[2025-06-30T19:30:09.853Z] [DEBUG] Finding reports to execute in company_9jxwph8g (current time: 2025-06-30T19:30:09.853Z)
[2025-06-30T19:30:09.908Z] [INFO] Found 0 reports to execute in company_9jxwph8g
[2025-06-30T19:30:09.908Z] [DEBUG] Processing company database: company_ey1a4uyd
[2025-06-30T19:30:09.963Z] [DEBUG] Skipping company_ey1a4uyd: No scheduled reports collection found
[2025-06-30T19:30:09.964Z] [INFO] Scheduled reports check completed
[2025-06-30T19:30:09.966Z] [DEBUG] MongoDB connection closed
[2025-06-30T19:30:38.968Z] [INFO] Checking for scheduled reports...
[2025-06-30T19:30:39.833Z] [DEBUG] Connected to MongoDB
[2025-06-30T19:30:39.898Z] [INFO] Found 3 company databases
[2025-06-30T19:30:39.899Z] [DEBUG] Processing company database: company_06hahpbv
[2025-06-30T19:30:39.954Z] [DEBUG] Skipping company_06hahpbv: No scheduled reports collection found
[2025-06-30T19:30:39.955Z] [DEBUG] Processing company database: company_9jxwph8g
[2025-06-30T19:30:40.010Z] [DEBUG] Finding reports to execute in company_9jxwph8g (current time: 2025-06-30T19:30:40.010Z)
[2025-06-30T19:30:40.066Z] [INFO] Found 0 reports to execute in company_9jxwph8g
[2025-06-30T19:30:40.067Z] [DEBUG] Processing company database: company_ey1a4uyd
[2025-06-30T19:30:40.121Z] [DEBUG] Skipping company_ey1a4uyd: No scheduled reports collection found
[2025-06-30T19:30:40.122Z] [INFO] Scheduled reports check completed
[2025-06-30T19:30:40.124Z] [DEBUG] MongoDB connection closed
[2025-06-30T19:31:08.970Z] [INFO] Checking for scheduled reports...
[2025-06-30T19:31:09.676Z] [DEBUG] Connected to MongoDB
[2025-06-30T19:31:09.743Z] [INFO] Found 3 company databases
[2025-06-30T19:31:09.744Z] [DEBUG] Processing company database: company_06hahpbv
[2025-06-30T19:31:09.798Z] [DEBUG] Skipping company_06hahpbv: No scheduled reports collection found
[2025-06-30T19:31:09.798Z] [DEBUG] Processing company database: company_9jxwph8g
[2025-06-30T19:31:09.852Z] [DEBUG] Finding reports to execute in company_9jxwph8g (current time: 2025-06-30T19:31:09.852Z)
[2025-06-30T19:31:09.906Z] [INFO] Found 0 reports to execute in company_9jxwph8g
[2025-06-30T19:31:09.906Z] [DEBUG] Processing company database: company_ey1a4uyd
[2025-06-30T19:31:09.961Z] [DEBUG] Skipping company_ey1a4uyd: No scheduled reports collection found
[2025-06-30T19:31:09.962Z] [INFO] Scheduled reports check completed
[2025-06-30T19:31:09.965Z] [DEBUG] MongoDB connection closed
[2025-06-30T19:31:38.973Z] [INFO] Checking for scheduled reports...
[2025-06-30T19:31:39.712Z] [DEBUG] Connected to MongoDB
[2025-06-30T19:31:39.778Z] [INFO] Found 3 company databases
[2025-06-30T19:31:39.779Z] [DEBUG] Processing company database: company_06hahpbv
[2025-06-30T19:31:39.833Z] [DEBUG] Skipping company_06hahpbv: No scheduled reports collection found
[2025-06-30T19:31:39.834Z] [DEBUG] Processing company database: company_9jxwph8g
[2025-06-30T19:31:39.889Z] [DEBUG] Finding reports to execute in company_9jxwph8g (current time: 2025-06-30T19:31:39.889Z)
[2025-06-30T19:31:39.945Z] [INFO] Found 0 reports to execute in company_9jxwph8g
[2025-06-30T19:31:39.946Z] [DEBUG] Processing company database: company_ey1a4uyd
[2025-06-30T19:31:40.000Z] [DEBUG] Skipping company_ey1a4uyd: No scheduled reports collection found
[2025-06-30T19:31:40.001Z] [INFO] Scheduled reports check completed
[2025-06-30T19:31:40.003Z] [DEBUG] MongoDB connection closed
[2025-06-30T19:32:08.976Z] [INFO] Checking for scheduled reports...
[2025-06-30T19:32:09.835Z] [DEBUG] Connected to MongoDB
[2025-06-30T19:32:09.901Z] [INFO] Found 3 company databases
[2025-06-30T19:32:09.902Z] [DEBUG] Processing company database: company_06hahpbv
[2025-06-30T19:32:09.956Z] [DEBUG] Skipping company_06hahpbv: No scheduled reports collection found
[2025-06-30T19:32:09.957Z] [DEBUG] Processing company database: company_9jxwph8g
[2025-06-30T19:32:10.012Z] [DEBUG] Finding reports to execute in company_9jxwph8g (current time: 2025-06-30T19:32:10.012Z)
[2025-06-30T19:32:10.068Z] [INFO] Found 0 reports to execute in company_9jxwph8g
[2025-06-30T19:32:10.069Z] [DEBUG] Processing company database: company_ey1a4uyd
[2025-06-30T19:32:10.124Z] [DEBUG] Skipping company_ey1a4uyd: No scheduled reports collection found
[2025-06-30T19:32:10.125Z] [INFO] Scheduled reports check completed
[2025-06-30T19:32:10.127Z] [DEBUG] MongoDB connection closed
[2025-06-30T19:32:38.977Z] [INFO] Checking for scheduled reports...
[2025-06-30T19:32:39.717Z] [DEBUG] Connected to MongoDB
[2025-06-30T19:32:39.783Z] [INFO] Found 3 company databases
[2025-06-30T19:32:39.784Z] [DEBUG] Processing company database: company_06hahpbv
[2025-06-30T19:32:39.838Z] [DEBUG] Skipping company_06hahpbv: No scheduled reports collection found
[2025-06-30T19:32:39.839Z] [DEBUG] Processing company database: company_9jxwph8g
[2025-06-30T19:32:39.892Z] [DEBUG] Finding reports to execute in company_9jxwph8g (current time: 2025-06-30T19:32:39.892Z)
[2025-06-30T19:32:39.946Z] [INFO] Found 0 reports to execute in company_9jxwph8g
[2025-06-30T19:32:39.947Z] [DEBUG] Processing company database: company_ey1a4uyd
[2025-06-30T19:32:40.002Z] [DEBUG] Skipping company_ey1a4uyd: No scheduled reports collection found
[2025-06-30T19:32:40.003Z] [INFO] Scheduled reports check completed
[2025-06-30T19:32:40.005Z] [DEBUG] MongoDB connection closed
[2025-06-30T19:33:08.979Z] [INFO] Checking for scheduled reports...
[2025-06-30T19:33:09.675Z] [DEBUG] Connected to MongoDB
[2025-06-30T19:33:09.741Z] [INFO] Found 3 company databases
[2025-06-30T19:33:09.741Z] [DEBUG] Processing company database: company_06hahpbv
[2025-06-30T19:33:09.795Z] [DEBUG] Skipping company_06hahpbv: No scheduled reports collection found
[2025-06-30T19:33:09.796Z] [DEBUG] Processing company database: company_9jxwph8g
[2025-06-30T19:33:09.849Z] [DEBUG] Finding reports to execute in company_9jxwph8g (current time: 2025-06-30T19:33:09.849Z)
[2025-06-30T19:33:09.903Z] [INFO] Found 0 reports to execute in company_9jxwph8g
[2025-06-30T19:33:09.904Z] [DEBUG] Processing company database: company_ey1a4uyd
[2025-06-30T19:33:09.958Z] [DEBUG] Skipping company_ey1a4uyd: No scheduled reports collection found
[2025-06-30T19:33:09.958Z] [INFO] Scheduled reports check completed
[2025-06-30T19:33:09.961Z] [DEBUG] MongoDB connection closed
[2025-06-30T19:33:38.980Z] [INFO] Checking for scheduled reports...
[2025-06-30T19:33:39.826Z] [DEBUG] Connected to MongoDB
[2025-06-30T19:33:39.891Z] [INFO] Found 3 company databases
[2025-06-30T19:33:39.892Z] [DEBUG] Processing company database: company_06hahpbv
[2025-06-30T19:33:39.946Z] [DEBUG] Skipping company_06hahpbv: No scheduled reports collection found
[2025-06-30T19:33:39.947Z] [DEBUG] Processing company database: company_9jxwph8g
[2025-06-30T19:33:40.002Z] [DEBUG] Finding reports to execute in company_9jxwph8g (current time: 2025-06-30T19:33:40.002Z)
[2025-06-30T19:33:40.056Z] [INFO] Found 0 reports to execute in company_9jxwph8g
[2025-06-30T19:33:40.056Z] [DEBUG] Processing company database: company_ey1a4uyd
[2025-06-30T19:33:40.113Z] [DEBUG] Skipping company_ey1a4uyd: No scheduled reports collection found
[2025-06-30T19:33:40.114Z] [INFO] Scheduled reports check completed
[2025-06-30T19:33:40.117Z] [DEBUG] MongoDB connection closed
[2025-06-30T19:34:08.983Z] [INFO] Checking for scheduled reports...
[2025-06-30T19:34:09.674Z] [DEBUG] Connected to MongoDB
[2025-06-30T19:34:09.740Z] [INFO] Found 3 company databases
[2025-06-30T19:34:09.740Z] [DEBUG] Processing company database: company_06hahpbv
[2025-06-30T19:34:09.794Z] [DEBUG] Skipping company_06hahpbv: No scheduled reports collection found
[2025-06-30T19:34:09.795Z] [DEBUG] Processing company database: company_9jxwph8g
[2025-06-30T19:34:09.849Z] [DEBUG] Finding reports to execute in company_9jxwph8g (current time: 2025-06-30T19:34:09.849Z)
[2025-06-30T19:34:09.913Z] [INFO] Found 0 reports to execute in company_9jxwph8g
[2025-06-30T19:34:09.914Z] [DEBUG] Processing company database: company_ey1a4uyd
[2025-06-30T19:34:09.975Z] [DEBUG] Skipping company_ey1a4uyd: No scheduled reports collection found
[2025-06-30T19:34:09.975Z] [INFO] Scheduled reports check completed
[2025-06-30T19:34:09.978Z] [DEBUG] MongoDB connection closed
[2025-06-30T19:34:38.985Z] [INFO] Checking for scheduled reports...
[2025-06-30T19:34:39.729Z] [DEBUG] Connected to MongoDB
[2025-06-30T19:34:39.800Z] [INFO] Found 3 company databases
[2025-06-30T19:34:39.801Z] [DEBUG] Processing company database: company_06hahpbv
[2025-06-30T19:34:39.855Z] [DEBUG] Skipping company_06hahpbv: No scheduled reports collection found
[2025-06-30T19:34:39.856Z] [DEBUG] Processing company database: company_9jxwph8g
[2025-06-30T19:34:39.911Z] [DEBUG] Finding reports to execute in company_9jxwph8g (current time: 2025-06-30T19:34:39.911Z)
[2025-06-30T19:34:39.966Z] [INFO] Found 0 reports to execute in company_9jxwph8g
[2025-06-30T19:34:39.966Z] [DEBUG] Processing company database: company_ey1a4uyd
[2025-06-30T19:34:40.021Z] [DEBUG] Skipping company_ey1a4uyd: No scheduled reports collection found
[2025-06-30T19:34:40.022Z] [INFO] Scheduled reports check completed
[2025-06-30T19:34:40.025Z] [DEBUG] MongoDB connection closed
[2025-06-30T19:35:08.987Z] [INFO] Checking for scheduled reports...
[2025-06-30T19:35:09.890Z] [DEBUG] Connected to MongoDB
[2025-06-30T19:35:09.954Z] [INFO] Found 3 company databases
[2025-06-30T19:35:09.955Z] [DEBUG] Processing company database: company_06hahpbv
[2025-06-30T19:35:10.009Z] [DEBUG] Skipping company_06hahpbv: No scheduled reports collection found
[2025-06-30T19:35:10.010Z] [DEBUG] Processing company database: company_9jxwph8g
[2025-06-30T19:35:10.063Z] [DEBUG] Finding reports to execute in company_9jxwph8g (current time: 2025-06-30T19:35:10.063Z)
[2025-06-30T19:35:10.117Z] [INFO] Found 0 reports to execute in company_9jxwph8g
[2025-06-30T19:35:10.118Z] [DEBUG] Processing company database: company_ey1a4uyd
[2025-06-30T19:35:10.172Z] [DEBUG] Skipping company_ey1a4uyd: No scheduled reports collection found
[2025-06-30T19:35:10.173Z] [INFO] Scheduled reports check completed
[2025-06-30T19:35:10.176Z] [DEBUG] MongoDB connection closed
[2025-06-30T19:35:38.988Z] [INFO] Checking for scheduled reports...
[2025-06-30T19:35:39.713Z] [DEBUG] Connected to MongoDB
[2025-06-30T19:35:39.779Z] [INFO] Found 3 company databases
[2025-06-30T19:35:39.779Z] [DEBUG] Processing company database: company_06hahpbv
[2025-06-30T19:35:39.832Z] [DEBUG] Skipping company_06hahpbv: No scheduled reports collection found
[2025-06-30T19:35:39.832Z] [DEBUG] Processing company database: company_9jxwph8g
[2025-06-30T19:35:39.886Z] [DEBUG] Finding reports to execute in company_9jxwph8g (current time: 2025-06-30T19:35:39.886Z)
[2025-06-30T19:35:39.940Z] [INFO] Found 0 reports to execute in company_9jxwph8g
[2025-06-30T19:35:39.940Z] [DEBUG] Processing company database: company_ey1a4uyd
[2025-06-30T19:35:39.994Z] [DEBUG] Skipping company_ey1a4uyd: No scheduled reports collection found
[2025-06-30T19:35:39.994Z] [INFO] Scheduled reports check completed
[2025-06-30T19:35:39.995Z] [DEBUG] MongoDB connection closed
[2025-06-30T19:36:08.989Z] [INFO] Checking for scheduled reports...
[2025-06-30T19:36:09.694Z] [DEBUG] Connected to MongoDB
[2025-06-30T19:36:09.761Z] [INFO] Found 3 company databases
[2025-06-30T19:36:09.762Z] [DEBUG] Processing company database: company_06hahpbv
[2025-06-30T19:36:09.816Z] [DEBUG] Skipping company_06hahpbv: No scheduled reports collection found
[2025-06-30T19:36:09.817Z] [DEBUG] Processing company database: company_9jxwph8g
[2025-06-30T19:36:09.872Z] [DEBUG] Finding reports to execute in company_9jxwph8g (current time: 2025-06-30T19:36:09.872Z)
[2025-06-30T19:36:09.926Z] [INFO] Found 0 reports to execute in company_9jxwph8g
[2025-06-30T19:36:09.927Z] [DEBUG] Processing company database: company_ey1a4uyd
[2025-06-30T19:36:09.982Z] [DEBUG] Skipping company_ey1a4uyd: No scheduled reports collection found
[2025-06-30T19:36:09.983Z] [INFO] Scheduled reports check completed
[2025-06-30T19:36:09.985Z] [DEBUG] MongoDB connection closed
[2025-06-30T19:36:38.991Z] [INFO] Checking for scheduled reports...
[2025-06-30T19:36:39.834Z] [DEBUG] Connected to MongoDB
[2025-06-30T19:36:39.898Z] [INFO] Found 3 company databases
[2025-06-30T19:36:39.898Z] [DEBUG] Processing company database: company_06hahpbv
[2025-06-30T19:36:39.952Z] [DEBUG] Skipping company_06hahpbv: No scheduled reports collection found
[2025-06-30T19:36:39.953Z] [DEBUG] Processing company database: company_9jxwph8g
[2025-06-30T19:36:40.008Z] [DEBUG] Finding reports to execute in company_9jxwph8g (current time: 2025-06-30T19:36:40.008Z)
[2025-06-30T19:36:40.063Z] [INFO] Found 0 reports to execute in company_9jxwph8g
[2025-06-30T19:36:40.064Z] [DEBUG] Processing company database: company_ey1a4uyd
[2025-06-30T19:36:40.119Z] [DEBUG] Skipping company_ey1a4uyd: No scheduled reports collection found
[2025-06-30T19:36:40.120Z] [INFO] Scheduled reports check completed
[2025-06-30T19:36:40.123Z] [DEBUG] MongoDB connection closed
[2025-06-30T19:37:08.992Z] [INFO] Checking for scheduled reports...
[2025-06-30T19:37:09.694Z] [DEBUG] Connected to MongoDB
[2025-06-30T19:37:09.758Z] [INFO] Found 3 company databases
[2025-06-30T19:37:09.759Z] [DEBUG] Processing company database: company_06hahpbv
[2025-06-30T19:37:09.812Z] [DEBUG] Skipping company_06hahpbv: No scheduled reports collection found
[2025-06-30T19:37:09.813Z] [DEBUG] Processing company database: company_9jxwph8g
[2025-06-30T19:37:09.866Z] [DEBUG] Finding reports to execute in company_9jxwph8g (current time: 2025-06-30T19:37:09.866Z)
[2025-06-30T19:37:09.920Z] [INFO] Found 0 reports to execute in company_9jxwph8g
[2025-06-30T19:37:09.920Z] [DEBUG] Processing company database: company_ey1a4uyd
[2025-06-30T19:37:09.975Z] [DEBUG] Skipping company_ey1a4uyd: No scheduled reports collection found
[2025-06-30T19:37:09.975Z] [INFO] Scheduled reports check completed
[2025-06-30T19:37:09.978Z] [DEBUG] MongoDB connection closed
[2025-06-30T19:37:38.993Z] [INFO] Checking for scheduled reports...
[2025-06-30T19:37:39.725Z] [DEBUG] Connected to MongoDB
[2025-06-30T19:37:39.789Z] [INFO] Found 3 company databases
[2025-06-30T19:37:39.790Z] [DEBUG] Processing company database: company_06hahpbv
[2025-06-30T19:37:39.844Z] [DEBUG] Skipping company_06hahpbv: No scheduled reports collection found
[2025-06-30T19:37:39.845Z] [DEBUG] Processing company database: company_9jxwph8g
[2025-06-30T19:37:39.899Z] [DEBUG] Finding reports to execute in company_9jxwph8g (current time: 2025-06-30T19:37:39.899Z)
[2025-06-30T19:37:39.954Z] [INFO] Found 0 reports to execute in company_9jxwph8g
[2025-06-30T19:37:39.954Z] [DEBUG] Processing company database: company_ey1a4uyd
[2025-06-30T19:37:40.008Z] [DEBUG] Skipping company_ey1a4uyd: No scheduled reports collection found
[2025-06-30T19:37:40.009Z] [INFO] Scheduled reports check completed
[2025-06-30T19:37:40.010Z] [DEBUG] MongoDB connection closed
[2025-06-30T19:38:08.993Z] [INFO] Checking for scheduled reports...
[2025-06-30T19:38:09.674Z] [DEBUG] Connected to MongoDB
[2025-06-30T19:38:09.736Z] [INFO] Found 3 company databases
[2025-06-30T19:38:09.736Z] [DEBUG] Processing company database: company_06hahpbv
[2025-06-30T19:38:09.785Z] [DEBUG] Skipping company_06hahpbv: No scheduled reports collection found
[2025-06-30T19:38:09.785Z] [DEBUG] Processing company database: company_9jxwph8g
[2025-06-30T19:38:09.835Z] [DEBUG] Finding reports to execute in company_9jxwph8g (current time: 2025-06-30T19:38:09.835Z)
[2025-06-30T19:38:09.884Z] [INFO] Found 0 reports to execute in company_9jxwph8g
[2025-06-30T19:38:09.885Z] [DEBUG] Processing company database: company_ey1a4uyd
[2025-06-30T19:38:09.941Z] [DEBUG] Skipping company_ey1a4uyd: No scheduled reports collection found
[2025-06-30T19:38:09.941Z] [INFO] Scheduled reports check completed
[2025-06-30T19:38:09.942Z] [DEBUG] MongoDB connection closed
[2025-06-30T19:38:38.971Z] [INFO] Checking for scheduled reports...
[2025-06-30T19:38:39.673Z] [DEBUG] Connected to MongoDB
[2025-06-30T19:38:39.734Z] [INFO] Found 3 company databases
[2025-06-30T19:38:39.735Z] [DEBUG] Processing company database: company_06hahpbv
[2025-06-30T19:38:39.785Z] [DEBUG] Skipping company_06hahpbv: No scheduled reports collection found
[2025-06-30T19:38:39.786Z] [DEBUG] Processing company database: company_9jxwph8g
[2025-06-30T19:38:39.837Z] [DEBUG] Finding reports to execute in company_9jxwph8g (current time: 2025-06-30T19:38:39.836Z)
[2025-06-30T19:38:39.886Z] [INFO] Found 0 reports to execute in company_9jxwph8g
[2025-06-30T19:38:39.887Z] [DEBUG] Processing company database: company_ey1a4uyd
[2025-06-30T19:38:39.936Z] [DEBUG] Skipping company_ey1a4uyd: No scheduled reports collection found
[2025-06-30T19:38:39.937Z] [INFO] Scheduled reports check completed
[2025-06-30T19:38:39.940Z] [DEBUG] MongoDB connection closed
[2025-06-30T19:39:08.968Z] [INFO] Checking for scheduled reports...
[2025-06-30T19:39:09.626Z] [DEBUG] Connected to MongoDB
[2025-06-30T19:39:09.688Z] [INFO] Found 3 company databases
[2025-06-30T19:39:09.688Z] [DEBUG] Processing company database: company_06hahpbv
[2025-06-30T19:39:09.738Z] [DEBUG] Skipping company_06hahpbv: No scheduled reports collection found
[2025-06-30T19:39:09.738Z] [DEBUG] Processing company database: company_9jxwph8g
[2025-06-30T19:39:09.789Z] [DEBUG] Finding reports to execute in company_9jxwph8g (current time: 2025-06-30T19:39:09.789Z)
[2025-06-30T19:39:09.852Z] [INFO] Found 0 reports to execute in company_9jxwph8g
[2025-06-30T19:39:09.852Z] [DEBUG] Processing company database: company_ey1a4uyd
[2025-06-30T19:39:09.903Z] [DEBUG] Skipping company_ey1a4uyd: No scheduled reports collection found
[2025-06-30T19:39:09.904Z] [INFO] Scheduled reports check completed
[2025-06-30T19:39:09.907Z] [DEBUG] MongoDB connection closed
[2025-06-30T19:39:38.968Z] [INFO] Checking for scheduled reports...
[2025-06-30T19:39:39.772Z] [DEBUG] Connected to MongoDB
[2025-06-30T19:39:39.834Z] [INFO] Found 3 company databases
[2025-06-30T19:39:39.835Z] [DEBUG] Processing company database: company_06hahpbv
[2025-06-30T19:39:39.887Z] [DEBUG] Skipping company_06hahpbv: No scheduled reports collection found
[2025-06-30T19:39:39.887Z] [DEBUG] Processing company database: company_9jxwph8g
[2025-06-30T19:39:39.938Z] [DEBUG] Finding reports to execute in company_9jxwph8g (current time: 2025-06-30T19:39:39.938Z)
[2025-06-30T19:39:39.988Z] [INFO] Found 0 reports to execute in company_9jxwph8g
[2025-06-30T19:39:39.989Z] [DEBUG] Processing company database: company_ey1a4uyd
[2025-06-30T19:39:40.039Z] [DEBUG] Skipping company_ey1a4uyd: No scheduled reports collection found
[2025-06-30T19:39:40.040Z] [INFO] Scheduled reports check completed
[2025-06-30T19:39:40.043Z] [DEBUG] MongoDB connection closed
[2025-06-30T19:40:08.969Z] [INFO] Checking for scheduled reports...
[2025-06-30T19:40:09.623Z] [DEBUG] Connected to MongoDB
[2025-06-30T19:40:09.684Z] [INFO] Found 3 company databases
[2025-06-30T19:40:09.684Z] [DEBUG] Processing company database: company_06hahpbv
[2025-06-30T19:40:09.734Z] [DEBUG] Skipping company_06hahpbv: No scheduled reports collection found
[2025-06-30T19:40:09.735Z] [DEBUG] Processing company database: company_9jxwph8g
[2025-06-30T19:40:09.788Z] [DEBUG] Finding reports to execute in company_9jxwph8g (current time: 2025-06-30T19:40:09.788Z)
[2025-06-30T19:40:09.838Z] [INFO] Found 0 reports to execute in company_9jxwph8g
[2025-06-30T19:40:09.838Z] [DEBUG] Processing company database: company_ey1a4uyd
[2025-06-30T19:40:09.888Z] [DEBUG] Skipping company_ey1a4uyd: No scheduled reports collection found
[2025-06-30T19:40:09.889Z] [INFO] Scheduled reports check completed
[2025-06-30T19:40:09.892Z] [DEBUG] MongoDB connection closed
[2025-06-30T19:40:38.971Z] [INFO] Checking for scheduled reports...
[2025-06-30T19:40:39.653Z] [DEBUG] Connected to MongoDB
[2025-06-30T19:40:39.714Z] [INFO] Found 3 company databases
[2025-06-30T19:40:39.715Z] [DEBUG] Processing company database: company_06hahpbv
[2025-06-30T19:40:39.765Z] [DEBUG] Skipping company_06hahpbv: No scheduled reports collection found
[2025-06-30T19:40:39.766Z] [DEBUG] Processing company database: company_9jxwph8g
[2025-06-30T19:40:39.817Z] [DEBUG] Finding reports to execute in company_9jxwph8g (current time: 2025-06-30T19:40:39.816Z)
[2025-06-30T19:40:39.867Z] [INFO] Found 0 reports to execute in company_9jxwph8g
[2025-06-30T19:40:39.868Z] [DEBUG] Processing company database: company_ey1a4uyd
[2025-06-30T19:40:39.918Z] [DEBUG] Skipping company_ey1a4uyd: No scheduled reports collection found
[2025-06-30T19:40:39.919Z] [INFO] Scheduled reports check completed
[2025-06-30T19:40:39.921Z] [DEBUG] MongoDB connection closed
[2025-06-30T19:41:08.972Z] [INFO] Checking for scheduled reports...
[2025-06-30T19:41:09.739Z] [DEBUG] Connected to MongoDB
[2025-06-30T19:41:09.801Z] [INFO] Found 3 company databases
[2025-06-30T19:41:09.802Z] [DEBUG] Processing company database: company_06hahpbv
[2025-06-30T19:41:09.851Z] [DEBUG] Skipping company_06hahpbv: No scheduled reports collection found
[2025-06-30T19:41:09.852Z] [DEBUG] Processing company database: company_9jxwph8g
[2025-06-30T19:41:09.903Z] [DEBUG] Finding reports to execute in company_9jxwph8g (current time: 2025-06-30T19:41:09.903Z)
[2025-06-30T19:41:09.954Z] [INFO] Found 0 reports to execute in company_9jxwph8g
[2025-06-30T19:41:09.955Z] [DEBUG] Processing company database: company_ey1a4uyd
[2025-06-30T19:41:10.005Z] [DEBUG] Skipping company_ey1a4uyd: No scheduled reports collection found
[2025-06-30T19:41:10.005Z] [INFO] Scheduled reports check completed
[2025-06-30T19:41:10.008Z] [DEBUG] MongoDB connection closed
[2025-06-30T19:41:38.973Z] [INFO] Checking for scheduled reports...
[2025-06-30T19:41:39.661Z] [DEBUG] Connected to MongoDB
[2025-06-30T19:41:39.722Z] [INFO] Found 3 company databases
[2025-06-30T19:41:39.723Z] [DEBUG] Processing company database: company_06hahpbv
[2025-06-30T19:41:39.773Z] [DEBUG] Skipping company_06hahpbv: No scheduled reports collection found
[2025-06-30T19:41:39.774Z] [DEBUG] Processing company database: company_9jxwph8g
[2025-06-30T19:41:39.825Z] [DEBUG] Finding reports to execute in company_9jxwph8g (current time: 2025-06-30T19:41:39.825Z)
[2025-06-30T19:41:39.876Z] [INFO] Found 0 reports to execute in company_9jxwph8g
[2025-06-30T19:41:39.877Z] [DEBUG] Processing company database: company_ey1a4uyd
[2025-06-30T19:41:39.927Z] [DEBUG] Skipping company_ey1a4uyd: No scheduled reports collection found
[2025-06-30T19:41:39.928Z] [INFO] Scheduled reports check completed
[2025-06-30T19:41:39.930Z] [DEBUG] MongoDB connection closed
[2025-06-30T19:42:08.974Z] [INFO] Checking for scheduled reports...
[2025-06-30T19:42:09.631Z] [DEBUG] Connected to MongoDB
[2025-06-30T19:42:09.692Z] [INFO] Found 3 company databases
[2025-06-30T19:42:09.693Z] [DEBUG] Processing company database: company_06hahpbv
[2025-06-30T19:42:09.744Z] [DEBUG] Skipping company_06hahpbv: No scheduled reports collection found
[2025-06-30T19:42:09.744Z] [DEBUG] Processing company database: company_9jxwph8g
[2025-06-30T19:42:09.796Z] [DEBUG] Finding reports to execute in company_9jxwph8g (current time: 2025-06-30T19:42:09.796Z)
[2025-06-30T19:42:09.847Z] [INFO] Found 0 reports to execute in company_9jxwph8g
[2025-06-30T19:42:09.847Z] [DEBUG] Processing company database: company_ey1a4uyd
[2025-06-30T19:42:09.898Z] [DEBUG] Skipping company_ey1a4uyd: No scheduled reports collection found
[2025-06-30T19:42:09.899Z] [INFO] Scheduled reports check completed
[2025-06-30T19:42:09.901Z] [DEBUG] MongoDB connection closed
[2025-06-30T19:42:38.975Z] [INFO] Checking for scheduled reports...
[2025-06-30T19:42:39.778Z] [DEBUG] Connected to MongoDB
[2025-06-30T19:42:39.839Z] [INFO] Found 3 company databases
[2025-06-30T19:42:39.840Z] [DEBUG] Processing company database: company_06hahpbv
[2025-06-30T19:42:39.889Z] [DEBUG] Skipping company_06hahpbv: No scheduled reports collection found
[2025-06-30T19:42:39.890Z] [DEBUG] Processing company database: company_9jxwph8g
[2025-06-30T19:42:39.940Z] [DEBUG] Finding reports to execute in company_9jxwph8g (current time: 2025-06-30T19:42:39.940Z)
[2025-06-30T19:42:39.990Z] [INFO] Found 0 reports to execute in company_9jxwph8g
[2025-06-30T19:42:39.991Z] [DEBUG] Processing company database: company_ey1a4uyd
[2025-06-30T19:42:40.041Z] [DEBUG] Skipping company_ey1a4uyd: No scheduled reports collection found
[2025-06-30T19:42:40.041Z] [INFO] Scheduled reports check completed
[2025-06-30T19:42:40.044Z] [DEBUG] MongoDB connection closed
[2025-06-30T19:43:08.975Z] [INFO] Checking for scheduled reports...
[2025-06-30T19:43:09.630Z] [DEBUG] Connected to MongoDB
[2025-06-30T19:43:09.691Z] [INFO] Found 3 company databases
[2025-06-30T19:43:09.692Z] [DEBUG] Processing company database: company_06hahpbv
[2025-06-30T19:43:09.742Z] [DEBUG] Skipping company_06hahpbv: No scheduled reports collection found
[2025-06-30T19:43:09.743Z] [DEBUG] Processing company database: company_9jxwph8g
[2025-06-30T19:43:09.793Z] [DEBUG] Finding reports to execute in company_9jxwph8g (current time: 2025-06-30T19:43:09.793Z)
[2025-06-30T19:43:09.843Z] [INFO] Found 0 reports to execute in company_9jxwph8g
[2025-06-30T19:43:09.844Z] [DEBUG] Processing company database: company_ey1a4uyd
[2025-06-30T19:43:09.894Z] [DEBUG] Skipping company_ey1a4uyd: No scheduled reports collection found
[2025-06-30T19:43:09.895Z] [INFO] Scheduled reports check completed
[2025-06-30T19:43:09.897Z] [DEBUG] MongoDB connection closed
[2025-06-30T19:43:38.975Z] [INFO] Checking for scheduled reports...
[2025-06-30T19:43:39.663Z] [DEBUG] Connected to MongoDB
[2025-06-30T19:43:39.724Z] [INFO] Found 3 company databases
[2025-06-30T19:43:39.725Z] [DEBUG] Processing company database: company_06hahpbv
[2025-06-30T19:43:39.775Z] [DEBUG] Skipping company_06hahpbv: No scheduled reports collection found
[2025-06-30T19:43:39.776Z] [DEBUG] Processing company database: company_9jxwph8g
[2025-06-30T19:43:39.827Z] [DEBUG] Finding reports to execute in company_9jxwph8g (current time: 2025-06-30T19:43:39.827Z)
[2025-06-30T19:43:39.877Z] [INFO] Found 0 reports to execute in company_9jxwph8g
[2025-06-30T19:43:39.877Z] [DEBUG] Processing company database: company_ey1a4uyd
[2025-06-30T19:43:39.927Z] [DEBUG] Skipping company_ey1a4uyd: No scheduled reports collection found
[2025-06-30T19:43:39.928Z] [INFO] Scheduled reports check completed
[2025-06-30T19:43:39.930Z] [DEBUG] MongoDB connection closed
[2025-06-30T19:44:08.975Z] [INFO] Checking for scheduled reports...
[2025-06-30T19:44:09.768Z] [DEBUG] Connected to MongoDB
[2025-06-30T19:44:09.836Z] [INFO] Found 3 company databases
[2025-06-30T19:44:09.837Z] [DEBUG] Processing company database: company_06hahpbv
[2025-06-30T19:44:09.898Z] [DEBUG] Skipping company_06hahpbv: No scheduled reports collection found
[2025-06-30T19:44:09.898Z] [DEBUG] Processing company database: company_9jxwph8g
[2025-06-30T19:44:09.953Z] [DEBUG] Finding reports to execute in company_9jxwph8g (current time: 2025-06-30T19:44:09.953Z)
[2025-06-30T19:44:10.006Z] [INFO] Found 0 reports to execute in company_9jxwph8g
[2025-06-30T19:44:10.007Z] [DEBUG] Processing company database: company_ey1a4uyd
[2025-06-30T19:44:10.061Z] [DEBUG] Skipping company_ey1a4uyd: No scheduled reports collection found
[2025-06-30T19:44:10.061Z] [INFO] Scheduled reports check completed
[2025-06-30T19:44:10.064Z] [DEBUG] MongoDB connection closed
[2025-06-30T19:44:38.976Z] [INFO] Checking for scheduled reports...
[2025-06-30T19:44:39.681Z] [DEBUG] Connected to MongoDB
[2025-06-30T19:44:39.743Z] [INFO] Found 3 company databases
[2025-06-30T19:44:39.744Z] [DEBUG] Processing company database: company_06hahpbv
[2025-06-30T19:44:39.795Z] [DEBUG] Skipping company_06hahpbv: No scheduled reports collection found
[2025-06-30T19:44:39.796Z] [DEBUG] Processing company database: company_9jxwph8g
[2025-06-30T19:44:39.847Z] [DEBUG] Finding reports to execute in company_9jxwph8g (current time: 2025-06-30T19:44:39.847Z)
[2025-06-30T19:44:39.897Z] [INFO] Found 0 reports to execute in company_9jxwph8g
[2025-06-30T19:44:39.898Z] [DEBUG] Processing company database: company_ey1a4uyd
[2025-06-30T19:44:39.947Z] [DEBUG] Skipping company_ey1a4uyd: No scheduled reports collection found
[2025-06-30T19:44:39.948Z] [INFO] Scheduled reports check completed
[2025-06-30T19:44:39.951Z] [DEBUG] MongoDB connection closed
[2025-06-30T19:45:08.976Z] [INFO] Checking for scheduled reports...
[2025-06-30T19:45:09.763Z] [DEBUG] Connected to MongoDB
[2025-06-30T19:45:09.829Z] [INFO] Found 3 company databases
[2025-06-30T19:45:09.830Z] [DEBUG] Processing company database: company_06hahpbv
[2025-06-30T19:45:09.884Z] [DEBUG] Skipping company_06hahpbv: No scheduled reports collection found
[2025-06-30T19:45:09.884Z] [DEBUG] Processing company database: company_9jxwph8g
[2025-06-30T19:45:09.939Z] [DEBUG] Finding reports to execute in company_9jxwph8g (current time: 2025-06-30T19:45:09.939Z)
[2025-06-30T19:45:09.993Z] [INFO] Found 0 reports to execute in company_9jxwph8g
[2025-06-30T19:45:09.994Z] [DEBUG] Processing company database: company_ey1a4uyd
[2025-06-30T19:45:10.048Z] [DEBUG] Skipping company_ey1a4uyd: No scheduled reports collection found
[2025-06-30T19:45:10.049Z] [INFO] Scheduled reports check completed
[2025-06-30T19:45:10.051Z] [DEBUG] MongoDB connection closed
[2025-06-30T19:45:38.976Z] [INFO] Checking for scheduled reports...
[2025-06-30T19:45:39.821Z] [DEBUG] Connected to MongoDB
[2025-06-30T19:45:39.886Z] [INFO] Found 3 company databases
[2025-06-30T19:45:39.886Z] [DEBUG] Processing company database: company_06hahpbv
[2025-06-30T19:45:39.940Z] [DEBUG] Skipping company_06hahpbv: No scheduled reports collection found
[2025-06-30T19:45:39.941Z] [DEBUG] Processing company database: company_9jxwph8g
[2025-06-30T19:45:39.996Z] [DEBUG] Finding reports to execute in company_9jxwph8g (current time: 2025-06-30T19:45:39.996Z)
[2025-06-30T19:45:40.052Z] [INFO] Found 0 reports to execute in company_9jxwph8g
[2025-06-30T19:45:40.053Z] [DEBUG] Processing company database: company_ey1a4uyd
[2025-06-30T19:45:40.107Z] [DEBUG] Skipping company_ey1a4uyd: No scheduled reports collection found
[2025-06-30T19:45:40.108Z] [INFO] Scheduled reports check completed
[2025-06-30T19:45:40.109Z] [DEBUG] MongoDB connection closed
[2025-06-30T19:46:08.977Z] [INFO] Checking for scheduled reports...
[2025-06-30T19:46:09.675Z] [DEBUG] Connected to MongoDB
[2025-06-30T19:46:09.744Z] [INFO] Found 3 company databases
[2025-06-30T19:46:09.744Z] [DEBUG] Processing company database: company_06hahpbv
[2025-06-30T19:46:09.800Z] [DEBUG] Skipping company_06hahpbv: No scheduled reports collection found
[2025-06-30T19:46:09.801Z] [DEBUG] Processing company database: company_9jxwph8g
[2025-06-30T19:46:09.857Z] [DEBUG] Finding reports to execute in company_9jxwph8g (current time: 2025-06-30T19:46:09.857Z)
[2025-06-30T19:46:09.912Z] [INFO] Found 0 reports to execute in company_9jxwph8g
[2025-06-30T19:46:09.913Z] [DEBUG] Processing company database: company_ey1a4uyd
[2025-06-30T19:46:09.967Z] [DEBUG] Skipping company_ey1a4uyd: No scheduled reports collection found
[2025-06-30T19:46:09.968Z] [INFO] Scheduled reports check completed
[2025-06-30T19:46:09.971Z] [DEBUG] MongoDB connection closed
[2025-06-30T19:46:38.978Z] [INFO] Checking for scheduled reports...
[2025-06-30T19:46:39.710Z] [DEBUG] Connected to MongoDB
[2025-06-30T19:46:39.775Z] [INFO] Found 3 company databases
[2025-06-30T19:46:39.776Z] [DEBUG] Processing company database: company_06hahpbv
[2025-06-30T19:46:39.831Z] [DEBUG] Skipping company_06hahpbv: No scheduled reports collection found
[2025-06-30T19:46:39.831Z] [DEBUG] Processing company database: company_9jxwph8g
[2025-06-30T19:46:39.887Z] [DEBUG] Finding reports to execute in company_9jxwph8g (current time: 2025-06-30T19:46:39.887Z)
[2025-06-30T19:46:39.941Z] [INFO] Found 0 reports to execute in company_9jxwph8g
[2025-06-30T19:46:39.941Z] [DEBUG] Processing company database: company_ey1a4uyd
[2025-06-30T19:46:39.995Z] [DEBUG] Skipping company_ey1a4uyd: No scheduled reports collection found
[2025-06-30T19:46:39.995Z] [INFO] Scheduled reports check completed
[2025-06-30T19:46:39.997Z] [DEBUG] MongoDB connection closed
[2025-06-30T19:47:08.980Z] [INFO] Checking for scheduled reports...
[2025-06-30T19:47:09.868Z] [DEBUG] Connected to MongoDB
[2025-06-30T19:47:09.932Z] [INFO] Found 3 company databases
[2025-06-30T19:47:09.933Z] [DEBUG] Processing company database: company_06hahpbv
[2025-06-30T19:47:09.987Z] [DEBUG] Skipping company_06hahpbv: No scheduled reports collection found
[2025-06-30T19:47:09.988Z] [DEBUG] Processing company database: company_9jxwph8g
[2025-06-30T19:47:10.043Z] [DEBUG] Finding reports to execute in company_9jxwph8g (current time: 2025-06-30T19:47:10.043Z)
[2025-06-30T19:47:10.096Z] [INFO] Found 0 reports to execute in company_9jxwph8g
[2025-06-30T19:47:10.097Z] [DEBUG] Processing company database: company_ey1a4uyd
[2025-06-30T19:47:10.154Z] [DEBUG] Skipping company_ey1a4uyd: No scheduled reports collection found
[2025-06-30T19:47:10.155Z] [INFO] Scheduled reports check completed
[2025-06-30T19:47:10.164Z] [DEBUG] MongoDB connection closed
[2025-06-30T19:47:38.980Z] [INFO] Checking for scheduled reports...
[2025-06-30T19:47:39.716Z] [DEBUG] Connected to MongoDB
[2025-06-30T19:47:39.782Z] [INFO] Found 3 company databases
[2025-06-30T19:47:39.783Z] [DEBUG] Processing company database: company_06hahpbv
[2025-06-30T19:47:39.837Z] [DEBUG] Skipping company_06hahpbv: No scheduled reports collection found
[2025-06-30T19:47:39.837Z] [DEBUG] Processing company database: company_9jxwph8g
[2025-06-30T19:47:39.895Z] [DEBUG] Finding reports to execute in company_9jxwph8g (current time: 2025-06-30T19:47:39.895Z)
[2025-06-30T19:47:39.948Z] [INFO] Found 0 reports to execute in company_9jxwph8g
[2025-06-30T19:47:39.949Z] [DEBUG] Processing company database: company_ey1a4uyd
[2025-06-30T19:47:40.002Z] [DEBUG] Skipping company_ey1a4uyd: No scheduled reports collection found
[2025-06-30T19:47:40.002Z] [INFO] Scheduled reports check completed
[2025-06-30T19:47:40.004Z] [DEBUG] MongoDB connection closed
[2025-06-30T19:48:08.981Z] [INFO] Checking for scheduled reports...
[2025-06-30T19:48:09.676Z] [DEBUG] Connected to MongoDB
[2025-06-30T19:48:09.742Z] [INFO] Found 3 company databases
[2025-06-30T19:48:09.742Z] [DEBUG] Processing company database: company_06hahpbv
[2025-06-30T19:48:09.796Z] [DEBUG] Skipping company_06hahpbv: No scheduled reports collection found
[2025-06-30T19:48:09.797Z] [DEBUG] Processing company database: company_9jxwph8g
[2025-06-30T19:48:09.851Z] [DEBUG] Finding reports to execute in company_9jxwph8g (current time: 2025-06-30T19:48:09.851Z)
[2025-06-30T19:48:09.905Z] [INFO] Found 0 reports to execute in company_9jxwph8g
[2025-06-30T19:48:09.906Z] [DEBUG] Processing company database: company_ey1a4uyd
[2025-06-30T19:48:09.960Z] [DEBUG] Skipping company_ey1a4uyd: No scheduled reports collection found
[2025-06-30T19:48:09.961Z] [INFO] Scheduled reports check completed
[2025-06-30T19:48:09.964Z] [DEBUG] MongoDB connection closed
[2025-06-30T19:48:38.983Z] [INFO] Checking for scheduled reports...
[2025-06-30T19:48:39.912Z] [DEBUG] Connected to MongoDB
[2025-06-30T19:48:39.978Z] [INFO] Found 3 company databases
[2025-06-30T19:48:39.979Z] [DEBUG] Processing company database: company_06hahpbv
[2025-06-30T19:48:40.036Z] [DEBUG] Skipping company_06hahpbv: No scheduled reports collection found
[2025-06-30T19:48:40.037Z] [DEBUG] Processing company database: company_9jxwph8g
[2025-06-30T19:48:40.094Z] [DEBUG] Finding reports to execute in company_9jxwph8g (current time: 2025-06-30T19:48:40.094Z)
[2025-06-30T19:48:40.150Z] [INFO] Found 0 reports to execute in company_9jxwph8g
[2025-06-30T19:48:40.151Z] [DEBUG] Processing company database: company_ey1a4uyd
[2025-06-30T19:48:40.205Z] [DEBUG] Skipping company_ey1a4uyd: No scheduled reports collection found
[2025-06-30T19:48:40.205Z] [INFO] Scheduled reports check completed
[2025-06-30T19:48:40.208Z] [DEBUG] MongoDB connection closed
[2025-06-30T19:49:08.984Z] [INFO] Checking for scheduled reports...
[2025-06-30T19:49:09.693Z] [DEBUG] Connected to MongoDB
[2025-06-30T19:49:09.758Z] [INFO] Found 3 company databases
[2025-06-30T19:49:09.759Z] [DEBUG] Processing company database: company_06hahpbv
[2025-06-30T19:49:09.812Z] [DEBUG] Skipping company_06hahpbv: No scheduled reports collection found
[2025-06-30T19:49:09.812Z] [DEBUG] Processing company database: company_9jxwph8g
[2025-06-30T19:49:09.866Z] [DEBUG] Finding reports to execute in company_9jxwph8g (current time: 2025-06-30T19:49:09.866Z)
[2025-06-30T19:49:09.920Z] [INFO] Found 0 reports to execute in company_9jxwph8g
[2025-06-30T19:49:09.920Z] [DEBUG] Processing company database: company_ey1a4uyd
[2025-06-30T19:49:09.974Z] [DEBUG] Skipping company_ey1a4uyd: No scheduled reports collection found
[2025-06-30T19:49:09.974Z] [INFO] Scheduled reports check completed
[2025-06-30T19:49:09.976Z] [DEBUG] MongoDB connection closed
[2025-06-30T19:49:38.985Z] [INFO] Checking for scheduled reports...
[2025-06-30T19:49:39.707Z] [DEBUG] Connected to MongoDB
[2025-06-30T19:49:39.772Z] [INFO] Found 3 company databases
[2025-06-30T19:49:39.772Z] [DEBUG] Processing company database: company_06hahpbv
[2025-06-30T19:49:39.826Z] [DEBUG] Skipping company_06hahpbv: No scheduled reports collection found
[2025-06-30T19:49:39.826Z] [DEBUG] Processing company database: company_9jxwph8g
[2025-06-30T19:49:39.881Z] [DEBUG] Finding reports to execute in company_9jxwph8g (current time: 2025-06-30T19:49:39.881Z)
[2025-06-30T19:49:39.934Z] [INFO] Found 0 reports to execute in company_9jxwph8g
[2025-06-30T19:49:39.934Z] [DEBUG] Processing company database: company_ey1a4uyd
[2025-06-30T19:49:39.989Z] [DEBUG] Skipping company_ey1a4uyd: No scheduled reports collection found
[2025-06-30T19:49:39.989Z] [INFO] Scheduled reports check completed
[2025-06-30T19:49:39.992Z] [DEBUG] MongoDB connection closed
[2025-06-30T19:50:08.986Z] [INFO] Checking for scheduled reports...
[2025-06-30T19:50:09.763Z] [DEBUG] Connected to MongoDB
[2025-06-30T19:50:09.823Z] [INFO] Found 3 company databases
[2025-06-30T19:50:09.824Z] [DEBUG] Processing company database: company_06hahpbv
[2025-06-30T19:50:09.873Z] [DEBUG] Skipping company_06hahpbv: No scheduled reports collection found
[2025-06-30T19:50:09.874Z] [DEBUG] Processing company database: company_9jxwph8g
[2025-06-30T19:50:09.930Z] [DEBUG] Finding reports to execute in company_9jxwph8g (current time: 2025-06-30T19:50:09.930Z)
[2025-06-30T19:50:09.980Z] [INFO] Found 0 reports to execute in company_9jxwph8g
[2025-06-30T19:50:09.981Z] [DEBUG] Processing company database: company_ey1a4uyd
[2025-06-30T19:50:10.031Z] [DEBUG] Skipping company_ey1a4uyd: No scheduled reports collection found
[2025-06-30T19:50:10.032Z] [INFO] Scheduled reports check completed
[2025-06-30T19:50:10.034Z] [DEBUG] MongoDB connection closed
[2025-06-30T19:50:38.987Z] [INFO] Checking for scheduled reports...
[2025-06-30T19:50:39.674Z] [DEBUG] Connected to MongoDB
[2025-06-30T19:50:39.738Z] [INFO] Found 3 company databases
[2025-06-30T19:50:39.739Z] [DEBUG] Processing company database: company_06hahpbv
[2025-06-30T19:50:39.789Z] [DEBUG] Skipping company_06hahpbv: No scheduled reports collection found
[2025-06-30T19:50:39.790Z] [DEBUG] Processing company database: company_9jxwph8g
[2025-06-30T19:50:39.840Z] [DEBUG] Finding reports to execute in company_9jxwph8g (current time: 2025-06-30T19:50:39.840Z)
[2025-06-30T19:50:39.890Z] [INFO] Found 0 reports to execute in company_9jxwph8g
[2025-06-30T19:50:39.891Z] [DEBUG] Processing company database: company_ey1a4uyd
[2025-06-30T19:50:39.940Z] [DEBUG] Skipping company_ey1a4uyd: No scheduled reports collection found
[2025-06-30T19:50:39.941Z] [INFO] Scheduled reports check completed
[2025-06-30T19:50:39.943Z] [DEBUG] MongoDB connection closed
[2025-06-30T20:58:33.091Z] [INFO] Starting scheduled reports daemon with check interval of 30000ms
[2025-06-30T20:58:33.093Z] [INFO] Checking for scheduled reports...
[2025-06-30T20:58:33.978Z] [DEBUG] Connected to MongoDB
[2025-06-30T20:58:34.039Z] [INFO] Found 4 company databases
[2025-06-30T20:58:34.039Z] [DEBUG] Processing company database: company_06hahpbv
[2025-06-30T20:58:34.090Z] [DEBUG] Skipping company_06hahpbv: No scheduled reports collection found
[2025-06-30T20:58:34.090Z] [DEBUG] Processing company database: company_9jxwph8g
[2025-06-30T20:58:34.138Z] [DEBUG] Finding reports to execute in company_9jxwph8g (current time: 2025-06-30T20:58:34.138Z)
[2025-06-30T20:58:34.187Z] [INFO] Found 0 reports to execute in company_9jxwph8g
[2025-06-30T20:58:34.187Z] [DEBUG] Processing company database: company_ey1a4uyd
[2025-06-30T20:58:34.247Z] [DEBUG] Skipping company_ey1a4uyd: No scheduled reports collection found
[2025-06-30T20:58:34.247Z] [DEBUG] Processing company database: company_idxbgl9c
[2025-06-30T20:58:34.296Z] [DEBUG] Skipping company_idxbgl9c: No scheduled reports collection found
[2025-06-30T20:58:34.297Z] [INFO] Scheduled reports check completed
[2025-06-30T20:58:34.299Z] [DEBUG] MongoDB connection closed
[2025-06-30T20:58:34.300Z] [INFO] Daemon is now running continuously...
[2025-06-30T21:01:18.058Z] [INFO] Starting scheduled reports daemon with check interval of 30000ms
[2025-06-30T21:01:18.060Z] [INFO] Checking for scheduled reports...
[2025-06-30T21:01:18.904Z] [DEBUG] Connected to MongoDB
[2025-06-30T21:01:18.970Z] [INFO] Found 5 company databases
[2025-06-30T21:01:18.970Z] [DEBUG] Processing company database: company_06hahpbv
[2025-06-30T21:01:19.024Z] [DEBUG] Skipping company_06hahpbv: No scheduled reports collection found
[2025-06-30T21:01:19.024Z] [DEBUG] Processing company database: company_9jxwph8g
[2025-06-30T21:01:19.077Z] [DEBUG] Finding reports to execute in company_9jxwph8g (current time: 2025-06-30T21:01:19.077Z)
[2025-06-30T21:01:19.131Z] [INFO] Found 0 reports to execute in company_9jxwph8g
[2025-06-30T21:01:19.131Z] [DEBUG] Processing company database: company_ey1a4uyd
[2025-06-30T21:01:19.184Z] [DEBUG] Skipping company_ey1a4uyd: No scheduled reports collection found
[2025-06-30T21:01:19.184Z] [DEBUG] Processing company database: company_idxbgl9c
[2025-06-30T21:01:19.236Z] [DEBUG] Skipping company_idxbgl9c: No scheduled reports collection found
[2025-06-30T21:01:19.236Z] [DEBUG] Processing company database: company_oesxm7wm
[2025-06-30T21:01:19.289Z] [DEBUG] Skipping company_oesxm7wm: No scheduled reports collection found
[2025-06-30T21:01:19.289Z] [INFO] Scheduled reports check completed
[2025-06-30T21:01:19.293Z] [DEBUG] MongoDB connection closed
[2025-06-30T21:01:19.293Z] [INFO] Daemon is now running continuously...
[2025-06-30T21:03:48.537Z] [INFO] Starting scheduled reports daemon with check interval of 30000ms
[2025-06-30T21:03:48.540Z] [INFO] Checking for scheduled reports...
[2025-06-30T21:03:49.196Z] [DEBUG] Connected to MongoDB
[2025-06-30T21:03:49.262Z] [INFO] Found 5 company databases
[2025-06-30T21:03:49.262Z] [DEBUG] Processing company database: company_06hahpbv
[2025-06-30T21:03:49.319Z] [DEBUG] Skipping company_06hahpbv: No scheduled reports collection found
[2025-06-30T21:03:49.319Z] [DEBUG] Processing company database: company_9jxwph8g
[2025-06-30T21:03:49.374Z] [DEBUG] Finding reports to execute in company_9jxwph8g (current time: 2025-06-30T21:03:49.374Z)
[2025-06-30T21:03:49.429Z] [INFO] Found 0 reports to execute in company_9jxwph8g
[2025-06-30T21:03:49.429Z] [DEBUG] Processing company database: company_ey1a4uyd
[2025-06-30T21:03:49.485Z] [DEBUG] Skipping company_ey1a4uyd: No scheduled reports collection found
[2025-06-30T21:03:49.486Z] [DEBUG] Processing company database: company_idxbgl9c
[2025-06-30T21:03:49.540Z] [DEBUG] Skipping company_idxbgl9c: No scheduled reports collection found
[2025-06-30T21:03:49.540Z] [DEBUG] Processing company database: company_oesxm7wm
[2025-06-30T21:03:49.594Z] [DEBUG] Skipping company_oesxm7wm: No scheduled reports collection found
[2025-06-30T21:03:49.595Z] [INFO] Scheduled reports check completed
[2025-06-30T21:03:49.599Z] [DEBUG] MongoDB connection closed
[2025-06-30T21:03:49.599Z] [INFO] Daemon is now running continuously...
[2025-06-30T21:04:19.601Z] [INFO] Checking for scheduled reports...
[2025-06-30T21:04:20.292Z] [DEBUG] Connected to MongoDB
[2025-06-30T21:04:20.361Z] [INFO] Found 5 company databases
[2025-06-30T21:04:20.362Z] [DEBUG] Processing company database: company_06hahpbv
[2025-06-30T21:04:20.417Z] [DEBUG] Skipping company_06hahpbv: No scheduled reports collection found
[2025-06-30T21:04:20.419Z] [DEBUG] Processing company database: company_9jxwph8g
[2025-06-30T21:04:20.488Z] [DEBUG] Finding reports to execute in company_9jxwph8g (current time: 2025-06-30T21:04:20.488Z)
[2025-06-30T21:04:20.544Z] [INFO] Found 0 reports to execute in company_9jxwph8g
[2025-06-30T21:04:20.545Z] [DEBUG] Processing company database: company_ey1a4uyd
[2025-06-30T21:04:20.600Z] [DEBUG] Skipping company_ey1a4uyd: No scheduled reports collection found
[2025-06-30T21:04:20.601Z] [DEBUG] Processing company database: company_idxbgl9c
[2025-06-30T21:04:20.657Z] [DEBUG] Skipping company_idxbgl9c: No scheduled reports collection found
[2025-06-30T21:04:20.658Z] [DEBUG] Processing company database: company_oesxm7wm
[2025-06-30T21:04:20.713Z] [DEBUG] Skipping company_oesxm7wm: No scheduled reports collection found
[2025-06-30T21:04:20.713Z] [INFO] Scheduled reports check completed
[2025-06-30T21:04:20.716Z] [DEBUG] MongoDB connection closed
[2025-06-30T21:04:49.601Z] [INFO] Checking for scheduled reports...
[2025-06-30T21:04:50.348Z] [DEBUG] Connected to MongoDB
[2025-06-30T21:04:50.414Z] [INFO] Found 5 company databases
[2025-06-30T21:04:50.415Z] [DEBUG] Processing company database: company_06hahpbv
[2025-06-30T21:04:50.469Z] [DEBUG] Skipping company_06hahpbv: No scheduled reports collection found
[2025-06-30T21:04:50.470Z] [DEBUG] Processing company database: company_9jxwph8g
[2025-06-30T21:04:50.525Z] [DEBUG] Finding reports to execute in company_9jxwph8g (current time: 2025-06-30T21:04:50.525Z)
[2025-06-30T21:04:50.580Z] [INFO] Found 0 reports to execute in company_9jxwph8g
[2025-06-30T21:04:50.580Z] [DEBUG] Processing company database: company_ey1a4uyd
[2025-06-30T21:04:50.635Z] [DEBUG] Skipping company_ey1a4uyd: No scheduled reports collection found
[2025-06-30T21:04:50.635Z] [DEBUG] Processing company database: company_idxbgl9c
[2025-06-30T21:04:50.690Z] [DEBUG] Skipping company_idxbgl9c: No scheduled reports collection found
[2025-06-30T21:04:50.690Z] [DEBUG] Processing company database: company_oesxm7wm
[2025-06-30T21:04:50.743Z] [DEBUG] Skipping company_oesxm7wm: No scheduled reports collection found
[2025-06-30T21:04:50.744Z] [INFO] Scheduled reports check completed
[2025-06-30T21:04:50.745Z] [DEBUG] MongoDB connection closed
[2025-06-30T21:05:19.602Z] [INFO] Checking for scheduled reports...
[2025-06-30T21:05:20.301Z] [DEBUG] Connected to MongoDB
[2025-06-30T21:05:20.368Z] [INFO] Found 5 company databases
[2025-06-30T21:05:20.368Z] [DEBUG] Processing company database: company_06hahpbv
[2025-06-30T21:05:20.423Z] [DEBUG] Skipping company_06hahpbv: No scheduled reports collection found
[2025-06-30T21:05:20.424Z] [DEBUG] Processing company database: company_9jxwph8g
[2025-06-30T21:05:20.497Z] [DEBUG] Finding reports to execute in company_9jxwph8g (current time: 2025-06-30T21:05:20.497Z)
[2025-06-30T21:05:20.551Z] [INFO] Found 0 reports to execute in company_9jxwph8g
[2025-06-30T21:05:20.551Z] [DEBUG] Processing company database: company_ey1a4uyd
[2025-06-30T21:05:20.606Z] [DEBUG] Skipping company_ey1a4uyd: No scheduled reports collection found
[2025-06-30T21:05:20.607Z] [DEBUG] Processing company database: company_idxbgl9c
[2025-06-30T21:05:20.661Z] [DEBUG] Skipping company_idxbgl9c: No scheduled reports collection found
[2025-06-30T21:05:20.661Z] [DEBUG] Processing company database: company_oesxm7wm
[2025-06-30T21:05:20.715Z] [DEBUG] Skipping company_oesxm7wm: No scheduled reports collection found
[2025-06-30T21:05:20.716Z] [INFO] Scheduled reports check completed
[2025-06-30T21:05:20.719Z] [DEBUG] MongoDB connection closed
[2025-06-30T21:05:49.602Z] [INFO] Checking for scheduled reports...
[2025-06-30T21:05:50.209Z] [DEBUG] Connected to MongoDB
[2025-06-30T21:05:50.275Z] [INFO] Found 5 company databases
[2025-06-30T21:05:50.276Z] [DEBUG] Processing company database: company_06hahpbv
[2025-06-30T21:05:50.330Z] [DEBUG] Skipping company_06hahpbv: No scheduled reports collection found
[2025-06-30T21:05:50.330Z] [DEBUG] Processing company database: company_9jxwph8g
[2025-06-30T21:05:50.386Z] [DEBUG] Finding reports to execute in company_9jxwph8g (current time: 2025-06-30T21:05:50.386Z)
[2025-06-30T21:05:50.440Z] [INFO] Found 0 reports to execute in company_9jxwph8g
[2025-06-30T21:05:50.441Z] [DEBUG] Processing company database: company_ey1a4uyd
[2025-06-30T21:05:50.495Z] [DEBUG] Skipping company_ey1a4uyd: No scheduled reports collection found
[2025-06-30T21:05:50.495Z] [DEBUG] Processing company database: company_idxbgl9c
[2025-06-30T21:05:50.550Z] [DEBUG] Skipping company_idxbgl9c: No scheduled reports collection found
[2025-06-30T21:05:50.551Z] [DEBUG] Processing company database: company_oesxm7wm
[2025-06-30T21:05:50.606Z] [DEBUG] Skipping company_oesxm7wm: No scheduled reports collection found
[2025-06-30T21:05:50.606Z] [INFO] Scheduled reports check completed
[2025-06-30T21:05:50.609Z] [DEBUG] MongoDB connection closed
[2025-06-30T21:19:33.945Z] [INFO] Starting scheduled reports daemon with check interval of 30000ms
[2025-06-30T21:19:33.947Z] [INFO] Checking for scheduled reports...
[2025-06-30T21:19:35.123Z] [DEBUG] Connected to MongoDB
[2025-06-30T21:19:35.191Z] [INFO] Found 7 company databases
[2025-06-30T21:19:35.192Z] [DEBUG] Processing company database: company_06hahpbv
[2025-06-30T21:19:35.246Z] [DEBUG] Skipping company_06hahpbv: No scheduled reports collection found
[2025-06-30T21:19:35.246Z] [DEBUG] Processing company database: company_9jxwph8g
[2025-06-30T21:19:35.300Z] [DEBUG] Finding reports to execute in company_9jxwph8g (current time: 2025-06-30T21:19:35.300Z)
[2025-06-30T21:19:35.354Z] [INFO] Found 0 reports to execute in company_9jxwph8g
[2025-06-30T21:19:35.354Z] [DEBUG] Processing company database: company_bxtofp7b
[2025-06-30T21:19:35.407Z] [DEBUG] Skipping company_bxtofp7b: No scheduled reports collection found
[2025-06-30T21:19:35.407Z] [DEBUG] Processing company database: company_ey1a4uyd
[2025-06-30T21:19:35.468Z] [DEBUG] Skipping company_ey1a4uyd: No scheduled reports collection found
[2025-06-30T21:19:35.468Z] [DEBUG] Processing company database: company_idxbgl9c
[2025-06-30T21:19:35.522Z] [DEBUG] Skipping company_idxbgl9c: No scheduled reports collection found
[2025-06-30T21:19:35.523Z] [DEBUG] Processing company database: company_oesxm7wm
[2025-06-30T21:19:35.576Z] [DEBUG] Skipping company_oesxm7wm: No scheduled reports collection found
[2025-06-30T21:19:35.576Z] [DEBUG] Processing company database: company_vcu2z37g
[2025-06-30T21:19:35.631Z] [DEBUG] Skipping company_vcu2z37g: No scheduled reports collection found
[2025-06-30T21:19:35.631Z] [INFO] Scheduled reports check completed
[2025-06-30T21:19:35.634Z] [DEBUG] MongoDB connection closed
[2025-06-30T21:19:35.635Z] [INFO] Daemon is now running continuously...
[2025-06-30T21:20:05.639Z] [INFO] Checking for scheduled reports...
[2025-06-30T21:20:06.289Z] [DEBUG] Connected to MongoDB
[2025-06-30T21:20:06.355Z] [INFO] Found 7 company databases
[2025-06-30T21:20:06.356Z] [DEBUG] Processing company database: company_06hahpbv
[2025-06-30T21:20:06.410Z] [DEBUG] Skipping company_06hahpbv: No scheduled reports collection found
[2025-06-30T21:20:06.410Z] [DEBUG] Processing company database: company_9jxwph8g
[2025-06-30T21:20:06.465Z] [DEBUG] Finding reports to execute in company_9jxwph8g (current time: 2025-06-30T21:20:06.465Z)
[2025-06-30T21:20:06.519Z] [INFO] Found 0 reports to execute in company_9jxwph8g
[2025-06-30T21:20:06.519Z] [DEBUG] Processing company database: company_bxtofp7b
[2025-06-30T21:20:06.574Z] [DEBUG] Skipping company_bxtofp7b: No scheduled reports collection found
[2025-06-30T21:20:06.574Z] [DEBUG] Processing company database: company_ey1a4uyd
[2025-06-30T21:20:06.631Z] [DEBUG] Skipping company_ey1a4uyd: No scheduled reports collection found
[2025-06-30T21:20:06.631Z] [DEBUG] Processing company database: company_idxbgl9c
[2025-06-30T21:20:06.685Z] [DEBUG] Skipping company_idxbgl9c: No scheduled reports collection found
[2025-06-30T21:20:06.685Z] [DEBUG] Processing company database: company_oesxm7wm
[2025-06-30T21:20:06.739Z] [DEBUG] Skipping company_oesxm7wm: No scheduled reports collection found
[2025-06-30T21:20:06.740Z] [DEBUG] Processing company database: company_vcu2z37g
[2025-06-30T21:20:06.794Z] [DEBUG] Skipping company_vcu2z37g: No scheduled reports collection found
[2025-06-30T21:20:06.794Z] [INFO] Scheduled reports check completed
[2025-06-30T21:20:06.798Z] [DEBUG] MongoDB connection closed
[2025-06-30T21:20:35.640Z] [INFO] Checking for scheduled reports...
[2025-06-30T21:20:36.337Z] [DEBUG] Connected to MongoDB
[2025-06-30T21:20:36.402Z] [INFO] Found 7 company databases
[2025-06-30T21:20:36.403Z] [DEBUG] Processing company database: company_06hahpbv
[2025-06-30T21:20:36.459Z] [DEBUG] Skipping company_06hahpbv: No scheduled reports collection found
[2025-06-30T21:20:36.459Z] [DEBUG] Processing company database: company_9jxwph8g
[2025-06-30T21:20:36.521Z] [DEBUG] Finding reports to execute in company_9jxwph8g (current time: 2025-06-30T21:20:36.521Z)
[2025-06-30T21:20:36.575Z] [INFO] Found 0 reports to execute in company_9jxwph8g
[2025-06-30T21:20:36.575Z] [DEBUG] Processing company database: company_bxtofp7b
[2025-06-30T21:20:36.629Z] [DEBUG] Skipping company_bxtofp7b: No scheduled reports collection found
[2025-06-30T21:20:36.629Z] [DEBUG] Processing company database: company_ey1a4uyd
[2025-06-30T21:20:36.683Z] [DEBUG] Skipping company_ey1a4uyd: No scheduled reports collection found
[2025-06-30T21:20:36.684Z] [DEBUG] Processing company database: company_idxbgl9c
[2025-06-30T21:20:36.737Z] [DEBUG] Skipping company_idxbgl9c: No scheduled reports collection found
[2025-06-30T21:20:36.738Z] [DEBUG] Processing company database: company_oesxm7wm
[2025-06-30T21:20:36.791Z] [DEBUG] Skipping company_oesxm7wm: No scheduled reports collection found
[2025-06-30T21:20:36.792Z] [DEBUG] Processing company database: company_vcu2z37g
[2025-06-30T21:20:36.846Z] [DEBUG] Skipping company_vcu2z37g: No scheduled reports collection found
[2025-06-30T21:20:36.847Z] [INFO] Scheduled reports check completed
[2025-06-30T21:20:36.851Z] [DEBUG] MongoDB connection closed
[2025-06-30T21:21:05.641Z] [INFO] Checking for scheduled reports...
[2025-06-30T21:21:06.397Z] [DEBUG] Connected to MongoDB
[2025-06-30T21:21:06.463Z] [INFO] Found 7 company databases
[2025-06-30T21:21:06.463Z] [DEBUG] Processing company database: company_06hahpbv
[2025-06-30T21:21:06.516Z] [DEBUG] Skipping company_06hahpbv: No scheduled reports collection found
[2025-06-30T21:21:06.517Z] [DEBUG] Processing company database: company_9jxwph8g
[2025-06-30T21:21:06.571Z] [DEBUG] Finding reports to execute in company_9jxwph8g (current time: 2025-06-30T21:21:06.571Z)
[2025-06-30T21:21:06.626Z] [INFO] Found 0 reports to execute in company_9jxwph8g
[2025-06-30T21:21:06.626Z] [DEBUG] Processing company database: company_bxtofp7b
[2025-06-30T21:21:06.682Z] [DEBUG] Skipping company_bxtofp7b: No scheduled reports collection found
[2025-06-30T21:21:06.683Z] [DEBUG] Processing company database: company_ey1a4uyd
[2025-06-30T21:21:06.737Z] [DEBUG] Skipping company_ey1a4uyd: No scheduled reports collection found
[2025-06-30T21:21:06.738Z] [DEBUG] Processing company database: company_idxbgl9c
[2025-06-30T21:21:06.792Z] [DEBUG] Skipping company_idxbgl9c: No scheduled reports collection found
[2025-06-30T21:21:06.793Z] [DEBUG] Processing company database: company_oesxm7wm
[2025-06-30T21:21:06.847Z] [DEBUG] Skipping company_oesxm7wm: No scheduled reports collection found
[2025-06-30T21:21:06.847Z] [DEBUG] Processing company database: company_vcu2z37g
[2025-06-30T21:21:06.902Z] [DEBUG] Skipping company_vcu2z37g: No scheduled reports collection found
[2025-06-30T21:21:06.903Z] [INFO] Scheduled reports check completed
[2025-06-30T21:21:06.907Z] [DEBUG] MongoDB connection closed
[2025-06-30T21:21:35.643Z] [INFO] Checking for scheduled reports...
[2025-06-30T21:21:36.345Z] [DEBUG] Connected to MongoDB
[2025-06-30T21:21:36.411Z] [INFO] Found 7 company databases
[2025-06-30T21:21:36.412Z] [DEBUG] Processing company database: company_06hahpbv
[2025-06-30T21:21:36.467Z] [DEBUG] Skipping company_06hahpbv: No scheduled reports collection found
[2025-06-30T21:21:36.468Z] [DEBUG] Processing company database: company_9jxwph8g
[2025-06-30T21:21:36.523Z] [DEBUG] Finding reports to execute in company_9jxwph8g (current time: 2025-06-30T21:21:36.523Z)
[2025-06-30T21:21:36.578Z] [INFO] Found 0 reports to execute in company_9jxwph8g
[2025-06-30T21:21:36.579Z] [DEBUG] Processing company database: company_bxtofp7b
[2025-06-30T21:21:36.634Z] [DEBUG] Skipping company_bxtofp7b: No scheduled reports collection found
[2025-06-30T21:21:36.635Z] [DEBUG] Processing company database: company_ey1a4uyd
[2025-06-30T21:21:36.689Z] [DEBUG] Skipping company_ey1a4uyd: No scheduled reports collection found
[2025-06-30T21:21:36.689Z] [DEBUG] Processing company database: company_idxbgl9c
[2025-06-30T21:21:36.744Z] [DEBUG] Skipping company_idxbgl9c: No scheduled reports collection found
[2025-06-30T21:21:36.745Z] [DEBUG] Processing company database: company_oesxm7wm
[2025-06-30T21:21:36.800Z] [DEBUG] Skipping company_oesxm7wm: No scheduled reports collection found
[2025-06-30T21:21:36.801Z] [DEBUG] Processing company database: company_vcu2z37g
[2025-06-30T21:21:36.862Z] [DEBUG] Skipping company_vcu2z37g: No scheduled reports collection found
[2025-06-30T21:21:36.862Z] [INFO] Scheduled reports check completed
[2025-06-30T21:21:36.865Z] [DEBUG] MongoDB connection closed
