[2025-08-05T00:00:05.753Z] [INFO] Checking for scheduled reports...
[2025-08-05T00:00:06.546Z] [DEBUG] Connected to MongoDB
[2025-08-05T00:00:06.623Z] [INFO] Found 1 company databases
[2025-08-05T00:00:06.623Z] [DEBUG] Processing company database: company_ry0iwbpw
[2025-08-05T00:00:06.757Z] [DEBUG] Finding reports to execute in company_ry0iwbpw (current time: 2025-08-05T00:00:06.755Z)
[2025-08-05T00:00:06.827Z] [INFO] Found 0 reports to execute in company_ry0iwbpw
[2025-08-05T00:00:06.828Z] [INFO] Scheduled reports check completed
[2025-08-05T00:00:06.831Z] [DEBUG] MongoDB connection closed
[2025-08-05T00:00:15.752Z] [INFO] Checking for scheduled reports...
[2025-08-05T00:00:16.579Z] [DEBUG] Connected to MongoDB
[2025-08-05T00:00:16.659Z] [INFO] Found 1 company databases
[2025-08-05T00:00:16.660Z] [DEBUG] Processing company database: company_ry0iwbpw
[2025-08-05T00:00:16.734Z] [DEBUG] Finding reports to execute in company_ry0iwbpw (current time: 2025-08-05T00:00:16.734Z)
[2025-08-05T00:00:16.806Z] [INFO] Found 0 reports to execute in company_ry0iwbpw
[2025-08-05T00:00:16.806Z] [INFO] Scheduled reports check completed
[2025-08-05T00:00:16.810Z] [DEBUG] MongoDB connection closed
[2025-08-05T00:00:25.754Z] [INFO] Checking for scheduled reports...
[2025-08-05T00:00:26.516Z] [DEBUG] Connected to MongoDB
[2025-08-05T00:00:26.592Z] [INFO] Found 1 company databases
[2025-08-05T00:00:26.593Z] [DEBUG] Processing company database: company_ry0iwbpw
[2025-08-05T00:00:26.661Z] [DEBUG] Finding reports to execute in company_ry0iwbpw (current time: 2025-08-05T00:00:26.661Z)
[2025-08-05T00:00:26.729Z] [INFO] Found 0 reports to execute in company_ry0iwbpw
[2025-08-05T00:00:26.730Z] [INFO] Scheduled reports check completed
[2025-08-05T00:00:26.734Z] [DEBUG] MongoDB connection closed
[2025-08-05T00:00:35.755Z] [INFO] Checking for scheduled reports...
[2025-08-05T00:00:36.969Z] [DEBUG] Connected to MongoDB
[2025-08-05T00:00:37.074Z] [INFO] Found 1 company databases
[2025-08-05T00:00:37.075Z] [DEBUG] Processing company database: company_ry0iwbpw
[2025-08-05T00:00:37.160Z] [DEBUG] Finding reports to execute in company_ry0iwbpw (current time: 2025-08-05T00:00:37.160Z)
[2025-08-05T00:00:37.256Z] [INFO] Found 0 reports to execute in company_ry0iwbpw
[2025-08-05T00:00:37.257Z] [INFO] Scheduled reports check completed
[2025-08-05T00:00:37.260Z] [DEBUG] MongoDB connection closed
[2025-08-05T00:00:45.756Z] [INFO] Checking for scheduled reports...
[2025-08-05T00:00:46.597Z] [DEBUG] Connected to MongoDB
[2025-08-05T00:00:46.679Z] [INFO] Found 1 company databases
[2025-08-05T00:00:46.679Z] [DEBUG] Processing company database: company_ry0iwbpw
[2025-08-05T00:00:46.749Z] [DEBUG] Finding reports to execute in company_ry0iwbpw (current time: 2025-08-05T00:00:46.749Z)
[2025-08-05T00:00:46.817Z] [INFO] Found 0 reports to execute in company_ry0iwbpw
[2025-08-05T00:00:46.817Z] [INFO] Scheduled reports check completed
[2025-08-05T00:00:46.819Z] [DEBUG] MongoDB connection closed
[2025-08-05T00:00:55.757Z] [INFO] Checking for scheduled reports...
[2025-08-05T00:00:56.590Z] [DEBUG] Connected to MongoDB
[2025-08-05T00:00:56.668Z] [INFO] Found 1 company databases
[2025-08-05T00:00:56.669Z] [DEBUG] Processing company database: company_ry0iwbpw
[2025-08-05T00:00:56.739Z] [DEBUG] Finding reports to execute in company_ry0iwbpw (current time: 2025-08-05T00:00:56.739Z)
[2025-08-05T00:00:56.808Z] [INFO] Found 0 reports to execute in company_ry0iwbpw
[2025-08-05T00:00:56.808Z] [INFO] Scheduled reports check completed
[2025-08-05T00:00:56.809Z] [DEBUG] MongoDB connection closed
[2025-08-05T00:01:05.757Z] [INFO] Checking for scheduled reports...
[2025-08-05T00:01:06.647Z] [DEBUG] Connected to MongoDB
[2025-08-05T00:01:06.738Z] [INFO] Found 1 company databases
[2025-08-05T00:01:06.738Z] [DEBUG] Processing company database: company_ry0iwbpw
[2025-08-05T00:01:06.808Z] [DEBUG] Finding reports to execute in company_ry0iwbpw (current time: 2025-08-05T00:01:06.808Z)
[2025-08-05T00:01:06.876Z] [INFO] Found 0 reports to execute in company_ry0iwbpw
[2025-08-05T00:01:06.877Z] [INFO] Scheduled reports check completed
[2025-08-05T00:01:06.880Z] [DEBUG] MongoDB connection closed
[2025-08-05T00:01:15.760Z] [INFO] Checking for scheduled reports...
[2025-08-05T00:01:16.629Z] [DEBUG] Connected to MongoDB
[2025-08-05T00:01:16.724Z] [INFO] Found 1 company databases
[2025-08-05T00:01:16.726Z] [DEBUG] Processing company database: company_ry0iwbpw
[2025-08-05T00:01:16.799Z] [DEBUG] Finding reports to execute in company_ry0iwbpw (current time: 2025-08-05T00:01:16.799Z)
[2025-08-05T00:01:16.882Z] [INFO] Found 0 reports to execute in company_ry0iwbpw
[2025-08-05T00:01:16.883Z] [INFO] Scheduled reports check completed
[2025-08-05T00:01:16.884Z] [DEBUG] MongoDB connection closed
[2025-08-05T00:01:25.761Z] [INFO] Checking for scheduled reports...
[2025-08-05T00:01:26.658Z] [DEBUG] Connected to MongoDB
[2025-08-05T00:01:26.750Z] [INFO] Found 1 company databases
[2025-08-05T00:01:26.751Z] [DEBUG] Processing company database: company_ry0iwbpw
[2025-08-05T00:01:26.832Z] [DEBUG] Finding reports to execute in company_ry0iwbpw (current time: 2025-08-05T00:01:26.832Z)
[2025-08-05T00:01:26.904Z] [INFO] Found 0 reports to execute in company_ry0iwbpw
[2025-08-05T00:01:26.905Z] [INFO] Scheduled reports check completed
[2025-08-05T00:01:26.907Z] [DEBUG] MongoDB connection closed
[2025-08-05T00:01:35.762Z] [INFO] Checking for scheduled reports...
[2025-08-05T00:01:36.646Z] [DEBUG] Connected to MongoDB
[2025-08-05T00:01:36.724Z] [INFO] Found 1 company databases
[2025-08-05T00:01:36.724Z] [DEBUG] Processing company database: company_ry0iwbpw
[2025-08-05T00:01:36.796Z] [DEBUG] Finding reports to execute in company_ry0iwbpw (current time: 2025-08-05T00:01:36.796Z)
[2025-08-05T00:01:36.877Z] [INFO] Found 0 reports to execute in company_ry0iwbpw
[2025-08-05T00:01:36.877Z] [INFO] Scheduled reports check completed
[2025-08-05T00:01:36.878Z] [DEBUG] MongoDB connection closed
[2025-08-05T00:01:45.763Z] [INFO] Checking for scheduled reports...
[2025-08-05T00:01:46.573Z] [DEBUG] Connected to MongoDB
[2025-08-05T00:01:46.647Z] [INFO] Found 1 company databases
[2025-08-05T00:01:46.648Z] [DEBUG] Processing company database: company_ry0iwbpw
[2025-08-05T00:01:46.714Z] [DEBUG] Finding reports to execute in company_ry0iwbpw (current time: 2025-08-05T00:01:46.714Z)
[2025-08-05T00:01:46.780Z] [INFO] Found 0 reports to execute in company_ry0iwbpw
[2025-08-05T00:01:46.780Z] [INFO] Scheduled reports check completed
[2025-08-05T00:01:46.782Z] [DEBUG] MongoDB connection closed
[2025-08-05T00:01:55.765Z] [INFO] Checking for scheduled reports...
[2025-08-05T00:01:56.642Z] [DEBUG] Connected to MongoDB
[2025-08-05T00:01:56.734Z] [INFO] Found 1 company databases
[2025-08-05T00:01:56.735Z] [DEBUG] Processing company database: company_ry0iwbpw
[2025-08-05T00:01:56.808Z] [DEBUG] Finding reports to execute in company_ry0iwbpw (current time: 2025-08-05T00:01:56.808Z)
[2025-08-05T00:01:56.883Z] [INFO] Found 0 reports to execute in company_ry0iwbpw
[2025-08-05T00:01:56.883Z] [INFO] Scheduled reports check completed
[2025-08-05T00:01:56.886Z] [DEBUG] MongoDB connection closed
[2025-08-05T00:02:05.767Z] [INFO] Checking for scheduled reports...
[2025-08-05T00:02:06.618Z] [DEBUG] Connected to MongoDB
[2025-08-05T00:02:06.705Z] [INFO] Found 1 company databases
[2025-08-05T00:02:06.706Z] [DEBUG] Processing company database: company_ry0iwbpw
[2025-08-05T00:02:06.781Z] [DEBUG] Finding reports to execute in company_ry0iwbpw (current time: 2025-08-05T00:02:06.781Z)
[2025-08-05T00:02:06.861Z] [INFO] Found 0 reports to execute in company_ry0iwbpw
[2025-08-05T00:02:06.861Z] [INFO] Scheduled reports check completed
[2025-08-05T00:02:06.864Z] [DEBUG] MongoDB connection closed
[2025-08-05T00:02:15.767Z] [INFO] Checking for scheduled reports...
[2025-08-05T00:02:16.629Z] [DEBUG] Connected to MongoDB
[2025-08-05T00:02:16.707Z] [INFO] Found 1 company databases
[2025-08-05T00:02:16.708Z] [DEBUG] Processing company database: company_ry0iwbpw
[2025-08-05T00:02:16.787Z] [DEBUG] Finding reports to execute in company_ry0iwbpw (current time: 2025-08-05T00:02:16.787Z)
[2025-08-05T00:02:16.858Z] [INFO] Found 0 reports to execute in company_ry0iwbpw
[2025-08-05T00:02:16.858Z] [INFO] Scheduled reports check completed
[2025-08-05T00:02:16.860Z] [DEBUG] MongoDB connection closed
[2025-08-05T00:02:25.768Z] [INFO] Checking for scheduled reports...
[2025-08-05T00:02:26.714Z] [DEBUG] Connected to MongoDB
[2025-08-05T00:02:26.797Z] [INFO] Found 1 company databases
[2025-08-05T00:02:26.798Z] [DEBUG] Processing company database: company_ry0iwbpw
[2025-08-05T00:02:26.878Z] [DEBUG] Finding reports to execute in company_ry0iwbpw (current time: 2025-08-05T00:02:26.878Z)
[2025-08-05T00:02:26.959Z] [INFO] Found 0 reports to execute in company_ry0iwbpw
[2025-08-05T00:02:26.960Z] [INFO] Scheduled reports check completed
[2025-08-05T00:02:26.962Z] [DEBUG] MongoDB connection closed
[2025-08-05T00:02:35.769Z] [INFO] Checking for scheduled reports...
[2025-08-05T00:02:36.813Z] [DEBUG] Connected to MongoDB
[2025-08-05T00:02:36.899Z] [INFO] Found 1 company databases
[2025-08-05T00:02:36.899Z] [DEBUG] Processing company database: company_ry0iwbpw
[2025-08-05T00:02:36.972Z] [DEBUG] Finding reports to execute in company_ry0iwbpw (current time: 2025-08-05T00:02:36.972Z)
[2025-08-05T00:02:37.045Z] [INFO] Found 0 reports to execute in company_ry0iwbpw
[2025-08-05T00:02:37.046Z] [INFO] Scheduled reports check completed
[2025-08-05T00:02:37.048Z] [DEBUG] MongoDB connection closed
[2025-08-05T00:02:45.770Z] [INFO] Checking for scheduled reports...
[2025-08-05T00:02:46.587Z] [DEBUG] Connected to MongoDB
[2025-08-05T00:02:46.666Z] [INFO] Found 1 company databases
[2025-08-05T00:02:46.667Z] [DEBUG] Processing company database: company_ry0iwbpw
[2025-08-05T00:02:46.742Z] [DEBUG] Finding reports to execute in company_ry0iwbpw (current time: 2025-08-05T00:02:46.742Z)
[2025-08-05T00:02:46.817Z] [INFO] Found 0 reports to execute in company_ry0iwbpw
[2025-08-05T00:02:46.818Z] [INFO] Scheduled reports check completed
[2025-08-05T00:02:46.820Z] [DEBUG] MongoDB connection closed
[2025-08-05T00:02:55.772Z] [INFO] Checking for scheduled reports...
[2025-08-05T00:02:56.691Z] [DEBUG] Connected to MongoDB
[2025-08-05T00:02:56.793Z] [INFO] Found 1 company databases
[2025-08-05T00:02:56.794Z] [DEBUG] Processing company database: company_ry0iwbpw
[2025-08-05T00:02:56.867Z] [DEBUG] Finding reports to execute in company_ry0iwbpw (current time: 2025-08-05T00:02:56.867Z)
[2025-08-05T00:02:56.940Z] [INFO] Found 0 reports to execute in company_ry0iwbpw
[2025-08-05T00:02:56.941Z] [INFO] Scheduled reports check completed
[2025-08-05T00:02:56.944Z] [DEBUG] MongoDB connection closed
[2025-08-05T00:03:05.772Z] [INFO] Checking for scheduled reports...
[2025-08-05T00:03:06.652Z] [DEBUG] Connected to MongoDB
[2025-08-05T00:03:06.742Z] [INFO] Found 1 company databases
[2025-08-05T00:03:06.743Z] [DEBUG] Processing company database: company_ry0iwbpw
[2025-08-05T00:03:06.815Z] [DEBUG] Finding reports to execute in company_ry0iwbpw (current time: 2025-08-05T00:03:06.815Z)
[2025-08-05T00:03:06.886Z] [INFO] Found 0 reports to execute in company_ry0iwbpw
[2025-08-05T00:03:06.887Z] [INFO] Scheduled reports check completed
[2025-08-05T00:03:06.891Z] [DEBUG] MongoDB connection closed
[2025-08-05T00:03:15.773Z] [INFO] Checking for scheduled reports...
[2025-08-05T00:03:16.629Z] [DEBUG] Connected to MongoDB
[2025-08-05T00:03:16.715Z] [INFO] Found 1 company databases
[2025-08-05T00:03:16.716Z] [DEBUG] Processing company database: company_ry0iwbpw
[2025-08-05T00:03:16.795Z] [DEBUG] Finding reports to execute in company_ry0iwbpw (current time: 2025-08-05T00:03:16.795Z)
[2025-08-05T00:03:16.864Z] [INFO] Found 0 reports to execute in company_ry0iwbpw
[2025-08-05T00:03:16.866Z] [INFO] Scheduled reports check completed
[2025-08-05T00:03:16.869Z] [DEBUG] MongoDB connection closed
[2025-08-05T00:03:25.775Z] [INFO] Checking for scheduled reports...
[2025-08-05T00:03:26.553Z] [DEBUG] Connected to MongoDB
[2025-08-05T00:03:26.630Z] [INFO] Found 1 company databases
[2025-08-05T00:03:26.630Z] [DEBUG] Processing company database: company_ry0iwbpw
[2025-08-05T00:03:26.700Z] [DEBUG] Finding reports to execute in company_ry0iwbpw (current time: 2025-08-05T00:03:26.700Z)
[2025-08-05T00:03:26.768Z] [INFO] Found 0 reports to execute in company_ry0iwbpw
[2025-08-05T00:03:26.769Z] [INFO] Scheduled reports check completed
[2025-08-05T00:03:26.772Z] [DEBUG] MongoDB connection closed
[2025-08-05T00:03:35.775Z] [INFO] Checking for scheduled reports...
[2025-08-05T00:03:36.666Z] [DEBUG] Connected to MongoDB
[2025-08-05T00:03:36.747Z] [INFO] Found 1 company databases
[2025-08-05T00:03:36.747Z] [DEBUG] Processing company database: company_ry0iwbpw
[2025-08-05T00:03:36.821Z] [DEBUG] Finding reports to execute in company_ry0iwbpw (current time: 2025-08-05T00:03:36.821Z)
[2025-08-05T00:03:36.900Z] [INFO] Found 0 reports to execute in company_ry0iwbpw
[2025-08-05T00:03:36.900Z] [INFO] Scheduled reports check completed
[2025-08-05T00:03:36.903Z] [DEBUG] MongoDB connection closed
[2025-08-05T00:03:45.777Z] [INFO] Checking for scheduled reports...
[2025-08-05T00:03:46.640Z] [DEBUG] Connected to MongoDB
[2025-08-05T00:03:46.716Z] [INFO] Found 1 company databases
[2025-08-05T00:03:46.717Z] [DEBUG] Processing company database: company_ry0iwbpw
[2025-08-05T00:03:46.792Z] [DEBUG] Finding reports to execute in company_ry0iwbpw (current time: 2025-08-05T00:03:46.792Z)
[2025-08-05T00:03:46.860Z] [INFO] Found 0 reports to execute in company_ry0iwbpw
[2025-08-05T00:03:46.861Z] [INFO] Scheduled reports check completed
[2025-08-05T00:03:46.866Z] [DEBUG] MongoDB connection closed
[2025-08-05T00:03:55.778Z] [INFO] Checking for scheduled reports...
[2025-08-05T00:03:56.665Z] [DEBUG] Connected to MongoDB
[2025-08-05T00:03:56.757Z] [INFO] Found 1 company databases
[2025-08-05T00:03:56.758Z] [DEBUG] Processing company database: company_ry0iwbpw
[2025-08-05T00:03:56.830Z] [DEBUG] Finding reports to execute in company_ry0iwbpw (current time: 2025-08-05T00:03:56.830Z)
[2025-08-05T00:03:56.908Z] [INFO] Found 0 reports to execute in company_ry0iwbpw
[2025-08-05T00:03:56.909Z] [INFO] Scheduled reports check completed
[2025-08-05T00:03:56.911Z] [DEBUG] MongoDB connection closed
[2025-08-05T00:04:05.778Z] [INFO] Checking for scheduled reports...
[2025-08-05T00:04:06.664Z] [DEBUG] Connected to MongoDB
[2025-08-05T00:04:06.754Z] [INFO] Found 1 company databases
[2025-08-05T00:04:06.754Z] [DEBUG] Processing company database: company_ry0iwbpw
[2025-08-05T00:04:06.828Z] [DEBUG] Finding reports to execute in company_ry0iwbpw (current time: 2025-08-05T00:04:06.828Z)
[2025-08-05T00:04:06.901Z] [INFO] Found 0 reports to execute in company_ry0iwbpw
[2025-08-05T00:04:06.902Z] [INFO] Scheduled reports check completed
[2025-08-05T00:04:06.904Z] [DEBUG] MongoDB connection closed
[2025-08-05T00:04:15.779Z] [INFO] Checking for scheduled reports...
[2025-08-05T00:04:16.599Z] [DEBUG] Connected to MongoDB
[2025-08-05T00:04:16.684Z] [INFO] Found 1 company databases
[2025-08-05T00:04:16.684Z] [DEBUG] Processing company database: company_ry0iwbpw
[2025-08-05T00:04:16.752Z] [DEBUG] Finding reports to execute in company_ry0iwbpw (current time: 2025-08-05T00:04:16.752Z)
[2025-08-05T00:04:16.819Z] [INFO] Found 0 reports to execute in company_ry0iwbpw
[2025-08-05T00:04:16.820Z] [INFO] Scheduled reports check completed
[2025-08-05T00:04:16.823Z] [DEBUG] MongoDB connection closed
[2025-08-05T00:04:25.780Z] [INFO] Checking for scheduled reports...
[2025-08-05T00:04:26.582Z] [DEBUG] Connected to MongoDB
[2025-08-05T00:04:26.657Z] [INFO] Found 1 company databases
[2025-08-05T00:04:26.657Z] [DEBUG] Processing company database: company_ry0iwbpw
[2025-08-05T00:04:26.727Z] [DEBUG] Finding reports to execute in company_ry0iwbpw (current time: 2025-08-05T00:04:26.727Z)
[2025-08-05T00:04:26.794Z] [INFO] Found 0 reports to execute in company_ry0iwbpw
[2025-08-05T00:04:26.795Z] [INFO] Scheduled reports check completed
[2025-08-05T00:04:26.798Z] [DEBUG] MongoDB connection closed
[2025-08-05T00:04:35.780Z] [INFO] Checking for scheduled reports...
[2025-08-05T00:04:36.675Z] [DEBUG] Connected to MongoDB
[2025-08-05T00:04:36.763Z] [INFO] Found 1 company databases
[2025-08-05T00:04:36.764Z] [DEBUG] Processing company database: company_ry0iwbpw
[2025-08-05T00:04:36.840Z] [DEBUG] Finding reports to execute in company_ry0iwbpw (current time: 2025-08-05T00:04:36.840Z)
[2025-08-05T00:04:36.920Z] [INFO] Found 0 reports to execute in company_ry0iwbpw
[2025-08-05T00:04:36.921Z] [INFO] Scheduled reports check completed
[2025-08-05T00:04:36.923Z] [DEBUG] MongoDB connection closed
[2025-08-05T00:04:45.781Z] [INFO] Checking for scheduled reports...
[2025-08-05T00:04:46.630Z] [DEBUG] Connected to MongoDB
[2025-08-05T00:04:46.710Z] [INFO] Found 1 company databases
[2025-08-05T00:04:46.711Z] [DEBUG] Processing company database: company_ry0iwbpw
[2025-08-05T00:04:46.784Z] [DEBUG] Finding reports to execute in company_ry0iwbpw (current time: 2025-08-05T00:04:46.784Z)
[2025-08-05T00:04:46.858Z] [INFO] Found 0 reports to execute in company_ry0iwbpw
[2025-08-05T00:04:46.858Z] [INFO] Scheduled reports check completed
[2025-08-05T00:04:46.861Z] [DEBUG] MongoDB connection closed
[2025-08-05T00:04:55.782Z] [INFO] Checking for scheduled reports...
[2025-08-05T00:04:56.641Z] [DEBUG] Connected to MongoDB
[2025-08-05T00:04:56.732Z] [INFO] Found 1 company databases
[2025-08-05T00:04:56.733Z] [DEBUG] Processing company database: company_ry0iwbpw
[2025-08-05T00:04:56.814Z] [DEBUG] Finding reports to execute in company_ry0iwbpw (current time: 2025-08-05T00:04:56.814Z)
[2025-08-05T00:04:56.894Z] [INFO] Found 0 reports to execute in company_ry0iwbpw
[2025-08-05T00:04:56.894Z] [INFO] Scheduled reports check completed
[2025-08-05T00:04:56.897Z] [DEBUG] MongoDB connection closed
[2025-08-05T00:05:05.783Z] [INFO] Checking for scheduled reports...
[2025-08-05T00:05:06.688Z] [DEBUG] Connected to MongoDB
[2025-08-05T00:05:06.769Z] [INFO] Found 1 company databases
[2025-08-05T00:05:06.769Z] [DEBUG] Processing company database: company_ry0iwbpw
[2025-08-05T00:05:06.850Z] [DEBUG] Finding reports to execute in company_ry0iwbpw (current time: 2025-08-05T00:05:06.850Z)
[2025-08-05T00:05:06.930Z] [INFO] Found 0 reports to execute in company_ry0iwbpw
[2025-08-05T00:05:06.930Z] [INFO] Scheduled reports check completed
[2025-08-05T00:05:06.933Z] [DEBUG] MongoDB connection closed
[2025-08-05T00:05:15.783Z] [INFO] Checking for scheduled reports...
[2025-08-05T00:05:16.621Z] [DEBUG] Connected to MongoDB
[2025-08-05T00:05:16.704Z] [INFO] Found 1 company databases
[2025-08-05T00:05:16.705Z] [DEBUG] Processing company database: company_ry0iwbpw
[2025-08-05T00:05:16.778Z] [DEBUG] Finding reports to execute in company_ry0iwbpw (current time: 2025-08-05T00:05:16.778Z)
[2025-08-05T00:05:16.851Z] [INFO] Found 0 reports to execute in company_ry0iwbpw
[2025-08-05T00:05:16.851Z] [INFO] Scheduled reports check completed
[2025-08-05T00:05:16.854Z] [DEBUG] MongoDB connection closed
[2025-08-05T00:05:25.784Z] [INFO] Checking for scheduled reports...
[2025-08-05T00:05:26.567Z] [DEBUG] Connected to MongoDB
[2025-08-05T00:05:26.643Z] [INFO] Found 1 company databases
[2025-08-05T00:05:26.644Z] [DEBUG] Processing company database: company_ry0iwbpw
[2025-08-05T00:05:26.713Z] [DEBUG] Finding reports to execute in company_ry0iwbpw (current time: 2025-08-05T00:05:26.713Z)
[2025-08-05T00:05:26.781Z] [INFO] Found 0 reports to execute in company_ry0iwbpw
[2025-08-05T00:05:26.781Z] [INFO] Scheduled reports check completed
[2025-08-05T00:05:26.784Z] [DEBUG] MongoDB connection closed
[2025-08-05T00:05:35.785Z] [INFO] Checking for scheduled reports...
[2025-08-05T00:05:36.603Z] [DEBUG] Connected to MongoDB
[2025-08-05T00:05:36.683Z] [INFO] Found 1 company databases
[2025-08-05T00:05:36.684Z] [DEBUG] Processing company database: company_ry0iwbpw
[2025-08-05T00:05:36.757Z] [DEBUG] Finding reports to execute in company_ry0iwbpw (current time: 2025-08-05T00:05:36.757Z)
[2025-08-05T00:05:36.829Z] [INFO] Found 0 reports to execute in company_ry0iwbpw
[2025-08-05T00:05:36.830Z] [INFO] Scheduled reports check completed
[2025-08-05T00:05:36.834Z] [DEBUG] MongoDB connection closed
[2025-08-05T00:05:45.786Z] [INFO] Checking for scheduled reports...
[2025-08-05T00:05:46.551Z] [DEBUG] Connected to MongoDB
[2025-08-05T00:05:46.627Z] [INFO] Found 1 company databases
[2025-08-05T00:05:46.628Z] [DEBUG] Processing company database: company_ry0iwbpw
[2025-08-05T00:05:46.696Z] [DEBUG] Finding reports to execute in company_ry0iwbpw (current time: 2025-08-05T00:05:46.696Z)
[2025-08-05T00:05:46.764Z] [INFO] Found 0 reports to execute in company_ry0iwbpw
[2025-08-05T00:05:46.765Z] [INFO] Scheduled reports check completed
[2025-08-05T00:05:46.768Z] [DEBUG] MongoDB connection closed
[2025-08-05T00:05:55.787Z] [INFO] Checking for scheduled reports...
[2025-08-05T00:05:56.596Z] [DEBUG] Connected to MongoDB
[2025-08-05T00:05:56.675Z] [INFO] Found 1 company databases
[2025-08-05T00:05:56.676Z] [DEBUG] Processing company database: company_ry0iwbpw
[2025-08-05T00:05:56.747Z] [DEBUG] Finding reports to execute in company_ry0iwbpw (current time: 2025-08-05T00:05:56.747Z)
[2025-08-05T00:05:56.820Z] [INFO] Found 0 reports to execute in company_ry0iwbpw
[2025-08-05T00:05:56.820Z] [INFO] Scheduled reports check completed
[2025-08-05T00:05:56.822Z] [DEBUG] MongoDB connection closed
[2025-08-05T00:06:05.787Z] [INFO] Checking for scheduled reports...
[2025-08-05T00:06:06.574Z] [DEBUG] Connected to MongoDB
[2025-08-05T00:06:06.651Z] [INFO] Found 1 company databases
[2025-08-05T00:06:06.651Z] [DEBUG] Processing company database: company_ry0iwbpw
[2025-08-05T00:06:06.720Z] [DEBUG] Finding reports to execute in company_ry0iwbpw (current time: 2025-08-05T00:06:06.720Z)
[2025-08-05T00:06:06.788Z] [INFO] Found 0 reports to execute in company_ry0iwbpw
[2025-08-05T00:06:06.789Z] [INFO] Scheduled reports check completed
[2025-08-05T00:06:06.790Z] [DEBUG] MongoDB connection closed
[2025-08-05T00:06:15.788Z] [INFO] Checking for scheduled reports...
[2025-08-05T00:06:16.593Z] [DEBUG] Connected to MongoDB
[2025-08-05T00:06:16.672Z] [INFO] Found 1 company databases
[2025-08-05T00:06:16.673Z] [DEBUG] Processing company database: company_ry0iwbpw
[2025-08-05T00:06:16.744Z] [DEBUG] Finding reports to execute in company_ry0iwbpw (current time: 2025-08-05T00:06:16.744Z)
[2025-08-05T00:06:16.815Z] [INFO] Found 0 reports to execute in company_ry0iwbpw
[2025-08-05T00:06:16.816Z] [INFO] Scheduled reports check completed
[2025-08-05T00:06:16.818Z] [DEBUG] MongoDB connection closed
[2025-08-05T00:06:25.790Z] [INFO] Checking for scheduled reports...
[2025-08-05T00:06:26.600Z] [DEBUG] Connected to MongoDB
[2025-08-05T00:06:26.679Z] [INFO] Found 1 company databases
[2025-08-05T00:06:26.679Z] [DEBUG] Processing company database: company_ry0iwbpw
[2025-08-05T00:06:26.750Z] [DEBUG] Finding reports to execute in company_ry0iwbpw (current time: 2025-08-05T00:06:26.750Z)
[2025-08-05T00:06:26.822Z] [INFO] Found 0 reports to execute in company_ry0iwbpw
[2025-08-05T00:06:26.822Z] [INFO] Scheduled reports check completed
[2025-08-05T00:06:26.824Z] [DEBUG] MongoDB connection closed
[2025-08-05T00:06:35.793Z] [INFO] Checking for scheduled reports...
[2025-08-05T00:06:36.578Z] [DEBUG] Connected to MongoDB
[2025-08-05T00:06:36.653Z] [INFO] Found 1 company databases
[2025-08-05T00:06:36.653Z] [DEBUG] Processing company database: company_ry0iwbpw
[2025-08-05T00:06:36.722Z] [DEBUG] Finding reports to execute in company_ry0iwbpw (current time: 2025-08-05T00:06:36.722Z)
[2025-08-05T00:06:36.789Z] [INFO] Found 0 reports to execute in company_ry0iwbpw
[2025-08-05T00:06:36.790Z] [INFO] Scheduled reports check completed
[2025-08-05T00:06:36.793Z] [DEBUG] MongoDB connection closed
[2025-08-05T00:06:45.795Z] [INFO] Checking for scheduled reports...
[2025-08-05T00:06:46.618Z] [DEBUG] Connected to MongoDB
[2025-08-05T00:06:46.699Z] [INFO] Found 1 company databases
[2025-08-05T00:06:46.700Z] [DEBUG] Processing company database: company_ry0iwbpw
[2025-08-05T00:06:46.774Z] [DEBUG] Finding reports to execute in company_ry0iwbpw (current time: 2025-08-05T00:06:46.774Z)
[2025-08-05T00:06:46.846Z] [INFO] Found 0 reports to execute in company_ry0iwbpw
[2025-08-05T00:06:46.847Z] [INFO] Scheduled reports check completed
[2025-08-05T00:06:46.849Z] [DEBUG] MongoDB connection closed
[2025-08-05T00:06:55.797Z] [INFO] Checking for scheduled reports...
[2025-08-05T00:06:56.589Z] [DEBUG] Connected to MongoDB
[2025-08-05T00:06:56.666Z] [INFO] Found 1 company databases
[2025-08-05T00:06:56.667Z] [DEBUG] Processing company database: company_ry0iwbpw
[2025-08-05T00:06:56.737Z] [DEBUG] Finding reports to execute in company_ry0iwbpw (current time: 2025-08-05T00:06:56.737Z)
[2025-08-05T00:06:56.806Z] [INFO] Found 0 reports to execute in company_ry0iwbpw
[2025-08-05T00:06:56.806Z] [INFO] Scheduled reports check completed
[2025-08-05T00:06:56.809Z] [DEBUG] MongoDB connection closed
[2025-08-05T00:07:05.799Z] [INFO] Checking for scheduled reports...
[2025-08-05T00:07:06.598Z] [DEBUG] Connected to MongoDB
[2025-08-05T00:07:06.678Z] [INFO] Found 1 company databases
[2025-08-05T00:07:06.679Z] [DEBUG] Processing company database: company_ry0iwbpw
[2025-08-05T00:07:06.751Z] [DEBUG] Finding reports to execute in company_ry0iwbpw (current time: 2025-08-05T00:07:06.751Z)
[2025-08-05T00:07:06.825Z] [INFO] Found 0 reports to execute in company_ry0iwbpw
[2025-08-05T00:07:06.825Z] [INFO] Scheduled reports check completed
[2025-08-05T00:07:06.827Z] [DEBUG] MongoDB connection closed
[2025-08-05T00:07:15.801Z] [INFO] Checking for scheduled reports...
[2025-08-05T00:07:16.686Z] [DEBUG] Connected to MongoDB
[2025-08-05T00:07:16.766Z] [INFO] Found 1 company databases
[2025-08-05T00:07:16.766Z] [DEBUG] Processing company database: company_ry0iwbpw
[2025-08-05T00:07:16.834Z] [DEBUG] Finding reports to execute in company_ry0iwbpw (current time: 2025-08-05T00:07:16.834Z)
[2025-08-05T00:07:16.902Z] [INFO] Found 0 reports to execute in company_ry0iwbpw
[2025-08-05T00:07:16.902Z] [INFO] Scheduled reports check completed
[2025-08-05T00:07:16.904Z] [DEBUG] MongoDB connection closed
[2025-08-05T00:07:25.802Z] [INFO] Checking for scheduled reports...
[2025-08-05T00:07:26.614Z] [DEBUG] Connected to MongoDB
[2025-08-05T00:07:26.697Z] [INFO] Found 1 company databases
[2025-08-05T00:07:26.697Z] [DEBUG] Processing company database: company_ry0iwbpw
[2025-08-05T00:07:26.770Z] [DEBUG] Finding reports to execute in company_ry0iwbpw (current time: 2025-08-05T00:07:26.770Z)
[2025-08-05T00:07:26.842Z] [INFO] Found 0 reports to execute in company_ry0iwbpw
[2025-08-05T00:07:26.843Z] [INFO] Scheduled reports check completed
[2025-08-05T00:07:26.845Z] [DEBUG] MongoDB connection closed
[2025-08-05T00:07:35.804Z] [INFO] Checking for scheduled reports...
[2025-08-05T00:07:36.590Z] [DEBUG] Connected to MongoDB
[2025-08-05T00:07:36.667Z] [INFO] Found 1 company databases
[2025-08-05T00:07:36.668Z] [DEBUG] Processing company database: company_ry0iwbpw
[2025-08-05T00:07:36.736Z] [DEBUG] Finding reports to execute in company_ry0iwbpw (current time: 2025-08-05T00:07:36.736Z)
[2025-08-05T00:07:36.804Z] [INFO] Found 0 reports to execute in company_ry0iwbpw
[2025-08-05T00:07:36.805Z] [INFO] Scheduled reports check completed
[2025-08-05T00:07:36.807Z] [DEBUG] MongoDB connection closed
[2025-08-05T00:07:45.804Z] [INFO] Checking for scheduled reports...
[2025-08-05T00:07:46.619Z] [DEBUG] Connected to MongoDB
[2025-08-05T00:07:46.699Z] [INFO] Found 1 company databases
[2025-08-05T00:07:46.700Z] [DEBUG] Processing company database: company_ry0iwbpw
[2025-08-05T00:07:46.773Z] [DEBUG] Finding reports to execute in company_ry0iwbpw (current time: 2025-08-05T00:07:46.773Z)
[2025-08-05T00:07:46.845Z] [INFO] Found 0 reports to execute in company_ry0iwbpw
[2025-08-05T00:07:46.846Z] [INFO] Scheduled reports check completed
[2025-08-05T00:07:46.848Z] [DEBUG] MongoDB connection closed
[2025-08-05T00:07:55.804Z] [INFO] Checking for scheduled reports...
[2025-08-05T00:07:56.594Z] [DEBUG] Connected to MongoDB
[2025-08-05T00:07:56.670Z] [INFO] Found 1 company databases
[2025-08-05T00:07:56.671Z] [DEBUG] Processing company database: company_ry0iwbpw
[2025-08-05T00:07:56.739Z] [DEBUG] Finding reports to execute in company_ry0iwbpw (current time: 2025-08-05T00:07:56.739Z)
[2025-08-05T00:07:56.806Z] [INFO] Found 0 reports to execute in company_ry0iwbpw
[2025-08-05T00:07:56.806Z] [INFO] Scheduled reports check completed
[2025-08-05T00:07:56.808Z] [DEBUG] MongoDB connection closed
[2025-08-05T00:08:05.806Z] [INFO] Checking for scheduled reports...
[2025-08-05T00:08:06.603Z] [DEBUG] Connected to MongoDB
[2025-08-05T00:08:06.683Z] [INFO] Found 1 company databases
[2025-08-05T00:08:06.684Z] [DEBUG] Processing company database: company_ry0iwbpw
[2025-08-05T00:08:06.757Z] [DEBUG] Finding reports to execute in company_ry0iwbpw (current time: 2025-08-05T00:08:06.757Z)
[2025-08-05T00:08:06.829Z] [INFO] Found 0 reports to execute in company_ry0iwbpw
[2025-08-05T00:08:06.830Z] [INFO] Scheduled reports check completed
[2025-08-05T00:08:06.833Z] [DEBUG] MongoDB connection closed
[2025-08-05T00:08:15.808Z] [INFO] Checking for scheduled reports...
[2025-08-05T00:08:16.642Z] [DEBUG] Connected to MongoDB
[2025-08-05T00:08:16.722Z] [INFO] Found 1 company databases
[2025-08-05T00:08:16.723Z] [DEBUG] Processing company database: company_ry0iwbpw
[2025-08-05T00:08:16.796Z] [DEBUG] Finding reports to execute in company_ry0iwbpw (current time: 2025-08-05T00:08:16.796Z)
[2025-08-05T00:08:16.869Z] [INFO] Found 0 reports to execute in company_ry0iwbpw
[2025-08-05T00:08:16.869Z] [INFO] Scheduled reports check completed
[2025-08-05T00:08:16.872Z] [DEBUG] MongoDB connection closed
[2025-08-05T00:08:25.810Z] [INFO] Checking for scheduled reports...
[2025-08-05T00:08:26.591Z] [DEBUG] Connected to MongoDB
[2025-08-05T00:08:26.667Z] [INFO] Found 1 company databases
[2025-08-05T00:08:26.668Z] [DEBUG] Processing company database: company_ry0iwbpw
[2025-08-05T00:08:26.735Z] [DEBUG] Finding reports to execute in company_ry0iwbpw (current time: 2025-08-05T00:08:26.735Z)
[2025-08-05T00:08:26.802Z] [INFO] Found 0 reports to execute in company_ry0iwbpw
[2025-08-05T00:08:26.802Z] [INFO] Scheduled reports check completed
[2025-08-05T00:08:26.804Z] [DEBUG] MongoDB connection closed
[2025-08-05T00:08:35.812Z] [INFO] Checking for scheduled reports...
[2025-08-05T00:08:36.563Z] [DEBUG] Connected to MongoDB
[2025-08-05T00:08:36.639Z] [INFO] Found 1 company databases
[2025-08-05T00:08:36.640Z] [DEBUG] Processing company database: company_ry0iwbpw
[2025-08-05T00:08:36.707Z] [DEBUG] Finding reports to execute in company_ry0iwbpw (current time: 2025-08-05T00:08:36.707Z)
[2025-08-05T00:08:36.776Z] [INFO] Found 0 reports to execute in company_ry0iwbpw
[2025-08-05T00:08:36.776Z] [INFO] Scheduled reports check completed
[2025-08-05T00:08:36.778Z] [DEBUG] MongoDB connection closed
[2025-08-05T00:08:45.814Z] [INFO] Checking for scheduled reports...
[2025-08-05T00:08:46.618Z] [DEBUG] Connected to MongoDB
[2025-08-05T00:08:46.699Z] [INFO] Found 1 company databases
[2025-08-05T00:08:46.699Z] [DEBUG] Processing company database: company_ry0iwbpw
[2025-08-05T00:08:46.773Z] [DEBUG] Finding reports to execute in company_ry0iwbpw (current time: 2025-08-05T00:08:46.773Z)
[2025-08-05T00:08:46.845Z] [INFO] Found 0 reports to execute in company_ry0iwbpw
[2025-08-05T00:08:46.846Z] [INFO] Scheduled reports check completed
[2025-08-05T00:08:46.848Z] [DEBUG] MongoDB connection closed
[2025-08-05T00:08:55.815Z] [INFO] Checking for scheduled reports...
[2025-08-05T00:08:56.645Z] [DEBUG] Connected to MongoDB
[2025-08-05T00:08:56.725Z] [INFO] Found 1 company databases
[2025-08-05T00:08:56.725Z] [DEBUG] Processing company database: company_ry0iwbpw
[2025-08-05T00:08:56.797Z] [DEBUG] Finding reports to execute in company_ry0iwbpw (current time: 2025-08-05T00:08:56.797Z)
[2025-08-05T00:08:56.868Z] [INFO] Found 0 reports to execute in company_ry0iwbpw
[2025-08-05T00:08:56.869Z] [INFO] Scheduled reports check completed
[2025-08-05T00:08:56.872Z] [DEBUG] MongoDB connection closed
[2025-08-05T00:09:05.816Z] [INFO] Checking for scheduled reports...
[2025-08-05T00:09:06.604Z] [DEBUG] Connected to MongoDB
[2025-08-05T00:09:06.685Z] [INFO] Found 1 company databases
[2025-08-05T00:09:06.685Z] [DEBUG] Processing company database: company_ry0iwbpw
[2025-08-05T00:09:06.757Z] [DEBUG] Finding reports to execute in company_ry0iwbpw (current time: 2025-08-05T00:09:06.757Z)
[2025-08-05T00:09:06.829Z] [INFO] Found 0 reports to execute in company_ry0iwbpw
[2025-08-05T00:09:06.830Z] [INFO] Scheduled reports check completed
[2025-08-05T00:09:06.833Z] [DEBUG] MongoDB connection closed
[2025-08-05T00:09:15.816Z] [INFO] Checking for scheduled reports...
[2025-08-05T00:09:16.605Z] [DEBUG] Connected to MongoDB
[2025-08-05T00:09:16.683Z] [INFO] Found 1 company databases
[2025-08-05T00:09:16.683Z] [DEBUG] Processing company database: company_ry0iwbpw
[2025-08-05T00:09:16.753Z] [DEBUG] Finding reports to execute in company_ry0iwbpw (current time: 2025-08-05T00:09:16.753Z)
[2025-08-05T00:09:16.821Z] [INFO] Found 0 reports to execute in company_ry0iwbpw
[2025-08-05T00:09:16.821Z] [INFO] Scheduled reports check completed
[2025-08-05T00:09:16.824Z] [DEBUG] MongoDB connection closed
[2025-08-05T00:09:25.818Z] [INFO] Checking for scheduled reports...
[2025-08-05T00:09:26.640Z] [DEBUG] Connected to MongoDB
[2025-08-05T00:09:26.719Z] [INFO] Found 1 company databases
[2025-08-05T00:09:26.719Z] [DEBUG] Processing company database: company_ry0iwbpw
[2025-08-05T00:09:26.790Z] [DEBUG] Finding reports to execute in company_ry0iwbpw (current time: 2025-08-05T00:09:26.790Z)
[2025-08-05T00:09:26.862Z] [INFO] Found 0 reports to execute in company_ry0iwbpw
[2025-08-05T00:09:26.863Z] [INFO] Scheduled reports check completed
[2025-08-05T00:09:26.866Z] [DEBUG] MongoDB connection closed
[2025-08-05T00:09:35.821Z] [INFO] Checking for scheduled reports...
[2025-08-05T00:09:36.573Z] [DEBUG] Connected to MongoDB
[2025-08-05T00:09:36.652Z] [INFO] Found 1 company databases
[2025-08-05T00:09:36.653Z] [DEBUG] Processing company database: company_ry0iwbpw
[2025-08-05T00:09:36.723Z] [DEBUG] Finding reports to execute in company_ry0iwbpw (current time: 2025-08-05T00:09:36.723Z)
[2025-08-05T00:09:36.791Z] [INFO] Found 0 reports to execute in company_ry0iwbpw
[2025-08-05T00:09:36.791Z] [INFO] Scheduled reports check completed
[2025-08-05T00:09:36.793Z] [DEBUG] MongoDB connection closed
[2025-08-05T00:09:45.821Z] [INFO] Checking for scheduled reports...
[2025-08-05T00:09:46.633Z] [DEBUG] Connected to MongoDB
[2025-08-05T00:09:46.714Z] [INFO] Found 1 company databases
[2025-08-05T00:09:46.715Z] [DEBUG] Processing company database: company_ry0iwbpw
[2025-08-05T00:09:46.787Z] [DEBUG] Finding reports to execute in company_ry0iwbpw (current time: 2025-08-05T00:09:46.787Z)
[2025-08-05T00:09:46.859Z] [INFO] Found 0 reports to execute in company_ry0iwbpw
[2025-08-05T00:09:46.860Z] [INFO] Scheduled reports check completed
[2025-08-05T00:09:46.862Z] [DEBUG] MongoDB connection closed
[2025-08-05T00:09:55.822Z] [INFO] Checking for scheduled reports...
[2025-08-05T00:09:56.596Z] [DEBUG] Connected to MongoDB
[2025-08-05T00:09:56.672Z] [INFO] Found 1 company databases
[2025-08-05T00:09:56.672Z] [DEBUG] Processing company database: company_ry0iwbpw
[2025-08-05T00:09:56.740Z] [DEBUG] Finding reports to execute in company_ry0iwbpw (current time: 2025-08-05T00:09:56.740Z)
[2025-08-05T00:09:56.807Z] [INFO] Found 0 reports to execute in company_ry0iwbpw
[2025-08-05T00:09:56.807Z] [INFO] Scheduled reports check completed
[2025-08-05T00:09:56.809Z] [DEBUG] MongoDB connection closed
[2025-08-05T00:10:05.824Z] [INFO] Checking for scheduled reports...
[2025-08-05T00:10:06.615Z] [DEBUG] Connected to MongoDB
[2025-08-05T00:10:06.695Z] [INFO] Found 1 company databases
[2025-08-05T00:10:06.695Z] [DEBUG] Processing company database: company_ry0iwbpw
[2025-08-05T00:10:06.767Z] [DEBUG] Finding reports to execute in company_ry0iwbpw (current time: 2025-08-05T00:10:06.767Z)
[2025-08-05T00:10:06.838Z] [INFO] Found 0 reports to execute in company_ry0iwbpw
[2025-08-05T00:10:06.838Z] [INFO] Scheduled reports check completed
[2025-08-05T00:10:06.841Z] [DEBUG] MongoDB connection closed
[2025-08-05T00:10:15.826Z] [INFO] Checking for scheduled reports...
[2025-08-05T00:10:16.632Z] [DEBUG] Connected to MongoDB
[2025-08-05T00:10:16.713Z] [INFO] Found 1 company databases
[2025-08-05T00:10:16.713Z] [DEBUG] Processing company database: company_ry0iwbpw
[2025-08-05T00:10:16.786Z] [DEBUG] Finding reports to execute in company_ry0iwbpw (current time: 2025-08-05T00:10:16.786Z)
[2025-08-05T00:10:16.858Z] [INFO] Found 0 reports to execute in company_ry0iwbpw
[2025-08-05T00:10:16.859Z] [INFO] Scheduled reports check completed
[2025-08-05T00:10:16.861Z] [DEBUG] MongoDB connection closed
[2025-08-05T00:10:25.826Z] [INFO] Checking for scheduled reports...
[2025-08-05T00:10:26.598Z] [DEBUG] Connected to MongoDB
[2025-08-05T00:10:26.673Z] [INFO] Found 1 company databases
[2025-08-05T00:10:26.673Z] [DEBUG] Processing company database: company_ry0iwbpw
[2025-08-05T00:10:26.741Z] [DEBUG] Finding reports to execute in company_ry0iwbpw (current time: 2025-08-05T00:10:26.741Z)
[2025-08-05T00:10:26.808Z] [INFO] Found 0 reports to execute in company_ry0iwbpw
[2025-08-05T00:10:26.809Z] [INFO] Scheduled reports check completed
[2025-08-05T00:10:26.812Z] [DEBUG] MongoDB connection closed
[2025-08-05T00:10:35.828Z] [INFO] Checking for scheduled reports...
[2025-08-05T00:10:36.656Z] [DEBUG] Connected to MongoDB
[2025-08-05T00:10:36.737Z] [INFO] Found 1 company databases
[2025-08-05T00:10:36.738Z] [DEBUG] Processing company database: company_ry0iwbpw
[2025-08-05T00:10:36.811Z] [DEBUG] Finding reports to execute in company_ry0iwbpw (current time: 2025-08-05T00:10:36.811Z)
[2025-08-05T00:10:36.883Z] [INFO] Found 0 reports to execute in company_ry0iwbpw
[2025-08-05T00:10:36.884Z] [INFO] Scheduled reports check completed
[2025-08-05T00:10:36.886Z] [DEBUG] MongoDB connection closed
[2025-08-05T00:10:45.829Z] [INFO] Checking for scheduled reports...
[2025-08-05T00:10:46.610Z] [DEBUG] Connected to MongoDB
[2025-08-05T00:10:46.685Z] [INFO] Found 1 company databases
[2025-08-05T00:10:46.686Z] [DEBUG] Processing company database: company_ry0iwbpw
[2025-08-05T00:10:46.754Z] [DEBUG] Finding reports to execute in company_ry0iwbpw (current time: 2025-08-05T00:10:46.753Z)
[2025-08-05T00:10:46.821Z] [INFO] Found 0 reports to execute in company_ry0iwbpw
[2025-08-05T00:10:46.821Z] [INFO] Scheduled reports check completed
[2025-08-05T00:10:46.823Z] [DEBUG] MongoDB connection closed
[2025-08-05T00:10:55.829Z] [INFO] Checking for scheduled reports...
[2025-08-05T00:10:56.613Z] [DEBUG] Connected to MongoDB
[2025-08-05T00:10:56.765Z] [INFO] Found 1 company databases
[2025-08-05T00:10:56.765Z] [DEBUG] Processing company database: company_ry0iwbpw
[2025-08-05T00:10:56.854Z] [DEBUG] Finding reports to execute in company_ry0iwbpw (current time: 2025-08-05T00:10:56.854Z)
[2025-08-05T00:10:56.978Z] [INFO] Found 0 reports to execute in company_ry0iwbpw
[2025-08-05T00:10:56.978Z] [INFO] Scheduled reports check completed
[2025-08-05T00:10:56.981Z] [DEBUG] MongoDB connection closed
[2025-08-05T00:11:05.829Z] [INFO] Checking for scheduled reports...
[2025-08-05T00:11:06.609Z] [DEBUG] Connected to MongoDB
[2025-08-05T00:11:06.689Z] [INFO] Found 1 company databases
[2025-08-05T00:11:06.690Z] [DEBUG] Processing company database: company_ry0iwbpw
[2025-08-05T00:11:06.759Z] [DEBUG] Finding reports to execute in company_ry0iwbpw (current time: 2025-08-05T00:11:06.759Z)
[2025-08-05T00:11:06.828Z] [INFO] Found 0 reports to execute in company_ry0iwbpw
[2025-08-05T00:11:06.829Z] [INFO] Scheduled reports check completed
[2025-08-05T00:11:06.831Z] [DEBUG] MongoDB connection closed
[2025-08-05T00:11:15.831Z] [INFO] Checking for scheduled reports...
[2025-08-05T00:11:16.638Z] [DEBUG] Connected to MongoDB
[2025-08-05T00:11:16.715Z] [INFO] Found 1 company databases
[2025-08-05T00:11:16.716Z] [DEBUG] Processing company database: company_ry0iwbpw
[2025-08-05T00:11:16.785Z] [DEBUG] Finding reports to execute in company_ry0iwbpw (current time: 2025-08-05T00:11:16.785Z)
[2025-08-05T00:11:16.853Z] [INFO] Found 0 reports to execute in company_ry0iwbpw
[2025-08-05T00:11:16.853Z] [INFO] Scheduled reports check completed
[2025-08-05T00:11:16.856Z] [DEBUG] MongoDB connection closed
[2025-08-05T00:11:25.833Z] [INFO] Checking for scheduled reports...
[2025-08-05T00:11:26.654Z] [DEBUG] Connected to MongoDB
[2025-08-05T00:11:26.734Z] [INFO] Found 1 company databases
[2025-08-05T00:11:26.734Z] [DEBUG] Processing company database: company_ry0iwbpw
[2025-08-05T00:11:26.807Z] [DEBUG] Finding reports to execute in company_ry0iwbpw (current time: 2025-08-05T00:11:26.807Z)
[2025-08-05T00:11:26.880Z] [INFO] Found 0 reports to execute in company_ry0iwbpw
[2025-08-05T00:11:26.880Z] [INFO] Scheduled reports check completed
[2025-08-05T00:11:26.883Z] [DEBUG] MongoDB connection closed
[2025-08-05T00:11:35.835Z] [INFO] Checking for scheduled reports...
[2025-08-05T00:11:36.631Z] [DEBUG] Connected to MongoDB
[2025-08-05T00:11:36.710Z] [INFO] Found 1 company databases
[2025-08-05T00:11:36.711Z] [DEBUG] Processing company database: company_ry0iwbpw
[2025-08-05T00:11:36.779Z] [DEBUG] Finding reports to execute in company_ry0iwbpw (current time: 2025-08-05T00:11:36.779Z)
[2025-08-05T00:11:36.855Z] [INFO] Found 0 reports to execute in company_ry0iwbpw
[2025-08-05T00:11:36.855Z] [INFO] Scheduled reports check completed
[2025-08-05T00:11:36.858Z] [DEBUG] MongoDB connection closed
[2025-08-05T00:11:45.837Z] [INFO] Checking for scheduled reports...
[2025-08-05T00:11:46.645Z] [DEBUG] Connected to MongoDB
[2025-08-05T00:11:46.725Z] [INFO] Found 1 company databases
[2025-08-05T00:11:46.725Z] [DEBUG] Processing company database: company_ry0iwbpw
[2025-08-05T00:11:46.797Z] [DEBUG] Finding reports to execute in company_ry0iwbpw (current time: 2025-08-05T00:11:46.797Z)
[2025-08-05T00:11:46.868Z] [INFO] Found 0 reports to execute in company_ry0iwbpw
[2025-08-05T00:11:46.869Z] [INFO] Scheduled reports check completed
[2025-08-05T00:11:46.871Z] [DEBUG] MongoDB connection closed
[2025-08-05T00:11:55.838Z] [INFO] Checking for scheduled reports...
[2025-08-05T00:11:56.702Z] [DEBUG] Connected to MongoDB
[2025-08-05T00:11:56.781Z] [INFO] Found 1 company databases
[2025-08-05T00:11:56.781Z] [DEBUG] Processing company database: company_ry0iwbpw
[2025-08-05T00:11:56.853Z] [DEBUG] Finding reports to execute in company_ry0iwbpw (current time: 2025-08-05T00:11:56.853Z)
[2025-08-05T00:11:56.925Z] [INFO] Found 0 reports to execute in company_ry0iwbpw
[2025-08-05T00:11:56.925Z] [INFO] Scheduled reports check completed
[2025-08-05T00:11:56.927Z] [DEBUG] MongoDB connection closed
[2025-08-05T00:12:05.839Z] [INFO] Checking for scheduled reports...
[2025-08-05T00:12:06.662Z] [DEBUG] Connected to MongoDB
[2025-08-05T00:12:06.741Z] [INFO] Found 1 company databases
[2025-08-05T00:12:06.742Z] [DEBUG] Processing company database: company_ry0iwbpw
[2025-08-05T00:12:06.813Z] [DEBUG] Finding reports to execute in company_ry0iwbpw (current time: 2025-08-05T00:12:06.813Z)
[2025-08-05T00:12:06.885Z] [INFO] Found 0 reports to execute in company_ry0iwbpw
[2025-08-05T00:12:06.885Z] [INFO] Scheduled reports check completed
[2025-08-05T00:12:06.887Z] [DEBUG] MongoDB connection closed
[2025-08-05T00:12:15.838Z] [INFO] Checking for scheduled reports...
[2025-08-05T00:12:16.718Z] [DEBUG] Connected to MongoDB
[2025-08-05T00:12:16.804Z] [INFO] Found 1 company databases
[2025-08-05T00:12:16.805Z] [DEBUG] Processing company database: company_ry0iwbpw
[2025-08-05T00:12:16.877Z] [DEBUG] Finding reports to execute in company_ry0iwbpw (current time: 2025-08-05T00:12:16.877Z)
[2025-08-05T00:12:16.951Z] [INFO] Found 0 reports to execute in company_ry0iwbpw
[2025-08-05T00:12:16.951Z] [INFO] Scheduled reports check completed
[2025-08-05T00:12:16.953Z] [DEBUG] MongoDB connection closed
[2025-08-05T00:12:25.839Z] [INFO] Checking for scheduled reports...
[2025-08-05T00:12:26.678Z] [DEBUG] Connected to MongoDB
[2025-08-05T00:12:26.753Z] [INFO] Found 1 company databases
[2025-08-05T00:12:26.753Z] [DEBUG] Processing company database: company_ry0iwbpw
[2025-08-05T00:12:26.821Z] [DEBUG] Finding reports to execute in company_ry0iwbpw (current time: 2025-08-05T00:12:26.821Z)
[2025-08-05T00:12:26.888Z] [INFO] Found 0 reports to execute in company_ry0iwbpw
[2025-08-05T00:12:26.889Z] [INFO] Scheduled reports check completed
[2025-08-05T00:12:26.891Z] [DEBUG] MongoDB connection closed
[2025-08-05T00:12:35.841Z] [INFO] Checking for scheduled reports...
[2025-08-05T00:12:36.625Z] [DEBUG] Connected to MongoDB
[2025-08-05T00:12:36.699Z] [INFO] Found 1 company databases
[2025-08-05T00:12:36.700Z] [DEBUG] Processing company database: company_ry0iwbpw
[2025-08-05T00:12:36.767Z] [DEBUG] Finding reports to execute in company_ry0iwbpw (current time: 2025-08-05T00:12:36.767Z)
[2025-08-05T00:12:36.833Z] [INFO] Found 0 reports to execute in company_ry0iwbpw
[2025-08-05T00:12:36.834Z] [INFO] Scheduled reports check completed
[2025-08-05T00:12:36.835Z] [DEBUG] MongoDB connection closed
[2025-08-05T00:12:45.840Z] [INFO] Checking for scheduled reports...
[2025-08-05T00:12:46.780Z] [DEBUG] Connected to MongoDB
[2025-08-05T00:12:46.862Z] [INFO] Found 1 company databases
[2025-08-05T00:12:46.863Z] [DEBUG] Processing company database: company_ry0iwbpw
[2025-08-05T00:12:46.934Z] [DEBUG] Finding reports to execute in company_ry0iwbpw (current time: 2025-08-05T00:12:46.934Z)
[2025-08-05T00:12:47.006Z] [INFO] Found 0 reports to execute in company_ry0iwbpw
[2025-08-05T00:12:47.007Z] [INFO] Scheduled reports check completed
[2025-08-05T00:12:47.010Z] [DEBUG] MongoDB connection closed
[2025-08-05T00:12:55.842Z] [INFO] Checking for scheduled reports...
[2025-08-05T00:12:56.683Z] [DEBUG] Connected to MongoDB
[2025-08-05T00:12:56.761Z] [INFO] Found 1 company databases
[2025-08-05T00:12:56.761Z] [DEBUG] Processing company database: company_ry0iwbpw
[2025-08-05T00:12:56.830Z] [DEBUG] Finding reports to execute in company_ry0iwbpw (current time: 2025-08-05T00:12:56.830Z)
[2025-08-05T00:12:56.898Z] [INFO] Found 0 reports to execute in company_ry0iwbpw
[2025-08-05T00:12:56.898Z] [INFO] Scheduled reports check completed
[2025-08-05T00:12:56.900Z] [DEBUG] MongoDB connection closed
[2025-08-05T00:13:05.845Z] [INFO] Checking for scheduled reports...
[2025-08-05T00:13:06.609Z] [DEBUG] Connected to MongoDB
[2025-08-05T00:13:06.684Z] [INFO] Found 1 company databases
[2025-08-05T00:13:06.684Z] [DEBUG] Processing company database: company_ry0iwbpw
[2025-08-05T00:13:06.766Z] [DEBUG] Finding reports to execute in company_ry0iwbpw (current time: 2025-08-05T00:13:06.766Z)
[2025-08-05T00:13:06.833Z] [INFO] Found 0 reports to execute in company_ry0iwbpw
[2025-08-05T00:13:06.834Z] [INFO] Scheduled reports check completed
[2025-08-05T00:13:06.837Z] [DEBUG] MongoDB connection closed
[2025-08-05T00:13:15.845Z] [INFO] Checking for scheduled reports...
[2025-08-05T00:13:16.651Z] [DEBUG] Connected to MongoDB
[2025-08-05T00:13:16.730Z] [INFO] Found 1 company databases
[2025-08-05T00:13:16.731Z] [DEBUG] Processing company database: company_ry0iwbpw
[2025-08-05T00:13:16.805Z] [DEBUG] Finding reports to execute in company_ry0iwbpw (current time: 2025-08-05T00:13:16.805Z)
[2025-08-05T00:13:16.876Z] [INFO] Found 0 reports to execute in company_ry0iwbpw
[2025-08-05T00:13:16.877Z] [INFO] Scheduled reports check completed
[2025-08-05T00:13:16.879Z] [DEBUG] MongoDB connection closed
[2025-08-05T00:13:25.845Z] [INFO] Checking for scheduled reports...
[2025-08-05T00:13:26.608Z] [DEBUG] Connected to MongoDB
[2025-08-05T00:13:26.696Z] [INFO] Found 1 company databases
[2025-08-05T00:13:26.696Z] [DEBUG] Processing company database: company_ry0iwbpw
[2025-08-05T00:13:26.764Z] [DEBUG] Finding reports to execute in company_ry0iwbpw (current time: 2025-08-05T00:13:26.764Z)
[2025-08-05T00:13:26.831Z] [INFO] Found 0 reports to execute in company_ry0iwbpw
[2025-08-05T00:13:26.832Z] [INFO] Scheduled reports check completed
[2025-08-05T00:13:26.834Z] [DEBUG] MongoDB connection closed
[2025-08-05T00:13:35.845Z] [INFO] Checking for scheduled reports...
[2025-08-05T00:13:36.643Z] [DEBUG] Connected to MongoDB
[2025-08-05T00:13:36.723Z] [INFO] Found 1 company databases
[2025-08-05T00:13:36.723Z] [DEBUG] Processing company database: company_ry0iwbpw
[2025-08-05T00:13:36.794Z] [DEBUG] Finding reports to execute in company_ry0iwbpw (current time: 2025-08-05T00:13:36.794Z)
[2025-08-05T00:13:36.866Z] [INFO] Found 0 reports to execute in company_ry0iwbpw
[2025-08-05T00:13:36.867Z] [INFO] Scheduled reports check completed
[2025-08-05T00:13:36.868Z] [DEBUG] MongoDB connection closed
[2025-08-05T00:13:45.845Z] [INFO] Checking for scheduled reports...
[2025-08-05T00:13:46.600Z] [DEBUG] Connected to MongoDB
[2025-08-05T00:13:46.685Z] [INFO] Found 1 company databases
[2025-08-05T00:13:46.686Z] [DEBUG] Processing company database: company_ry0iwbpw
[2025-08-05T00:13:46.753Z] [DEBUG] Finding reports to execute in company_ry0iwbpw (current time: 2025-08-05T00:13:46.753Z)
[2025-08-05T00:13:46.820Z] [INFO] Found 0 reports to execute in company_ry0iwbpw
[2025-08-05T00:13:46.821Z] [INFO] Scheduled reports check completed
[2025-08-05T00:13:46.823Z] [DEBUG] MongoDB connection closed
[2025-08-05T00:13:55.847Z] [INFO] Checking for scheduled reports...
[2025-08-05T00:13:56.637Z] [DEBUG] Connected to MongoDB
[2025-08-05T00:13:56.713Z] [INFO] Found 1 company databases
[2025-08-05T00:13:56.713Z] [DEBUG] Processing company database: company_ry0iwbpw
[2025-08-05T00:13:56.784Z] [DEBUG] Finding reports to execute in company_ry0iwbpw (current time: 2025-08-05T00:13:56.784Z)
[2025-08-05T00:13:56.853Z] [INFO] Found 0 reports to execute in company_ry0iwbpw
[2025-08-05T00:13:56.853Z] [INFO] Scheduled reports check completed
[2025-08-05T00:13:56.856Z] [DEBUG] MongoDB connection closed
[2025-08-05T00:14:05.849Z] [INFO] Checking for scheduled reports...
[2025-08-05T00:14:06.663Z] [DEBUG] Connected to MongoDB
[2025-08-05T00:14:06.803Z] [INFO] Found 1 company databases
[2025-08-05T00:14:06.804Z] [DEBUG] Processing company database: company_ry0iwbpw
[2025-08-05T00:14:06.873Z] [DEBUG] Finding reports to execute in company_ry0iwbpw (current time: 2025-08-05T00:14:06.873Z)
[2025-08-05T00:14:06.941Z] [INFO] Found 0 reports to execute in company_ry0iwbpw
[2025-08-05T00:14:06.942Z] [INFO] Scheduled reports check completed
[2025-08-05T00:14:06.944Z] [DEBUG] MongoDB connection closed
[2025-08-05T00:14:15.851Z] [INFO] Checking for scheduled reports...
[2025-08-05T00:14:16.653Z] [DEBUG] Connected to MongoDB
[2025-08-05T00:14:16.734Z] [INFO] Found 1 company databases
[2025-08-05T00:14:16.735Z] [DEBUG] Processing company database: company_ry0iwbpw
[2025-08-05T00:14:16.807Z] [DEBUG] Finding reports to execute in company_ry0iwbpw (current time: 2025-08-05T00:14:16.807Z)
[2025-08-05T00:14:16.880Z] [INFO] Found 0 reports to execute in company_ry0iwbpw
[2025-08-05T00:14:16.880Z] [INFO] Scheduled reports check completed
[2025-08-05T00:14:16.882Z] [DEBUG] MongoDB connection closed
[2025-08-05T00:14:25.853Z] [INFO] Checking for scheduled reports...
[2025-08-05T00:14:26.648Z] [DEBUG] Connected to MongoDB
[2025-08-05T00:14:26.727Z] [INFO] Found 1 company databases
[2025-08-05T00:14:26.727Z] [DEBUG] Processing company database: company_ry0iwbpw
[2025-08-05T00:14:26.799Z] [DEBUG] Finding reports to execute in company_ry0iwbpw (current time: 2025-08-05T00:14:26.799Z)
[2025-08-05T00:14:26.870Z] [INFO] Found 0 reports to execute in company_ry0iwbpw
[2025-08-05T00:14:26.871Z] [INFO] Scheduled reports check completed
[2025-08-05T00:14:26.874Z] [DEBUG] MongoDB connection closed
[2025-08-05T00:14:35.854Z] [INFO] Checking for scheduled reports...
[2025-08-05T00:14:36.646Z] [DEBUG] Connected to MongoDB
[2025-08-05T00:14:36.722Z] [INFO] Found 1 company databases
[2025-08-05T00:14:36.722Z] [DEBUG] Processing company database: company_ry0iwbpw
[2025-08-05T00:14:36.791Z] [DEBUG] Finding reports to execute in company_ry0iwbpw (current time: 2025-08-05T00:14:36.791Z)
[2025-08-05T00:14:36.860Z] [INFO] Found 0 reports to execute in company_ry0iwbpw
[2025-08-05T00:14:36.860Z] [INFO] Scheduled reports check completed
[2025-08-05T00:14:36.862Z] [DEBUG] MongoDB connection closed
[2025-08-05T00:14:45.856Z] [INFO] Checking for scheduled reports...
[2025-08-05T00:14:46.620Z] [DEBUG] Connected to MongoDB
[2025-08-05T00:14:46.695Z] [INFO] Found 1 company databases
[2025-08-05T00:14:46.695Z] [DEBUG] Processing company database: company_ry0iwbpw
[2025-08-05T00:14:46.762Z] [DEBUG] Finding reports to execute in company_ry0iwbpw (current time: 2025-08-05T00:14:46.762Z)
[2025-08-05T00:14:46.828Z] [INFO] Found 0 reports to execute in company_ry0iwbpw
[2025-08-05T00:14:46.829Z] [INFO] Scheduled reports check completed
[2025-08-05T00:14:46.831Z] [DEBUG] MongoDB connection closed
[2025-08-05T00:14:55.858Z] [INFO] Checking for scheduled reports...
[2025-08-05T00:14:56.639Z] [DEBUG] Connected to MongoDB
[2025-08-05T00:14:56.716Z] [INFO] Found 1 company databases
[2025-08-05T00:14:56.716Z] [DEBUG] Processing company database: company_ry0iwbpw
[2025-08-05T00:14:56.784Z] [DEBUG] Finding reports to execute in company_ry0iwbpw (current time: 2025-08-05T00:14:56.784Z)
[2025-08-05T00:14:56.852Z] [INFO] Found 0 reports to execute in company_ry0iwbpw
[2025-08-05T00:14:56.853Z] [INFO] Scheduled reports check completed
[2025-08-05T00:14:56.855Z] [DEBUG] MongoDB connection closed
[2025-08-05T00:15:05.860Z] [INFO] Checking for scheduled reports...
[2025-08-05T00:15:06.653Z] [DEBUG] Connected to MongoDB
[2025-08-05T00:15:06.732Z] [INFO] Found 1 company databases
[2025-08-05T00:15:06.732Z] [DEBUG] Processing company database: company_ry0iwbpw
[2025-08-05T00:15:06.805Z] [DEBUG] Finding reports to execute in company_ry0iwbpw (current time: 2025-08-05T00:15:06.805Z)
[2025-08-05T00:15:06.877Z] [INFO] Found 0 reports to execute in company_ry0iwbpw
[2025-08-05T00:15:06.877Z] [INFO] Scheduled reports check completed
[2025-08-05T00:15:06.879Z] [DEBUG] MongoDB connection closed
[2025-08-05T00:15:15.862Z] [INFO] Checking for scheduled reports...
[2025-08-05T00:15:16.678Z] [DEBUG] Connected to MongoDB
[2025-08-05T00:15:16.758Z] [INFO] Found 1 company databases
[2025-08-05T00:15:16.759Z] [DEBUG] Processing company database: company_ry0iwbpw
[2025-08-05T00:15:16.832Z] [DEBUG] Finding reports to execute in company_ry0iwbpw (current time: 2025-08-05T00:15:16.832Z)
[2025-08-05T00:15:16.904Z] [INFO] Found 0 reports to execute in company_ry0iwbpw
[2025-08-05T00:15:16.905Z] [INFO] Scheduled reports check completed
[2025-08-05T00:15:16.906Z] [DEBUG] MongoDB connection closed
[2025-08-05T00:15:25.864Z] [INFO] Checking for scheduled reports...
[2025-08-05T00:15:26.655Z] [DEBUG] Connected to MongoDB
[2025-08-05T00:15:26.734Z] [INFO] Found 1 company databases
[2025-08-05T00:15:26.735Z] [DEBUG] Processing company database: company_ry0iwbpw
[2025-08-05T00:15:26.807Z] [DEBUG] Finding reports to execute in company_ry0iwbpw (current time: 2025-08-05T00:15:26.807Z)
[2025-08-05T00:15:26.877Z] [INFO] Found 0 reports to execute in company_ry0iwbpw
[2025-08-05T00:15:26.878Z] [INFO] Scheduled reports check completed
[2025-08-05T00:15:26.880Z] [DEBUG] MongoDB connection closed
[2025-08-05T00:15:35.866Z] [INFO] Checking for scheduled reports...
[2025-08-05T00:15:36.671Z] [DEBUG] Connected to MongoDB
[2025-08-05T00:15:36.750Z] [INFO] Found 1 company databases
[2025-08-05T00:15:36.751Z] [DEBUG] Processing company database: company_ry0iwbpw
[2025-08-05T00:15:36.824Z] [DEBUG] Finding reports to execute in company_ry0iwbpw (current time: 2025-08-05T00:15:36.824Z)
[2025-08-05T00:15:36.895Z] [INFO] Found 0 reports to execute in company_ry0iwbpw
[2025-08-05T00:15:36.896Z] [INFO] Scheduled reports check completed
[2025-08-05T00:15:36.898Z] [DEBUG] MongoDB connection closed
[2025-08-05T00:15:45.869Z] [INFO] Checking for scheduled reports...
[2025-08-05T00:15:46.684Z] [DEBUG] Connected to MongoDB
[2025-08-05T00:15:46.765Z] [INFO] Found 1 company databases
[2025-08-05T00:15:46.765Z] [DEBUG] Processing company database: company_ry0iwbpw
[2025-08-05T00:15:46.838Z] [DEBUG] Finding reports to execute in company_ry0iwbpw (current time: 2025-08-05T00:15:46.838Z)
[2025-08-05T00:15:46.910Z] [INFO] Found 0 reports to execute in company_ry0iwbpw
[2025-08-05T00:15:46.911Z] [INFO] Scheduled reports check completed
[2025-08-05T00:15:46.913Z] [DEBUG] MongoDB connection closed
[2025-08-05T00:15:55.870Z] [INFO] Checking for scheduled reports...
[2025-08-05T00:15:56.683Z] [DEBUG] Connected to MongoDB
[2025-08-05T00:15:56.759Z] [INFO] Found 1 company databases
[2025-08-05T00:15:56.760Z] [DEBUG] Processing company database: company_ry0iwbpw
[2025-08-05T00:15:56.829Z] [DEBUG] Finding reports to execute in company_ry0iwbpw (current time: 2025-08-05T00:15:56.829Z)
[2025-08-05T00:15:56.897Z] [INFO] Found 0 reports to execute in company_ry0iwbpw
[2025-08-05T00:15:56.898Z] [INFO] Scheduled reports check completed
[2025-08-05T00:15:56.900Z] [DEBUG] MongoDB connection closed
[2025-08-05T00:16:05.872Z] [INFO] Checking for scheduled reports...
[2025-08-05T00:16:06.644Z] [DEBUG] Connected to MongoDB
[2025-08-05T00:16:06.720Z] [INFO] Found 1 company databases
[2025-08-05T00:16:06.721Z] [DEBUG] Processing company database: company_ry0iwbpw
[2025-08-05T00:16:06.790Z] [DEBUG] Finding reports to execute in company_ry0iwbpw (current time: 2025-08-05T00:16:06.790Z)
[2025-08-05T00:16:06.858Z] [INFO] Found 0 reports to execute in company_ry0iwbpw
[2025-08-05T00:16:06.859Z] [INFO] Scheduled reports check completed
[2025-08-05T00:16:06.861Z] [DEBUG] MongoDB connection closed
[2025-08-05T00:16:15.873Z] [INFO] Checking for scheduled reports...
[2025-08-05T00:16:16.637Z] [DEBUG] Connected to MongoDB
[2025-08-05T00:16:16.713Z] [INFO] Found 1 company databases
[2025-08-05T00:16:16.714Z] [DEBUG] Processing company database: company_ry0iwbpw
[2025-08-05T00:16:16.783Z] [DEBUG] Finding reports to execute in company_ry0iwbpw (current time: 2025-08-05T00:16:16.783Z)
[2025-08-05T00:16:16.852Z] [INFO] Found 0 reports to execute in company_ry0iwbpw
[2025-08-05T00:16:16.853Z] [INFO] Scheduled reports check completed
[2025-08-05T00:16:16.855Z] [DEBUG] MongoDB connection closed
[2025-08-05T00:16:25.874Z] [INFO] Checking for scheduled reports...
[2025-08-05T00:16:26.655Z] [DEBUG] Connected to MongoDB
[2025-08-05T00:16:26.730Z] [INFO] Found 1 company databases
[2025-08-05T00:16:26.730Z] [DEBUG] Processing company database: company_ry0iwbpw
[2025-08-05T00:16:26.802Z] [DEBUG] Finding reports to execute in company_ry0iwbpw (current time: 2025-08-05T00:16:26.802Z)
[2025-08-05T00:16:26.869Z] [INFO] Found 0 reports to execute in company_ry0iwbpw
[2025-08-05T00:16:26.870Z] [INFO] Scheduled reports check completed
[2025-08-05T00:16:26.872Z] [DEBUG] MongoDB connection closed
[2025-08-05T00:16:35.876Z] [INFO] Checking for scheduled reports...
[2025-08-05T00:16:36.645Z] [DEBUG] Connected to MongoDB
[2025-08-05T00:16:36.720Z] [INFO] Found 1 company databases
[2025-08-05T00:16:36.720Z] [DEBUG] Processing company database: company_ry0iwbpw
[2025-08-05T00:16:36.787Z] [DEBUG] Finding reports to execute in company_ry0iwbpw (current time: 2025-08-05T00:16:36.787Z)
[2025-08-05T00:16:36.854Z] [INFO] Found 0 reports to execute in company_ry0iwbpw
[2025-08-05T00:16:36.854Z] [INFO] Scheduled reports check completed
[2025-08-05T00:16:36.856Z] [DEBUG] MongoDB connection closed
[2025-08-05T00:16:45.879Z] [INFO] Checking for scheduled reports...
[2025-08-05T00:16:46.656Z] [DEBUG] Connected to MongoDB
[2025-08-05T00:16:46.735Z] [INFO] Found 1 company databases
[2025-08-05T00:16:46.736Z] [DEBUG] Processing company database: company_ry0iwbpw
[2025-08-05T00:16:46.808Z] [DEBUG] Finding reports to execute in company_ry0iwbpw (current time: 2025-08-05T00:16:46.808Z)
[2025-08-05T00:16:46.880Z] [INFO] Found 0 reports to execute in company_ry0iwbpw
[2025-08-05T00:16:46.880Z] [INFO] Scheduled reports check completed
[2025-08-05T00:16:46.882Z] [DEBUG] MongoDB connection closed
[2025-08-05T00:16:55.880Z] [INFO] Checking for scheduled reports...
[2025-08-05T00:16:56.643Z] [DEBUG] Connected to MongoDB
[2025-08-05T00:16:56.718Z] [INFO] Found 1 company databases
[2025-08-05T00:16:56.719Z] [DEBUG] Processing company database: company_ry0iwbpw
[2025-08-05T00:16:56.785Z] [DEBUG] Finding reports to execute in company_ry0iwbpw (current time: 2025-08-05T00:16:56.785Z)
[2025-08-05T00:16:56.852Z] [INFO] Found 0 reports to execute in company_ry0iwbpw
[2025-08-05T00:16:56.853Z] [INFO] Scheduled reports check completed
[2025-08-05T00:16:56.855Z] [DEBUG] MongoDB connection closed
[2025-08-05T00:17:05.880Z] [INFO] Checking for scheduled reports...
[2025-08-05T00:17:06.667Z] [DEBUG] Connected to MongoDB
[2025-08-05T00:17:06.748Z] [INFO] Found 1 company databases
[2025-08-05T00:17:06.749Z] [DEBUG] Processing company database: company_ry0iwbpw
[2025-08-05T00:17:06.821Z] [DEBUG] Finding reports to execute in company_ry0iwbpw (current time: 2025-08-05T00:17:06.821Z)
[2025-08-05T00:17:06.891Z] [INFO] Found 0 reports to execute in company_ry0iwbpw
[2025-08-05T00:17:06.892Z] [INFO] Scheduled reports check completed
[2025-08-05T00:17:06.894Z] [DEBUG] MongoDB connection closed
[2025-08-05T00:17:15.881Z] [INFO] Checking for scheduled reports...
[2025-08-05T00:17:16.673Z] [DEBUG] Connected to MongoDB
[2025-08-05T00:17:16.750Z] [INFO] Found 1 company databases
[2025-08-05T00:17:16.751Z] [DEBUG] Processing company database: company_ry0iwbpw
[2025-08-05T00:17:16.825Z] [DEBUG] Finding reports to execute in company_ry0iwbpw (current time: 2025-08-05T00:17:16.825Z)
[2025-08-05T00:17:16.894Z] [INFO] Found 0 reports to execute in company_ry0iwbpw
[2025-08-05T00:17:16.895Z] [INFO] Scheduled reports check completed
[2025-08-05T00:17:16.897Z] [DEBUG] MongoDB connection closed
[2025-08-05T00:17:25.884Z] [INFO] Checking for scheduled reports...
[2025-08-05T00:17:26.655Z] [DEBUG] Connected to MongoDB
[2025-08-05T00:17:26.730Z] [INFO] Found 1 company databases
[2025-08-05T00:17:26.731Z] [DEBUG] Processing company database: company_ry0iwbpw
[2025-08-05T00:17:26.800Z] [DEBUG] Finding reports to execute in company_ry0iwbpw (current time: 2025-08-05T00:17:26.800Z)
[2025-08-05T00:17:26.868Z] [INFO] Found 0 reports to execute in company_ry0iwbpw
[2025-08-05T00:17:26.868Z] [INFO] Scheduled reports check completed
[2025-08-05T00:17:26.870Z] [DEBUG] MongoDB connection closed
[2025-08-05T00:17:35.884Z] [INFO] Checking for scheduled reports...
[2025-08-05T00:17:36.710Z] [DEBUG] Connected to MongoDB
[2025-08-05T00:17:36.789Z] [INFO] Found 1 company databases
[2025-08-05T00:17:36.790Z] [DEBUG] Processing company database: company_ry0iwbpw
[2025-08-05T00:17:36.863Z] [DEBUG] Finding reports to execute in company_ry0iwbpw (current time: 2025-08-05T00:17:36.863Z)
[2025-08-05T00:17:36.935Z] [INFO] Found 0 reports to execute in company_ry0iwbpw
[2025-08-05T00:17:36.936Z] [INFO] Scheduled reports check completed
[2025-08-05T00:17:36.938Z] [DEBUG] MongoDB connection closed
[2025-08-05T00:17:45.887Z] [INFO] Checking for scheduled reports...
[2025-08-05T00:17:46.678Z] [DEBUG] Connected to MongoDB
[2025-08-05T00:17:46.754Z] [INFO] Found 1 company databases
[2025-08-05T00:17:46.755Z] [DEBUG] Processing company database: company_ry0iwbpw
[2025-08-05T00:17:46.822Z] [DEBUG] Finding reports to execute in company_ry0iwbpw (current time: 2025-08-05T00:17:46.822Z)
[2025-08-05T00:17:46.890Z] [INFO] Found 0 reports to execute in company_ry0iwbpw
[2025-08-05T00:17:46.891Z] [INFO] Scheduled reports check completed
[2025-08-05T00:17:46.893Z] [DEBUG] MongoDB connection closed
[2025-08-05T00:17:55.888Z] [INFO] Checking for scheduled reports...
[2025-08-05T00:17:56.691Z] [DEBUG] Connected to MongoDB
[2025-08-05T00:17:56.772Z] [INFO] Found 1 company databases
[2025-08-05T00:17:56.773Z] [DEBUG] Processing company database: company_ry0iwbpw
[2025-08-05T00:17:56.846Z] [DEBUG] Finding reports to execute in company_ry0iwbpw (current time: 2025-08-05T00:17:56.846Z)
[2025-08-05T00:17:56.919Z] [INFO] Found 0 reports to execute in company_ry0iwbpw
[2025-08-05T00:17:56.919Z] [INFO] Scheduled reports check completed
[2025-08-05T00:17:56.922Z] [DEBUG] MongoDB connection closed
[2025-08-05T00:18:05.888Z] [INFO] Checking for scheduled reports...
[2025-08-05T00:18:06.689Z] [DEBUG] Connected to MongoDB
[2025-08-05T00:18:06.779Z] [INFO] Found 1 company databases
[2025-08-05T00:18:06.780Z] [DEBUG] Processing company database: company_ry0iwbpw
[2025-08-05T00:18:06.852Z] [DEBUG] Finding reports to execute in company_ry0iwbpw (current time: 2025-08-05T00:18:06.852Z)
[2025-08-05T00:18:06.925Z] [INFO] Found 0 reports to execute in company_ry0iwbpw
[2025-08-05T00:18:06.926Z] [INFO] Scheduled reports check completed
[2025-08-05T00:18:06.928Z] [DEBUG] MongoDB connection closed
[2025-08-05T00:18:15.889Z] [INFO] Checking for scheduled reports...
[2025-08-05T00:18:16.673Z] [DEBUG] Connected to MongoDB
[2025-08-05T00:18:16.754Z] [INFO] Found 1 company databases
[2025-08-05T00:18:16.755Z] [DEBUG] Processing company database: company_ry0iwbpw
[2025-08-05T00:18:16.828Z] [DEBUG] Finding reports to execute in company_ry0iwbpw (current time: 2025-08-05T00:18:16.828Z)
[2025-08-05T00:18:16.901Z] [INFO] Found 0 reports to execute in company_ry0iwbpw
[2025-08-05T00:18:16.902Z] [INFO] Scheduled reports check completed
[2025-08-05T00:18:16.904Z] [DEBUG] MongoDB connection closed
[2025-08-05T00:18:25.890Z] [INFO] Checking for scheduled reports...
[2025-08-05T00:18:26.737Z] [DEBUG] Connected to MongoDB
[2025-08-05T00:18:26.812Z] [INFO] Found 1 company databases
[2025-08-05T00:18:26.813Z] [DEBUG] Processing company database: company_ry0iwbpw
[2025-08-05T00:18:26.879Z] [DEBUG] Finding reports to execute in company_ry0iwbpw (current time: 2025-08-05T00:18:26.879Z)
[2025-08-05T00:18:26.947Z] [INFO] Found 0 reports to execute in company_ry0iwbpw
[2025-08-05T00:18:26.948Z] [INFO] Scheduled reports check completed
[2025-08-05T00:18:26.950Z] [DEBUG] MongoDB connection closed
[2025-08-05T00:18:35.892Z] [INFO] Checking for scheduled reports...
[2025-08-05T00:18:36.728Z] [DEBUG] Connected to MongoDB
[2025-08-05T00:18:36.807Z] [INFO] Found 1 company databases
[2025-08-05T00:18:36.808Z] [DEBUG] Processing company database: company_ry0iwbpw
[2025-08-05T00:18:36.880Z] [DEBUG] Finding reports to execute in company_ry0iwbpw (current time: 2025-08-05T00:18:36.880Z)
[2025-08-05T00:18:36.951Z] [INFO] Found 0 reports to execute in company_ry0iwbpw
[2025-08-05T00:18:36.952Z] [INFO] Scheduled reports check completed
[2025-08-05T00:18:36.954Z] [DEBUG] MongoDB connection closed
[2025-08-05T00:18:45.894Z] [INFO] Checking for scheduled reports...
[2025-08-05T00:18:46.659Z] [DEBUG] Connected to MongoDB
[2025-08-05T00:18:46.735Z] [INFO] Found 1 company databases
[2025-08-05T00:18:46.735Z] [DEBUG] Processing company database: company_ry0iwbpw
[2025-08-05T00:18:46.804Z] [DEBUG] Finding reports to execute in company_ry0iwbpw (current time: 2025-08-05T00:18:46.803Z)
[2025-08-05T00:18:46.870Z] [INFO] Found 0 reports to execute in company_ry0iwbpw
[2025-08-05T00:18:46.871Z] [INFO] Scheduled reports check completed
[2025-08-05T00:18:46.873Z] [DEBUG] MongoDB connection closed
[2025-08-05T00:18:55.896Z] [INFO] Checking for scheduled reports...
[2025-08-05T00:18:56.981Z] [DEBUG] Connected to MongoDB
[2025-08-05T00:18:57.060Z] [INFO] Found 1 company databases
[2025-08-05T00:18:57.060Z] [DEBUG] Processing company database: company_ry0iwbpw
[2025-08-05T00:18:57.131Z] [DEBUG] Finding reports to execute in company_ry0iwbpw (current time: 2025-08-05T00:18:57.130Z)
[2025-08-05T00:18:57.201Z] [INFO] Found 0 reports to execute in company_ry0iwbpw
[2025-08-05T00:18:57.201Z] [INFO] Scheduled reports check completed
[2025-08-05T00:18:57.204Z] [DEBUG] MongoDB connection closed
[2025-08-05T00:19:05.897Z] [INFO] Checking for scheduled reports...
[2025-08-05T00:19:06.714Z] [DEBUG] Connected to MongoDB
[2025-08-05T00:19:06.793Z] [INFO] Found 1 company databases
[2025-08-05T00:19:06.794Z] [DEBUG] Processing company database: company_ry0iwbpw
[2025-08-05T00:19:06.867Z] [DEBUG] Finding reports to execute in company_ry0iwbpw (current time: 2025-08-05T00:19:06.867Z)
[2025-08-05T00:19:06.939Z] [INFO] Found 0 reports to execute in company_ry0iwbpw
[2025-08-05T00:19:06.940Z] [INFO] Scheduled reports check completed
[2025-08-05T00:19:06.942Z] [DEBUG] MongoDB connection closed
[2025-08-05T00:19:15.898Z] [INFO] Checking for scheduled reports...
[2025-08-05T00:19:16.686Z] [DEBUG] Connected to MongoDB
[2025-08-05T00:19:16.765Z] [INFO] Found 1 company databases
[2025-08-05T00:19:16.765Z] [DEBUG] Processing company database: company_ry0iwbpw
[2025-08-05T00:19:16.837Z] [DEBUG] Finding reports to execute in company_ry0iwbpw (current time: 2025-08-05T00:19:16.837Z)
[2025-08-05T00:19:16.909Z] [INFO] Found 0 reports to execute in company_ry0iwbpw
[2025-08-05T00:19:16.910Z] [INFO] Scheduled reports check completed
[2025-08-05T00:19:16.912Z] [DEBUG] MongoDB connection closed
[2025-08-05T00:19:25.901Z] [INFO] Checking for scheduled reports...
[2025-08-05T00:19:26.669Z] [DEBUG] Connected to MongoDB
[2025-08-05T00:19:26.746Z] [INFO] Found 1 company databases
[2025-08-05T00:19:26.746Z] [DEBUG] Processing company database: company_ry0iwbpw
[2025-08-05T00:19:26.815Z] [DEBUG] Finding reports to execute in company_ry0iwbpw (current time: 2025-08-05T00:19:26.815Z)
[2025-08-05T00:19:26.882Z] [INFO] Found 0 reports to execute in company_ry0iwbpw
[2025-08-05T00:19:26.883Z] [INFO] Scheduled reports check completed
[2025-08-05T00:19:26.885Z] [DEBUG] MongoDB connection closed
[2025-08-05T00:19:35.903Z] [INFO] Checking for scheduled reports...
[2025-08-05T00:19:36.683Z] [DEBUG] Connected to MongoDB
[2025-08-05T00:19:36.757Z] [INFO] Found 1 company databases
[2025-08-05T00:19:36.758Z] [DEBUG] Processing company database: company_ry0iwbpw
[2025-08-05T00:19:36.825Z] [DEBUG] Finding reports to execute in company_ry0iwbpw (current time: 2025-08-05T00:19:36.825Z)
[2025-08-05T00:19:36.892Z] [INFO] Found 0 reports to execute in company_ry0iwbpw
[2025-08-05T00:19:36.892Z] [INFO] Scheduled reports check completed
[2025-08-05T00:19:36.894Z] [DEBUG] MongoDB connection closed
[2025-08-05T00:19:45.904Z] [INFO] Checking for scheduled reports...
[2025-08-05T00:19:46.698Z] [DEBUG] Connected to MongoDB
[2025-08-05T00:19:46.778Z] [INFO] Found 1 company databases
[2025-08-05T00:19:46.778Z] [DEBUG] Processing company database: company_ry0iwbpw
[2025-08-05T00:19:46.850Z] [DEBUG] Finding reports to execute in company_ry0iwbpw (current time: 2025-08-05T00:19:46.850Z)
[2025-08-05T00:19:46.920Z] [INFO] Found 0 reports to execute in company_ry0iwbpw
[2025-08-05T00:19:46.921Z] [INFO] Scheduled reports check completed
[2025-08-05T00:19:46.923Z] [DEBUG] MongoDB connection closed
[2025-08-05T00:19:55.906Z] [INFO] Checking for scheduled reports...
[2025-08-05T00:19:56.667Z] [DEBUG] Connected to MongoDB
[2025-08-05T00:19:56.742Z] [INFO] Found 1 company databases
[2025-08-05T00:19:56.743Z] [DEBUG] Processing company database: company_ry0iwbpw
[2025-08-05T00:19:56.810Z] [DEBUG] Finding reports to execute in company_ry0iwbpw (current time: 2025-08-05T00:19:56.810Z)
[2025-08-05T00:19:56.877Z] [INFO] Found 0 reports to execute in company_ry0iwbpw
[2025-08-05T00:19:56.878Z] [INFO] Scheduled reports check completed
[2025-08-05T00:19:56.880Z] [DEBUG] MongoDB connection closed
[2025-08-05T00:20:05.906Z] [INFO] Checking for scheduled reports...
[2025-08-05T00:20:06.712Z] [DEBUG] Connected to MongoDB
[2025-08-05T00:20:06.791Z] [INFO] Found 1 company databases
[2025-08-05T00:20:06.792Z] [DEBUG] Processing company database: company_ry0iwbpw
[2025-08-05T00:20:06.864Z] [DEBUG] Finding reports to execute in company_ry0iwbpw (current time: 2025-08-05T00:20:06.864Z)
[2025-08-05T00:20:06.935Z] [INFO] Found 0 reports to execute in company_ry0iwbpw
[2025-08-05T00:20:06.935Z] [INFO] Scheduled reports check completed
[2025-08-05T00:20:06.937Z] [DEBUG] MongoDB connection closed
[2025-08-05T00:20:15.908Z] [INFO] Checking for scheduled reports...
[2025-08-05T00:20:16.708Z] [DEBUG] Connected to MongoDB
[2025-08-05T00:20:16.789Z] [INFO] Found 1 company databases
[2025-08-05T00:20:16.790Z] [DEBUG] Processing company database: company_ry0iwbpw
[2025-08-05T00:20:16.875Z] [DEBUG] Finding reports to execute in company_ry0iwbpw (current time: 2025-08-05T00:20:16.875Z)
[2025-08-05T00:20:16.947Z] [INFO] Found 0 reports to execute in company_ry0iwbpw
[2025-08-05T00:20:16.947Z] [INFO] Scheduled reports check completed
[2025-08-05T00:20:16.949Z] [DEBUG] MongoDB connection closed
[2025-08-05T00:20:25.908Z] [INFO] Checking for scheduled reports...
[2025-08-05T00:20:26.702Z] [DEBUG] Connected to MongoDB
[2025-08-05T00:20:26.776Z] [INFO] Found 1 company databases
[2025-08-05T00:20:26.777Z] [DEBUG] Processing company database: company_ry0iwbpw
[2025-08-05T00:20:26.844Z] [DEBUG] Finding reports to execute in company_ry0iwbpw (current time: 2025-08-05T00:20:26.844Z)
[2025-08-05T00:20:26.911Z] [INFO] Found 0 reports to execute in company_ry0iwbpw
[2025-08-05T00:20:26.911Z] [INFO] Scheduled reports check completed
[2025-08-05T00:20:26.913Z] [DEBUG] MongoDB connection closed
[2025-08-05T00:20:35.908Z] [INFO] Checking for scheduled reports...
[2025-08-05T00:20:36.684Z] [DEBUG] Connected to MongoDB
[2025-08-05T00:20:36.759Z] [INFO] Found 1 company databases
[2025-08-05T00:20:36.759Z] [DEBUG] Processing company database: company_ry0iwbpw
[2025-08-05T00:20:36.828Z] [DEBUG] Finding reports to execute in company_ry0iwbpw (current time: 2025-08-05T00:20:36.828Z)
[2025-08-05T00:20:36.896Z] [INFO] Found 0 reports to execute in company_ry0iwbpw
[2025-08-05T00:20:36.897Z] [INFO] Scheduled reports check completed
[2025-08-05T00:20:36.899Z] [DEBUG] MongoDB connection closed
[2025-08-05T00:20:45.909Z] [INFO] Checking for scheduled reports...
[2025-08-05T00:20:46.706Z] [DEBUG] Connected to MongoDB
[2025-08-05T00:20:46.785Z] [INFO] Found 1 company databases
[2025-08-05T00:20:46.786Z] [DEBUG] Processing company database: company_ry0iwbpw
[2025-08-05T00:20:46.857Z] [DEBUG] Finding reports to execute in company_ry0iwbpw (current time: 2025-08-05T00:20:46.857Z)
[2025-08-05T00:20:46.930Z] [INFO] Found 0 reports to execute in company_ry0iwbpw
[2025-08-05T00:20:46.930Z] [INFO] Scheduled reports check completed
[2025-08-05T00:20:46.933Z] [DEBUG] MongoDB connection closed
[2025-08-05T00:20:55.909Z] [INFO] Checking for scheduled reports...
[2025-08-05T00:20:56.680Z] [DEBUG] Connected to MongoDB
[2025-08-05T00:20:56.755Z] [INFO] Found 1 company databases
[2025-08-05T00:20:56.756Z] [DEBUG] Processing company database: company_ry0iwbpw
[2025-08-05T00:20:56.824Z] [DEBUG] Finding reports to execute in company_ry0iwbpw (current time: 2025-08-05T00:20:56.824Z)
[2025-08-05T00:20:56.892Z] [INFO] Found 0 reports to execute in company_ry0iwbpw
[2025-08-05T00:20:56.892Z] [INFO] Scheduled reports check completed
[2025-08-05T00:20:56.894Z] [DEBUG] MongoDB connection closed
[2025-08-05T00:21:05.911Z] [INFO] Checking for scheduled reports...
[2025-08-05T00:21:06.737Z] [DEBUG] Connected to MongoDB
[2025-08-05T00:21:06.819Z] [INFO] Found 1 company databases
[2025-08-05T00:21:06.820Z] [DEBUG] Processing company database: company_ry0iwbpw
[2025-08-05T00:21:06.891Z] [DEBUG] Finding reports to execute in company_ry0iwbpw (current time: 2025-08-05T00:21:06.891Z)
[2025-08-05T00:21:06.962Z] [INFO] Found 0 reports to execute in company_ry0iwbpw
[2025-08-05T00:21:06.963Z] [INFO] Scheduled reports check completed
[2025-08-05T00:21:06.965Z] [DEBUG] MongoDB connection closed
[2025-08-05T00:21:15.913Z] [INFO] Checking for scheduled reports...
[2025-08-05T00:21:16.686Z] [DEBUG] Connected to MongoDB
[2025-08-05T00:21:16.764Z] [INFO] Found 1 company databases
[2025-08-05T00:21:16.764Z] [DEBUG] Processing company database: company_ry0iwbpw
[2025-08-05T00:21:16.834Z] [DEBUG] Finding reports to execute in company_ry0iwbpw (current time: 2025-08-05T00:21:16.834Z)
[2025-08-05T00:21:16.903Z] [INFO] Found 0 reports to execute in company_ry0iwbpw
[2025-08-05T00:21:16.904Z] [INFO] Scheduled reports check completed
[2025-08-05T00:21:16.906Z] [DEBUG] MongoDB connection closed
[2025-08-05T00:21:25.915Z] [INFO] Checking for scheduled reports...
[2025-08-05T00:21:26.730Z] [DEBUG] Connected to MongoDB
[2025-08-05T00:21:26.810Z] [INFO] Found 1 company databases
[2025-08-05T00:21:26.811Z] [DEBUG] Processing company database: company_ry0iwbpw
[2025-08-05T00:21:26.885Z] [DEBUG] Finding reports to execute in company_ry0iwbpw (current time: 2025-08-05T00:21:26.885Z)
[2025-08-05T00:21:26.958Z] [INFO] Found 0 reports to execute in company_ry0iwbpw
[2025-08-05T00:21:26.959Z] [INFO] Scheduled reports check completed
[2025-08-05T00:21:26.961Z] [DEBUG] MongoDB connection closed
[2025-08-05T00:21:35.917Z] [INFO] Checking for scheduled reports...
[2025-08-05T00:21:36.737Z] [DEBUG] Connected to MongoDB
[2025-08-05T00:21:36.811Z] [INFO] Found 1 company databases
[2025-08-05T00:21:36.812Z] [DEBUG] Processing company database: company_ry0iwbpw
[2025-08-05T00:21:36.880Z] [DEBUG] Finding reports to execute in company_ry0iwbpw (current time: 2025-08-05T00:21:36.880Z)
[2025-08-05T00:21:36.947Z] [INFO] Found 0 reports to execute in company_ry0iwbpw
[2025-08-05T00:21:36.947Z] [INFO] Scheduled reports check completed
[2025-08-05T00:21:36.949Z] [DEBUG] MongoDB connection closed
[2025-08-05T00:21:45.918Z] [INFO] Checking for scheduled reports...
[2025-08-05T00:21:46.709Z] [DEBUG] Connected to MongoDB
[2025-08-05T00:21:46.788Z] [INFO] Found 1 company databases
[2025-08-05T00:21:46.788Z] [DEBUG] Processing company database: company_ry0iwbpw
[2025-08-05T00:21:46.858Z] [DEBUG] Finding reports to execute in company_ry0iwbpw (current time: 2025-08-05T00:21:46.858Z)
[2025-08-05T00:21:46.928Z] [INFO] Found 0 reports to execute in company_ry0iwbpw
[2025-08-05T00:21:46.929Z] [INFO] Scheduled reports check completed
[2025-08-05T00:21:46.931Z] [DEBUG] MongoDB connection closed
[2025-08-05T00:21:55.920Z] [INFO] Checking for scheduled reports...
[2025-08-05T00:21:56.686Z] [DEBUG] Connected to MongoDB
[2025-08-05T00:21:56.762Z] [INFO] Found 1 company databases
[2025-08-05T00:21:56.763Z] [DEBUG] Processing company database: company_ry0iwbpw
[2025-08-05T00:21:56.830Z] [DEBUG] Finding reports to execute in company_ry0iwbpw (current time: 2025-08-05T00:21:56.830Z)
[2025-08-05T00:21:56.898Z] [INFO] Found 0 reports to execute in company_ry0iwbpw
[2025-08-05T00:21:56.898Z] [INFO] Scheduled reports check completed
[2025-08-05T00:21:56.900Z] [DEBUG] MongoDB connection closed
[2025-08-05T00:22:05.920Z] [INFO] Checking for scheduled reports...
[2025-08-05T00:22:06.668Z] [DEBUG] Connected to MongoDB
[2025-08-05T00:22:06.744Z] [INFO] Found 1 company databases
[2025-08-05T00:22:06.744Z] [DEBUG] Processing company database: company_ry0iwbpw
[2025-08-05T00:22:06.812Z] [DEBUG] Finding reports to execute in company_ry0iwbpw (current time: 2025-08-05T00:22:06.812Z)
[2025-08-05T00:22:06.879Z] [INFO] Found 0 reports to execute in company_ry0iwbpw
[2025-08-05T00:22:06.880Z] [INFO] Scheduled reports check completed
[2025-08-05T00:22:06.882Z] [DEBUG] MongoDB connection closed
[2025-08-05T00:22:15.923Z] [INFO] Checking for scheduled reports...
[2025-08-05T00:22:16.710Z] [DEBUG] Connected to MongoDB
[2025-08-05T00:22:16.790Z] [INFO] Found 1 company databases
[2025-08-05T00:22:16.791Z] [DEBUG] Processing company database: company_ry0iwbpw
[2025-08-05T00:22:16.864Z] [DEBUG] Finding reports to execute in company_ry0iwbpw (current time: 2025-08-05T00:22:16.864Z)
[2025-08-05T00:22:16.936Z] [INFO] Found 0 reports to execute in company_ry0iwbpw
[2025-08-05T00:22:16.936Z] [INFO] Scheduled reports check completed
[2025-08-05T00:22:16.938Z] [DEBUG] MongoDB connection closed
[2025-08-05T00:22:25.924Z] [INFO] Checking for scheduled reports...
[2025-08-05T00:22:26.742Z] [DEBUG] Connected to MongoDB
[2025-08-05T00:22:26.822Z] [INFO] Found 1 company databases
[2025-08-05T00:22:26.823Z] [DEBUG] Processing company database: company_ry0iwbpw
[2025-08-05T00:22:26.897Z] [DEBUG] Finding reports to execute in company_ry0iwbpw (current time: 2025-08-05T00:22:26.897Z)
[2025-08-05T00:22:26.970Z] [INFO] Found 0 reports to execute in company_ry0iwbpw
[2025-08-05T00:22:26.971Z] [INFO] Scheduled reports check completed
[2025-08-05T00:22:26.974Z] [DEBUG] MongoDB connection closed
[2025-08-05T00:22:35.925Z] [INFO] Checking for scheduled reports...
[2025-08-05T00:22:36.726Z] [DEBUG] Connected to MongoDB
[2025-08-05T00:22:36.806Z] [INFO] Found 1 company databases
[2025-08-05T00:22:36.807Z] [DEBUG] Processing company database: company_ry0iwbpw
[2025-08-05T00:22:36.880Z] [DEBUG] Finding reports to execute in company_ry0iwbpw (current time: 2025-08-05T00:22:36.880Z)
[2025-08-05T00:22:36.953Z] [INFO] Found 0 reports to execute in company_ry0iwbpw
[2025-08-05T00:22:36.954Z] [INFO] Scheduled reports check completed
[2025-08-05T00:22:36.956Z] [DEBUG] MongoDB connection closed
[2025-08-05T00:22:45.927Z] [INFO] Checking for scheduled reports...
[2025-08-05T00:22:46.722Z] [DEBUG] Connected to MongoDB
[2025-08-05T00:22:46.810Z] [INFO] Found 1 company databases
[2025-08-05T00:22:46.811Z] [DEBUG] Processing company database: company_ry0iwbpw
[2025-08-05T00:22:46.884Z] [DEBUG] Finding reports to execute in company_ry0iwbpw (current time: 2025-08-05T00:22:46.884Z)
[2025-08-05T00:22:46.956Z] [INFO] Found 0 reports to execute in company_ry0iwbpw
[2025-08-05T00:22:46.957Z] [INFO] Scheduled reports check completed
[2025-08-05T00:22:46.959Z] [DEBUG] MongoDB connection closed
[2025-08-05T00:22:55.929Z] [INFO] Checking for scheduled reports...
[2025-08-05T00:22:56.734Z] [DEBUG] Connected to MongoDB
[2025-08-05T00:22:56.809Z] [INFO] Found 1 company databases
[2025-08-05T00:22:56.809Z] [DEBUG] Processing company database: company_ry0iwbpw
[2025-08-05T00:22:56.877Z] [DEBUG] Finding reports to execute in company_ry0iwbpw (current time: 2025-08-05T00:22:56.877Z)
[2025-08-05T00:22:56.946Z] [INFO] Found 0 reports to execute in company_ry0iwbpw
[2025-08-05T00:22:56.946Z] [INFO] Scheduled reports check completed
[2025-08-05T00:22:56.949Z] [DEBUG] MongoDB connection closed
[2025-08-05T00:23:05.931Z] [INFO] Checking for scheduled reports...
[2025-08-05T00:23:06.743Z] [DEBUG] Connected to MongoDB
[2025-08-05T00:23:06.824Z] [INFO] Found 1 company databases
[2025-08-05T00:23:06.824Z] [DEBUG] Processing company database: company_ry0iwbpw
[2025-08-05T00:23:06.897Z] [DEBUG] Finding reports to execute in company_ry0iwbpw (current time: 2025-08-05T00:23:06.897Z)
[2025-08-05T00:23:06.969Z] [INFO] Found 0 reports to execute in company_ry0iwbpw
[2025-08-05T00:23:06.969Z] [INFO] Scheduled reports check completed
[2025-08-05T00:23:06.972Z] [DEBUG] MongoDB connection closed
[2025-08-05T00:23:15.932Z] [INFO] Checking for scheduled reports...
[2025-08-05T00:23:16.720Z] [DEBUG] Connected to MongoDB
[2025-08-05T00:23:16.800Z] [INFO] Found 1 company databases
[2025-08-05T00:23:16.801Z] [DEBUG] Processing company database: company_ry0iwbpw
[2025-08-05T00:23:16.873Z] [DEBUG] Finding reports to execute in company_ry0iwbpw (current time: 2025-08-05T00:23:16.873Z)
[2025-08-05T00:23:16.945Z] [INFO] Found 0 reports to execute in company_ry0iwbpw
[2025-08-05T00:23:16.946Z] [INFO] Scheduled reports check completed
[2025-08-05T00:23:16.949Z] [DEBUG] MongoDB connection closed
[2025-08-05T00:23:25.932Z] [INFO] Checking for scheduled reports...
[2025-08-05T00:23:26.727Z] [DEBUG] Connected to MongoDB
[2025-08-05T00:23:26.807Z] [INFO] Found 1 company databases
[2025-08-05T00:23:26.808Z] [DEBUG] Processing company database: company_ry0iwbpw
[2025-08-05T00:23:26.881Z] [DEBUG] Finding reports to execute in company_ry0iwbpw (current time: 2025-08-05T00:23:26.881Z)
[2025-08-05T00:23:26.953Z] [INFO] Found 0 reports to execute in company_ry0iwbpw
[2025-08-05T00:23:26.954Z] [INFO] Scheduled reports check completed
[2025-08-05T00:23:26.956Z] [DEBUG] MongoDB connection closed
[2025-08-05T00:23:35.934Z] [INFO] Checking for scheduled reports...
[2025-08-05T00:23:36.725Z] [DEBUG] Connected to MongoDB
[2025-08-05T00:23:36.801Z] [INFO] Found 1 company databases
[2025-08-05T00:23:36.802Z] [DEBUG] Processing company database: company_ry0iwbpw
[2025-08-05T00:23:36.870Z] [DEBUG] Finding reports to execute in company_ry0iwbpw (current time: 2025-08-05T00:23:36.870Z)
[2025-08-05T00:23:36.937Z] [INFO] Found 0 reports to execute in company_ry0iwbpw
[2025-08-05T00:23:36.938Z] [INFO] Scheduled reports check completed
[2025-08-05T00:23:36.940Z] [DEBUG] MongoDB connection closed
[2025-08-05T00:23:45.936Z] [INFO] Checking for scheduled reports...
[2025-08-05T00:23:46.741Z] [DEBUG] Connected to MongoDB
[2025-08-05T00:23:46.821Z] [INFO] Found 1 company databases
[2025-08-05T00:23:46.821Z] [DEBUG] Processing company database: company_ry0iwbpw
[2025-08-05T00:23:46.894Z] [DEBUG] Finding reports to execute in company_ry0iwbpw (current time: 2025-08-05T00:23:46.894Z)
[2025-08-05T00:23:46.966Z] [INFO] Found 0 reports to execute in company_ry0iwbpw
[2025-08-05T00:23:46.966Z] [INFO] Scheduled reports check completed
[2025-08-05T00:23:46.968Z] [DEBUG] MongoDB connection closed
[2025-08-05T00:23:55.937Z] [INFO] Checking for scheduled reports...
[2025-08-05T00:23:56.721Z] [DEBUG] Connected to MongoDB
[2025-08-05T00:23:56.800Z] [INFO] Found 1 company databases
[2025-08-05T00:23:56.801Z] [DEBUG] Processing company database: company_ry0iwbpw
[2025-08-05T00:23:56.872Z] [DEBUG] Finding reports to execute in company_ry0iwbpw (current time: 2025-08-05T00:23:56.872Z)
[2025-08-05T00:23:56.945Z] [INFO] Found 0 reports to execute in company_ry0iwbpw
[2025-08-05T00:23:56.945Z] [INFO] Scheduled reports check completed
[2025-08-05T00:23:56.945Z] [DEBUG] MongoDB connection closed
[2025-08-05T00:24:05.939Z] [INFO] Checking for scheduled reports...
[2025-08-05T00:24:06.723Z] [DEBUG] Connected to MongoDB
[2025-08-05T00:24:06.799Z] [INFO] Found 1 company databases
[2025-08-05T00:24:06.799Z] [DEBUG] Processing company database: company_ry0iwbpw
[2025-08-05T00:24:06.867Z] [DEBUG] Finding reports to execute in company_ry0iwbpw (current time: 2025-08-05T00:24:06.867Z)
[2025-08-05T00:24:06.934Z] [INFO] Found 0 reports to execute in company_ry0iwbpw
[2025-08-05T00:24:06.935Z] [INFO] Scheduled reports check completed
[2025-08-05T00:24:06.937Z] [DEBUG] MongoDB connection closed
[2025-08-05T00:24:15.941Z] [INFO] Checking for scheduled reports...
[2025-08-05T00:24:16.724Z] [DEBUG] Connected to MongoDB
[2025-08-05T00:24:16.800Z] [INFO] Found 1 company databases
[2025-08-05T00:24:16.801Z] [DEBUG] Processing company database: company_ry0iwbpw
[2025-08-05T00:24:16.869Z] [DEBUG] Finding reports to execute in company_ry0iwbpw (current time: 2025-08-05T00:24:16.869Z)
[2025-08-05T00:24:16.937Z] [INFO] Found 0 reports to execute in company_ry0iwbpw
[2025-08-05T00:24:16.938Z] [INFO] Scheduled reports check completed
[2025-08-05T00:24:16.940Z] [DEBUG] MongoDB connection closed
[2025-08-05T00:24:25.941Z] [INFO] Checking for scheduled reports...
[2025-08-05T00:24:26.699Z] [DEBUG] Connected to MongoDB
[2025-08-05T00:24:26.774Z] [INFO] Found 1 company databases
[2025-08-05T00:24:26.775Z] [DEBUG] Processing company database: company_ry0iwbpw
[2025-08-05T00:24:26.843Z] [DEBUG] Finding reports to execute in company_ry0iwbpw (current time: 2025-08-05T00:24:26.843Z)
[2025-08-05T00:24:26.911Z] [INFO] Found 0 reports to execute in company_ry0iwbpw
[2025-08-05T00:24:26.911Z] [INFO] Scheduled reports check completed
[2025-08-05T00:24:26.913Z] [DEBUG] MongoDB connection closed
[2025-08-05T00:24:35.944Z] [INFO] Checking for scheduled reports...
[2025-08-05T00:24:36.750Z] [DEBUG] Connected to MongoDB
[2025-08-05T00:24:36.829Z] [INFO] Found 1 company databases
[2025-08-05T00:24:36.829Z] [DEBUG] Processing company database: company_ry0iwbpw
[2025-08-05T00:24:36.900Z] [DEBUG] Finding reports to execute in company_ry0iwbpw (current time: 2025-08-05T00:24:36.900Z)
[2025-08-05T00:24:36.971Z] [INFO] Found 0 reports to execute in company_ry0iwbpw
[2025-08-05T00:24:36.972Z] [INFO] Scheduled reports check completed
[2025-08-05T00:24:36.974Z] [DEBUG] MongoDB connection closed
[2025-08-05T00:24:45.944Z] [INFO] Checking for scheduled reports...
[2025-08-05T00:24:46.738Z] [DEBUG] Connected to MongoDB
[2025-08-05T00:24:46.884Z] [INFO] Found 1 company databases
[2025-08-05T00:24:46.884Z] [DEBUG] Processing company database: company_ry0iwbpw
[2025-08-05T00:24:46.957Z] [DEBUG] Finding reports to execute in company_ry0iwbpw (current time: 2025-08-05T00:24:46.957Z)
[2025-08-05T00:24:47.035Z] [INFO] Found 0 reports to execute in company_ry0iwbpw
[2025-08-05T00:24:47.036Z] [INFO] Scheduled reports check completed
[2025-08-05T00:24:47.039Z] [DEBUG] MongoDB connection closed
[2025-08-05T00:24:55.946Z] [INFO] Checking for scheduled reports...
[2025-08-05T00:24:56.714Z] [DEBUG] Connected to MongoDB
[2025-08-05T00:24:56.791Z] [INFO] Found 1 company databases
[2025-08-05T00:24:56.791Z] [DEBUG] Processing company database: company_ry0iwbpw
[2025-08-05T00:24:56.859Z] [DEBUG] Finding reports to execute in company_ry0iwbpw (current time: 2025-08-05T00:24:56.859Z)
[2025-08-05T00:24:56.927Z] [INFO] Found 0 reports to execute in company_ry0iwbpw
[2025-08-05T00:24:56.928Z] [INFO] Scheduled reports check completed
[2025-08-05T00:24:56.929Z] [DEBUG] MongoDB connection closed
[2025-08-05T00:25:05.946Z] [INFO] Checking for scheduled reports...
[2025-08-05T00:25:06.718Z] [DEBUG] Connected to MongoDB
[2025-08-05T00:25:06.793Z] [INFO] Found 1 company databases
[2025-08-05T00:25:06.794Z] [DEBUG] Processing company database: company_ry0iwbpw
[2025-08-05T00:25:06.862Z] [DEBUG] Finding reports to execute in company_ry0iwbpw (current time: 2025-08-05T00:25:06.861Z)
[2025-08-05T00:25:06.929Z] [INFO] Found 0 reports to execute in company_ry0iwbpw
[2025-08-05T00:25:06.929Z] [INFO] Scheduled reports check completed
[2025-08-05T00:25:06.930Z] [DEBUG] MongoDB connection closed
[2025-08-05T00:25:15.948Z] [INFO] Checking for scheduled reports...
[2025-08-05T00:25:16.751Z] [DEBUG] Connected to MongoDB
[2025-08-05T00:25:16.834Z] [INFO] Found 1 company databases
[2025-08-05T00:25:16.835Z] [DEBUG] Processing company database: company_ry0iwbpw
[2025-08-05T00:25:16.908Z] [DEBUG] Finding reports to execute in company_ry0iwbpw (current time: 2025-08-05T00:25:16.908Z)
[2025-08-05T00:25:16.980Z] [INFO] Found 0 reports to execute in company_ry0iwbpw
[2025-08-05T00:25:16.981Z] [INFO] Scheduled reports check completed
[2025-08-05T00:25:16.983Z] [DEBUG] MongoDB connection closed
[2025-08-05T00:25:25.949Z] [INFO] Checking for scheduled reports...
[2025-08-05T00:25:26.737Z] [DEBUG] Connected to MongoDB
[2025-08-05T00:25:26.817Z] [INFO] Found 1 company databases
[2025-08-05T00:25:26.818Z] [DEBUG] Processing company database: company_ry0iwbpw
[2025-08-05T00:25:26.889Z] [DEBUG] Finding reports to execute in company_ry0iwbpw (current time: 2025-08-05T00:25:26.889Z)
[2025-08-05T00:25:26.960Z] [INFO] Found 0 reports to execute in company_ry0iwbpw
[2025-08-05T00:25:26.961Z] [INFO] Scheduled reports check completed
[2025-08-05T00:25:26.966Z] [DEBUG] MongoDB connection closed
[2025-08-05T00:25:35.950Z] [INFO] Checking for scheduled reports...
[2025-08-05T00:25:36.758Z] [DEBUG] Connected to MongoDB
[2025-08-05T00:25:36.835Z] [INFO] Found 1 company databases
[2025-08-05T00:25:36.835Z] [DEBUG] Processing company database: company_ry0iwbpw
[2025-08-05T00:25:36.904Z] [DEBUG] Finding reports to execute in company_ry0iwbpw (current time: 2025-08-05T00:25:36.904Z)
[2025-08-05T00:25:36.971Z] [INFO] Found 0 reports to execute in company_ry0iwbpw
[2025-08-05T00:25:36.972Z] [INFO] Scheduled reports check completed
[2025-08-05T00:25:36.973Z] [DEBUG] MongoDB connection closed
[2025-08-05T00:25:45.952Z] [INFO] Checking for scheduled reports...
[2025-08-05T00:25:46.713Z] [DEBUG] Connected to MongoDB
[2025-08-05T00:25:46.790Z] [INFO] Found 1 company databases
[2025-08-05T00:25:46.790Z] [DEBUG] Processing company database: company_ry0iwbpw
[2025-08-05T00:25:46.858Z] [DEBUG] Finding reports to execute in company_ry0iwbpw (current time: 2025-08-05T00:25:46.858Z)
[2025-08-05T00:25:46.927Z] [INFO] Found 0 reports to execute in company_ry0iwbpw
[2025-08-05T00:25:46.927Z] [INFO] Scheduled reports check completed
[2025-08-05T00:25:46.929Z] [DEBUG] MongoDB connection closed
[2025-08-05T00:25:55.954Z] [INFO] Checking for scheduled reports...
[2025-08-05T00:25:56.702Z] [DEBUG] Connected to MongoDB
[2025-08-05T00:25:56.776Z] [INFO] Found 1 company databases
[2025-08-05T00:25:56.776Z] [DEBUG] Processing company database: company_ry0iwbpw
[2025-08-05T00:25:56.841Z] [DEBUG] Finding reports to execute in company_ry0iwbpw (current time: 2025-08-05T00:25:56.841Z)
[2025-08-05T00:25:56.908Z] [INFO] Found 0 reports to execute in company_ry0iwbpw
[2025-08-05T00:25:56.908Z] [INFO] Scheduled reports check completed
[2025-08-05T00:25:56.908Z] [DEBUG] MongoDB connection closed
[2025-08-05T00:26:05.954Z] [INFO] Checking for scheduled reports...
[2025-08-05T00:26:06.776Z] [DEBUG] Connected to MongoDB
[2025-08-05T00:26:06.861Z] [INFO] Found 1 company databases
[2025-08-05T00:26:06.862Z] [DEBUG] Processing company database: company_ry0iwbpw
[2025-08-05T00:26:06.936Z] [DEBUG] Finding reports to execute in company_ry0iwbpw (current time: 2025-08-05T00:26:06.936Z)
[2025-08-05T00:26:07.008Z] [INFO] Found 0 reports to execute in company_ry0iwbpw
[2025-08-05T00:26:07.009Z] [INFO] Scheduled reports check completed
[2025-08-05T00:26:07.012Z] [DEBUG] MongoDB connection closed
[2025-08-05T00:26:15.951Z] [INFO] Checking for scheduled reports...
[2025-08-05T00:26:16.763Z] [DEBUG] Connected to MongoDB
[2025-08-05T00:26:16.852Z] [INFO] Found 1 company databases
[2025-08-05T00:26:16.853Z] [DEBUG] Processing company database: company_ry0iwbpw
[2025-08-05T00:26:16.926Z] [DEBUG] Finding reports to execute in company_ry0iwbpw (current time: 2025-08-05T00:26:16.926Z)
[2025-08-05T00:26:17.000Z] [INFO] Found 0 reports to execute in company_ry0iwbpw
[2025-08-05T00:26:17.000Z] [INFO] Scheduled reports check completed
[2025-08-05T00:26:17.002Z] [DEBUG] MongoDB connection closed
[2025-08-05T00:26:25.951Z] [INFO] Checking for scheduled reports...
[2025-08-05T00:26:26.747Z] [DEBUG] Connected to MongoDB
[2025-08-05T00:26:26.831Z] [INFO] Found 1 company databases
[2025-08-05T00:26:26.831Z] [DEBUG] Processing company database: company_ry0iwbpw
[2025-08-05T00:26:26.904Z] [DEBUG] Finding reports to execute in company_ry0iwbpw (current time: 2025-08-05T00:26:26.904Z)
[2025-08-05T00:26:26.979Z] [INFO] Found 0 reports to execute in company_ry0iwbpw
[2025-08-05T00:26:26.980Z] [INFO] Scheduled reports check completed
[2025-08-05T00:26:26.987Z] [DEBUG] MongoDB connection closed
[2025-08-05T00:26:35.952Z] [INFO] Checking for scheduled reports...
[2025-08-05T00:26:36.753Z] [DEBUG] Connected to MongoDB
[2025-08-05T00:26:36.828Z] [INFO] Found 1 company databases
[2025-08-05T00:26:36.829Z] [DEBUG] Processing company database: company_ry0iwbpw
[2025-08-05T00:26:36.899Z] [DEBUG] Finding reports to execute in company_ry0iwbpw (current time: 2025-08-05T00:26:36.899Z)
[2025-08-05T00:26:36.967Z] [INFO] Found 0 reports to execute in company_ry0iwbpw
[2025-08-05T00:26:36.968Z] [INFO] Scheduled reports check completed
[2025-08-05T00:26:36.970Z] [DEBUG] MongoDB connection closed
[2025-08-05T00:26:45.978Z] [INFO] Checking for scheduled reports...
[2025-08-05T00:26:46.780Z] [DEBUG] Connected to MongoDB
[2025-08-05T00:26:46.855Z] [INFO] Found 1 company databases
[2025-08-05T00:26:46.856Z] [DEBUG] Processing company database: company_ry0iwbpw
[2025-08-05T00:26:46.923Z] [DEBUG] Finding reports to execute in company_ry0iwbpw (current time: 2025-08-05T00:26:46.923Z)
[2025-08-05T00:26:46.991Z] [INFO] Found 0 reports to execute in company_ry0iwbpw
[2025-08-05T00:26:46.991Z] [INFO] Scheduled reports check completed
[2025-08-05T00:26:46.994Z] [DEBUG] MongoDB connection closed
[2025-08-05T00:26:55.975Z] [INFO] Checking for scheduled reports...
[2025-08-05T00:26:56.758Z] [DEBUG] Connected to MongoDB
[2025-08-05T00:26:56.835Z] [INFO] Found 1 company databases
[2025-08-05T00:26:56.835Z] [DEBUG] Processing company database: company_ry0iwbpw
[2025-08-05T00:26:56.904Z] [DEBUG] Finding reports to execute in company_ry0iwbpw (current time: 2025-08-05T00:26:56.904Z)
[2025-08-05T00:26:56.972Z] [INFO] Found 0 reports to execute in company_ry0iwbpw
[2025-08-05T00:26:56.972Z] [INFO] Scheduled reports check completed
[2025-08-05T00:26:56.973Z] [DEBUG] MongoDB connection closed
[2025-08-05T00:27:05.977Z] [INFO] Checking for scheduled reports...
[2025-08-05T00:27:06.770Z] [DEBUG] Connected to MongoDB
[2025-08-05T00:27:06.846Z] [INFO] Found 1 company databases
[2025-08-05T00:27:06.846Z] [DEBUG] Processing company database: company_ry0iwbpw
[2025-08-05T00:27:06.914Z] [DEBUG] Finding reports to execute in company_ry0iwbpw (current time: 2025-08-05T00:27:06.914Z)
[2025-08-05T00:27:06.981Z] [INFO] Found 0 reports to execute in company_ry0iwbpw
[2025-08-05T00:27:06.981Z] [INFO] Scheduled reports check completed
[2025-08-05T00:27:06.982Z] [DEBUG] MongoDB connection closed
[2025-08-05T00:27:15.978Z] [INFO] Checking for scheduled reports...
[2025-08-05T00:27:16.721Z] [DEBUG] Connected to MongoDB
[2025-08-05T00:27:16.795Z] [INFO] Found 1 company databases
[2025-08-05T00:27:16.795Z] [DEBUG] Processing company database: company_ry0iwbpw
[2025-08-05T00:27:16.861Z] [DEBUG] Finding reports to execute in company_ry0iwbpw (current time: 2025-08-05T00:27:16.861Z)
[2025-08-05T00:27:16.927Z] [INFO] Found 0 reports to execute in company_ry0iwbpw
[2025-08-05T00:27:16.927Z] [INFO] Scheduled reports check completed
[2025-08-05T00:27:16.929Z] [DEBUG] MongoDB connection closed
[2025-08-05T00:27:25.980Z] [INFO] Checking for scheduled reports...
[2025-08-05T00:27:26.749Z] [DEBUG] Connected to MongoDB
[2025-08-05T00:27:26.825Z] [INFO] Found 1 company databases
[2025-08-05T00:27:26.825Z] [DEBUG] Processing company database: company_ry0iwbpw
[2025-08-05T00:27:26.892Z] [DEBUG] Finding reports to execute in company_ry0iwbpw (current time: 2025-08-05T00:27:26.892Z)
[2025-08-05T00:27:26.959Z] [INFO] Found 0 reports to execute in company_ry0iwbpw
[2025-08-05T00:27:26.959Z] [INFO] Scheduled reports check completed
[2025-08-05T00:27:26.961Z] [DEBUG] MongoDB connection closed
[2025-08-05T00:27:35.980Z] [INFO] Checking for scheduled reports...
[2025-08-05T00:27:36.760Z] [DEBUG] Connected to MongoDB
[2025-08-05T00:27:36.835Z] [INFO] Found 1 company databases
[2025-08-05T00:27:36.835Z] [DEBUG] Processing company database: company_ry0iwbpw
[2025-08-05T00:27:36.902Z] [DEBUG] Finding reports to execute in company_ry0iwbpw (current time: 2025-08-05T00:27:36.902Z)
[2025-08-05T00:27:36.969Z] [INFO] Found 0 reports to execute in company_ry0iwbpw
[2025-08-05T00:27:36.970Z] [INFO] Scheduled reports check completed
[2025-08-05T00:27:36.971Z] [DEBUG] MongoDB connection closed
[2025-08-05T00:27:45.982Z] [INFO] Checking for scheduled reports...
[2025-08-05T00:27:46.797Z] [DEBUG] Connected to MongoDB
[2025-08-05T00:27:46.876Z] [INFO] Found 1 company databases
[2025-08-05T00:27:46.877Z] [DEBUG] Processing company database: company_ry0iwbpw
[2025-08-05T00:27:46.948Z] [DEBUG] Finding reports to execute in company_ry0iwbpw (current time: 2025-08-05T00:27:46.948Z)
[2025-08-05T00:27:47.021Z] [INFO] Found 0 reports to execute in company_ry0iwbpw
[2025-08-05T00:27:47.021Z] [INFO] Scheduled reports check completed
[2025-08-05T00:27:47.029Z] [DEBUG] MongoDB connection closed
[2025-08-05T00:27:55.984Z] [INFO] Checking for scheduled reports...
[2025-08-05T00:27:56.745Z] [DEBUG] Connected to MongoDB
[2025-08-05T00:27:56.820Z] [INFO] Found 1 company databases
[2025-08-05T00:27:56.821Z] [DEBUG] Processing company database: company_ry0iwbpw
[2025-08-05T00:27:56.888Z] [DEBUG] Finding reports to execute in company_ry0iwbpw (current time: 2025-08-05T00:27:56.888Z)
[2025-08-05T00:27:56.955Z] [INFO] Found 0 reports to execute in company_ry0iwbpw
[2025-08-05T00:27:56.956Z] [INFO] Scheduled reports check completed
[2025-08-05T00:27:56.957Z] [DEBUG] MongoDB connection closed
[2025-08-05T00:28:05.985Z] [INFO] Checking for scheduled reports...
[2025-08-05T00:28:06.785Z] [DEBUG] Connected to MongoDB
[2025-08-05T00:28:06.861Z] [INFO] Found 1 company databases
[2025-08-05T00:28:06.862Z] [DEBUG] Processing company database: company_ry0iwbpw
[2025-08-05T00:28:06.929Z] [DEBUG] Finding reports to execute in company_ry0iwbpw (current time: 2025-08-05T00:28:06.929Z)
[2025-08-05T00:28:06.998Z] [INFO] Found 0 reports to execute in company_ry0iwbpw
[2025-08-05T00:28:07.001Z] [INFO] Scheduled reports check completed
[2025-08-05T00:28:07.008Z] [DEBUG] MongoDB connection closed
[2025-08-05T00:28:15.986Z] [INFO] Checking for scheduled reports...
[2025-08-05T00:28:16.744Z] [DEBUG] Connected to MongoDB
[2025-08-05T00:28:16.819Z] [INFO] Found 1 company databases
[2025-08-05T00:28:16.819Z] [DEBUG] Processing company database: company_ry0iwbpw
[2025-08-05T00:28:16.886Z] [DEBUG] Finding reports to execute in company_ry0iwbpw (current time: 2025-08-05T00:28:16.886Z)
[2025-08-05T00:28:16.952Z] [INFO] Found 0 reports to execute in company_ry0iwbpw
[2025-08-05T00:28:16.953Z] [INFO] Scheduled reports check completed
[2025-08-05T00:28:16.955Z] [DEBUG] MongoDB connection closed
[2025-08-05T00:28:25.988Z] [INFO] Checking for scheduled reports...
[2025-08-05T00:28:26.774Z] [DEBUG] Connected to MongoDB
[2025-08-05T00:28:26.851Z] [INFO] Found 1 company databases
[2025-08-05T00:28:26.852Z] [DEBUG] Processing company database: company_ry0iwbpw
[2025-08-05T00:28:26.923Z] [DEBUG] Finding reports to execute in company_ry0iwbpw (current time: 2025-08-05T00:28:26.923Z)
[2025-08-05T00:28:26.990Z] [INFO] Found 0 reports to execute in company_ry0iwbpw
[2025-08-05T00:28:26.991Z] [INFO] Scheduled reports check completed
[2025-08-05T00:28:26.993Z] [DEBUG] MongoDB connection closed
[2025-08-05T00:28:35.988Z] [INFO] Checking for scheduled reports...
[2025-08-05T00:28:36.804Z] [DEBUG] Connected to MongoDB
[2025-08-05T00:28:36.882Z] [INFO] Found 1 company databases
[2025-08-05T00:28:36.882Z] [DEBUG] Processing company database: company_ry0iwbpw
[2025-08-05T00:28:36.952Z] [DEBUG] Finding reports to execute in company_ry0iwbpw (current time: 2025-08-05T00:28:36.952Z)
[2025-08-05T00:28:37.024Z] [INFO] Found 0 reports to execute in company_ry0iwbpw
[2025-08-05T00:28:37.024Z] [INFO] Scheduled reports check completed
[2025-08-05T00:28:37.026Z] [DEBUG] MongoDB connection closed
[2025-08-05T00:28:45.989Z] [INFO] Checking for scheduled reports...
[2025-08-05T00:28:46.790Z] [DEBUG] Connected to MongoDB
[2025-08-05T00:28:46.870Z] [INFO] Found 1 company databases
[2025-08-05T00:28:46.870Z] [DEBUG] Processing company database: company_ry0iwbpw
[2025-08-05T00:28:46.942Z] [DEBUG] Finding reports to execute in company_ry0iwbpw (current time: 2025-08-05T00:28:46.942Z)
[2025-08-05T00:28:47.014Z] [INFO] Found 0 reports to execute in company_ry0iwbpw
[2025-08-05T00:28:47.014Z] [INFO] Scheduled reports check completed
[2025-08-05T00:28:47.015Z] [DEBUG] MongoDB connection closed
[2025-08-05T00:28:55.990Z] [INFO] Checking for scheduled reports...
[2025-08-05T00:28:56.788Z] [DEBUG] Connected to MongoDB
[2025-08-05T00:28:56.868Z] [INFO] Found 1 company databases
[2025-08-05T00:28:56.869Z] [DEBUG] Processing company database: company_ry0iwbpw
[2025-08-05T00:28:56.942Z] [DEBUG] Finding reports to execute in company_ry0iwbpw (current time: 2025-08-05T00:28:56.942Z)
[2025-08-05T00:28:57.014Z] [INFO] Found 0 reports to execute in company_ry0iwbpw
[2025-08-05T00:28:57.015Z] [INFO] Scheduled reports check completed
[2025-08-05T00:28:57.017Z] [DEBUG] MongoDB connection closed
[2025-08-05T00:29:05.991Z] [INFO] Checking for scheduled reports...
[2025-08-05T00:29:06.814Z] [DEBUG] Connected to MongoDB
[2025-08-05T00:29:06.896Z] [INFO] Found 1 company databases
[2025-08-05T00:29:06.897Z] [DEBUG] Processing company database: company_ry0iwbpw
[2025-08-05T00:29:06.970Z] [DEBUG] Finding reports to execute in company_ry0iwbpw (current time: 2025-08-05T00:29:06.970Z)
[2025-08-05T00:29:07.043Z] [INFO] Found 0 reports to execute in company_ry0iwbpw
[2025-08-05T00:29:07.043Z] [INFO] Scheduled reports check completed
[2025-08-05T00:29:07.045Z] [DEBUG] MongoDB connection closed
[2025-08-05T00:29:15.991Z] [INFO] Checking for scheduled reports...
[2025-08-05T00:29:16.796Z] [DEBUG] Connected to MongoDB
[2025-08-05T00:29:16.876Z] [INFO] Found 1 company databases
[2025-08-05T00:29:16.876Z] [DEBUG] Processing company database: company_ry0iwbpw
[2025-08-05T00:29:16.948Z] [DEBUG] Finding reports to execute in company_ry0iwbpw (current time: 2025-08-05T00:29:16.948Z)
[2025-08-05T00:29:17.020Z] [INFO] Found 0 reports to execute in company_ry0iwbpw
[2025-08-05T00:29:17.020Z] [INFO] Scheduled reports check completed
[2025-08-05T00:29:17.021Z] [DEBUG] MongoDB connection closed
[2025-08-05T00:29:25.993Z] [INFO] Checking for scheduled reports...
[2025-08-05T00:29:26.763Z] [DEBUG] Connected to MongoDB
[2025-08-05T00:29:26.839Z] [INFO] Found 1 company databases
[2025-08-05T00:29:26.839Z] [DEBUG] Processing company database: company_ry0iwbpw
[2025-08-05T00:29:26.907Z] [DEBUG] Finding reports to execute in company_ry0iwbpw (current time: 2025-08-05T00:29:26.907Z)
[2025-08-05T00:29:26.975Z] [INFO] Found 0 reports to execute in company_ry0iwbpw
[2025-08-05T00:29:26.975Z] [INFO] Scheduled reports check completed
[2025-08-05T00:29:26.978Z] [DEBUG] MongoDB connection closed
[2025-08-05T00:29:35.993Z] [INFO] Checking for scheduled reports...
[2025-08-05T00:29:36.798Z] [DEBUG] Connected to MongoDB
[2025-08-05T00:29:36.884Z] [INFO] Found 1 company databases
[2025-08-05T00:29:36.885Z] [DEBUG] Processing company database: company_ry0iwbpw
[2025-08-05T00:29:36.956Z] [DEBUG] Finding reports to execute in company_ry0iwbpw (current time: 2025-08-05T00:29:36.956Z)
[2025-08-05T00:29:37.027Z] [INFO] Found 0 reports to execute in company_ry0iwbpw
[2025-08-05T00:29:37.027Z] [INFO] Scheduled reports check completed
[2025-08-05T00:29:37.029Z] [DEBUG] MongoDB connection closed
[2025-08-05T00:29:45.997Z] [INFO] Checking for scheduled reports...
[2025-08-05T00:29:46.873Z] [DEBUG] Connected to MongoDB
[2025-08-05T00:29:46.953Z] [INFO] Found 1 company databases
[2025-08-05T00:29:46.954Z] [DEBUG] Processing company database: company_ry0iwbpw
[2025-08-05T00:29:47.024Z] [DEBUG] Finding reports to execute in company_ry0iwbpw (current time: 2025-08-05T00:29:47.024Z)
[2025-08-05T00:29:47.095Z] [INFO] Found 0 reports to execute in company_ry0iwbpw
[2025-08-05T00:29:47.095Z] [INFO] Scheduled reports check completed
[2025-08-05T00:29:47.096Z] [DEBUG] MongoDB connection closed
[2025-08-05T00:29:55.998Z] [INFO] Checking for scheduled reports...
[2025-08-05T00:29:56.801Z] [DEBUG] Connected to MongoDB
[2025-08-05T00:29:56.882Z] [INFO] Found 1 company databases
[2025-08-05T00:29:56.883Z] [DEBUG] Processing company database: company_ry0iwbpw
[2025-08-05T00:29:56.954Z] [DEBUG] Finding reports to execute in company_ry0iwbpw (current time: 2025-08-05T00:29:56.954Z)
[2025-08-05T00:29:57.026Z] [INFO] Found 0 reports to execute in company_ry0iwbpw
[2025-08-05T00:29:57.026Z] [INFO] Scheduled reports check completed
[2025-08-05T00:29:57.028Z] [DEBUG] MongoDB connection closed
[2025-08-05T00:30:06.000Z] [INFO] Checking for scheduled reports...
[2025-08-05T00:30:06.792Z] [DEBUG] Connected to MongoDB
[2025-08-05T00:30:06.876Z] [INFO] Found 1 company databases
[2025-08-05T00:30:06.876Z] [DEBUG] Processing company database: company_ry0iwbpw
[2025-08-05T00:30:06.948Z] [DEBUG] Finding reports to execute in company_ry0iwbpw (current time: 2025-08-05T00:30:06.948Z)
[2025-08-05T00:30:07.019Z] [INFO] Found 0 reports to execute in company_ry0iwbpw
[2025-08-05T00:30:07.019Z] [INFO] Scheduled reports check completed
[2025-08-05T00:30:07.020Z] [DEBUG] MongoDB connection closed
[2025-08-05T00:30:16.002Z] [INFO] Checking for scheduled reports...
[2025-08-05T00:30:16.816Z] [DEBUG] Connected to MongoDB
[2025-08-05T00:30:16.892Z] [INFO] Found 1 company databases
[2025-08-05T00:30:16.893Z] [DEBUG] Processing company database: company_ry0iwbpw
[2025-08-05T00:30:16.965Z] [DEBUG] Finding reports to execute in company_ry0iwbpw (current time: 2025-08-05T00:30:16.965Z)
[2025-08-05T00:30:17.033Z] [INFO] Found 0 reports to execute in company_ry0iwbpw
[2025-08-05T00:30:17.033Z] [INFO] Scheduled reports check completed
[2025-08-05T00:30:17.034Z] [DEBUG] MongoDB connection closed
[2025-08-05T00:30:26.003Z] [INFO] Checking for scheduled reports...
[2025-08-05T00:30:26.807Z] [DEBUG] Connected to MongoDB
[2025-08-05T00:30:26.885Z] [INFO] Found 1 company databases
[2025-08-05T00:30:26.886Z] [DEBUG] Processing company database: company_ry0iwbpw
[2025-08-05T00:30:26.957Z] [DEBUG] Finding reports to execute in company_ry0iwbpw (current time: 2025-08-05T00:30:26.957Z)
[2025-08-05T00:30:27.028Z] [INFO] Found 0 reports to execute in company_ry0iwbpw
[2025-08-05T00:30:27.029Z] [INFO] Scheduled reports check completed
[2025-08-05T00:30:27.030Z] [DEBUG] MongoDB connection closed
[2025-08-05T00:30:36.003Z] [INFO] Checking for scheduled reports...
[2025-08-05T00:30:36.785Z] [DEBUG] Connected to MongoDB
[2025-08-05T00:30:36.870Z] [INFO] Found 1 company databases
[2025-08-05T00:30:36.870Z] [DEBUG] Processing company database: company_ry0iwbpw
[2025-08-05T00:30:36.940Z] [DEBUG] Finding reports to execute in company_ry0iwbpw (current time: 2025-08-05T00:30:36.940Z)
[2025-08-05T00:30:37.008Z] [INFO] Found 0 reports to execute in company_ry0iwbpw
[2025-08-05T00:30:37.009Z] [INFO] Scheduled reports check completed
[2025-08-05T00:30:37.013Z] [DEBUG] MongoDB connection closed
[2025-08-05T00:30:46.004Z] [INFO] Checking for scheduled reports...
[2025-08-05T00:30:46.842Z] [DEBUG] Connected to MongoDB
[2025-08-05T00:30:46.922Z] [INFO] Found 1 company databases
[2025-08-05T00:30:46.922Z] [DEBUG] Processing company database: company_ry0iwbpw
[2025-08-05T00:30:46.994Z] [DEBUG] Finding reports to execute in company_ry0iwbpw (current time: 2025-08-05T00:30:46.994Z)
[2025-08-05T00:30:47.065Z] [INFO] Found 0 reports to execute in company_ry0iwbpw
[2025-08-05T00:30:47.066Z] [INFO] Scheduled reports check completed
[2025-08-05T00:30:47.068Z] [DEBUG] MongoDB connection closed
[2025-08-05T00:30:56.005Z] [INFO] Checking for scheduled reports...
[2025-08-05T00:30:56.771Z] [DEBUG] Connected to MongoDB
[2025-08-05T00:30:56.847Z] [INFO] Found 1 company databases
[2025-08-05T00:30:56.847Z] [DEBUG] Processing company database: company_ry0iwbpw
[2025-08-05T00:30:56.916Z] [DEBUG] Finding reports to execute in company_ry0iwbpw (current time: 2025-08-05T00:30:56.916Z)
[2025-08-05T00:30:56.984Z] [INFO] Found 0 reports to execute in company_ry0iwbpw
[2025-08-05T00:30:56.984Z] [INFO] Scheduled reports check completed
[2025-08-05T00:30:56.987Z] [DEBUG] MongoDB connection closed
[2025-08-05T00:31:06.008Z] [INFO] Checking for scheduled reports...
[2025-08-05T00:31:06.802Z] [DEBUG] Connected to MongoDB
[2025-08-05T00:31:06.885Z] [INFO] Found 1 company databases
[2025-08-05T00:31:06.885Z] [DEBUG] Processing company database: company_ry0iwbpw
[2025-08-05T00:31:06.955Z] [DEBUG] Finding reports to execute in company_ry0iwbpw (current time: 2025-08-05T00:31:06.955Z)
[2025-08-05T00:31:07.026Z] [INFO] Found 0 reports to execute in company_ry0iwbpw
[2025-08-05T00:31:07.026Z] [INFO] Scheduled reports check completed
[2025-08-05T00:31:07.027Z] [DEBUG] MongoDB connection closed
[2025-08-05T00:31:16.010Z] [INFO] Checking for scheduled reports...
[2025-08-05T00:31:16.812Z] [DEBUG] Connected to MongoDB
[2025-08-05T00:31:16.892Z] [INFO] Found 1 company databases
[2025-08-05T00:31:16.892Z] [DEBUG] Processing company database: company_ry0iwbpw
[2025-08-05T00:31:16.964Z] [DEBUG] Finding reports to execute in company_ry0iwbpw (current time: 2025-08-05T00:31:16.964Z)
[2025-08-05T00:31:17.035Z] [INFO] Found 0 reports to execute in company_ry0iwbpw
[2025-08-05T00:31:17.036Z] [INFO] Scheduled reports check completed
[2025-08-05T00:31:17.037Z] [DEBUG] MongoDB connection closed
[2025-08-05T00:31:26.011Z] [INFO] Checking for scheduled reports...
[2025-08-05T00:31:26.846Z] [DEBUG] Connected to MongoDB
[2025-08-05T00:31:26.927Z] [INFO] Found 1 company databases
[2025-08-05T00:31:26.928Z] [DEBUG] Processing company database: company_ry0iwbpw
[2025-08-05T00:31:27.001Z] [DEBUG] Finding reports to execute in company_ry0iwbpw (current time: 2025-08-05T00:31:27.001Z)
[2025-08-05T00:31:27.074Z] [INFO] Found 0 reports to execute in company_ry0iwbpw
[2025-08-05T00:31:27.074Z] [INFO] Scheduled reports check completed
[2025-08-05T00:31:27.077Z] [DEBUG] MongoDB connection closed
[2025-08-05T00:31:36.011Z] [INFO] Checking for scheduled reports...
[2025-08-05T00:31:36.780Z] [DEBUG] Connected to MongoDB
[2025-08-05T00:31:36.855Z] [INFO] Found 1 company databases
[2025-08-05T00:31:36.856Z] [DEBUG] Processing company database: company_ry0iwbpw
[2025-08-05T00:31:36.925Z] [DEBUG] Finding reports to execute in company_ry0iwbpw (current time: 2025-08-05T00:31:36.925Z)
[2025-08-05T00:31:36.993Z] [INFO] Found 0 reports to execute in company_ry0iwbpw
[2025-08-05T00:31:36.994Z] [INFO] Scheduled reports check completed
[2025-08-05T00:31:36.996Z] [DEBUG] MongoDB connection closed
[2025-08-05T00:31:46.013Z] [INFO] Checking for scheduled reports...
[2025-08-05T00:31:46.808Z] [DEBUG] Connected to MongoDB
[2025-08-05T00:31:46.889Z] [INFO] Found 1 company databases
[2025-08-05T00:31:46.889Z] [DEBUG] Processing company database: company_ry0iwbpw
[2025-08-05T00:31:46.962Z] [DEBUG] Finding reports to execute in company_ry0iwbpw (current time: 2025-08-05T00:31:46.962Z)
[2025-08-05T00:31:47.042Z] [INFO] Found 0 reports to execute in company_ry0iwbpw
[2025-08-05T00:31:47.043Z] [INFO] Scheduled reports check completed
[2025-08-05T00:31:47.048Z] [DEBUG] MongoDB connection closed
[2025-08-05T00:31:56.014Z] [INFO] Checking for scheduled reports...
[2025-08-05T00:31:56.835Z] [DEBUG] Connected to MongoDB
[2025-08-05T00:31:56.915Z] [INFO] Found 1 company databases
[2025-08-05T00:31:56.916Z] [DEBUG] Processing company database: company_ry0iwbpw
[2025-08-05T00:31:56.988Z] [DEBUG] Finding reports to execute in company_ry0iwbpw (current time: 2025-08-05T00:31:56.988Z)
[2025-08-05T00:31:57.057Z] [INFO] Found 0 reports to execute in company_ry0iwbpw
[2025-08-05T00:31:57.058Z] [INFO] Scheduled reports check completed
[2025-08-05T00:31:57.059Z] [DEBUG] MongoDB connection closed
[2025-08-05T00:32:06.015Z] [INFO] Checking for scheduled reports...
[2025-08-05T00:32:06.800Z] [DEBUG] Connected to MongoDB
[2025-08-05T00:32:06.877Z] [INFO] Found 1 company databases
[2025-08-05T00:32:06.878Z] [DEBUG] Processing company database: company_ry0iwbpw
[2025-08-05T00:32:06.947Z] [DEBUG] Finding reports to execute in company_ry0iwbpw (current time: 2025-08-05T00:32:06.947Z)
[2025-08-05T00:32:07.016Z] [INFO] Found 0 reports to execute in company_ry0iwbpw
[2025-08-05T00:32:07.016Z] [INFO] Scheduled reports check completed
[2025-08-05T00:32:07.018Z] [DEBUG] MongoDB connection closed
[2025-08-05T00:32:16.016Z] [INFO] Checking for scheduled reports...
[2025-08-05T00:32:16.800Z] [DEBUG] Connected to MongoDB
[2025-08-05T00:32:16.880Z] [INFO] Found 1 company databases
[2025-08-05T00:32:16.880Z] [DEBUG] Processing company database: company_ry0iwbpw
[2025-08-05T00:32:16.953Z] [DEBUG] Finding reports to execute in company_ry0iwbpw (current time: 2025-08-05T00:32:16.953Z)
[2025-08-05T00:32:17.025Z] [INFO] Found 0 reports to execute in company_ry0iwbpw
[2025-08-05T00:32:17.026Z] [INFO] Scheduled reports check completed
[2025-08-05T00:32:17.030Z] [DEBUG] MongoDB connection closed
[2025-08-05T00:32:26.017Z] [INFO] Checking for scheduled reports...
[2025-08-05T00:32:26.852Z] [DEBUG] Connected to MongoDB
[2025-08-05T00:32:26.933Z] [INFO] Found 1 company databases
[2025-08-05T00:32:26.933Z] [DEBUG] Processing company database: company_ry0iwbpw
[2025-08-05T00:32:27.008Z] [DEBUG] Finding reports to execute in company_ry0iwbpw (current time: 2025-08-05T00:32:27.008Z)
[2025-08-05T00:32:27.080Z] [INFO] Found 0 reports to execute in company_ry0iwbpw
[2025-08-05T00:32:27.081Z] [INFO] Scheduled reports check completed
[2025-08-05T00:32:27.083Z] [DEBUG] MongoDB connection closed
[2025-08-05T00:32:36.018Z] [INFO] Checking for scheduled reports...
[2025-08-05T00:32:36.836Z] [DEBUG] Connected to MongoDB
[2025-08-05T00:32:36.917Z] [INFO] Found 1 company databases
[2025-08-05T00:32:36.918Z] [DEBUG] Processing company database: company_ry0iwbpw
[2025-08-05T00:32:36.993Z] [DEBUG] Finding reports to execute in company_ry0iwbpw (current time: 2025-08-05T00:32:36.993Z)
[2025-08-05T00:32:37.066Z] [INFO] Found 0 reports to execute in company_ry0iwbpw
[2025-08-05T00:32:37.067Z] [INFO] Scheduled reports check completed
[2025-08-05T00:32:37.069Z] [DEBUG] MongoDB connection closed
[2025-08-05T00:32:46.020Z] [INFO] Checking for scheduled reports...
[2025-08-05T00:32:46.790Z] [DEBUG] Connected to MongoDB
[2025-08-05T00:32:46.869Z] [INFO] Found 1 company databases
[2025-08-05T00:32:46.869Z] [DEBUG] Processing company database: company_ry0iwbpw
[2025-08-05T00:32:46.940Z] [DEBUG] Finding reports to execute in company_ry0iwbpw (current time: 2025-08-05T00:32:46.940Z)
[2025-08-05T00:32:47.009Z] [INFO] Found 0 reports to execute in company_ry0iwbpw
[2025-08-05T00:32:47.009Z] [INFO] Scheduled reports check completed
[2025-08-05T00:32:47.010Z] [DEBUG] MongoDB connection closed
[2025-08-05T00:32:56.021Z] [INFO] Checking for scheduled reports...
[2025-08-05T00:32:56.826Z] [DEBUG] Connected to MongoDB
[2025-08-05T00:32:56.904Z] [INFO] Found 1 company databases
[2025-08-05T00:32:56.904Z] [DEBUG] Processing company database: company_ry0iwbpw
[2025-08-05T00:32:56.973Z] [DEBUG] Finding reports to execute in company_ry0iwbpw (current time: 2025-08-05T00:32:56.973Z)
[2025-08-05T00:32:57.041Z] [INFO] Found 0 reports to execute in company_ry0iwbpw
[2025-08-05T00:32:57.042Z] [INFO] Scheduled reports check completed
[2025-08-05T00:32:57.044Z] [DEBUG] MongoDB connection closed
[2025-08-05T00:33:06.022Z] [INFO] Checking for scheduled reports...
[2025-08-05T00:33:06.831Z] [DEBUG] Connected to MongoDB
[2025-08-05T00:33:06.909Z] [INFO] Found 1 company databases
[2025-08-05T00:33:06.909Z] [DEBUG] Processing company database: company_ry0iwbpw
[2025-08-05T00:33:06.978Z] [DEBUG] Finding reports to execute in company_ry0iwbpw (current time: 2025-08-05T00:33:06.978Z)
[2025-08-05T00:33:07.047Z] [INFO] Found 0 reports to execute in company_ry0iwbpw
[2025-08-05T00:33:07.048Z] [INFO] Scheduled reports check completed
[2025-08-05T00:33:07.050Z] [DEBUG] MongoDB connection closed
[2025-08-05T00:33:16.023Z] [INFO] Checking for scheduled reports...
[2025-08-05T00:33:16.779Z] [DEBUG] Connected to MongoDB
[2025-08-05T00:33:16.856Z] [INFO] Found 1 company databases
[2025-08-05T00:33:16.856Z] [DEBUG] Processing company database: company_ry0iwbpw
[2025-08-05T00:33:16.925Z] [DEBUG] Finding reports to execute in company_ry0iwbpw (current time: 2025-08-05T00:33:16.925Z)
[2025-08-05T00:33:16.993Z] [INFO] Found 0 reports to execute in company_ry0iwbpw
[2025-08-05T00:33:16.994Z] [INFO] Scheduled reports check completed
[2025-08-05T00:33:16.996Z] [DEBUG] MongoDB connection closed
[2025-08-05T00:33:26.024Z] [INFO] Checking for scheduled reports...
[2025-08-05T00:33:26.798Z] [DEBUG] Connected to MongoDB
[2025-08-05T00:33:26.874Z] [INFO] Found 1 company databases
[2025-08-05T00:33:26.874Z] [DEBUG] Processing company database: company_ry0iwbpw
[2025-08-05T00:33:26.943Z] [DEBUG] Finding reports to execute in company_ry0iwbpw (current time: 2025-08-05T00:33:26.943Z)
[2025-08-05T00:33:27.010Z] [INFO] Found 0 reports to execute in company_ry0iwbpw
[2025-08-05T00:33:27.010Z] [INFO] Scheduled reports check completed
[2025-08-05T00:33:27.012Z] [DEBUG] MongoDB connection closed
[2025-08-05T00:33:36.024Z] [INFO] Checking for scheduled reports...
[2025-08-05T00:33:36.818Z] [DEBUG] Connected to MongoDB
[2025-08-05T00:33:36.895Z] [INFO] Found 1 company databases
[2025-08-05T00:33:36.895Z] [DEBUG] Processing company database: company_ry0iwbpw
[2025-08-05T00:33:36.964Z] [DEBUG] Finding reports to execute in company_ry0iwbpw (current time: 2025-08-05T00:33:36.964Z)
[2025-08-05T00:33:37.032Z] [INFO] Found 0 reports to execute in company_ry0iwbpw
[2025-08-05T00:33:37.033Z] [INFO] Scheduled reports check completed
[2025-08-05T00:33:37.035Z] [DEBUG] MongoDB connection closed
[2025-08-05T00:33:46.026Z] [INFO] Checking for scheduled reports...
[2025-08-05T00:33:46.841Z] [DEBUG] Connected to MongoDB
[2025-08-05T00:33:46.921Z] [INFO] Found 1 company databases
[2025-08-05T00:33:46.922Z] [DEBUG] Processing company database: company_ry0iwbpw
[2025-08-05T00:33:46.996Z] [DEBUG] Finding reports to execute in company_ry0iwbpw (current time: 2025-08-05T00:33:46.996Z)
[2025-08-05T00:33:47.068Z] [INFO] Found 0 reports to execute in company_ry0iwbpw
[2025-08-05T00:33:47.069Z] [INFO] Scheduled reports check completed
[2025-08-05T00:33:47.071Z] [DEBUG] MongoDB connection closed
[2025-08-05T00:33:56.027Z] [INFO] Checking for scheduled reports...
[2025-08-05T00:33:56.797Z] [DEBUG] Connected to MongoDB
[2025-08-05T00:33:56.933Z] [INFO] Found 1 company databases
[2025-08-05T00:33:56.934Z] [DEBUG] Processing company database: company_ry0iwbpw
[2025-08-05T00:33:57.004Z] [DEBUG] Finding reports to execute in company_ry0iwbpw (current time: 2025-08-05T00:33:57.004Z)
[2025-08-05T00:33:57.071Z] [INFO] Found 0 reports to execute in company_ry0iwbpw
[2025-08-05T00:33:57.072Z] [INFO] Scheduled reports check completed
[2025-08-05T00:33:57.074Z] [DEBUG] MongoDB connection closed
[2025-08-05T00:34:06.028Z] [INFO] Checking for scheduled reports...
[2025-08-05T00:34:06.790Z] [DEBUG] Connected to MongoDB
[2025-08-05T00:34:06.866Z] [INFO] Found 1 company databases
[2025-08-05T00:34:06.866Z] [DEBUG] Processing company database: company_ry0iwbpw
[2025-08-05T00:34:06.935Z] [DEBUG] Finding reports to execute in company_ry0iwbpw (current time: 2025-08-05T00:34:06.935Z)
[2025-08-05T00:34:07.004Z] [INFO] Found 0 reports to execute in company_ry0iwbpw
[2025-08-05T00:34:07.005Z] [INFO] Scheduled reports check completed
[2025-08-05T00:34:07.007Z] [DEBUG] MongoDB connection closed
[2025-08-05T00:34:16.028Z] [INFO] Checking for scheduled reports...
[2025-08-05T00:34:16.863Z] [DEBUG] Connected to MongoDB
[2025-08-05T00:34:16.943Z] [INFO] Found 1 company databases
[2025-08-05T00:34:16.944Z] [DEBUG] Processing company database: company_ry0iwbpw
[2025-08-05T00:34:17.017Z] [DEBUG] Finding reports to execute in company_ry0iwbpw (current time: 2025-08-05T00:34:17.017Z)
[2025-08-05T00:34:17.088Z] [INFO] Found 0 reports to execute in company_ry0iwbpw
[2025-08-05T00:34:17.089Z] [INFO] Scheduled reports check completed
[2025-08-05T00:34:17.092Z] [DEBUG] MongoDB connection closed
[2025-08-05T00:34:26.028Z] [INFO] Checking for scheduled reports...
[2025-08-05T00:34:26.821Z] [DEBUG] Connected to MongoDB
[2025-08-05T00:34:26.895Z] [INFO] Found 1 company databases
[2025-08-05T00:34:26.896Z] [DEBUG] Processing company database: company_ry0iwbpw
[2025-08-05T00:34:26.963Z] [DEBUG] Finding reports to execute in company_ry0iwbpw (current time: 2025-08-05T00:34:26.963Z)
[2025-08-05T00:34:27.029Z] [INFO] Found 0 reports to execute in company_ry0iwbpw
[2025-08-05T00:34:27.030Z] [INFO] Scheduled reports check completed
[2025-08-05T00:34:27.032Z] [DEBUG] MongoDB connection closed
[2025-08-05T00:34:36.028Z] [INFO] Checking for scheduled reports...
[2025-08-05T00:34:36.814Z] [DEBUG] Connected to MongoDB
[2025-08-05T00:34:36.890Z] [INFO] Found 1 company databases
[2025-08-05T00:34:36.891Z] [DEBUG] Processing company database: company_ry0iwbpw
[2025-08-05T00:34:36.960Z] [DEBUG] Finding reports to execute in company_ry0iwbpw (current time: 2025-08-05T00:34:36.960Z)
[2025-08-05T00:34:37.028Z] [INFO] Found 0 reports to execute in company_ry0iwbpw
[2025-08-05T00:34:37.029Z] [INFO] Scheduled reports check completed
[2025-08-05T00:34:37.031Z] [DEBUG] MongoDB connection closed
[2025-08-05T00:34:46.027Z] [INFO] Checking for scheduled reports...
[2025-08-05T00:34:46.792Z] [DEBUG] Connected to MongoDB
[2025-08-05T00:34:46.867Z] [INFO] Found 1 company databases
[2025-08-05T00:34:46.867Z] [DEBUG] Processing company database: company_ry0iwbpw
[2025-08-05T00:34:46.934Z] [DEBUG] Finding reports to execute in company_ry0iwbpw (current time: 2025-08-05T00:34:46.934Z)
[2025-08-05T00:34:47.001Z] [INFO] Found 0 reports to execute in company_ry0iwbpw
[2025-08-05T00:34:47.002Z] [INFO] Scheduled reports check completed
[2025-08-05T00:34:47.004Z] [DEBUG] MongoDB connection closed
[2025-08-05T00:34:56.028Z] [INFO] Checking for scheduled reports...
[2025-08-05T00:34:56.850Z] [DEBUG] Connected to MongoDB
[2025-08-05T00:34:56.929Z] [INFO] Found 1 company databases
[2025-08-05T00:34:56.930Z] [DEBUG] Processing company database: company_ry0iwbpw
[2025-08-05T00:34:57.001Z] [DEBUG] Finding reports to execute in company_ry0iwbpw (current time: 2025-08-05T00:34:57.001Z)
[2025-08-05T00:34:57.072Z] [INFO] Found 0 reports to execute in company_ry0iwbpw
[2025-08-05T00:34:57.073Z] [INFO] Scheduled reports check completed
[2025-08-05T00:34:57.074Z] [DEBUG] MongoDB connection closed
[2025-08-05T00:35:06.030Z] [INFO] Checking for scheduled reports...
[2025-08-05T00:35:06.816Z] [DEBUG] Connected to MongoDB
[2025-08-05T00:35:06.892Z] [INFO] Found 1 company databases
[2025-08-05T00:35:06.892Z] [DEBUG] Processing company database: company_ry0iwbpw
[2025-08-05T00:35:06.961Z] [DEBUG] Finding reports to execute in company_ry0iwbpw (current time: 2025-08-05T00:35:06.961Z)
[2025-08-05T00:35:07.031Z] [INFO] Found 0 reports to execute in company_ry0iwbpw
[2025-08-05T00:35:07.031Z] [INFO] Scheduled reports check completed
[2025-08-05T00:35:07.033Z] [DEBUG] MongoDB connection closed
[2025-08-05T00:35:16.031Z] [INFO] Checking for scheduled reports...
[2025-08-05T00:35:16.810Z] [DEBUG] Connected to MongoDB
[2025-08-05T00:35:16.888Z] [INFO] Found 1 company databases
[2025-08-05T00:35:16.889Z] [DEBUG] Processing company database: company_ry0iwbpw
[2025-08-05T00:35:16.960Z] [DEBUG] Finding reports to execute in company_ry0iwbpw (current time: 2025-08-05T00:35:16.960Z)
[2025-08-05T00:35:17.030Z] [INFO] Found 0 reports to execute in company_ry0iwbpw
[2025-08-05T00:35:17.031Z] [INFO] Scheduled reports check completed
[2025-08-05T00:35:17.034Z] [DEBUG] MongoDB connection closed
[2025-08-05T00:35:26.034Z] [INFO] Checking for scheduled reports...
[2025-08-05T00:35:26.840Z] [DEBUG] Connected to MongoDB
[2025-08-05T00:35:26.920Z] [INFO] Found 1 company databases
[2025-08-05T00:35:26.920Z] [DEBUG] Processing company database: company_ry0iwbpw
[2025-08-05T00:35:26.992Z] [DEBUG] Finding reports to execute in company_ry0iwbpw (current time: 2025-08-05T00:35:26.992Z)
[2025-08-05T00:35:27.063Z] [INFO] Found 0 reports to execute in company_ry0iwbpw
[2025-08-05T00:35:27.063Z] [INFO] Scheduled reports check completed
[2025-08-05T00:35:27.066Z] [DEBUG] MongoDB connection closed
[2025-08-05T00:35:36.034Z] [INFO] Checking for scheduled reports...
[2025-08-05T00:35:36.837Z] [DEBUG] Connected to MongoDB
[2025-08-05T00:35:36.912Z] [INFO] Found 1 company databases
[2025-08-05T00:35:36.913Z] [DEBUG] Processing company database: company_ry0iwbpw
[2025-08-05T00:35:36.982Z] [DEBUG] Finding reports to execute in company_ry0iwbpw (current time: 2025-08-05T00:35:36.982Z)
[2025-08-05T00:35:37.049Z] [INFO] Found 0 reports to execute in company_ry0iwbpw
[2025-08-05T00:35:37.050Z] [INFO] Scheduled reports check completed
[2025-08-05T00:35:37.052Z] [DEBUG] MongoDB connection closed
[2025-08-05T00:35:46.035Z] [INFO] Checking for scheduled reports...
[2025-08-05T00:35:46.815Z] [DEBUG] Connected to MongoDB
[2025-08-05T00:35:46.890Z] [INFO] Found 1 company databases
[2025-08-05T00:35:46.890Z] [DEBUG] Processing company database: company_ry0iwbpw
[2025-08-05T00:35:46.958Z] [DEBUG] Finding reports to execute in company_ry0iwbpw (current time: 2025-08-05T00:35:46.958Z)
[2025-08-05T00:35:47.025Z] [INFO] Found 0 reports to execute in company_ry0iwbpw
[2025-08-05T00:35:47.025Z] [INFO] Scheduled reports check completed
[2025-08-05T00:35:47.027Z] [DEBUG] MongoDB connection closed
[2025-08-05T00:35:56.038Z] [INFO] Checking for scheduled reports...
[2025-08-05T00:35:56.857Z] [DEBUG] Connected to MongoDB
[2025-08-05T00:35:56.939Z] [INFO] Found 1 company databases
[2025-08-05T00:35:56.940Z] [DEBUG] Processing company database: company_ry0iwbpw
[2025-08-05T00:35:57.014Z] [DEBUG] Finding reports to execute in company_ry0iwbpw (current time: 2025-08-05T00:35:57.014Z)
[2025-08-05T00:35:57.087Z] [INFO] Found 0 reports to execute in company_ry0iwbpw
[2025-08-05T00:35:57.087Z] [INFO] Scheduled reports check completed
[2025-08-05T00:35:57.089Z] [DEBUG] MongoDB connection closed
[2025-08-05T00:36:06.040Z] [INFO] Checking for scheduled reports...
[2025-08-05T00:36:06.891Z] [DEBUG] Connected to MongoDB
[2025-08-05T00:36:06.980Z] [INFO] Found 1 company databases
[2025-08-05T00:36:06.980Z] [DEBUG] Processing company database: company_ry0iwbpw
[2025-08-05T00:36:07.053Z] [DEBUG] Finding reports to execute in company_ry0iwbpw (current time: 2025-08-05T00:36:07.053Z)
[2025-08-05T00:36:07.125Z] [INFO] Found 0 reports to execute in company_ry0iwbpw
[2025-08-05T00:36:07.126Z] [INFO] Scheduled reports check completed
[2025-08-05T00:36:07.129Z] [DEBUG] MongoDB connection closed
[2025-08-05T00:36:16.042Z] [INFO] Checking for scheduled reports...
[2025-08-05T00:36:16.843Z] [DEBUG] Connected to MongoDB
[2025-08-05T00:36:16.920Z] [INFO] Found 1 company databases
[2025-08-05T00:36:16.921Z] [DEBUG] Processing company database: company_ry0iwbpw
[2025-08-05T00:36:16.989Z] [DEBUG] Finding reports to execute in company_ry0iwbpw (current time: 2025-08-05T00:36:16.989Z)
[2025-08-05T00:36:17.058Z] [INFO] Found 0 reports to execute in company_ry0iwbpw
[2025-08-05T00:36:17.059Z] [INFO] Scheduled reports check completed
[2025-08-05T00:36:17.061Z] [DEBUG] MongoDB connection closed
[2025-08-05T00:36:26.043Z] [INFO] Checking for scheduled reports...
[2025-08-05T00:36:26.841Z] [DEBUG] Connected to MongoDB
[2025-08-05T00:36:26.920Z] [INFO] Found 1 company databases
[2025-08-05T00:36:26.920Z] [DEBUG] Processing company database: company_ry0iwbpw
[2025-08-05T00:36:26.992Z] [DEBUG] Finding reports to execute in company_ry0iwbpw (current time: 2025-08-05T00:36:26.992Z)
[2025-08-05T00:36:27.064Z] [INFO] Found 0 reports to execute in company_ry0iwbpw
[2025-08-05T00:36:27.064Z] [INFO] Scheduled reports check completed
[2025-08-05T00:36:27.067Z] [DEBUG] MongoDB connection closed
[2025-08-05T00:36:36.046Z] [INFO] Checking for scheduled reports...
[2025-08-05T00:36:36.838Z] [DEBUG] Connected to MongoDB
[2025-08-05T00:36:36.917Z] [INFO] Found 1 company databases
[2025-08-05T00:36:36.918Z] [DEBUG] Processing company database: company_ry0iwbpw
[2025-08-05T00:36:36.989Z] [DEBUG] Finding reports to execute in company_ry0iwbpw (current time: 2025-08-05T00:36:36.989Z)
[2025-08-05T00:36:37.062Z] [INFO] Found 0 reports to execute in company_ry0iwbpw
[2025-08-05T00:36:37.063Z] [INFO] Scheduled reports check completed
[2025-08-05T00:36:37.065Z] [DEBUG] MongoDB connection closed
[2025-08-05T00:36:46.048Z] [INFO] Checking for scheduled reports...
[2025-08-05T00:36:46.806Z] [DEBUG] Connected to MongoDB
[2025-08-05T00:36:46.882Z] [INFO] Found 1 company databases
[2025-08-05T00:36:46.883Z] [DEBUG] Processing company database: company_ry0iwbpw
[2025-08-05T00:36:46.952Z] [DEBUG] Finding reports to execute in company_ry0iwbpw (current time: 2025-08-05T00:36:46.952Z)
[2025-08-05T00:36:47.020Z] [INFO] Found 0 reports to execute in company_ry0iwbpw
[2025-08-05T00:36:47.021Z] [INFO] Scheduled reports check completed
[2025-08-05T00:36:47.023Z] [DEBUG] MongoDB connection closed
[2025-08-05T00:36:56.047Z] [INFO] Checking for scheduled reports...
[2025-08-05T00:36:56.841Z] [DEBUG] Connected to MongoDB
[2025-08-05T00:36:56.918Z] [INFO] Found 1 company databases
[2025-08-05T00:36:56.918Z] [DEBUG] Processing company database: company_ry0iwbpw
[2025-08-05T00:36:56.988Z] [DEBUG] Finding reports to execute in company_ry0iwbpw (current time: 2025-08-05T00:36:56.988Z)
[2025-08-05T00:36:57.055Z] [INFO] Found 0 reports to execute in company_ry0iwbpw
[2025-08-05T00:36:57.056Z] [INFO] Scheduled reports check completed
[2025-08-05T00:36:57.058Z] [DEBUG] MongoDB connection closed
[2025-08-05T00:37:06.049Z] [INFO] Checking for scheduled reports...
[2025-08-05T00:37:06.864Z] [DEBUG] Connected to MongoDB
[2025-08-05T00:37:06.944Z] [INFO] Found 1 company databases
[2025-08-05T00:37:06.945Z] [DEBUG] Processing company database: company_ry0iwbpw
[2025-08-05T00:37:07.018Z] [DEBUG] Finding reports to execute in company_ry0iwbpw (current time: 2025-08-05T00:37:07.018Z)
[2025-08-05T00:37:07.091Z] [INFO] Found 0 reports to execute in company_ry0iwbpw
[2025-08-05T00:37:07.091Z] [INFO] Scheduled reports check completed
[2025-08-05T00:37:07.093Z] [DEBUG] MongoDB connection closed
[2025-08-05T00:37:16.051Z] [INFO] Checking for scheduled reports...
[2025-08-05T00:37:16.832Z] [DEBUG] Connected to MongoDB
[2025-08-05T00:37:16.910Z] [INFO] Found 1 company databases
[2025-08-05T00:37:16.910Z] [DEBUG] Processing company database: company_ry0iwbpw
[2025-08-05T00:37:16.979Z] [DEBUG] Finding reports to execute in company_ry0iwbpw (current time: 2025-08-05T00:37:16.979Z)
[2025-08-05T00:37:17.048Z] [INFO] Found 0 reports to execute in company_ry0iwbpw
[2025-08-05T00:37:17.048Z] [INFO] Scheduled reports check completed
[2025-08-05T00:37:17.050Z] [DEBUG] MongoDB connection closed
[2025-08-05T00:37:26.051Z] [INFO] Checking for scheduled reports...
[2025-08-05T00:37:26.870Z] [DEBUG] Connected to MongoDB
[2025-08-05T00:37:26.951Z] [INFO] Found 1 company databases
[2025-08-05T00:37:26.952Z] [DEBUG] Processing company database: company_ry0iwbpw
[2025-08-05T00:37:27.025Z] [DEBUG] Finding reports to execute in company_ry0iwbpw (current time: 2025-08-05T00:37:27.025Z)
[2025-08-05T00:37:27.097Z] [INFO] Found 0 reports to execute in company_ry0iwbpw
[2025-08-05T00:37:27.097Z] [INFO] Scheduled reports check completed
[2025-08-05T00:37:27.103Z] [DEBUG] MongoDB connection closed
[2025-08-05T00:37:36.051Z] [INFO] Checking for scheduled reports...
[2025-08-05T00:37:36.842Z] [DEBUG] Connected to MongoDB
[2025-08-05T00:37:36.918Z] [INFO] Found 1 company databases
[2025-08-05T00:37:36.919Z] [DEBUG] Processing company database: company_ry0iwbpw
[2025-08-05T00:37:36.988Z] [DEBUG] Finding reports to execute in company_ry0iwbpw (current time: 2025-08-05T00:37:36.988Z)
[2025-08-05T00:37:37.058Z] [INFO] Found 0 reports to execute in company_ry0iwbpw
[2025-08-05T00:37:37.059Z] [INFO] Scheduled reports check completed
[2025-08-05T00:37:37.061Z] [DEBUG] MongoDB connection closed
[2025-08-05T00:37:46.053Z] [INFO] Checking for scheduled reports...
[2025-08-05T00:37:46.813Z] [DEBUG] Connected to MongoDB
[2025-08-05T00:37:46.891Z] [INFO] Found 1 company databases
[2025-08-05T00:37:46.891Z] [DEBUG] Processing company database: company_ry0iwbpw
[2025-08-05T00:37:46.960Z] [DEBUG] Finding reports to execute in company_ry0iwbpw (current time: 2025-08-05T00:37:46.960Z)
[2025-08-05T00:37:47.028Z] [INFO] Found 0 reports to execute in company_ry0iwbpw
[2025-08-05T00:37:47.029Z] [INFO] Scheduled reports check completed
[2025-08-05T00:37:47.031Z] [DEBUG] MongoDB connection closed
[2025-08-05T00:37:56.053Z] [INFO] Checking for scheduled reports...
[2025-08-05T00:37:56.836Z] [DEBUG] Connected to MongoDB
[2025-08-05T00:37:56.913Z] [INFO] Found 1 company databases
[2025-08-05T00:37:56.913Z] [DEBUG] Processing company database: company_ry0iwbpw
[2025-08-05T00:37:56.983Z] [DEBUG] Finding reports to execute in company_ry0iwbpw (current time: 2025-08-05T00:37:56.983Z)
[2025-08-05T00:37:57.051Z] [INFO] Found 0 reports to execute in company_ry0iwbpw
[2025-08-05T00:37:57.051Z] [INFO] Scheduled reports check completed
[2025-08-05T00:37:57.053Z] [DEBUG] MongoDB connection closed
[2025-08-05T00:38:06.054Z] [INFO] Checking for scheduled reports...
[2025-08-05T00:38:06.861Z] [DEBUG] Connected to MongoDB
[2025-08-05T00:38:06.936Z] [INFO] Found 1 company databases
[2025-08-05T00:38:06.936Z] [DEBUG] Processing company database: company_ry0iwbpw
[2025-08-05T00:38:07.004Z] [DEBUG] Finding reports to execute in company_ry0iwbpw (current time: 2025-08-05T00:38:07.004Z)
[2025-08-05T00:38:07.071Z] [INFO] Found 0 reports to execute in company_ry0iwbpw
[2025-08-05T00:38:07.072Z] [INFO] Scheduled reports check completed
[2025-08-05T00:38:07.074Z] [DEBUG] MongoDB connection closed
[2025-08-05T00:38:16.056Z] [INFO] Checking for scheduled reports...
[2025-08-05T00:38:16.841Z] [DEBUG] Connected to MongoDB
[2025-08-05T00:38:16.918Z] [INFO] Found 1 company databases
[2025-08-05T00:38:16.919Z] [DEBUG] Processing company database: company_ry0iwbpw
[2025-08-05T00:38:16.989Z] [DEBUG] Finding reports to execute in company_ry0iwbpw (current time: 2025-08-05T00:38:16.988Z)
[2025-08-05T00:38:17.058Z] [INFO] Found 0 reports to execute in company_ry0iwbpw
[2025-08-05T00:38:17.058Z] [INFO] Scheduled reports check completed
[2025-08-05T00:38:17.060Z] [DEBUG] MongoDB connection closed
[2025-08-05T00:38:26.059Z] [INFO] Checking for scheduled reports...
[2025-08-05T00:38:26.832Z] [DEBUG] Connected to MongoDB
[2025-08-05T00:38:26.909Z] [INFO] Found 1 company databases
[2025-08-05T00:38:26.909Z] [DEBUG] Processing company database: company_ry0iwbpw
[2025-08-05T00:38:26.979Z] [DEBUG] Finding reports to execute in company_ry0iwbpw (current time: 2025-08-05T00:38:26.979Z)
[2025-08-05T00:38:27.048Z] [INFO] Found 0 reports to execute in company_ry0iwbpw
[2025-08-05T00:38:27.049Z] [INFO] Scheduled reports check completed
[2025-08-05T00:38:27.051Z] [DEBUG] MongoDB connection closed
[2025-08-05T00:38:36.061Z] [INFO] Checking for scheduled reports...
[2025-08-05T00:38:36.884Z] [DEBUG] Connected to MongoDB
[2025-08-05T00:38:36.964Z] [INFO] Found 1 company databases
[2025-08-05T00:38:36.964Z] [DEBUG] Processing company database: company_ry0iwbpw
[2025-08-05T00:38:37.035Z] [DEBUG] Finding reports to execute in company_ry0iwbpw (current time: 2025-08-05T00:38:37.035Z)
[2025-08-05T00:38:37.106Z] [INFO] Found 0 reports to execute in company_ry0iwbpw
[2025-08-05T00:38:37.107Z] [INFO] Scheduled reports check completed
[2025-08-05T00:38:37.109Z] [DEBUG] MongoDB connection closed
[2025-08-05T00:38:46.061Z] [INFO] Checking for scheduled reports...
[2025-08-05T00:38:46.836Z] [DEBUG] Connected to MongoDB
[2025-08-05T00:38:46.916Z] [INFO] Found 1 company databases
[2025-08-05T00:38:46.917Z] [DEBUG] Processing company database: company_ry0iwbpw
[2025-08-05T00:38:46.991Z] [DEBUG] Finding reports to execute in company_ry0iwbpw (current time: 2025-08-05T00:38:46.991Z)
[2025-08-05T00:38:47.062Z] [INFO] Found 0 reports to execute in company_ry0iwbpw
[2025-08-05T00:38:47.063Z] [INFO] Scheduled reports check completed
[2025-08-05T00:38:47.065Z] [DEBUG] MongoDB connection closed
[2025-08-05T00:38:56.063Z] [INFO] Checking for scheduled reports...
[2025-08-05T00:38:56.844Z] [DEBUG] Connected to MongoDB
[2025-08-05T00:38:56.924Z] [INFO] Found 1 company databases
[2025-08-05T00:38:56.924Z] [DEBUG] Processing company database: company_ry0iwbpw
[2025-08-05T00:38:56.996Z] [DEBUG] Finding reports to execute in company_ry0iwbpw (current time: 2025-08-05T00:38:56.996Z)
[2025-08-05T00:38:57.067Z] [INFO] Found 0 reports to execute in company_ry0iwbpw
[2025-08-05T00:38:57.068Z] [INFO] Scheduled reports check completed
[2025-08-05T00:38:57.070Z] [DEBUG] MongoDB connection closed
[2025-08-05T00:39:06.063Z] [INFO] Checking for scheduled reports...
[2025-08-05T00:39:06.859Z] [DEBUG] Connected to MongoDB
[2025-08-05T00:39:06.938Z] [INFO] Found 1 company databases
[2025-08-05T00:39:06.939Z] [DEBUG] Processing company database: company_ry0iwbpw
[2025-08-05T00:39:07.010Z] [DEBUG] Finding reports to execute in company_ry0iwbpw (current time: 2025-08-05T00:39:07.010Z)
[2025-08-05T00:39:07.081Z] [INFO] Found 0 reports to execute in company_ry0iwbpw
[2025-08-05T00:39:07.082Z] [INFO] Scheduled reports check completed
[2025-08-05T00:39:07.084Z] [DEBUG] MongoDB connection closed
[2025-08-05T00:39:16.065Z] [INFO] Checking for scheduled reports...
[2025-08-05T00:39:16.880Z] [DEBUG] Connected to MongoDB
[2025-08-05T00:39:16.959Z] [INFO] Found 1 company databases
[2025-08-05T00:39:16.959Z] [DEBUG] Processing company database: company_ry0iwbpw
[2025-08-05T00:39:17.032Z] [DEBUG] Finding reports to execute in company_ry0iwbpw (current time: 2025-08-05T00:39:17.032Z)
[2025-08-05T00:39:17.103Z] [INFO] Found 0 reports to execute in company_ry0iwbpw
[2025-08-05T00:39:17.103Z] [INFO] Scheduled reports check completed
[2025-08-05T00:39:17.105Z] [DEBUG] MongoDB connection closed
[2025-08-05T00:39:26.065Z] [INFO] Checking for scheduled reports...
[2025-08-05T00:39:26.853Z] [DEBUG] Connected to MongoDB
[2025-08-05T00:39:26.933Z] [INFO] Found 1 company databases
[2025-08-05T00:39:26.934Z] [DEBUG] Processing company database: company_ry0iwbpw
[2025-08-05T00:39:27.006Z] [DEBUG] Finding reports to execute in company_ry0iwbpw (current time: 2025-08-05T00:39:27.006Z)
[2025-08-05T00:39:27.078Z] [INFO] Found 0 reports to execute in company_ry0iwbpw
[2025-08-05T00:39:27.079Z] [INFO] Scheduled reports check completed
[2025-08-05T00:39:27.081Z] [DEBUG] MongoDB connection closed
[2025-08-05T00:39:36.067Z] [INFO] Checking for scheduled reports...
[2025-08-05T00:39:36.901Z] [DEBUG] Connected to MongoDB
[2025-08-05T00:39:36.982Z] [INFO] Found 1 company databases
[2025-08-05T00:39:36.982Z] [DEBUG] Processing company database: company_ry0iwbpw
[2025-08-05T00:39:37.055Z] [DEBUG] Finding reports to execute in company_ry0iwbpw (current time: 2025-08-05T00:39:37.055Z)
[2025-08-05T00:39:37.129Z] [INFO] Found 0 reports to execute in company_ry0iwbpw
[2025-08-05T00:39:37.130Z] [INFO] Scheduled reports check completed
[2025-08-05T00:39:37.133Z] [DEBUG] MongoDB connection closed
[2025-08-05T00:39:46.069Z] [INFO] Checking for scheduled reports...
[2025-08-05T00:39:46.867Z] [DEBUG] Connected to MongoDB
[2025-08-05T00:39:46.946Z] [INFO] Found 1 company databases
[2025-08-05T00:39:46.947Z] [DEBUG] Processing company database: company_ry0iwbpw
[2025-08-05T00:39:47.019Z] [DEBUG] Finding reports to execute in company_ry0iwbpw (current time: 2025-08-05T00:39:47.019Z)
[2025-08-05T00:39:47.091Z] [INFO] Found 0 reports to execute in company_ry0iwbpw
[2025-08-05T00:39:47.092Z] [INFO] Scheduled reports check completed
[2025-08-05T00:39:47.094Z] [DEBUG] MongoDB connection closed
[2025-08-05T00:39:56.069Z] [INFO] Checking for scheduled reports...
[2025-08-05T00:39:56.837Z] [DEBUG] Connected to MongoDB
[2025-08-05T00:39:56.913Z] [INFO] Found 1 company databases
[2025-08-05T00:39:56.914Z] [DEBUG] Processing company database: company_ry0iwbpw
[2025-08-05T00:39:56.982Z] [DEBUG] Finding reports to execute in company_ry0iwbpw (current time: 2025-08-05T00:39:56.982Z)
[2025-08-05T00:39:57.049Z] [INFO] Found 0 reports to execute in company_ry0iwbpw
[2025-08-05T00:39:57.049Z] [INFO] Scheduled reports check completed
[2025-08-05T00:39:57.051Z] [DEBUG] MongoDB connection closed
[2025-08-05T00:40:06.072Z] [INFO] Checking for scheduled reports...
[2025-08-05T00:40:06.852Z] [DEBUG] Connected to MongoDB
[2025-08-05T00:40:06.930Z] [INFO] Found 1 company databases
[2025-08-05T00:40:06.931Z] [DEBUG] Processing company database: company_ry0iwbpw
[2025-08-05T00:40:07.000Z] [DEBUG] Finding reports to execute in company_ry0iwbpw (current time: 2025-08-05T00:40:07.000Z)
[2025-08-05T00:40:07.068Z] [INFO] Found 0 reports to execute in company_ry0iwbpw
[2025-08-05T00:40:07.069Z] [INFO] Scheduled reports check completed
[2025-08-05T00:40:07.071Z] [DEBUG] MongoDB connection closed
[2025-08-05T00:40:16.073Z] [INFO] Checking for scheduled reports...
[2025-08-05T00:40:16.888Z] [DEBUG] Connected to MongoDB
[2025-08-05T00:40:16.968Z] [INFO] Found 1 company databases
[2025-08-05T00:40:16.969Z] [DEBUG] Processing company database: company_ry0iwbpw
[2025-08-05T00:40:17.041Z] [DEBUG] Finding reports to execute in company_ry0iwbpw (current time: 2025-08-05T00:40:17.041Z)
[2025-08-05T00:40:17.113Z] [INFO] Found 0 reports to execute in company_ry0iwbpw
[2025-08-05T00:40:17.114Z] [INFO] Scheduled reports check completed
[2025-08-05T00:40:17.116Z] [DEBUG] MongoDB connection closed
[2025-08-05T00:40:26.076Z] [INFO] Checking for scheduled reports...
[2025-08-05T00:40:26.862Z] [DEBUG] Connected to MongoDB
[2025-08-05T00:40:26.942Z] [INFO] Found 1 company databases
[2025-08-05T00:40:26.943Z] [DEBUG] Processing company database: company_ry0iwbpw
[2025-08-05T00:40:27.017Z] [DEBUG] Finding reports to execute in company_ry0iwbpw (current time: 2025-08-05T00:40:27.017Z)
[2025-08-05T00:40:27.089Z] [INFO] Found 0 reports to execute in company_ry0iwbpw
[2025-08-05T00:40:27.090Z] [INFO] Scheduled reports check completed
[2025-08-05T00:40:27.091Z] [DEBUG] MongoDB connection closed
[2025-08-05T00:40:36.077Z] [INFO] Checking for scheduled reports...
[2025-08-05T00:40:36.864Z] [DEBUG] Connected to MongoDB
[2025-08-05T00:40:36.942Z] [INFO] Found 1 company databases
[2025-08-05T00:40:36.943Z] [DEBUG] Processing company database: company_ry0iwbpw
[2025-08-05T00:40:37.012Z] [DEBUG] Finding reports to execute in company_ry0iwbpw (current time: 2025-08-05T00:40:37.012Z)
[2025-08-05T00:40:37.079Z] [INFO] Found 0 reports to execute in company_ry0iwbpw
[2025-08-05T00:40:37.079Z] [INFO] Scheduled reports check completed
[2025-08-05T00:40:37.082Z] [DEBUG] MongoDB connection closed
[2025-08-05T00:40:46.077Z] [INFO] Checking for scheduled reports...
[2025-08-05T00:40:46.864Z] [DEBUG] Connected to MongoDB
[2025-08-05T00:40:46.950Z] [INFO] Found 1 company databases
[2025-08-05T00:40:46.951Z] [DEBUG] Processing company database: company_ry0iwbpw
[2025-08-05T00:40:47.019Z] [DEBUG] Finding reports to execute in company_ry0iwbpw (current time: 2025-08-05T00:40:47.019Z)
[2025-08-05T00:40:47.088Z] [INFO] Found 0 reports to execute in company_ry0iwbpw
[2025-08-05T00:40:47.089Z] [INFO] Scheduled reports check completed
[2025-08-05T00:40:47.091Z] [DEBUG] MongoDB connection closed
[2025-08-05T00:40:56.077Z] [INFO] Checking for scheduled reports...
[2025-08-05T00:40:56.856Z] [DEBUG] Connected to MongoDB
[2025-08-05T00:40:56.935Z] [INFO] Found 1 company databases
[2025-08-05T00:40:56.936Z] [DEBUG] Processing company database: company_ry0iwbpw
[2025-08-05T00:40:57.007Z] [DEBUG] Finding reports to execute in company_ry0iwbpw (current time: 2025-08-05T00:40:57.007Z)
[2025-08-05T00:40:57.078Z] [INFO] Found 0 reports to execute in company_ry0iwbpw
[2025-08-05T00:40:57.079Z] [INFO] Scheduled reports check completed
[2025-08-05T00:40:57.080Z] [DEBUG] MongoDB connection closed
[2025-08-05T00:41:06.078Z] [INFO] Checking for scheduled reports...
[2025-08-05T00:41:06.869Z] [DEBUG] Connected to MongoDB
[2025-08-05T00:41:06.949Z] [INFO] Found 1 company databases
[2025-08-05T00:41:06.949Z] [DEBUG] Processing company database: company_ry0iwbpw
[2025-08-05T00:41:07.023Z] [DEBUG] Finding reports to execute in company_ry0iwbpw (current time: 2025-08-05T00:41:07.023Z)
[2025-08-05T00:41:07.095Z] [INFO] Found 0 reports to execute in company_ry0iwbpw
[2025-08-05T00:41:07.096Z] [INFO] Scheduled reports check completed
[2025-08-05T00:41:07.098Z] [DEBUG] MongoDB connection closed
[2025-08-05T00:41:16.078Z] [INFO] Checking for scheduled reports...
[2025-08-05T00:41:16.885Z] [DEBUG] Connected to MongoDB
[2025-08-05T00:41:16.964Z] [INFO] Found 1 company databases
[2025-08-05T00:41:16.964Z] [DEBUG] Processing company database: company_ry0iwbpw
[2025-08-05T00:41:17.036Z] [DEBUG] Finding reports to execute in company_ry0iwbpw (current time: 2025-08-05T00:41:17.036Z)
[2025-08-05T00:41:17.107Z] [INFO] Found 0 reports to execute in company_ry0iwbpw
[2025-08-05T00:41:17.108Z] [INFO] Scheduled reports check completed
[2025-08-05T00:41:17.110Z] [DEBUG] MongoDB connection closed
[2025-08-05T00:41:26.078Z] [INFO] Checking for scheduled reports...
[2025-08-05T00:41:26.873Z] [DEBUG] Connected to MongoDB
[2025-08-05T00:41:26.951Z] [INFO] Found 1 company databases
[2025-08-05T00:41:26.952Z] [DEBUG] Processing company database: company_ry0iwbpw
[2025-08-05T00:41:27.025Z] [DEBUG] Finding reports to execute in company_ry0iwbpw (current time: 2025-08-05T00:41:27.025Z)
[2025-08-05T00:41:27.096Z] [INFO] Found 0 reports to execute in company_ry0iwbpw
[2025-08-05T00:41:27.097Z] [INFO] Scheduled reports check completed
[2025-08-05T00:41:27.099Z] [DEBUG] MongoDB connection closed
[2025-08-05T00:41:36.080Z] [INFO] Checking for scheduled reports...
[2025-08-05T00:41:36.878Z] [DEBUG] Connected to MongoDB
[2025-08-05T00:41:36.958Z] [INFO] Found 1 company databases
[2025-08-05T00:41:36.959Z] [DEBUG] Processing company database: company_ry0iwbpw
[2025-08-05T00:41:37.032Z] [DEBUG] Finding reports to execute in company_ry0iwbpw (current time: 2025-08-05T00:41:37.032Z)
[2025-08-05T00:41:37.104Z] [INFO] Found 0 reports to execute in company_ry0iwbpw
[2025-08-05T00:41:37.105Z] [INFO] Scheduled reports check completed
[2025-08-05T00:41:37.107Z] [DEBUG] MongoDB connection closed
[2025-08-05T00:41:46.081Z] [INFO] Checking for scheduled reports...
[2025-08-05T00:41:46.877Z] [DEBUG] Connected to MongoDB
[2025-08-05T00:41:46.953Z] [INFO] Found 1 company databases
[2025-08-05T00:41:46.953Z] [DEBUG] Processing company database: company_ry0iwbpw
[2025-08-05T00:41:47.021Z] [DEBUG] Finding reports to execute in company_ry0iwbpw (current time: 2025-08-05T00:41:47.021Z)
[2025-08-05T00:41:47.089Z] [INFO] Found 0 reports to execute in company_ry0iwbpw
[2025-08-05T00:41:47.090Z] [INFO] Scheduled reports check completed
[2025-08-05T00:41:47.092Z] [DEBUG] MongoDB connection closed
[2025-08-05T00:41:56.081Z] [INFO] Checking for scheduled reports...
[2025-08-05T00:41:56.855Z] [DEBUG] Connected to MongoDB
[2025-08-05T00:41:56.930Z] [INFO] Found 1 company databases
[2025-08-05T00:41:56.931Z] [DEBUG] Processing company database: company_ry0iwbpw
[2025-08-05T00:41:56.998Z] [DEBUG] Finding reports to execute in company_ry0iwbpw (current time: 2025-08-05T00:41:56.998Z)
[2025-08-05T00:41:57.065Z] [INFO] Found 0 reports to execute in company_ry0iwbpw
[2025-08-05T00:41:57.066Z] [INFO] Scheduled reports check completed
[2025-08-05T00:41:57.067Z] [DEBUG] MongoDB connection closed
[2025-08-05T00:42:06.084Z] [INFO] Checking for scheduled reports...
[2025-08-05T00:42:06.842Z] [DEBUG] Connected to MongoDB
[2025-08-05T00:42:06.919Z] [INFO] Found 1 company databases
[2025-08-05T00:42:06.919Z] [DEBUG] Processing company database: company_ry0iwbpw
[2025-08-05T00:42:06.988Z] [DEBUG] Finding reports to execute in company_ry0iwbpw (current time: 2025-08-05T00:42:06.988Z)
[2025-08-05T00:42:07.058Z] [INFO] Found 0 reports to execute in company_ry0iwbpw
[2025-08-05T00:42:07.059Z] [INFO] Scheduled reports check completed
[2025-08-05T00:42:07.061Z] [DEBUG] MongoDB connection closed
[2025-08-05T00:42:16.085Z] [INFO] Checking for scheduled reports...
[2025-08-05T00:42:16.875Z] [DEBUG] Connected to MongoDB
[2025-08-05T00:42:16.953Z] [INFO] Found 1 company databases
[2025-08-05T00:42:16.953Z] [DEBUG] Processing company database: company_ry0iwbpw
[2025-08-05T00:42:17.025Z] [DEBUG] Finding reports to execute in company_ry0iwbpw (current time: 2025-08-05T00:42:17.025Z)
[2025-08-05T00:42:17.096Z] [INFO] Found 0 reports to execute in company_ry0iwbpw
[2025-08-05T00:42:17.096Z] [INFO] Scheduled reports check completed
[2025-08-05T00:42:17.099Z] [DEBUG] MongoDB connection closed
[2025-08-05T00:42:26.087Z] [INFO] Checking for scheduled reports...
[2025-08-05T00:42:26.910Z] [DEBUG] Connected to MongoDB
[2025-08-05T00:42:26.986Z] [INFO] Found 1 company databases
[2025-08-05T00:42:26.987Z] [DEBUG] Processing company database: company_ry0iwbpw
[2025-08-05T00:42:27.056Z] [DEBUG] Finding reports to execute in company_ry0iwbpw (current time: 2025-08-05T00:42:27.056Z)
[2025-08-05T00:42:27.124Z] [INFO] Found 0 reports to execute in company_ry0iwbpw
[2025-08-05T00:42:27.124Z] [INFO] Scheduled reports check completed
[2025-08-05T00:42:27.126Z] [DEBUG] MongoDB connection closed
[2025-08-05T00:42:36.087Z] [INFO] Checking for scheduled reports...
[2025-08-05T00:42:36.870Z] [DEBUG] Connected to MongoDB
[2025-08-05T00:42:36.951Z] [INFO] Found 1 company databases
[2025-08-05T00:42:36.951Z] [DEBUG] Processing company database: company_ry0iwbpw
[2025-08-05T00:42:37.024Z] [DEBUG] Finding reports to execute in company_ry0iwbpw (current time: 2025-08-05T00:42:37.023Z)
[2025-08-05T00:42:37.095Z] [INFO] Found 0 reports to execute in company_ry0iwbpw
[2025-08-05T00:42:37.096Z] [INFO] Scheduled reports check completed
[2025-08-05T00:42:37.098Z] [DEBUG] MongoDB connection closed
[2025-08-05T00:42:46.089Z] [INFO] Checking for scheduled reports...
[2025-08-05T00:42:46.847Z] [DEBUG] Connected to MongoDB
[2025-08-05T00:42:46.921Z] [INFO] Found 1 company databases
[2025-08-05T00:42:46.922Z] [DEBUG] Processing company database: company_ry0iwbpw
[2025-08-05T00:42:46.989Z] [DEBUG] Finding reports to execute in company_ry0iwbpw (current time: 2025-08-05T00:42:46.989Z)
[2025-08-05T00:42:47.056Z] [INFO] Found 0 reports to execute in company_ry0iwbpw
[2025-08-05T00:42:47.057Z] [INFO] Scheduled reports check completed
[2025-08-05T00:42:47.059Z] [DEBUG] MongoDB connection closed
[2025-08-05T00:42:56.091Z] [INFO] Checking for scheduled reports...
[2025-08-05T00:42:56.840Z] [DEBUG] Connected to MongoDB
[2025-08-05T00:42:56.916Z] [INFO] Found 1 company databases
[2025-08-05T00:42:56.917Z] [DEBUG] Processing company database: company_ry0iwbpw
[2025-08-05T00:42:56.984Z] [DEBUG] Finding reports to execute in company_ry0iwbpw (current time: 2025-08-05T00:42:56.984Z)
[2025-08-05T00:42:57.051Z] [INFO] Found 0 reports to execute in company_ry0iwbpw
[2025-08-05T00:42:57.052Z] [INFO] Scheduled reports check completed
[2025-08-05T00:42:57.054Z] [DEBUG] MongoDB connection closed
[2025-08-05T00:43:06.093Z] [INFO] Checking for scheduled reports...
[2025-08-05T00:43:06.859Z] [DEBUG] Connected to MongoDB
[2025-08-05T00:43:06.936Z] [INFO] Found 1 company databases
[2025-08-05T00:43:06.936Z] [DEBUG] Processing company database: company_ry0iwbpw
[2025-08-05T00:43:07.006Z] [DEBUG] Finding reports to execute in company_ry0iwbpw (current time: 2025-08-05T00:43:07.006Z)
[2025-08-05T00:43:07.075Z] [INFO] Found 0 reports to execute in company_ry0iwbpw
[2025-08-05T00:43:07.076Z] [INFO] Scheduled reports check completed
[2025-08-05T00:43:07.078Z] [DEBUG] MongoDB connection closed
[2025-08-05T00:43:16.093Z] [INFO] Checking for scheduled reports...
[2025-08-05T00:43:16.844Z] [DEBUG] Connected to MongoDB
[2025-08-05T00:43:16.920Z] [INFO] Found 1 company databases
[2025-08-05T00:43:16.921Z] [DEBUG] Processing company database: company_ry0iwbpw
[2025-08-05T00:43:16.989Z] [DEBUG] Finding reports to execute in company_ry0iwbpw (current time: 2025-08-05T00:43:16.989Z)
[2025-08-05T00:43:17.057Z] [INFO] Found 0 reports to execute in company_ry0iwbpw
[2025-08-05T00:43:17.057Z] [INFO] Scheduled reports check completed
[2025-08-05T00:43:17.059Z] [DEBUG] MongoDB connection closed
[2025-08-05T00:43:26.093Z] [INFO] Checking for scheduled reports...
[2025-08-05T00:43:26.880Z] [DEBUG] Connected to MongoDB
[2025-08-05T00:43:26.956Z] [INFO] Found 1 company databases
[2025-08-05T00:43:26.957Z] [DEBUG] Processing company database: company_ry0iwbpw
[2025-08-05T00:43:27.026Z] [DEBUG] Finding reports to execute in company_ry0iwbpw (current time: 2025-08-05T00:43:27.026Z)
[2025-08-05T00:43:27.094Z] [INFO] Found 0 reports to execute in company_ry0iwbpw
[2025-08-05T00:43:27.095Z] [INFO] Scheduled reports check completed
[2025-08-05T00:43:27.097Z] [DEBUG] MongoDB connection closed
[2025-08-05T00:43:36.093Z] [INFO] Checking for scheduled reports...
[2025-08-05T00:43:36.871Z] [DEBUG] Connected to MongoDB
[2025-08-05T00:43:36.950Z] [INFO] Found 1 company databases
[2025-08-05T00:43:36.951Z] [DEBUG] Processing company database: company_ry0iwbpw
[2025-08-05T00:43:37.023Z] [DEBUG] Finding reports to execute in company_ry0iwbpw (current time: 2025-08-05T00:43:37.023Z)
[2025-08-05T00:43:37.094Z] [INFO] Found 0 reports to execute in company_ry0iwbpw
[2025-08-05T00:43:37.094Z] [INFO] Scheduled reports check completed
[2025-08-05T00:43:37.097Z] [DEBUG] MongoDB connection closed
[2025-08-05T00:43:46.093Z] [INFO] Checking for scheduled reports...
[2025-08-05T00:43:46.862Z] [DEBUG] Connected to MongoDB
[2025-08-05T00:43:46.938Z] [INFO] Found 1 company databases
[2025-08-05T00:43:46.938Z] [DEBUG] Processing company database: company_ry0iwbpw
[2025-08-05T00:43:47.006Z] [DEBUG] Finding reports to execute in company_ry0iwbpw (current time: 2025-08-05T00:43:47.006Z)
[2025-08-05T00:43:47.074Z] [INFO] Found 0 reports to execute in company_ry0iwbpw
[2025-08-05T00:43:47.074Z] [INFO] Scheduled reports check completed
[2025-08-05T00:43:47.077Z] [DEBUG] MongoDB connection closed
[2025-08-05T00:43:56.093Z] [INFO] Checking for scheduled reports...
[2025-08-05T00:43:56.862Z] [DEBUG] Connected to MongoDB
[2025-08-05T00:43:56.938Z] [INFO] Found 1 company databases
[2025-08-05T00:43:56.939Z] [DEBUG] Processing company database: company_ry0iwbpw
[2025-08-05T00:43:57.006Z] [DEBUG] Finding reports to execute in company_ry0iwbpw (current time: 2025-08-05T00:43:57.005Z)
[2025-08-05T00:43:57.073Z] [INFO] Found 0 reports to execute in company_ry0iwbpw
[2025-08-05T00:43:57.073Z] [INFO] Scheduled reports check completed
[2025-08-05T00:43:57.075Z] [DEBUG] MongoDB connection closed
[2025-08-05T00:44:06.093Z] [INFO] Checking for scheduled reports...
[2025-08-05T00:44:06.860Z] [DEBUG] Connected to MongoDB
[2025-08-05T00:44:06.937Z] [INFO] Found 1 company databases
[2025-08-05T00:44:06.938Z] [DEBUG] Processing company database: company_ry0iwbpw
[2025-08-05T00:44:07.007Z] [DEBUG] Finding reports to execute in company_ry0iwbpw (current time: 2025-08-05T00:44:07.007Z)
[2025-08-05T00:44:07.075Z] [INFO] Found 0 reports to execute in company_ry0iwbpw
[2025-08-05T00:44:07.076Z] [INFO] Scheduled reports check completed
[2025-08-05T00:44:07.078Z] [DEBUG] MongoDB connection closed
[2025-08-05T00:44:16.093Z] [INFO] Checking for scheduled reports...
[2025-08-05T00:44:16.859Z] [DEBUG] Connected to MongoDB
[2025-08-05T00:44:16.935Z] [INFO] Found 1 company databases
[2025-08-05T00:44:16.936Z] [DEBUG] Processing company database: company_ry0iwbpw
[2025-08-05T00:44:17.005Z] [DEBUG] Finding reports to execute in company_ry0iwbpw (current time: 2025-08-05T00:44:17.005Z)
[2025-08-05T00:44:17.073Z] [INFO] Found 0 reports to execute in company_ry0iwbpw
[2025-08-05T00:44:17.074Z] [INFO] Scheduled reports check completed
[2025-08-05T00:44:17.076Z] [DEBUG] MongoDB connection closed
[2025-08-05T00:44:26.095Z] [INFO] Checking for scheduled reports...
[2025-08-05T00:44:26.930Z] [DEBUG] Connected to MongoDB
[2025-08-05T00:44:27.012Z] [INFO] Found 1 company databases
[2025-08-05T00:44:27.013Z] [DEBUG] Processing company database: company_ry0iwbpw
[2025-08-05T00:44:27.086Z] [DEBUG] Finding reports to execute in company_ry0iwbpw (current time: 2025-08-05T00:44:27.086Z)
[2025-08-05T00:44:27.158Z] [INFO] Found 0 reports to execute in company_ry0iwbpw
[2025-08-05T00:44:27.158Z] [INFO] Scheduled reports check completed
[2025-08-05T00:44:27.162Z] [DEBUG] MongoDB connection closed
[2025-08-05T00:44:36.097Z] [INFO] Checking for scheduled reports...
[2025-08-05T00:44:36.873Z] [DEBUG] Connected to MongoDB
[2025-08-05T00:44:36.950Z] [INFO] Found 1 company databases
[2025-08-05T00:44:36.950Z] [DEBUG] Processing company database: company_ry0iwbpw
[2025-08-05T00:44:37.019Z] [DEBUG] Finding reports to execute in company_ry0iwbpw (current time: 2025-08-05T00:44:37.019Z)
[2025-08-05T00:44:37.087Z] [INFO] Found 0 reports to execute in company_ry0iwbpw
[2025-08-05T00:44:37.087Z] [INFO] Scheduled reports check completed
[2025-08-05T00:44:37.089Z] [DEBUG] MongoDB connection closed
[2025-08-05T00:44:46.099Z] [INFO] Checking for scheduled reports...
[2025-08-05T00:44:46.859Z] [DEBUG] Connected to MongoDB
[2025-08-05T00:44:46.935Z] [INFO] Found 1 company databases
[2025-08-05T00:44:46.936Z] [DEBUG] Processing company database: company_ry0iwbpw
[2025-08-05T00:44:47.003Z] [DEBUG] Finding reports to execute in company_ry0iwbpw (current time: 2025-08-05T00:44:47.003Z)
[2025-08-05T00:44:47.070Z] [INFO] Found 0 reports to execute in company_ry0iwbpw
[2025-08-05T00:44:47.070Z] [INFO] Scheduled reports check completed
[2025-08-05T00:44:47.072Z] [DEBUG] MongoDB connection closed
[2025-08-05T00:44:56.101Z] [INFO] Checking for scheduled reports...
[2025-08-05T00:44:56.919Z] [DEBUG] Connected to MongoDB
[2025-08-05T00:44:56.999Z] [INFO] Found 1 company databases
[2025-08-05T00:44:56.999Z] [DEBUG] Processing company database: company_ry0iwbpw
[2025-08-05T00:44:57.072Z] [DEBUG] Finding reports to execute in company_ry0iwbpw (current time: 2025-08-05T00:44:57.072Z)
[2025-08-05T00:44:57.143Z] [INFO] Found 0 reports to execute in company_ry0iwbpw
[2025-08-05T00:44:57.144Z] [INFO] Scheduled reports check completed
[2025-08-05T00:44:57.146Z] [DEBUG] MongoDB connection closed
[2025-08-05T00:45:06.103Z] [INFO] Checking for scheduled reports...
[2025-08-05T00:45:06.935Z] [DEBUG] Connected to MongoDB
[2025-08-05T00:45:07.015Z] [INFO] Found 1 company databases
[2025-08-05T00:45:07.015Z] [DEBUG] Processing company database: company_ry0iwbpw
[2025-08-05T00:45:07.089Z] [DEBUG] Finding reports to execute in company_ry0iwbpw (current time: 2025-08-05T00:45:07.089Z)
[2025-08-05T00:45:07.161Z] [INFO] Found 0 reports to execute in company_ry0iwbpw
[2025-08-05T00:45:07.162Z] [INFO] Scheduled reports check completed
[2025-08-05T00:45:07.165Z] [DEBUG] MongoDB connection closed
[2025-08-05T00:45:16.104Z] [INFO] Checking for scheduled reports...
[2025-08-05T00:45:16.877Z] [DEBUG] Connected to MongoDB
[2025-08-05T00:45:16.957Z] [INFO] Found 1 company databases
[2025-08-05T00:45:16.957Z] [DEBUG] Processing company database: company_ry0iwbpw
[2025-08-05T00:45:17.029Z] [DEBUG] Finding reports to execute in company_ry0iwbpw (current time: 2025-08-05T00:45:17.029Z)
[2025-08-05T00:45:17.110Z] [INFO] Found 0 reports to execute in company_ry0iwbpw
[2025-08-05T00:45:17.111Z] [INFO] Scheduled reports check completed
[2025-08-05T00:45:17.113Z] [DEBUG] MongoDB connection closed
[2025-08-05T00:45:26.105Z] [INFO] Checking for scheduled reports...
[2025-08-05T00:45:26.894Z] [DEBUG] Connected to MongoDB
[2025-08-05T00:45:26.970Z] [INFO] Found 1 company databases
[2025-08-05T00:45:26.970Z] [DEBUG] Processing company database: company_ry0iwbpw
[2025-08-05T00:45:27.040Z] [DEBUG] Finding reports to execute in company_ry0iwbpw (current time: 2025-08-05T00:45:27.040Z)
[2025-08-05T00:45:27.108Z] [INFO] Found 0 reports to execute in company_ry0iwbpw
[2025-08-05T00:45:27.108Z] [INFO] Scheduled reports check completed
[2025-08-05T00:45:27.110Z] [DEBUG] MongoDB connection closed
[2025-08-05T00:45:36.105Z] [INFO] Checking for scheduled reports...
[2025-08-05T00:45:36.903Z] [DEBUG] Connected to MongoDB
[2025-08-05T00:45:36.982Z] [INFO] Found 1 company databases
[2025-08-05T00:45:36.983Z] [DEBUG] Processing company database: company_ry0iwbpw
[2025-08-05T00:45:37.054Z] [DEBUG] Finding reports to execute in company_ry0iwbpw (current time: 2025-08-05T00:45:37.054Z)
[2025-08-05T00:45:37.125Z] [INFO] Found 0 reports to execute in company_ry0iwbpw
[2025-08-05T00:45:37.125Z] [INFO] Scheduled reports check completed
[2025-08-05T00:45:37.127Z] [DEBUG] MongoDB connection closed
[2025-08-05T00:45:46.108Z] [INFO] Checking for scheduled reports...
[2025-08-05T00:45:46.873Z] [DEBUG] Connected to MongoDB
[2025-08-05T00:45:46.948Z] [INFO] Found 1 company databases
[2025-08-05T00:45:46.949Z] [DEBUG] Processing company database: company_ry0iwbpw
[2025-08-05T00:45:47.016Z] [DEBUG] Finding reports to execute in company_ry0iwbpw (current time: 2025-08-05T00:45:47.016Z)
[2025-08-05T00:45:47.085Z] [INFO] Found 0 reports to execute in company_ry0iwbpw
[2025-08-05T00:45:47.086Z] [INFO] Scheduled reports check completed
[2025-08-05T00:45:47.088Z] [DEBUG] MongoDB connection closed
[2025-08-05T00:45:56.110Z] [INFO] Checking for scheduled reports...
[2025-08-05T00:45:56.909Z] [DEBUG] Connected to MongoDB
[2025-08-05T00:45:56.989Z] [INFO] Found 1 company databases
[2025-08-05T00:45:56.990Z] [DEBUG] Processing company database: company_ry0iwbpw
[2025-08-05T00:45:57.061Z] [DEBUG] Finding reports to execute in company_ry0iwbpw (current time: 2025-08-05T00:45:57.061Z)
[2025-08-05T00:45:57.131Z] [INFO] Found 0 reports to execute in company_ry0iwbpw
[2025-08-05T00:45:57.132Z] [INFO] Scheduled reports check completed
[2025-08-05T00:45:57.134Z] [DEBUG] MongoDB connection closed
[2025-08-05T00:46:06.113Z] [INFO] Checking for scheduled reports...
[2025-08-05T00:46:06.885Z] [DEBUG] Connected to MongoDB
[2025-08-05T00:46:06.960Z] [INFO] Found 1 company databases
[2025-08-05T00:46:06.960Z] [DEBUG] Processing company database: company_ry0iwbpw
[2025-08-05T00:46:07.027Z] [DEBUG] Finding reports to execute in company_ry0iwbpw (current time: 2025-08-05T00:46:07.027Z)
[2025-08-05T00:46:07.094Z] [INFO] Found 0 reports to execute in company_ry0iwbpw
[2025-08-05T00:46:07.095Z] [INFO] Scheduled reports check completed
[2025-08-05T00:46:07.096Z] [DEBUG] MongoDB connection closed
[2025-08-05T00:46:16.114Z] [INFO] Checking for scheduled reports...
[2025-08-05T00:46:16.940Z] [DEBUG] Connected to MongoDB
[2025-08-05T00:46:17.017Z] [INFO] Found 1 company databases
[2025-08-05T00:46:17.018Z] [DEBUG] Processing company database: company_ry0iwbpw
[2025-08-05T00:46:17.086Z] [DEBUG] Finding reports to execute in company_ry0iwbpw (current time: 2025-08-05T00:46:17.086Z)
[2025-08-05T00:46:17.154Z] [INFO] Found 0 reports to execute in company_ry0iwbpw
[2025-08-05T00:46:17.154Z] [INFO] Scheduled reports check completed
[2025-08-05T00:46:17.156Z] [DEBUG] MongoDB connection closed
[2025-08-05T00:46:26.115Z] [INFO] Checking for scheduled reports...
[2025-08-05T00:46:26.884Z] [DEBUG] Connected to MongoDB
[2025-08-05T00:46:26.960Z] [INFO] Found 1 company databases
[2025-08-05T00:46:26.961Z] [DEBUG] Processing company database: company_ry0iwbpw
[2025-08-05T00:46:27.029Z] [DEBUG] Finding reports to execute in company_ry0iwbpw (current time: 2025-08-05T00:46:27.029Z)
[2025-08-05T00:46:27.096Z] [INFO] Found 0 reports to execute in company_ry0iwbpw
[2025-08-05T00:46:27.097Z] [INFO] Scheduled reports check completed
[2025-08-05T00:46:27.099Z] [DEBUG] MongoDB connection closed
[2025-08-05T00:46:36.116Z] [INFO] Checking for scheduled reports...
[2025-08-05T00:46:36.928Z] [DEBUG] Connected to MongoDB
[2025-08-05T00:46:37.007Z] [INFO] Found 1 company databases
[2025-08-05T00:46:37.008Z] [DEBUG] Processing company database: company_ry0iwbpw
[2025-08-05T00:46:37.079Z] [DEBUG] Finding reports to execute in company_ry0iwbpw (current time: 2025-08-05T00:46:37.079Z)
[2025-08-05T00:46:37.150Z] [INFO] Found 0 reports to execute in company_ry0iwbpw
[2025-08-05T00:46:37.150Z] [INFO] Scheduled reports check completed
[2025-08-05T00:46:37.152Z] [DEBUG] MongoDB connection closed
[2025-08-05T00:46:46.118Z] [INFO] Checking for scheduled reports...
[2025-08-05T00:46:46.930Z] [DEBUG] Connected to MongoDB
[2025-08-05T00:46:47.011Z] [INFO] Found 1 company databases
[2025-08-05T00:46:47.012Z] [DEBUG] Processing company database: company_ry0iwbpw
[2025-08-05T00:46:47.085Z] [DEBUG] Finding reports to execute in company_ry0iwbpw (current time: 2025-08-05T00:46:47.085Z)
[2025-08-05T00:46:47.158Z] [INFO] Found 0 reports to execute in company_ry0iwbpw
[2025-08-05T00:46:47.159Z] [INFO] Scheduled reports check completed
[2025-08-05T00:46:47.161Z] [DEBUG] MongoDB connection closed
[2025-08-05T00:46:56.120Z] [INFO] Checking for scheduled reports...
[2025-08-05T00:46:56.962Z] [DEBUG] Connected to MongoDB
[2025-08-05T00:46:57.039Z] [INFO] Found 1 company databases
[2025-08-05T00:46:57.039Z] [DEBUG] Processing company database: company_ry0iwbpw
[2025-08-05T00:46:57.108Z] [DEBUG] Finding reports to execute in company_ry0iwbpw (current time: 2025-08-05T00:46:57.108Z)
[2025-08-05T00:46:57.176Z] [INFO] Found 0 reports to execute in company_ry0iwbpw
[2025-08-05T00:46:57.177Z] [INFO] Scheduled reports check completed
[2025-08-05T00:46:57.179Z] [DEBUG] MongoDB connection closed
[2025-08-05T00:47:06.121Z] [INFO] Checking for scheduled reports...
[2025-08-05T00:47:06.919Z] [DEBUG] Connected to MongoDB
[2025-08-05T00:47:07.000Z] [INFO] Found 1 company databases
[2025-08-05T00:47:07.001Z] [DEBUG] Processing company database: company_ry0iwbpw
[2025-08-05T00:47:07.074Z] [DEBUG] Finding reports to execute in company_ry0iwbpw (current time: 2025-08-05T00:47:07.074Z)
[2025-08-05T00:47:07.147Z] [INFO] Found 0 reports to execute in company_ry0iwbpw
[2025-08-05T00:47:07.147Z] [INFO] Scheduled reports check completed
[2025-08-05T00:47:07.149Z] [DEBUG] MongoDB connection closed
[2025-08-05T00:47:16.122Z] [INFO] Checking for scheduled reports...
[2025-08-05T00:47:16.896Z] [DEBUG] Connected to MongoDB
[2025-08-05T00:47:16.973Z] [INFO] Found 1 company databases
[2025-08-05T00:47:16.974Z] [DEBUG] Processing company database: company_ry0iwbpw
[2025-08-05T00:47:17.042Z] [DEBUG] Finding reports to execute in company_ry0iwbpw (current time: 2025-08-05T00:47:17.042Z)
[2025-08-05T00:47:17.110Z] [INFO] Found 0 reports to execute in company_ry0iwbpw
[2025-08-05T00:47:17.111Z] [INFO] Scheduled reports check completed
[2025-08-05T00:47:17.113Z] [DEBUG] MongoDB connection closed
[2025-08-05T00:47:26.124Z] [INFO] Checking for scheduled reports...
[2025-08-05T00:47:26.913Z] [DEBUG] Connected to MongoDB
[2025-08-05T00:47:26.995Z] [INFO] Found 1 company databases
[2025-08-05T00:47:26.996Z] [DEBUG] Processing company database: company_ry0iwbpw
[2025-08-05T00:47:27.064Z] [DEBUG] Finding reports to execute in company_ry0iwbpw (current time: 2025-08-05T00:47:27.064Z)
[2025-08-05T00:47:27.131Z] [INFO] Found 0 reports to execute in company_ry0iwbpw
[2025-08-05T00:47:27.131Z] [INFO] Scheduled reports check completed
[2025-08-05T00:47:27.134Z] [DEBUG] MongoDB connection closed
[2025-08-05T00:47:36.126Z] [INFO] Checking for scheduled reports...
[2025-08-05T00:47:36.916Z] [DEBUG] Connected to MongoDB
[2025-08-05T00:47:36.995Z] [INFO] Found 1 company databases
[2025-08-05T00:47:36.995Z] [DEBUG] Processing company database: company_ry0iwbpw
[2025-08-05T00:47:37.066Z] [DEBUG] Finding reports to execute in company_ry0iwbpw (current time: 2025-08-05T00:47:37.066Z)
[2025-08-05T00:47:37.137Z] [INFO] Found 0 reports to execute in company_ry0iwbpw
[2025-08-05T00:47:37.138Z] [INFO] Scheduled reports check completed
[2025-08-05T00:47:37.140Z] [DEBUG] MongoDB connection closed
[2025-08-05T00:47:46.126Z] [INFO] Checking for scheduled reports...
[2025-08-05T00:47:46.940Z] [DEBUG] Connected to MongoDB
[2025-08-05T00:47:47.025Z] [INFO] Found 1 company databases
[2025-08-05T00:47:47.026Z] [DEBUG] Processing company database: company_ry0iwbpw
[2025-08-05T00:47:47.099Z] [DEBUG] Finding reports to execute in company_ry0iwbpw (current time: 2025-08-05T00:47:47.099Z)
[2025-08-05T00:47:47.172Z] [INFO] Found 0 reports to execute in company_ry0iwbpw
[2025-08-05T00:47:47.172Z] [INFO] Scheduled reports check completed
[2025-08-05T00:47:47.174Z] [DEBUG] MongoDB connection closed
[2025-08-05T00:47:56.128Z] [INFO] Checking for scheduled reports...
[2025-08-05T00:47:56.968Z] [DEBUG] Connected to MongoDB
[2025-08-05T00:47:57.050Z] [INFO] Found 1 company databases
[2025-08-05T00:47:57.051Z] [DEBUG] Processing company database: company_ry0iwbpw
[2025-08-05T00:47:57.124Z] [DEBUG] Finding reports to execute in company_ry0iwbpw (current time: 2025-08-05T00:47:57.124Z)
[2025-08-05T00:47:57.196Z] [INFO] Found 0 reports to execute in company_ry0iwbpw
[2025-08-05T00:47:57.197Z] [INFO] Scheduled reports check completed
[2025-08-05T00:47:57.199Z] [DEBUG] MongoDB connection closed
[2025-08-05T00:48:06.129Z] [INFO] Checking for scheduled reports...
[2025-08-05T00:48:06.895Z] [DEBUG] Connected to MongoDB
[2025-08-05T00:48:06.972Z] [INFO] Found 1 company databases
[2025-08-05T00:48:06.973Z] [DEBUG] Processing company database: company_ry0iwbpw
[2025-08-05T00:48:07.042Z] [DEBUG] Finding reports to execute in company_ry0iwbpw (current time: 2025-08-05T00:48:07.042Z)
[2025-08-05T00:48:07.110Z] [INFO] Found 0 reports to execute in company_ry0iwbpw
[2025-08-05T00:48:07.110Z] [INFO] Scheduled reports check completed
[2025-08-05T00:48:07.112Z] [DEBUG] MongoDB connection closed
[2025-08-05T00:48:16.131Z] [INFO] Checking for scheduled reports...
[2025-08-05T00:48:16.953Z] [DEBUG] Connected to MongoDB
[2025-08-05T00:48:17.034Z] [INFO] Found 1 company databases
[2025-08-05T00:48:17.034Z] [DEBUG] Processing company database: company_ry0iwbpw
[2025-08-05T00:48:17.108Z] [DEBUG] Finding reports to execute in company_ry0iwbpw (current time: 2025-08-05T00:48:17.108Z)
[2025-08-05T00:48:17.180Z] [INFO] Found 0 reports to execute in company_ry0iwbpw
[2025-08-05T00:48:17.180Z] [INFO] Scheduled reports check completed
[2025-08-05T00:48:17.182Z] [DEBUG] MongoDB connection closed
[2025-08-05T00:48:26.132Z] [INFO] Checking for scheduled reports...
[2025-08-05T00:48:26.918Z] [DEBUG] Connected to MongoDB
[2025-08-05T00:48:26.994Z] [INFO] Found 1 company databases
[2025-08-05T00:48:26.995Z] [DEBUG] Processing company database: company_ry0iwbpw
[2025-08-05T00:48:27.063Z] [DEBUG] Finding reports to execute in company_ry0iwbpw (current time: 2025-08-05T00:48:27.063Z)
[2025-08-05T00:48:27.131Z] [INFO] Found 0 reports to execute in company_ry0iwbpw
[2025-08-05T00:48:27.132Z] [INFO] Scheduled reports check completed
[2025-08-05T00:48:27.134Z] [DEBUG] MongoDB connection closed
[2025-08-05T00:48:36.135Z] [INFO] Checking for scheduled reports...
[2025-08-05T00:48:36.904Z] [DEBUG] Connected to MongoDB
[2025-08-05T00:48:36.980Z] [INFO] Found 1 company databases
[2025-08-05T00:48:36.981Z] [DEBUG] Processing company database: company_ry0iwbpw
[2025-08-05T00:48:37.048Z] [DEBUG] Finding reports to execute in company_ry0iwbpw (current time: 2025-08-05T00:48:37.048Z)
[2025-08-05T00:48:37.115Z] [INFO] Found 0 reports to execute in company_ry0iwbpw
[2025-08-05T00:48:37.116Z] [INFO] Scheduled reports check completed
[2025-08-05T00:48:37.118Z] [DEBUG] MongoDB connection closed
[2025-08-05T00:48:46.136Z] [INFO] Checking for scheduled reports...
[2025-08-05T00:48:46.930Z] [DEBUG] Connected to MongoDB
[2025-08-05T00:48:47.006Z] [INFO] Found 1 company databases
[2025-08-05T00:48:47.006Z] [DEBUG] Processing company database: company_ry0iwbpw
[2025-08-05T00:48:47.077Z] [DEBUG] Finding reports to execute in company_ry0iwbpw (current time: 2025-08-05T00:48:47.077Z)
[2025-08-05T00:48:47.145Z] [INFO] Found 0 reports to execute in company_ry0iwbpw
[2025-08-05T00:48:47.146Z] [INFO] Scheduled reports check completed
[2025-08-05T00:48:47.148Z] [DEBUG] MongoDB connection closed
[2025-08-05T00:48:56.137Z] [INFO] Checking for scheduled reports...
[2025-08-05T00:48:56.919Z] [DEBUG] Connected to MongoDB
[2025-08-05T00:48:56.994Z] [INFO] Found 1 company databases
[2025-08-05T00:48:56.994Z] [DEBUG] Processing company database: company_ry0iwbpw
[2025-08-05T00:48:57.062Z] [DEBUG] Finding reports to execute in company_ry0iwbpw (current time: 2025-08-05T00:48:57.062Z)
[2025-08-05T00:48:57.129Z] [INFO] Found 0 reports to execute in company_ry0iwbpw
[2025-08-05T00:48:57.129Z] [INFO] Scheduled reports check completed
[2025-08-05T00:48:57.132Z] [DEBUG] MongoDB connection closed
[2025-08-05T00:49:06.140Z] [INFO] Checking for scheduled reports...
[2025-08-05T00:49:06.914Z] [DEBUG] Connected to MongoDB
[2025-08-05T00:49:06.990Z] [INFO] Found 1 company databases
[2025-08-05T00:49:06.991Z] [DEBUG] Processing company database: company_ry0iwbpw
[2025-08-05T00:49:07.063Z] [DEBUG] Finding reports to execute in company_ry0iwbpw (current time: 2025-08-05T00:49:07.063Z)
[2025-08-05T00:49:07.131Z] [INFO] Found 0 reports to execute in company_ry0iwbpw
[2025-08-05T00:49:07.131Z] [INFO] Scheduled reports check completed
[2025-08-05T00:49:07.133Z] [DEBUG] MongoDB connection closed
[2025-08-05T00:49:16.142Z] [INFO] Checking for scheduled reports...
[2025-08-05T00:49:16.974Z] [DEBUG] Connected to MongoDB
[2025-08-05T00:49:17.054Z] [INFO] Found 1 company databases
[2025-08-05T00:49:17.055Z] [DEBUG] Processing company database: company_ry0iwbpw
[2025-08-05T00:49:17.127Z] [DEBUG] Finding reports to execute in company_ry0iwbpw (current time: 2025-08-05T00:49:17.127Z)
[2025-08-05T00:49:17.199Z] [INFO] Found 0 reports to execute in company_ry0iwbpw
[2025-08-05T00:49:17.199Z] [INFO] Scheduled reports check completed
[2025-08-05T00:49:17.202Z] [DEBUG] MongoDB connection closed
[2025-08-05T00:49:26.144Z] [INFO] Checking for scheduled reports...
[2025-08-05T00:49:26.932Z] [DEBUG] Connected to MongoDB
[2025-08-05T00:49:27.009Z] [INFO] Found 1 company databases
[2025-08-05T00:49:27.009Z] [DEBUG] Processing company database: company_ry0iwbpw
[2025-08-05T00:49:27.079Z] [DEBUG] Finding reports to execute in company_ry0iwbpw (current time: 2025-08-05T00:49:27.079Z)
[2025-08-05T00:49:27.147Z] [INFO] Found 0 reports to execute in company_ry0iwbpw
[2025-08-05T00:49:27.147Z] [INFO] Scheduled reports check completed
[2025-08-05T00:49:27.150Z] [DEBUG] MongoDB connection closed
[2025-08-05T00:49:36.146Z] [INFO] Checking for scheduled reports...
[2025-08-05T00:49:36.940Z] [DEBUG] Connected to MongoDB
[2025-08-05T00:49:37.019Z] [INFO] Found 1 company databases
[2025-08-05T00:49:37.020Z] [DEBUG] Processing company database: company_ry0iwbpw
[2025-08-05T00:49:37.092Z] [DEBUG] Finding reports to execute in company_ry0iwbpw (current time: 2025-08-05T00:49:37.092Z)
[2025-08-05T00:49:37.165Z] [INFO] Found 0 reports to execute in company_ry0iwbpw
[2025-08-05T00:49:37.165Z] [INFO] Scheduled reports check completed
[2025-08-05T00:49:37.168Z] [DEBUG] MongoDB connection closed
[2025-08-05T00:49:46.146Z] [INFO] Checking for scheduled reports...
[2025-08-05T00:49:46.938Z] [DEBUG] Connected to MongoDB
[2025-08-05T00:49:47.018Z] [INFO] Found 1 company databases
[2025-08-05T00:49:47.018Z] [DEBUG] Processing company database: company_ry0iwbpw
[2025-08-05T00:49:47.090Z] [DEBUG] Finding reports to execute in company_ry0iwbpw (current time: 2025-08-05T00:49:47.090Z)
[2025-08-05T00:49:47.160Z] [INFO] Found 0 reports to execute in company_ry0iwbpw
[2025-08-05T00:49:47.160Z] [INFO] Scheduled reports check completed
[2025-08-05T00:49:47.162Z] [DEBUG] MongoDB connection closed
[2025-08-05T00:49:56.148Z] [INFO] Checking for scheduled reports...
[2025-08-05T00:49:56.949Z] [DEBUG] Connected to MongoDB
[2025-08-05T00:49:57.029Z] [INFO] Found 1 company databases
[2025-08-05T00:49:57.029Z] [DEBUG] Processing company database: company_ry0iwbpw
[2025-08-05T00:49:57.102Z] [DEBUG] Finding reports to execute in company_ry0iwbpw (current time: 2025-08-05T00:49:57.102Z)
[2025-08-05T00:49:57.175Z] [INFO] Found 0 reports to execute in company_ry0iwbpw
[2025-08-05T00:49:57.175Z] [INFO] Scheduled reports check completed
[2025-08-05T00:49:57.178Z] [DEBUG] MongoDB connection closed
[2025-08-05T00:50:06.150Z] [INFO] Checking for scheduled reports...
[2025-08-05T00:50:06.936Z] [DEBUG] Connected to MongoDB
[2025-08-05T00:50:07.012Z] [INFO] Found 1 company databases
[2025-08-05T00:50:07.013Z] [DEBUG] Processing company database: company_ry0iwbpw
[2025-08-05T00:50:07.082Z] [DEBUG] Finding reports to execute in company_ry0iwbpw (current time: 2025-08-05T00:50:07.082Z)
[2025-08-05T00:50:07.150Z] [INFO] Found 0 reports to execute in company_ry0iwbpw
[2025-08-05T00:50:07.151Z] [INFO] Scheduled reports check completed
[2025-08-05T00:50:07.153Z] [DEBUG] MongoDB connection closed
[2025-08-05T00:50:16.152Z] [INFO] Checking for scheduled reports...
[2025-08-05T00:50:16.932Z] [DEBUG] Connected to MongoDB
[2025-08-05T00:50:17.008Z] [INFO] Found 1 company databases
[2025-08-05T00:50:17.009Z] [DEBUG] Processing company database: company_ry0iwbpw
[2025-08-05T00:50:17.077Z] [DEBUG] Finding reports to execute in company_ry0iwbpw (current time: 2025-08-05T00:50:17.077Z)
[2025-08-05T00:50:17.146Z] [INFO] Found 0 reports to execute in company_ry0iwbpw
[2025-08-05T00:50:17.147Z] [INFO] Scheduled reports check completed
[2025-08-05T00:50:17.149Z] [DEBUG] MongoDB connection closed
[2025-08-05T00:50:26.152Z] [INFO] Checking for scheduled reports...
[2025-08-05T00:50:26.949Z] [DEBUG] Connected to MongoDB
[2025-08-05T00:50:27.040Z] [INFO] Found 1 company databases
[2025-08-05T00:50:27.041Z] [DEBUG] Processing company database: company_ry0iwbpw
[2025-08-05T00:50:27.113Z] [DEBUG] Finding reports to execute in company_ry0iwbpw (current time: 2025-08-05T00:50:27.113Z)
[2025-08-05T00:50:27.184Z] [INFO] Found 0 reports to execute in company_ry0iwbpw
[2025-08-05T00:50:27.185Z] [INFO] Scheduled reports check completed
[2025-08-05T00:50:27.187Z] [DEBUG] MongoDB connection closed
[2025-08-05T00:50:36.153Z] [INFO] Checking for scheduled reports...
[2025-08-05T00:50:36.923Z] [DEBUG] Connected to MongoDB
[2025-08-05T00:50:36.999Z] [INFO] Found 1 company databases
[2025-08-05T00:50:37.000Z] [DEBUG] Processing company database: company_ry0iwbpw
[2025-08-05T00:50:37.067Z] [DEBUG] Finding reports to execute in company_ry0iwbpw (current time: 2025-08-05T00:50:37.067Z)
[2025-08-05T00:50:37.134Z] [INFO] Found 0 reports to execute in company_ry0iwbpw
[2025-08-05T00:50:37.134Z] [INFO] Scheduled reports check completed
[2025-08-05T00:50:37.137Z] [DEBUG] MongoDB connection closed
[2025-08-05T00:50:46.155Z] [INFO] Checking for scheduled reports...
[2025-08-05T00:50:46.990Z] [DEBUG] Connected to MongoDB
[2025-08-05T00:50:47.071Z] [INFO] Found 1 company databases
[2025-08-05T00:50:47.072Z] [DEBUG] Processing company database: company_ry0iwbpw
[2025-08-05T00:50:47.144Z] [DEBUG] Finding reports to execute in company_ry0iwbpw (current time: 2025-08-05T00:50:47.144Z)
[2025-08-05T00:50:47.216Z] [INFO] Found 0 reports to execute in company_ry0iwbpw
[2025-08-05T00:50:47.217Z] [INFO] Scheduled reports check completed
[2025-08-05T00:50:47.219Z] [DEBUG] MongoDB connection closed
[2025-08-05T00:50:56.157Z] [INFO] Checking for scheduled reports...
[2025-08-05T00:50:57.991Z] [DEBUG] Connected to MongoDB
[2025-08-05T00:50:58.072Z] [INFO] Found 1 company databases
[2025-08-05T00:50:58.072Z] [DEBUG] Processing company database: company_ry0iwbpw
[2025-08-05T00:50:58.145Z] [DEBUG] Finding reports to execute in company_ry0iwbpw (current time: 2025-08-05T00:50:58.145Z)
[2025-08-05T00:50:58.221Z] [INFO] Found 0 reports to execute in company_ry0iwbpw
[2025-08-05T00:50:58.222Z] [INFO] Scheduled reports check completed
[2025-08-05T00:50:58.224Z] [DEBUG] MongoDB connection closed
[2025-08-05T00:51:06.159Z] [INFO] Checking for scheduled reports...
[2025-08-05T00:51:06.937Z] [DEBUG] Connected to MongoDB
[2025-08-05T00:51:07.017Z] [INFO] Found 1 company databases
[2025-08-05T00:51:07.018Z] [DEBUG] Processing company database: company_ry0iwbpw
[2025-08-05T00:51:07.089Z] [DEBUG] Finding reports to execute in company_ry0iwbpw (current time: 2025-08-05T00:51:07.088Z)
[2025-08-05T00:51:07.160Z] [INFO] Found 0 reports to execute in company_ry0iwbpw
[2025-08-05T00:51:07.161Z] [INFO] Scheduled reports check completed
[2025-08-05T00:51:07.164Z] [DEBUG] MongoDB connection closed
[2025-08-05T00:51:16.161Z] [INFO] Checking for scheduled reports...
[2025-08-05T00:51:16.913Z] [DEBUG] Connected to MongoDB
[2025-08-05T00:51:16.988Z] [INFO] Found 1 company databases
[2025-08-05T00:51:16.989Z] [DEBUG] Processing company database: company_ry0iwbpw
[2025-08-05T00:51:17.058Z] [DEBUG] Finding reports to execute in company_ry0iwbpw (current time: 2025-08-05T00:51:17.058Z)
[2025-08-05T00:51:17.130Z] [INFO] Found 0 reports to execute in company_ry0iwbpw
[2025-08-05T00:51:17.131Z] [INFO] Scheduled reports check completed
[2025-08-05T00:51:17.133Z] [DEBUG] MongoDB connection closed
[2025-08-05T00:51:26.163Z] [INFO] Checking for scheduled reports...
[2025-08-05T00:51:26.963Z] [DEBUG] Connected to MongoDB
[2025-08-05T00:51:27.038Z] [INFO] Found 1 company databases
[2025-08-05T00:51:27.039Z] [DEBUG] Processing company database: company_ry0iwbpw
[2025-08-05T00:51:27.107Z] [DEBUG] Finding reports to execute in company_ry0iwbpw (current time: 2025-08-05T00:51:27.107Z)
[2025-08-05T00:51:27.175Z] [INFO] Found 0 reports to execute in company_ry0iwbpw
[2025-08-05T00:51:27.175Z] [INFO] Scheduled reports check completed
[2025-08-05T00:51:27.178Z] [DEBUG] MongoDB connection closed
[2025-08-05T00:51:36.165Z] [INFO] Checking for scheduled reports...
[2025-08-05T00:51:36.961Z] [DEBUG] Connected to MongoDB
[2025-08-05T00:51:37.041Z] [INFO] Found 1 company databases
[2025-08-05T00:51:37.042Z] [DEBUG] Processing company database: company_ry0iwbpw
[2025-08-05T00:51:37.115Z] [DEBUG] Finding reports to execute in company_ry0iwbpw (current time: 2025-08-05T00:51:37.115Z)
[2025-08-05T00:51:37.187Z] [INFO] Found 0 reports to execute in company_ry0iwbpw
[2025-08-05T00:51:37.188Z] [INFO] Scheduled reports check completed
[2025-08-05T00:51:37.189Z] [DEBUG] MongoDB connection closed
[2025-08-05T00:51:46.166Z] [INFO] Checking for scheduled reports...
[2025-08-05T00:51:46.918Z] [DEBUG] Connected to MongoDB
[2025-08-05T00:51:46.993Z] [INFO] Found 1 company databases
[2025-08-05T00:51:46.994Z] [DEBUG] Processing company database: company_ry0iwbpw
[2025-08-05T00:51:47.062Z] [DEBUG] Finding reports to execute in company_ry0iwbpw (current time: 2025-08-05T00:51:47.062Z)
[2025-08-05T00:51:47.132Z] [INFO] Found 0 reports to execute in company_ry0iwbpw
[2025-08-05T00:51:47.132Z] [INFO] Scheduled reports check completed
[2025-08-05T00:51:47.134Z] [DEBUG] MongoDB connection closed
[2025-08-05T00:51:56.166Z] [INFO] Checking for scheduled reports...
[2025-08-05T00:51:56.963Z] [DEBUG] Connected to MongoDB
[2025-08-05T00:51:57.044Z] [INFO] Found 1 company databases
[2025-08-05T00:51:57.045Z] [DEBUG] Processing company database: company_ry0iwbpw
[2025-08-05T00:51:57.119Z] [DEBUG] Finding reports to execute in company_ry0iwbpw (current time: 2025-08-05T00:51:57.119Z)
[2025-08-05T00:51:57.193Z] [INFO] Found 0 reports to execute in company_ry0iwbpw
[2025-08-05T00:51:57.193Z] [INFO] Scheduled reports check completed
[2025-08-05T00:51:57.195Z] [DEBUG] MongoDB connection closed
[2025-08-05T00:52:06.167Z] [INFO] Checking for scheduled reports...
[2025-08-05T00:52:06.968Z] [DEBUG] Connected to MongoDB
[2025-08-05T00:52:07.045Z] [INFO] Found 1 company databases
[2025-08-05T00:52:07.046Z] [DEBUG] Processing company database: company_ry0iwbpw
[2025-08-05T00:52:07.114Z] [DEBUG] Finding reports to execute in company_ry0iwbpw (current time: 2025-08-05T00:52:07.114Z)
[2025-08-05T00:52:07.183Z] [INFO] Found 0 reports to execute in company_ry0iwbpw
[2025-08-05T00:52:07.183Z] [INFO] Scheduled reports check completed
[2025-08-05T00:52:07.185Z] [DEBUG] MongoDB connection closed
[2025-08-05T00:52:16.169Z] [INFO] Checking for scheduled reports...
[2025-08-05T00:52:16.953Z] [DEBUG] Connected to MongoDB
[2025-08-05T00:52:17.044Z] [INFO] Found 1 company databases
[2025-08-05T00:52:17.044Z] [DEBUG] Processing company database: company_ry0iwbpw
[2025-08-05T00:52:17.117Z] [DEBUG] Finding reports to execute in company_ry0iwbpw (current time: 2025-08-05T00:52:17.117Z)
[2025-08-05T00:52:17.188Z] [INFO] Found 0 reports to execute in company_ry0iwbpw
[2025-08-05T00:52:17.189Z] [INFO] Scheduled reports check completed
[2025-08-05T00:52:17.191Z] [DEBUG] MongoDB connection closed
[2025-08-05T00:52:26.172Z] [INFO] Checking for scheduled reports...
[2025-08-05T00:52:26.929Z] [DEBUG] Connected to MongoDB
[2025-08-05T00:52:27.006Z] [INFO] Found 1 company databases
[2025-08-05T00:52:27.006Z] [DEBUG] Processing company database: company_ry0iwbpw
[2025-08-05T00:52:27.075Z] [DEBUG] Finding reports to execute in company_ry0iwbpw (current time: 2025-08-05T00:52:27.075Z)
[2025-08-05T00:52:27.144Z] [INFO] Found 0 reports to execute in company_ry0iwbpw
[2025-08-05T00:52:27.144Z] [INFO] Scheduled reports check completed
[2025-08-05T00:52:27.146Z] [DEBUG] MongoDB connection closed
[2025-08-05T00:52:36.173Z] [INFO] Checking for scheduled reports...
[2025-08-05T00:52:36.980Z] [DEBUG] Connected to MongoDB
[2025-08-05T00:52:37.061Z] [INFO] Found 1 company databases
[2025-08-05T00:52:37.061Z] [DEBUG] Processing company database: company_ry0iwbpw
[2025-08-05T00:52:37.135Z] [DEBUG] Finding reports to execute in company_ry0iwbpw (current time: 2025-08-05T00:52:37.135Z)
[2025-08-05T00:52:37.208Z] [INFO] Found 0 reports to execute in company_ry0iwbpw
[2025-08-05T00:52:37.209Z] [INFO] Scheduled reports check completed
[2025-08-05T00:52:37.211Z] [DEBUG] MongoDB connection closed
[2025-08-05T00:52:46.175Z] [INFO] Checking for scheduled reports...
[2025-08-05T00:52:46.967Z] [DEBUG] Connected to MongoDB
[2025-08-05T00:52:47.042Z] [INFO] Found 1 company databases
[2025-08-05T00:52:47.042Z] [DEBUG] Processing company database: company_ry0iwbpw
[2025-08-05T00:52:47.111Z] [DEBUG] Finding reports to execute in company_ry0iwbpw (current time: 2025-08-05T00:52:47.111Z)
[2025-08-05T00:52:47.179Z] [INFO] Found 0 reports to execute in company_ry0iwbpw
[2025-08-05T00:52:47.179Z] [INFO] Scheduled reports check completed
[2025-08-05T00:52:47.181Z] [DEBUG] MongoDB connection closed
[2025-08-05T00:52:56.178Z] [INFO] Checking for scheduled reports...
[2025-08-05T00:52:56.940Z] [DEBUG] Connected to MongoDB
[2025-08-05T00:52:57.024Z] [INFO] Found 1 company databases
[2025-08-05T00:52:57.028Z] [DEBUG] Processing company database: company_ry0iwbpw
[2025-08-05T00:52:57.097Z] [DEBUG] Finding reports to execute in company_ry0iwbpw (current time: 2025-08-05T00:52:57.097Z)
[2025-08-05T00:52:57.163Z] [INFO] Found 0 reports to execute in company_ry0iwbpw
[2025-08-05T00:52:57.164Z] [INFO] Scheduled reports check completed
[2025-08-05T00:52:57.170Z] [DEBUG] MongoDB connection closed
[2025-08-05T00:53:06.179Z] [INFO] Checking for scheduled reports...
[2025-08-05T00:53:06.973Z] [DEBUG] Connected to MongoDB
[2025-08-05T00:53:07.050Z] [INFO] Found 1 company databases
[2025-08-05T00:53:07.051Z] [DEBUG] Processing company database: company_ry0iwbpw
[2025-08-05T00:53:07.130Z] [DEBUG] Finding reports to execute in company_ry0iwbpw (current time: 2025-08-05T00:53:07.130Z)
[2025-08-05T00:53:07.198Z] [INFO] Found 0 reports to execute in company_ry0iwbpw
[2025-08-05T00:53:07.199Z] [INFO] Scheduled reports check completed
[2025-08-05T00:53:07.201Z] [DEBUG] MongoDB connection closed
[2025-08-05T00:53:16.179Z] [INFO] Checking for scheduled reports...
[2025-08-05T00:53:16.979Z] [DEBUG] Connected to MongoDB
[2025-08-05T00:53:17.063Z] [INFO] Found 1 company databases
[2025-08-05T00:53:17.063Z] [DEBUG] Processing company database: company_ry0iwbpw
[2025-08-05T00:53:17.135Z] [DEBUG] Finding reports to execute in company_ry0iwbpw (current time: 2025-08-05T00:53:17.135Z)
[2025-08-05T00:53:17.211Z] [INFO] Found 0 reports to execute in company_ry0iwbpw
[2025-08-05T00:53:17.211Z] [INFO] Scheduled reports check completed
[2025-08-05T00:53:17.214Z] [DEBUG] MongoDB connection closed
[2025-08-05T00:53:26.181Z] [INFO] Checking for scheduled reports...
[2025-08-05T00:53:26.934Z] [DEBUG] Connected to MongoDB
[2025-08-05T00:53:27.010Z] [INFO] Found 1 company databases
[2025-08-05T00:53:27.011Z] [DEBUG] Processing company database: company_ry0iwbpw
[2025-08-05T00:53:27.078Z] [DEBUG] Finding reports to execute in company_ry0iwbpw (current time: 2025-08-05T00:53:27.078Z)
[2025-08-05T00:53:27.146Z] [INFO] Found 0 reports to execute in company_ry0iwbpw
[2025-08-05T00:53:27.146Z] [INFO] Scheduled reports check completed
[2025-08-05T00:53:27.149Z] [DEBUG] MongoDB connection closed
[2025-08-05T00:53:36.183Z] [INFO] Checking for scheduled reports...
[2025-08-05T00:53:36.951Z] [DEBUG] Connected to MongoDB
[2025-08-05T00:53:37.028Z] [INFO] Found 1 company databases
[2025-08-05T00:53:37.028Z] [DEBUG] Processing company database: company_ry0iwbpw
[2025-08-05T00:53:37.096Z] [DEBUG] Finding reports to execute in company_ry0iwbpw (current time: 2025-08-05T00:53:37.096Z)
[2025-08-05T00:53:37.163Z] [INFO] Found 0 reports to execute in company_ry0iwbpw
[2025-08-05T00:53:37.164Z] [INFO] Scheduled reports check completed
[2025-08-05T00:53:37.166Z] [DEBUG] MongoDB connection closed
[2025-08-05T00:53:46.183Z] [INFO] Checking for scheduled reports...
[2025-08-05T00:53:46.983Z] [DEBUG] Connected to MongoDB
[2025-08-05T00:53:47.060Z] [INFO] Found 1 company databases
[2025-08-05T00:53:47.061Z] [DEBUG] Processing company database: company_ry0iwbpw
[2025-08-05T00:53:47.130Z] [DEBUG] Finding reports to execute in company_ry0iwbpw (current time: 2025-08-05T00:53:47.130Z)
[2025-08-05T00:53:47.198Z] [INFO] Found 0 reports to execute in company_ry0iwbpw
[2025-08-05T00:53:47.199Z] [INFO] Scheduled reports check completed
[2025-08-05T00:53:47.204Z] [DEBUG] MongoDB connection closed
[2025-08-05T00:53:56.183Z] [INFO] Checking for scheduled reports...
[2025-08-05T00:53:56.979Z] [DEBUG] Connected to MongoDB
[2025-08-05T00:53:57.056Z] [INFO] Found 1 company databases
[2025-08-05T00:53:57.057Z] [DEBUG] Processing company database: company_ry0iwbpw
[2025-08-05T00:53:57.127Z] [DEBUG] Finding reports to execute in company_ry0iwbpw (current time: 2025-08-05T00:53:57.127Z)
[2025-08-05T00:53:57.197Z] [INFO] Found 0 reports to execute in company_ry0iwbpw
[2025-08-05T00:53:57.197Z] [INFO] Scheduled reports check completed
[2025-08-05T00:53:57.199Z] [DEBUG] MongoDB connection closed
[2025-08-05T00:54:06.184Z] [INFO] Checking for scheduled reports...
[2025-08-05T00:54:06.969Z] [DEBUG] Connected to MongoDB
[2025-08-05T00:54:07.045Z] [INFO] Found 1 company databases
[2025-08-05T00:54:07.046Z] [DEBUG] Processing company database: company_ry0iwbpw
[2025-08-05T00:54:07.115Z] [DEBUG] Finding reports to execute in company_ry0iwbpw (current time: 2025-08-05T00:54:07.115Z)
[2025-08-05T00:54:07.183Z] [INFO] Found 0 reports to execute in company_ry0iwbpw
[2025-08-05T00:54:07.184Z] [INFO] Scheduled reports check completed
[2025-08-05T00:54:07.187Z] [DEBUG] MongoDB connection closed
[2025-08-05T00:54:16.183Z] [INFO] Checking for scheduled reports...
[2025-08-05T00:54:16.937Z] [DEBUG] Connected to MongoDB
[2025-08-05T00:54:17.012Z] [INFO] Found 1 company databases
[2025-08-05T00:54:17.012Z] [DEBUG] Processing company database: company_ry0iwbpw
[2025-08-05T00:54:17.078Z] [DEBUG] Finding reports to execute in company_ry0iwbpw (current time: 2025-08-05T00:54:17.078Z)
[2025-08-05T00:54:17.146Z] [INFO] Found 0 reports to execute in company_ry0iwbpw
[2025-08-05T00:54:17.147Z] [INFO] Scheduled reports check completed
[2025-08-05T00:54:17.147Z] [DEBUG] MongoDB connection closed
[2025-08-05T00:54:26.184Z] [INFO] Checking for scheduled reports...
[2025-08-05T00:54:26.962Z] [DEBUG] Connected to MongoDB
[2025-08-05T00:54:27.042Z] [INFO] Found 1 company databases
[2025-08-05T00:54:27.043Z] [DEBUG] Processing company database: company_ry0iwbpw
[2025-08-05T00:54:27.115Z] [DEBUG] Finding reports to execute in company_ry0iwbpw (current time: 2025-08-05T00:54:27.115Z)
[2025-08-05T00:54:27.187Z] [INFO] Found 0 reports to execute in company_ry0iwbpw
[2025-08-05T00:54:27.188Z] [INFO] Scheduled reports check completed
[2025-08-05T00:54:27.191Z] [DEBUG] MongoDB connection closed
[2025-08-05T00:54:36.186Z] [INFO] Checking for scheduled reports...
[2025-08-05T00:54:37.017Z] [DEBUG] Connected to MongoDB
[2025-08-05T00:54:37.099Z] [INFO] Found 1 company databases
[2025-08-05T00:54:37.099Z] [DEBUG] Processing company database: company_ry0iwbpw
[2025-08-05T00:54:37.170Z] [DEBUG] Finding reports to execute in company_ry0iwbpw (current time: 2025-08-05T00:54:37.170Z)
[2025-08-05T00:54:37.247Z] [INFO] Found 0 reports to execute in company_ry0iwbpw
[2025-08-05T00:54:37.247Z] [INFO] Scheduled reports check completed
[2025-08-05T00:54:37.249Z] [DEBUG] MongoDB connection closed
[2025-08-05T00:54:46.187Z] [INFO] Checking for scheduled reports...
[2025-08-05T00:54:46.978Z] [DEBUG] Connected to MongoDB
[2025-08-05T00:54:47.054Z] [INFO] Found 1 company databases
[2025-08-05T00:54:47.055Z] [DEBUG] Processing company database: company_ry0iwbpw
[2025-08-05T00:54:47.124Z] [DEBUG] Finding reports to execute in company_ry0iwbpw (current time: 2025-08-05T00:54:47.124Z)
[2025-08-05T00:54:47.193Z] [INFO] Found 0 reports to execute in company_ry0iwbpw
[2025-08-05T00:54:47.193Z] [INFO] Scheduled reports check completed
[2025-08-05T00:54:47.195Z] [DEBUG] MongoDB connection closed
[2025-08-05T00:54:56.189Z] [INFO] Checking for scheduled reports...
[2025-08-05T00:54:56.970Z] [DEBUG] Connected to MongoDB
[2025-08-05T00:54:57.053Z] [INFO] Found 1 company databases
[2025-08-05T00:54:57.054Z] [DEBUG] Processing company database: company_ry0iwbpw
[2025-08-05T00:54:57.125Z] [DEBUG] Finding reports to execute in company_ry0iwbpw (current time: 2025-08-05T00:54:57.125Z)
[2025-08-05T00:54:57.200Z] [INFO] Found 0 reports to execute in company_ry0iwbpw
[2025-08-05T00:54:57.201Z] [INFO] Scheduled reports check completed
[2025-08-05T00:54:57.206Z] [DEBUG] MongoDB connection closed
[2025-08-05T00:55:06.190Z] [INFO] Checking for scheduled reports...
[2025-08-05T00:55:06.944Z] [DEBUG] Connected to MongoDB
[2025-08-05T00:55:07.021Z] [INFO] Found 1 company databases
[2025-08-05T00:55:07.021Z] [DEBUG] Processing company database: company_ry0iwbpw
[2025-08-05T00:55:07.089Z] [DEBUG] Finding reports to execute in company_ry0iwbpw (current time: 2025-08-05T00:55:07.089Z)
[2025-08-05T00:55:07.157Z] [INFO] Found 0 reports to execute in company_ry0iwbpw
[2025-08-05T00:55:07.157Z] [INFO] Scheduled reports check completed
[2025-08-05T00:55:07.164Z] [DEBUG] MongoDB connection closed
[2025-08-05T00:55:16.193Z] [INFO] Checking for scheduled reports...
[2025-08-05T00:55:17.049Z] [DEBUG] Connected to MongoDB
[2025-08-05T00:55:17.125Z] [INFO] Found 1 company databases
[2025-08-05T00:55:17.125Z] [DEBUG] Processing company database: company_ry0iwbpw
[2025-08-05T00:55:17.191Z] [DEBUG] Finding reports to execute in company_ry0iwbpw (current time: 2025-08-05T00:55:17.191Z)
[2025-08-05T00:55:17.257Z] [INFO] Found 0 reports to execute in company_ry0iwbpw
[2025-08-05T00:55:17.257Z] [INFO] Scheduled reports check completed
[2025-08-05T00:55:17.258Z] [DEBUG] MongoDB connection closed
[2025-08-05T00:55:26.194Z] [INFO] Checking for scheduled reports...
[2025-08-05T00:55:26.942Z] [DEBUG] Connected to MongoDB
[2025-08-05T00:55:27.029Z] [INFO] Found 1 company databases
[2025-08-05T00:55:27.030Z] [DEBUG] Processing company database: company_ry0iwbpw
[2025-08-05T00:55:27.098Z] [DEBUG] Finding reports to execute in company_ry0iwbpw (current time: 2025-08-05T00:55:27.098Z)
[2025-08-05T00:55:27.165Z] [INFO] Found 0 reports to execute in company_ry0iwbpw
[2025-08-05T00:55:27.165Z] [INFO] Scheduled reports check completed
[2025-08-05T00:55:27.166Z] [DEBUG] MongoDB connection closed
[2025-08-05T00:55:36.195Z] [INFO] Checking for scheduled reports...
[2025-08-05T00:55:36.972Z] [DEBUG] Connected to MongoDB
[2025-08-05T00:55:37.052Z] [INFO] Found 1 company databases
[2025-08-05T00:55:37.053Z] [DEBUG] Processing company database: company_ry0iwbpw
[2025-08-05T00:55:37.125Z] [DEBUG] Finding reports to execute in company_ry0iwbpw (current time: 2025-08-05T00:55:37.125Z)
[2025-08-05T00:55:37.196Z] [INFO] Found 0 reports to execute in company_ry0iwbpw
[2025-08-05T00:55:37.196Z] [INFO] Scheduled reports check completed
[2025-08-05T00:55:37.197Z] [DEBUG] MongoDB connection closed
[2025-08-05T00:55:46.196Z] [INFO] Checking for scheduled reports...
[2025-08-05T00:55:46.973Z] [DEBUG] Connected to MongoDB
[2025-08-05T00:55:47.052Z] [INFO] Found 1 company databases
[2025-08-05T00:55:47.053Z] [DEBUG] Processing company database: company_ry0iwbpw
[2025-08-05T00:55:47.125Z] [DEBUG] Finding reports to execute in company_ry0iwbpw (current time: 2025-08-05T00:55:47.125Z)
[2025-08-05T00:55:47.197Z] [INFO] Found 0 reports to execute in company_ry0iwbpw
[2025-08-05T00:55:47.197Z] [INFO] Scheduled reports check completed
[2025-08-05T00:55:47.199Z] [DEBUG] MongoDB connection closed
[2025-08-05T00:55:56.197Z] [INFO] Checking for scheduled reports...
[2025-08-05T00:55:56.996Z] [DEBUG] Connected to MongoDB
[2025-08-05T00:55:57.076Z] [INFO] Found 1 company databases
[2025-08-05T00:55:57.077Z] [DEBUG] Processing company database: company_ry0iwbpw
[2025-08-05T00:55:57.156Z] [DEBUG] Finding reports to execute in company_ry0iwbpw (current time: 2025-08-05T00:55:57.156Z)
[2025-08-05T00:55:57.227Z] [INFO] Found 0 reports to execute in company_ry0iwbpw
[2025-08-05T00:55:57.228Z] [INFO] Scheduled reports check completed
[2025-08-05T00:55:57.230Z] [DEBUG] MongoDB connection closed
[2025-08-05T00:56:06.198Z] [INFO] Checking for scheduled reports...
[2025-08-05T00:56:06.957Z] [DEBUG] Connected to MongoDB
[2025-08-05T00:56:07.033Z] [INFO] Found 1 company databases
[2025-08-05T00:56:07.034Z] [DEBUG] Processing company database: company_ry0iwbpw
[2025-08-05T00:56:07.102Z] [DEBUG] Finding reports to execute in company_ry0iwbpw (current time: 2025-08-05T00:56:07.102Z)
[2025-08-05T00:56:07.170Z] [INFO] Found 0 reports to execute in company_ry0iwbpw
[2025-08-05T00:56:07.170Z] [INFO] Scheduled reports check completed
[2025-08-05T00:56:07.171Z] [DEBUG] MongoDB connection closed
[2025-08-05T00:56:16.197Z] [INFO] Checking for scheduled reports...
[2025-08-05T00:56:17.003Z] [DEBUG] Connected to MongoDB
[2025-08-05T00:56:17.081Z] [INFO] Found 1 company databases
[2025-08-05T00:56:17.082Z] [DEBUG] Processing company database: company_ry0iwbpw
[2025-08-05T00:56:17.152Z] [DEBUG] Finding reports to execute in company_ry0iwbpw (current time: 2025-08-05T00:56:17.152Z)
[2025-08-05T00:56:17.222Z] [INFO] Found 0 reports to execute in company_ry0iwbpw
[2025-08-05T00:56:17.223Z] [INFO] Scheduled reports check completed
[2025-08-05T00:56:17.224Z] [DEBUG] MongoDB connection closed
[2025-08-05T00:56:26.197Z] [INFO] Checking for scheduled reports...
[2025-08-05T00:56:26.952Z] [DEBUG] Connected to MongoDB
[2025-08-05T00:56:27.028Z] [INFO] Found 1 company databases
[2025-08-05T00:56:27.028Z] [DEBUG] Processing company database: company_ry0iwbpw
[2025-08-05T00:56:27.098Z] [DEBUG] Finding reports to execute in company_ry0iwbpw (current time: 2025-08-05T00:56:27.098Z)
[2025-08-05T00:56:27.165Z] [INFO] Found 0 reports to execute in company_ry0iwbpw
[2025-08-05T00:56:27.166Z] [INFO] Scheduled reports check completed
[2025-08-05T00:56:27.167Z] [DEBUG] MongoDB connection closed
[2025-08-05T00:56:36.197Z] [INFO] Checking for scheduled reports...
[2025-08-05T00:56:36.994Z] [DEBUG] Connected to MongoDB
[2025-08-05T00:56:37.073Z] [INFO] Found 1 company databases
[2025-08-05T00:56:37.074Z] [DEBUG] Processing company database: company_ry0iwbpw
[2025-08-05T00:56:37.143Z] [DEBUG] Finding reports to execute in company_ry0iwbpw (current time: 2025-08-05T00:56:37.143Z)
[2025-08-05T00:56:37.211Z] [INFO] Found 0 reports to execute in company_ry0iwbpw
[2025-08-05T00:56:37.211Z] [INFO] Scheduled reports check completed
[2025-08-05T00:56:37.213Z] [DEBUG] MongoDB connection closed
[2025-08-05T00:56:46.198Z] [INFO] Checking for scheduled reports...
[2025-08-05T00:56:46.973Z] [DEBUG] Connected to MongoDB
[2025-08-05T00:56:47.051Z] [INFO] Found 1 company databases
[2025-08-05T00:56:47.052Z] [DEBUG] Processing company database: company_ry0iwbpw
[2025-08-05T00:56:47.119Z] [DEBUG] Finding reports to execute in company_ry0iwbpw (current time: 2025-08-05T00:56:47.119Z)
[2025-08-05T00:56:47.185Z] [INFO] Found 0 reports to execute in company_ry0iwbpw
[2025-08-05T00:56:47.185Z] [INFO] Scheduled reports check completed
[2025-08-05T00:56:47.186Z] [DEBUG] MongoDB connection closed
[2025-08-05T00:56:56.199Z] [INFO] Checking for scheduled reports...
[2025-08-05T00:56:56.955Z] [DEBUG] Connected to MongoDB
[2025-08-05T00:56:57.030Z] [INFO] Found 1 company databases
[2025-08-05T00:56:57.030Z] [DEBUG] Processing company database: company_ry0iwbpw
[2025-08-05T00:56:57.097Z] [DEBUG] Finding reports to execute in company_ry0iwbpw (current time: 2025-08-05T00:56:57.097Z)
[2025-08-05T00:56:57.163Z] [INFO] Found 0 reports to execute in company_ry0iwbpw
[2025-08-05T00:56:57.164Z] [INFO] Scheduled reports check completed
[2025-08-05T00:56:57.165Z] [DEBUG] MongoDB connection closed
[2025-08-05T00:57:06.200Z] [INFO] Checking for scheduled reports...
[2025-08-05T00:57:06.970Z] [DEBUG] Connected to MongoDB
[2025-08-05T00:57:07.046Z] [INFO] Found 1 company databases
[2025-08-05T00:57:07.046Z] [DEBUG] Processing company database: company_ry0iwbpw
[2025-08-05T00:57:07.114Z] [DEBUG] Finding reports to execute in company_ry0iwbpw (current time: 2025-08-05T00:57:07.114Z)
[2025-08-05T00:57:07.182Z] [INFO] Found 0 reports to execute in company_ry0iwbpw
[2025-08-05T00:57:07.182Z] [INFO] Scheduled reports check completed
[2025-08-05T00:57:07.185Z] [DEBUG] MongoDB connection closed
[2025-08-05T00:57:16.202Z] [INFO] Checking for scheduled reports...
[2025-08-05T00:57:16.996Z] [DEBUG] Connected to MongoDB
[2025-08-05T00:57:17.071Z] [INFO] Found 1 company databases
[2025-08-05T00:57:17.072Z] [DEBUG] Processing company database: company_ry0iwbpw
[2025-08-05T00:57:17.141Z] [DEBUG] Finding reports to execute in company_ry0iwbpw (current time: 2025-08-05T00:57:17.141Z)
[2025-08-05T00:57:17.208Z] [INFO] Found 0 reports to execute in company_ry0iwbpw
[2025-08-05T00:57:17.208Z] [INFO] Scheduled reports check completed
[2025-08-05T00:57:17.210Z] [DEBUG] MongoDB connection closed
[2025-08-05T00:57:26.202Z] [INFO] Checking for scheduled reports...
[2025-08-05T00:57:26.962Z] [DEBUG] Connected to MongoDB
[2025-08-05T00:57:27.039Z] [INFO] Found 1 company databases
[2025-08-05T00:57:27.040Z] [DEBUG] Processing company database: company_ry0iwbpw
[2025-08-05T00:57:27.109Z] [DEBUG] Finding reports to execute in company_ry0iwbpw (current time: 2025-08-05T00:57:27.109Z)
[2025-08-05T00:57:27.178Z] [INFO] Found 0 reports to execute in company_ry0iwbpw
[2025-08-05T00:57:27.178Z] [INFO] Scheduled reports check completed
[2025-08-05T00:57:27.180Z] [DEBUG] MongoDB connection closed
[2025-08-05T00:57:36.204Z] [INFO] Checking for scheduled reports...
[2025-08-05T00:57:36.977Z] [DEBUG] Connected to MongoDB
[2025-08-05T00:57:37.053Z] [INFO] Found 1 company databases
[2025-08-05T00:57:37.053Z] [DEBUG] Processing company database: company_ry0iwbpw
[2025-08-05T00:57:37.120Z] [DEBUG] Finding reports to execute in company_ry0iwbpw (current time: 2025-08-05T00:57:37.120Z)
[2025-08-05T00:57:37.186Z] [INFO] Found 0 reports to execute in company_ry0iwbpw
[2025-08-05T00:57:37.187Z] [INFO] Scheduled reports check completed
[2025-08-05T00:57:37.189Z] [DEBUG] MongoDB connection closed
[2025-08-05T00:57:46.206Z] [INFO] Checking for scheduled reports...
[2025-08-05T00:57:46.978Z] [DEBUG] Connected to MongoDB
[2025-08-05T00:57:47.054Z] [INFO] Found 1 company databases
[2025-08-05T00:57:47.055Z] [DEBUG] Processing company database: company_ry0iwbpw
[2025-08-05T00:57:47.124Z] [DEBUG] Finding reports to execute in company_ry0iwbpw (current time: 2025-08-05T00:57:47.124Z)
[2025-08-05T00:57:47.191Z] [INFO] Found 0 reports to execute in company_ry0iwbpw
[2025-08-05T00:57:47.191Z] [INFO] Scheduled reports check completed
[2025-08-05T00:57:47.193Z] [DEBUG] MongoDB connection closed
[2025-08-05T00:57:56.206Z] [INFO] Checking for scheduled reports...
[2025-08-05T00:57:56.990Z] [DEBUG] Connected to MongoDB
[2025-08-05T00:57:57.064Z] [INFO] Found 1 company databases
[2025-08-05T00:57:57.064Z] [DEBUG] Processing company database: company_ry0iwbpw
[2025-08-05T00:57:57.132Z] [DEBUG] Finding reports to execute in company_ry0iwbpw (current time: 2025-08-05T00:57:57.132Z)
[2025-08-05T00:57:57.198Z] [INFO] Found 0 reports to execute in company_ry0iwbpw
[2025-08-05T00:57:57.199Z] [INFO] Scheduled reports check completed
[2025-08-05T00:57:57.200Z] [DEBUG] MongoDB connection closed
[2025-08-05T00:58:06.208Z] [INFO] Checking for scheduled reports...
[2025-08-05T00:58:06.983Z] [DEBUG] Connected to MongoDB
[2025-08-05T00:58:07.065Z] [INFO] Found 1 company databases
[2025-08-05T00:58:07.066Z] [DEBUG] Processing company database: company_ry0iwbpw
[2025-08-05T00:58:07.138Z] [DEBUG] Finding reports to execute in company_ry0iwbpw (current time: 2025-08-05T00:58:07.138Z)
[2025-08-05T00:58:07.209Z] [INFO] Found 0 reports to execute in company_ry0iwbpw
[2025-08-05T00:58:07.210Z] [INFO] Scheduled reports check completed
[2025-08-05T00:58:07.212Z] [DEBUG] MongoDB connection closed
[2025-08-05T00:58:16.210Z] [INFO] Checking for scheduled reports...
[2025-08-05T00:58:17.020Z] [DEBUG] Connected to MongoDB
[2025-08-05T00:58:17.101Z] [INFO] Found 1 company databases
[2025-08-05T00:58:17.101Z] [DEBUG] Processing company database: company_ry0iwbpw
[2025-08-05T00:58:17.175Z] [DEBUG] Finding reports to execute in company_ry0iwbpw (current time: 2025-08-05T00:58:17.175Z)
[2025-08-05T00:58:17.246Z] [INFO] Found 0 reports to execute in company_ry0iwbpw
[2025-08-05T00:58:17.247Z] [INFO] Scheduled reports check completed
[2025-08-05T00:58:17.249Z] [DEBUG] MongoDB connection closed
[2025-08-05T00:58:26.210Z] [INFO] Checking for scheduled reports...
[2025-08-05T00:58:26.994Z] [DEBUG] Connected to MongoDB
[2025-08-05T00:58:27.072Z] [INFO] Found 1 company databases
[2025-08-05T00:58:27.073Z] [DEBUG] Processing company database: company_ry0iwbpw
[2025-08-05T00:58:27.145Z] [DEBUG] Finding reports to execute in company_ry0iwbpw (current time: 2025-08-05T00:58:27.145Z)
[2025-08-05T00:58:27.217Z] [INFO] Found 0 reports to execute in company_ry0iwbpw
[2025-08-05T00:58:27.218Z] [INFO] Scheduled reports check completed
[2025-08-05T00:58:27.219Z] [DEBUG] MongoDB connection closed
[2025-08-05T00:58:36.211Z] [INFO] Checking for scheduled reports...
[2025-08-05T00:58:36.987Z] [DEBUG] Connected to MongoDB
[2025-08-05T00:58:37.062Z] [INFO] Found 1 company databases
[2025-08-05T00:58:37.063Z] [DEBUG] Processing company database: company_ry0iwbpw
[2025-08-05T00:58:37.132Z] [DEBUG] Finding reports to execute in company_ry0iwbpw (current time: 2025-08-05T00:58:37.132Z)
[2025-08-05T00:58:37.199Z] [INFO] Found 0 reports to execute in company_ry0iwbpw
[2025-08-05T00:58:37.200Z] [INFO] Scheduled reports check completed
[2025-08-05T00:58:37.202Z] [DEBUG] MongoDB connection closed
[2025-08-05T00:58:46.213Z] [INFO] Checking for scheduled reports...
[2025-08-05T00:58:47.001Z] [DEBUG] Connected to MongoDB
[2025-08-05T00:58:47.077Z] [INFO] Found 1 company databases
[2025-08-05T00:58:47.077Z] [DEBUG] Processing company database: company_ry0iwbpw
[2025-08-05T00:58:47.146Z] [DEBUG] Finding reports to execute in company_ry0iwbpw (current time: 2025-08-05T00:58:47.146Z)
[2025-08-05T00:58:47.214Z] [INFO] Found 0 reports to execute in company_ry0iwbpw
[2025-08-05T00:58:47.214Z] [INFO] Scheduled reports check completed
[2025-08-05T00:58:47.216Z] [DEBUG] MongoDB connection closed
[2025-08-05T00:58:56.214Z] [INFO] Checking for scheduled reports...
[2025-08-05T00:58:57.029Z] [DEBUG] Connected to MongoDB
[2025-08-05T00:58:57.142Z] [INFO] Found 1 company databases
[2025-08-05T00:58:57.143Z] [DEBUG] Processing company database: company_ry0iwbpw
[2025-08-05T00:58:57.249Z] [DEBUG] Finding reports to execute in company_ry0iwbpw (current time: 2025-08-05T00:58:57.249Z)
[2025-08-05T00:58:57.320Z] [INFO] Found 0 reports to execute in company_ry0iwbpw
[2025-08-05T00:58:57.320Z] [INFO] Scheduled reports check completed
[2025-08-05T00:58:57.321Z] [DEBUG] MongoDB connection closed
[2025-08-05T00:59:06.215Z] [INFO] Checking for scheduled reports...
[2025-08-05T00:59:06.982Z] [DEBUG] Connected to MongoDB
[2025-08-05T00:59:07.057Z] [INFO] Found 1 company databases
[2025-08-05T00:59:07.057Z] [DEBUG] Processing company database: company_ry0iwbpw
[2025-08-05T00:59:07.124Z] [DEBUG] Finding reports to execute in company_ry0iwbpw (current time: 2025-08-05T00:59:07.124Z)
[2025-08-05T00:59:07.193Z] [INFO] Found 0 reports to execute in company_ry0iwbpw
[2025-08-05T00:59:07.193Z] [INFO] Scheduled reports check completed
[2025-08-05T00:59:07.194Z] [DEBUG] MongoDB connection closed
[2025-08-05T00:59:16.218Z] [INFO] Checking for scheduled reports...
[2025-08-05T00:59:17.013Z] [DEBUG] Connected to MongoDB
[2025-08-05T00:59:17.090Z] [INFO] Found 1 company databases
[2025-08-05T00:59:17.090Z] [DEBUG] Processing company database: company_ry0iwbpw
[2025-08-05T00:59:17.157Z] [DEBUG] Finding reports to execute in company_ry0iwbpw (current time: 2025-08-05T00:59:17.157Z)
[2025-08-05T00:59:17.223Z] [INFO] Found 0 reports to execute in company_ry0iwbpw
[2025-08-05T00:59:17.223Z] [INFO] Scheduled reports check completed
[2025-08-05T00:59:17.224Z] [DEBUG] MongoDB connection closed
[2025-08-05T00:59:26.218Z] [INFO] Checking for scheduled reports...
[2025-08-05T00:59:26.986Z] [DEBUG] Connected to MongoDB
[2025-08-05T00:59:27.065Z] [INFO] Found 1 company databases
[2025-08-05T00:59:27.065Z] [DEBUG] Processing company database: company_ry0iwbpw
[2025-08-05T00:59:27.136Z] [DEBUG] Finding reports to execute in company_ry0iwbpw (current time: 2025-08-05T00:59:27.135Z)
[2025-08-05T00:59:27.206Z] [INFO] Found 0 reports to execute in company_ry0iwbpw
[2025-08-05T00:59:27.206Z] [INFO] Scheduled reports check completed
[2025-08-05T00:59:27.209Z] [DEBUG] MongoDB connection closed
[2025-08-05T00:59:36.218Z] [INFO] Checking for scheduled reports...
[2025-08-05T00:59:37.033Z] [DEBUG] Connected to MongoDB
[2025-08-05T00:59:37.109Z] [INFO] Found 1 company databases
[2025-08-05T00:59:37.110Z] [DEBUG] Processing company database: company_ry0iwbpw
[2025-08-05T00:59:37.182Z] [DEBUG] Finding reports to execute in company_ry0iwbpw (current time: 2025-08-05T00:59:37.182Z)
[2025-08-05T00:59:37.252Z] [INFO] Found 0 reports to execute in company_ry0iwbpw
[2025-08-05T00:59:37.252Z] [INFO] Scheduled reports check completed
[2025-08-05T00:59:37.272Z] [DEBUG] MongoDB connection closed
[2025-08-05T00:59:46.218Z] [INFO] Checking for scheduled reports...
[2025-08-05T00:59:47.016Z] [DEBUG] Connected to MongoDB
[2025-08-05T00:59:47.093Z] [INFO] Found 1 company databases
[2025-08-05T00:59:47.094Z] [DEBUG] Processing company database: company_ry0iwbpw
[2025-08-05T00:59:47.161Z] [DEBUG] Finding reports to execute in company_ry0iwbpw (current time: 2025-08-05T00:59:47.161Z)
[2025-08-05T00:59:47.227Z] [INFO] Found 0 reports to execute in company_ry0iwbpw
[2025-08-05T00:59:47.228Z] [INFO] Scheduled reports check completed
[2025-08-05T00:59:47.231Z] [DEBUG] MongoDB connection closed
[2025-08-05T00:59:56.219Z] [INFO] Checking for scheduled reports...
[2025-08-05T00:59:57.024Z] [DEBUG] Connected to MongoDB
[2025-08-05T00:59:57.105Z] [INFO] Found 1 company databases
[2025-08-05T00:59:57.105Z] [DEBUG] Processing company database: company_ry0iwbpw
[2025-08-05T00:59:57.177Z] [DEBUG] Finding reports to execute in company_ry0iwbpw (current time: 2025-08-05T00:59:57.177Z)
[2025-08-05T00:59:57.249Z] [INFO] Found 0 reports to execute in company_ry0iwbpw
[2025-08-05T00:59:57.249Z] [INFO] Scheduled reports check completed
[2025-08-05T00:59:57.252Z] [DEBUG] MongoDB connection closed
[2025-08-05T01:00:06.219Z] [INFO] Checking for scheduled reports...
[2025-08-05T01:00:07.021Z] [DEBUG] Connected to MongoDB
[2025-08-05T01:00:07.101Z] [INFO] Found 1 company databases
[2025-08-05T01:00:07.102Z] [DEBUG] Processing company database: company_ry0iwbpw
[2025-08-05T01:00:07.175Z] [DEBUG] Finding reports to execute in company_ry0iwbpw (current time: 2025-08-05T01:00:07.175Z)
[2025-08-05T01:00:07.246Z] [INFO] Found 0 reports to execute in company_ry0iwbpw
[2025-08-05T01:00:07.247Z] [INFO] Scheduled reports check completed
[2025-08-05T01:00:07.248Z] [DEBUG] MongoDB connection closed
[2025-08-05T01:00:16.220Z] [INFO] Checking for scheduled reports...
[2025-08-05T01:00:16.990Z] [DEBUG] Connected to MongoDB
[2025-08-05T01:00:17.066Z] [INFO] Found 1 company databases
[2025-08-05T01:00:17.066Z] [DEBUG] Processing company database: company_ry0iwbpw
[2025-08-05T01:00:17.135Z] [DEBUG] Finding reports to execute in company_ry0iwbpw (current time: 2025-08-05T01:00:17.135Z)
[2025-08-05T01:00:17.203Z] [INFO] Found 0 reports to execute in company_ry0iwbpw
[2025-08-05T01:00:17.204Z] [INFO] Scheduled reports check completed
[2025-08-05T01:00:17.205Z] [DEBUG] MongoDB connection closed
[2025-08-05T01:00:26.222Z] [INFO] Checking for scheduled reports...
[2025-08-05T01:00:26.997Z] [DEBUG] Connected to MongoDB
[2025-08-05T01:00:27.076Z] [INFO] Found 1 company databases
[2025-08-05T01:00:27.077Z] [DEBUG] Processing company database: company_ry0iwbpw
[2025-08-05T01:00:27.148Z] [DEBUG] Finding reports to execute in company_ry0iwbpw (current time: 2025-08-05T01:00:27.148Z)
[2025-08-05T01:00:27.218Z] [INFO] Found 0 reports to execute in company_ry0iwbpw
[2025-08-05T01:00:27.219Z] [INFO] Scheduled reports check completed
[2025-08-05T01:00:27.220Z] [DEBUG] MongoDB connection closed
[2025-08-05T01:00:36.222Z] [INFO] Checking for scheduled reports...
[2025-08-05T01:00:37.016Z] [DEBUG] Connected to MongoDB
[2025-08-05T01:00:37.095Z] [INFO] Found 1 company databases
[2025-08-05T01:00:37.096Z] [DEBUG] Processing company database: company_ry0iwbpw
[2025-08-05T01:00:37.167Z] [DEBUG] Finding reports to execute in company_ry0iwbpw (current time: 2025-08-05T01:00:37.167Z)
[2025-08-05T01:00:37.236Z] [INFO] Found 0 reports to execute in company_ry0iwbpw
[2025-08-05T01:00:37.236Z] [INFO] Scheduled reports check completed
[2025-08-05T01:00:37.238Z] [DEBUG] MongoDB connection closed
[2025-08-05T01:00:46.224Z] [INFO] Checking for scheduled reports...
[2025-08-05T01:00:47.056Z] [DEBUG] Connected to MongoDB
[2025-08-05T01:00:47.132Z] [INFO] Found 1 company databases
[2025-08-05T01:00:47.132Z] [DEBUG] Processing company database: company_ry0iwbpw
[2025-08-05T01:00:47.198Z] [DEBUG] Finding reports to execute in company_ry0iwbpw (current time: 2025-08-05T01:00:47.198Z)
[2025-08-05T01:00:47.264Z] [INFO] Found 0 reports to execute in company_ry0iwbpw
[2025-08-05T01:00:47.265Z] [INFO] Scheduled reports check completed
[2025-08-05T01:00:47.267Z] [DEBUG] MongoDB connection closed
[2025-08-05T01:00:56.226Z] [INFO] Checking for scheduled reports...
[2025-08-05T01:00:56.988Z] [DEBUG] Connected to MongoDB
[2025-08-05T01:00:57.065Z] [INFO] Found 1 company databases
[2025-08-05T01:00:57.065Z] [DEBUG] Processing company database: company_ry0iwbpw
[2025-08-05T01:00:57.134Z] [DEBUG] Finding reports to execute in company_ry0iwbpw (current time: 2025-08-05T01:00:57.134Z)
[2025-08-05T01:00:57.202Z] [INFO] Found 0 reports to execute in company_ry0iwbpw
[2025-08-05T01:00:57.202Z] [INFO] Scheduled reports check completed
[2025-08-05T01:00:57.204Z] [DEBUG] MongoDB connection closed
[2025-08-05T01:01:06.227Z] [INFO] Checking for scheduled reports...
[2025-08-05T01:01:06.991Z] [DEBUG] Connected to MongoDB
[2025-08-05T01:01:07.065Z] [INFO] Found 1 company databases
[2025-08-05T01:01:07.065Z] [DEBUG] Processing company database: company_ry0iwbpw
[2025-08-05T01:01:07.132Z] [DEBUG] Finding reports to execute in company_ry0iwbpw (current time: 2025-08-05T01:01:07.132Z)
[2025-08-05T01:01:07.198Z] [INFO] Found 0 reports to execute in company_ry0iwbpw
[2025-08-05T01:01:07.199Z] [INFO] Scheduled reports check completed
[2025-08-05T01:01:07.200Z] [DEBUG] MongoDB connection closed
[2025-08-05T01:01:16.227Z] [INFO] Checking for scheduled reports...
[2025-08-05T01:01:17.018Z] [DEBUG] Connected to MongoDB
[2025-08-05T01:01:17.094Z] [INFO] Found 1 company databases
[2025-08-05T01:01:17.095Z] [DEBUG] Processing company database: company_ry0iwbpw
[2025-08-05T01:01:17.162Z] [DEBUG] Finding reports to execute in company_ry0iwbpw (current time: 2025-08-05T01:01:17.162Z)
[2025-08-05T01:01:17.230Z] [INFO] Found 0 reports to execute in company_ry0iwbpw
[2025-08-05T01:01:17.230Z] [INFO] Scheduled reports check completed
[2025-08-05T01:01:17.232Z] [DEBUG] MongoDB connection closed
[2025-08-05T01:01:26.229Z] [INFO] Checking for scheduled reports...
[2025-08-05T01:01:26.992Z] [DEBUG] Connected to MongoDB
[2025-08-05T01:01:27.067Z] [INFO] Found 1 company databases
[2025-08-05T01:01:27.067Z] [DEBUG] Processing company database: company_ry0iwbpw
[2025-08-05T01:01:27.139Z] [DEBUG] Finding reports to execute in company_ry0iwbpw (current time: 2025-08-05T01:01:27.139Z)
[2025-08-05T01:01:27.207Z] [INFO] Found 0 reports to execute in company_ry0iwbpw
[2025-08-05T01:01:27.207Z] [INFO] Scheduled reports check completed
[2025-08-05T01:01:27.210Z] [DEBUG] MongoDB connection closed
[2025-08-05T01:01:36.229Z] [INFO] Checking for scheduled reports...
[2025-08-05T01:01:36.972Z] [DEBUG] Connected to MongoDB
[2025-08-05T01:01:37.047Z] [INFO] Found 1 company databases
[2025-08-05T01:01:37.048Z] [DEBUG] Processing company database: company_ry0iwbpw
[2025-08-05T01:01:37.115Z] [DEBUG] Finding reports to execute in company_ry0iwbpw (current time: 2025-08-05T01:01:37.115Z)
[2025-08-05T01:01:37.182Z] [INFO] Found 0 reports to execute in company_ry0iwbpw
[2025-08-05T01:01:37.182Z] [INFO] Scheduled reports check completed
[2025-08-05T01:01:37.184Z] [DEBUG] MongoDB connection closed
[2025-08-05T01:01:46.230Z] [INFO] Checking for scheduled reports...
[2025-08-05T01:01:46.991Z] [DEBUG] Connected to MongoDB
[2025-08-05T01:01:47.066Z] [INFO] Found 1 company databases
[2025-08-05T01:01:47.067Z] [DEBUG] Processing company database: company_ry0iwbpw
[2025-08-05T01:01:47.134Z] [DEBUG] Finding reports to execute in company_ry0iwbpw (current time: 2025-08-05T01:01:47.134Z)
[2025-08-05T01:01:47.200Z] [INFO] Found 0 reports to execute in company_ry0iwbpw
[2025-08-05T01:01:47.200Z] [INFO] Scheduled reports check completed
[2025-08-05T01:01:47.202Z] [DEBUG] MongoDB connection closed
[2025-08-05T01:01:56.230Z] [INFO] Checking for scheduled reports...
[2025-08-05T01:01:57.014Z] [DEBUG] Connected to MongoDB
[2025-08-05T01:01:57.089Z] [INFO] Found 1 company databases
[2025-08-05T01:01:57.090Z] [DEBUG] Processing company database: company_ry0iwbpw
[2025-08-05T01:01:57.158Z] [DEBUG] Finding reports to execute in company_ry0iwbpw (current time: 2025-08-05T01:01:57.158Z)
[2025-08-05T01:01:57.224Z] [INFO] Found 0 reports to execute in company_ry0iwbpw
[2025-08-05T01:01:57.224Z] [INFO] Scheduled reports check completed
[2025-08-05T01:01:57.227Z] [DEBUG] MongoDB connection closed
[2025-08-05T01:02:06.231Z] [INFO] Checking for scheduled reports...
[2025-08-05T01:02:07.022Z] [DEBUG] Connected to MongoDB
[2025-08-05T01:02:07.102Z] [INFO] Found 1 company databases
[2025-08-05T01:02:07.103Z] [DEBUG] Processing company database: company_ry0iwbpw
[2025-08-05T01:02:07.175Z] [DEBUG] Finding reports to execute in company_ry0iwbpw (current time: 2025-08-05T01:02:07.175Z)
[2025-08-05T01:02:07.248Z] [INFO] Found 0 reports to execute in company_ry0iwbpw
[2025-08-05T01:02:07.248Z] [INFO] Scheduled reports check completed
[2025-08-05T01:02:07.250Z] [DEBUG] MongoDB connection closed
[2025-08-05T01:02:16.233Z] [INFO] Checking for scheduled reports...
[2025-08-05T01:02:17.026Z] [DEBUG] Connected to MongoDB
[2025-08-05T01:02:17.106Z] [INFO] Found 1 company databases
[2025-08-05T01:02:17.106Z] [DEBUG] Processing company database: company_ry0iwbpw
[2025-08-05T01:02:17.177Z] [DEBUG] Finding reports to execute in company_ry0iwbpw (current time: 2025-08-05T01:02:17.177Z)
[2025-08-05T01:02:17.247Z] [INFO] Found 0 reports to execute in company_ry0iwbpw
[2025-08-05T01:02:17.248Z] [INFO] Scheduled reports check completed
[2025-08-05T01:02:17.249Z] [DEBUG] MongoDB connection closed
[2025-08-05T01:02:26.233Z] [INFO] Checking for scheduled reports...
[2025-08-05T01:02:27.021Z] [DEBUG] Connected to MongoDB
[2025-08-05T01:02:27.100Z] [INFO] Found 1 company databases
[2025-08-05T01:02:27.101Z] [DEBUG] Processing company database: company_ry0iwbpw
[2025-08-05T01:02:27.173Z] [DEBUG] Finding reports to execute in company_ry0iwbpw (current time: 2025-08-05T01:02:27.173Z)
[2025-08-05T01:02:27.243Z] [INFO] Found 0 reports to execute in company_ry0iwbpw
[2025-08-05T01:02:27.243Z] [INFO] Scheduled reports check completed
[2025-08-05T01:02:27.245Z] [DEBUG] MongoDB connection closed
[2025-08-05T01:02:36.234Z] [INFO] Checking for scheduled reports...
[2025-08-05T01:02:37.035Z] [DEBUG] Connected to MongoDB
[2025-08-05T01:02:37.116Z] [INFO] Found 1 company databases
[2025-08-05T01:02:37.118Z] [DEBUG] Processing company database: company_ry0iwbpw
[2025-08-05T01:02:37.190Z] [DEBUG] Finding reports to execute in company_ry0iwbpw (current time: 2025-08-05T01:02:37.190Z)
[2025-08-05T01:02:37.262Z] [INFO] Found 0 reports to execute in company_ry0iwbpw
[2025-08-05T01:02:37.263Z] [INFO] Scheduled reports check completed
[2025-08-05T01:02:37.264Z] [DEBUG] MongoDB connection closed
[2025-08-05T01:02:46.236Z] [INFO] Checking for scheduled reports...
[2025-08-05T01:02:47.024Z] [DEBUG] Connected to MongoDB
[2025-08-05T01:02:47.099Z] [INFO] Found 1 company databases
[2025-08-05T01:02:47.100Z] [DEBUG] Processing company database: company_ry0iwbpw
[2025-08-05T01:02:47.168Z] [DEBUG] Finding reports to execute in company_ry0iwbpw (current time: 2025-08-05T01:02:47.168Z)
[2025-08-05T01:02:47.236Z] [INFO] Found 0 reports to execute in company_ry0iwbpw
[2025-08-05T01:02:47.236Z] [INFO] Scheduled reports check completed
[2025-08-05T01:02:47.237Z] [DEBUG] MongoDB connection closed
[2025-08-05T01:02:56.239Z] [INFO] Checking for scheduled reports...
[2025-08-05T01:02:57.021Z] [DEBUG] Connected to MongoDB
[2025-08-05T01:02:57.098Z] [INFO] Found 1 company databases
[2025-08-05T01:02:57.099Z] [DEBUG] Processing company database: company_ry0iwbpw
[2025-08-05T01:02:57.169Z] [DEBUG] Finding reports to execute in company_ry0iwbpw (current time: 2025-08-05T01:02:57.169Z)
[2025-08-05T01:02:57.239Z] [INFO] Found 0 reports to execute in company_ry0iwbpw
[2025-08-05T01:02:57.239Z] [INFO] Scheduled reports check completed
[2025-08-05T01:02:57.243Z] [DEBUG] MongoDB connection closed
[2025-08-05T01:03:06.240Z] [INFO] Checking for scheduled reports...
[2025-08-05T01:03:07.022Z] [DEBUG] Connected to MongoDB
[2025-08-05T01:03:07.097Z] [INFO] Found 1 company databases
[2025-08-05T01:03:07.098Z] [DEBUG] Processing company database: company_ry0iwbpw
[2025-08-05T01:03:07.166Z] [DEBUG] Finding reports to execute in company_ry0iwbpw (current time: 2025-08-05T01:03:07.165Z)
[2025-08-05T01:03:07.233Z] [INFO] Found 0 reports to execute in company_ry0iwbpw
[2025-08-05T01:03:07.234Z] [INFO] Scheduled reports check completed
[2025-08-05T01:03:07.236Z] [DEBUG] MongoDB connection closed
[2025-08-05T01:03:16.240Z] [INFO] Checking for scheduled reports...
[2025-08-05T01:03:17.010Z] [DEBUG] Connected to MongoDB
[2025-08-05T01:03:17.087Z] [INFO] Found 1 company databases
[2025-08-05T01:03:17.088Z] [DEBUG] Processing company database: company_ry0iwbpw
[2025-08-05T01:03:17.156Z] [DEBUG] Finding reports to execute in company_ry0iwbpw (current time: 2025-08-05T01:03:17.156Z)
[2025-08-05T01:03:17.222Z] [INFO] Found 0 reports to execute in company_ry0iwbpw
[2025-08-05T01:03:17.223Z] [INFO] Scheduled reports check completed
[2025-08-05T01:03:17.225Z] [DEBUG] MongoDB connection closed
[2025-08-05T01:03:26.241Z] [INFO] Checking for scheduled reports...
[2025-08-05T01:03:27.027Z] [DEBUG] Connected to MongoDB
[2025-08-05T01:03:27.106Z] [INFO] Found 1 company databases
[2025-08-05T01:03:27.107Z] [DEBUG] Processing company database: company_ry0iwbpw
[2025-08-05T01:03:27.179Z] [DEBUG] Finding reports to execute in company_ry0iwbpw (current time: 2025-08-05T01:03:27.179Z)
[2025-08-05T01:03:27.250Z] [INFO] Found 0 reports to execute in company_ry0iwbpw
[2025-08-05T01:03:27.256Z] [INFO] Scheduled reports check completed
[2025-08-05T01:03:27.259Z] [DEBUG] MongoDB connection closed
[2025-08-05T01:03:36.242Z] [INFO] Checking for scheduled reports...
[2025-08-05T01:03:37.042Z] [DEBUG] Connected to MongoDB
[2025-08-05T01:03:37.122Z] [INFO] Found 1 company databases
[2025-08-05T01:03:37.123Z] [DEBUG] Processing company database: company_ry0iwbpw
[2025-08-05T01:03:37.196Z] [DEBUG] Finding reports to execute in company_ry0iwbpw (current time: 2025-08-05T01:03:37.196Z)
[2025-08-05T01:03:37.271Z] [INFO] Found 0 reports to execute in company_ry0iwbpw
[2025-08-05T01:03:37.272Z] [INFO] Scheduled reports check completed
[2025-08-05T01:03:37.275Z] [DEBUG] MongoDB connection closed
[2025-08-05T01:03:46.243Z] [INFO] Checking for scheduled reports...
[2025-08-05T01:03:47.044Z] [DEBUG] Connected to MongoDB
[2025-08-05T01:03:47.121Z] [INFO] Found 1 company databases
[2025-08-05T01:03:47.122Z] [DEBUG] Processing company database: company_ry0iwbpw
[2025-08-05T01:03:47.191Z] [DEBUG] Finding reports to execute in company_ry0iwbpw (current time: 2025-08-05T01:03:47.191Z)
[2025-08-05T01:03:47.260Z] [INFO] Found 0 reports to execute in company_ry0iwbpw
[2025-08-05T01:03:47.260Z] [INFO] Scheduled reports check completed
[2025-08-05T01:03:47.263Z] [DEBUG] MongoDB connection closed
[2025-08-05T01:03:56.244Z] [INFO] Checking for scheduled reports...
[2025-08-05T01:03:57.031Z] [DEBUG] Connected to MongoDB
[2025-08-05T01:03:57.108Z] [INFO] Found 1 company databases
[2025-08-05T01:03:57.109Z] [DEBUG] Processing company database: company_ry0iwbpw
[2025-08-05T01:03:57.181Z] [DEBUG] Finding reports to execute in company_ry0iwbpw (current time: 2025-08-05T01:03:57.181Z)
[2025-08-05T01:03:57.250Z] [INFO] Found 0 reports to execute in company_ry0iwbpw
[2025-08-05T01:03:57.252Z] [INFO] Scheduled reports check completed
[2025-08-05T01:03:57.255Z] [DEBUG] MongoDB connection closed
[2025-08-05T01:04:06.245Z] [INFO] Checking for scheduled reports...
[2025-08-05T01:04:07.043Z] [DEBUG] Connected to MongoDB
[2025-08-05T01:04:07.123Z] [INFO] Found 1 company databases
[2025-08-05T01:04:07.124Z] [DEBUG] Processing company database: company_ry0iwbpw
[2025-08-05T01:04:07.196Z] [DEBUG] Finding reports to execute in company_ry0iwbpw (current time: 2025-08-05T01:04:07.196Z)
[2025-08-05T01:04:07.267Z] [INFO] Found 0 reports to execute in company_ry0iwbpw
[2025-08-05T01:04:07.271Z] [INFO] Scheduled reports check completed
[2025-08-05T01:04:07.275Z] [DEBUG] MongoDB connection closed
[2025-08-05T01:04:16.246Z] [INFO] Checking for scheduled reports...
[2025-08-05T01:04:17.026Z] [DEBUG] Connected to MongoDB
[2025-08-05T01:04:17.103Z] [INFO] Found 1 company databases
[2025-08-05T01:04:17.103Z] [DEBUG] Processing company database: company_ry0iwbpw
[2025-08-05T01:04:17.172Z] [DEBUG] Finding reports to execute in company_ry0iwbpw (current time: 2025-08-05T01:04:17.172Z)
[2025-08-05T01:04:17.241Z] [INFO] Found 0 reports to execute in company_ry0iwbpw
[2025-08-05T01:04:17.241Z] [INFO] Scheduled reports check completed
[2025-08-05T01:04:17.247Z] [DEBUG] MongoDB connection closed
[2025-08-05T01:04:26.247Z] [INFO] Checking for scheduled reports...
[2025-08-05T01:04:27.068Z] [DEBUG] Connected to MongoDB
[2025-08-05T01:04:27.149Z] [INFO] Found 1 company databases
[2025-08-05T01:04:27.149Z] [DEBUG] Processing company database: company_ry0iwbpw
[2025-08-05T01:04:27.221Z] [DEBUG] Finding reports to execute in company_ry0iwbpw (current time: 2025-08-05T01:04:27.221Z)
[2025-08-05T01:04:27.292Z] [INFO] Found 0 reports to execute in company_ry0iwbpw
[2025-08-05T01:04:27.294Z] [INFO] Scheduled reports check completed
[2025-08-05T01:04:27.296Z] [DEBUG] MongoDB connection closed
[2025-08-05T01:04:36.248Z] [INFO] Checking for scheduled reports...
[2025-08-05T01:04:37.013Z] [DEBUG] Connected to MongoDB
[2025-08-05T01:04:37.088Z] [INFO] Found 1 company databases
[2025-08-05T01:04:37.089Z] [DEBUG] Processing company database: company_ry0iwbpw
[2025-08-05T01:04:37.157Z] [DEBUG] Finding reports to execute in company_ry0iwbpw (current time: 2025-08-05T01:04:37.157Z)
[2025-08-05T01:04:37.224Z] [INFO] Found 0 reports to execute in company_ry0iwbpw
[2025-08-05T01:04:37.224Z] [INFO] Scheduled reports check completed
[2025-08-05T01:04:37.225Z] [DEBUG] MongoDB connection closed
[2025-08-05T01:04:46.248Z] [INFO] Checking for scheduled reports...
[2025-08-05T01:04:47.047Z] [DEBUG] Connected to MongoDB
[2025-08-05T01:04:47.125Z] [INFO] Found 1 company databases
[2025-08-05T01:04:47.126Z] [DEBUG] Processing company database: company_ry0iwbpw
[2025-08-05T01:04:47.196Z] [DEBUG] Finding reports to execute in company_ry0iwbpw (current time: 2025-08-05T01:04:47.196Z)
[2025-08-05T01:04:47.276Z] [INFO] Found 0 reports to execute in company_ry0iwbpw
[2025-08-05T01:04:47.277Z] [INFO] Scheduled reports check completed
[2025-08-05T01:04:47.278Z] [DEBUG] MongoDB connection closed
[2025-08-05T01:04:56.252Z] [INFO] Checking for scheduled reports...
[2025-08-05T01:04:57.056Z] [DEBUG] Connected to MongoDB
[2025-08-05T01:04:57.136Z] [INFO] Found 1 company databases
[2025-08-05T01:04:57.137Z] [DEBUG] Processing company database: company_ry0iwbpw
[2025-08-05T01:04:57.209Z] [DEBUG] Finding reports to execute in company_ry0iwbpw (current time: 2025-08-05T01:04:57.209Z)
[2025-08-05T01:04:57.281Z] [INFO] Found 0 reports to execute in company_ry0iwbpw
[2025-08-05T01:04:57.285Z] [INFO] Scheduled reports check completed
[2025-08-05T01:04:57.288Z] [DEBUG] MongoDB connection closed
[2025-08-05T01:05:06.253Z] [INFO] Checking for scheduled reports...
[2025-08-05T01:05:07.047Z] [DEBUG] Connected to MongoDB
[2025-08-05T01:05:07.129Z] [INFO] Found 1 company databases
[2025-08-05T01:05:07.129Z] [DEBUG] Processing company database: company_ry0iwbpw
[2025-08-05T01:05:07.202Z] [DEBUG] Finding reports to execute in company_ry0iwbpw (current time: 2025-08-05T01:05:07.202Z)
[2025-08-05T01:05:07.274Z] [INFO] Found 0 reports to execute in company_ry0iwbpw
[2025-08-05T01:05:07.278Z] [INFO] Scheduled reports check completed
[2025-08-05T01:05:07.281Z] [DEBUG] MongoDB connection closed
[2025-08-05T01:05:16.255Z] [INFO] Checking for scheduled reports...
[2025-08-05T01:05:17.060Z] [DEBUG] Connected to MongoDB
[2025-08-05T01:05:17.138Z] [INFO] Found 1 company databases
[2025-08-05T01:05:17.139Z] [DEBUG] Processing company database: company_ry0iwbpw
[2025-08-05T01:05:17.207Z] [DEBUG] Finding reports to execute in company_ry0iwbpw (current time: 2025-08-05T01:05:17.207Z)
[2025-08-05T01:05:17.274Z] [INFO] Found 0 reports to execute in company_ry0iwbpw
[2025-08-05T01:05:17.275Z] [INFO] Scheduled reports check completed
[2025-08-05T01:05:17.278Z] [DEBUG] MongoDB connection closed
[2025-08-05T01:05:26.256Z] [INFO] Checking for scheduled reports...
[2025-08-05T01:05:27.020Z] [DEBUG] Connected to MongoDB
[2025-08-05T01:05:27.098Z] [INFO] Found 1 company databases
[2025-08-05T01:05:27.099Z] [DEBUG] Processing company database: company_ry0iwbpw
[2025-08-05T01:05:27.168Z] [DEBUG] Finding reports to execute in company_ry0iwbpw (current time: 2025-08-05T01:05:27.168Z)
[2025-08-05T01:05:27.236Z] [INFO] Found 0 reports to execute in company_ry0iwbpw
[2025-08-05T01:05:27.237Z] [INFO] Scheduled reports check completed
[2025-08-05T01:05:27.238Z] [DEBUG] MongoDB connection closed
[2025-08-05T01:05:36.257Z] [INFO] Checking for scheduled reports...
[2025-08-05T01:05:37.065Z] [DEBUG] Connected to MongoDB
[2025-08-05T01:05:37.143Z] [INFO] Found 1 company databases
[2025-08-05T01:05:37.143Z] [DEBUG] Processing company database: company_ry0iwbpw
[2025-08-05T01:05:37.218Z] [DEBUG] Finding reports to execute in company_ry0iwbpw (current time: 2025-08-05T01:05:37.218Z)
[2025-08-05T01:05:37.289Z] [INFO] Found 0 reports to execute in company_ry0iwbpw
[2025-08-05T01:05:37.289Z] [INFO] Scheduled reports check completed
[2025-08-05T01:05:37.291Z] [DEBUG] MongoDB connection closed
[2025-08-05T01:05:46.258Z] [INFO] Checking for scheduled reports...
[2025-08-05T01:05:47.055Z] [DEBUG] Connected to MongoDB
[2025-08-05T01:05:47.134Z] [INFO] Found 1 company databases
[2025-08-05T01:05:47.135Z] [DEBUG] Processing company database: company_ry0iwbpw
[2025-08-05T01:05:47.206Z] [DEBUG] Finding reports to execute in company_ry0iwbpw (current time: 2025-08-05T01:05:47.206Z)
[2025-08-05T01:05:47.276Z] [INFO] Found 0 reports to execute in company_ry0iwbpw
[2025-08-05T01:05:47.277Z] [INFO] Scheduled reports check completed
[2025-08-05T01:05:47.278Z] [DEBUG] MongoDB connection closed
[2025-08-05T01:05:56.258Z] [INFO] Checking for scheduled reports...
[2025-08-05T01:05:57.091Z] [DEBUG] Connected to MongoDB
[2025-08-05T01:05:57.170Z] [INFO] Found 1 company databases
[2025-08-05T01:05:57.171Z] [DEBUG] Processing company database: company_ry0iwbpw
[2025-08-05T01:05:57.244Z] [DEBUG] Finding reports to execute in company_ry0iwbpw (current time: 2025-08-05T01:05:57.244Z)
[2025-08-05T01:05:57.315Z] [INFO] Found 0 reports to execute in company_ry0iwbpw
[2025-08-05T01:05:57.315Z] [INFO] Scheduled reports check completed
[2025-08-05T01:05:57.317Z] [DEBUG] MongoDB connection closed
[2025-08-05T01:06:06.259Z] [INFO] Checking for scheduled reports...
[2025-08-05T01:06:07.012Z] [DEBUG] Connected to MongoDB
[2025-08-05T01:06:07.086Z] [INFO] Found 1 company databases
[2025-08-05T01:06:07.086Z] [DEBUG] Processing company database: company_ry0iwbpw
[2025-08-05T01:06:07.152Z] [DEBUG] Finding reports to execute in company_ry0iwbpw (current time: 2025-08-05T01:06:07.152Z)
[2025-08-05T01:06:07.219Z] [INFO] Found 0 reports to execute in company_ry0iwbpw
[2025-08-05T01:06:07.219Z] [INFO] Scheduled reports check completed
[2025-08-05T01:06:07.220Z] [DEBUG] MongoDB connection closed
[2025-08-05T01:06:16.261Z] [INFO] Checking for scheduled reports...
[2025-08-05T01:06:17.103Z] [DEBUG] Connected to MongoDB
[2025-08-05T01:06:17.184Z] [INFO] Found 1 company databases
[2025-08-05T01:06:17.185Z] [DEBUG] Processing company database: company_ry0iwbpw
[2025-08-05T01:06:17.261Z] [DEBUG] Finding reports to execute in company_ry0iwbpw (current time: 2025-08-05T01:06:17.261Z)
[2025-08-05T01:06:17.333Z] [INFO] Found 0 reports to execute in company_ry0iwbpw
[2025-08-05T01:06:17.334Z] [INFO] Scheduled reports check completed
[2025-08-05T01:06:17.334Z] [DEBUG] MongoDB connection closed
[2025-08-05T01:06:26.263Z] [INFO] Checking for scheduled reports...
[2025-08-05T01:06:27.042Z] [DEBUG] Connected to MongoDB
[2025-08-05T01:06:27.120Z] [INFO] Found 1 company databases
[2025-08-05T01:06:27.121Z] [DEBUG] Processing company database: company_ry0iwbpw
[2025-08-05T01:06:27.189Z] [DEBUG] Finding reports to execute in company_ry0iwbpw (current time: 2025-08-05T01:06:27.189Z)
[2025-08-05T01:06:27.258Z] [INFO] Found 0 reports to execute in company_ry0iwbpw
[2025-08-05T01:06:27.259Z] [INFO] Scheduled reports check completed
[2025-08-05T01:06:27.263Z] [DEBUG] MongoDB connection closed
[2025-08-05T01:06:36.263Z] [INFO] Checking for scheduled reports...
[2025-08-05T01:06:37.049Z] [DEBUG] Connected to MongoDB
[2025-08-05T01:06:37.132Z] [INFO] Found 1 company databases
[2025-08-05T01:06:37.133Z] [DEBUG] Processing company database: company_ry0iwbpw
[2025-08-05T01:06:37.210Z] [DEBUG] Finding reports to execute in company_ry0iwbpw (current time: 2025-08-05T01:06:37.210Z)
[2025-08-05T01:06:37.281Z] [INFO] Found 0 reports to execute in company_ry0iwbpw
[2025-08-05T01:06:37.282Z] [INFO] Scheduled reports check completed
[2025-08-05T01:06:37.282Z] [DEBUG] MongoDB connection closed
[2025-08-05T01:06:46.264Z] [INFO] Checking for scheduled reports...
[2025-08-05T01:06:47.285Z] [DEBUG] Connected to MongoDB
[2025-08-05T01:06:47.361Z] [INFO] Found 1 company databases
[2025-08-05T01:06:47.361Z] [DEBUG] Processing company database: company_ry0iwbpw
[2025-08-05T01:06:47.427Z] [DEBUG] Finding reports to execute in company_ry0iwbpw (current time: 2025-08-05T01:06:47.427Z)
[2025-08-05T01:06:47.493Z] [INFO] Found 0 reports to execute in company_ry0iwbpw
[2025-08-05T01:06:47.493Z] [INFO] Scheduled reports check completed
[2025-08-05T01:06:47.494Z] [DEBUG] MongoDB connection closed
[2025-08-05T01:06:56.266Z] [INFO] Checking for scheduled reports...
[2025-08-05T01:06:57.045Z] [DEBUG] Connected to MongoDB
[2025-08-05T01:06:57.120Z] [INFO] Found 1 company databases
[2025-08-05T01:06:57.120Z] [DEBUG] Processing company database: company_ry0iwbpw
[2025-08-05T01:06:57.187Z] [DEBUG] Finding reports to execute in company_ry0iwbpw (current time: 2025-08-05T01:06:57.187Z)
[2025-08-05T01:06:57.254Z] [INFO] Found 0 reports to execute in company_ry0iwbpw
[2025-08-05T01:06:57.254Z] [INFO] Scheduled reports check completed
[2025-08-05T01:06:57.256Z] [DEBUG] MongoDB connection closed
[2025-08-05T01:07:06.267Z] [INFO] Checking for scheduled reports...
[2025-08-05T01:07:07.040Z] [DEBUG] Connected to MongoDB
[2025-08-05T01:07:07.118Z] [INFO] Found 1 company databases
[2025-08-05T01:07:07.118Z] [DEBUG] Processing company database: company_ry0iwbpw
[2025-08-05T01:07:07.188Z] [DEBUG] Finding reports to execute in company_ry0iwbpw (current time: 2025-08-05T01:07:07.188Z)
[2025-08-05T01:07:07.260Z] [INFO] Found 0 reports to execute in company_ry0iwbpw
[2025-08-05T01:07:07.260Z] [INFO] Scheduled reports check completed
[2025-08-05T01:07:07.261Z] [DEBUG] MongoDB connection closed
