[2025-06-28T00:00:15.997Z] [INFO] Checking for scheduled reports...
[2025-06-28T00:00:16.696Z] [DEBUG] Connected to MongoDB
[2025-06-28T00:00:16.760Z] [INFO] Found 1 company databases
[2025-06-28T00:00:16.760Z] [DEBUG] Processing company database: company_9jxwph8g
[2025-06-28T00:00:16.814Z] [DEBUG] Finding reports to execute in company_9jxwph8g (current time: 2025-06-28T00:00:16.814Z)
[2025-06-28T00:00:16.871Z] [INFO] Found 0 reports to execute in company_9jxwph8g
[2025-06-28T00:00:16.872Z] [INFO] Scheduled reports check completed
[2025-06-28T00:00:16.874Z] [DEBUG] MongoDB connection closed
[2025-06-28T00:00:45.999Z] [INFO] Checking for scheduled reports...
[2025-06-28T00:00:46.654Z] [DEBUG] Connected to MongoDB
[2025-06-28T00:00:46.720Z] [INFO] Found 1 company databases
[2025-06-28T00:00:46.721Z] [DEBUG] Processing company database: company_9jxwph8g
[2025-06-28T00:00:46.775Z] [DEBUG] Finding reports to execute in company_9jxwph8g (current time: 2025-06-28T00:00:46.774Z)
[2025-06-28T00:00:46.828Z] [INFO] Found 0 reports to execute in company_9jxwph8g
[2025-06-28T00:00:46.829Z] [INFO] Scheduled reports check completed
[2025-06-28T00:00:46.831Z] [DEBUG] MongoDB connection closed
[2025-06-28T00:01:16.000Z] [INFO] Checking for scheduled reports...
[2025-06-28T00:01:16.693Z] [DEBUG] Connected to MongoDB
[2025-06-28T00:01:16.759Z] [INFO] Found 1 company databases
[2025-06-28T00:01:16.760Z] [DEBUG] Processing company database: company_9jxwph8g
[2025-06-28T00:01:16.828Z] [DEBUG] Finding reports to execute in company_9jxwph8g (current time: 2025-06-28T00:01:16.828Z)
[2025-06-28T00:01:16.881Z] [INFO] Found 0 reports to execute in company_9jxwph8g
[2025-06-28T00:01:16.882Z] [INFO] Scheduled reports check completed
[2025-06-28T00:01:16.883Z] [DEBUG] MongoDB connection closed
[2025-06-28T00:01:46.001Z] [INFO] Checking for scheduled reports...
[2025-06-28T00:01:46.655Z] [DEBUG] Connected to MongoDB
[2025-06-28T00:01:46.719Z] [INFO] Found 1 company databases
[2025-06-28T00:01:46.719Z] [DEBUG] Processing company database: company_9jxwph8g
[2025-06-28T00:01:46.773Z] [DEBUG] Finding reports to execute in company_9jxwph8g (current time: 2025-06-28T00:01:46.773Z)
[2025-06-28T00:01:46.826Z] [INFO] Found 0 reports to execute in company_9jxwph8g
[2025-06-28T00:01:46.829Z] [INFO] Scheduled reports check completed
[2025-06-28T00:01:46.831Z] [DEBUG] MongoDB connection closed
[2025-06-28T00:02:16.002Z] [INFO] Checking for scheduled reports...
[2025-06-28T00:02:16.703Z] [DEBUG] Connected to MongoDB
[2025-06-28T00:02:16.777Z] [INFO] Found 1 company databases
[2025-06-28T00:02:16.777Z] [DEBUG] Processing company database: company_9jxwph8g
[2025-06-28T00:02:16.832Z] [DEBUG] Finding reports to execute in company_9jxwph8g (current time: 2025-06-28T00:02:16.832Z)
[2025-06-28T00:02:16.886Z] [INFO] Found 0 reports to execute in company_9jxwph8g
[2025-06-28T00:02:16.887Z] [INFO] Scheduled reports check completed
[2025-06-28T00:02:16.889Z] [DEBUG] MongoDB connection closed
[2025-06-28T00:02:46.004Z] [INFO] Checking for scheduled reports...
[2025-06-28T00:02:46.708Z] [DEBUG] Connected to MongoDB
[2025-06-28T00:02:46.773Z] [INFO] Found 1 company databases
[2025-06-28T00:02:46.774Z] [DEBUG] Processing company database: company_9jxwph8g
[2025-06-28T00:02:46.832Z] [DEBUG] Finding reports to execute in company_9jxwph8g (current time: 2025-06-28T00:02:46.832Z)
[2025-06-28T00:02:46.885Z] [INFO] Found 0 reports to execute in company_9jxwph8g
[2025-06-28T00:02:46.886Z] [INFO] Scheduled reports check completed
[2025-06-28T00:02:46.888Z] [DEBUG] MongoDB connection closed
[2025-06-28T00:03:16.004Z] [INFO] Checking for scheduled reports...
[2025-06-28T00:03:16.696Z] [DEBUG] Connected to MongoDB
[2025-06-28T00:03:16.761Z] [INFO] Found 1 company databases
[2025-06-28T00:03:16.761Z] [DEBUG] Processing company database: company_9jxwph8g
[2025-06-28T00:03:16.816Z] [DEBUG] Finding reports to execute in company_9jxwph8g (current time: 2025-06-28T00:03:16.816Z)
[2025-06-28T00:03:16.870Z] [INFO] Found 0 reports to execute in company_9jxwph8g
[2025-06-28T00:03:16.871Z] [INFO] Scheduled reports check completed
[2025-06-28T00:03:16.873Z] [DEBUG] MongoDB connection closed
[2025-06-28T00:03:46.005Z] [INFO] Checking for scheduled reports...
[2025-06-28T00:03:46.683Z] [DEBUG] Connected to MongoDB
[2025-06-28T00:03:46.748Z] [INFO] Found 1 company databases
[2025-06-28T00:03:46.749Z] [DEBUG] Processing company database: company_9jxwph8g
[2025-06-28T00:03:46.804Z] [DEBUG] Finding reports to execute in company_9jxwph8g (current time: 2025-06-28T00:03:46.804Z)
[2025-06-28T00:03:46.857Z] [INFO] Found 0 reports to execute in company_9jxwph8g
[2025-06-28T00:03:46.858Z] [INFO] Scheduled reports check completed
[2025-06-28T00:03:46.859Z] [DEBUG] MongoDB connection closed
[2025-06-28T00:04:16.006Z] [INFO] Checking for scheduled reports...
[2025-06-28T00:04:16.702Z] [DEBUG] Connected to MongoDB
[2025-06-28T00:04:16.768Z] [INFO] Found 1 company databases
[2025-06-28T00:04:16.769Z] [DEBUG] Processing company database: company_9jxwph8g
[2025-06-28T00:04:16.823Z] [DEBUG] Finding reports to execute in company_9jxwph8g (current time: 2025-06-28T00:04:16.823Z)
[2025-06-28T00:04:16.877Z] [INFO] Found 0 reports to execute in company_9jxwph8g
[2025-06-28T00:04:16.878Z] [INFO] Scheduled reports check completed
[2025-06-28T00:04:16.881Z] [DEBUG] MongoDB connection closed
[2025-06-28T00:04:46.009Z] [INFO] Checking for scheduled reports...
[2025-06-28T00:04:46.654Z] [DEBUG] Connected to MongoDB
[2025-06-28T00:04:46.717Z] [INFO] Found 1 company databases
[2025-06-28T00:04:46.717Z] [DEBUG] Processing company database: company_9jxwph8g
[2025-06-28T00:04:46.770Z] [DEBUG] Finding reports to execute in company_9jxwph8g (current time: 2025-06-28T00:04:46.770Z)
[2025-06-28T00:04:46.822Z] [INFO] Found 0 reports to execute in company_9jxwph8g
[2025-06-28T00:04:46.822Z] [INFO] Scheduled reports check completed
[2025-06-28T00:04:46.823Z] [DEBUG] MongoDB connection closed
[2025-06-28T00:05:16.010Z] [INFO] Checking for scheduled reports...
[2025-06-28T00:05:16.691Z] [DEBUG] Connected to MongoDB
[2025-06-28T00:05:16.757Z] [INFO] Found 1 company databases
[2025-06-28T00:05:16.757Z] [DEBUG] Processing company database: company_9jxwph8g
[2025-06-28T00:05:16.810Z] [DEBUG] Finding reports to execute in company_9jxwph8g (current time: 2025-06-28T00:05:16.810Z)
[2025-06-28T00:05:16.863Z] [INFO] Found 0 reports to execute in company_9jxwph8g
[2025-06-28T00:05:16.863Z] [INFO] Scheduled reports check completed
[2025-06-28T00:05:16.865Z] [DEBUG] MongoDB connection closed
[2025-06-28T00:05:46.012Z] [INFO] Checking for scheduled reports...
[2025-06-28T00:05:46.668Z] [DEBUG] Connected to MongoDB
[2025-06-28T00:05:46.733Z] [INFO] Found 1 company databases
[2025-06-28T00:05:46.733Z] [DEBUG] Processing company database: company_9jxwph8g
[2025-06-28T00:05:46.787Z] [DEBUG] Finding reports to execute in company_9jxwph8g (current time: 2025-06-28T00:05:46.787Z)
[2025-06-28T00:05:46.841Z] [INFO] Found 0 reports to execute in company_9jxwph8g
[2025-06-28T00:05:46.841Z] [INFO] Scheduled reports check completed
[2025-06-28T00:05:46.843Z] [DEBUG] MongoDB connection closed
[2025-06-28T00:06:16.013Z] [INFO] Checking for scheduled reports...
[2025-06-28T00:06:16.731Z] [DEBUG] Connected to MongoDB
[2025-06-28T00:06:16.796Z] [INFO] Found 1 company databases
[2025-06-28T00:06:16.797Z] [DEBUG] Processing company database: company_9jxwph8g
[2025-06-28T00:06:16.853Z] [DEBUG] Finding reports to execute in company_9jxwph8g (current time: 2025-06-28T00:06:16.853Z)
[2025-06-28T00:06:16.908Z] [INFO] Found 0 reports to execute in company_9jxwph8g
[2025-06-28T00:06:16.908Z] [INFO] Scheduled reports check completed
[2025-06-28T00:06:16.911Z] [DEBUG] MongoDB connection closed
[2025-06-28T00:06:46.014Z] [INFO] Checking for scheduled reports...
[2025-06-28T00:06:46.674Z] [DEBUG] Connected to MongoDB
[2025-06-28T00:06:46.740Z] [INFO] Found 1 company databases
[2025-06-28T00:06:46.741Z] [DEBUG] Processing company database: company_9jxwph8g
[2025-06-28T00:06:46.796Z] [DEBUG] Finding reports to execute in company_9jxwph8g (current time: 2025-06-28T00:06:46.796Z)
[2025-06-28T00:06:46.851Z] [INFO] Found 0 reports to execute in company_9jxwph8g
[2025-06-28T00:06:46.852Z] [INFO] Scheduled reports check completed
[2025-06-28T00:06:46.854Z] [DEBUG] MongoDB connection closed
[2025-06-28T00:07:16.015Z] [INFO] Checking for scheduled reports...
[2025-06-28T00:07:16.773Z] [DEBUG] Connected to MongoDB
[2025-06-28T00:07:16.838Z] [INFO] Found 1 company databases
[2025-06-28T00:07:16.839Z] [DEBUG] Processing company database: company_9jxwph8g
[2025-06-28T00:07:16.893Z] [DEBUG] Finding reports to execute in company_9jxwph8g (current time: 2025-06-28T00:07:16.893Z)
[2025-06-28T00:07:16.947Z] [INFO] Found 0 reports to execute in company_9jxwph8g
[2025-06-28T00:07:16.948Z] [INFO] Scheduled reports check completed
[2025-06-28T00:07:16.951Z] [DEBUG] MongoDB connection closed
[2025-06-28T00:07:46.016Z] [INFO] Checking for scheduled reports...
[2025-06-28T00:07:46.728Z] [DEBUG] Connected to MongoDB
[2025-06-28T00:07:46.792Z] [INFO] Found 1 company databases
[2025-06-28T00:07:46.793Z] [DEBUG] Processing company database: company_9jxwph8g
[2025-06-28T00:07:46.848Z] [DEBUG] Finding reports to execute in company_9jxwph8g (current time: 2025-06-28T00:07:46.848Z)
[2025-06-28T00:07:46.902Z] [INFO] Found 0 reports to execute in company_9jxwph8g
[2025-06-28T00:07:46.903Z] [INFO] Scheduled reports check completed
[2025-06-28T00:07:46.905Z] [DEBUG] MongoDB connection closed
[2025-06-28T00:08:16.016Z] [INFO] Checking for scheduled reports...
[2025-06-28T00:08:16.718Z] [DEBUG] Connected to MongoDB
[2025-06-28T00:08:16.784Z] [INFO] Found 1 company databases
[2025-06-28T00:08:16.785Z] [DEBUG] Processing company database: company_9jxwph8g
[2025-06-28T00:08:16.840Z] [DEBUG] Finding reports to execute in company_9jxwph8g (current time: 2025-06-28T00:08:16.840Z)
[2025-06-28T00:08:16.895Z] [INFO] Found 0 reports to execute in company_9jxwph8g
[2025-06-28T00:08:16.895Z] [INFO] Scheduled reports check completed
[2025-06-28T00:08:16.898Z] [DEBUG] MongoDB connection closed
[2025-06-28T00:08:46.018Z] [INFO] Checking for scheduled reports...
[2025-06-28T00:08:46.801Z] [DEBUG] Connected to MongoDB
[2025-06-28T00:08:46.866Z] [INFO] Found 1 company databases
[2025-06-28T00:08:46.867Z] [DEBUG] Processing company database: company_9jxwph8g
[2025-06-28T00:08:46.921Z] [DEBUG] Finding reports to execute in company_9jxwph8g (current time: 2025-06-28T00:08:46.921Z)
[2025-06-28T00:08:46.976Z] [INFO] Found 0 reports to execute in company_9jxwph8g
[2025-06-28T00:08:46.976Z] [INFO] Scheduled reports check completed
[2025-06-28T00:08:46.979Z] [DEBUG] MongoDB connection closed
[2025-06-28T00:09:16.019Z] [INFO] Checking for scheduled reports...
[2025-06-28T00:09:16.712Z] [DEBUG] Connected to MongoDB
[2025-06-28T00:09:16.776Z] [INFO] Found 1 company databases
[2025-06-28T00:09:16.776Z] [DEBUG] Processing company database: company_9jxwph8g
[2025-06-28T00:09:16.831Z] [DEBUG] Finding reports to execute in company_9jxwph8g (current time: 2025-06-28T00:09:16.831Z)
[2025-06-28T00:09:16.885Z] [INFO] Found 0 reports to execute in company_9jxwph8g
[2025-06-28T00:09:16.886Z] [INFO] Scheduled reports check completed
[2025-06-28T00:09:16.888Z] [DEBUG] MongoDB connection closed
[2025-06-28T00:09:46.020Z] [INFO] Checking for scheduled reports...
[2025-06-28T00:09:46.678Z] [DEBUG] Connected to MongoDB
[2025-06-28T00:09:46.743Z] [INFO] Found 1 company databases
[2025-06-28T00:09:46.743Z] [DEBUG] Processing company database: company_9jxwph8g
[2025-06-28T00:09:46.798Z] [DEBUG] Finding reports to execute in company_9jxwph8g (current time: 2025-06-28T00:09:46.798Z)
[2025-06-28T00:09:46.852Z] [INFO] Found 0 reports to execute in company_9jxwph8g
[2025-06-28T00:09:46.853Z] [INFO] Scheduled reports check completed
[2025-06-28T00:09:46.855Z] [DEBUG] MongoDB connection closed
[2025-06-28T00:10:16.021Z] [INFO] Checking for scheduled reports...
[2025-06-28T00:10:16.841Z] [DEBUG] Connected to MongoDB
[2025-06-28T00:10:16.917Z] [INFO] Found 1 company databases
[2025-06-28T00:10:16.918Z] [DEBUG] Processing company database: company_9jxwph8g
[2025-06-28T00:10:16.972Z] [DEBUG] Finding reports to execute in company_9jxwph8g (current time: 2025-06-28T00:10:16.972Z)
[2025-06-28T00:10:17.026Z] [INFO] Found 0 reports to execute in company_9jxwph8g
[2025-06-28T00:10:17.027Z] [INFO] Scheduled reports check completed
[2025-06-28T00:10:17.030Z] [DEBUG] MongoDB connection closed
[2025-06-28T00:10:46.022Z] [INFO] Checking for scheduled reports...
[2025-06-28T00:10:46.680Z] [DEBUG] Connected to MongoDB
[2025-06-28T00:10:46.745Z] [INFO] Found 1 company databases
[2025-06-28T00:10:46.746Z] [DEBUG] Processing company database: company_9jxwph8g
[2025-06-28T00:10:46.801Z] [DEBUG] Finding reports to execute in company_9jxwph8g (current time: 2025-06-28T00:10:46.801Z)
[2025-06-28T00:10:46.855Z] [INFO] Found 0 reports to execute in company_9jxwph8g
[2025-06-28T00:10:46.856Z] [INFO] Scheduled reports check completed
[2025-06-28T00:10:46.858Z] [DEBUG] MongoDB connection closed
[2025-06-28T00:11:16.024Z] [INFO] Checking for scheduled reports...
[2025-06-28T00:11:16.675Z] [DEBUG] Connected to MongoDB
[2025-06-28T00:11:16.737Z] [INFO] Found 1 company databases
[2025-06-28T00:11:16.738Z] [DEBUG] Processing company database: company_9jxwph8g
[2025-06-28T00:11:16.788Z] [DEBUG] Finding reports to execute in company_9jxwph8g (current time: 2025-06-28T00:11:16.788Z)
[2025-06-28T00:11:16.838Z] [INFO] Found 0 reports to execute in company_9jxwph8g
[2025-06-28T00:11:16.839Z] [INFO] Scheduled reports check completed
[2025-06-28T00:11:16.841Z] [DEBUG] MongoDB connection closed
[2025-06-28T00:11:46.037Z] [INFO] Checking for scheduled reports...
[2025-06-28T00:11:46.793Z] [DEBUG] Connected to MongoDB
[2025-06-28T00:11:46.857Z] [INFO] Found 1 company databases
[2025-06-28T00:11:46.858Z] [DEBUG] Processing company database: company_9jxwph8g
[2025-06-28T00:11:46.913Z] [DEBUG] Finding reports to execute in company_9jxwph8g (current time: 2025-06-28T00:11:46.912Z)
[2025-06-28T00:11:46.967Z] [INFO] Found 0 reports to execute in company_9jxwph8g
[2025-06-28T00:11:46.968Z] [INFO] Scheduled reports check completed
[2025-06-28T00:11:46.970Z] [DEBUG] MongoDB connection closed
[2025-06-28T00:12:16.053Z] [INFO] Checking for scheduled reports...
[2025-06-28T00:12:16.705Z] [DEBUG] Connected to MongoDB
[2025-06-28T00:12:16.768Z] [INFO] Found 1 company databases
[2025-06-28T00:12:16.768Z] [DEBUG] Processing company database: company_9jxwph8g
[2025-06-28T00:12:16.819Z] [DEBUG] Finding reports to execute in company_9jxwph8g (current time: 2025-06-28T00:12:16.819Z)
[2025-06-28T00:12:16.869Z] [INFO] Found 0 reports to execute in company_9jxwph8g
[2025-06-28T00:12:16.870Z] [INFO] Scheduled reports check completed
[2025-06-28T00:12:16.873Z] [DEBUG] MongoDB connection closed
[2025-06-28T00:12:46.057Z] [INFO] Checking for scheduled reports...
[2025-06-28T00:12:46.671Z] [DEBUG] Connected to MongoDB
[2025-06-28T00:12:46.732Z] [INFO] Found 1 company databases
[2025-06-28T00:12:46.733Z] [DEBUG] Processing company database: company_9jxwph8g
[2025-06-28T00:12:46.784Z] [DEBUG] Finding reports to execute in company_9jxwph8g (current time: 2025-06-28T00:12:46.784Z)
[2025-06-28T00:12:46.833Z] [INFO] Found 0 reports to execute in company_9jxwph8g
[2025-06-28T00:12:46.834Z] [INFO] Scheduled reports check completed
[2025-06-28T00:12:46.836Z] [DEBUG] MongoDB connection closed
[2025-06-28T00:13:16.058Z] [INFO] Checking for scheduled reports...
[2025-06-28T00:13:16.822Z] [DEBUG] Connected to MongoDB
[2025-06-28T00:13:16.883Z] [INFO] Found 1 company databases
[2025-06-28T00:13:16.884Z] [DEBUG] Processing company database: company_9jxwph8g
[2025-06-28T00:13:16.934Z] [DEBUG] Finding reports to execute in company_9jxwph8g (current time: 2025-06-28T00:13:16.934Z)
[2025-06-28T00:13:16.984Z] [INFO] Found 0 reports to execute in company_9jxwph8g
[2025-06-28T00:13:16.985Z] [INFO] Scheduled reports check completed
[2025-06-28T00:13:16.987Z] [DEBUG] MongoDB connection closed
[2025-06-28T00:13:46.058Z] [INFO] Checking for scheduled reports...
[2025-06-28T00:13:46.678Z] [DEBUG] Connected to MongoDB
[2025-06-28T00:13:46.738Z] [INFO] Found 1 company databases
[2025-06-28T00:13:46.739Z] [DEBUG] Processing company database: company_9jxwph8g
[2025-06-28T00:13:46.789Z] [DEBUG] Finding reports to execute in company_9jxwph8g (current time: 2025-06-28T00:13:46.789Z)
[2025-06-28T00:13:46.838Z] [INFO] Found 0 reports to execute in company_9jxwph8g
[2025-06-28T00:13:46.838Z] [INFO] Scheduled reports check completed
[2025-06-28T00:13:46.840Z] [DEBUG] MongoDB connection closed
[2025-06-28T00:14:16.061Z] [INFO] Checking for scheduled reports...
[2025-06-28T00:14:16.744Z] [DEBUG] Connected to MongoDB
[2025-06-28T00:14:16.805Z] [INFO] Found 1 company databases
[2025-06-28T00:14:16.805Z] [DEBUG] Processing company database: company_9jxwph8g
[2025-06-28T00:14:16.856Z] [DEBUG] Finding reports to execute in company_9jxwph8g (current time: 2025-06-28T00:14:16.856Z)
[2025-06-28T00:14:16.907Z] [INFO] Found 0 reports to execute in company_9jxwph8g
[2025-06-28T00:14:16.907Z] [INFO] Scheduled reports check completed
[2025-06-28T00:14:16.910Z] [DEBUG] MongoDB connection closed
[2025-06-28T00:14:46.062Z] [INFO] Checking for scheduled reports...
[2025-06-28T00:14:46.788Z] [DEBUG] Connected to MongoDB
[2025-06-28T00:14:46.850Z] [INFO] Found 1 company databases
[2025-06-28T00:14:46.851Z] [DEBUG] Processing company database: company_9jxwph8g
[2025-06-28T00:14:46.900Z] [DEBUG] Finding reports to execute in company_9jxwph8g (current time: 2025-06-28T00:14:46.900Z)
[2025-06-28T00:14:46.950Z] [INFO] Found 0 reports to execute in company_9jxwph8g
[2025-06-28T00:14:46.951Z] [INFO] Scheduled reports check completed
[2025-06-28T00:14:46.953Z] [DEBUG] MongoDB connection closed
[2025-06-28T00:15:16.064Z] [INFO] Checking for scheduled reports...
[2025-06-28T00:15:16.715Z] [DEBUG] Connected to MongoDB
[2025-06-28T00:15:16.776Z] [INFO] Found 1 company databases
[2025-06-28T00:15:16.777Z] [DEBUG] Processing company database: company_9jxwph8g
[2025-06-28T00:15:16.827Z] [DEBUG] Finding reports to execute in company_9jxwph8g (current time: 2025-06-28T00:15:16.827Z)
[2025-06-28T00:15:16.878Z] [INFO] Found 0 reports to execute in company_9jxwph8g
[2025-06-28T00:15:16.878Z] [INFO] Scheduled reports check completed
[2025-06-28T00:15:16.881Z] [DEBUG] MongoDB connection closed
[2025-06-28T00:15:46.066Z] [INFO] Checking for scheduled reports...
[2025-06-28T00:15:46.693Z] [DEBUG] Connected to MongoDB
[2025-06-28T00:15:46.754Z] [INFO] Found 1 company databases
[2025-06-28T00:15:46.754Z] [DEBUG] Processing company database: company_9jxwph8g
[2025-06-28T00:15:46.805Z] [DEBUG] Finding reports to execute in company_9jxwph8g (current time: 2025-06-28T00:15:46.805Z)
[2025-06-28T00:15:46.855Z] [INFO] Found 0 reports to execute in company_9jxwph8g
[2025-06-28T00:15:46.856Z] [INFO] Scheduled reports check completed
[2025-06-28T00:15:46.858Z] [DEBUG] MongoDB connection closed
[2025-06-28T00:16:16.068Z] [INFO] Checking for scheduled reports...
[2025-06-28T00:16:16.836Z] [DEBUG] Connected to MongoDB
[2025-06-28T00:16:16.897Z] [INFO] Found 1 company databases
[2025-06-28T00:16:16.897Z] [DEBUG] Processing company database: company_9jxwph8g
[2025-06-28T00:16:16.948Z] [DEBUG] Finding reports to execute in company_9jxwph8g (current time: 2025-06-28T00:16:16.948Z)
[2025-06-28T00:16:16.998Z] [INFO] Found 0 reports to execute in company_9jxwph8g
[2025-06-28T00:16:16.998Z] [INFO] Scheduled reports check completed
[2025-06-28T00:16:17.000Z] [DEBUG] MongoDB connection closed
[2025-06-28T00:16:46.069Z] [INFO] Checking for scheduled reports...
[2025-06-28T00:16:46.686Z] [DEBUG] Connected to MongoDB
[2025-06-28T00:16:46.755Z] [INFO] Found 1 company databases
[2025-06-28T00:16:46.756Z] [DEBUG] Processing company database: company_9jxwph8g
[2025-06-28T00:16:46.807Z] [DEBUG] Finding reports to execute in company_9jxwph8g (current time: 2025-06-28T00:16:46.807Z)
[2025-06-28T00:16:46.858Z] [INFO] Found 0 reports to execute in company_9jxwph8g
[2025-06-28T00:16:46.859Z] [INFO] Scheduled reports check completed
[2025-06-28T00:16:46.861Z] [DEBUG] MongoDB connection closed
[2025-06-28T00:17:16.072Z] [INFO] Checking for scheduled reports...
[2025-06-28T00:17:16.732Z] [DEBUG] Connected to MongoDB
[2025-06-28T00:17:16.803Z] [INFO] Found 1 company databases
[2025-06-28T00:17:16.804Z] [DEBUG] Processing company database: company_9jxwph8g
[2025-06-28T00:17:16.854Z] [DEBUG] Finding reports to execute in company_9jxwph8g (current time: 2025-06-28T00:17:16.854Z)
[2025-06-28T00:17:16.904Z] [INFO] Found 0 reports to execute in company_9jxwph8g
[2025-06-28T00:17:16.905Z] [INFO] Scheduled reports check completed
[2025-06-28T00:17:16.907Z] [DEBUG] MongoDB connection closed
[2025-06-28T00:17:46.074Z] [INFO] Checking for scheduled reports...
[2025-06-28T00:17:46.799Z] [DEBUG] Connected to MongoDB
[2025-06-28T00:17:46.860Z] [INFO] Found 1 company databases
[2025-06-28T00:17:46.861Z] [DEBUG] Processing company database: company_9jxwph8g
[2025-06-28T00:17:46.911Z] [DEBUG] Finding reports to execute in company_9jxwph8g (current time: 2025-06-28T00:17:46.911Z)
[2025-06-28T00:17:46.961Z] [INFO] Found 0 reports to execute in company_9jxwph8g
[2025-06-28T00:17:46.962Z] [INFO] Scheduled reports check completed
[2025-06-28T00:17:46.964Z] [DEBUG] MongoDB connection closed
[2025-06-28T00:18:16.076Z] [INFO] Checking for scheduled reports...
[2025-06-28T00:18:16.738Z] [DEBUG] Connected to MongoDB
[2025-06-28T00:18:16.800Z] [INFO] Found 1 company databases
[2025-06-28T00:18:16.800Z] [DEBUG] Processing company database: company_9jxwph8g
[2025-06-28T00:18:16.851Z] [DEBUG] Finding reports to execute in company_9jxwph8g (current time: 2025-06-28T00:18:16.851Z)
[2025-06-28T00:18:16.902Z] [INFO] Found 0 reports to execute in company_9jxwph8g
[2025-06-28T00:18:16.903Z] [INFO] Scheduled reports check completed
[2025-06-28T00:18:16.905Z] [DEBUG] MongoDB connection closed
[2025-06-28T00:18:46.077Z] [INFO] Checking for scheduled reports...
[2025-06-28T00:18:46.717Z] [DEBUG] Connected to MongoDB
[2025-06-28T00:18:46.778Z] [INFO] Found 1 company databases
[2025-06-28T00:18:46.779Z] [DEBUG] Processing company database: company_9jxwph8g
[2025-06-28T00:18:46.831Z] [DEBUG] Finding reports to execute in company_9jxwph8g (current time: 2025-06-28T00:18:46.831Z)
[2025-06-28T00:18:46.881Z] [INFO] Found 0 reports to execute in company_9jxwph8g
[2025-06-28T00:18:46.882Z] [INFO] Scheduled reports check completed
[2025-06-28T00:18:46.884Z] [DEBUG] MongoDB connection closed
[2025-06-28T00:19:16.079Z] [INFO] Checking for scheduled reports...
[2025-06-28T00:19:16.905Z] [DEBUG] Connected to MongoDB
[2025-06-28T00:19:16.969Z] [INFO] Found 1 company databases
[2025-06-28T00:19:16.970Z] [DEBUG] Processing company database: company_9jxwph8g
[2025-06-28T00:19:17.021Z] [DEBUG] Finding reports to execute in company_9jxwph8g (current time: 2025-06-28T00:19:17.021Z)
[2025-06-28T00:19:17.072Z] [INFO] Found 0 reports to execute in company_9jxwph8g
[2025-06-28T00:19:17.072Z] [INFO] Scheduled reports check completed
[2025-06-28T00:19:17.073Z] [DEBUG] MongoDB connection closed
[2025-06-28T00:19:46.080Z] [INFO] Checking for scheduled reports...
[2025-06-28T00:19:46.862Z] [DEBUG] Connected to MongoDB
[2025-06-28T00:19:46.931Z] [INFO] Found 1 company databases
[2025-06-28T00:19:46.932Z] [DEBUG] Processing company database: company_9jxwph8g
[2025-06-28T00:19:46.982Z] [DEBUG] Finding reports to execute in company_9jxwph8g (current time: 2025-06-28T00:19:46.982Z)
[2025-06-28T00:19:47.032Z] [INFO] Found 0 reports to execute in company_9jxwph8g
[2025-06-28T00:19:47.033Z] [INFO] Scheduled reports check completed
[2025-06-28T00:19:47.035Z] [DEBUG] MongoDB connection closed
[2025-06-28T00:20:16.081Z] [INFO] Checking for scheduled reports...
[2025-06-28T00:20:16.925Z] [DEBUG] Connected to MongoDB
[2025-06-28T00:20:16.985Z] [INFO] Found 1 company databases
[2025-06-28T00:20:16.985Z] [DEBUG] Processing company database: company_9jxwph8g
[2025-06-28T00:20:17.036Z] [DEBUG] Finding reports to execute in company_9jxwph8g (current time: 2025-06-28T00:20:17.036Z)
[2025-06-28T00:20:17.085Z] [INFO] Found 0 reports to execute in company_9jxwph8g
[2025-06-28T00:20:17.086Z] [INFO] Scheduled reports check completed
[2025-06-28T00:20:17.088Z] [DEBUG] MongoDB connection closed
[2025-06-28T00:20:46.083Z] [INFO] Checking for scheduled reports...
[2025-06-28T00:20:46.975Z] [DEBUG] Connected to MongoDB
[2025-06-28T00:20:47.040Z] [INFO] Found 1 company databases
[2025-06-28T00:20:47.040Z] [DEBUG] Processing company database: company_9jxwph8g
[2025-06-28T00:20:47.096Z] [DEBUG] Finding reports to execute in company_9jxwph8g (current time: 2025-06-28T00:20:47.096Z)
[2025-06-28T00:20:47.150Z] [INFO] Found 0 reports to execute in company_9jxwph8g
[2025-06-28T00:20:47.150Z] [INFO] Scheduled reports check completed
[2025-06-28T00:20:47.153Z] [DEBUG] MongoDB connection closed
[2025-06-28T00:21:16.085Z] [INFO] Checking for scheduled reports...
[2025-06-28T00:21:16.933Z] [DEBUG] Connected to MongoDB
[2025-06-28T00:21:16.996Z] [INFO] Found 1 company databases
[2025-06-28T00:21:16.996Z] [DEBUG] Processing company database: company_9jxwph8g
[2025-06-28T00:21:17.050Z] [DEBUG] Finding reports to execute in company_9jxwph8g (current time: 2025-06-28T00:21:17.050Z)
[2025-06-28T00:21:17.104Z] [INFO] Found 0 reports to execute in company_9jxwph8g
[2025-06-28T00:21:17.104Z] [INFO] Scheduled reports check completed
[2025-06-28T00:21:17.106Z] [DEBUG] MongoDB connection closed
[2025-06-28T00:21:46.086Z] [INFO] Checking for scheduled reports...
[2025-06-28T00:21:46.858Z] [DEBUG] Connected to MongoDB
[2025-06-28T00:21:46.924Z] [INFO] Found 1 company databases
[2025-06-28T00:21:46.924Z] [DEBUG] Processing company database: company_9jxwph8g
[2025-06-28T00:21:46.978Z] [DEBUG] Finding reports to execute in company_9jxwph8g (current time: 2025-06-28T00:21:46.978Z)
[2025-06-28T00:21:47.031Z] [INFO] Found 0 reports to execute in company_9jxwph8g
[2025-06-28T00:21:47.032Z] [INFO] Scheduled reports check completed
[2025-06-28T00:21:47.033Z] [DEBUG] MongoDB connection closed
[2025-06-28T00:22:16.088Z] [INFO] Checking for scheduled reports...
[2025-06-28T00:22:16.902Z] [DEBUG] Connected to MongoDB
[2025-06-28T00:22:16.964Z] [INFO] Found 1 company databases
[2025-06-28T00:22:16.965Z] [DEBUG] Processing company database: company_9jxwph8g
[2025-06-28T00:22:17.019Z] [DEBUG] Finding reports to execute in company_9jxwph8g (current time: 2025-06-28T00:22:17.019Z)
[2025-06-28T00:22:17.072Z] [INFO] Found 0 reports to execute in company_9jxwph8g
[2025-06-28T00:22:17.073Z] [INFO] Scheduled reports check completed
[2025-06-28T00:22:17.081Z] [DEBUG] MongoDB connection closed
[2025-06-28T00:22:46.090Z] [INFO] Checking for scheduled reports...
[2025-06-28T00:22:46.901Z] [DEBUG] Connected to MongoDB
[2025-06-28T00:22:46.967Z] [INFO] Found 1 company databases
[2025-06-28T00:22:46.967Z] [DEBUG] Processing company database: company_9jxwph8g
[2025-06-28T00:22:47.022Z] [DEBUG] Finding reports to execute in company_9jxwph8g (current time: 2025-06-28T00:22:47.022Z)
[2025-06-28T00:22:47.076Z] [INFO] Found 0 reports to execute in company_9jxwph8g
[2025-06-28T00:22:47.076Z] [INFO] Scheduled reports check completed
[2025-06-28T00:22:47.078Z] [DEBUG] MongoDB connection closed
[2025-06-28T00:23:16.091Z] [INFO] Checking for scheduled reports...
[2025-06-28T00:23:16.905Z] [DEBUG] Connected to MongoDB
[2025-06-28T00:23:16.970Z] [INFO] Found 1 company databases
[2025-06-28T00:23:16.970Z] [DEBUG] Processing company database: company_9jxwph8g
[2025-06-28T00:23:17.025Z] [DEBUG] Finding reports to execute in company_9jxwph8g (current time: 2025-06-28T00:23:17.025Z)
[2025-06-28T00:23:17.080Z] [INFO] Found 0 reports to execute in company_9jxwph8g
[2025-06-28T00:23:17.080Z] [INFO] Scheduled reports check completed
[2025-06-28T00:23:17.083Z] [DEBUG] MongoDB connection closed
[2025-06-28T00:23:46.093Z] [INFO] Checking for scheduled reports...
[2025-06-28T00:23:47.002Z] [DEBUG] Connected to MongoDB
[2025-06-28T00:23:47.067Z] [INFO] Found 1 company databases
[2025-06-28T00:23:47.067Z] [DEBUG] Processing company database: company_9jxwph8g
[2025-06-28T00:23:47.122Z] [DEBUG] Finding reports to execute in company_9jxwph8g (current time: 2025-06-28T00:23:47.122Z)
[2025-06-28T00:23:47.175Z] [INFO] Found 0 reports to execute in company_9jxwph8g
[2025-06-28T00:23:47.176Z] [INFO] Scheduled reports check completed
[2025-06-28T00:23:47.179Z] [DEBUG] MongoDB connection closed
[2025-06-28T00:24:16.093Z] [INFO] Checking for scheduled reports...
[2025-06-28T00:24:16.934Z] [DEBUG] Connected to MongoDB
[2025-06-28T00:24:16.998Z] [INFO] Found 1 company databases
[2025-06-28T00:24:16.999Z] [DEBUG] Processing company database: company_9jxwph8g
[2025-06-28T00:24:17.055Z] [DEBUG] Finding reports to execute in company_9jxwph8g (current time: 2025-06-28T00:24:17.055Z)
[2025-06-28T00:24:17.109Z] [INFO] Found 0 reports to execute in company_9jxwph8g
[2025-06-28T00:24:17.110Z] [INFO] Scheduled reports check completed
[2025-06-28T00:24:17.112Z] [DEBUG] MongoDB connection closed
[2025-06-28T00:24:46.095Z] [INFO] Checking for scheduled reports...
[2025-06-28T00:24:46.888Z] [DEBUG] Connected to MongoDB
[2025-06-28T00:24:46.953Z] [INFO] Found 1 company databases
[2025-06-28T00:24:46.953Z] [DEBUG] Processing company database: company_9jxwph8g
[2025-06-28T00:24:47.008Z] [DEBUG] Finding reports to execute in company_9jxwph8g (current time: 2025-06-28T00:24:47.008Z)
[2025-06-28T00:24:47.063Z] [INFO] Found 0 reports to execute in company_9jxwph8g
[2025-06-28T00:24:47.063Z] [INFO] Scheduled reports check completed
[2025-06-28T00:24:47.064Z] [DEBUG] MongoDB connection closed
[2025-06-28T00:25:16.097Z] [INFO] Checking for scheduled reports...
[2025-06-28T00:25:17.051Z] [DEBUG] Connected to MongoDB
[2025-06-28T00:25:17.120Z] [INFO] Found 1 company databases
[2025-06-28T00:25:17.120Z] [DEBUG] Processing company database: company_9jxwph8g
[2025-06-28T00:25:17.182Z] [DEBUG] Finding reports to execute in company_9jxwph8g (current time: 2025-06-28T00:25:17.182Z)
[2025-06-28T00:25:17.236Z] [INFO] Found 0 reports to execute in company_9jxwph8g
[2025-06-28T00:25:17.237Z] [INFO] Scheduled reports check completed
[2025-06-28T00:25:17.239Z] [DEBUG] MongoDB connection closed
[2025-06-28T00:25:46.098Z] [INFO] Checking for scheduled reports...
[2025-06-28T00:25:46.984Z] [DEBUG] Connected to MongoDB
[2025-06-28T00:25:47.049Z] [INFO] Found 1 company databases
[2025-06-28T00:25:47.050Z] [DEBUG] Processing company database: company_9jxwph8g
[2025-06-28T00:25:47.103Z] [DEBUG] Finding reports to execute in company_9jxwph8g (current time: 2025-06-28T00:25:47.103Z)
[2025-06-28T00:25:47.157Z] [INFO] Found 0 reports to execute in company_9jxwph8g
[2025-06-28T00:25:47.157Z] [INFO] Scheduled reports check completed
[2025-06-28T00:25:47.159Z] [DEBUG] MongoDB connection closed
[2025-06-28T00:26:16.100Z] [INFO] Checking for scheduled reports...
[2025-06-28T00:26:17.318Z] [DEBUG] Connected to MongoDB
[2025-06-28T00:26:17.382Z] [INFO] Found 1 company databases
[2025-06-28T00:26:17.382Z] [DEBUG] Processing company database: company_9jxwph8g
[2025-06-28T00:26:17.437Z] [DEBUG] Finding reports to execute in company_9jxwph8g (current time: 2025-06-28T00:26:17.437Z)
[2025-06-28T00:26:17.490Z] [INFO] Found 0 reports to execute in company_9jxwph8g
[2025-06-28T00:26:17.490Z] [INFO] Scheduled reports check completed
[2025-06-28T00:26:17.492Z] [DEBUG] MongoDB connection closed
[2025-06-28T00:26:46.100Z] [INFO] Checking for scheduled reports...
[2025-06-28T00:26:47.015Z] [DEBUG] Connected to MongoDB
[2025-06-28T00:26:47.086Z] [INFO] Found 1 company databases
[2025-06-28T00:26:47.087Z] [DEBUG] Processing company database: company_9jxwph8g
[2025-06-28T00:26:47.142Z] [DEBUG] Finding reports to execute in company_9jxwph8g (current time: 2025-06-28T00:26:47.142Z)
[2025-06-28T00:26:47.196Z] [INFO] Found 0 reports to execute in company_9jxwph8g
[2025-06-28T00:26:47.197Z] [INFO] Scheduled reports check completed
[2025-06-28T00:26:47.200Z] [DEBUG] MongoDB connection closed
[2025-06-28T00:27:16.102Z] [INFO] Checking for scheduled reports...
[2025-06-28T00:27:16.918Z] [DEBUG] Connected to MongoDB
[2025-06-28T00:27:16.983Z] [INFO] Found 1 company databases
[2025-06-28T00:27:16.984Z] [DEBUG] Processing company database: company_9jxwph8g
[2025-06-28T00:27:17.050Z] [DEBUG] Finding reports to execute in company_9jxwph8g (current time: 2025-06-28T00:27:17.050Z)
[2025-06-28T00:27:17.105Z] [INFO] Found 0 reports to execute in company_9jxwph8g
[2025-06-28T00:27:17.105Z] [INFO] Scheduled reports check completed
[2025-06-28T00:27:17.108Z] [DEBUG] MongoDB connection closed
[2025-06-28T00:27:46.104Z] [INFO] Checking for scheduled reports...
[2025-06-28T00:27:46.984Z] [DEBUG] Connected to MongoDB
[2025-06-28T00:27:47.050Z] [INFO] Found 1 company databases
[2025-06-28T00:27:47.050Z] [DEBUG] Processing company database: company_9jxwph8g
[2025-06-28T00:27:47.104Z] [DEBUG] Finding reports to execute in company_9jxwph8g (current time: 2025-06-28T00:27:47.104Z)
[2025-06-28T00:27:47.158Z] [INFO] Found 0 reports to execute in company_9jxwph8g
[2025-06-28T00:27:47.158Z] [INFO] Scheduled reports check completed
[2025-06-28T00:27:47.160Z] [DEBUG] MongoDB connection closed
[2025-06-28T00:28:16.105Z] [INFO] Checking for scheduled reports...
[2025-06-28T00:28:17.411Z] [DEBUG] Connected to MongoDB
[2025-06-28T00:28:17.477Z] [INFO] Found 1 company databases
[2025-06-28T00:28:17.477Z] [DEBUG] Processing company database: company_9jxwph8g
[2025-06-28T00:28:17.532Z] [DEBUG] Finding reports to execute in company_9jxwph8g (current time: 2025-06-28T00:28:17.532Z)
[2025-06-28T00:28:17.585Z] [INFO] Found 0 reports to execute in company_9jxwph8g
[2025-06-28T00:28:17.585Z] [INFO] Scheduled reports check completed
[2025-06-28T00:28:17.586Z] [DEBUG] MongoDB connection closed
[2025-06-28T00:28:46.107Z] [INFO] Checking for scheduled reports...
[2025-06-28T00:28:46.873Z] [DEBUG] Connected to MongoDB
[2025-06-28T00:28:46.937Z] [INFO] Found 1 company databases
[2025-06-28T00:28:46.938Z] [DEBUG] Processing company database: company_9jxwph8g
[2025-06-28T00:28:46.992Z] [DEBUG] Finding reports to execute in company_9jxwph8g (current time: 2025-06-28T00:28:46.992Z)
[2025-06-28T00:28:47.046Z] [INFO] Found 0 reports to execute in company_9jxwph8g
[2025-06-28T00:28:47.047Z] [INFO] Scheduled reports check completed
[2025-06-28T00:28:47.049Z] [DEBUG] MongoDB connection closed
[2025-06-28T00:29:16.109Z] [INFO] Checking for scheduled reports...
[2025-06-28T00:29:16.946Z] [DEBUG] Connected to MongoDB
[2025-06-28T00:29:17.011Z] [INFO] Found 1 company databases
[2025-06-28T00:29:17.011Z] [DEBUG] Processing company database: company_9jxwph8g
[2025-06-28T00:29:17.068Z] [DEBUG] Finding reports to execute in company_9jxwph8g (current time: 2025-06-28T00:29:17.068Z)
[2025-06-28T00:29:17.121Z] [INFO] Found 0 reports to execute in company_9jxwph8g
[2025-06-28T00:29:17.122Z] [INFO] Scheduled reports check completed
[2025-06-28T00:29:17.125Z] [DEBUG] MongoDB connection closed
[2025-06-28T00:29:46.110Z] [INFO] Checking for scheduled reports...
[2025-06-28T00:29:47.141Z] [DEBUG] Connected to MongoDB
[2025-06-28T00:29:47.206Z] [INFO] Found 1 company databases
[2025-06-28T00:29:47.207Z] [DEBUG] Processing company database: company_9jxwph8g
[2025-06-28T00:29:47.261Z] [DEBUG] Finding reports to execute in company_9jxwph8g (current time: 2025-06-28T00:29:47.261Z)
[2025-06-28T00:29:47.315Z] [INFO] Found 0 reports to execute in company_9jxwph8g
[2025-06-28T00:29:47.315Z] [INFO] Scheduled reports check completed
[2025-06-28T00:29:47.318Z] [DEBUG] MongoDB connection closed
[2025-06-28T00:30:16.112Z] [INFO] Checking for scheduled reports...
[2025-06-28T00:30:16.926Z] [DEBUG] Connected to MongoDB
[2025-06-28T00:30:16.991Z] [INFO] Found 1 company databases
[2025-06-28T00:30:16.991Z] [DEBUG] Processing company database: company_9jxwph8g
[2025-06-28T00:30:17.045Z] [DEBUG] Finding reports to execute in company_9jxwph8g (current time: 2025-06-28T00:30:17.045Z)
[2025-06-28T00:30:17.099Z] [INFO] Found 0 reports to execute in company_9jxwph8g
[2025-06-28T00:30:17.100Z] [INFO] Scheduled reports check completed
[2025-06-28T00:30:17.102Z] [DEBUG] MongoDB connection closed
[2025-06-28T00:30:46.112Z] [INFO] Checking for scheduled reports...
[2025-06-28T00:30:46.884Z] [DEBUG] Connected to MongoDB
[2025-06-28T00:30:46.949Z] [INFO] Found 1 company databases
[2025-06-28T00:30:46.949Z] [DEBUG] Processing company database: company_9jxwph8g
[2025-06-28T00:30:47.004Z] [DEBUG] Finding reports to execute in company_9jxwph8g (current time: 2025-06-28T00:30:47.004Z)
[2025-06-28T00:30:47.101Z] [INFO] Found 0 reports to execute in company_9jxwph8g
[2025-06-28T00:30:47.101Z] [INFO] Scheduled reports check completed
[2025-06-28T00:30:47.103Z] [DEBUG] MongoDB connection closed
[2025-06-28T00:31:16.114Z] [INFO] Checking for scheduled reports...
[2025-06-28T00:31:16.732Z] [DEBUG] Connected to MongoDB
[2025-06-28T00:31:16.904Z] [INFO] Found 1 company databases
[2025-06-28T00:31:16.904Z] [DEBUG] Processing company database: company_9jxwph8g
[2025-06-28T00:31:16.959Z] [DEBUG] Finding reports to execute in company_9jxwph8g (current time: 2025-06-28T00:31:16.959Z)
[2025-06-28T00:31:17.012Z] [INFO] Found 0 reports to execute in company_9jxwph8g
[2025-06-28T00:31:17.013Z] [INFO] Scheduled reports check completed
[2025-06-28T00:31:17.015Z] [DEBUG] MongoDB connection closed
[2025-06-28T00:31:46.116Z] [INFO] Checking for scheduled reports...
[2025-06-28T00:31:46.968Z] [DEBUG] Connected to MongoDB
[2025-06-28T00:31:47.037Z] [INFO] Found 1 company databases
[2025-06-28T00:31:47.038Z] [DEBUG] Processing company database: company_9jxwph8g
[2025-06-28T00:31:47.092Z] [DEBUG] Finding reports to execute in company_9jxwph8g (current time: 2025-06-28T00:31:47.092Z)
[2025-06-28T00:31:47.146Z] [INFO] Found 0 reports to execute in company_9jxwph8g
[2025-06-28T00:31:47.146Z] [INFO] Scheduled reports check completed
[2025-06-28T00:31:47.147Z] [DEBUG] MongoDB connection closed
[2025-06-28T00:32:16.118Z] [INFO] Checking for scheduled reports...
[2025-06-28T00:32:17.005Z] [DEBUG] Connected to MongoDB
[2025-06-28T00:32:17.076Z] [INFO] Found 1 company databases
[2025-06-28T00:32:17.076Z] [DEBUG] Processing company database: company_9jxwph8g
[2025-06-28T00:32:17.130Z] [DEBUG] Finding reports to execute in company_9jxwph8g (current time: 2025-06-28T00:32:17.130Z)
[2025-06-28T00:32:17.185Z] [INFO] Found 0 reports to execute in company_9jxwph8g
[2025-06-28T00:32:17.185Z] [INFO] Scheduled reports check completed
[2025-06-28T00:32:17.187Z] [DEBUG] MongoDB connection closed
[2025-06-28T00:32:46.118Z] [INFO] Checking for scheduled reports...
[2025-06-28T00:32:47.074Z] [DEBUG] Connected to MongoDB
[2025-06-28T00:32:47.139Z] [INFO] Found 1 company databases
[2025-06-28T00:32:47.141Z] [DEBUG] Processing company database: company_9jxwph8g
[2025-06-28T00:32:47.196Z] [DEBUG] Finding reports to execute in company_9jxwph8g (current time: 2025-06-28T00:32:47.196Z)
[2025-06-28T00:32:47.249Z] [INFO] Found 0 reports to execute in company_9jxwph8g
[2025-06-28T00:32:47.250Z] [INFO] Scheduled reports check completed
[2025-06-28T00:32:47.252Z] [DEBUG] MongoDB connection closed
[2025-06-28T00:33:16.119Z] [INFO] Checking for scheduled reports...
[2025-06-28T00:33:16.992Z] [DEBUG] Connected to MongoDB
[2025-06-28T00:33:17.059Z] [INFO] Found 1 company databases
[2025-06-28T00:33:17.059Z] [DEBUG] Processing company database: company_9jxwph8g
[2025-06-28T00:33:17.113Z] [DEBUG] Finding reports to execute in company_9jxwph8g (current time: 2025-06-28T00:33:17.113Z)
[2025-06-28T00:33:17.167Z] [INFO] Found 0 reports to execute in company_9jxwph8g
[2025-06-28T00:33:17.168Z] [INFO] Scheduled reports check completed
[2025-06-28T00:33:17.170Z] [DEBUG] MongoDB connection closed
[2025-06-28T00:33:46.120Z] [INFO] Checking for scheduled reports...
[2025-06-28T00:33:46.842Z] [DEBUG] Connected to MongoDB
[2025-06-28T00:33:47.023Z] [INFO] Found 1 company databases
[2025-06-28T00:33:47.024Z] [DEBUG] Processing company database: company_9jxwph8g
[2025-06-28T00:33:47.078Z] [DEBUG] Finding reports to execute in company_9jxwph8g (current time: 2025-06-28T00:33:47.078Z)
[2025-06-28T00:33:47.132Z] [INFO] Found 0 reports to execute in company_9jxwph8g
[2025-06-28T00:33:47.133Z] [INFO] Scheduled reports check completed
[2025-06-28T00:33:47.135Z] [DEBUG] MongoDB connection closed
[2025-06-28T00:34:16.120Z] [INFO] Checking for scheduled reports...
[2025-06-28T00:34:16.846Z] [DEBUG] Connected to MongoDB
[2025-06-28T00:34:17.047Z] [INFO] Found 1 company databases
[2025-06-28T00:34:17.048Z] [DEBUG] Processing company database: company_9jxwph8g
[2025-06-28T00:34:17.100Z] [DEBUG] Finding reports to execute in company_9jxwph8g (current time: 2025-06-28T00:34:17.100Z)
[2025-06-28T00:34:17.154Z] [INFO] Found 0 reports to execute in company_9jxwph8g
[2025-06-28T00:34:17.154Z] [INFO] Scheduled reports check completed
[2025-06-28T00:34:17.156Z] [DEBUG] MongoDB connection closed
[2025-06-28T00:34:46.122Z] [INFO] Checking for scheduled reports...
[2025-06-28T00:34:46.819Z] [DEBUG] Connected to MongoDB
[2025-06-28T00:34:46.885Z] [INFO] Found 1 company databases
[2025-06-28T00:34:46.885Z] [DEBUG] Processing company database: company_9jxwph8g
[2025-06-28T00:34:46.940Z] [DEBUG] Finding reports to execute in company_9jxwph8g (current time: 2025-06-28T00:34:46.940Z)
[2025-06-28T00:34:46.993Z] [INFO] Found 0 reports to execute in company_9jxwph8g
[2025-06-28T00:34:46.993Z] [INFO] Scheduled reports check completed
[2025-06-28T00:34:46.996Z] [DEBUG] MongoDB connection closed
[2025-06-28T00:35:16.123Z] [INFO] Checking for scheduled reports...
[2025-06-28T00:35:16.853Z] [DEBUG] Connected to MongoDB
[2025-06-28T00:35:16.919Z] [INFO] Found 1 company databases
[2025-06-28T00:35:16.920Z] [DEBUG] Processing company database: company_9jxwph8g
[2025-06-28T00:35:17.108Z] [DEBUG] Finding reports to execute in company_9jxwph8g (current time: 2025-06-28T00:35:17.108Z)
[2025-06-28T00:35:17.162Z] [INFO] Found 0 reports to execute in company_9jxwph8g
[2025-06-28T00:35:17.163Z] [INFO] Scheduled reports check completed
[2025-06-28T00:35:17.164Z] [DEBUG] MongoDB connection closed
[2025-06-28T00:35:46.124Z] [INFO] Checking for scheduled reports...
[2025-06-28T00:35:46.826Z] [DEBUG] Connected to MongoDB
[2025-06-28T00:35:46.892Z] [INFO] Found 1 company databases
[2025-06-28T00:35:46.893Z] [DEBUG] Processing company database: company_9jxwph8g
[2025-06-28T00:35:46.947Z] [DEBUG] Finding reports to execute in company_9jxwph8g (current time: 2025-06-28T00:35:46.947Z)
[2025-06-28T00:35:47.138Z] [INFO] Found 0 reports to execute in company_9jxwph8g
[2025-06-28T00:35:47.139Z] [INFO] Scheduled reports check completed
[2025-06-28T00:35:47.141Z] [DEBUG] MongoDB connection closed
[2025-06-28T00:36:16.125Z] [INFO] Checking for scheduled reports...
[2025-06-28T00:36:17.158Z] [DEBUG] Connected to MongoDB
[2025-06-28T00:36:17.225Z] [INFO] Found 1 company databases
[2025-06-28T00:36:17.226Z] [DEBUG] Processing company database: company_9jxwph8g
[2025-06-28T00:36:17.280Z] [DEBUG] Finding reports to execute in company_9jxwph8g (current time: 2025-06-28T00:36:17.280Z)
[2025-06-28T00:36:17.334Z] [INFO] Found 0 reports to execute in company_9jxwph8g
[2025-06-28T00:36:17.335Z] [INFO] Scheduled reports check completed
[2025-06-28T00:36:17.337Z] [DEBUG] MongoDB connection closed
[2025-06-28T00:36:46.126Z] [INFO] Checking for scheduled reports...
[2025-06-28T00:36:46.829Z] [DEBUG] Connected to MongoDB
[2025-06-28T00:36:46.895Z] [INFO] Found 1 company databases
[2025-06-28T00:36:46.895Z] [DEBUG] Processing company database: company_9jxwph8g
[2025-06-28T00:36:46.950Z] [DEBUG] Finding reports to execute in company_9jxwph8g (current time: 2025-06-28T00:36:46.950Z)
[2025-06-28T00:36:47.005Z] [INFO] Found 0 reports to execute in company_9jxwph8g
[2025-06-28T00:36:47.006Z] [INFO] Scheduled reports check completed
[2025-06-28T00:36:47.009Z] [DEBUG] MongoDB connection closed
[2025-06-28T00:37:16.127Z] [INFO] Checking for scheduled reports...
[2025-06-28T00:37:16.970Z] [DEBUG] Connected to MongoDB
[2025-06-28T00:37:17.035Z] [INFO] Found 1 company databases
[2025-06-28T00:37:17.035Z] [DEBUG] Processing company database: company_9jxwph8g
[2025-06-28T00:37:17.222Z] [DEBUG] Finding reports to execute in company_9jxwph8g (current time: 2025-06-28T00:37:17.222Z)
[2025-06-28T00:37:17.275Z] [INFO] Found 0 reports to execute in company_9jxwph8g
[2025-06-28T00:37:17.276Z] [INFO] Scheduled reports check completed
[2025-06-28T00:37:17.278Z] [DEBUG] MongoDB connection closed
[2025-06-28T00:37:46.128Z] [INFO] Checking for scheduled reports...
[2025-06-28T00:37:46.825Z] [DEBUG] Connected to MongoDB
[2025-06-28T00:37:46.891Z] [INFO] Found 1 company databases
[2025-06-28T00:37:46.891Z] [DEBUG] Processing company database: company_9jxwph8g
[2025-06-28T00:37:46.946Z] [DEBUG] Finding reports to execute in company_9jxwph8g (current time: 2025-06-28T00:37:46.946Z)
[2025-06-28T00:37:47.001Z] [INFO] Found 0 reports to execute in company_9jxwph8g
[2025-06-28T00:37:47.002Z] [INFO] Scheduled reports check completed
[2025-06-28T00:37:47.004Z] [DEBUG] MongoDB connection closed
[2025-06-28T00:38:16.129Z] [INFO] Checking for scheduled reports...
[2025-06-28T00:38:16.945Z] [DEBUG] Connected to MongoDB
[2025-06-28T00:38:17.010Z] [INFO] Found 1 company databases
[2025-06-28T00:38:17.011Z] [DEBUG] Processing company database: company_9jxwph8g
[2025-06-28T00:38:17.066Z] [DEBUG] Finding reports to execute in company_9jxwph8g (current time: 2025-06-28T00:38:17.066Z)
[2025-06-28T00:38:17.271Z] [INFO] Found 0 reports to execute in company_9jxwph8g
[2025-06-28T00:38:17.272Z] [INFO] Scheduled reports check completed
[2025-06-28T00:38:17.274Z] [DEBUG] MongoDB connection closed
[2025-06-28T00:38:46.130Z] [INFO] Checking for scheduled reports...
[2025-06-28T00:38:46.934Z] [DEBUG] Connected to MongoDB
[2025-06-28T00:38:47.000Z] [INFO] Found 1 company databases
[2025-06-28T00:38:47.001Z] [DEBUG] Processing company database: company_9jxwph8g
[2025-06-28T00:38:47.056Z] [DEBUG] Finding reports to execute in company_9jxwph8g (current time: 2025-06-28T00:38:47.056Z)
[2025-06-28T00:38:47.109Z] [INFO] Found 0 reports to execute in company_9jxwph8g
[2025-06-28T00:38:47.110Z] [INFO] Scheduled reports check completed
[2025-06-28T00:38:47.112Z] [DEBUG] MongoDB connection closed
[2025-06-28T00:39:16.130Z] [INFO] Checking for scheduled reports...
[2025-06-28T00:39:16.853Z] [DEBUG] Connected to MongoDB
[2025-06-28T00:39:16.924Z] [INFO] Found 1 company databases
[2025-06-28T00:39:16.925Z] [DEBUG] Processing company database: company_9jxwph8g
[2025-06-28T00:39:16.982Z] [DEBUG] Finding reports to execute in company_9jxwph8g (current time: 2025-06-28T00:39:16.982Z)
[2025-06-28T00:39:17.036Z] [INFO] Found 0 reports to execute in company_9jxwph8g
[2025-06-28T00:39:17.036Z] [INFO] Scheduled reports check completed
[2025-06-28T00:39:17.038Z] [DEBUG] MongoDB connection closed
[2025-06-28T00:39:46.131Z] [INFO] Checking for scheduled reports...
[2025-06-28T00:39:46.918Z] [DEBUG] Connected to MongoDB
[2025-06-28T00:39:46.983Z] [INFO] Found 1 company databases
[2025-06-28T00:39:46.983Z] [DEBUG] Processing company database: company_9jxwph8g
[2025-06-28T00:39:47.038Z] [DEBUG] Finding reports to execute in company_9jxwph8g (current time: 2025-06-28T00:39:47.038Z)
[2025-06-28T00:39:47.091Z] [INFO] Found 0 reports to execute in company_9jxwph8g
[2025-06-28T00:39:47.092Z] [INFO] Scheduled reports check completed
[2025-06-28T00:39:47.094Z] [DEBUG] MongoDB connection closed
[2025-06-28T00:40:16.132Z] [INFO] Checking for scheduled reports...
[2025-06-28T00:40:16.976Z] [DEBUG] Connected to MongoDB
[2025-06-28T00:40:17.043Z] [INFO] Found 1 company databases
[2025-06-28T00:40:17.043Z] [DEBUG] Processing company database: company_9jxwph8g
[2025-06-28T00:40:17.096Z] [DEBUG] Finding reports to execute in company_9jxwph8g (current time: 2025-06-28T00:40:17.096Z)
[2025-06-28T00:40:17.149Z] [INFO] Found 0 reports to execute in company_9jxwph8g
[2025-06-28T00:40:17.150Z] [INFO] Scheduled reports check completed
[2025-06-28T00:40:17.150Z] [DEBUG] MongoDB connection closed
[2025-06-28T00:40:46.134Z] [INFO] Checking for scheduled reports...
[2025-06-28T00:40:46.827Z] [DEBUG] Connected to MongoDB
[2025-06-28T00:40:46.891Z] [INFO] Found 1 company databases
[2025-06-28T00:40:46.892Z] [DEBUG] Processing company database: company_9jxwph8g
[2025-06-28T00:40:46.946Z] [DEBUG] Finding reports to execute in company_9jxwph8g (current time: 2025-06-28T00:40:46.946Z)
[2025-06-28T00:40:46.999Z] [INFO] Found 0 reports to execute in company_9jxwph8g
[2025-06-28T00:40:47.000Z] [INFO] Scheduled reports check completed
[2025-06-28T00:40:47.002Z] [DEBUG] MongoDB connection closed
[2025-06-28T00:41:16.135Z] [INFO] Checking for scheduled reports...
[2025-06-28T00:41:16.896Z] [DEBUG] Connected to MongoDB
[2025-06-28T00:41:16.961Z] [INFO] Found 1 company databases
[2025-06-28T00:41:16.962Z] [DEBUG] Processing company database: company_9jxwph8g
[2025-06-28T00:41:17.017Z] [DEBUG] Finding reports to execute in company_9jxwph8g (current time: 2025-06-28T00:41:17.017Z)
[2025-06-28T00:41:17.071Z] [INFO] Found 0 reports to execute in company_9jxwph8g
[2025-06-28T00:41:17.071Z] [INFO] Scheduled reports check completed
[2025-06-28T00:41:17.074Z] [DEBUG] MongoDB connection closed
[2025-06-28T00:41:46.137Z] [INFO] Checking for scheduled reports...
[2025-06-28T00:41:46.912Z] [DEBUG] Connected to MongoDB
[2025-06-28T00:41:46.977Z] [INFO] Found 1 company databases
[2025-06-28T00:41:46.978Z] [DEBUG] Processing company database: company_9jxwph8g
[2025-06-28T00:41:47.032Z] [DEBUG] Finding reports to execute in company_9jxwph8g (current time: 2025-06-28T00:41:47.032Z)
[2025-06-28T00:41:47.101Z] [INFO] Found 0 reports to execute in company_9jxwph8g
[2025-06-28T00:41:47.102Z] [INFO] Scheduled reports check completed
[2025-06-28T00:41:47.105Z] [DEBUG] MongoDB connection closed
[2025-06-28T00:42:16.138Z] [INFO] Checking for scheduled reports...
[2025-06-28T00:42:16.859Z] [DEBUG] Connected to MongoDB
[2025-06-28T00:42:16.924Z] [INFO] Found 1 company databases
[2025-06-28T00:42:16.924Z] [DEBUG] Processing company database: company_9jxwph8g
[2025-06-28T00:42:16.979Z] [DEBUG] Finding reports to execute in company_9jxwph8g (current time: 2025-06-28T00:42:16.979Z)
[2025-06-28T00:42:17.033Z] [INFO] Found 0 reports to execute in company_9jxwph8g
[2025-06-28T00:42:17.033Z] [INFO] Scheduled reports check completed
[2025-06-28T00:42:17.035Z] [DEBUG] MongoDB connection closed
[2025-06-28T00:42:46.139Z] [INFO] Checking for scheduled reports...
[2025-06-28T00:42:46.841Z] [DEBUG] Connected to MongoDB
[2025-06-28T00:42:46.906Z] [INFO] Found 1 company databases
[2025-06-28T00:42:46.907Z] [DEBUG] Processing company database: company_9jxwph8g
[2025-06-28T00:42:46.961Z] [DEBUG] Finding reports to execute in company_9jxwph8g (current time: 2025-06-28T00:42:46.961Z)
[2025-06-28T00:42:47.015Z] [INFO] Found 0 reports to execute in company_9jxwph8g
[2025-06-28T00:42:47.016Z] [INFO] Scheduled reports check completed
[2025-06-28T00:42:47.018Z] [DEBUG] MongoDB connection closed
[2025-06-28T00:43:16.141Z] [INFO] Checking for scheduled reports...
[2025-06-28T00:43:16.985Z] [DEBUG] Connected to MongoDB
[2025-06-28T00:43:17.049Z] [INFO] Found 1 company databases
[2025-06-28T00:43:17.050Z] [DEBUG] Processing company database: company_9jxwph8g
[2025-06-28T00:43:17.104Z] [DEBUG] Finding reports to execute in company_9jxwph8g (current time: 2025-06-28T00:43:17.104Z)
[2025-06-28T00:43:17.157Z] [INFO] Found 0 reports to execute in company_9jxwph8g
[2025-06-28T00:43:17.158Z] [INFO] Scheduled reports check completed
[2025-06-28T00:43:17.160Z] [DEBUG] MongoDB connection closed
[2025-06-28T00:43:46.141Z] [INFO] Checking for scheduled reports...
[2025-06-28T00:43:46.919Z] [DEBUG] Connected to MongoDB
[2025-06-28T00:43:46.985Z] [INFO] Found 1 company databases
[2025-06-28T00:43:46.985Z] [DEBUG] Processing company database: company_9jxwph8g
[2025-06-28T00:43:47.040Z] [DEBUG] Finding reports to execute in company_9jxwph8g (current time: 2025-06-28T00:43:47.040Z)
[2025-06-28T00:43:47.094Z] [INFO] Found 0 reports to execute in company_9jxwph8g
[2025-06-28T00:43:47.094Z] [INFO] Scheduled reports check completed
[2025-06-28T00:43:47.095Z] [DEBUG] MongoDB connection closed
[2025-06-28T00:44:16.143Z] [INFO] Checking for scheduled reports...
[2025-06-28T00:44:16.878Z] [DEBUG] Connected to MongoDB
[2025-06-28T00:44:16.943Z] [INFO] Found 1 company databases
[2025-06-28T00:44:16.943Z] [DEBUG] Processing company database: company_9jxwph8g
[2025-06-28T00:44:16.998Z] [DEBUG] Finding reports to execute in company_9jxwph8g (current time: 2025-06-28T00:44:16.998Z)
[2025-06-28T00:44:17.052Z] [INFO] Found 0 reports to execute in company_9jxwph8g
[2025-06-28T00:44:17.052Z] [INFO] Scheduled reports check completed
[2025-06-28T00:44:17.055Z] [DEBUG] MongoDB connection closed
[2025-06-28T00:44:46.145Z] [INFO] Checking for scheduled reports...
[2025-06-28T00:44:46.905Z] [DEBUG] Connected to MongoDB
[2025-06-28T00:44:46.970Z] [INFO] Found 1 company databases
[2025-06-28T00:44:46.970Z] [DEBUG] Processing company database: company_9jxwph8g
[2025-06-28T00:44:47.024Z] [DEBUG] Finding reports to execute in company_9jxwph8g (current time: 2025-06-28T00:44:47.024Z)
[2025-06-28T00:44:47.078Z] [INFO] Found 0 reports to execute in company_9jxwph8g
[2025-06-28T00:44:47.078Z] [INFO] Scheduled reports check completed
[2025-06-28T00:44:47.080Z] [DEBUG] MongoDB connection closed
[2025-06-28T00:45:16.146Z] [INFO] Checking for scheduled reports...
[2025-06-28T00:45:16.877Z] [DEBUG] Connected to MongoDB
[2025-06-28T00:45:16.942Z] [INFO] Found 1 company databases
[2025-06-28T00:45:16.942Z] [DEBUG] Processing company database: company_9jxwph8g
[2025-06-28T00:45:16.996Z] [DEBUG] Finding reports to execute in company_9jxwph8g (current time: 2025-06-28T00:45:16.996Z)
[2025-06-28T00:45:17.049Z] [INFO] Found 0 reports to execute in company_9jxwph8g
[2025-06-28T00:45:17.049Z] [INFO] Scheduled reports check completed
[2025-06-28T00:45:17.050Z] [DEBUG] MongoDB connection closed
[2025-06-28T00:45:46.147Z] [INFO] Checking for scheduled reports...
[2025-06-28T00:45:46.850Z] [DEBUG] Connected to MongoDB
[2025-06-28T00:45:46.919Z] [INFO] Found 1 company databases
[2025-06-28T00:45:46.920Z] [DEBUG] Processing company database: company_9jxwph8g
[2025-06-28T00:45:46.976Z] [DEBUG] Finding reports to execute in company_9jxwph8g (current time: 2025-06-28T00:45:46.976Z)
[2025-06-28T00:45:47.030Z] [INFO] Found 0 reports to execute in company_9jxwph8g
[2025-06-28T00:45:47.031Z] [INFO] Scheduled reports check completed
[2025-06-28T00:45:47.033Z] [DEBUG] MongoDB connection closed
[2025-06-28T00:46:16.149Z] [INFO] Checking for scheduled reports...
[2025-06-28T00:46:16.883Z] [DEBUG] Connected to MongoDB
[2025-06-28T00:46:16.947Z] [INFO] Found 1 company databases
[2025-06-28T00:46:16.947Z] [DEBUG] Processing company database: company_9jxwph8g
[2025-06-28T00:46:17.000Z] [DEBUG] Finding reports to execute in company_9jxwph8g (current time: 2025-06-28T00:46:17.000Z)
[2025-06-28T00:46:17.052Z] [INFO] Found 0 reports to execute in company_9jxwph8g
[2025-06-28T00:46:17.053Z] [INFO] Scheduled reports check completed
[2025-06-28T00:46:17.054Z] [DEBUG] MongoDB connection closed
[2025-06-28T00:46:46.150Z] [INFO] Checking for scheduled reports...
[2025-06-28T00:46:46.844Z] [DEBUG] Connected to MongoDB
[2025-06-28T00:46:46.909Z] [INFO] Found 1 company databases
[2025-06-28T00:46:46.910Z] [DEBUG] Processing company database: company_9jxwph8g
[2025-06-28T00:46:46.964Z] [DEBUG] Finding reports to execute in company_9jxwph8g (current time: 2025-06-28T00:46:46.964Z)
[2025-06-28T00:46:47.018Z] [INFO] Found 0 reports to execute in company_9jxwph8g
[2025-06-28T00:46:47.019Z] [INFO] Scheduled reports check completed
[2025-06-28T00:46:47.021Z] [DEBUG] MongoDB connection closed
[2025-06-28T00:47:16.152Z] [INFO] Checking for scheduled reports...
[2025-06-28T00:47:16.891Z] [DEBUG] Connected to MongoDB
[2025-06-28T00:47:16.956Z] [INFO] Found 1 company databases
[2025-06-28T00:47:16.957Z] [DEBUG] Processing company database: company_9jxwph8g
[2025-06-28T00:47:17.011Z] [DEBUG] Finding reports to execute in company_9jxwph8g (current time: 2025-06-28T00:47:17.011Z)
[2025-06-28T00:47:17.065Z] [INFO] Found 0 reports to execute in company_9jxwph8g
[2025-06-28T00:47:17.066Z] [INFO] Scheduled reports check completed
[2025-06-28T00:47:17.068Z] [DEBUG] MongoDB connection closed
[2025-06-28T00:47:46.153Z] [INFO] Checking for scheduled reports...
[2025-06-28T00:47:46.954Z] [DEBUG] Connected to MongoDB
[2025-06-28T00:47:47.018Z] [INFO] Found 1 company databases
[2025-06-28T00:47:47.019Z] [DEBUG] Processing company database: company_9jxwph8g
[2025-06-28T00:47:47.076Z] [DEBUG] Finding reports to execute in company_9jxwph8g (current time: 2025-06-28T00:47:47.076Z)
[2025-06-28T00:47:47.130Z] [INFO] Found 0 reports to execute in company_9jxwph8g
[2025-06-28T00:47:47.131Z] [INFO] Scheduled reports check completed
[2025-06-28T00:47:47.134Z] [DEBUG] MongoDB connection closed
[2025-06-28T00:48:16.155Z] [INFO] Checking for scheduled reports...
[2025-06-28T00:48:16.884Z] [DEBUG] Connected to MongoDB
[2025-06-28T00:48:16.950Z] [INFO] Found 1 company databases
[2025-06-28T00:48:16.951Z] [DEBUG] Processing company database: company_9jxwph8g
[2025-06-28T00:48:17.005Z] [DEBUG] Finding reports to execute in company_9jxwph8g (current time: 2025-06-28T00:48:17.005Z)
[2025-06-28T00:48:17.058Z] [INFO] Found 0 reports to execute in company_9jxwph8g
[2025-06-28T00:48:17.058Z] [INFO] Scheduled reports check completed
[2025-06-28T00:48:17.060Z] [DEBUG] MongoDB connection closed
[2025-06-28T00:48:46.158Z] [INFO] Checking for scheduled reports...
[2025-06-28T00:48:46.870Z] [DEBUG] Connected to MongoDB
[2025-06-28T00:48:46.934Z] [INFO] Found 1 company databases
[2025-06-28T00:48:46.935Z] [DEBUG] Processing company database: company_9jxwph8g
[2025-06-28T00:48:46.989Z] [DEBUG] Finding reports to execute in company_9jxwph8g (current time: 2025-06-28T00:48:46.989Z)
[2025-06-28T00:48:47.043Z] [INFO] Found 0 reports to execute in company_9jxwph8g
[2025-06-28T00:48:47.043Z] [INFO] Scheduled reports check completed
[2025-06-28T00:48:47.045Z] [DEBUG] MongoDB connection closed
[2025-06-28T00:49:16.159Z] [INFO] Checking for scheduled reports...
[2025-06-28T00:49:17.067Z] [DEBUG] Connected to MongoDB
[2025-06-28T00:49:17.132Z] [INFO] Found 1 company databases
[2025-06-28T00:49:17.133Z] [DEBUG] Processing company database: company_9jxwph8g
[2025-06-28T00:49:17.188Z] [DEBUG] Finding reports to execute in company_9jxwph8g (current time: 2025-06-28T00:49:17.188Z)
[2025-06-28T00:49:17.242Z] [INFO] Found 0 reports to execute in company_9jxwph8g
[2025-06-28T00:49:17.243Z] [INFO] Scheduled reports check completed
[2025-06-28T00:49:17.246Z] [DEBUG] MongoDB connection closed
[2025-06-28T00:49:46.161Z] [INFO] Checking for scheduled reports...
[2025-06-28T00:49:46.858Z] [DEBUG] Connected to MongoDB
[2025-06-28T00:49:46.924Z] [INFO] Found 1 company databases
[2025-06-28T00:49:46.924Z] [DEBUG] Processing company database: company_9jxwph8g
[2025-06-28T00:49:46.978Z] [DEBUG] Finding reports to execute in company_9jxwph8g (current time: 2025-06-28T00:49:46.978Z)
[2025-06-28T00:49:47.031Z] [INFO] Found 0 reports to execute in company_9jxwph8g
[2025-06-28T00:49:47.031Z] [INFO] Scheduled reports check completed
[2025-06-28T00:49:47.033Z] [DEBUG] MongoDB connection closed
[2025-06-28T00:50:16.163Z] [INFO] Checking for scheduled reports...
[2025-06-28T00:50:16.886Z] [DEBUG] Connected to MongoDB
[2025-06-28T00:50:16.952Z] [INFO] Found 1 company databases
[2025-06-28T00:50:16.952Z] [DEBUG] Processing company database: company_9jxwph8g
[2025-06-28T00:50:17.007Z] [DEBUG] Finding reports to execute in company_9jxwph8g (current time: 2025-06-28T00:50:17.007Z)
[2025-06-28T00:50:17.061Z] [INFO] Found 0 reports to execute in company_9jxwph8g
[2025-06-28T00:50:17.061Z] [INFO] Scheduled reports check completed
[2025-06-28T00:50:17.063Z] [DEBUG] MongoDB connection closed
[2025-06-28T00:50:46.164Z] [INFO] Checking for scheduled reports...
[2025-06-28T00:50:46.964Z] [DEBUG] Connected to MongoDB
[2025-06-28T00:50:47.027Z] [INFO] Found 1 company databases
[2025-06-28T00:50:47.028Z] [DEBUG] Processing company database: company_9jxwph8g
[2025-06-28T00:50:47.080Z] [DEBUG] Finding reports to execute in company_9jxwph8g (current time: 2025-06-28T00:50:47.080Z)
[2025-06-28T00:50:47.134Z] [INFO] Found 0 reports to execute in company_9jxwph8g
[2025-06-28T00:50:47.134Z] [INFO] Scheduled reports check completed
[2025-06-28T00:50:47.136Z] [DEBUG] MongoDB connection closed
[2025-06-28T00:51:16.165Z] [INFO] Checking for scheduled reports...
[2025-06-28T00:51:16.979Z] [DEBUG] Connected to MongoDB
[2025-06-28T00:51:17.043Z] [INFO] Found 1 company databases
[2025-06-28T00:51:17.043Z] [DEBUG] Processing company database: company_9jxwph8g
[2025-06-28T00:51:17.097Z] [DEBUG] Finding reports to execute in company_9jxwph8g (current time: 2025-06-28T00:51:17.097Z)
[2025-06-28T00:51:17.151Z] [INFO] Found 0 reports to execute in company_9jxwph8g
[2025-06-28T00:51:17.151Z] [INFO] Scheduled reports check completed
[2025-06-28T00:51:17.153Z] [DEBUG] MongoDB connection closed
[2025-06-28T00:51:46.167Z] [INFO] Checking for scheduled reports...
[2025-06-28T00:51:46.853Z] [DEBUG] Connected to MongoDB
[2025-06-28T00:51:46.918Z] [INFO] Found 1 company databases
[2025-06-28T00:51:46.919Z] [DEBUG] Processing company database: company_9jxwph8g
[2025-06-28T00:51:46.975Z] [DEBUG] Finding reports to execute in company_9jxwph8g (current time: 2025-06-28T00:51:46.975Z)
[2025-06-28T00:51:47.029Z] [INFO] Found 0 reports to execute in company_9jxwph8g
[2025-06-28T00:51:47.030Z] [INFO] Scheduled reports check completed
[2025-06-28T00:51:47.032Z] [DEBUG] MongoDB connection closed
[2025-06-28T00:52:16.168Z] [INFO] Checking for scheduled reports...
[2025-06-28T00:52:17.012Z] [DEBUG] Connected to MongoDB
[2025-06-28T00:52:17.076Z] [INFO] Found 1 company databases
[2025-06-28T00:52:17.076Z] [DEBUG] Processing company database: company_9jxwph8g
[2025-06-28T00:52:17.130Z] [DEBUG] Finding reports to execute in company_9jxwph8g (current time: 2025-06-28T00:52:17.130Z)
[2025-06-28T00:52:17.184Z] [INFO] Found 0 reports to execute in company_9jxwph8g
[2025-06-28T00:52:17.185Z] [INFO] Scheduled reports check completed
[2025-06-28T00:52:17.187Z] [DEBUG] MongoDB connection closed
[2025-06-28T00:52:46.168Z] [INFO] Checking for scheduled reports...
[2025-06-28T00:52:46.936Z] [DEBUG] Connected to MongoDB
[2025-06-28T00:52:47.001Z] [INFO] Found 1 company databases
[2025-06-28T00:52:47.001Z] [DEBUG] Processing company database: company_9jxwph8g
[2025-06-28T00:52:47.056Z] [DEBUG] Finding reports to execute in company_9jxwph8g (current time: 2025-06-28T00:52:47.056Z)
[2025-06-28T00:52:47.110Z] [INFO] Found 0 reports to execute in company_9jxwph8g
[2025-06-28T00:52:47.110Z] [INFO] Scheduled reports check completed
[2025-06-28T00:52:47.113Z] [DEBUG] MongoDB connection closed
[2025-06-28T00:53:16.170Z] [INFO] Checking for scheduled reports...
[2025-06-28T00:53:16.913Z] [DEBUG] Connected to MongoDB
[2025-06-28T00:53:16.981Z] [INFO] Found 1 company databases
[2025-06-28T00:53:16.981Z] [DEBUG] Processing company database: company_9jxwph8g
[2025-06-28T00:53:17.036Z] [DEBUG] Finding reports to execute in company_9jxwph8g (current time: 2025-06-28T00:53:17.036Z)
[2025-06-28T00:53:17.094Z] [INFO] Found 0 reports to execute in company_9jxwph8g
[2025-06-28T00:53:17.095Z] [INFO] Scheduled reports check completed
[2025-06-28T00:53:17.097Z] [DEBUG] MongoDB connection closed
[2025-06-28T00:53:46.172Z] [INFO] Checking for scheduled reports...
[2025-06-28T00:53:46.980Z] [DEBUG] Connected to MongoDB
[2025-06-28T00:53:47.046Z] [INFO] Found 1 company databases
[2025-06-28T00:53:47.046Z] [DEBUG] Processing company database: company_9jxwph8g
[2025-06-28T00:53:47.101Z] [DEBUG] Finding reports to execute in company_9jxwph8g (current time: 2025-06-28T00:53:47.101Z)
[2025-06-28T00:53:47.155Z] [INFO] Found 0 reports to execute in company_9jxwph8g
[2025-06-28T00:53:47.156Z] [INFO] Scheduled reports check completed
[2025-06-28T00:53:47.158Z] [DEBUG] MongoDB connection closed
[2025-06-28T00:54:16.173Z] [INFO] Checking for scheduled reports...
[2025-06-28T00:54:16.999Z] [DEBUG] Connected to MongoDB
[2025-06-28T00:54:17.064Z] [INFO] Found 1 company databases
[2025-06-28T00:54:17.065Z] [DEBUG] Processing company database: company_9jxwph8g
[2025-06-28T00:54:17.120Z] [DEBUG] Finding reports to execute in company_9jxwph8g (current time: 2025-06-28T00:54:17.120Z)
[2025-06-28T00:54:17.197Z] [INFO] Found 0 reports to execute in company_9jxwph8g
[2025-06-28T00:54:17.197Z] [INFO] Scheduled reports check completed
[2025-06-28T00:54:17.200Z] [DEBUG] MongoDB connection closed
[2025-06-28T00:54:46.174Z] [INFO] Checking for scheduled reports...
[2025-06-28T00:54:46.870Z] [DEBUG] Connected to MongoDB
[2025-06-28T00:54:46.934Z] [INFO] Found 1 company databases
[2025-06-28T00:54:46.935Z] [DEBUG] Processing company database: company_9jxwph8g
[2025-06-28T00:54:46.990Z] [DEBUG] Finding reports to execute in company_9jxwph8g (current time: 2025-06-28T00:54:46.990Z)
[2025-06-28T00:54:47.057Z] [INFO] Found 0 reports to execute in company_9jxwph8g
[2025-06-28T00:54:47.058Z] [INFO] Scheduled reports check completed
[2025-06-28T00:54:47.060Z] [DEBUG] MongoDB connection closed
[2025-06-28T00:55:16.176Z] [INFO] Checking for scheduled reports...
[2025-06-28T00:55:16.802Z] [DEBUG] Connected to MongoDB
[2025-06-28T00:55:16.867Z] [INFO] Found 1 company databases
[2025-06-28T00:55:16.868Z] [DEBUG] Processing company database: company_9jxwph8g
[2025-06-28T00:55:16.923Z] [DEBUG] Finding reports to execute in company_9jxwph8g (current time: 2025-06-28T00:55:16.923Z)
[2025-06-28T00:55:16.976Z] [INFO] Found 0 reports to execute in company_9jxwph8g
[2025-06-28T00:55:16.977Z] [INFO] Scheduled reports check completed
[2025-06-28T00:55:16.979Z] [DEBUG] MongoDB connection closed
[2025-06-28T00:55:46.177Z] [INFO] Checking for scheduled reports...
[2025-06-28T00:55:46.863Z] [DEBUG] Connected to MongoDB
[2025-06-28T00:55:46.928Z] [INFO] Found 1 company databases
[2025-06-28T00:55:46.928Z] [DEBUG] Processing company database: company_9jxwph8g
[2025-06-28T00:55:47.041Z] [DEBUG] Finding reports to execute in company_9jxwph8g (current time: 2025-06-28T00:55:47.041Z)
[2025-06-28T00:55:47.096Z] [INFO] Found 0 reports to execute in company_9jxwph8g
[2025-06-28T00:55:47.097Z] [INFO] Scheduled reports check completed
[2025-06-28T00:55:47.099Z] [DEBUG] MongoDB connection closed
[2025-06-28T00:56:16.178Z] [INFO] Checking for scheduled reports...
[2025-06-28T00:56:16.900Z] [DEBUG] Connected to MongoDB
[2025-06-28T00:56:16.966Z] [INFO] Found 1 company databases
[2025-06-28T00:56:16.966Z] [DEBUG] Processing company database: company_9jxwph8g
[2025-06-28T00:56:17.019Z] [DEBUG] Finding reports to execute in company_9jxwph8g (current time: 2025-06-28T00:56:17.019Z)
[2025-06-28T00:56:17.073Z] [INFO] Found 0 reports to execute in company_9jxwph8g
[2025-06-28T00:56:17.073Z] [INFO] Scheduled reports check completed
[2025-06-28T00:56:17.075Z] [DEBUG] MongoDB connection closed
[2025-06-28T00:56:46.179Z] [INFO] Checking for scheduled reports...
[2025-06-28T00:56:46.986Z] [DEBUG] Connected to MongoDB
[2025-06-28T00:56:47.050Z] [INFO] Found 1 company databases
[2025-06-28T00:56:47.051Z] [DEBUG] Processing company database: company_9jxwph8g
[2025-06-28T00:56:47.106Z] [DEBUG] Finding reports to execute in company_9jxwph8g (current time: 2025-06-28T00:56:47.106Z)
[2025-06-28T00:56:47.162Z] [INFO] Found 0 reports to execute in company_9jxwph8g
[2025-06-28T00:56:47.163Z] [INFO] Scheduled reports check completed
[2025-06-28T00:56:47.165Z] [DEBUG] MongoDB connection closed
[2025-06-28T00:57:16.181Z] [INFO] Checking for scheduled reports...
[2025-06-28T00:57:16.900Z] [DEBUG] Connected to MongoDB
[2025-06-28T00:57:16.964Z] [INFO] Found 1 company databases
[2025-06-28T00:57:16.965Z] [DEBUG] Processing company database: company_9jxwph8g
[2025-06-28T00:57:17.021Z] [DEBUG] Finding reports to execute in company_9jxwph8g (current time: 2025-06-28T00:57:17.021Z)
[2025-06-28T00:57:17.075Z] [INFO] Found 0 reports to execute in company_9jxwph8g
[2025-06-28T00:57:17.076Z] [INFO] Scheduled reports check completed
[2025-06-28T00:57:17.079Z] [DEBUG] MongoDB connection closed
[2025-06-28T00:57:46.182Z] [INFO] Checking for scheduled reports...
[2025-06-28T00:57:46.874Z] [DEBUG] Connected to MongoDB
[2025-06-28T00:57:46.939Z] [INFO] Found 1 company databases
[2025-06-28T00:57:46.940Z] [DEBUG] Processing company database: company_9jxwph8g
[2025-06-28T00:57:46.994Z] [DEBUG] Finding reports to execute in company_9jxwph8g (current time: 2025-06-28T00:57:46.994Z)
[2025-06-28T00:57:47.048Z] [INFO] Found 0 reports to execute in company_9jxwph8g
[2025-06-28T00:57:47.049Z] [INFO] Scheduled reports check completed
[2025-06-28T00:57:47.050Z] [DEBUG] MongoDB connection closed
[2025-06-28T00:58:16.183Z] [INFO] Checking for scheduled reports...
[2025-06-28T00:58:17.027Z] [DEBUG] Connected to MongoDB
[2025-06-28T00:58:17.090Z] [INFO] Found 1 company databases
[2025-06-28T00:58:17.091Z] [DEBUG] Processing company database: company_9jxwph8g
[2025-06-28T00:58:17.156Z] [DEBUG] Finding reports to execute in company_9jxwph8g (current time: 2025-06-28T00:58:17.156Z)
[2025-06-28T00:58:17.210Z] [INFO] Found 0 reports to execute in company_9jxwph8g
[2025-06-28T00:58:17.210Z] [INFO] Scheduled reports check completed
[2025-06-28T00:58:17.212Z] [DEBUG] MongoDB connection closed
[2025-06-28T00:58:46.185Z] [INFO] Checking for scheduled reports...
[2025-06-28T00:58:46.876Z] [DEBUG] Connected to MongoDB
[2025-06-28T00:58:46.941Z] [INFO] Found 1 company databases
[2025-06-28T00:58:46.942Z] [DEBUG] Processing company database: company_9jxwph8g
[2025-06-28T00:58:46.996Z] [DEBUG] Finding reports to execute in company_9jxwph8g (current time: 2025-06-28T00:58:46.996Z)
[2025-06-28T00:58:47.050Z] [INFO] Found 0 reports to execute in company_9jxwph8g
[2025-06-28T00:58:47.051Z] [INFO] Scheduled reports check completed
[2025-06-28T00:58:47.053Z] [DEBUG] MongoDB connection closed
[2025-06-28T00:59:16.186Z] [INFO] Checking for scheduled reports...
[2025-06-28T00:59:16.915Z] [DEBUG] Connected to MongoDB
[2025-06-28T00:59:16.980Z] [INFO] Found 1 company databases
[2025-06-28T00:59:16.981Z] [DEBUG] Processing company database: company_9jxwph8g
[2025-06-28T00:59:17.035Z] [DEBUG] Finding reports to execute in company_9jxwph8g (current time: 2025-06-28T00:59:17.035Z)
[2025-06-28T00:59:17.090Z] [INFO] Found 0 reports to execute in company_9jxwph8g
[2025-06-28T00:59:17.091Z] [INFO] Scheduled reports check completed
[2025-06-28T00:59:17.093Z] [DEBUG] MongoDB connection closed
[2025-06-28T00:59:46.188Z] [INFO] Checking for scheduled reports...
[2025-06-28T00:59:46.995Z] [DEBUG] Connected to MongoDB
[2025-06-28T00:59:47.060Z] [INFO] Found 1 company databases
[2025-06-28T00:59:47.061Z] [DEBUG] Processing company database: company_9jxwph8g
[2025-06-28T00:59:47.141Z] [DEBUG] Finding reports to execute in company_9jxwph8g (current time: 2025-06-28T00:59:47.141Z)
[2025-06-28T00:59:47.193Z] [INFO] Found 0 reports to execute in company_9jxwph8g
[2025-06-28T00:59:47.194Z] [INFO] Scheduled reports check completed
[2025-06-28T00:59:47.195Z] [DEBUG] MongoDB connection closed
[2025-06-28T01:00:16.190Z] [INFO] Checking for scheduled reports...
[2025-06-28T01:00:16.915Z] [DEBUG] Connected to MongoDB
[2025-06-28T01:00:16.980Z] [INFO] Found 1 company databases
[2025-06-28T01:00:16.980Z] [DEBUG] Processing company database: company_9jxwph8g
[2025-06-28T01:00:17.035Z] [DEBUG] Finding reports to execute in company_9jxwph8g (current time: 2025-06-28T01:00:17.035Z)
[2025-06-28T01:00:17.089Z] [INFO] Found 0 reports to execute in company_9jxwph8g
[2025-06-28T01:00:17.090Z] [INFO] Scheduled reports check completed
[2025-06-28T01:00:17.092Z] [DEBUG] MongoDB connection closed
[2025-06-28T01:00:46.191Z] [INFO] Checking for scheduled reports...
[2025-06-28T01:00:46.877Z] [DEBUG] Connected to MongoDB
[2025-06-28T01:00:46.943Z] [INFO] Found 1 company databases
[2025-06-28T01:00:46.943Z] [DEBUG] Processing company database: company_9jxwph8g
[2025-06-28T01:00:46.999Z] [DEBUG] Finding reports to execute in company_9jxwph8g (current time: 2025-06-28T01:00:46.999Z)
[2025-06-28T01:00:47.053Z] [INFO] Found 0 reports to execute in company_9jxwph8g
[2025-06-28T01:00:47.053Z] [INFO] Scheduled reports check completed
[2025-06-28T01:00:47.055Z] [DEBUG] MongoDB connection closed
[2025-06-28T01:01:16.192Z] [INFO] Checking for scheduled reports...
[2025-06-28T01:01:17.036Z] [DEBUG] Connected to MongoDB
[2025-06-28T01:01:17.101Z] [INFO] Found 1 company databases
[2025-06-28T01:01:17.101Z] [DEBUG] Processing company database: company_9jxwph8g
[2025-06-28T01:01:17.155Z] [DEBUG] Finding reports to execute in company_9jxwph8g (current time: 2025-06-28T01:01:17.155Z)
[2025-06-28T01:01:17.209Z] [INFO] Found 0 reports to execute in company_9jxwph8g
[2025-06-28T01:01:17.210Z] [INFO] Scheduled reports check completed
[2025-06-28T01:01:17.212Z] [DEBUG] MongoDB connection closed
[2025-06-28T01:01:46.193Z] [INFO] Checking for scheduled reports...
[2025-06-28T01:01:46.970Z] [DEBUG] Connected to MongoDB
[2025-06-28T01:01:47.034Z] [INFO] Found 1 company databases
[2025-06-28T01:01:47.035Z] [DEBUG] Processing company database: company_9jxwph8g
[2025-06-28T01:01:47.089Z] [DEBUG] Finding reports to execute in company_9jxwph8g (current time: 2025-06-28T01:01:47.089Z)
[2025-06-28T01:01:47.144Z] [INFO] Found 0 reports to execute in company_9jxwph8g
[2025-06-28T01:01:47.144Z] [INFO] Scheduled reports check completed
[2025-06-28T01:01:47.146Z] [DEBUG] MongoDB connection closed
[2025-06-28T01:02:16.194Z] [INFO] Checking for scheduled reports...
[2025-06-28T01:02:16.933Z] [DEBUG] Connected to MongoDB
[2025-06-28T01:02:16.998Z] [INFO] Found 1 company databases
[2025-06-28T01:02:16.998Z] [DEBUG] Processing company database: company_9jxwph8g
[2025-06-28T01:02:17.053Z] [DEBUG] Finding reports to execute in company_9jxwph8g (current time: 2025-06-28T01:02:17.053Z)
[2025-06-28T01:02:17.106Z] [INFO] Found 0 reports to execute in company_9jxwph8g
[2025-06-28T01:02:17.106Z] [INFO] Scheduled reports check completed
[2025-06-28T01:02:17.109Z] [DEBUG] MongoDB connection closed
[2025-06-28T01:02:46.196Z] [INFO] Checking for scheduled reports...
[2025-06-28T01:02:46.996Z] [DEBUG] Connected to MongoDB
[2025-06-28T01:02:47.061Z] [INFO] Found 1 company databases
[2025-06-28T01:02:47.062Z] [DEBUG] Processing company database: company_9jxwph8g
[2025-06-28T01:02:47.116Z] [DEBUG] Finding reports to execute in company_9jxwph8g (current time: 2025-06-28T01:02:47.116Z)
[2025-06-28T01:02:47.171Z] [INFO] Found 0 reports to execute in company_9jxwph8g
[2025-06-28T01:02:47.171Z] [INFO] Scheduled reports check completed
[2025-06-28T01:02:47.174Z] [DEBUG] MongoDB connection closed
[2025-06-28T01:03:16.196Z] [INFO] Checking for scheduled reports...
[2025-06-28T01:03:17.001Z] [DEBUG] Connected to MongoDB
[2025-06-28T01:03:17.067Z] [INFO] Found 1 company databases
[2025-06-28T01:03:17.068Z] [DEBUG] Processing company database: company_9jxwph8g
[2025-06-28T01:03:17.126Z] [DEBUG] Finding reports to execute in company_9jxwph8g (current time: 2025-06-28T01:03:17.126Z)
[2025-06-28T01:03:17.180Z] [INFO] Found 0 reports to execute in company_9jxwph8g
[2025-06-28T01:03:17.180Z] [INFO] Scheduled reports check completed
[2025-06-28T01:03:17.181Z] [DEBUG] MongoDB connection closed
[2025-06-28T01:03:46.200Z] [INFO] Checking for scheduled reports...
[2025-06-28T01:03:46.929Z] [DEBUG] Connected to MongoDB
[2025-06-28T01:03:46.995Z] [INFO] Found 1 company databases
[2025-06-28T01:03:46.995Z] [DEBUG] Processing company database: company_9jxwph8g
[2025-06-28T01:03:47.049Z] [DEBUG] Finding reports to execute in company_9jxwph8g (current time: 2025-06-28T01:03:47.049Z)
[2025-06-28T01:03:47.103Z] [INFO] Found 0 reports to execute in company_9jxwph8g
[2025-06-28T01:03:47.104Z] [INFO] Scheduled reports check completed
[2025-06-28T01:03:47.106Z] [DEBUG] MongoDB connection closed
[2025-06-28T01:04:16.203Z] [INFO] Checking for scheduled reports...
[2025-06-28T01:04:17.048Z] [DEBUG] Connected to MongoDB
[2025-06-28T01:04:17.113Z] [INFO] Found 1 company databases
[2025-06-28T01:04:17.113Z] [DEBUG] Processing company database: company_9jxwph8g
[2025-06-28T01:04:17.168Z] [DEBUG] Finding reports to execute in company_9jxwph8g (current time: 2025-06-28T01:04:17.168Z)
[2025-06-28T01:04:17.221Z] [INFO] Found 0 reports to execute in company_9jxwph8g
[2025-06-28T01:04:17.222Z] [INFO] Scheduled reports check completed
[2025-06-28T01:04:17.224Z] [DEBUG] MongoDB connection closed
[2025-06-28T01:04:46.204Z] [INFO] Checking for scheduled reports...
[2025-06-28T01:04:46.976Z] [DEBUG] Connected to MongoDB
[2025-06-28T01:04:47.042Z] [INFO] Found 1 company databases
[2025-06-28T01:04:47.043Z] [DEBUG] Processing company database: company_9jxwph8g
[2025-06-28T01:04:47.097Z] [DEBUG] Finding reports to execute in company_9jxwph8g (current time: 2025-06-28T01:04:47.097Z)
[2025-06-28T01:04:47.150Z] [INFO] Found 0 reports to execute in company_9jxwph8g
[2025-06-28T01:04:47.151Z] [INFO] Scheduled reports check completed
[2025-06-28T01:04:47.153Z] [DEBUG] MongoDB connection closed
[2025-06-28T01:05:16.205Z] [INFO] Checking for scheduled reports...
[2025-06-28T01:05:16.934Z] [DEBUG] Connected to MongoDB
[2025-06-28T01:05:16.999Z] [INFO] Found 1 company databases
[2025-06-28T01:05:16.999Z] [DEBUG] Processing company database: company_9jxwph8g
[2025-06-28T01:05:17.053Z] [DEBUG] Finding reports to execute in company_9jxwph8g (current time: 2025-06-28T01:05:17.053Z)
[2025-06-28T01:05:17.108Z] [INFO] Found 0 reports to execute in company_9jxwph8g
[2025-06-28T01:05:17.109Z] [INFO] Scheduled reports check completed
[2025-06-28T01:05:17.111Z] [DEBUG] MongoDB connection closed
[2025-06-28T01:05:46.206Z] [INFO] Checking for scheduled reports...
[2025-06-28T01:05:47.016Z] [DEBUG] Connected to MongoDB
[2025-06-28T01:05:47.081Z] [INFO] Found 1 company databases
[2025-06-28T01:05:47.081Z] [DEBUG] Processing company database: company_9jxwph8g
[2025-06-28T01:05:47.135Z] [DEBUG] Finding reports to execute in company_9jxwph8g (current time: 2025-06-28T01:05:47.135Z)
[2025-06-28T01:05:47.188Z] [INFO] Found 0 reports to execute in company_9jxwph8g
[2025-06-28T01:05:47.188Z] [INFO] Scheduled reports check completed
[2025-06-28T01:05:47.190Z] [DEBUG] MongoDB connection closed
[2025-06-28T01:06:16.206Z] [INFO] Checking for scheduled reports...
[2025-06-28T01:06:17.108Z] [DEBUG] Connected to MongoDB
[2025-06-28T01:06:17.177Z] [INFO] Found 1 company databases
[2025-06-28T01:06:17.178Z] [DEBUG] Processing company database: company_9jxwph8g
[2025-06-28T01:06:17.233Z] [DEBUG] Finding reports to execute in company_9jxwph8g (current time: 2025-06-28T01:06:17.233Z)
[2025-06-28T01:06:17.333Z] [INFO] Found 0 reports to execute in company_9jxwph8g
[2025-06-28T01:06:17.334Z] [INFO] Scheduled reports check completed
[2025-06-28T01:06:17.337Z] [DEBUG] MongoDB connection closed
[2025-06-28T01:06:46.207Z] [INFO] Checking for scheduled reports...
[2025-06-28T01:06:47.033Z] [DEBUG] Connected to MongoDB
[2025-06-28T01:06:47.108Z] [INFO] Found 1 company databases
[2025-06-28T01:06:47.109Z] [DEBUG] Processing company database: company_9jxwph8g
[2025-06-28T01:06:47.164Z] [DEBUG] Finding reports to execute in company_9jxwph8g (current time: 2025-06-28T01:06:47.164Z)
[2025-06-28T01:06:47.218Z] [INFO] Found 0 reports to execute in company_9jxwph8g
[2025-06-28T01:06:47.218Z] [INFO] Scheduled reports check completed
[2025-06-28T01:06:47.221Z] [DEBUG] MongoDB connection closed
[2025-06-28T01:07:16.208Z] [INFO] Checking for scheduled reports...
[2025-06-28T01:07:17.161Z] [DEBUG] Connected to MongoDB
[2025-06-28T01:07:17.236Z] [INFO] Found 1 company databases
[2025-06-28T01:07:17.237Z] [DEBUG] Processing company database: company_9jxwph8g
[2025-06-28T01:07:17.290Z] [DEBUG] Finding reports to execute in company_9jxwph8g (current time: 2025-06-28T01:07:17.290Z)
[2025-06-28T01:07:17.344Z] [INFO] Found 0 reports to execute in company_9jxwph8g
[2025-06-28T01:07:17.345Z] [INFO] Scheduled reports check completed
[2025-06-28T01:07:17.346Z] [DEBUG] MongoDB connection closed
[2025-06-28T01:07:46.209Z] [INFO] Checking for scheduled reports...
[2025-06-28T01:07:46.975Z] [DEBUG] Connected to MongoDB
[2025-06-28T01:07:47.039Z] [INFO] Found 1 company databases
[2025-06-28T01:07:47.040Z] [DEBUG] Processing company database: company_9jxwph8g
[2025-06-28T01:07:47.093Z] [DEBUG] Finding reports to execute in company_9jxwph8g (current time: 2025-06-28T01:07:47.093Z)
[2025-06-28T01:07:47.146Z] [INFO] Found 0 reports to execute in company_9jxwph8g
[2025-06-28T01:07:47.147Z] [INFO] Scheduled reports check completed
[2025-06-28T01:07:47.148Z] [DEBUG] MongoDB connection closed
[2025-06-28T01:08:16.211Z] [INFO] Checking for scheduled reports...
[2025-06-28T01:08:16.992Z] [DEBUG] Connected to MongoDB
[2025-06-28T01:08:17.057Z] [INFO] Found 1 company databases
[2025-06-28T01:08:17.058Z] [DEBUG] Processing company database: company_9jxwph8g
[2025-06-28T01:08:17.111Z] [DEBUG] Finding reports to execute in company_9jxwph8g (current time: 2025-06-28T01:08:17.111Z)
[2025-06-28T01:08:17.164Z] [INFO] Found 0 reports to execute in company_9jxwph8g
[2025-06-28T01:08:17.165Z] [INFO] Scheduled reports check completed
[2025-06-28T01:08:17.167Z] [DEBUG] MongoDB connection closed
[2025-06-28T01:08:46.212Z] [INFO] Checking for scheduled reports...
[2025-06-28T01:08:47.034Z] [DEBUG] Connected to MongoDB
[2025-06-28T01:08:47.098Z] [INFO] Found 1 company databases
[2025-06-28T01:08:47.098Z] [DEBUG] Processing company database: company_9jxwph8g
[2025-06-28T01:08:47.151Z] [DEBUG] Finding reports to execute in company_9jxwph8g (current time: 2025-06-28T01:08:47.151Z)
[2025-06-28T01:08:47.204Z] [INFO] Found 0 reports to execute in company_9jxwph8g
[2025-06-28T01:08:47.205Z] [INFO] Scheduled reports check completed
[2025-06-28T01:08:47.206Z] [DEBUG] MongoDB connection closed
[2025-06-28T01:09:16.214Z] [INFO] Checking for scheduled reports...
[2025-06-28T01:09:17.020Z] [DEBUG] Connected to MongoDB
[2025-06-28T01:09:17.084Z] [INFO] Found 1 company databases
[2025-06-28T01:09:17.085Z] [DEBUG] Processing company database: company_9jxwph8g
[2025-06-28T01:09:17.138Z] [DEBUG] Finding reports to execute in company_9jxwph8g (current time: 2025-06-28T01:09:17.138Z)
[2025-06-28T01:09:17.191Z] [INFO] Found 0 reports to execute in company_9jxwph8g
[2025-06-28T01:09:17.192Z] [INFO] Scheduled reports check completed
[2025-06-28T01:09:17.194Z] [DEBUG] MongoDB connection closed
[2025-06-28T01:09:46.215Z] [INFO] Checking for scheduled reports...
[2025-06-28T01:09:46.901Z] [DEBUG] Connected to MongoDB
[2025-06-28T01:09:46.966Z] [INFO] Found 1 company databases
[2025-06-28T01:09:46.966Z] [DEBUG] Processing company database: company_9jxwph8g
[2025-06-28T01:09:47.021Z] [DEBUG] Finding reports to execute in company_9jxwph8g (current time: 2025-06-28T01:09:47.021Z)
[2025-06-28T01:09:47.074Z] [INFO] Found 0 reports to execute in company_9jxwph8g
[2025-06-28T01:09:47.075Z] [INFO] Scheduled reports check completed
[2025-06-28T01:09:47.077Z] [DEBUG] MongoDB connection closed
[2025-06-28T01:10:16.217Z] [INFO] Checking for scheduled reports...
[2025-06-28T01:10:17.075Z] [DEBUG] Connected to MongoDB
[2025-06-28T01:10:17.140Z] [INFO] Found 1 company databases
[2025-06-28T01:10:17.141Z] [DEBUG] Processing company database: company_9jxwph8g
[2025-06-28T01:10:17.196Z] [DEBUG] Finding reports to execute in company_9jxwph8g (current time: 2025-06-28T01:10:17.196Z)
[2025-06-28T01:10:17.250Z] [INFO] Found 0 reports to execute in company_9jxwph8g
[2025-06-28T01:10:17.250Z] [INFO] Scheduled reports check completed
[2025-06-28T01:10:17.252Z] [DEBUG] MongoDB connection closed
[2025-06-28T01:10:46.219Z] [INFO] Checking for scheduled reports...
[2025-06-28T01:10:46.965Z] [DEBUG] Connected to MongoDB
[2025-06-28T01:10:47.029Z] [INFO] Found 1 company databases
[2025-06-28T01:10:47.029Z] [DEBUG] Processing company database: company_9jxwph8g
[2025-06-28T01:10:47.082Z] [DEBUG] Finding reports to execute in company_9jxwph8g (current time: 2025-06-28T01:10:47.082Z)
[2025-06-28T01:10:47.135Z] [INFO] Found 0 reports to execute in company_9jxwph8g
[2025-06-28T01:10:47.135Z] [INFO] Scheduled reports check completed
[2025-06-28T01:10:47.136Z] [DEBUG] MongoDB connection closed
[2025-06-28T01:11:16.220Z] [INFO] Checking for scheduled reports...
[2025-06-28T01:11:16.964Z] [DEBUG] Connected to MongoDB
[2025-06-28T01:11:17.028Z] [INFO] Found 1 company databases
[2025-06-28T01:11:17.029Z] [DEBUG] Processing company database: company_9jxwph8g
[2025-06-28T01:11:17.082Z] [DEBUG] Finding reports to execute in company_9jxwph8g (current time: 2025-06-28T01:11:17.081Z)
[2025-06-28T01:11:17.134Z] [INFO] Found 0 reports to execute in company_9jxwph8g
[2025-06-28T01:11:17.135Z] [INFO] Scheduled reports check completed
[2025-06-28T01:11:17.136Z] [DEBUG] MongoDB connection closed
[2025-06-28T01:11:46.222Z] [INFO] Checking for scheduled reports...
[2025-06-28T01:11:47.106Z] [DEBUG] Connected to MongoDB
[2025-06-28T01:11:47.170Z] [INFO] Found 1 company databases
[2025-06-28T01:11:47.170Z] [DEBUG] Processing company database: company_9jxwph8g
[2025-06-28T01:11:47.225Z] [DEBUG] Finding reports to execute in company_9jxwph8g (current time: 2025-06-28T01:11:47.225Z)
[2025-06-28T01:11:47.279Z] [INFO] Found 0 reports to execute in company_9jxwph8g
[2025-06-28T01:11:47.280Z] [INFO] Scheduled reports check completed
[2025-06-28T01:11:47.282Z] [DEBUG] MongoDB connection closed
[2025-06-28T01:12:16.224Z] [INFO] Checking for scheduled reports...
[2025-06-28T01:12:16.959Z] [DEBUG] Connected to MongoDB
[2025-06-28T01:12:17.023Z] [INFO] Found 1 company databases
[2025-06-28T01:12:17.023Z] [DEBUG] Processing company database: company_9jxwph8g
[2025-06-28T01:12:17.079Z] [DEBUG] Finding reports to execute in company_9jxwph8g (current time: 2025-06-28T01:12:17.079Z)
[2025-06-28T01:12:17.132Z] [INFO] Found 0 reports to execute in company_9jxwph8g
[2025-06-28T01:12:17.133Z] [INFO] Scheduled reports check completed
[2025-06-28T01:12:17.135Z] [DEBUG] MongoDB connection closed
[2025-06-28T01:12:46.225Z] [INFO] Checking for scheduled reports...
[2025-06-28T01:12:46.916Z] [DEBUG] Connected to MongoDB
[2025-06-28T01:12:46.982Z] [INFO] Found 1 company databases
[2025-06-28T01:12:46.983Z] [DEBUG] Processing company database: company_9jxwph8g
[2025-06-28T01:12:47.037Z] [DEBUG] Finding reports to execute in company_9jxwph8g (current time: 2025-06-28T01:12:47.037Z)
[2025-06-28T01:12:47.091Z] [INFO] Found 0 reports to execute in company_9jxwph8g
[2025-06-28T01:12:47.092Z] [INFO] Scheduled reports check completed
[2025-06-28T01:12:47.094Z] [DEBUG] MongoDB connection closed
[2025-06-28T01:13:16.227Z] [INFO] Checking for scheduled reports...
[2025-06-28T01:13:17.017Z] [DEBUG] Connected to MongoDB
[2025-06-28T01:13:17.081Z] [INFO] Found 1 company databases
[2025-06-28T01:13:17.081Z] [DEBUG] Processing company database: company_9jxwph8g
[2025-06-28T01:13:17.134Z] [DEBUG] Finding reports to execute in company_9jxwph8g (current time: 2025-06-28T01:13:17.134Z)
[2025-06-28T01:13:17.187Z] [INFO] Found 0 reports to execute in company_9jxwph8g
[2025-06-28T01:13:17.188Z] [INFO] Scheduled reports check completed
[2025-06-28T01:13:17.188Z] [DEBUG] MongoDB connection closed
[2025-06-28T01:13:46.229Z] [INFO] Checking for scheduled reports...
[2025-06-28T01:13:47.065Z] [DEBUG] Connected to MongoDB
[2025-06-28T01:13:47.130Z] [INFO] Found 1 company databases
[2025-06-28T01:13:47.130Z] [DEBUG] Processing company database: company_9jxwph8g
[2025-06-28T01:13:47.183Z] [DEBUG] Finding reports to execute in company_9jxwph8g (current time: 2025-06-28T01:13:47.183Z)
[2025-06-28T01:13:47.238Z] [INFO] Found 0 reports to execute in company_9jxwph8g
[2025-06-28T01:13:47.238Z] [INFO] Scheduled reports check completed
[2025-06-28T01:13:47.240Z] [DEBUG] MongoDB connection closed
[2025-06-28T01:14:16.229Z] [INFO] Checking for scheduled reports...
[2025-06-28T01:14:16.954Z] [DEBUG] Connected to MongoDB
[2025-06-28T01:14:17.018Z] [INFO] Found 1 company databases
[2025-06-28T01:14:17.018Z] [DEBUG] Processing company database: company_9jxwph8g
[2025-06-28T01:14:17.071Z] [DEBUG] Finding reports to execute in company_9jxwph8g (current time: 2025-06-28T01:14:17.071Z)
[2025-06-28T01:14:17.124Z] [INFO] Found 0 reports to execute in company_9jxwph8g
[2025-06-28T01:14:17.124Z] [INFO] Scheduled reports check completed
[2025-06-28T01:14:17.127Z] [DEBUG] MongoDB connection closed
[2025-06-28T01:14:46.231Z] [INFO] Checking for scheduled reports...
[2025-06-28T01:14:47.030Z] [DEBUG] Connected to MongoDB
[2025-06-28T01:14:47.095Z] [INFO] Found 1 company databases
[2025-06-28T01:14:47.095Z] [DEBUG] Processing company database: company_9jxwph8g
[2025-06-28T01:14:47.156Z] [DEBUG] Finding reports to execute in company_9jxwph8g (current time: 2025-06-28T01:14:47.156Z)
[2025-06-28T01:14:47.210Z] [INFO] Found 0 reports to execute in company_9jxwph8g
[2025-06-28T01:14:47.211Z] [INFO] Scheduled reports check completed
[2025-06-28T01:14:47.213Z] [DEBUG] MongoDB connection closed
[2025-06-28T01:15:16.233Z] [INFO] Checking for scheduled reports...
[2025-06-28T01:15:16.963Z] [DEBUG] Connected to MongoDB
[2025-06-28T01:15:17.038Z] [INFO] Found 1 company databases
[2025-06-28T01:15:17.039Z] [DEBUG] Processing company database: company_9jxwph8g
[2025-06-28T01:15:17.094Z] [DEBUG] Finding reports to execute in company_9jxwph8g (current time: 2025-06-28T01:15:17.094Z)
[2025-06-28T01:15:17.150Z] [INFO] Found 0 reports to execute in company_9jxwph8g
[2025-06-28T01:15:17.150Z] [INFO] Scheduled reports check completed
[2025-06-28T01:15:17.153Z] [DEBUG] MongoDB connection closed
[2025-06-28T01:15:46.235Z] [INFO] Checking for scheduled reports...
[2025-06-28T01:15:46.939Z] [DEBUG] Connected to MongoDB
[2025-06-28T01:15:47.005Z] [INFO] Found 1 company databases
[2025-06-28T01:15:47.006Z] [DEBUG] Processing company database: company_9jxwph8g
[2025-06-28T01:15:47.060Z] [DEBUG] Finding reports to execute in company_9jxwph8g (current time: 2025-06-28T01:15:47.060Z)
[2025-06-28T01:15:47.114Z] [INFO] Found 0 reports to execute in company_9jxwph8g
[2025-06-28T01:15:47.115Z] [INFO] Scheduled reports check completed
[2025-06-28T01:15:47.117Z] [DEBUG] MongoDB connection closed
[2025-06-28T01:16:16.236Z] [INFO] Checking for scheduled reports...
[2025-06-28T01:16:17.179Z] [DEBUG] Connected to MongoDB
[2025-06-28T01:16:17.244Z] [INFO] Found 1 company databases
[2025-06-28T01:16:17.245Z] [DEBUG] Processing company database: company_9jxwph8g
[2025-06-28T01:16:17.322Z] [DEBUG] Finding reports to execute in company_9jxwph8g (current time: 2025-06-28T01:16:17.321Z)
[2025-06-28T01:16:17.376Z] [INFO] Found 0 reports to execute in company_9jxwph8g
[2025-06-28T01:16:17.376Z] [INFO] Scheduled reports check completed
[2025-06-28T01:16:17.379Z] [DEBUG] MongoDB connection closed
[2025-06-28T01:16:46.238Z] [INFO] Checking for scheduled reports...
[2025-06-28T01:16:47.002Z] [DEBUG] Connected to MongoDB
[2025-06-28T01:16:47.067Z] [INFO] Found 1 company databases
[2025-06-28T01:16:47.067Z] [DEBUG] Processing company database: company_9jxwph8g
[2025-06-28T01:16:47.122Z] [DEBUG] Finding reports to execute in company_9jxwph8g (current time: 2025-06-28T01:16:47.122Z)
[2025-06-28T01:16:47.177Z] [INFO] Found 0 reports to execute in company_9jxwph8g
[2025-06-28T01:16:47.177Z] [INFO] Scheduled reports check completed
[2025-06-28T01:16:47.180Z] [DEBUG] MongoDB connection closed
[2025-06-28T01:17:16.240Z] [INFO] Checking for scheduled reports...
[2025-06-28T01:17:16.981Z] [DEBUG] Connected to MongoDB
[2025-06-28T01:17:17.046Z] [INFO] Found 1 company databases
[2025-06-28T01:17:17.047Z] [DEBUG] Processing company database: company_9jxwph8g
[2025-06-28T01:17:17.101Z] [DEBUG] Finding reports to execute in company_9jxwph8g (current time: 2025-06-28T01:17:17.101Z)
[2025-06-28T01:17:17.154Z] [INFO] Found 0 reports to execute in company_9jxwph8g
[2025-06-28T01:17:17.155Z] [INFO] Scheduled reports check completed
[2025-06-28T01:17:17.156Z] [DEBUG] MongoDB connection closed
[2025-06-28T01:17:46.240Z] [INFO] Checking for scheduled reports...
[2025-06-28T01:17:47.128Z] [DEBUG] Connected to MongoDB
[2025-06-28T01:17:47.192Z] [INFO] Found 1 company databases
[2025-06-28T01:17:47.193Z] [DEBUG] Processing company database: company_9jxwph8g
[2025-06-28T01:17:47.246Z] [DEBUG] Finding reports to execute in company_9jxwph8g (current time: 2025-06-28T01:17:47.246Z)
[2025-06-28T01:17:47.299Z] [INFO] Found 0 reports to execute in company_9jxwph8g
[2025-06-28T01:17:47.299Z] [INFO] Scheduled reports check completed
[2025-06-28T01:17:47.301Z] [DEBUG] MongoDB connection closed
[2025-06-28T01:18:16.242Z] [INFO] Checking for scheduled reports...
[2025-06-28T01:18:17.092Z] [DEBUG] Connected to MongoDB
[2025-06-28T01:18:17.167Z] [INFO] Found 1 company databases
[2025-06-28T01:18:17.168Z] [DEBUG] Processing company database: company_9jxwph8g
[2025-06-28T01:18:17.228Z] [DEBUG] Finding reports to execute in company_9jxwph8g (current time: 2025-06-28T01:18:17.228Z)
[2025-06-28T01:18:17.281Z] [INFO] Found 0 reports to execute in company_9jxwph8g
[2025-06-28T01:18:17.282Z] [INFO] Scheduled reports check completed
[2025-06-28T01:18:17.284Z] [DEBUG] MongoDB connection closed
[2025-06-28T01:18:46.244Z] [INFO] Checking for scheduled reports...
[2025-06-28T01:18:46.971Z] [DEBUG] Connected to MongoDB
[2025-06-28T01:18:47.035Z] [INFO] Found 1 company databases
[2025-06-28T01:18:47.035Z] [DEBUG] Processing company database: company_9jxwph8g
[2025-06-28T01:18:47.091Z] [DEBUG] Finding reports to execute in company_9jxwph8g (current time: 2025-06-28T01:18:47.091Z)
[2025-06-28T01:18:47.144Z] [INFO] Found 0 reports to execute in company_9jxwph8g
[2025-06-28T01:18:47.145Z] [INFO] Scheduled reports check completed
[2025-06-28T01:18:47.147Z] [DEBUG] MongoDB connection closed
[2025-06-28T01:19:16.245Z] [INFO] Checking for scheduled reports...
[2025-06-28T01:19:17.082Z] [DEBUG] Connected to MongoDB
[2025-06-28T01:19:17.177Z] [INFO] Found 1 company databases
[2025-06-28T01:19:17.178Z] [DEBUG] Processing company database: company_9jxwph8g
[2025-06-28T01:19:17.231Z] [DEBUG] Finding reports to execute in company_9jxwph8g (current time: 2025-06-28T01:19:17.231Z)
[2025-06-28T01:19:17.284Z] [INFO] Found 0 reports to execute in company_9jxwph8g
[2025-06-28T01:19:17.284Z] [INFO] Scheduled reports check completed
[2025-06-28T01:19:17.287Z] [DEBUG] MongoDB connection closed
[2025-06-28T01:19:46.248Z] [INFO] Checking for scheduled reports...
[2025-06-28T01:19:47.067Z] [DEBUG] Connected to MongoDB
[2025-06-28T01:19:47.132Z] [INFO] Found 1 company databases
[2025-06-28T01:19:47.132Z] [DEBUG] Processing company database: company_9jxwph8g
[2025-06-28T01:19:47.185Z] [DEBUG] Finding reports to execute in company_9jxwph8g (current time: 2025-06-28T01:19:47.185Z)
[2025-06-28T01:19:47.238Z] [INFO] Found 0 reports to execute in company_9jxwph8g
[2025-06-28T01:19:47.239Z] [INFO] Scheduled reports check completed
[2025-06-28T01:19:47.241Z] [DEBUG] MongoDB connection closed
[2025-06-28T01:20:16.248Z] [INFO] Checking for scheduled reports...
[2025-06-28T01:20:16.986Z] [DEBUG] Connected to MongoDB
[2025-06-28T01:20:17.051Z] [INFO] Found 1 company databases
[2025-06-28T01:20:17.052Z] [DEBUG] Processing company database: company_9jxwph8g
[2025-06-28T01:20:17.107Z] [DEBUG] Finding reports to execute in company_9jxwph8g (current time: 2025-06-28T01:20:17.107Z)
[2025-06-28T01:20:17.160Z] [INFO] Found 0 reports to execute in company_9jxwph8g
[2025-06-28T01:20:17.161Z] [INFO] Scheduled reports check completed
[2025-06-28T01:20:17.163Z] [DEBUG] MongoDB connection closed
[2025-06-28T01:20:46.250Z] [INFO] Checking for scheduled reports...
[2025-06-28T01:20:47.489Z] [DEBUG] Connected to MongoDB
[2025-06-28T01:20:47.682Z] [INFO] Found 1 company databases
[2025-06-28T01:20:47.682Z] [DEBUG] Processing company database: company_9jxwph8g
[2025-06-28T01:20:47.737Z] [DEBUG] Finding reports to execute in company_9jxwph8g (current time: 2025-06-28T01:20:47.737Z)
[2025-06-28T01:20:47.791Z] [INFO] Found 0 reports to execute in company_9jxwph8g
[2025-06-28T01:20:47.791Z] [INFO] Scheduled reports check completed
[2025-06-28T01:20:47.794Z] [DEBUG] MongoDB connection closed
[2025-06-28T01:21:16.251Z] [INFO] Checking for scheduled reports...
[2025-06-28T01:21:16.989Z] [DEBUG] Connected to MongoDB
[2025-06-28T01:21:17.055Z] [INFO] Found 1 company databases
[2025-06-28T01:21:17.056Z] [DEBUG] Processing company database: company_9jxwph8g
[2025-06-28T01:21:17.111Z] [DEBUG] Finding reports to execute in company_9jxwph8g (current time: 2025-06-28T01:21:17.111Z)
[2025-06-28T01:21:17.165Z] [INFO] Found 0 reports to execute in company_9jxwph8g
[2025-06-28T01:21:17.166Z] [INFO] Scheduled reports check completed
[2025-06-28T01:21:17.169Z] [DEBUG] MongoDB connection closed
[2025-06-28T01:21:46.252Z] [INFO] Checking for scheduled reports...
[2025-06-28T01:21:46.939Z] [DEBUG] Connected to MongoDB
[2025-06-28T01:21:47.003Z] [INFO] Found 1 company databases
[2025-06-28T01:21:47.004Z] [DEBUG] Processing company database: company_9jxwph8g
[2025-06-28T01:21:47.057Z] [DEBUG] Finding reports to execute in company_9jxwph8g (current time: 2025-06-28T01:21:47.057Z)
[2025-06-28T01:21:47.111Z] [INFO] Found 0 reports to execute in company_9jxwph8g
[2025-06-28T01:21:47.111Z] [INFO] Scheduled reports check completed
[2025-06-28T01:21:47.113Z] [DEBUG] MongoDB connection closed
[2025-06-28T01:22:16.254Z] [INFO] Checking for scheduled reports...
[2025-06-28T01:22:17.092Z] [DEBUG] Connected to MongoDB
[2025-06-28T01:22:17.157Z] [INFO] Found 1 company databases
[2025-06-28T01:22:17.157Z] [DEBUG] Processing company database: company_9jxwph8g
[2025-06-28T01:22:17.212Z] [DEBUG] Finding reports to execute in company_9jxwph8g (current time: 2025-06-28T01:22:17.212Z)
[2025-06-28T01:22:17.267Z] [INFO] Found 0 reports to execute in company_9jxwph8g
[2025-06-28T01:22:17.267Z] [INFO] Scheduled reports check completed
[2025-06-28T01:22:17.269Z] [DEBUG] MongoDB connection closed
[2025-06-28T01:22:46.256Z] [INFO] Checking for scheduled reports...
[2025-06-28T01:22:47.165Z] [DEBUG] Connected to MongoDB
[2025-06-28T01:22:47.229Z] [INFO] Found 1 company databases
[2025-06-28T01:22:47.229Z] [DEBUG] Processing company database: company_9jxwph8g
[2025-06-28T01:22:47.282Z] [DEBUG] Finding reports to execute in company_9jxwph8g (current time: 2025-06-28T01:22:47.282Z)
[2025-06-28T01:22:47.334Z] [INFO] Found 0 reports to execute in company_9jxwph8g
[2025-06-28T01:22:47.335Z] [INFO] Scheduled reports check completed
[2025-06-28T01:22:47.336Z] [DEBUG] MongoDB connection closed
[2025-06-28T01:23:16.258Z] [INFO] Checking for scheduled reports...
[2025-06-28T01:23:16.980Z] [DEBUG] Connected to MongoDB
[2025-06-28T01:23:17.044Z] [INFO] Found 1 company databases
[2025-06-28T01:23:17.044Z] [DEBUG] Processing company database: company_9jxwph8g
[2025-06-28T01:23:17.099Z] [DEBUG] Finding reports to execute in company_9jxwph8g (current time: 2025-06-28T01:23:17.099Z)
[2025-06-28T01:23:17.153Z] [INFO] Found 0 reports to execute in company_9jxwph8g
[2025-06-28T01:23:17.154Z] [INFO] Scheduled reports check completed
[2025-06-28T01:23:17.156Z] [DEBUG] MongoDB connection closed
[2025-06-28T01:23:46.259Z] [INFO] Checking for scheduled reports...
[2025-06-28T01:23:46.956Z] [DEBUG] Connected to MongoDB
[2025-06-28T01:23:47.022Z] [INFO] Found 1 company databases
[2025-06-28T01:23:47.023Z] [DEBUG] Processing company database: company_9jxwph8g
[2025-06-28T01:23:47.077Z] [DEBUG] Finding reports to execute in company_9jxwph8g (current time: 2025-06-28T01:23:47.077Z)
[2025-06-28T01:23:47.130Z] [INFO] Found 0 reports to execute in company_9jxwph8g
[2025-06-28T01:23:47.131Z] [INFO] Scheduled reports check completed
[2025-06-28T01:23:47.133Z] [DEBUG] MongoDB connection closed
[2025-06-28T01:24:16.261Z] [INFO] Checking for scheduled reports...
[2025-06-28T01:24:16.983Z] [DEBUG] Connected to MongoDB
[2025-06-28T01:24:17.049Z] [INFO] Found 1 company databases
[2025-06-28T01:24:17.049Z] [DEBUG] Processing company database: company_9jxwph8g
[2025-06-28T01:24:17.104Z] [DEBUG] Finding reports to execute in company_9jxwph8g (current time: 2025-06-28T01:24:17.104Z)
[2025-06-28T01:24:17.158Z] [INFO] Found 0 reports to execute in company_9jxwph8g
[2025-06-28T01:24:17.159Z] [INFO] Scheduled reports check completed
[2025-06-28T01:24:17.161Z] [DEBUG] MongoDB connection closed
[2025-06-28T01:24:46.262Z] [INFO] Checking for scheduled reports...
[2025-06-28T01:24:46.944Z] [DEBUG] Connected to MongoDB
[2025-06-28T01:24:47.008Z] [INFO] Found 1 company databases
[2025-06-28T01:24:47.008Z] [DEBUG] Processing company database: company_9jxwph8g
[2025-06-28T01:24:47.062Z] [DEBUG] Finding reports to execute in company_9jxwph8g (current time: 2025-06-28T01:24:47.062Z)
[2025-06-28T01:24:47.118Z] [INFO] Found 0 reports to execute in company_9jxwph8g
[2025-06-28T01:24:47.118Z] [INFO] Scheduled reports check completed
[2025-06-28T01:24:47.122Z] [DEBUG] MongoDB connection closed
[2025-06-28T01:25:16.174Z] [INFO] Checking for scheduled reports...
[2025-06-28T01:25:16.947Z] [DEBUG] Connected to MongoDB
[2025-06-28T01:25:17.013Z] [INFO] Found 1 company databases
[2025-06-28T01:25:17.013Z] [DEBUG] Processing company database: company_9jxwph8g
[2025-06-28T01:25:17.072Z] [DEBUG] Finding reports to execute in company_9jxwph8g (current time: 2025-06-28T01:25:17.072Z)
[2025-06-28T01:25:17.129Z] [INFO] Found 0 reports to execute in company_9jxwph8g
[2025-06-28T01:25:17.130Z] [INFO] Scheduled reports check completed
[2025-06-28T01:25:17.133Z] [DEBUG] MongoDB connection closed
[2025-06-28T01:25:46.185Z] [INFO] Checking for scheduled reports...
[2025-06-28T01:25:46.909Z] [DEBUG] Connected to MongoDB
[2025-06-28T01:25:46.977Z] [INFO] Found 1 company databases
[2025-06-28T01:25:46.979Z] [DEBUG] Processing company database: company_9jxwph8g
[2025-06-28T01:25:47.035Z] [DEBUG] Finding reports to execute in company_9jxwph8g (current time: 2025-06-28T01:25:47.035Z)
[2025-06-28T01:25:47.088Z] [INFO] Found 0 reports to execute in company_9jxwph8g
[2025-06-28T01:25:47.088Z] [INFO] Scheduled reports check completed
[2025-06-28T01:25:47.090Z] [DEBUG] MongoDB connection closed
[2025-06-28T01:26:16.185Z] [INFO] Checking for scheduled reports...
[2025-06-28T01:26:17.018Z] [DEBUG] Connected to MongoDB
[2025-06-28T01:26:17.083Z] [INFO] Found 1 company databases
[2025-06-28T01:26:17.084Z] [DEBUG] Processing company database: company_9jxwph8g
[2025-06-28T01:26:17.140Z] [DEBUG] Finding reports to execute in company_9jxwph8g (current time: 2025-06-28T01:26:17.140Z)
[2025-06-28T01:26:17.194Z] [INFO] Found 0 reports to execute in company_9jxwph8g
[2025-06-28T01:26:17.194Z] [INFO] Scheduled reports check completed
[2025-06-28T01:26:17.196Z] [DEBUG] MongoDB connection closed
[2025-06-28T01:26:46.186Z] [INFO] Checking for scheduled reports...
[2025-06-28T01:26:46.879Z] [DEBUG] Connected to MongoDB
[2025-06-28T01:26:46.944Z] [INFO] Found 1 company databases
[2025-06-28T01:26:46.945Z] [DEBUG] Processing company database: company_9jxwph8g
[2025-06-28T01:26:47.001Z] [DEBUG] Finding reports to execute in company_9jxwph8g (current time: 2025-06-28T01:26:47.001Z)
[2025-06-28T01:26:47.055Z] [INFO] Found 0 reports to execute in company_9jxwph8g
[2025-06-28T01:26:47.056Z] [INFO] Scheduled reports check completed
[2025-06-28T01:26:47.058Z] [DEBUG] MongoDB connection closed
[2025-06-28T01:27:16.187Z] [INFO] Checking for scheduled reports...
[2025-06-28T01:27:16.942Z] [DEBUG] Connected to MongoDB
[2025-06-28T01:27:17.007Z] [INFO] Found 1 company databases
[2025-06-28T01:27:17.008Z] [DEBUG] Processing company database: company_9jxwph8g
[2025-06-28T01:27:17.062Z] [DEBUG] Finding reports to execute in company_9jxwph8g (current time: 2025-06-28T01:27:17.062Z)
[2025-06-28T01:27:17.115Z] [INFO] Found 0 reports to execute in company_9jxwph8g
[2025-06-28T01:27:17.115Z] [INFO] Scheduled reports check completed
[2025-06-28T01:27:17.116Z] [DEBUG] MongoDB connection closed
[2025-06-28T01:27:46.187Z] [INFO] Checking for scheduled reports...
[2025-06-28T01:27:46.958Z] [DEBUG] Connected to MongoDB
[2025-06-28T01:27:47.025Z] [INFO] Found 1 company databases
[2025-06-28T01:27:47.026Z] [DEBUG] Processing company database: company_9jxwph8g
[2025-06-28T01:27:47.080Z] [DEBUG] Finding reports to execute in company_9jxwph8g (current time: 2025-06-28T01:27:47.080Z)
[2025-06-28T01:27:47.135Z] [INFO] Found 0 reports to execute in company_9jxwph8g
[2025-06-28T01:27:47.136Z] [INFO] Scheduled reports check completed
[2025-06-28T01:27:47.139Z] [DEBUG] MongoDB connection closed
[2025-06-28T01:28:16.189Z] [INFO] Checking for scheduled reports...
[2025-06-28T01:28:16.891Z] [DEBUG] Connected to MongoDB
[2025-06-28T01:28:16.952Z] [INFO] Found 1 company databases
[2025-06-28T01:28:16.952Z] [DEBUG] Processing company database: company_9jxwph8g
[2025-06-28T01:28:17.001Z] [DEBUG] Finding reports to execute in company_9jxwph8g (current time: 2025-06-28T01:28:17.001Z)
[2025-06-28T01:28:17.051Z] [INFO] Found 0 reports to execute in company_9jxwph8g
[2025-06-28T01:28:17.051Z] [INFO] Scheduled reports check completed
[2025-06-28T01:28:17.053Z] [DEBUG] MongoDB connection closed
[2025-06-28T01:28:46.191Z] [INFO] Checking for scheduled reports...
[2025-06-28T01:28:47.087Z] [DEBUG] Connected to MongoDB
[2025-06-28T01:28:47.148Z] [INFO] Found 1 company databases
[2025-06-28T01:28:47.148Z] [DEBUG] Processing company database: company_9jxwph8g
[2025-06-28T01:28:47.199Z] [DEBUG] Finding reports to execute in company_9jxwph8g (current time: 2025-06-28T01:28:47.199Z)
[2025-06-28T01:28:47.249Z] [INFO] Found 0 reports to execute in company_9jxwph8g
[2025-06-28T01:28:47.250Z] [INFO] Scheduled reports check completed
[2025-06-28T01:28:47.252Z] [DEBUG] MongoDB connection closed
[2025-06-28T01:29:16.192Z] [INFO] Checking for scheduled reports...
[2025-06-28T01:29:17.073Z] [DEBUG] Connected to MongoDB
[2025-06-28T01:29:17.134Z] [INFO] Found 1 company databases
[2025-06-28T01:29:17.135Z] [DEBUG] Processing company database: company_9jxwph8g
[2025-06-28T01:29:17.185Z] [DEBUG] Finding reports to execute in company_9jxwph8g (current time: 2025-06-28T01:29:17.185Z)
[2025-06-28T01:29:17.234Z] [INFO] Found 0 reports to execute in company_9jxwph8g
[2025-06-28T01:29:17.235Z] [INFO] Scheduled reports check completed
[2025-06-28T01:29:17.237Z] [DEBUG] MongoDB connection closed
[2025-06-28T01:29:46.192Z] [INFO] Checking for scheduled reports...
[2025-06-28T01:29:46.876Z] [DEBUG] Connected to MongoDB
[2025-06-28T01:29:46.939Z] [INFO] Found 1 company databases
[2025-06-28T01:29:46.939Z] [DEBUG] Processing company database: company_9jxwph8g
[2025-06-28T01:29:46.990Z] [DEBUG] Finding reports to execute in company_9jxwph8g (current time: 2025-06-28T01:29:46.990Z)
[2025-06-28T01:29:47.041Z] [INFO] Found 0 reports to execute in company_9jxwph8g
[2025-06-28T01:29:47.042Z] [INFO] Scheduled reports check completed
[2025-06-28T01:29:47.044Z] [DEBUG] MongoDB connection closed
[2025-06-28T01:30:16.192Z] [INFO] Checking for scheduled reports...
[2025-06-28T01:30:16.877Z] [DEBUG] Connected to MongoDB
[2025-06-28T01:30:16.939Z] [INFO] Found 1 company databases
[2025-06-28T01:30:16.940Z] [DEBUG] Processing company database: company_9jxwph8g
[2025-06-28T01:30:17.008Z] [DEBUG] Finding reports to execute in company_9jxwph8g (current time: 2025-06-28T01:30:17.008Z)
[2025-06-28T01:30:17.057Z] [INFO] Found 0 reports to execute in company_9jxwph8g
[2025-06-28T01:30:17.058Z] [INFO] Scheduled reports check completed
[2025-06-28T01:30:17.059Z] [DEBUG] MongoDB connection closed
[2025-06-28T01:30:46.193Z] [INFO] Checking for scheduled reports...
[2025-06-28T01:30:47.137Z] [DEBUG] Connected to MongoDB
[2025-06-28T01:30:47.197Z] [INFO] Found 1 company databases
[2025-06-28T01:30:47.198Z] [DEBUG] Processing company database: company_9jxwph8g
[2025-06-28T01:30:47.249Z] [DEBUG] Finding reports to execute in company_9jxwph8g (current time: 2025-06-28T01:30:47.249Z)
[2025-06-28T01:30:47.299Z] [INFO] Found 0 reports to execute in company_9jxwph8g
[2025-06-28T01:30:47.299Z] [INFO] Scheduled reports check completed
[2025-06-28T01:30:47.302Z] [DEBUG] MongoDB connection closed
[2025-06-28T01:31:16.193Z] [INFO] Checking for scheduled reports...
[2025-06-28T01:31:16.937Z] [DEBUG] Connected to MongoDB
[2025-06-28T01:31:16.997Z] [INFO] Found 1 company databases
[2025-06-28T01:31:16.997Z] [DEBUG] Processing company database: company_9jxwph8g
[2025-06-28T01:31:17.048Z] [DEBUG] Finding reports to execute in company_9jxwph8g (current time: 2025-06-28T01:31:17.048Z)
[2025-06-28T01:31:17.097Z] [INFO] Found 0 reports to execute in company_9jxwph8g
[2025-06-28T01:31:17.098Z] [INFO] Scheduled reports check completed
[2025-06-28T01:31:17.101Z] [DEBUG] MongoDB connection closed
[2025-06-28T01:31:46.195Z] [INFO] Checking for scheduled reports...
[2025-06-28T01:31:46.837Z] [DEBUG] Connected to MongoDB
[2025-06-28T01:31:46.897Z] [INFO] Found 1 company databases
[2025-06-28T01:31:46.898Z] [DEBUG] Processing company database: company_9jxwph8g
[2025-06-28T01:31:46.948Z] [DEBUG] Finding reports to execute in company_9jxwph8g (current time: 2025-06-28T01:31:46.948Z)
[2025-06-28T01:31:46.998Z] [INFO] Found 0 reports to execute in company_9jxwph8g
[2025-06-28T01:31:46.999Z] [INFO] Scheduled reports check completed
[2025-06-28T01:31:47.001Z] [DEBUG] MongoDB connection closed
[2025-06-28T01:32:16.194Z] [INFO] Checking for scheduled reports...
[2025-06-28T01:32:16.950Z] [DEBUG] Connected to MongoDB
[2025-06-28T01:32:17.011Z] [INFO] Found 1 company databases
[2025-06-28T01:32:17.012Z] [DEBUG] Processing company database: company_9jxwph8g
[2025-06-28T01:32:17.063Z] [DEBUG] Finding reports to execute in company_9jxwph8g (current time: 2025-06-28T01:32:17.063Z)
[2025-06-28T01:32:17.113Z] [INFO] Found 0 reports to execute in company_9jxwph8g
[2025-06-28T01:32:17.113Z] [INFO] Scheduled reports check completed
[2025-06-28T01:32:17.115Z] [DEBUG] MongoDB connection closed
[2025-06-28T01:32:46.195Z] [INFO] Checking for scheduled reports...
[2025-06-28T01:32:46.837Z] [DEBUG] Connected to MongoDB
[2025-06-28T01:32:46.897Z] [INFO] Found 1 company databases
[2025-06-28T01:32:46.898Z] [DEBUG] Processing company database: company_9jxwph8g
[2025-06-28T01:32:46.949Z] [DEBUG] Finding reports to execute in company_9jxwph8g (current time: 2025-06-28T01:32:46.949Z)
[2025-06-28T01:32:46.998Z] [INFO] Found 0 reports to execute in company_9jxwph8g
[2025-06-28T01:32:46.999Z] [INFO] Scheduled reports check completed
[2025-06-28T01:32:47.000Z] [DEBUG] MongoDB connection closed
[2025-06-28T01:33:16.196Z] [INFO] Checking for scheduled reports...
[2025-06-28T01:33:16.882Z] [DEBUG] Connected to MongoDB
[2025-06-28T01:33:16.944Z] [INFO] Found 1 company databases
[2025-06-28T01:33:16.944Z] [DEBUG] Processing company database: company_9jxwph8g
[2025-06-28T01:33:16.994Z] [DEBUG] Finding reports to execute in company_9jxwph8g (current time: 2025-06-28T01:33:16.994Z)
[2025-06-28T01:33:17.043Z] [INFO] Found 0 reports to execute in company_9jxwph8g
[2025-06-28T01:33:17.043Z] [INFO] Scheduled reports check completed
[2025-06-28T01:33:17.045Z] [DEBUG] MongoDB connection closed
[2025-06-28T01:33:46.197Z] [INFO] Checking for scheduled reports...
[2025-06-28T01:33:46.949Z] [DEBUG] Connected to MongoDB
[2025-06-28T01:33:47.011Z] [INFO] Found 1 company databases
[2025-06-28T01:33:47.012Z] [DEBUG] Processing company database: company_9jxwph8g
[2025-06-28T01:33:47.061Z] [DEBUG] Finding reports to execute in company_9jxwph8g (current time: 2025-06-28T01:33:47.061Z)
[2025-06-28T01:33:47.110Z] [INFO] Found 0 reports to execute in company_9jxwph8g
[2025-06-28T01:33:47.111Z] [INFO] Scheduled reports check completed
[2025-06-28T01:33:47.112Z] [DEBUG] MongoDB connection closed
[2025-06-28T01:34:16.198Z] [INFO] Checking for scheduled reports...
[2025-06-28T01:34:16.880Z] [DEBUG] Connected to MongoDB
[2025-06-28T01:34:16.941Z] [INFO] Found 1 company databases
[2025-06-28T01:34:16.942Z] [DEBUG] Processing company database: company_9jxwph8g
[2025-06-28T01:34:16.992Z] [DEBUG] Finding reports to execute in company_9jxwph8g (current time: 2025-06-28T01:34:16.992Z)
[2025-06-28T01:34:17.042Z] [INFO] Found 0 reports to execute in company_9jxwph8g
[2025-06-28T01:34:17.043Z] [INFO] Scheduled reports check completed
[2025-06-28T01:34:17.045Z] [DEBUG] MongoDB connection closed
[2025-06-28T01:34:46.198Z] [INFO] Checking for scheduled reports...
[2025-06-28T01:34:46.862Z] [DEBUG] Connected to MongoDB
[2025-06-28T01:34:46.924Z] [INFO] Found 1 company databases
[2025-06-28T01:34:46.925Z] [DEBUG] Processing company database: company_9jxwph8g
[2025-06-28T01:34:46.975Z] [DEBUG] Finding reports to execute in company_9jxwph8g (current time: 2025-06-28T01:34:46.975Z)
[2025-06-28T01:34:47.026Z] [INFO] Found 0 reports to execute in company_9jxwph8g
[2025-06-28T01:34:47.026Z] [INFO] Scheduled reports check completed
[2025-06-28T01:34:47.030Z] [DEBUG] MongoDB connection closed
[2025-06-28T01:35:16.199Z] [INFO] Checking for scheduled reports...
[2025-06-28T01:35:16.963Z] [DEBUG] Connected to MongoDB
[2025-06-28T01:35:17.024Z] [INFO] Found 1 company databases
[2025-06-28T01:35:17.024Z] [DEBUG] Processing company database: company_9jxwph8g
[2025-06-28T01:35:17.080Z] [DEBUG] Finding reports to execute in company_9jxwph8g (current time: 2025-06-28T01:35:17.080Z)
[2025-06-28T01:35:17.130Z] [INFO] Found 0 reports to execute in company_9jxwph8g
[2025-06-28T01:35:17.130Z] [INFO] Scheduled reports check completed
[2025-06-28T01:35:17.133Z] [DEBUG] MongoDB connection closed
[2025-06-28T01:35:46.199Z] [INFO] Checking for scheduled reports...
[2025-06-28T01:35:46.855Z] [DEBUG] Connected to MongoDB
[2025-06-28T01:35:46.915Z] [INFO] Found 1 company databases
[2025-06-28T01:35:46.916Z] [DEBUG] Processing company database: company_9jxwph8g
[2025-06-28T01:35:46.966Z] [DEBUG] Finding reports to execute in company_9jxwph8g (current time: 2025-06-28T01:35:46.966Z)
[2025-06-28T01:35:47.016Z] [INFO] Found 0 reports to execute in company_9jxwph8g
[2025-06-28T01:35:47.017Z] [INFO] Scheduled reports check completed
[2025-06-28T01:35:47.018Z] [DEBUG] MongoDB connection closed
[2025-06-28T01:36:16.200Z] [INFO] Checking for scheduled reports...
[2025-06-28T01:36:17.037Z] [DEBUG] Connected to MongoDB
[2025-06-28T01:36:17.103Z] [INFO] Found 1 company databases
[2025-06-28T01:36:17.103Z] [DEBUG] Processing company database: company_9jxwph8g
[2025-06-28T01:36:17.158Z] [DEBUG] Finding reports to execute in company_9jxwph8g (current time: 2025-06-28T01:36:17.158Z)
[2025-06-28T01:36:17.223Z] [INFO] Found 0 reports to execute in company_9jxwph8g
[2025-06-28T01:36:17.223Z] [INFO] Scheduled reports check completed
[2025-06-28T01:36:17.226Z] [DEBUG] MongoDB connection closed
[2025-06-28T01:36:46.200Z] [INFO] Checking for scheduled reports...
[2025-06-28T01:36:46.978Z] [DEBUG] Connected to MongoDB
[2025-06-28T01:36:47.044Z] [INFO] Found 1 company databases
[2025-06-28T01:36:47.044Z] [DEBUG] Processing company database: company_9jxwph8g
[2025-06-28T01:36:47.099Z] [DEBUG] Finding reports to execute in company_9jxwph8g (current time: 2025-06-28T01:36:47.099Z)
[2025-06-28T01:36:47.153Z] [INFO] Found 0 reports to execute in company_9jxwph8g
[2025-06-28T01:36:47.154Z] [INFO] Scheduled reports check completed
[2025-06-28T01:36:47.156Z] [DEBUG] MongoDB connection closed
[2025-06-28T01:37:16.201Z] [INFO] Checking for scheduled reports...
[2025-06-28T01:37:16.935Z] [DEBUG] Connected to MongoDB
[2025-06-28T01:37:17.000Z] [INFO] Found 1 company databases
[2025-06-28T01:37:17.001Z] [DEBUG] Processing company database: company_9jxwph8g
[2025-06-28T01:37:17.057Z] [DEBUG] Finding reports to execute in company_9jxwph8g (current time: 2025-06-28T01:37:17.057Z)
[2025-06-28T01:37:17.111Z] [INFO] Found 0 reports to execute in company_9jxwph8g
[2025-06-28T01:37:17.112Z] [INFO] Scheduled reports check completed
[2025-06-28T01:37:17.115Z] [DEBUG] MongoDB connection closed
[2025-06-28T01:37:46.202Z] [INFO] Checking for scheduled reports...
[2025-06-28T01:37:47.017Z] [DEBUG] Connected to MongoDB
[2025-06-28T01:37:47.082Z] [INFO] Found 1 company databases
[2025-06-28T01:37:47.082Z] [DEBUG] Processing company database: company_9jxwph8g
[2025-06-28T01:37:47.138Z] [DEBUG] Finding reports to execute in company_9jxwph8g (current time: 2025-06-28T01:37:47.138Z)
[2025-06-28T01:37:47.192Z] [INFO] Found 0 reports to execute in company_9jxwph8g
[2025-06-28T01:37:47.193Z] [INFO] Scheduled reports check completed
[2025-06-28T01:37:47.195Z] [DEBUG] MongoDB connection closed
[2025-06-28T01:38:16.205Z] [INFO] Checking for scheduled reports...
[2025-06-28T01:38:16.964Z] [DEBUG] Connected to MongoDB
[2025-06-28T01:38:17.030Z] [INFO] Found 1 company databases
[2025-06-28T01:38:17.031Z] [DEBUG] Processing company database: company_9jxwph8g
[2025-06-28T01:38:17.086Z] [DEBUG] Finding reports to execute in company_9jxwph8g (current time: 2025-06-28T01:38:17.085Z)
[2025-06-28T01:38:17.144Z] [INFO] Found 0 reports to execute in company_9jxwph8g
[2025-06-28T01:38:17.147Z] [INFO] Scheduled reports check completed
[2025-06-28T01:38:17.150Z] [DEBUG] MongoDB connection closed
[2025-06-28T01:38:46.206Z] [INFO] Checking for scheduled reports...
[2025-06-28T01:38:47.340Z] [DEBUG] Connected to MongoDB
[2025-06-28T01:38:47.405Z] [INFO] Found 1 company databases
[2025-06-28T01:38:47.405Z] [DEBUG] Processing company database: company_9jxwph8g
[2025-06-28T01:38:47.461Z] [DEBUG] Finding reports to execute in company_9jxwph8g (current time: 2025-06-28T01:38:47.461Z)
[2025-06-28T01:38:47.515Z] [INFO] Found 0 reports to execute in company_9jxwph8g
[2025-06-28T01:38:47.516Z] [INFO] Scheduled reports check completed
[2025-06-28T01:38:47.518Z] [DEBUG] MongoDB connection closed
[2025-06-28T01:39:16.207Z] [INFO] Checking for scheduled reports...
[2025-06-28T01:39:17.064Z] [DEBUG] Connected to MongoDB
[2025-06-28T01:39:17.129Z] [INFO] Found 1 company databases
[2025-06-28T01:39:17.129Z] [DEBUG] Processing company database: company_9jxwph8g
[2025-06-28T01:39:17.183Z] [DEBUG] Finding reports to execute in company_9jxwph8g (current time: 2025-06-28T01:39:17.183Z)
[2025-06-28T01:39:17.237Z] [INFO] Found 0 reports to execute in company_9jxwph8g
[2025-06-28T01:39:17.238Z] [INFO] Scheduled reports check completed
[2025-06-28T01:39:17.240Z] [DEBUG] MongoDB connection closed
[2025-06-28T01:39:46.207Z] [INFO] Checking for scheduled reports...
[2025-06-28T01:39:46.978Z] [DEBUG] Connected to MongoDB
[2025-06-28T01:39:47.043Z] [INFO] Found 1 company databases
[2025-06-28T01:39:47.044Z] [DEBUG] Processing company database: company_9jxwph8g
[2025-06-28T01:39:47.099Z] [DEBUG] Finding reports to execute in company_9jxwph8g (current time: 2025-06-28T01:39:47.099Z)
[2025-06-28T01:39:47.154Z] [INFO] Found 0 reports to execute in company_9jxwph8g
[2025-06-28T01:39:47.155Z] [INFO] Scheduled reports check completed
[2025-06-28T01:39:47.157Z] [DEBUG] MongoDB connection closed
[2025-06-28T01:40:16.207Z] [INFO] Checking for scheduled reports...
[2025-06-28T01:40:16.939Z] [DEBUG] Connected to MongoDB
[2025-06-28T01:40:17.005Z] [INFO] Found 1 company databases
[2025-06-28T01:40:17.005Z] [DEBUG] Processing company database: company_9jxwph8g
[2025-06-28T01:40:17.059Z] [DEBUG] Finding reports to execute in company_9jxwph8g (current time: 2025-06-28T01:40:17.059Z)
[2025-06-28T01:40:17.116Z] [INFO] Found 0 reports to execute in company_9jxwph8g
[2025-06-28T01:40:17.116Z] [INFO] Scheduled reports check completed
[2025-06-28T01:40:17.118Z] [DEBUG] MongoDB connection closed
[2025-06-28T01:40:46.207Z] [INFO] Checking for scheduled reports...
[2025-06-28T01:40:46.890Z] [DEBUG] Connected to MongoDB
[2025-06-28T01:40:46.954Z] [INFO] Found 1 company databases
[2025-06-28T01:40:46.955Z] [DEBUG] Processing company database: company_9jxwph8g
[2025-06-28T01:40:47.008Z] [DEBUG] Finding reports to execute in company_9jxwph8g (current time: 2025-06-28T01:40:47.008Z)
[2025-06-28T01:40:47.064Z] [INFO] Found 0 reports to execute in company_9jxwph8g
[2025-06-28T01:40:47.064Z] [INFO] Scheduled reports check completed
[2025-06-28T01:40:47.066Z] [DEBUG] MongoDB connection closed
[2025-06-28T01:41:16.208Z] [INFO] Checking for scheduled reports...
[2025-06-28T01:41:17.026Z] [DEBUG] Connected to MongoDB
[2025-06-28T01:41:17.090Z] [INFO] Found 1 company databases
[2025-06-28T01:41:17.090Z] [DEBUG] Processing company database: company_9jxwph8g
[2025-06-28T01:41:17.145Z] [DEBUG] Finding reports to execute in company_9jxwph8g (current time: 2025-06-28T01:41:17.145Z)
[2025-06-28T01:41:17.199Z] [INFO] Found 0 reports to execute in company_9jxwph8g
[2025-06-28T01:41:17.200Z] [INFO] Scheduled reports check completed
[2025-06-28T01:41:17.201Z] [DEBUG] MongoDB connection closed
[2025-06-28T01:41:46.208Z] [INFO] Checking for scheduled reports...
[2025-06-28T01:41:46.899Z] [DEBUG] Connected to MongoDB
[2025-06-28T01:41:46.964Z] [INFO] Found 1 company databases
[2025-06-28T01:41:46.964Z] [DEBUG] Processing company database: company_9jxwph8g
[2025-06-28T01:41:47.018Z] [DEBUG] Finding reports to execute in company_9jxwph8g (current time: 2025-06-28T01:41:47.018Z)
[2025-06-28T01:41:47.072Z] [INFO] Found 0 reports to execute in company_9jxwph8g
[2025-06-28T01:41:47.072Z] [INFO] Scheduled reports check completed
[2025-06-28T01:41:47.074Z] [DEBUG] MongoDB connection closed
[2025-06-28T01:42:16.209Z] [INFO] Checking for scheduled reports...
[2025-06-28T01:42:17.053Z] [DEBUG] Connected to MongoDB
[2025-06-28T01:42:17.118Z] [INFO] Found 1 company databases
[2025-06-28T01:42:17.118Z] [DEBUG] Processing company database: company_9jxwph8g
[2025-06-28T01:42:17.172Z] [DEBUG] Finding reports to execute in company_9jxwph8g (current time: 2025-06-28T01:42:17.172Z)
[2025-06-28T01:42:17.226Z] [INFO] Found 0 reports to execute in company_9jxwph8g
[2025-06-28T01:42:17.226Z] [INFO] Scheduled reports check completed
[2025-06-28T01:42:17.228Z] [DEBUG] MongoDB connection closed
[2025-06-28T01:42:46.210Z] [INFO] Checking for scheduled reports...
[2025-06-28T01:42:46.992Z] [DEBUG] Connected to MongoDB
[2025-06-28T01:42:47.058Z] [INFO] Found 1 company databases
[2025-06-28T01:42:47.059Z] [DEBUG] Processing company database: company_9jxwph8g
[2025-06-28T01:42:47.115Z] [DEBUG] Finding reports to execute in company_9jxwph8g (current time: 2025-06-28T01:42:47.115Z)
[2025-06-28T01:42:47.170Z] [INFO] Found 0 reports to execute in company_9jxwph8g
[2025-06-28T01:42:47.171Z] [INFO] Scheduled reports check completed
[2025-06-28T01:42:47.173Z] [DEBUG] MongoDB connection closed
[2025-06-28T01:43:16.211Z] [INFO] Checking for scheduled reports...
[2025-06-28T01:43:16.935Z] [DEBUG] Connected to MongoDB
[2025-06-28T01:43:17.001Z] [INFO] Found 1 company databases
[2025-06-28T01:43:17.001Z] [DEBUG] Processing company database: company_9jxwph8g
[2025-06-28T01:43:17.056Z] [DEBUG] Finding reports to execute in company_9jxwph8g (current time: 2025-06-28T01:43:17.056Z)
[2025-06-28T01:43:17.110Z] [INFO] Found 0 reports to execute in company_9jxwph8g
[2025-06-28T01:43:17.110Z] [INFO] Scheduled reports check completed
[2025-06-28T01:43:17.111Z] [DEBUG] MongoDB connection closed
[2025-06-28T01:43:46.212Z] [INFO] Checking for scheduled reports...
[2025-06-28T01:43:46.897Z] [DEBUG] Connected to MongoDB
[2025-06-28T01:43:46.962Z] [INFO] Found 1 company databases
[2025-06-28T01:43:46.962Z] [DEBUG] Processing company database: company_9jxwph8g
[2025-06-28T01:43:47.016Z] [DEBUG] Finding reports to execute in company_9jxwph8g (current time: 2025-06-28T01:43:47.016Z)
[2025-06-28T01:43:47.070Z] [INFO] Found 0 reports to execute in company_9jxwph8g
[2025-06-28T01:43:47.070Z] [INFO] Scheduled reports check completed
[2025-06-28T01:43:47.072Z] [DEBUG] MongoDB connection closed
[2025-06-28T01:44:16.214Z] [INFO] Checking for scheduled reports...
[2025-06-28T01:44:17.020Z] [DEBUG] Connected to MongoDB
[2025-06-28T01:44:17.086Z] [INFO] Found 1 company databases
[2025-06-28T01:44:17.086Z] [DEBUG] Processing company database: company_9jxwph8g
[2025-06-28T01:44:17.145Z] [DEBUG] Finding reports to execute in company_9jxwph8g (current time: 2025-06-28T01:44:17.145Z)
[2025-06-28T01:44:17.206Z] [INFO] Found 0 reports to execute in company_9jxwph8g
[2025-06-28T01:44:17.216Z] [INFO] Scheduled reports check completed
[2025-06-28T01:44:17.220Z] [DEBUG] MongoDB connection closed
[2025-06-28T01:44:46.215Z] [INFO] Checking for scheduled reports...
[2025-06-28T01:44:46.919Z] [DEBUG] Connected to MongoDB
[2025-06-28T01:44:47.010Z] [INFO] Found 1 company databases
[2025-06-28T01:44:47.010Z] [DEBUG] Processing company database: company_9jxwph8g
[2025-06-28T01:44:47.064Z] [DEBUG] Finding reports to execute in company_9jxwph8g (current time: 2025-06-28T01:44:47.064Z)
[2025-06-28T01:44:47.117Z] [INFO] Found 0 reports to execute in company_9jxwph8g
[2025-06-28T01:44:47.118Z] [INFO] Scheduled reports check completed
[2025-06-28T01:44:47.119Z] [DEBUG] MongoDB connection closed
[2025-06-28T01:45:16.216Z] [INFO] Checking for scheduled reports...
[2025-06-28T01:45:17.062Z] [DEBUG] Connected to MongoDB
[2025-06-28T01:45:17.127Z] [INFO] Found 1 company databases
[2025-06-28T01:45:17.127Z] [DEBUG] Processing company database: company_9jxwph8g
[2025-06-28T01:45:17.181Z] [DEBUG] Finding reports to execute in company_9jxwph8g (current time: 2025-06-28T01:45:17.181Z)
[2025-06-28T01:45:17.236Z] [INFO] Found 0 reports to execute in company_9jxwph8g
[2025-06-28T01:45:17.237Z] [INFO] Scheduled reports check completed
[2025-06-28T01:45:17.239Z] [DEBUG] MongoDB connection closed
[2025-06-28T01:45:46.216Z] [INFO] Checking for scheduled reports...
[2025-06-28T01:45:46.987Z] [DEBUG] Connected to MongoDB
[2025-06-28T01:45:47.052Z] [INFO] Found 1 company databases
[2025-06-28T01:45:47.052Z] [DEBUG] Processing company database: company_9jxwph8g
[2025-06-28T01:45:47.108Z] [DEBUG] Finding reports to execute in company_9jxwph8g (current time: 2025-06-28T01:45:47.108Z)
[2025-06-28T01:45:47.162Z] [INFO] Found 0 reports to execute in company_9jxwph8g
[2025-06-28T01:45:47.162Z] [INFO] Scheduled reports check completed
[2025-06-28T01:45:47.163Z] [DEBUG] MongoDB connection closed
[2025-06-28T01:46:16.217Z] [INFO] Checking for scheduled reports...
[2025-06-28T01:46:16.950Z] [DEBUG] Connected to MongoDB
[2025-06-28T01:46:17.016Z] [INFO] Found 1 company databases
[2025-06-28T01:46:17.016Z] [DEBUG] Processing company database: company_9jxwph8g
[2025-06-28T01:46:17.070Z] [DEBUG] Finding reports to execute in company_9jxwph8g (current time: 2025-06-28T01:46:17.070Z)
[2025-06-28T01:46:17.124Z] [INFO] Found 0 reports to execute in company_9jxwph8g
[2025-06-28T01:46:17.124Z] [INFO] Scheduled reports check completed
[2025-06-28T01:46:17.125Z] [DEBUG] MongoDB connection closed
[2025-06-28T01:46:46.218Z] [INFO] Checking for scheduled reports...
[2025-06-28T01:46:47.127Z] [DEBUG] Connected to MongoDB
[2025-06-28T01:46:47.200Z] [INFO] Found 1 company databases
[2025-06-28T01:46:47.201Z] [DEBUG] Processing company database: company_9jxwph8g
[2025-06-28T01:46:47.256Z] [DEBUG] Finding reports to execute in company_9jxwph8g (current time: 2025-06-28T01:46:47.256Z)
[2025-06-28T01:46:47.309Z] [INFO] Found 0 reports to execute in company_9jxwph8g
[2025-06-28T01:46:47.310Z] [INFO] Scheduled reports check completed
[2025-06-28T01:46:47.311Z] [DEBUG] MongoDB connection closed
[2025-06-28T01:47:16.219Z] [INFO] Checking for scheduled reports...
[2025-06-28T01:47:17.915Z] [DEBUG] Connected to MongoDB
[2025-06-28T01:47:17.980Z] [INFO] Found 1 company databases
[2025-06-28T01:47:17.981Z] [DEBUG] Processing company database: company_9jxwph8g
[2025-06-28T01:47:18.035Z] [DEBUG] Finding reports to execute in company_9jxwph8g (current time: 2025-06-28T01:47:18.035Z)
[2025-06-28T01:47:18.091Z] [INFO] Found 0 reports to execute in company_9jxwph8g
[2025-06-28T01:47:18.091Z] [INFO] Scheduled reports check completed
[2025-06-28T01:47:18.094Z] [DEBUG] MongoDB connection closed
[2025-06-28T01:47:46.220Z] [INFO] Checking for scheduled reports...
[2025-06-28T01:47:46.898Z] [DEBUG] Connected to MongoDB
[2025-06-28T01:47:46.963Z] [INFO] Found 1 company databases
[2025-06-28T01:47:46.963Z] [DEBUG] Processing company database: company_9jxwph8g
[2025-06-28T01:47:47.017Z] [DEBUG] Finding reports to execute in company_9jxwph8g (current time: 2025-06-28T01:47:47.017Z)
[2025-06-28T01:47:47.071Z] [INFO] Found 0 reports to execute in company_9jxwph8g
[2025-06-28T01:47:47.071Z] [INFO] Scheduled reports check completed
[2025-06-28T01:47:47.073Z] [DEBUG] MongoDB connection closed
[2025-06-28T01:48:16.221Z] [INFO] Checking for scheduled reports...
[2025-06-28T01:48:17.762Z] [DEBUG] Connected to MongoDB
[2025-06-28T01:48:17.826Z] [INFO] Found 1 company databases
[2025-06-28T01:48:17.827Z] [DEBUG] Processing company database: company_9jxwph8g
[2025-06-28T01:48:17.883Z] [DEBUG] Finding reports to execute in company_9jxwph8g (current time: 2025-06-28T01:48:17.883Z)
[2025-06-28T01:48:17.936Z] [INFO] Found 0 reports to execute in company_9jxwph8g
[2025-06-28T01:48:17.937Z] [INFO] Scheduled reports check completed
[2025-06-28T01:48:17.938Z] [DEBUG] MongoDB connection closed
[2025-06-28T01:48:46.222Z] [INFO] Checking for scheduled reports...
[2025-06-28T01:48:48.057Z] [DEBUG] Connected to MongoDB
[2025-06-28T01:48:48.122Z] [INFO] Found 1 company databases
[2025-06-28T01:48:48.122Z] [DEBUG] Processing company database: company_9jxwph8g
[2025-06-28T01:48:48.177Z] [DEBUG] Finding reports to execute in company_9jxwph8g (current time: 2025-06-28T01:48:48.177Z)
[2025-06-28T01:48:48.231Z] [INFO] Found 0 reports to execute in company_9jxwph8g
[2025-06-28T01:48:48.232Z] [INFO] Scheduled reports check completed
[2025-06-28T01:48:48.234Z] [DEBUG] MongoDB connection closed
[2025-06-28T01:49:16.227Z] [INFO] Checking for scheduled reports...
[2025-06-28T01:49:16.984Z] [DEBUG] Connected to MongoDB
[2025-06-28T01:49:17.049Z] [INFO] Found 1 company databases
[2025-06-28T01:49:17.049Z] [DEBUG] Processing company database: company_9jxwph8g
[2025-06-28T01:49:17.102Z] [DEBUG] Finding reports to execute in company_9jxwph8g (current time: 2025-06-28T01:49:17.102Z)
[2025-06-28T01:49:17.156Z] [INFO] Found 0 reports to execute in company_9jxwph8g
[2025-06-28T01:49:17.156Z] [INFO] Scheduled reports check completed
[2025-06-28T01:49:17.156Z] [DEBUG] MongoDB connection closed
[2025-06-28T01:49:46.228Z] [INFO] Checking for scheduled reports...
[2025-06-28T01:49:46.974Z] [DEBUG] Connected to MongoDB
[2025-06-28T01:49:47.040Z] [INFO] Found 1 company databases
[2025-06-28T01:49:47.041Z] [DEBUG] Processing company database: company_9jxwph8g
[2025-06-28T01:49:47.096Z] [DEBUG] Finding reports to execute in company_9jxwph8g (current time: 2025-06-28T01:49:47.096Z)
[2025-06-28T01:49:47.151Z] [INFO] Found 0 reports to execute in company_9jxwph8g
[2025-06-28T01:49:47.152Z] [INFO] Scheduled reports check completed
[2025-06-28T01:49:47.154Z] [DEBUG] MongoDB connection closed
[2025-06-28T01:50:16.229Z] [INFO] Checking for scheduled reports...
[2025-06-28T01:50:17.163Z] [DEBUG] Connected to MongoDB
[2025-06-28T01:50:17.228Z] [INFO] Found 1 company databases
[2025-06-28T01:50:17.229Z] [DEBUG] Processing company database: company_9jxwph8g
[2025-06-28T01:50:17.283Z] [DEBUG] Finding reports to execute in company_9jxwph8g (current time: 2025-06-28T01:50:17.283Z)
[2025-06-28T01:50:17.337Z] [INFO] Found 0 reports to execute in company_9jxwph8g
[2025-06-28T01:50:17.338Z] [INFO] Scheduled reports check completed
[2025-06-28T01:50:17.340Z] [DEBUG] MongoDB connection closed
[2025-06-28T01:50:46.230Z] [INFO] Checking for scheduled reports...
[2025-06-28T01:50:46.944Z] [DEBUG] Connected to MongoDB
[2025-06-28T01:50:47.009Z] [INFO] Found 1 company databases
[2025-06-28T01:50:47.009Z] [DEBUG] Processing company database: company_9jxwph8g
[2025-06-28T01:50:47.064Z] [DEBUG] Finding reports to execute in company_9jxwph8g (current time: 2025-06-28T01:50:47.064Z)
[2025-06-28T01:50:47.117Z] [INFO] Found 0 reports to execute in company_9jxwph8g
[2025-06-28T01:50:47.118Z] [INFO] Scheduled reports check completed
[2025-06-28T01:50:47.120Z] [DEBUG] MongoDB connection closed
[2025-06-28T01:51:16.230Z] [INFO] Checking for scheduled reports...
[2025-06-28T01:51:17.062Z] [DEBUG] Connected to MongoDB
[2025-06-28T01:51:17.156Z] [INFO] Found 1 company databases
[2025-06-28T01:51:17.157Z] [DEBUG] Processing company database: company_9jxwph8g
[2025-06-28T01:51:17.211Z] [DEBUG] Finding reports to execute in company_9jxwph8g (current time: 2025-06-28T01:51:17.211Z)
[2025-06-28T01:51:17.265Z] [INFO] Found 0 reports to execute in company_9jxwph8g
[2025-06-28T01:51:17.266Z] [INFO] Scheduled reports check completed
[2025-06-28T01:51:17.268Z] [DEBUG] MongoDB connection closed
[2025-06-28T01:51:46.230Z] [INFO] Checking for scheduled reports...
[2025-06-28T01:51:47.073Z] [DEBUG] Connected to MongoDB
[2025-06-28T01:51:47.137Z] [INFO] Found 1 company databases
[2025-06-28T01:51:47.138Z] [DEBUG] Processing company database: company_9jxwph8g
[2025-06-28T01:51:47.193Z] [DEBUG] Finding reports to execute in company_9jxwph8g (current time: 2025-06-28T01:51:47.193Z)
[2025-06-28T01:51:47.248Z] [INFO] Found 0 reports to execute in company_9jxwph8g
[2025-06-28T01:51:47.249Z] [INFO] Scheduled reports check completed
[2025-06-28T01:51:47.252Z] [DEBUG] MongoDB connection closed
[2025-06-28T01:52:16.230Z] [INFO] Checking for scheduled reports...
[2025-06-28T01:52:17.034Z] [DEBUG] Connected to MongoDB
[2025-06-28T01:52:17.101Z] [INFO] Found 1 company databases
[2025-06-28T01:52:17.101Z] [DEBUG] Processing company database: company_9jxwph8g
[2025-06-28T01:52:17.155Z] [DEBUG] Finding reports to execute in company_9jxwph8g (current time: 2025-06-28T01:52:17.155Z)
[2025-06-28T01:52:17.210Z] [INFO] Found 0 reports to execute in company_9jxwph8g
[2025-06-28T01:52:17.210Z] [INFO] Scheduled reports check completed
[2025-06-28T01:52:17.212Z] [DEBUG] MongoDB connection closed
[2025-06-28T01:52:46.229Z] [INFO] Checking for scheduled reports...
[2025-06-28T01:52:46.982Z] [DEBUG] Connected to MongoDB
[2025-06-28T01:52:47.047Z] [INFO] Found 1 company databases
[2025-06-28T01:52:47.047Z] [DEBUG] Processing company database: company_9jxwph8g
[2025-06-28T01:52:47.102Z] [DEBUG] Finding reports to execute in company_9jxwph8g (current time: 2025-06-28T01:52:47.102Z)
[2025-06-28T01:52:47.156Z] [INFO] Found 0 reports to execute in company_9jxwph8g
[2025-06-28T01:52:47.157Z] [INFO] Scheduled reports check completed
[2025-06-28T01:52:47.159Z] [DEBUG] MongoDB connection closed
[2025-06-28T01:53:16.229Z] [INFO] Checking for scheduled reports...
[2025-06-28T01:53:17.152Z] [DEBUG] Connected to MongoDB
[2025-06-28T01:53:17.218Z] [INFO] Found 1 company databases
[2025-06-28T01:53:17.218Z] [DEBUG] Processing company database: company_9jxwph8g
[2025-06-28T01:53:17.273Z] [DEBUG] Finding reports to execute in company_9jxwph8g (current time: 2025-06-28T01:53:17.273Z)
[2025-06-28T01:53:17.327Z] [INFO] Found 0 reports to execute in company_9jxwph8g
[2025-06-28T01:53:17.328Z] [INFO] Scheduled reports check completed
[2025-06-28T01:53:17.330Z] [DEBUG] MongoDB connection closed
[2025-06-28T01:53:46.234Z] [INFO] Checking for scheduled reports...
[2025-06-28T01:53:46.981Z] [DEBUG] Connected to MongoDB
[2025-06-28T01:53:47.045Z] [INFO] Found 1 company databases
[2025-06-28T01:53:47.046Z] [DEBUG] Processing company database: company_9jxwph8g
[2025-06-28T01:53:47.099Z] [DEBUG] Finding reports to execute in company_9jxwph8g (current time: 2025-06-28T01:53:47.099Z)
[2025-06-28T01:53:47.152Z] [INFO] Found 0 reports to execute in company_9jxwph8g
[2025-06-28T01:53:47.152Z] [INFO] Scheduled reports check completed
[2025-06-28T01:53:47.153Z] [DEBUG] MongoDB connection closed
[2025-06-28T01:54:16.244Z] [INFO] Checking for scheduled reports...
[2025-06-28T01:54:17.075Z] [DEBUG] Connected to MongoDB
[2025-06-28T01:54:17.140Z] [INFO] Found 1 company databases
[2025-06-28T01:54:17.141Z] [DEBUG] Processing company database: company_9jxwph8g
[2025-06-28T01:54:17.196Z] [DEBUG] Finding reports to execute in company_9jxwph8g (current time: 2025-06-28T01:54:17.196Z)
[2025-06-28T01:54:17.250Z] [INFO] Found 0 reports to execute in company_9jxwph8g
[2025-06-28T01:54:17.251Z] [INFO] Scheduled reports check completed
[2025-06-28T01:54:17.254Z] [DEBUG] MongoDB connection closed
[2025-06-28T01:54:46.269Z] [INFO] Checking for scheduled reports...
[2025-06-28T01:54:47.119Z] [DEBUG] Connected to MongoDB
[2025-06-28T01:54:47.184Z] [INFO] Found 1 company databases
[2025-06-28T01:54:47.184Z] [DEBUG] Processing company database: company_9jxwph8g
[2025-06-28T01:54:47.239Z] [DEBUG] Finding reports to execute in company_9jxwph8g (current time: 2025-06-28T01:54:47.239Z)
[2025-06-28T01:54:47.293Z] [INFO] Found 0 reports to execute in company_9jxwph8g
[2025-06-28T01:54:47.294Z] [INFO] Scheduled reports check completed
[2025-06-28T01:54:47.296Z] [DEBUG] MongoDB connection closed
[2025-06-28T01:55:16.273Z] [INFO] Checking for scheduled reports...
[2025-06-28T01:55:17.069Z] [DEBUG] Connected to MongoDB
[2025-06-28T01:55:17.131Z] [INFO] Found 1 company databases
[2025-06-28T01:55:17.131Z] [DEBUG] Processing company database: company_9jxwph8g
[2025-06-28T01:55:17.182Z] [DEBUG] Finding reports to execute in company_9jxwph8g (current time: 2025-06-28T01:55:17.182Z)
[2025-06-28T01:55:17.233Z] [INFO] Found 0 reports to execute in company_9jxwph8g
[2025-06-28T01:55:17.234Z] [INFO] Scheduled reports check completed
[2025-06-28T01:55:17.237Z] [DEBUG] MongoDB connection closed
[2025-06-28T01:55:46.275Z] [INFO] Checking for scheduled reports...
[2025-06-28T01:55:47.103Z] [DEBUG] Connected to MongoDB
[2025-06-28T01:55:47.165Z] [INFO] Found 1 company databases
[2025-06-28T01:55:47.166Z] [DEBUG] Processing company database: company_9jxwph8g
[2025-06-28T01:55:47.217Z] [DEBUG] Finding reports to execute in company_9jxwph8g (current time: 2025-06-28T01:55:47.217Z)
[2025-06-28T01:55:47.267Z] [INFO] Found 0 reports to execute in company_9jxwph8g
[2025-06-28T01:55:47.267Z] [INFO] Scheduled reports check completed
[2025-06-28T01:55:47.270Z] [DEBUG] MongoDB connection closed
[2025-06-28T01:56:16.276Z] [INFO] Checking for scheduled reports...
[2025-06-28T01:56:17.129Z] [DEBUG] Connected to MongoDB
[2025-06-28T01:56:17.191Z] [INFO] Found 1 company databases
[2025-06-28T01:56:17.192Z] [DEBUG] Processing company database: company_9jxwph8g
[2025-06-28T01:56:17.243Z] [DEBUG] Finding reports to execute in company_9jxwph8g (current time: 2025-06-28T01:56:17.243Z)
[2025-06-28T01:56:17.293Z] [INFO] Found 0 reports to execute in company_9jxwph8g
[2025-06-28T01:56:17.294Z] [INFO] Scheduled reports check completed
[2025-06-28T01:56:17.296Z] [DEBUG] MongoDB connection closed
[2025-06-28T01:56:46.277Z] [INFO] Checking for scheduled reports...
[2025-06-28T01:56:46.980Z] [DEBUG] Connected to MongoDB
[2025-06-28T01:56:47.041Z] [INFO] Found 1 company databases
[2025-06-28T01:56:47.041Z] [DEBUG] Processing company database: company_9jxwph8g
[2025-06-28T01:56:47.091Z] [DEBUG] Finding reports to execute in company_9jxwph8g (current time: 2025-06-28T01:56:47.091Z)
[2025-06-28T01:56:47.142Z] [INFO] Found 0 reports to execute in company_9jxwph8g
[2025-06-28T01:56:47.142Z] [INFO] Scheduled reports check completed
[2025-06-28T01:56:47.143Z] [DEBUG] MongoDB connection closed
[2025-06-28T01:57:16.278Z] [INFO] Checking for scheduled reports...
[2025-06-28T01:57:17.187Z] [DEBUG] Connected to MongoDB
[2025-06-28T01:57:17.249Z] [INFO] Found 1 company databases
[2025-06-28T01:57:17.250Z] [DEBUG] Processing company database: company_9jxwph8g
[2025-06-28T01:57:17.301Z] [DEBUG] Finding reports to execute in company_9jxwph8g (current time: 2025-06-28T01:57:17.301Z)
[2025-06-28T01:57:17.351Z] [INFO] Found 0 reports to execute in company_9jxwph8g
[2025-06-28T01:57:17.352Z] [INFO] Scheduled reports check completed
[2025-06-28T01:57:17.354Z] [DEBUG] MongoDB connection closed
[2025-06-28T01:57:46.279Z] [INFO] Checking for scheduled reports...
[2025-06-28T01:57:46.986Z] [DEBUG] Connected to MongoDB
[2025-06-28T01:57:47.050Z] [INFO] Found 1 company databases
[2025-06-28T01:57:47.050Z] [DEBUG] Processing company database: company_9jxwph8g
[2025-06-28T01:57:47.102Z] [DEBUG] Finding reports to execute in company_9jxwph8g (current time: 2025-06-28T01:57:47.102Z)
[2025-06-28T01:57:47.152Z] [INFO] Found 0 reports to execute in company_9jxwph8g
[2025-06-28T01:57:47.153Z] [INFO] Scheduled reports check completed
[2025-06-28T01:57:47.155Z] [DEBUG] MongoDB connection closed
[2025-06-28T01:58:16.279Z] [INFO] Checking for scheduled reports...
[2025-06-28T01:58:17.061Z] [DEBUG] Connected to MongoDB
[2025-06-28T01:58:17.122Z] [INFO] Found 1 company databases
[2025-06-28T01:58:17.123Z] [DEBUG] Processing company database: company_9jxwph8g
[2025-06-28T01:58:17.174Z] [DEBUG] Finding reports to execute in company_9jxwph8g (current time: 2025-06-28T01:58:17.174Z)
[2025-06-28T01:58:17.225Z] [INFO] Found 0 reports to execute in company_9jxwph8g
[2025-06-28T01:58:17.226Z] [INFO] Scheduled reports check completed
[2025-06-28T01:58:17.229Z] [DEBUG] MongoDB connection closed
[2025-06-28T01:58:46.280Z] [INFO] Checking for scheduled reports...
[2025-06-28T01:58:47.090Z] [DEBUG] Connected to MongoDB
[2025-06-28T01:58:47.152Z] [INFO] Found 1 company databases
[2025-06-28T01:58:47.153Z] [DEBUG] Processing company database: company_9jxwph8g
[2025-06-28T01:58:47.203Z] [DEBUG] Finding reports to execute in company_9jxwph8g (current time: 2025-06-28T01:58:47.203Z)
[2025-06-28T01:58:47.257Z] [INFO] Found 0 reports to execute in company_9jxwph8g
[2025-06-28T01:58:47.258Z] [INFO] Scheduled reports check completed
[2025-06-28T01:58:47.260Z] [DEBUG] MongoDB connection closed
[2025-06-28T01:59:16.281Z] [INFO] Checking for scheduled reports...
[2025-06-28T01:59:17.170Z] [DEBUG] Connected to MongoDB
[2025-06-28T01:59:17.230Z] [INFO] Found 1 company databases
[2025-06-28T01:59:17.231Z] [DEBUG] Processing company database: company_9jxwph8g
[2025-06-28T01:59:17.281Z] [DEBUG] Finding reports to execute in company_9jxwph8g (current time: 2025-06-28T01:59:17.281Z)
[2025-06-28T01:59:17.330Z] [INFO] Found 0 reports to execute in company_9jxwph8g
[2025-06-28T01:59:17.330Z] [INFO] Scheduled reports check completed
[2025-06-28T01:59:17.331Z] [DEBUG] MongoDB connection closed
[2025-06-28T01:59:46.281Z] [INFO] Checking for scheduled reports...
[2025-06-28T01:59:47.004Z] [DEBUG] Connected to MongoDB
[2025-06-28T01:59:47.065Z] [INFO] Found 1 company databases
[2025-06-28T01:59:47.066Z] [DEBUG] Processing company database: company_9jxwph8g
[2025-06-28T01:59:47.116Z] [DEBUG] Finding reports to execute in company_9jxwph8g (current time: 2025-06-28T01:59:47.116Z)
[2025-06-28T01:59:47.166Z] [INFO] Found 0 reports to execute in company_9jxwph8g
[2025-06-28T01:59:47.166Z] [INFO] Scheduled reports check completed
[2025-06-28T01:59:47.168Z] [DEBUG] MongoDB connection closed
[2025-06-28T02:00:16.282Z] [INFO] Checking for scheduled reports...
[2025-06-28T02:00:17.044Z] [DEBUG] Connected to MongoDB
[2025-06-28T02:00:17.116Z] [INFO] Found 1 company databases
[2025-06-28T02:00:17.117Z] [DEBUG] Processing company database: company_9jxwph8g
[2025-06-28T02:00:17.168Z] [DEBUG] Finding reports to execute in company_9jxwph8g (current time: 2025-06-28T02:00:17.167Z)
[2025-06-28T02:00:17.231Z] [INFO] Found 0 reports to execute in company_9jxwph8g
[2025-06-28T02:00:17.232Z] [INFO] Scheduled reports check completed
[2025-06-28T02:00:17.233Z] [DEBUG] MongoDB connection closed
[2025-06-28T02:00:46.283Z] [INFO] Checking for scheduled reports...
[2025-06-28T02:00:46.937Z] [DEBUG] Connected to MongoDB
[2025-06-28T02:00:46.999Z] [INFO] Found 1 company databases
[2025-06-28T02:00:46.999Z] [DEBUG] Processing company database: company_9jxwph8g
[2025-06-28T02:00:47.050Z] [DEBUG] Finding reports to execute in company_9jxwph8g (current time: 2025-06-28T02:00:47.050Z)
[2025-06-28T02:00:47.237Z] [INFO] Found 0 reports to execute in company_9jxwph8g
[2025-06-28T02:00:47.237Z] [INFO] Scheduled reports check completed
[2025-06-28T02:00:47.240Z] [DEBUG] MongoDB connection closed
[2025-06-28T02:01:16.284Z] [INFO] Checking for scheduled reports...
[2025-06-28T02:01:16.934Z] [DEBUG] Connected to MongoDB
[2025-06-28T02:01:16.996Z] [INFO] Found 1 company databases
[2025-06-28T02:01:16.996Z] [DEBUG] Processing company database: company_9jxwph8g
[2025-06-28T02:01:17.047Z] [DEBUG] Finding reports to execute in company_9jxwph8g (current time: 2025-06-28T02:01:17.047Z)
[2025-06-28T02:01:17.096Z] [INFO] Found 0 reports to execute in company_9jxwph8g
[2025-06-28T02:01:17.097Z] [INFO] Scheduled reports check completed
[2025-06-28T02:01:17.099Z] [DEBUG] MongoDB connection closed
[2025-06-28T02:01:46.284Z] [INFO] Checking for scheduled reports...
[2025-06-28T02:01:46.859Z] [DEBUG] Connected to MongoDB
[2025-06-28T02:01:46.920Z] [INFO] Found 1 company databases
[2025-06-28T02:01:46.921Z] [DEBUG] Processing company database: company_9jxwph8g
[2025-06-28T02:01:46.971Z] [DEBUG] Finding reports to execute in company_9jxwph8g (current time: 2025-06-28T02:01:46.971Z)
[2025-06-28T02:01:47.022Z] [INFO] Found 0 reports to execute in company_9jxwph8g
[2025-06-28T02:01:47.022Z] [INFO] Scheduled reports check completed
[2025-06-28T02:01:47.026Z] [DEBUG] MongoDB connection closed
[2025-06-28T02:02:16.285Z] [INFO] Checking for scheduled reports...
[2025-06-28T02:02:17.011Z] [DEBUG] Connected to MongoDB
[2025-06-28T02:02:17.071Z] [INFO] Found 1 company databases
[2025-06-28T02:02:17.072Z] [DEBUG] Processing company database: company_9jxwph8g
[2025-06-28T02:02:17.123Z] [DEBUG] Finding reports to execute in company_9jxwph8g (current time: 2025-06-28T02:02:17.123Z)
[2025-06-28T02:02:17.318Z] [INFO] Found 0 reports to execute in company_9jxwph8g
[2025-06-28T02:02:17.318Z] [INFO] Scheduled reports check completed
[2025-06-28T02:02:17.321Z] [DEBUG] MongoDB connection closed
[2025-06-28T02:02:46.285Z] [INFO] Checking for scheduled reports...
[2025-06-28T02:02:46.863Z] [DEBUG] Connected to MongoDB
[2025-06-28T02:02:46.924Z] [INFO] Found 1 company databases
[2025-06-28T02:02:46.925Z] [DEBUG] Processing company database: company_9jxwph8g
[2025-06-28T02:02:46.975Z] [DEBUG] Finding reports to execute in company_9jxwph8g (current time: 2025-06-28T02:02:46.975Z)
[2025-06-28T02:02:47.027Z] [INFO] Found 0 reports to execute in company_9jxwph8g
[2025-06-28T02:02:47.027Z] [INFO] Scheduled reports check completed
[2025-06-28T02:02:47.030Z] [DEBUG] MongoDB connection closed
[2025-06-28T02:03:16.286Z] [INFO] Checking for scheduled reports...
[2025-06-28T02:03:16.949Z] [DEBUG] Connected to MongoDB
[2025-06-28T02:03:17.009Z] [INFO] Found 1 company databases
[2025-06-28T02:03:17.010Z] [DEBUG] Processing company database: company_9jxwph8g
[2025-06-28T02:03:17.061Z] [DEBUG] Finding reports to execute in company_9jxwph8g (current time: 2025-06-28T02:03:17.061Z)
[2025-06-28T02:03:17.112Z] [INFO] Found 0 reports to execute in company_9jxwph8g
[2025-06-28T02:03:17.112Z] [INFO] Scheduled reports check completed
[2025-06-28T02:03:17.114Z] [DEBUG] MongoDB connection closed
[2025-06-28T02:03:46.287Z] [INFO] Checking for scheduled reports...
[2025-06-28T02:03:46.959Z] [DEBUG] Connected to MongoDB
[2025-06-28T02:03:47.020Z] [INFO] Found 1 company databases
[2025-06-28T02:03:47.020Z] [DEBUG] Processing company database: company_9jxwph8g
[2025-06-28T02:03:47.071Z] [DEBUG] Finding reports to execute in company_9jxwph8g (current time: 2025-06-28T02:03:47.071Z)
[2025-06-28T02:03:47.121Z] [INFO] Found 0 reports to execute in company_9jxwph8g
[2025-06-28T02:03:47.121Z] [INFO] Scheduled reports check completed
[2025-06-28T02:03:47.123Z] [DEBUG] MongoDB connection closed
[2025-06-28T02:04:16.289Z] [INFO] Checking for scheduled reports...
[2025-06-28T02:04:16.995Z] [DEBUG] Connected to MongoDB
[2025-06-28T02:04:17.056Z] [INFO] Found 1 company databases
[2025-06-28T02:04:17.057Z] [DEBUG] Processing company database: company_9jxwph8g
[2025-06-28T02:04:17.107Z] [DEBUG] Finding reports to execute in company_9jxwph8g (current time: 2025-06-28T02:04:17.107Z)
[2025-06-28T02:04:17.157Z] [INFO] Found 0 reports to execute in company_9jxwph8g
[2025-06-28T02:04:17.157Z] [INFO] Scheduled reports check completed
[2025-06-28T02:04:17.159Z] [DEBUG] MongoDB connection closed
[2025-06-28T02:04:46.290Z] [INFO] Checking for scheduled reports...
[2025-06-28T02:04:46.905Z] [DEBUG] Connected to MongoDB
[2025-06-28T02:04:46.970Z] [INFO] Found 1 company databases
[2025-06-28T02:04:46.971Z] [DEBUG] Processing company database: company_9jxwph8g
[2025-06-28T02:04:47.025Z] [DEBUG] Finding reports to execute in company_9jxwph8g (current time: 2025-06-28T02:04:47.025Z)
[2025-06-28T02:04:47.079Z] [INFO] Found 0 reports to execute in company_9jxwph8g
[2025-06-28T02:04:47.080Z] [INFO] Scheduled reports check completed
[2025-06-28T02:04:47.082Z] [DEBUG] MongoDB connection closed
[2025-06-28T02:05:16.292Z] [INFO] Checking for scheduled reports...
[2025-06-28T02:05:17.063Z] [DEBUG] Connected to MongoDB
[2025-06-28T02:05:17.128Z] [INFO] Found 1 company databases
[2025-06-28T02:05:17.129Z] [DEBUG] Processing company database: company_9jxwph8g
[2025-06-28T02:05:17.183Z] [DEBUG] Finding reports to execute in company_9jxwph8g (current time: 2025-06-28T02:05:17.183Z)
[2025-06-28T02:05:17.237Z] [INFO] Found 0 reports to execute in company_9jxwph8g
[2025-06-28T02:05:17.238Z] [INFO] Scheduled reports check completed
[2025-06-28T02:05:17.241Z] [DEBUG] MongoDB connection closed
[2025-06-28T02:05:46.293Z] [INFO] Checking for scheduled reports...
[2025-06-28T02:05:46.912Z] [DEBUG] Connected to MongoDB
[2025-06-28T02:05:46.977Z] [INFO] Found 1 company databases
[2025-06-28T02:05:46.977Z] [DEBUG] Processing company database: company_9jxwph8g
[2025-06-28T02:05:47.032Z] [DEBUG] Finding reports to execute in company_9jxwph8g (current time: 2025-06-28T02:05:47.032Z)
[2025-06-28T02:05:47.086Z] [INFO] Found 0 reports to execute in company_9jxwph8g
[2025-06-28T02:05:47.087Z] [INFO] Scheduled reports check completed
[2025-06-28T02:05:47.089Z] [DEBUG] MongoDB connection closed
[2025-06-28T02:06:16.293Z] [INFO] Checking for scheduled reports...
[2025-06-28T02:06:16.980Z] [DEBUG] Connected to MongoDB
[2025-06-28T02:06:17.045Z] [INFO] Found 1 company databases
[2025-06-28T02:06:17.046Z] [DEBUG] Processing company database: company_9jxwph8g
[2025-06-28T02:06:17.102Z] [DEBUG] Finding reports to execute in company_9jxwph8g (current time: 2025-06-28T02:06:17.102Z)
[2025-06-28T02:06:17.156Z] [INFO] Found 0 reports to execute in company_9jxwph8g
[2025-06-28T02:06:17.157Z] [INFO] Scheduled reports check completed
[2025-06-28T02:06:17.159Z] [DEBUG] MongoDB connection closed
[2025-06-28T02:06:46.293Z] [INFO] Checking for scheduled reports...
[2025-06-28T02:06:46.981Z] [DEBUG] Connected to MongoDB
[2025-06-28T02:06:47.046Z] [INFO] Found 1 company databases
[2025-06-28T02:06:47.047Z] [DEBUG] Processing company database: company_9jxwph8g
[2025-06-28T02:06:47.105Z] [DEBUG] Finding reports to execute in company_9jxwph8g (current time: 2025-06-28T02:06:47.105Z)
[2025-06-28T02:06:47.158Z] [INFO] Found 0 reports to execute in company_9jxwph8g
[2025-06-28T02:06:47.158Z] [INFO] Scheduled reports check completed
[2025-06-28T02:06:47.160Z] [DEBUG] MongoDB connection closed
[2025-06-28T02:07:16.293Z] [INFO] Checking for scheduled reports...
[2025-06-28T02:07:16.992Z] [DEBUG] Connected to MongoDB
[2025-06-28T02:07:17.057Z] [INFO] Found 1 company databases
[2025-06-28T02:07:17.058Z] [DEBUG] Processing company database: company_9jxwph8g
[2025-06-28T02:07:17.112Z] [DEBUG] Finding reports to execute in company_9jxwph8g (current time: 2025-06-28T02:07:17.112Z)
[2025-06-28T02:07:17.167Z] [INFO] Found 0 reports to execute in company_9jxwph8g
[2025-06-28T02:07:17.167Z] [INFO] Scheduled reports check completed
[2025-06-28T02:07:17.170Z] [DEBUG] MongoDB connection closed
[2025-06-28T02:07:46.294Z] [INFO] Checking for scheduled reports...
[2025-06-28T02:07:46.918Z] [DEBUG] Connected to MongoDB
[2025-06-28T02:07:46.983Z] [INFO] Found 1 company databases
[2025-06-28T02:07:46.984Z] [DEBUG] Processing company database: company_9jxwph8g
[2025-06-28T02:07:47.038Z] [DEBUG] Finding reports to execute in company_9jxwph8g (current time: 2025-06-28T02:07:47.038Z)
[2025-06-28T02:07:47.092Z] [INFO] Found 0 reports to execute in company_9jxwph8g
[2025-06-28T02:07:47.093Z] [INFO] Scheduled reports check completed
[2025-06-28T02:07:47.095Z] [DEBUG] MongoDB connection closed
[2025-06-28T02:08:16.295Z] [INFO] Checking for scheduled reports...
[2025-06-28T02:08:17.062Z] [DEBUG] Connected to MongoDB
[2025-06-28T02:08:17.127Z] [INFO] Found 1 company databases
[2025-06-28T02:08:17.128Z] [DEBUG] Processing company database: company_9jxwph8g
[2025-06-28T02:08:17.182Z] [DEBUG] Finding reports to execute in company_9jxwph8g (current time: 2025-06-28T02:08:17.182Z)
[2025-06-28T02:08:17.236Z] [INFO] Found 0 reports to execute in company_9jxwph8g
[2025-06-28T02:08:17.237Z] [INFO] Scheduled reports check completed
[2025-06-28T02:08:17.239Z] [DEBUG] MongoDB connection closed
[2025-06-28T02:08:46.296Z] [INFO] Checking for scheduled reports...
[2025-06-28T02:08:46.914Z] [DEBUG] Connected to MongoDB
[2025-06-28T02:08:46.979Z] [INFO] Found 1 company databases
[2025-06-28T02:08:46.980Z] [DEBUG] Processing company database: company_9jxwph8g
[2025-06-28T02:08:47.036Z] [DEBUG] Finding reports to execute in company_9jxwph8g (current time: 2025-06-28T02:08:47.036Z)
[2025-06-28T02:08:47.091Z] [INFO] Found 0 reports to execute in company_9jxwph8g
[2025-06-28T02:08:47.091Z] [INFO] Scheduled reports check completed
[2025-06-28T02:08:47.095Z] [DEBUG] MongoDB connection closed
[2025-06-28T02:09:16.298Z] [INFO] Checking for scheduled reports...
[2025-06-28T02:09:16.994Z] [DEBUG] Connected to MongoDB
[2025-06-28T02:09:17.059Z] [INFO] Found 1 company databases
[2025-06-28T02:09:17.060Z] [DEBUG] Processing company database: company_9jxwph8g
[2025-06-28T02:09:17.115Z] [DEBUG] Finding reports to execute in company_9jxwph8g (current time: 2025-06-28T02:09:17.115Z)
[2025-06-28T02:09:17.169Z] [INFO] Found 0 reports to execute in company_9jxwph8g
[2025-06-28T02:09:17.170Z] [INFO] Scheduled reports check completed
[2025-06-28T02:09:17.173Z] [DEBUG] MongoDB connection closed
[2025-06-28T02:09:46.298Z] [INFO] Checking for scheduled reports...
[2025-06-28T02:09:46.986Z] [DEBUG] Connected to MongoDB
[2025-06-28T02:09:47.051Z] [INFO] Found 1 company databases
[2025-06-28T02:09:47.051Z] [DEBUG] Processing company database: company_9jxwph8g
[2025-06-28T02:09:47.106Z] [DEBUG] Finding reports to execute in company_9jxwph8g (current time: 2025-06-28T02:09:47.105Z)
[2025-06-28T02:09:47.159Z] [INFO] Found 0 reports to execute in company_9jxwph8g
[2025-06-28T02:09:47.160Z] [INFO] Scheduled reports check completed
[2025-06-28T02:09:47.162Z] [DEBUG] MongoDB connection closed
[2025-06-28T02:10:16.300Z] [INFO] Checking for scheduled reports...
[2025-06-28T02:10:17.093Z] [DEBUG] Connected to MongoDB
[2025-06-28T02:10:17.161Z] [INFO] Found 1 company databases
[2025-06-28T02:10:17.162Z] [DEBUG] Processing company database: company_9jxwph8g
[2025-06-28T02:10:17.216Z] [DEBUG] Finding reports to execute in company_9jxwph8g (current time: 2025-06-28T02:10:17.216Z)
[2025-06-28T02:10:17.269Z] [INFO] Found 0 reports to execute in company_9jxwph8g
[2025-06-28T02:10:17.270Z] [INFO] Scheduled reports check completed
[2025-06-28T02:10:17.271Z] [DEBUG] MongoDB connection closed
[2025-06-28T02:10:46.300Z] [INFO] Checking for scheduled reports...
[2025-06-28T02:10:47.034Z] [DEBUG] Connected to MongoDB
[2025-06-28T02:10:47.098Z] [INFO] Found 1 company databases
[2025-06-28T02:10:47.099Z] [DEBUG] Processing company database: company_9jxwph8g
[2025-06-28T02:10:47.153Z] [DEBUG] Finding reports to execute in company_9jxwph8g (current time: 2025-06-28T02:10:47.153Z)
[2025-06-28T02:10:47.208Z] [INFO] Found 0 reports to execute in company_9jxwph8g
[2025-06-28T02:10:47.208Z] [INFO] Scheduled reports check completed
[2025-06-28T02:10:47.211Z] [DEBUG] MongoDB connection closed
[2025-06-28T02:11:16.301Z] [INFO] Checking for scheduled reports...
[2025-06-28T02:11:17.065Z] [DEBUG] Connected to MongoDB
[2025-06-28T02:11:17.130Z] [INFO] Found 1 company databases
[2025-06-28T02:11:17.130Z] [DEBUG] Processing company database: company_9jxwph8g
[2025-06-28T02:11:17.185Z] [DEBUG] Finding reports to execute in company_9jxwph8g (current time: 2025-06-28T02:11:17.185Z)
[2025-06-28T02:11:17.238Z] [INFO] Found 0 reports to execute in company_9jxwph8g
[2025-06-28T02:11:17.239Z] [INFO] Scheduled reports check completed
[2025-06-28T02:11:17.240Z] [DEBUG] MongoDB connection closed
[2025-06-28T02:11:46.301Z] [INFO] Checking for scheduled reports...
[2025-06-28T02:11:46.907Z] [DEBUG] Connected to MongoDB
[2025-06-28T02:11:46.972Z] [INFO] Found 1 company databases
[2025-06-28T02:11:46.972Z] [DEBUG] Processing company database: company_9jxwph8g
[2025-06-28T02:11:47.027Z] [DEBUG] Finding reports to execute in company_9jxwph8g (current time: 2025-06-28T02:11:47.027Z)
[2025-06-28T02:11:47.081Z] [INFO] Found 0 reports to execute in company_9jxwph8g
[2025-06-28T02:11:47.081Z] [INFO] Scheduled reports check completed
[2025-06-28T02:11:47.083Z] [DEBUG] MongoDB connection closed
[2025-06-28T02:12:16.303Z] [INFO] Checking for scheduled reports...
[2025-06-28T02:12:17.104Z] [DEBUG] Connected to MongoDB
[2025-06-28T02:12:17.168Z] [INFO] Found 1 company databases
[2025-06-28T02:12:17.168Z] [DEBUG] Processing company database: company_9jxwph8g
[2025-06-28T02:12:17.222Z] [DEBUG] Finding reports to execute in company_9jxwph8g (current time: 2025-06-28T02:12:17.222Z)
[2025-06-28T02:12:17.275Z] [INFO] Found 0 reports to execute in company_9jxwph8g
[2025-06-28T02:12:17.275Z] [INFO] Scheduled reports check completed
[2025-06-28T02:12:17.277Z] [DEBUG] MongoDB connection closed
[2025-06-28T02:12:46.304Z] [INFO] Checking for scheduled reports...
[2025-06-28T02:12:46.910Z] [DEBUG] Connected to MongoDB
[2025-06-28T02:12:46.974Z] [INFO] Found 1 company databases
[2025-06-28T02:12:46.974Z] [DEBUG] Processing company database: company_9jxwph8g
[2025-06-28T02:12:47.028Z] [DEBUG] Finding reports to execute in company_9jxwph8g (current time: 2025-06-28T02:12:47.028Z)
[2025-06-28T02:12:47.082Z] [INFO] Found 0 reports to execute in company_9jxwph8g
[2025-06-28T02:12:47.083Z] [INFO] Scheduled reports check completed
[2025-06-28T02:12:47.086Z] [DEBUG] MongoDB connection closed
[2025-06-28T02:13:16.304Z] [INFO] Checking for scheduled reports...
[2025-06-28T02:13:16.997Z] [DEBUG] Connected to MongoDB
[2025-06-28T02:13:17.062Z] [INFO] Found 1 company databases
[2025-06-28T02:13:17.063Z] [DEBUG] Processing company database: company_9jxwph8g
[2025-06-28T02:13:17.118Z] [DEBUG] Finding reports to execute in company_9jxwph8g (current time: 2025-06-28T02:13:17.118Z)
[2025-06-28T02:13:17.172Z] [INFO] Found 0 reports to execute in company_9jxwph8g
[2025-06-28T02:13:17.172Z] [INFO] Scheduled reports check completed
[2025-06-28T02:13:17.175Z] [DEBUG] MongoDB connection closed
[2025-06-28T02:13:46.304Z] [INFO] Checking for scheduled reports...
[2025-06-28T02:13:46.918Z] [DEBUG] Connected to MongoDB
[2025-06-28T02:13:46.982Z] [INFO] Found 1 company databases
[2025-06-28T02:13:46.983Z] [DEBUG] Processing company database: company_9jxwph8g
[2025-06-28T02:13:47.036Z] [DEBUG] Finding reports to execute in company_9jxwph8g (current time: 2025-06-28T02:13:47.036Z)
[2025-06-28T02:13:47.089Z] [INFO] Found 0 reports to execute in company_9jxwph8g
[2025-06-28T02:13:47.089Z] [INFO] Scheduled reports check completed
[2025-06-28T02:13:47.091Z] [DEBUG] MongoDB connection closed
[2025-06-28T02:14:16.306Z] [INFO] Checking for scheduled reports...
[2025-06-28T02:14:17.066Z] [DEBUG] Connected to MongoDB
[2025-06-28T02:14:17.131Z] [INFO] Found 1 company databases
[2025-06-28T02:14:17.131Z] [DEBUG] Processing company database: company_9jxwph8g
[2025-06-28T02:14:17.185Z] [DEBUG] Finding reports to execute in company_9jxwph8g (current time: 2025-06-28T02:14:17.185Z)
[2025-06-28T02:14:17.238Z] [INFO] Found 0 reports to execute in company_9jxwph8g
[2025-06-28T02:14:17.239Z] [INFO] Scheduled reports check completed
[2025-06-28T02:14:17.241Z] [DEBUG] MongoDB connection closed
[2025-06-28T02:14:46.306Z] [INFO] Checking for scheduled reports...
[2025-06-28T02:14:46.908Z] [DEBUG] Connected to MongoDB
[2025-06-28T02:14:46.972Z] [INFO] Found 1 company databases
[2025-06-28T02:14:46.973Z] [DEBUG] Processing company database: company_9jxwph8g
[2025-06-28T02:14:47.027Z] [DEBUG] Finding reports to execute in company_9jxwph8g (current time: 2025-06-28T02:14:47.027Z)
[2025-06-28T02:14:47.080Z] [INFO] Found 0 reports to execute in company_9jxwph8g
[2025-06-28T02:14:47.081Z] [INFO] Scheduled reports check completed
[2025-06-28T02:14:47.082Z] [DEBUG] MongoDB connection closed
[2025-06-28T02:15:16.307Z] [INFO] Checking for scheduled reports...
[2025-06-28T02:15:17.117Z] [DEBUG] Connected to MongoDB
[2025-06-28T02:15:17.182Z] [INFO] Found 1 company databases
[2025-06-28T02:15:17.182Z] [DEBUG] Processing company database: company_9jxwph8g
[2025-06-28T02:15:17.238Z] [DEBUG] Finding reports to execute in company_9jxwph8g (current time: 2025-06-28T02:15:17.238Z)
[2025-06-28T02:15:17.291Z] [INFO] Found 0 reports to execute in company_9jxwph8g
[2025-06-28T02:15:17.292Z] [INFO] Scheduled reports check completed
[2025-06-28T02:15:17.294Z] [DEBUG] MongoDB connection closed
[2025-06-28T02:15:46.308Z] [INFO] Checking for scheduled reports...
[2025-06-28T02:15:46.999Z] [DEBUG] Connected to MongoDB
[2025-06-28T02:15:47.064Z] [INFO] Found 1 company databases
[2025-06-28T02:15:47.064Z] [DEBUG] Processing company database: company_9jxwph8g
[2025-06-28T02:15:47.119Z] [DEBUG] Finding reports to execute in company_9jxwph8g (current time: 2025-06-28T02:15:47.119Z)
[2025-06-28T02:15:47.173Z] [INFO] Found 0 reports to execute in company_9jxwph8g
[2025-06-28T02:15:47.174Z] [INFO] Scheduled reports check completed
[2025-06-28T02:15:47.176Z] [DEBUG] MongoDB connection closed
[2025-06-28T02:16:16.310Z] [INFO] Checking for scheduled reports...
[2025-06-28T02:16:16.999Z] [DEBUG] Connected to MongoDB
[2025-06-28T02:16:17.063Z] [INFO] Found 1 company databases
[2025-06-28T02:16:17.064Z] [DEBUG] Processing company database: company_9jxwph8g
[2025-06-28T02:16:17.119Z] [DEBUG] Finding reports to execute in company_9jxwph8g (current time: 2025-06-28T02:16:17.119Z)
[2025-06-28T02:16:17.172Z] [INFO] Found 0 reports to execute in company_9jxwph8g
[2025-06-28T02:16:17.172Z] [INFO] Scheduled reports check completed
[2025-06-28T02:16:17.174Z] [DEBUG] MongoDB connection closed
[2025-06-28T02:16:46.311Z] [INFO] Checking for scheduled reports...
[2025-06-28T02:16:46.943Z] [DEBUG] Connected to MongoDB
[2025-06-28T02:16:47.008Z] [INFO] Found 1 company databases
[2025-06-28T02:16:47.009Z] [DEBUG] Processing company database: company_9jxwph8g
[2025-06-28T02:16:47.063Z] [DEBUG] Finding reports to execute in company_9jxwph8g (current time: 2025-06-28T02:16:47.063Z)
[2025-06-28T02:16:47.116Z] [INFO] Found 0 reports to execute in company_9jxwph8g
[2025-06-28T02:16:47.117Z] [INFO] Scheduled reports check completed
[2025-06-28T02:16:47.119Z] [DEBUG] MongoDB connection closed
[2025-06-28T02:17:16.311Z] [INFO] Checking for scheduled reports...
[2025-06-28T02:17:17.084Z] [DEBUG] Connected to MongoDB
[2025-06-28T02:17:17.154Z] [INFO] Found 1 company databases
[2025-06-28T02:17:17.155Z] [DEBUG] Processing company database: company_9jxwph8g
[2025-06-28T02:17:17.210Z] [DEBUG] Finding reports to execute in company_9jxwph8g (current time: 2025-06-28T02:17:17.210Z)
[2025-06-28T02:17:17.264Z] [INFO] Found 0 reports to execute in company_9jxwph8g
[2025-06-28T02:17:17.264Z] [INFO] Scheduled reports check completed
[2025-06-28T02:17:17.267Z] [DEBUG] MongoDB connection closed
[2025-06-28T02:17:46.312Z] [INFO] Checking for scheduled reports...
[2025-06-28T02:17:46.925Z] [DEBUG] Connected to MongoDB
[2025-06-28T02:17:46.990Z] [INFO] Found 1 company databases
[2025-06-28T02:17:46.990Z] [DEBUG] Processing company database: company_9jxwph8g
[2025-06-28T02:17:47.045Z] [DEBUG] Finding reports to execute in company_9jxwph8g (current time: 2025-06-28T02:17:47.045Z)
[2025-06-28T02:17:47.100Z] [INFO] Found 0 reports to execute in company_9jxwph8g
[2025-06-28T02:17:47.100Z] [INFO] Scheduled reports check completed
[2025-06-28T02:17:47.103Z] [DEBUG] MongoDB connection closed
[2025-06-28T02:18:16.312Z] [INFO] Checking for scheduled reports...
[2025-06-28T02:18:17.010Z] [DEBUG] Connected to MongoDB
[2025-06-28T02:18:17.074Z] [INFO] Found 1 company databases
[2025-06-28T02:18:17.075Z] [DEBUG] Processing company database: company_9jxwph8g
[2025-06-28T02:18:17.130Z] [DEBUG] Finding reports to execute in company_9jxwph8g (current time: 2025-06-28T02:18:17.130Z)
[2025-06-28T02:18:17.183Z] [INFO] Found 0 reports to execute in company_9jxwph8g
[2025-06-28T02:18:17.184Z] [INFO] Scheduled reports check completed
[2025-06-28T02:18:17.186Z] [DEBUG] MongoDB connection closed
[2025-06-28T02:18:46.314Z] [INFO] Checking for scheduled reports...
[2025-06-28T02:18:47.013Z] [DEBUG] Connected to MongoDB
[2025-06-28T02:18:47.077Z] [INFO] Found 1 company databases
[2025-06-28T02:18:47.078Z] [DEBUG] Processing company database: company_9jxwph8g
[2025-06-28T02:18:47.133Z] [DEBUG] Finding reports to execute in company_9jxwph8g (current time: 2025-06-28T02:18:47.133Z)
[2025-06-28T02:18:47.187Z] [INFO] Found 0 reports to execute in company_9jxwph8g
[2025-06-28T02:18:47.187Z] [INFO] Scheduled reports check completed
[2025-06-28T02:18:47.189Z] [DEBUG] MongoDB connection closed
[2025-06-28T02:19:16.314Z] [INFO] Checking for scheduled reports...
[2025-06-28T02:19:17.031Z] [DEBUG] Connected to MongoDB
[2025-06-28T02:19:17.096Z] [INFO] Found 1 company databases
[2025-06-28T02:19:17.097Z] [DEBUG] Processing company database: company_9jxwph8g
[2025-06-28T02:19:17.151Z] [DEBUG] Finding reports to execute in company_9jxwph8g (current time: 2025-06-28T02:19:17.151Z)
[2025-06-28T02:19:17.204Z] [INFO] Found 0 reports to execute in company_9jxwph8g
[2025-06-28T02:19:17.205Z] [INFO] Scheduled reports check completed
[2025-06-28T02:19:17.207Z] [DEBUG] MongoDB connection closed
[2025-06-28T02:19:46.318Z] [INFO] Checking for scheduled reports...
[2025-06-28T02:19:46.935Z] [DEBUG] Connected to MongoDB
[2025-06-28T02:19:47.000Z] [INFO] Found 1 company databases
[2025-06-28T02:19:47.001Z] [DEBUG] Processing company database: company_9jxwph8g
[2025-06-28T02:19:47.055Z] [DEBUG] Finding reports to execute in company_9jxwph8g (current time: 2025-06-28T02:19:47.055Z)
[2025-06-28T02:19:47.109Z] [INFO] Found 0 reports to execute in company_9jxwph8g
[2025-06-28T02:19:47.110Z] [INFO] Scheduled reports check completed
[2025-06-28T02:19:47.112Z] [DEBUG] MongoDB connection closed
[2025-06-28T02:20:16.329Z] [INFO] Checking for scheduled reports...
[2025-06-28T02:20:17.097Z] [DEBUG] Connected to MongoDB
[2025-06-28T02:20:17.161Z] [INFO] Found 1 company databases
[2025-06-28T02:20:17.162Z] [DEBUG] Processing company database: company_9jxwph8g
[2025-06-28T02:20:17.216Z] [DEBUG] Finding reports to execute in company_9jxwph8g (current time: 2025-06-28T02:20:17.216Z)
[2025-06-28T02:20:17.270Z] [INFO] Found 0 reports to execute in company_9jxwph8g
[2025-06-28T02:20:17.270Z] [INFO] Scheduled reports check completed
[2025-06-28T02:20:17.272Z] [DEBUG] MongoDB connection closed
[2025-06-28T02:20:46.332Z] [INFO] Checking for scheduled reports...
[2025-06-28T02:20:46.952Z] [DEBUG] Connected to MongoDB
[2025-06-28T02:20:47.017Z] [INFO] Found 1 company databases
[2025-06-28T02:20:47.017Z] [DEBUG] Processing company database: company_9jxwph8g
[2025-06-28T02:20:47.072Z] [DEBUG] Finding reports to execute in company_9jxwph8g (current time: 2025-06-28T02:20:47.072Z)
[2025-06-28T02:20:47.125Z] [INFO] Found 0 reports to execute in company_9jxwph8g
[2025-06-28T02:20:47.126Z] [INFO] Scheduled reports check completed
[2025-06-28T02:20:47.128Z] [DEBUG] MongoDB connection closed
[2025-06-28T02:21:16.334Z] [INFO] Checking for scheduled reports...
[2025-06-28T02:21:17.031Z] [DEBUG] Connected to MongoDB
[2025-06-28T02:21:17.099Z] [INFO] Found 1 company databases
[2025-06-28T02:21:17.100Z] [DEBUG] Processing company database: company_9jxwph8g
[2025-06-28T02:21:17.154Z] [DEBUG] Finding reports to execute in company_9jxwph8g (current time: 2025-06-28T02:21:17.154Z)
[2025-06-28T02:21:17.209Z] [INFO] Found 0 reports to execute in company_9jxwph8g
[2025-06-28T02:21:17.209Z] [INFO] Scheduled reports check completed
[2025-06-28T02:21:17.212Z] [DEBUG] MongoDB connection closed
[2025-06-28T02:21:46.336Z] [INFO] Checking for scheduled reports...
[2025-06-28T02:21:47.064Z] [DEBUG] Connected to MongoDB
[2025-06-28T02:21:47.129Z] [INFO] Found 1 company databases
[2025-06-28T02:21:47.129Z] [DEBUG] Processing company database: company_9jxwph8g
[2025-06-28T02:21:47.184Z] [DEBUG] Finding reports to execute in company_9jxwph8g (current time: 2025-06-28T02:21:47.184Z)
[2025-06-28T02:21:47.238Z] [INFO] Found 0 reports to execute in company_9jxwph8g
[2025-06-28T02:21:47.239Z] [INFO] Scheduled reports check completed
[2025-06-28T02:21:47.240Z] [DEBUG] MongoDB connection closed
[2025-06-28T02:22:16.336Z] [INFO] Checking for scheduled reports...
[2025-06-28T02:22:17.035Z] [DEBUG] Connected to MongoDB
[2025-06-28T02:22:17.099Z] [INFO] Found 1 company databases
[2025-06-28T02:22:17.100Z] [DEBUG] Processing company database: company_9jxwph8g
[2025-06-28T02:22:17.154Z] [DEBUG] Finding reports to execute in company_9jxwph8g (current time: 2025-06-28T02:22:17.154Z)
[2025-06-28T02:22:17.206Z] [INFO] Found 0 reports to execute in company_9jxwph8g
[2025-06-28T02:22:17.207Z] [INFO] Scheduled reports check completed
[2025-06-28T02:22:17.208Z] [DEBUG] MongoDB connection closed
[2025-06-28T02:22:46.337Z] [INFO] Checking for scheduled reports...
[2025-06-28T02:22:46.954Z] [DEBUG] Connected to MongoDB
[2025-06-28T02:22:47.023Z] [INFO] Found 1 company databases
[2025-06-28T02:22:47.023Z] [DEBUG] Processing company database: company_9jxwph8g
[2025-06-28T02:22:47.077Z] [DEBUG] Finding reports to execute in company_9jxwph8g (current time: 2025-06-28T02:22:47.077Z)
[2025-06-28T02:22:47.130Z] [INFO] Found 0 reports to execute in company_9jxwph8g
[2025-06-28T02:22:47.131Z] [INFO] Scheduled reports check completed
[2025-06-28T02:22:47.133Z] [DEBUG] MongoDB connection closed
[2025-06-28T02:23:16.338Z] [INFO] Checking for scheduled reports...
[2025-06-28T02:23:17.030Z] [DEBUG] Connected to MongoDB
[2025-06-28T02:23:17.094Z] [INFO] Found 1 company databases
[2025-06-28T02:23:17.094Z] [DEBUG] Processing company database: company_9jxwph8g
[2025-06-28T02:23:17.148Z] [DEBUG] Finding reports to execute in company_9jxwph8g (current time: 2025-06-28T02:23:17.148Z)
[2025-06-28T02:23:17.201Z] [INFO] Found 0 reports to execute in company_9jxwph8g
[2025-06-28T02:23:17.202Z] [INFO] Scheduled reports check completed
[2025-06-28T02:23:17.203Z] [DEBUG] MongoDB connection closed
[2025-06-28T02:23:46.339Z] [INFO] Checking for scheduled reports...
[2025-06-28T02:23:46.958Z] [DEBUG] Connected to MongoDB
[2025-06-28T02:23:47.022Z] [INFO] Found 1 company databases
[2025-06-28T02:23:47.023Z] [DEBUG] Processing company database: company_9jxwph8g
[2025-06-28T02:23:47.077Z] [DEBUG] Finding reports to execute in company_9jxwph8g (current time: 2025-06-28T02:23:47.077Z)
[2025-06-28T02:23:47.131Z] [INFO] Found 0 reports to execute in company_9jxwph8g
[2025-06-28T02:23:47.131Z] [INFO] Scheduled reports check completed
[2025-06-28T02:23:47.133Z] [DEBUG] MongoDB connection closed
[2025-06-28T02:24:16.340Z] [INFO] Checking for scheduled reports...
[2025-06-28T02:24:17.027Z] [DEBUG] Connected to MongoDB
[2025-06-28T02:24:17.092Z] [INFO] Found 1 company databases
[2025-06-28T02:24:17.093Z] [DEBUG] Processing company database: company_9jxwph8g
[2025-06-28T02:24:17.148Z] [DEBUG] Finding reports to execute in company_9jxwph8g (current time: 2025-06-28T02:24:17.148Z)
[2025-06-28T02:24:17.202Z] [INFO] Found 0 reports to execute in company_9jxwph8g
[2025-06-28T02:24:17.203Z] [INFO] Scheduled reports check completed
[2025-06-28T02:24:17.205Z] [DEBUG] MongoDB connection closed
[2025-06-28T02:24:46.342Z] [INFO] Checking for scheduled reports...
[2025-06-28T02:24:47.038Z] [DEBUG] Connected to MongoDB
[2025-06-28T02:24:47.099Z] [INFO] Found 1 company databases
[2025-06-28T02:24:47.099Z] [DEBUG] Processing company database: company_9jxwph8g
[2025-06-28T02:24:47.149Z] [DEBUG] Finding reports to execute in company_9jxwph8g (current time: 2025-06-28T02:24:47.149Z)
[2025-06-28T02:24:47.198Z] [INFO] Found 0 reports to execute in company_9jxwph8g
[2025-06-28T02:24:47.199Z] [INFO] Scheduled reports check completed
[2025-06-28T02:24:47.200Z] [DEBUG] MongoDB connection closed
[2025-06-28T02:25:16.342Z] [INFO] Checking for scheduled reports...
[2025-06-28T02:25:16.991Z] [DEBUG] Connected to MongoDB
[2025-06-28T02:25:17.051Z] [INFO] Found 1 company databases
[2025-06-28T02:25:17.052Z] [DEBUG] Processing company database: company_9jxwph8g
[2025-06-28T02:25:17.102Z] [DEBUG] Finding reports to execute in company_9jxwph8g (current time: 2025-06-28T02:25:17.102Z)
[2025-06-28T02:25:17.153Z] [INFO] Found 0 reports to execute in company_9jxwph8g
[2025-06-28T02:25:17.153Z] [INFO] Scheduled reports check completed
[2025-06-28T02:25:17.155Z] [DEBUG] MongoDB connection closed
[2025-06-28T02:25:46.344Z] [INFO] Checking for scheduled reports...
[2025-06-28T02:25:46.916Z] [DEBUG] Connected to MongoDB
[2025-06-28T02:25:46.977Z] [INFO] Found 1 company databases
[2025-06-28T02:25:46.978Z] [DEBUG] Processing company database: company_9jxwph8g
[2025-06-28T02:25:47.028Z] [DEBUG] Finding reports to execute in company_9jxwph8g (current time: 2025-06-28T02:25:47.028Z)
[2025-06-28T02:25:47.078Z] [INFO] Found 0 reports to execute in company_9jxwph8g
[2025-06-28T02:25:47.079Z] [INFO] Scheduled reports check completed
[2025-06-28T02:25:47.081Z] [DEBUG] MongoDB connection closed
[2025-06-28T02:26:16.345Z] [INFO] Checking for scheduled reports...
[2025-06-28T02:26:17.110Z] [DEBUG] Connected to MongoDB
[2025-06-28T02:26:17.171Z] [INFO] Found 1 company databases
[2025-06-28T02:26:17.172Z] [DEBUG] Processing company database: company_9jxwph8g
[2025-06-28T02:26:17.222Z] [DEBUG] Finding reports to execute in company_9jxwph8g (current time: 2025-06-28T02:26:17.222Z)
[2025-06-28T02:26:17.272Z] [INFO] Found 0 reports to execute in company_9jxwph8g
[2025-06-28T02:26:17.273Z] [INFO] Scheduled reports check completed
[2025-06-28T02:26:17.275Z] [DEBUG] MongoDB connection closed
[2025-06-28T02:26:46.346Z] [INFO] Checking for scheduled reports...
[2025-06-28T02:26:46.924Z] [DEBUG] Connected to MongoDB
[2025-06-28T02:26:46.984Z] [INFO] Found 1 company databases
[2025-06-28T02:26:46.985Z] [DEBUG] Processing company database: company_9jxwph8g
[2025-06-28T02:26:47.035Z] [DEBUG] Finding reports to execute in company_9jxwph8g (current time: 2025-06-28T02:26:47.035Z)
[2025-06-28T02:26:47.085Z] [INFO] Found 0 reports to execute in company_9jxwph8g
[2025-06-28T02:26:47.086Z] [INFO] Scheduled reports check completed
[2025-06-28T02:26:47.088Z] [DEBUG] MongoDB connection closed
[2025-06-28T02:27:16.348Z] [INFO] Checking for scheduled reports...
[2025-06-28T02:27:16.999Z] [DEBUG] Connected to MongoDB
[2025-06-28T02:27:17.060Z] [INFO] Found 1 company databases
[2025-06-28T02:27:17.061Z] [DEBUG] Processing company database: company_9jxwph8g
[2025-06-28T02:27:17.111Z] [DEBUG] Finding reports to execute in company_9jxwph8g (current time: 2025-06-28T02:27:17.111Z)
[2025-06-28T02:27:17.160Z] [INFO] Found 0 reports to execute in company_9jxwph8g
[2025-06-28T02:27:17.160Z] [INFO] Scheduled reports check completed
[2025-06-28T02:27:17.162Z] [DEBUG] MongoDB connection closed
[2025-06-28T02:27:46.349Z] [INFO] Checking for scheduled reports...
[2025-06-28T02:27:47.002Z] [DEBUG] Connected to MongoDB
[2025-06-28T02:27:47.063Z] [INFO] Found 1 company databases
[2025-06-28T02:27:47.064Z] [DEBUG] Processing company database: company_9jxwph8g
[2025-06-28T02:27:47.114Z] [DEBUG] Finding reports to execute in company_9jxwph8g (current time: 2025-06-28T02:27:47.114Z)
[2025-06-28T02:27:47.163Z] [INFO] Found 0 reports to execute in company_9jxwph8g
[2025-06-28T02:27:47.164Z] [INFO] Scheduled reports check completed
[2025-06-28T02:27:47.166Z] [DEBUG] MongoDB connection closed
[2025-06-28T02:28:16.349Z] [INFO] Checking for scheduled reports...
[2025-06-28T02:28:17.000Z] [DEBUG] Connected to MongoDB
[2025-06-28T02:28:17.060Z] [INFO] Found 1 company databases
[2025-06-28T02:28:17.061Z] [DEBUG] Processing company database: company_9jxwph8g
[2025-06-28T02:28:17.112Z] [DEBUG] Finding reports to execute in company_9jxwph8g (current time: 2025-06-28T02:28:17.112Z)
[2025-06-28T02:28:17.162Z] [INFO] Found 0 reports to execute in company_9jxwph8g
[2025-06-28T02:28:17.162Z] [INFO] Scheduled reports check completed
[2025-06-28T02:28:17.164Z] [DEBUG] MongoDB connection closed
[2025-06-28T02:28:46.352Z] [INFO] Checking for scheduled reports...
[2025-06-28T02:28:46.925Z] [DEBUG] Connected to MongoDB
[2025-06-28T02:28:46.985Z] [INFO] Found 1 company databases
[2025-06-28T02:28:46.986Z] [DEBUG] Processing company database: company_9jxwph8g
[2025-06-28T02:28:47.036Z] [DEBUG] Finding reports to execute in company_9jxwph8g (current time: 2025-06-28T02:28:47.036Z)
[2025-06-28T02:28:47.086Z] [INFO] Found 0 reports to execute in company_9jxwph8g
[2025-06-28T02:28:47.087Z] [INFO] Scheduled reports check completed
[2025-06-28T02:28:47.089Z] [DEBUG] MongoDB connection closed
[2025-06-28T02:29:16.353Z] [INFO] Checking for scheduled reports...
[2025-06-28T02:29:17.124Z] [DEBUG] Connected to MongoDB
[2025-06-28T02:29:17.189Z] [INFO] Found 1 company databases
[2025-06-28T02:29:17.189Z] [DEBUG] Processing company database: company_9jxwph8g
[2025-06-28T02:29:17.243Z] [DEBUG] Finding reports to execute in company_9jxwph8g (current time: 2025-06-28T02:29:17.243Z)
[2025-06-28T02:29:17.298Z] [INFO] Found 0 reports to execute in company_9jxwph8g
[2025-06-28T02:29:17.298Z] [INFO] Scheduled reports check completed
[2025-06-28T02:29:17.300Z] [DEBUG] MongoDB connection closed
[2025-06-28T02:29:46.354Z] [INFO] Checking for scheduled reports...
[2025-06-28T02:29:46.977Z] [DEBUG] Connected to MongoDB
[2025-06-28T02:29:47.041Z] [INFO] Found 1 company databases
[2025-06-28T02:29:47.042Z] [DEBUG] Processing company database: company_9jxwph8g
[2025-06-28T02:29:47.096Z] [DEBUG] Finding reports to execute in company_9jxwph8g (current time: 2025-06-28T02:29:47.096Z)
[2025-06-28T02:29:47.150Z] [INFO] Found 0 reports to execute in company_9jxwph8g
[2025-06-28T02:29:47.150Z] [INFO] Scheduled reports check completed
[2025-06-28T02:29:47.152Z] [DEBUG] MongoDB connection closed
[2025-06-28T02:30:16.356Z] [INFO] Checking for scheduled reports...
[2025-06-28T02:30:17.045Z] [DEBUG] Connected to MongoDB
[2025-06-28T02:30:17.110Z] [INFO] Found 1 company databases
[2025-06-28T02:30:17.111Z] [DEBUG] Processing company database: company_9jxwph8g
[2025-06-28T02:30:17.165Z] [DEBUG] Finding reports to execute in company_9jxwph8g (current time: 2025-06-28T02:30:17.165Z)
[2025-06-28T02:30:17.219Z] [INFO] Found 0 reports to execute in company_9jxwph8g
[2025-06-28T02:30:17.220Z] [INFO] Scheduled reports check completed
[2025-06-28T02:30:17.222Z] [DEBUG] MongoDB connection closed
[2025-06-28T02:30:46.357Z] [INFO] Checking for scheduled reports...
[2025-06-28T02:30:47.052Z] [DEBUG] Connected to MongoDB
[2025-06-28T02:30:47.116Z] [INFO] Found 1 company databases
[2025-06-28T02:30:47.117Z] [DEBUG] Processing company database: company_9jxwph8g
[2025-06-28T02:30:47.171Z] [DEBUG] Finding reports to execute in company_9jxwph8g (current time: 2025-06-28T02:30:47.171Z)
[2025-06-28T02:30:47.225Z] [INFO] Found 0 reports to execute in company_9jxwph8g
[2025-06-28T02:30:47.226Z] [INFO] Scheduled reports check completed
[2025-06-28T02:30:47.228Z] [DEBUG] MongoDB connection closed
[2025-06-28T02:31:16.359Z] [INFO] Checking for scheduled reports...
[2025-06-28T02:31:17.058Z] [DEBUG] Connected to MongoDB
[2025-06-28T02:31:17.123Z] [INFO] Found 1 company databases
[2025-06-28T02:31:17.123Z] [DEBUG] Processing company database: company_9jxwph8g
[2025-06-28T02:31:17.178Z] [DEBUG] Finding reports to execute in company_9jxwph8g (current time: 2025-06-28T02:31:17.178Z)
[2025-06-28T02:31:17.233Z] [INFO] Found 0 reports to execute in company_9jxwph8g
[2025-06-28T02:31:17.233Z] [INFO] Scheduled reports check completed
[2025-06-28T02:31:17.235Z] [DEBUG] MongoDB connection closed
[2025-06-28T02:31:46.360Z] [INFO] Checking for scheduled reports...
[2025-06-28T02:31:46.984Z] [DEBUG] Connected to MongoDB
[2025-06-28T02:31:47.049Z] [INFO] Found 1 company databases
[2025-06-28T02:31:47.049Z] [DEBUG] Processing company database: company_9jxwph8g
[2025-06-28T02:31:47.105Z] [DEBUG] Finding reports to execute in company_9jxwph8g (current time: 2025-06-28T02:31:47.105Z)
[2025-06-28T02:31:47.159Z] [INFO] Found 0 reports to execute in company_9jxwph8g
[2025-06-28T02:31:47.160Z] [INFO] Scheduled reports check completed
[2025-06-28T02:31:47.162Z] [DEBUG] MongoDB connection closed
[2025-06-28T02:32:16.361Z] [INFO] Checking for scheduled reports...
[2025-06-28T02:32:17.150Z] [DEBUG] Connected to MongoDB
[2025-06-28T02:32:17.215Z] [INFO] Found 1 company databases
[2025-06-28T02:32:17.216Z] [DEBUG] Processing company database: company_9jxwph8g
[2025-06-28T02:32:17.271Z] [DEBUG] Finding reports to execute in company_9jxwph8g (current time: 2025-06-28T02:32:17.271Z)
[2025-06-28T02:32:17.326Z] [INFO] Found 0 reports to execute in company_9jxwph8g
[2025-06-28T02:32:17.326Z] [INFO] Scheduled reports check completed
[2025-06-28T02:32:17.328Z] [DEBUG] MongoDB connection closed
[2025-06-28T02:32:46.362Z] [INFO] Checking for scheduled reports...
[2025-06-28T02:32:46.980Z] [DEBUG] Connected to MongoDB
[2025-06-28T02:32:47.046Z] [INFO] Found 1 company databases
[2025-06-28T02:32:47.046Z] [DEBUG] Processing company database: company_9jxwph8g
[2025-06-28T02:32:47.101Z] [DEBUG] Finding reports to execute in company_9jxwph8g (current time: 2025-06-28T02:32:47.101Z)
[2025-06-28T02:32:47.155Z] [INFO] Found 0 reports to execute in company_9jxwph8g
[2025-06-28T02:32:47.155Z] [INFO] Scheduled reports check completed
[2025-06-28T02:32:47.157Z] [DEBUG] MongoDB connection closed
[2025-06-28T02:33:16.364Z] [INFO] Checking for scheduled reports...
[2025-06-28T02:33:16.972Z] [DEBUG] Connected to MongoDB
[2025-06-28T02:33:17.037Z] [INFO] Found 1 company databases
[2025-06-28T02:33:17.038Z] [DEBUG] Processing company database: company_9jxwph8g
[2025-06-28T02:33:17.092Z] [DEBUG] Finding reports to execute in company_9jxwph8g (current time: 2025-06-28T02:33:17.092Z)
[2025-06-28T02:33:17.146Z] [INFO] Found 0 reports to execute in company_9jxwph8g
[2025-06-28T02:33:17.146Z] [INFO] Scheduled reports check completed
[2025-06-28T02:33:17.148Z] [DEBUG] MongoDB connection closed
[2025-06-28T02:33:46.365Z] [INFO] Checking for scheduled reports...
[2025-06-28T02:33:47.180Z] [DEBUG] Connected to MongoDB
[2025-06-28T02:33:47.246Z] [INFO] Found 1 company databases
[2025-06-28T02:33:47.246Z] [DEBUG] Processing company database: company_9jxwph8g
[2025-06-28T02:33:47.303Z] [DEBUG] Finding reports to execute in company_9jxwph8g (current time: 2025-06-28T02:33:47.303Z)
[2025-06-28T02:33:47.357Z] [INFO] Found 0 reports to execute in company_9jxwph8g
[2025-06-28T02:33:47.358Z] [INFO] Scheduled reports check completed
[2025-06-28T02:33:47.360Z] [DEBUG] MongoDB connection closed
[2025-06-28T02:34:16.367Z] [INFO] Checking for scheduled reports...
[2025-06-28T02:34:16.984Z] [DEBUG] Connected to MongoDB
[2025-06-28T02:34:17.049Z] [INFO] Found 1 company databases
[2025-06-28T02:34:17.050Z] [DEBUG] Processing company database: company_9jxwph8g
[2025-06-28T02:34:17.109Z] [DEBUG] Finding reports to execute in company_9jxwph8g (current time: 2025-06-28T02:34:17.109Z)
[2025-06-28T02:34:17.163Z] [INFO] Found 0 reports to execute in company_9jxwph8g
[2025-06-28T02:34:17.163Z] [INFO] Scheduled reports check completed
[2025-06-28T02:34:17.165Z] [DEBUG] MongoDB connection closed
[2025-06-28T02:34:46.368Z] [INFO] Checking for scheduled reports...
[2025-06-28T02:34:47.232Z] [DEBUG] Connected to MongoDB
[2025-06-28T02:34:47.297Z] [INFO] Found 1 company databases
[2025-06-28T02:34:47.297Z] [DEBUG] Processing company database: company_9jxwph8g
[2025-06-28T02:34:47.351Z] [DEBUG] Finding reports to execute in company_9jxwph8g (current time: 2025-06-28T02:34:47.351Z)
[2025-06-28T02:34:47.405Z] [INFO] Found 0 reports to execute in company_9jxwph8g
[2025-06-28T02:34:47.406Z] [INFO] Scheduled reports check completed
[2025-06-28T02:34:47.409Z] [DEBUG] MongoDB connection closed
[2025-06-28T02:35:16.370Z] [INFO] Checking for scheduled reports...
[2025-06-28T02:35:17.192Z] [DEBUG] Connected to MongoDB
[2025-06-28T02:35:17.257Z] [INFO] Found 1 company databases
[2025-06-28T02:35:17.257Z] [DEBUG] Processing company database: company_9jxwph8g
[2025-06-28T02:35:17.311Z] [DEBUG] Finding reports to execute in company_9jxwph8g (current time: 2025-06-28T02:35:17.311Z)
[2025-06-28T02:35:17.365Z] [INFO] Found 0 reports to execute in company_9jxwph8g
[2025-06-28T02:35:17.366Z] [INFO] Scheduled reports check completed
[2025-06-28T02:35:17.368Z] [DEBUG] MongoDB connection closed
[2025-06-28T02:35:46.372Z] [INFO] Checking for scheduled reports...
[2025-06-28T02:35:46.983Z] [DEBUG] Connected to MongoDB
[2025-06-28T02:35:47.048Z] [INFO] Found 1 company databases
[2025-06-28T02:35:47.049Z] [DEBUG] Processing company database: company_9jxwph8g
[2025-06-28T02:35:47.104Z] [DEBUG] Finding reports to execute in company_9jxwph8g (current time: 2025-06-28T02:35:47.103Z)
[2025-06-28T02:35:47.157Z] [INFO] Found 0 reports to execute in company_9jxwph8g
[2025-06-28T02:35:47.157Z] [INFO] Scheduled reports check completed
[2025-06-28T02:35:47.159Z] [DEBUG] MongoDB connection closed
[2025-06-28T02:36:16.372Z] [INFO] Checking for scheduled reports...
[2025-06-28T02:36:16.998Z] [DEBUG] Connected to MongoDB
[2025-06-28T02:36:17.063Z] [INFO] Found 1 company databases
[2025-06-28T02:36:17.064Z] [DEBUG] Processing company database: company_9jxwph8g
[2025-06-28T02:36:17.118Z] [DEBUG] Finding reports to execute in company_9jxwph8g (current time: 2025-06-28T02:36:17.118Z)
[2025-06-28T02:36:17.172Z] [INFO] Found 0 reports to execute in company_9jxwph8g
[2025-06-28T02:36:17.173Z] [INFO] Scheduled reports check completed
[2025-06-28T02:36:17.175Z] [DEBUG] MongoDB connection closed
[2025-06-28T02:36:46.374Z] [INFO] Checking for scheduled reports...
[2025-06-28T02:36:46.997Z] [DEBUG] Connected to MongoDB
[2025-06-28T02:36:47.063Z] [INFO] Found 1 company databases
[2025-06-28T02:36:47.064Z] [DEBUG] Processing company database: company_9jxwph8g
[2025-06-28T02:36:47.119Z] [DEBUG] Finding reports to execute in company_9jxwph8g (current time: 2025-06-28T02:36:47.119Z)
[2025-06-28T02:36:47.173Z] [INFO] Found 0 reports to execute in company_9jxwph8g
[2025-06-28T02:36:47.173Z] [INFO] Scheduled reports check completed
[2025-06-28T02:36:47.176Z] [DEBUG] MongoDB connection closed
[2025-06-28T02:37:16.374Z] [INFO] Checking for scheduled reports...
[2025-06-28T02:37:17.077Z] [DEBUG] Connected to MongoDB
[2025-06-28T02:37:17.143Z] [INFO] Found 1 company databases
[2025-06-28T02:37:17.144Z] [DEBUG] Processing company database: company_9jxwph8g
[2025-06-28T02:37:17.198Z] [DEBUG] Finding reports to execute in company_9jxwph8g (current time: 2025-06-28T02:37:17.198Z)
[2025-06-28T02:37:17.252Z] [INFO] Found 0 reports to execute in company_9jxwph8g
[2025-06-28T02:37:17.253Z] [INFO] Scheduled reports check completed
[2025-06-28T02:37:17.255Z] [DEBUG] MongoDB connection closed
[2025-06-28T02:37:46.374Z] [INFO] Checking for scheduled reports...
[2025-06-28T02:37:47.112Z] [DEBUG] Connected to MongoDB
[2025-06-28T02:37:47.176Z] [INFO] Found 1 company databases
[2025-06-28T02:37:47.177Z] [DEBUG] Processing company database: company_9jxwph8g
[2025-06-28T02:37:47.230Z] [DEBUG] Finding reports to execute in company_9jxwph8g (current time: 2025-06-28T02:37:47.230Z)
[2025-06-28T02:37:47.284Z] [INFO] Found 0 reports to execute in company_9jxwph8g
[2025-06-28T02:37:47.285Z] [INFO] Scheduled reports check completed
[2025-06-28T02:37:47.287Z] [DEBUG] MongoDB connection closed
[2025-06-28T02:38:16.374Z] [INFO] Checking for scheduled reports...
[2025-06-28T02:38:16.992Z] [DEBUG] Connected to MongoDB
[2025-06-28T02:38:17.056Z] [INFO] Found 1 company databases
[2025-06-28T02:38:17.057Z] [DEBUG] Processing company database: company_9jxwph8g
[2025-06-28T02:38:17.112Z] [DEBUG] Finding reports to execute in company_9jxwph8g (current time: 2025-06-28T02:38:17.112Z)
[2025-06-28T02:38:17.168Z] [INFO] Found 0 reports to execute in company_9jxwph8g
[2025-06-28T02:38:17.169Z] [INFO] Scheduled reports check completed
[2025-06-28T02:38:17.171Z] [DEBUG] MongoDB connection closed
[2025-06-28T02:38:46.377Z] [INFO] Checking for scheduled reports...
[2025-06-28T02:38:47.069Z] [DEBUG] Connected to MongoDB
[2025-06-28T02:38:47.133Z] [INFO] Found 1 company databases
[2025-06-28T02:38:47.134Z] [DEBUG] Processing company database: company_9jxwph8g
[2025-06-28T02:38:47.188Z] [DEBUG] Finding reports to execute in company_9jxwph8g (current time: 2025-06-28T02:38:47.188Z)
[2025-06-28T02:38:47.241Z] [INFO] Found 0 reports to execute in company_9jxwph8g
[2025-06-28T02:38:47.242Z] [INFO] Scheduled reports check completed
[2025-06-28T02:38:47.243Z] [DEBUG] MongoDB connection closed
[2025-06-28T02:39:16.379Z] [INFO] Checking for scheduled reports...
[2025-06-28T02:39:17.178Z] [DEBUG] Connected to MongoDB
[2025-06-28T02:39:17.242Z] [INFO] Found 1 company databases
[2025-06-28T02:39:17.242Z] [DEBUG] Processing company database: company_9jxwph8g
[2025-06-28T02:39:17.296Z] [DEBUG] Finding reports to execute in company_9jxwph8g (current time: 2025-06-28T02:39:17.296Z)
[2025-06-28T02:39:17.350Z] [INFO] Found 0 reports to execute in company_9jxwph8g
[2025-06-28T02:39:17.351Z] [INFO] Scheduled reports check completed
[2025-06-28T02:39:17.352Z] [DEBUG] MongoDB connection closed
[2025-06-28T02:39:46.380Z] [INFO] Checking for scheduled reports...
[2025-06-28T02:39:46.990Z] [DEBUG] Connected to MongoDB
[2025-06-28T02:39:47.055Z] [INFO] Found 1 company databases
[2025-06-28T02:39:47.056Z] [DEBUG] Processing company database: company_9jxwph8g
[2025-06-28T02:39:47.109Z] [DEBUG] Finding reports to execute in company_9jxwph8g (current time: 2025-06-28T02:39:47.109Z)
[2025-06-28T02:39:47.163Z] [INFO] Found 0 reports to execute in company_9jxwph8g
[2025-06-28T02:39:47.163Z] [INFO] Scheduled reports check completed
[2025-06-28T02:39:47.164Z] [DEBUG] MongoDB connection closed
[2025-06-28T02:40:16.381Z] [INFO] Checking for scheduled reports...
[2025-06-28T02:40:17.087Z] [DEBUG] Connected to MongoDB
[2025-06-28T02:40:17.151Z] [INFO] Found 1 company databases
[2025-06-28T02:40:17.151Z] [DEBUG] Processing company database: company_9jxwph8g
[2025-06-28T02:40:17.205Z] [DEBUG] Finding reports to execute in company_9jxwph8g (current time: 2025-06-28T02:40:17.205Z)
[2025-06-28T02:40:17.257Z] [INFO] Found 0 reports to execute in company_9jxwph8g
[2025-06-28T02:40:17.257Z] [INFO] Scheduled reports check completed
[2025-06-28T02:40:17.258Z] [DEBUG] MongoDB connection closed
[2025-06-28T02:40:46.382Z] [INFO] Checking for scheduled reports...
[2025-06-28T02:40:47.177Z] [DEBUG] Connected to MongoDB
[2025-06-28T02:40:47.241Z] [INFO] Found 1 company databases
[2025-06-28T02:40:47.242Z] [DEBUG] Processing company database: company_9jxwph8g
[2025-06-28T02:40:47.296Z] [DEBUG] Finding reports to execute in company_9jxwph8g (current time: 2025-06-28T02:40:47.296Z)
[2025-06-28T02:40:47.351Z] [INFO] Found 0 reports to execute in company_9jxwph8g
[2025-06-28T02:40:47.351Z] [INFO] Scheduled reports check completed
[2025-06-28T02:40:47.353Z] [DEBUG] MongoDB connection closed
[2025-06-28T02:41:16.383Z] [INFO] Checking for scheduled reports...
[2025-06-28T02:41:17.001Z] [DEBUG] Connected to MongoDB
[2025-06-28T02:41:17.068Z] [INFO] Found 1 company databases
[2025-06-28T02:41:17.069Z] [DEBUG] Processing company database: company_9jxwph8g
[2025-06-28T02:41:17.124Z] [DEBUG] Finding reports to execute in company_9jxwph8g (current time: 2025-06-28T02:41:17.123Z)
[2025-06-28T02:41:17.178Z] [INFO] Found 0 reports to execute in company_9jxwph8g
[2025-06-28T02:41:17.178Z] [INFO] Scheduled reports check completed
[2025-06-28T02:41:17.181Z] [DEBUG] MongoDB connection closed
[2025-06-28T02:41:46.383Z] [INFO] Checking for scheduled reports...
[2025-06-28T02:41:47.065Z] [DEBUG] Connected to MongoDB
[2025-06-28T02:41:47.129Z] [INFO] Found 1 company databases
[2025-06-28T02:41:47.129Z] [DEBUG] Processing company database: company_9jxwph8g
[2025-06-28T02:41:47.184Z] [DEBUG] Finding reports to execute in company_9jxwph8g (current time: 2025-06-28T02:41:47.184Z)
[2025-06-28T02:41:47.238Z] [INFO] Found 0 reports to execute in company_9jxwph8g
[2025-06-28T02:41:47.239Z] [INFO] Scheduled reports check completed
[2025-06-28T02:41:47.240Z] [DEBUG] MongoDB connection closed
[2025-06-28T02:42:16.385Z] [INFO] Checking for scheduled reports...
[2025-06-28T02:42:17.192Z] [DEBUG] Connected to MongoDB
[2025-06-28T02:42:17.258Z] [INFO] Found 1 company databases
[2025-06-28T02:42:17.259Z] [DEBUG] Processing company database: company_9jxwph8g
[2025-06-28T02:42:17.314Z] [DEBUG] Finding reports to execute in company_9jxwph8g (current time: 2025-06-28T02:42:17.314Z)
[2025-06-28T02:42:17.368Z] [INFO] Found 0 reports to execute in company_9jxwph8g
[2025-06-28T02:42:17.368Z] [INFO] Scheduled reports check completed
[2025-06-28T02:42:17.370Z] [DEBUG] MongoDB connection closed
[2025-06-28T02:42:46.385Z] [INFO] Checking for scheduled reports...
[2025-06-28T02:42:47.010Z] [DEBUG] Connected to MongoDB
[2025-06-28T02:42:47.075Z] [INFO] Found 1 company databases
[2025-06-28T02:42:47.075Z] [DEBUG] Processing company database: company_9jxwph8g
[2025-06-28T02:42:47.130Z] [DEBUG] Finding reports to execute in company_9jxwph8g (current time: 2025-06-28T02:42:47.130Z)
[2025-06-28T02:42:47.184Z] [INFO] Found 0 reports to execute in company_9jxwph8g
[2025-06-28T02:42:47.185Z] [INFO] Scheduled reports check completed
[2025-06-28T02:42:47.187Z] [DEBUG] MongoDB connection closed
[2025-06-28T02:43:16.387Z] [INFO] Checking for scheduled reports...
[2025-06-28T02:43:17.200Z] [DEBUG] Connected to MongoDB
[2025-06-28T02:43:17.265Z] [INFO] Found 1 company databases
[2025-06-28T02:43:17.265Z] [DEBUG] Processing company database: company_9jxwph8g
[2025-06-28T02:43:17.319Z] [DEBUG] Finding reports to execute in company_9jxwph8g (current time: 2025-06-28T02:43:17.319Z)
[2025-06-28T02:43:17.382Z] [INFO] Found 0 reports to execute in company_9jxwph8g
[2025-06-28T02:43:17.382Z] [INFO] Scheduled reports check completed
[2025-06-28T02:43:17.384Z] [DEBUG] MongoDB connection closed
[2025-06-28T02:43:46.389Z] [INFO] Checking for scheduled reports...
[2025-06-28T02:43:46.994Z] [DEBUG] Connected to MongoDB
[2025-06-28T02:43:47.057Z] [INFO] Found 1 company databases
[2025-06-28T02:43:47.057Z] [DEBUG] Processing company database: company_9jxwph8g
[2025-06-28T02:43:47.110Z] [DEBUG] Finding reports to execute in company_9jxwph8g (current time: 2025-06-28T02:43:47.110Z)
[2025-06-28T02:43:47.163Z] [INFO] Found 0 reports to execute in company_9jxwph8g
[2025-06-28T02:43:47.164Z] [INFO] Scheduled reports check completed
[2025-06-28T02:43:47.165Z] [DEBUG] MongoDB connection closed
[2025-06-28T02:44:16.354Z] [INFO] Checking for scheduled reports...
[2025-06-28T02:44:17.012Z] [DEBUG] Connected to MongoDB
[2025-06-28T02:44:17.076Z] [INFO] Found 1 company databases
[2025-06-28T02:44:17.077Z] [DEBUG] Processing company database: company_9jxwph8g
[2025-06-28T02:44:17.130Z] [DEBUG] Finding reports to execute in company_9jxwph8g (current time: 2025-06-28T02:44:17.130Z)
[2025-06-28T02:44:17.184Z] [INFO] Found 0 reports to execute in company_9jxwph8g
[2025-06-28T02:44:17.185Z] [INFO] Scheduled reports check completed
[2025-06-28T02:44:17.186Z] [DEBUG] MongoDB connection closed
[2025-06-28T02:44:46.347Z] [INFO] Checking for scheduled reports...
[2025-06-28T02:44:47.195Z] [DEBUG] Connected to MongoDB
[2025-06-28T02:44:47.259Z] [INFO] Found 1 company databases
[2025-06-28T02:44:47.259Z] [DEBUG] Processing company database: company_9jxwph8g
[2025-06-28T02:44:47.313Z] [DEBUG] Finding reports to execute in company_9jxwph8g (current time: 2025-06-28T02:44:47.313Z)
[2025-06-28T02:44:47.366Z] [INFO] Found 0 reports to execute in company_9jxwph8g
[2025-06-28T02:44:47.366Z] [INFO] Scheduled reports check completed
[2025-06-28T02:44:47.368Z] [DEBUG] MongoDB connection closed
[2025-06-28T02:45:16.346Z] [INFO] Checking for scheduled reports...
[2025-06-28T02:45:17.038Z] [DEBUG] Connected to MongoDB
[2025-06-28T02:45:17.114Z] [INFO] Found 1 company databases
[2025-06-28T02:45:17.114Z] [DEBUG] Processing company database: company_9jxwph8g
[2025-06-28T02:45:17.171Z] [DEBUG] Finding reports to execute in company_9jxwph8g (current time: 2025-06-28T02:45:17.171Z)
[2025-06-28T02:45:17.227Z] [INFO] Found 0 reports to execute in company_9jxwph8g
[2025-06-28T02:45:17.227Z] [INFO] Scheduled reports check completed
[2025-06-28T02:45:17.230Z] [DEBUG] MongoDB connection closed
[2025-06-28T02:45:46.346Z] [INFO] Checking for scheduled reports...
[2025-06-28T02:45:47.037Z] [DEBUG] Connected to MongoDB
[2025-06-28T02:45:47.101Z] [INFO] Found 1 company databases
[2025-06-28T02:45:47.101Z] [DEBUG] Processing company database: company_9jxwph8g
[2025-06-28T02:45:47.155Z] [DEBUG] Finding reports to execute in company_9jxwph8g (current time: 2025-06-28T02:45:47.155Z)
[2025-06-28T02:45:47.208Z] [INFO] Found 0 reports to execute in company_9jxwph8g
[2025-06-28T02:45:47.209Z] [INFO] Scheduled reports check completed
[2025-06-28T02:45:47.211Z] [DEBUG] MongoDB connection closed
[2025-06-28T02:46:16.346Z] [INFO] Checking for scheduled reports...
[2025-06-28T02:46:17.075Z] [DEBUG] Connected to MongoDB
[2025-06-28T02:46:17.140Z] [INFO] Found 1 company databases
[2025-06-28T02:46:17.140Z] [DEBUG] Processing company database: company_9jxwph8g
[2025-06-28T02:46:17.195Z] [DEBUG] Finding reports to execute in company_9jxwph8g (current time: 2025-06-28T02:46:17.195Z)
[2025-06-28T02:46:17.248Z] [INFO] Found 0 reports to execute in company_9jxwph8g
[2025-06-28T02:46:17.249Z] [INFO] Scheduled reports check completed
[2025-06-28T02:46:17.251Z] [DEBUG] MongoDB connection closed
[2025-06-28T02:46:46.348Z] [INFO] Checking for scheduled reports...
[2025-06-28T02:46:47.109Z] [DEBUG] Connected to MongoDB
[2025-06-28T02:46:47.173Z] [INFO] Found 1 company databases
[2025-06-28T02:46:47.174Z] [DEBUG] Processing company database: company_9jxwph8g
[2025-06-28T02:46:47.228Z] [DEBUG] Finding reports to execute in company_9jxwph8g (current time: 2025-06-28T02:46:47.228Z)
[2025-06-28T02:46:47.283Z] [INFO] Found 0 reports to execute in company_9jxwph8g
[2025-06-28T02:46:47.283Z] [INFO] Scheduled reports check completed
[2025-06-28T02:46:47.284Z] [DEBUG] MongoDB connection closed
[2025-06-28T02:47:16.349Z] [INFO] Checking for scheduled reports...
[2025-06-28T02:47:16.963Z] [DEBUG] Connected to MongoDB
[2025-06-28T02:47:17.028Z] [INFO] Found 1 company databases
[2025-06-28T02:47:17.029Z] [DEBUG] Processing company database: company_9jxwph8g
[2025-06-28T02:47:17.084Z] [DEBUG] Finding reports to execute in company_9jxwph8g (current time: 2025-06-28T02:47:17.084Z)
[2025-06-28T02:47:17.138Z] [INFO] Found 0 reports to execute in company_9jxwph8g
[2025-06-28T02:47:17.138Z] [INFO] Scheduled reports check completed
[2025-06-28T02:47:17.139Z] [DEBUG] MongoDB connection closed
[2025-06-28T02:47:46.349Z] [INFO] Checking for scheduled reports...
[2025-06-28T02:47:47.155Z] [DEBUG] Connected to MongoDB
[2025-06-28T02:47:47.219Z] [INFO] Found 1 company databases
[2025-06-28T02:47:47.220Z] [DEBUG] Processing company database: company_9jxwph8g
[2025-06-28T02:47:47.276Z] [DEBUG] Finding reports to execute in company_9jxwph8g (current time: 2025-06-28T02:47:47.276Z)
[2025-06-28T02:47:47.329Z] [INFO] Found 0 reports to execute in company_9jxwph8g
[2025-06-28T02:47:47.330Z] [INFO] Scheduled reports check completed
[2025-06-28T02:47:47.332Z] [DEBUG] MongoDB connection closed
[2025-06-28T02:48:16.350Z] [INFO] Checking for scheduled reports...
[2025-06-28T02:48:17.053Z] [DEBUG] Connected to MongoDB
[2025-06-28T02:48:17.119Z] [INFO] Found 1 company databases
[2025-06-28T02:48:17.119Z] [DEBUG] Processing company database: company_9jxwph8g
[2025-06-28T02:48:17.174Z] [DEBUG] Finding reports to execute in company_9jxwph8g (current time: 2025-06-28T02:48:17.174Z)
[2025-06-28T02:48:17.227Z] [INFO] Found 0 reports to execute in company_9jxwph8g
[2025-06-28T02:48:17.228Z] [INFO] Scheduled reports check completed
[2025-06-28T02:48:17.230Z] [DEBUG] MongoDB connection closed
[2025-06-28T02:48:46.352Z] [INFO] Checking for scheduled reports...
[2025-06-28T02:48:47.049Z] [DEBUG] Connected to MongoDB
[2025-06-28T02:48:47.114Z] [INFO] Found 1 company databases
[2025-06-28T02:48:47.114Z] [DEBUG] Processing company database: company_9jxwph8g
[2025-06-28T02:48:47.168Z] [DEBUG] Finding reports to execute in company_9jxwph8g (current time: 2025-06-28T02:48:47.168Z)
[2025-06-28T02:48:47.222Z] [INFO] Found 0 reports to execute in company_9jxwph8g
[2025-06-28T02:48:47.223Z] [INFO] Scheduled reports check completed
[2025-06-28T02:48:47.226Z] [DEBUG] MongoDB connection closed
[2025-06-28T02:49:16.353Z] [INFO] Checking for scheduled reports...
[2025-06-28T02:49:16.960Z] [DEBUG] Connected to MongoDB
[2025-06-28T02:49:17.025Z] [INFO] Found 1 company databases
[2025-06-28T02:49:17.025Z] [DEBUG] Processing company database: company_9jxwph8g
[2025-06-28T02:49:17.079Z] [DEBUG] Finding reports to execute in company_9jxwph8g (current time: 2025-06-28T02:49:17.079Z)
[2025-06-28T02:49:17.132Z] [INFO] Found 0 reports to execute in company_9jxwph8g
[2025-06-28T02:49:17.133Z] [INFO] Scheduled reports check completed
[2025-06-28T02:49:17.134Z] [DEBUG] MongoDB connection closed
[2025-06-28T02:49:46.354Z] [INFO] Checking for scheduled reports...
[2025-06-28T02:49:47.168Z] [DEBUG] Connected to MongoDB
[2025-06-28T02:49:47.231Z] [INFO] Found 1 company databases
[2025-06-28T02:49:47.232Z] [DEBUG] Processing company database: company_9jxwph8g
[2025-06-28T02:49:47.286Z] [DEBUG] Finding reports to execute in company_9jxwph8g (current time: 2025-06-28T02:49:47.286Z)
[2025-06-28T02:49:47.340Z] [INFO] Found 0 reports to execute in company_9jxwph8g
[2025-06-28T02:49:47.340Z] [INFO] Scheduled reports check completed
[2025-06-28T02:49:47.342Z] [DEBUG] MongoDB connection closed
[2025-06-28T02:50:16.354Z] [INFO] Checking for scheduled reports...
[2025-06-28T02:50:16.973Z] [DEBUG] Connected to MongoDB
[2025-06-28T02:50:17.038Z] [INFO] Found 1 company databases
[2025-06-28T02:50:17.039Z] [DEBUG] Processing company database: company_9jxwph8g
[2025-06-28T02:50:17.094Z] [DEBUG] Finding reports to execute in company_9jxwph8g (current time: 2025-06-28T02:50:17.094Z)
[2025-06-28T02:50:17.147Z] [INFO] Found 0 reports to execute in company_9jxwph8g
[2025-06-28T02:50:17.148Z] [INFO] Scheduled reports check completed
[2025-06-28T02:50:17.149Z] [DEBUG] MongoDB connection closed
[2025-06-28T02:50:46.355Z] [INFO] Checking for scheduled reports...
[2025-06-28T02:50:46.955Z] [DEBUG] Connected to MongoDB
[2025-06-28T02:50:47.019Z] [INFO] Found 1 company databases
[2025-06-28T02:50:47.020Z] [DEBUG] Processing company database: company_9jxwph8g
[2025-06-28T02:50:47.072Z] [DEBUG] Finding reports to execute in company_9jxwph8g (current time: 2025-06-28T02:50:47.072Z)
[2025-06-28T02:50:47.125Z] [INFO] Found 0 reports to execute in company_9jxwph8g
[2025-06-28T02:50:47.125Z] [INFO] Scheduled reports check completed
[2025-06-28T02:50:47.126Z] [DEBUG] MongoDB connection closed
[2025-06-28T02:51:16.356Z] [INFO] Checking for scheduled reports...
[2025-06-28T02:51:17.049Z] [DEBUG] Connected to MongoDB
[2025-06-28T02:51:17.113Z] [INFO] Found 1 company databases
[2025-06-28T02:51:17.114Z] [DEBUG] Processing company database: company_9jxwph8g
[2025-06-28T02:51:17.168Z] [DEBUG] Finding reports to execute in company_9jxwph8g (current time: 2025-06-28T02:51:17.168Z)
[2025-06-28T02:51:17.222Z] [INFO] Found 0 reports to execute in company_9jxwph8g
[2025-06-28T02:51:17.222Z] [INFO] Scheduled reports check completed
[2025-06-28T02:51:17.224Z] [DEBUG] MongoDB connection closed
[2025-06-28T02:51:46.356Z] [INFO] Checking for scheduled reports...
[2025-06-28T02:51:46.972Z] [DEBUG] Connected to MongoDB
[2025-06-28T02:51:47.036Z] [INFO] Found 1 company databases
[2025-06-28T02:51:47.037Z] [DEBUG] Processing company database: company_9jxwph8g
[2025-06-28T02:51:47.092Z] [DEBUG] Finding reports to execute in company_9jxwph8g (current time: 2025-06-28T02:51:47.092Z)
[2025-06-28T02:51:47.146Z] [INFO] Found 0 reports to execute in company_9jxwph8g
[2025-06-28T02:51:47.147Z] [INFO] Scheduled reports check completed
[2025-06-28T02:51:47.149Z] [DEBUG] MongoDB connection closed
[2025-06-28T02:52:16.357Z] [INFO] Checking for scheduled reports...
[2025-06-28T02:52:17.117Z] [DEBUG] Connected to MongoDB
[2025-06-28T02:52:17.183Z] [INFO] Found 1 company databases
[2025-06-28T02:52:17.184Z] [DEBUG] Processing company database: company_9jxwph8g
[2025-06-28T02:52:17.243Z] [DEBUG] Finding reports to execute in company_9jxwph8g (current time: 2025-06-28T02:52:17.243Z)
[2025-06-28T02:52:17.298Z] [INFO] Found 0 reports to execute in company_9jxwph8g
[2025-06-28T02:52:17.299Z] [INFO] Scheduled reports check completed
[2025-06-28T02:52:17.301Z] [DEBUG] MongoDB connection closed
[2025-06-28T02:52:46.358Z] [INFO] Checking for scheduled reports...
[2025-06-28T02:52:47.050Z] [DEBUG] Connected to MongoDB
[2025-06-28T02:52:47.115Z] [INFO] Found 1 company databases
[2025-06-28T02:52:47.116Z] [DEBUG] Processing company database: company_9jxwph8g
[2025-06-28T02:52:47.170Z] [DEBUG] Finding reports to execute in company_9jxwph8g (current time: 2025-06-28T02:52:47.170Z)
[2025-06-28T02:52:47.224Z] [INFO] Found 0 reports to execute in company_9jxwph8g
[2025-06-28T02:52:47.224Z] [INFO] Scheduled reports check completed
[2025-06-28T02:52:47.226Z] [DEBUG] MongoDB connection closed
[2025-06-28T02:53:16.358Z] [INFO] Checking for scheduled reports...
[2025-06-28T02:53:17.051Z] [DEBUG] Connected to MongoDB
[2025-06-28T02:53:17.116Z] [INFO] Found 1 company databases
[2025-06-28T02:53:17.116Z] [DEBUG] Processing company database: company_9jxwph8g
[2025-06-28T02:53:17.170Z] [DEBUG] Finding reports to execute in company_9jxwph8g (current time: 2025-06-28T02:53:17.170Z)
[2025-06-28T02:53:17.224Z] [INFO] Found 0 reports to execute in company_9jxwph8g
[2025-06-28T02:53:17.224Z] [INFO] Scheduled reports check completed
[2025-06-28T02:53:17.226Z] [DEBUG] MongoDB connection closed
[2025-06-28T02:53:46.360Z] [INFO] Checking for scheduled reports...
[2025-06-28T02:53:46.984Z] [DEBUG] Connected to MongoDB
[2025-06-28T02:53:47.049Z] [INFO] Found 1 company databases
[2025-06-28T02:53:47.050Z] [DEBUG] Processing company database: company_9jxwph8g
[2025-06-28T02:53:47.105Z] [DEBUG] Finding reports to execute in company_9jxwph8g (current time: 2025-06-28T02:53:47.105Z)
[2025-06-28T02:53:47.159Z] [INFO] Found 0 reports to execute in company_9jxwph8g
[2025-06-28T02:53:47.160Z] [INFO] Scheduled reports check completed
[2025-06-28T02:53:47.163Z] [DEBUG] MongoDB connection closed
[2025-06-28T02:54:16.360Z] [INFO] Checking for scheduled reports...
[2025-06-28T02:54:17.009Z] [DEBUG] Connected to MongoDB
[2025-06-28T02:54:17.070Z] [INFO] Found 1 company databases
[2025-06-28T02:54:17.071Z] [DEBUG] Processing company database: company_9jxwph8g
[2025-06-28T02:54:17.121Z] [DEBUG] Finding reports to execute in company_9jxwph8g (current time: 2025-06-28T02:54:17.121Z)
[2025-06-28T02:54:17.171Z] [INFO] Found 0 reports to execute in company_9jxwph8g
[2025-06-28T02:54:17.171Z] [INFO] Scheduled reports check completed
[2025-06-28T02:54:17.173Z] [DEBUG] MongoDB connection closed
[2025-06-28T02:54:46.361Z] [INFO] Checking for scheduled reports...
[2025-06-28T02:54:46.950Z] [DEBUG] Connected to MongoDB
[2025-06-28T02:54:47.013Z] [INFO] Found 1 company databases
[2025-06-28T02:54:47.022Z] [DEBUG] Processing company database: company_9jxwph8g
[2025-06-28T02:54:47.076Z] [DEBUG] Finding reports to execute in company_9jxwph8g (current time: 2025-06-28T02:54:47.076Z)
[2025-06-28T02:54:47.126Z] [INFO] Found 0 reports to execute in company_9jxwph8g
[2025-06-28T02:54:47.126Z] [INFO] Scheduled reports check completed
[2025-06-28T02:54:47.127Z] [DEBUG] MongoDB connection closed
[2025-06-28T02:55:16.361Z] [INFO] Checking for scheduled reports...
[2025-06-28T02:55:17.009Z] [DEBUG] Connected to MongoDB
[2025-06-28T02:55:17.070Z] [INFO] Found 1 company databases
[2025-06-28T02:55:17.071Z] [DEBUG] Processing company database: company_9jxwph8g
[2025-06-28T02:55:17.120Z] [DEBUG] Finding reports to execute in company_9jxwph8g (current time: 2025-06-28T02:55:17.120Z)
[2025-06-28T02:55:17.170Z] [INFO] Found 0 reports to execute in company_9jxwph8g
[2025-06-28T02:55:17.171Z] [INFO] Scheduled reports check completed
[2025-06-28T02:55:17.172Z] [DEBUG] MongoDB connection closed
[2025-06-28T02:55:46.362Z] [INFO] Checking for scheduled reports...
[2025-06-28T02:55:47.029Z] [DEBUG] Connected to MongoDB
[2025-06-28T02:55:47.089Z] [INFO] Found 1 company databases
[2025-06-28T02:55:47.089Z] [DEBUG] Processing company database: company_9jxwph8g
[2025-06-28T02:55:47.138Z] [DEBUG] Finding reports to execute in company_9jxwph8g (current time: 2025-06-28T02:55:47.138Z)
[2025-06-28T02:55:47.187Z] [INFO] Found 0 reports to execute in company_9jxwph8g
[2025-06-28T02:55:47.187Z] [INFO] Scheduled reports check completed
[2025-06-28T02:55:47.188Z] [DEBUG] MongoDB connection closed
[2025-06-28T02:56:16.363Z] [INFO] Checking for scheduled reports...
[2025-06-28T02:56:17.016Z] [DEBUG] Connected to MongoDB
[2025-06-28T02:56:17.097Z] [INFO] Found 1 company databases
[2025-06-28T02:56:17.103Z] [DEBUG] Processing company database: company_9jxwph8g
[2025-06-28T02:56:17.152Z] [DEBUG] Finding reports to execute in company_9jxwph8g (current time: 2025-06-28T02:56:17.152Z)
[2025-06-28T02:56:17.201Z] [INFO] Found 0 reports to execute in company_9jxwph8g
[2025-06-28T02:56:17.202Z] [INFO] Scheduled reports check completed
[2025-06-28T02:56:17.203Z] [DEBUG] MongoDB connection closed
[2025-06-28T02:56:46.364Z] [INFO] Checking for scheduled reports...
[2025-06-28T02:56:46.947Z] [DEBUG] Connected to MongoDB
[2025-06-28T02:56:47.009Z] [INFO] Found 1 company databases
[2025-06-28T02:56:47.009Z] [DEBUG] Processing company database: company_9jxwph8g
[2025-06-28T02:56:47.060Z] [DEBUG] Finding reports to execute in company_9jxwph8g (current time: 2025-06-28T02:56:47.060Z)
[2025-06-28T02:56:47.110Z] [INFO] Found 0 reports to execute in company_9jxwph8g
[2025-06-28T02:56:47.111Z] [INFO] Scheduled reports check completed
[2025-06-28T02:56:47.114Z] [DEBUG] MongoDB connection closed
[2025-06-28T02:57:16.365Z] [INFO] Checking for scheduled reports...
[2025-06-28T02:57:17.055Z] [DEBUG] Connected to MongoDB
[2025-06-28T02:57:17.115Z] [INFO] Found 1 company databases
[2025-06-28T02:57:17.116Z] [DEBUG] Processing company database: company_9jxwph8g
[2025-06-28T02:57:17.167Z] [DEBUG] Finding reports to execute in company_9jxwph8g (current time: 2025-06-28T02:57:17.167Z)
[2025-06-28T02:57:17.217Z] [INFO] Found 0 reports to execute in company_9jxwph8g
[2025-06-28T02:57:17.218Z] [INFO] Scheduled reports check completed
[2025-06-28T02:57:17.220Z] [DEBUG] MongoDB connection closed
[2025-06-28T02:57:46.365Z] [INFO] Checking for scheduled reports...
[2025-06-28T02:57:46.949Z] [DEBUG] Connected to MongoDB
[2025-06-28T02:57:47.009Z] [INFO] Found 1 company databases
[2025-06-28T02:57:47.010Z] [DEBUG] Processing company database: company_9jxwph8g
[2025-06-28T02:57:47.060Z] [DEBUG] Finding reports to execute in company_9jxwph8g (current time: 2025-06-28T02:57:47.060Z)
[2025-06-28T02:57:47.109Z] [INFO] Found 0 reports to execute in company_9jxwph8g
[2025-06-28T02:57:47.110Z] [INFO] Scheduled reports check completed
[2025-06-28T02:57:47.112Z] [DEBUG] MongoDB connection closed
[2025-06-28T02:58:16.366Z] [INFO] Checking for scheduled reports...
[2025-06-28T02:58:16.980Z] [DEBUG] Connected to MongoDB
[2025-06-28T02:58:17.045Z] [INFO] Found 1 company databases
[2025-06-28T02:58:17.046Z] [DEBUG] Processing company database: company_9jxwph8g
[2025-06-28T02:58:17.100Z] [DEBUG] Finding reports to execute in company_9jxwph8g (current time: 2025-06-28T02:58:17.100Z)
[2025-06-28T02:58:17.154Z] [INFO] Found 0 reports to execute in company_9jxwph8g
[2025-06-28T02:58:17.154Z] [INFO] Scheduled reports check completed
[2025-06-28T02:58:17.156Z] [DEBUG] MongoDB connection closed
[2025-06-28T02:58:46.366Z] [INFO] Checking for scheduled reports...
[2025-06-28T02:58:47.169Z] [DEBUG] Connected to MongoDB
[2025-06-28T02:58:47.234Z] [INFO] Found 1 company databases
[2025-06-28T02:58:47.235Z] [DEBUG] Processing company database: company_9jxwph8g
[2025-06-28T02:58:47.290Z] [DEBUG] Finding reports to execute in company_9jxwph8g (current time: 2025-06-28T02:58:47.290Z)
[2025-06-28T02:58:47.343Z] [INFO] Found 0 reports to execute in company_9jxwph8g
[2025-06-28T02:58:47.344Z] [INFO] Scheduled reports check completed
[2025-06-28T02:58:47.346Z] [DEBUG] MongoDB connection closed
[2025-06-28T02:59:16.368Z] [INFO] Checking for scheduled reports...
[2025-06-28T02:59:16.991Z] [DEBUG] Connected to MongoDB
[2025-06-28T02:59:17.055Z] [INFO] Found 1 company databases
[2025-06-28T02:59:17.056Z] [DEBUG] Processing company database: company_9jxwph8g
[2025-06-28T02:59:17.112Z] [DEBUG] Finding reports to execute in company_9jxwph8g (current time: 2025-06-28T02:59:17.112Z)
[2025-06-28T02:59:17.167Z] [INFO] Found 0 reports to execute in company_9jxwph8g
[2025-06-28T02:59:17.167Z] [INFO] Scheduled reports check completed
[2025-06-28T02:59:17.170Z] [DEBUG] MongoDB connection closed
[2025-06-28T02:59:46.368Z] [INFO] Checking for scheduled reports...
[2025-06-28T02:59:47.053Z] [DEBUG] Connected to MongoDB
[2025-06-28T02:59:47.117Z] [INFO] Found 1 company databases
[2025-06-28T02:59:47.117Z] [DEBUG] Processing company database: company_9jxwph8g
[2025-06-28T02:59:47.171Z] [DEBUG] Finding reports to execute in company_9jxwph8g (current time: 2025-06-28T02:59:47.171Z)
[2025-06-28T02:59:47.225Z] [INFO] Found 0 reports to execute in company_9jxwph8g
[2025-06-28T02:59:47.225Z] [INFO] Scheduled reports check completed
[2025-06-28T02:59:47.227Z] [DEBUG] MongoDB connection closed
[2025-06-28T03:00:16.369Z] [INFO] Checking for scheduled reports...
[2025-06-28T03:00:17.200Z] [DEBUG] Connected to MongoDB
[2025-06-28T03:00:17.265Z] [INFO] Found 1 company databases
[2025-06-28T03:00:17.266Z] [DEBUG] Processing company database: company_9jxwph8g
[2025-06-28T03:00:17.321Z] [DEBUG] Finding reports to execute in company_9jxwph8g (current time: 2025-06-28T03:00:17.321Z)
[2025-06-28T03:00:17.376Z] [INFO] Found 0 reports to execute in company_9jxwph8g
[2025-06-28T03:00:17.377Z] [INFO] Scheduled reports check completed
[2025-06-28T03:00:17.379Z] [DEBUG] MongoDB connection closed
[2025-06-28T03:00:46.371Z] [INFO] Checking for scheduled reports...
[2025-06-28T03:00:46.996Z] [DEBUG] Connected to MongoDB
[2025-06-28T03:00:47.060Z] [INFO] Found 1 company databases
[2025-06-28T03:00:47.061Z] [DEBUG] Processing company database: company_9jxwph8g
[2025-06-28T03:00:47.115Z] [DEBUG] Finding reports to execute in company_9jxwph8g (current time: 2025-06-28T03:00:47.115Z)
[2025-06-28T03:00:47.167Z] [INFO] Found 0 reports to execute in company_9jxwph8g
[2025-06-28T03:00:47.168Z] [INFO] Scheduled reports check completed
[2025-06-28T03:00:47.169Z] [DEBUG] MongoDB connection closed
[2025-06-28T03:01:16.372Z] [INFO] Checking for scheduled reports...
[2025-06-28T03:01:17.188Z] [DEBUG] Connected to MongoDB
[2025-06-28T03:01:17.252Z] [INFO] Found 1 company databases
[2025-06-28T03:01:17.253Z] [DEBUG] Processing company database: company_9jxwph8g
[2025-06-28T03:01:17.308Z] [DEBUG] Finding reports to execute in company_9jxwph8g (current time: 2025-06-28T03:01:17.308Z)
[2025-06-28T03:01:17.362Z] [INFO] Found 0 reports to execute in company_9jxwph8g
[2025-06-28T03:01:17.362Z] [INFO] Scheduled reports check completed
[2025-06-28T03:01:17.364Z] [DEBUG] MongoDB connection closed
[2025-06-28T03:01:46.373Z] [INFO] Checking for scheduled reports...
[2025-06-28T03:01:47.182Z] [DEBUG] Connected to MongoDB
[2025-06-28T03:01:47.247Z] [INFO] Found 1 company databases
[2025-06-28T03:01:47.247Z] [DEBUG] Processing company database: company_9jxwph8g
[2025-06-28T03:01:47.302Z] [DEBUG] Finding reports to execute in company_9jxwph8g (current time: 2025-06-28T03:01:47.302Z)
[2025-06-28T03:01:47.356Z] [INFO] Found 0 reports to execute in company_9jxwph8g
[2025-06-28T03:01:47.357Z] [INFO] Scheduled reports check completed
[2025-06-28T03:01:47.359Z] [DEBUG] MongoDB connection closed
[2025-06-28T03:02:16.376Z] [INFO] Checking for scheduled reports...
[2025-06-28T03:02:16.996Z] [DEBUG] Connected to MongoDB
[2025-06-28T03:02:17.060Z] [INFO] Found 1 company databases
[2025-06-28T03:02:17.060Z] [DEBUG] Processing company database: company_9jxwph8g
[2025-06-28T03:02:17.113Z] [DEBUG] Finding reports to execute in company_9jxwph8g (current time: 2025-06-28T03:02:17.113Z)
[2025-06-28T03:02:17.166Z] [INFO] Found 0 reports to execute in company_9jxwph8g
[2025-06-28T03:02:17.167Z] [INFO] Scheduled reports check completed
[2025-06-28T03:02:17.170Z] [DEBUG] MongoDB connection closed
[2025-06-28T03:02:46.378Z] [INFO] Checking for scheduled reports...
[2025-06-28T03:02:47.018Z] [DEBUG] Connected to MongoDB
[2025-06-28T03:02:47.083Z] [INFO] Found 1 company databases
[2025-06-28T03:02:47.084Z] [DEBUG] Processing company database: company_9jxwph8g
[2025-06-28T03:02:47.138Z] [DEBUG] Finding reports to execute in company_9jxwph8g (current time: 2025-06-28T03:02:47.138Z)
[2025-06-28T03:02:47.193Z] [INFO] Found 0 reports to execute in company_9jxwph8g
[2025-06-28T03:02:47.194Z] [INFO] Scheduled reports check completed
[2025-06-28T03:02:47.196Z] [DEBUG] MongoDB connection closed
[2025-06-28T03:03:16.378Z] [INFO] Checking for scheduled reports...
[2025-06-28T03:03:17.153Z] [DEBUG] Connected to MongoDB
[2025-06-28T03:03:17.218Z] [INFO] Found 1 company databases
[2025-06-28T03:03:17.218Z] [DEBUG] Processing company database: company_9jxwph8g
[2025-06-28T03:03:17.273Z] [DEBUG] Finding reports to execute in company_9jxwph8g (current time: 2025-06-28T03:03:17.273Z)
[2025-06-28T03:03:17.326Z] [INFO] Found 0 reports to execute in company_9jxwph8g
[2025-06-28T03:03:17.327Z] [INFO] Scheduled reports check completed
[2025-06-28T03:03:17.329Z] [DEBUG] MongoDB connection closed
[2025-06-28T03:03:46.378Z] [INFO] Checking for scheduled reports...
[2025-06-28T03:03:47.002Z] [DEBUG] Connected to MongoDB
[2025-06-28T03:03:47.080Z] [INFO] Found 1 company databases
[2025-06-28T03:03:47.081Z] [DEBUG] Processing company database: company_9jxwph8g
[2025-06-28T03:03:47.136Z] [DEBUG] Finding reports to execute in company_9jxwph8g (current time: 2025-06-28T03:03:47.136Z)
[2025-06-28T03:03:47.190Z] [INFO] Found 0 reports to execute in company_9jxwph8g
[2025-06-28T03:03:47.191Z] [INFO] Scheduled reports check completed
[2025-06-28T03:03:47.193Z] [DEBUG] MongoDB connection closed
[2025-06-28T03:04:16.380Z] [INFO] Checking for scheduled reports...
[2025-06-28T03:04:17.002Z] [DEBUG] Connected to MongoDB
[2025-06-28T03:04:17.069Z] [INFO] Found 1 company databases
[2025-06-28T03:04:17.070Z] [DEBUG] Processing company database: company_9jxwph8g
[2025-06-28T03:04:17.126Z] [DEBUG] Finding reports to execute in company_9jxwph8g (current time: 2025-06-28T03:04:17.126Z)
[2025-06-28T03:04:17.184Z] [INFO] Found 0 reports to execute in company_9jxwph8g
[2025-06-28T03:04:17.185Z] [INFO] Scheduled reports check completed
[2025-06-28T03:04:17.187Z] [DEBUG] MongoDB connection closed
[2025-06-28T03:04:46.380Z] [INFO] Checking for scheduled reports...
[2025-06-28T03:04:47.213Z] [DEBUG] Connected to MongoDB
[2025-06-28T03:04:47.278Z] [INFO] Found 1 company databases
[2025-06-28T03:04:47.278Z] [DEBUG] Processing company database: company_9jxwph8g
[2025-06-28T03:04:47.333Z] [DEBUG] Finding reports to execute in company_9jxwph8g (current time: 2025-06-28T03:04:47.333Z)
[2025-06-28T03:04:47.387Z] [INFO] Found 0 reports to execute in company_9jxwph8g
[2025-06-28T03:04:47.388Z] [INFO] Scheduled reports check completed
[2025-06-28T03:04:47.390Z] [DEBUG] MongoDB connection closed
[2025-06-28T03:05:16.382Z] [INFO] Checking for scheduled reports...
[2025-06-28T03:05:17.004Z] [DEBUG] Connected to MongoDB
[2025-06-28T03:05:17.069Z] [INFO] Found 1 company databases
[2025-06-28T03:05:17.070Z] [DEBUG] Processing company database: company_9jxwph8g
[2025-06-28T03:05:17.124Z] [DEBUG] Finding reports to execute in company_9jxwph8g (current time: 2025-06-28T03:05:17.124Z)
[2025-06-28T03:05:17.179Z] [INFO] Found 0 reports to execute in company_9jxwph8g
[2025-06-28T03:05:17.179Z] [INFO] Scheduled reports check completed
[2025-06-28T03:05:17.181Z] [DEBUG] MongoDB connection closed
[2025-06-28T03:05:46.383Z] [INFO] Checking for scheduled reports...
[2025-06-28T03:05:47.000Z] [DEBUG] Connected to MongoDB
[2025-06-28T03:05:47.066Z] [INFO] Found 1 company databases
[2025-06-28T03:05:47.066Z] [DEBUG] Processing company database: company_9jxwph8g
[2025-06-28T03:05:47.121Z] [DEBUG] Finding reports to execute in company_9jxwph8g (current time: 2025-06-28T03:05:47.121Z)
[2025-06-28T03:05:47.175Z] [INFO] Found 0 reports to execute in company_9jxwph8g
[2025-06-28T03:05:47.175Z] [INFO] Scheduled reports check completed
[2025-06-28T03:05:47.178Z] [DEBUG] MongoDB connection closed
[2025-06-28T03:06:16.384Z] [INFO] Checking for scheduled reports...
[2025-06-28T03:06:17.161Z] [DEBUG] Connected to MongoDB
[2025-06-28T03:06:17.222Z] [INFO] Found 1 company databases
[2025-06-28T03:06:17.222Z] [DEBUG] Processing company database: company_9jxwph8g
[2025-06-28T03:06:17.274Z] [DEBUG] Finding reports to execute in company_9jxwph8g (current time: 2025-06-28T03:06:17.273Z)
[2025-06-28T03:06:17.324Z] [INFO] Found 0 reports to execute in company_9jxwph8g
[2025-06-28T03:06:17.324Z] [INFO] Scheduled reports check completed
[2025-06-28T03:06:17.326Z] [DEBUG] MongoDB connection closed
[2025-06-28T03:06:46.385Z] [INFO] Checking for scheduled reports...
[2025-06-28T03:06:46.967Z] [DEBUG] Connected to MongoDB
[2025-06-28T03:06:47.028Z] [INFO] Found 1 company databases
[2025-06-28T03:06:47.029Z] [DEBUG] Processing company database: company_9jxwph8g
[2025-06-28T03:06:47.080Z] [DEBUG] Finding reports to execute in company_9jxwph8g (current time: 2025-06-28T03:06:47.080Z)
[2025-06-28T03:06:47.129Z] [INFO] Found 0 reports to execute in company_9jxwph8g
[2025-06-28T03:06:47.130Z] [INFO] Scheduled reports check completed
[2025-06-28T03:06:47.132Z] [DEBUG] MongoDB connection closed
[2025-06-28T03:07:16.387Z] [INFO] Checking for scheduled reports...
[2025-06-28T03:07:17.163Z] [DEBUG] Connected to MongoDB
[2025-06-28T03:07:17.223Z] [INFO] Found 1 company databases
[2025-06-28T03:07:17.223Z] [DEBUG] Processing company database: company_9jxwph8g
[2025-06-28T03:07:17.272Z] [DEBUG] Finding reports to execute in company_9jxwph8g (current time: 2025-06-28T03:07:17.272Z)
[2025-06-28T03:07:17.322Z] [INFO] Found 0 reports to execute in company_9jxwph8g
[2025-06-28T03:07:17.322Z] [INFO] Scheduled reports check completed
[2025-06-28T03:07:17.323Z] [DEBUG] MongoDB connection closed
[2025-06-28T03:07:46.388Z] [INFO] Checking for scheduled reports...
[2025-06-28T03:07:47.155Z] [DEBUG] Connected to MongoDB
[2025-06-28T03:07:47.217Z] [INFO] Found 1 company databases
[2025-06-28T03:07:47.217Z] [DEBUG] Processing company database: company_9jxwph8g
[2025-06-28T03:07:47.268Z] [DEBUG] Finding reports to execute in company_9jxwph8g (current time: 2025-06-28T03:07:47.267Z)
[2025-06-28T03:07:47.318Z] [INFO] Found 0 reports to execute in company_9jxwph8g
[2025-06-28T03:07:47.319Z] [INFO] Scheduled reports check completed
[2025-06-28T03:07:47.321Z] [DEBUG] MongoDB connection closed
[2025-06-28T03:08:16.389Z] [INFO] Checking for scheduled reports...
[2025-06-28T03:08:16.962Z] [DEBUG] Connected to MongoDB
[2025-06-28T03:08:17.027Z] [INFO] Found 1 company databases
[2025-06-28T03:08:17.027Z] [DEBUG] Processing company database: company_9jxwph8g
[2025-06-28T03:08:17.076Z] [DEBUG] Finding reports to execute in company_9jxwph8g (current time: 2025-06-28T03:08:17.076Z)
[2025-06-28T03:08:17.126Z] [INFO] Found 0 reports to execute in company_9jxwph8g
[2025-06-28T03:08:17.126Z] [INFO] Scheduled reports check completed
[2025-06-28T03:08:17.129Z] [DEBUG] MongoDB connection closed
[2025-06-28T03:08:46.389Z] [INFO] Checking for scheduled reports...
[2025-06-28T03:08:47.038Z] [DEBUG] Connected to MongoDB
[2025-06-28T03:08:47.099Z] [INFO] Found 1 company databases
[2025-06-28T03:08:47.099Z] [DEBUG] Processing company database: company_9jxwph8g
[2025-06-28T03:08:47.149Z] [DEBUG] Finding reports to execute in company_9jxwph8g (current time: 2025-06-28T03:08:47.149Z)
[2025-06-28T03:08:47.199Z] [INFO] Found 0 reports to execute in company_9jxwph8g
[2025-06-28T03:08:47.200Z] [INFO] Scheduled reports check completed
[2025-06-28T03:08:47.202Z] [DEBUG] MongoDB connection closed
[2025-06-28T03:09:16.390Z] [INFO] Checking for scheduled reports...
[2025-06-28T03:09:17.162Z] [DEBUG] Connected to MongoDB
[2025-06-28T03:09:17.223Z] [INFO] Found 1 company databases
[2025-06-28T03:09:17.224Z] [DEBUG] Processing company database: company_9jxwph8g
[2025-06-28T03:09:17.274Z] [DEBUG] Finding reports to execute in company_9jxwph8g (current time: 2025-06-28T03:09:17.274Z)
[2025-06-28T03:09:17.324Z] [INFO] Found 0 reports to execute in company_9jxwph8g
[2025-06-28T03:09:17.324Z] [INFO] Scheduled reports check completed
[2025-06-28T03:09:17.326Z] [DEBUG] MongoDB connection closed
[2025-06-28T03:09:46.391Z] [INFO] Checking for scheduled reports...
[2025-06-28T03:09:47.022Z] [DEBUG] Connected to MongoDB
[2025-06-28T03:09:47.111Z] [INFO] Found 1 company databases
[2025-06-28T03:09:47.112Z] [DEBUG] Processing company database: company_9jxwph8g
[2025-06-28T03:09:47.170Z] [DEBUG] Finding reports to execute in company_9jxwph8g (current time: 2025-06-28T03:09:47.170Z)
[2025-06-28T03:09:47.222Z] [INFO] Found 0 reports to execute in company_9jxwph8g
[2025-06-28T03:09:47.222Z] [INFO] Scheduled reports check completed
[2025-06-28T03:09:47.224Z] [DEBUG] MongoDB connection closed
[2025-06-28T03:10:16.392Z] [INFO] Checking for scheduled reports...
[2025-06-28T03:10:16.975Z] [DEBUG] Connected to MongoDB
[2025-06-28T03:10:17.036Z] [INFO] Found 1 company databases
[2025-06-28T03:10:17.036Z] [DEBUG] Processing company database: company_9jxwph8g
[2025-06-28T03:10:17.087Z] [DEBUG] Finding reports to execute in company_9jxwph8g (current time: 2025-06-28T03:10:17.087Z)
[2025-06-28T03:10:17.136Z] [INFO] Found 0 reports to execute in company_9jxwph8g
[2025-06-28T03:10:17.136Z] [INFO] Scheduled reports check completed
[2025-06-28T03:10:17.138Z] [DEBUG] MongoDB connection closed
[2025-06-28T03:10:46.414Z] [INFO] Checking for scheduled reports...
[2025-06-28T03:10:46.982Z] [DEBUG] Connected to MongoDB
[2025-06-28T03:10:47.044Z] [INFO] Found 1 company databases
[2025-06-28T03:10:47.044Z] [DEBUG] Processing company database: company_9jxwph8g
[2025-06-28T03:10:47.095Z] [DEBUG] Finding reports to execute in company_9jxwph8g (current time: 2025-06-28T03:10:47.095Z)
[2025-06-28T03:10:47.144Z] [INFO] Found 0 reports to execute in company_9jxwph8g
[2025-06-28T03:10:47.144Z] [INFO] Scheduled reports check completed
[2025-06-28T03:10:47.146Z] [DEBUG] MongoDB connection closed
[2025-06-28T03:11:16.419Z] [INFO] Checking for scheduled reports...
[2025-06-28T03:11:17.145Z] [DEBUG] Connected to MongoDB
[2025-06-28T03:11:17.205Z] [INFO] Found 1 company databases
[2025-06-28T03:11:17.206Z] [DEBUG] Processing company database: company_9jxwph8g
[2025-06-28T03:11:17.256Z] [DEBUG] Finding reports to execute in company_9jxwph8g (current time: 2025-06-28T03:11:17.256Z)
[2025-06-28T03:11:17.305Z] [INFO] Found 0 reports to execute in company_9jxwph8g
[2025-06-28T03:11:17.306Z] [INFO] Scheduled reports check completed
[2025-06-28T03:11:17.308Z] [DEBUG] MongoDB connection closed
[2025-06-28T03:11:46.422Z] [INFO] Checking for scheduled reports...
[2025-06-28T03:11:47.214Z] [DEBUG] Connected to MongoDB
[2025-06-28T03:11:47.281Z] [INFO] Found 1 company databases
[2025-06-28T03:11:47.282Z] [DEBUG] Processing company database: company_9jxwph8g
[2025-06-28T03:11:47.337Z] [DEBUG] Finding reports to execute in company_9jxwph8g (current time: 2025-06-28T03:11:47.337Z)
[2025-06-28T03:11:47.410Z] [INFO] Found 0 reports to execute in company_9jxwph8g
[2025-06-28T03:11:47.410Z] [INFO] Scheduled reports check completed
[2025-06-28T03:11:47.413Z] [DEBUG] MongoDB connection closed
[2025-06-28T03:12:16.422Z] [INFO] Checking for scheduled reports...
[2025-06-28T03:12:17.102Z] [DEBUG] Connected to MongoDB
[2025-06-28T03:12:17.162Z] [INFO] Found 1 company databases
[2025-06-28T03:12:17.163Z] [DEBUG] Processing company database: company_9jxwph8g
[2025-06-28T03:12:17.213Z] [DEBUG] Finding reports to execute in company_9jxwph8g (current time: 2025-06-28T03:12:17.213Z)
[2025-06-28T03:12:17.262Z] [INFO] Found 0 reports to execute in company_9jxwph8g
[2025-06-28T03:12:17.262Z] [INFO] Scheduled reports check completed
[2025-06-28T03:12:17.264Z] [DEBUG] MongoDB connection closed
[2025-06-28T03:12:46.424Z] [INFO] Checking for scheduled reports...
[2025-06-28T03:12:47.107Z] [DEBUG] Connected to MongoDB
[2025-06-28T03:12:47.169Z] [INFO] Found 1 company databases
[2025-06-28T03:12:47.169Z] [DEBUG] Processing company database: company_9jxwph8g
[2025-06-28T03:12:47.219Z] [DEBUG] Finding reports to execute in company_9jxwph8g (current time: 2025-06-28T03:12:47.219Z)
[2025-06-28T03:12:47.268Z] [INFO] Found 0 reports to execute in company_9jxwph8g
[2025-06-28T03:12:47.269Z] [INFO] Scheduled reports check completed
[2025-06-28T03:12:47.270Z] [DEBUG] MongoDB connection closed
[2025-06-28T03:13:16.425Z] [INFO] Checking for scheduled reports...
[2025-06-28T03:13:18.099Z] [DEBUG] Connected to MongoDB
[2025-06-28T03:13:18.160Z] [INFO] Found 1 company databases
[2025-06-28T03:13:18.160Z] [DEBUG] Processing company database: company_9jxwph8g
[2025-06-28T03:13:18.209Z] [DEBUG] Finding reports to execute in company_9jxwph8g (current time: 2025-06-28T03:13:18.209Z)
[2025-06-28T03:13:18.258Z] [INFO] Found 0 reports to execute in company_9jxwph8g
[2025-06-28T03:13:18.258Z] [INFO] Scheduled reports check completed
[2025-06-28T03:13:18.260Z] [DEBUG] MongoDB connection closed
[2025-06-28T03:13:46.426Z] [INFO] Checking for scheduled reports...
[2025-06-28T03:13:47.101Z] [DEBUG] Connected to MongoDB
[2025-06-28T03:13:47.161Z] [INFO] Found 1 company databases
[2025-06-28T03:13:47.162Z] [DEBUG] Processing company database: company_9jxwph8g
[2025-06-28T03:13:47.212Z] [DEBUG] Finding reports to execute in company_9jxwph8g (current time: 2025-06-28T03:13:47.212Z)
[2025-06-28T03:13:47.261Z] [INFO] Found 0 reports to execute in company_9jxwph8g
[2025-06-28T03:13:47.261Z] [INFO] Scheduled reports check completed
[2025-06-28T03:13:47.264Z] [DEBUG] MongoDB connection closed
[2025-06-28T03:14:16.427Z] [INFO] Checking for scheduled reports...
[2025-06-28T03:14:18.102Z] [DEBUG] Connected to MongoDB
[2025-06-28T03:14:18.163Z] [INFO] Found 1 company databases
[2025-06-28T03:14:18.163Z] [DEBUG] Processing company database: company_9jxwph8g
[2025-06-28T03:14:18.213Z] [DEBUG] Finding reports to execute in company_9jxwph8g (current time: 2025-06-28T03:14:18.213Z)
[2025-06-28T03:14:18.262Z] [INFO] Found 0 reports to execute in company_9jxwph8g
[2025-06-28T03:14:18.263Z] [INFO] Scheduled reports check completed
[2025-06-28T03:14:18.265Z] [DEBUG] MongoDB connection closed
[2025-06-28T03:14:46.428Z] [INFO] Checking for scheduled reports...
[2025-06-28T03:14:47.209Z] [DEBUG] Connected to MongoDB
[2025-06-28T03:14:47.273Z] [INFO] Found 1 company databases
[2025-06-28T03:14:47.274Z] [DEBUG] Processing company database: company_9jxwph8g
[2025-06-28T03:14:47.327Z] [DEBUG] Finding reports to execute in company_9jxwph8g (current time: 2025-06-28T03:14:47.327Z)
[2025-06-28T03:14:47.380Z] [INFO] Found 0 reports to execute in company_9jxwph8g
[2025-06-28T03:14:47.380Z] [INFO] Scheduled reports check completed
[2025-06-28T03:14:47.382Z] [DEBUG] MongoDB connection closed
[2025-06-28T03:15:16.428Z] [INFO] Checking for scheduled reports...
[2025-06-28T03:15:17.233Z] [DEBUG] Connected to MongoDB
[2025-06-28T03:15:17.297Z] [INFO] Found 1 company databases
[2025-06-28T03:15:17.298Z] [DEBUG] Processing company database: company_9jxwph8g
[2025-06-28T03:15:17.352Z] [DEBUG] Finding reports to execute in company_9jxwph8g (current time: 2025-06-28T03:15:17.352Z)
[2025-06-28T03:15:17.405Z] [INFO] Found 0 reports to execute in company_9jxwph8g
[2025-06-28T03:15:17.406Z] [INFO] Scheduled reports check completed
[2025-06-28T03:15:17.407Z] [DEBUG] MongoDB connection closed
[2025-06-28T03:15:46.428Z] [INFO] Checking for scheduled reports...
[2025-06-28T03:15:47.262Z] [DEBUG] Connected to MongoDB
[2025-06-28T03:15:47.326Z] [INFO] Found 1 company databases
[2025-06-28T03:15:47.327Z] [DEBUG] Processing company database: company_9jxwph8g
[2025-06-28T03:15:47.380Z] [DEBUG] Finding reports to execute in company_9jxwph8g (current time: 2025-06-28T03:15:47.380Z)
[2025-06-28T03:15:47.433Z] [INFO] Found 0 reports to execute in company_9jxwph8g
[2025-06-28T03:15:47.434Z] [INFO] Scheduled reports check completed
[2025-06-28T03:15:47.436Z] [DEBUG] MongoDB connection closed
[2025-06-28T03:16:16.428Z] [INFO] Checking for scheduled reports...
[2025-06-28T03:16:17.156Z] [DEBUG] Connected to MongoDB
[2025-06-28T03:16:17.220Z] [INFO] Found 1 company databases
[2025-06-28T03:16:17.220Z] [DEBUG] Processing company database: company_9jxwph8g
[2025-06-28T03:16:17.274Z] [DEBUG] Finding reports to execute in company_9jxwph8g (current time: 2025-06-28T03:16:17.274Z)
[2025-06-28T03:16:17.328Z] [INFO] Found 0 reports to execute in company_9jxwph8g
[2025-06-28T03:16:17.328Z] [INFO] Scheduled reports check completed
[2025-06-28T03:16:17.330Z] [DEBUG] MongoDB connection closed
[2025-06-28T03:16:46.428Z] [INFO] Checking for scheduled reports...
[2025-06-28T03:16:47.318Z] [DEBUG] Connected to MongoDB
[2025-06-28T03:16:47.382Z] [INFO] Found 1 company databases
[2025-06-28T03:16:47.383Z] [DEBUG] Processing company database: company_9jxwph8g
[2025-06-28T03:16:47.439Z] [DEBUG] Finding reports to execute in company_9jxwph8g (current time: 2025-06-28T03:16:47.439Z)
[2025-06-28T03:16:47.493Z] [INFO] Found 0 reports to execute in company_9jxwph8g
[2025-06-28T03:16:47.493Z] [INFO] Scheduled reports check completed
[2025-06-28T03:16:47.497Z] [DEBUG] MongoDB connection closed
[2025-06-28T03:17:16.429Z] [INFO] Checking for scheduled reports...
[2025-06-28T03:17:17.197Z] [DEBUG] Connected to MongoDB
[2025-06-28T03:17:17.262Z] [INFO] Found 1 company databases
[2025-06-28T03:17:17.262Z] [DEBUG] Processing company database: company_9jxwph8g
[2025-06-28T03:17:17.316Z] [DEBUG] Finding reports to execute in company_9jxwph8g (current time: 2025-06-28T03:17:17.316Z)
[2025-06-28T03:17:17.370Z] [INFO] Found 0 reports to execute in company_9jxwph8g
[2025-06-28T03:17:17.370Z] [INFO] Scheduled reports check completed
[2025-06-28T03:17:17.373Z] [DEBUG] MongoDB connection closed
[2025-06-28T03:17:46.430Z] [INFO] Checking for scheduled reports...
[2025-06-28T03:17:47.224Z] [DEBUG] Connected to MongoDB
[2025-06-28T03:17:47.288Z] [INFO] Found 1 company databases
[2025-06-28T03:17:47.289Z] [DEBUG] Processing company database: company_9jxwph8g
[2025-06-28T03:17:47.343Z] [DEBUG] Finding reports to execute in company_9jxwph8g (current time: 2025-06-28T03:17:47.343Z)
[2025-06-28T03:17:47.396Z] [INFO] Found 0 reports to execute in company_9jxwph8g
[2025-06-28T03:17:47.397Z] [INFO] Scheduled reports check completed
[2025-06-28T03:17:47.399Z] [DEBUG] MongoDB connection closed
[2025-06-28T03:18:16.431Z] [INFO] Checking for scheduled reports...
[2025-06-28T03:18:17.264Z] [DEBUG] Connected to MongoDB
[2025-06-28T03:18:17.330Z] [INFO] Found 1 company databases
[2025-06-28T03:18:17.331Z] [DEBUG] Processing company database: company_9jxwph8g
[2025-06-28T03:18:17.392Z] [DEBUG] Finding reports to execute in company_9jxwph8g (current time: 2025-06-28T03:18:17.392Z)
[2025-06-28T03:18:17.445Z] [INFO] Found 0 reports to execute in company_9jxwph8g
[2025-06-28T03:18:17.446Z] [INFO] Scheduled reports check completed
[2025-06-28T03:18:17.448Z] [DEBUG] MongoDB connection closed
[2025-06-28T03:18:46.431Z] [INFO] Checking for scheduled reports...
[2025-06-28T03:18:47.175Z] [DEBUG] Connected to MongoDB
[2025-06-28T03:18:47.240Z] [INFO] Found 1 company databases
[2025-06-28T03:18:47.241Z] [DEBUG] Processing company database: company_9jxwph8g
[2025-06-28T03:18:47.295Z] [DEBUG] Finding reports to execute in company_9jxwph8g (current time: 2025-06-28T03:18:47.295Z)
[2025-06-28T03:18:47.349Z] [INFO] Found 0 reports to execute in company_9jxwph8g
[2025-06-28T03:18:47.350Z] [INFO] Scheduled reports check completed
[2025-06-28T03:18:47.352Z] [DEBUG] MongoDB connection closed
[2025-06-28T03:19:16.432Z] [INFO] Checking for scheduled reports...
[2025-06-28T03:19:17.262Z] [DEBUG] Connected to MongoDB
[2025-06-28T03:19:17.328Z] [INFO] Found 1 company databases
[2025-06-28T03:19:17.328Z] [DEBUG] Processing company database: company_9jxwph8g
[2025-06-28T03:19:17.383Z] [DEBUG] Finding reports to execute in company_9jxwph8g (current time: 2025-06-28T03:19:17.383Z)
[2025-06-28T03:19:17.438Z] [INFO] Found 0 reports to execute in company_9jxwph8g
[2025-06-28T03:19:17.439Z] [INFO] Scheduled reports check completed
[2025-06-28T03:19:17.441Z] [DEBUG] MongoDB connection closed
[2025-06-28T03:19:46.433Z] [INFO] Checking for scheduled reports...
[2025-06-28T03:19:47.339Z] [DEBUG] Connected to MongoDB
[2025-06-28T03:19:47.404Z] [INFO] Found 1 company databases
[2025-06-28T03:19:47.404Z] [DEBUG] Processing company database: company_9jxwph8g
[2025-06-28T03:19:47.458Z] [DEBUG] Finding reports to execute in company_9jxwph8g (current time: 2025-06-28T03:19:47.458Z)
[2025-06-28T03:19:47.511Z] [INFO] Found 0 reports to execute in company_9jxwph8g
[2025-06-28T03:19:47.511Z] [INFO] Scheduled reports check completed
[2025-06-28T03:19:47.513Z] [DEBUG] MongoDB connection closed
[2025-06-28T03:20:16.434Z] [INFO] Checking for scheduled reports...
[2025-06-28T03:20:17.175Z] [DEBUG] Connected to MongoDB
[2025-06-28T03:20:17.239Z] [INFO] Found 1 company databases
[2025-06-28T03:20:17.240Z] [DEBUG] Processing company database: company_9jxwph8g
[2025-06-28T03:20:17.293Z] [DEBUG] Finding reports to execute in company_9jxwph8g (current time: 2025-06-28T03:20:17.293Z)
[2025-06-28T03:20:17.346Z] [INFO] Found 0 reports to execute in company_9jxwph8g
[2025-06-28T03:20:17.347Z] [INFO] Scheduled reports check completed
[2025-06-28T03:20:17.349Z] [DEBUG] MongoDB connection closed
[2025-06-28T03:20:46.435Z] [INFO] Checking for scheduled reports...
[2025-06-28T03:20:47.187Z] [DEBUG] Connected to MongoDB
[2025-06-28T03:20:47.250Z] [INFO] Found 1 company databases
[2025-06-28T03:20:47.251Z] [DEBUG] Processing company database: company_9jxwph8g
[2025-06-28T03:20:47.305Z] [DEBUG] Finding reports to execute in company_9jxwph8g (current time: 2025-06-28T03:20:47.305Z)
[2025-06-28T03:20:47.359Z] [INFO] Found 0 reports to execute in company_9jxwph8g
[2025-06-28T03:20:47.362Z] [INFO] Scheduled reports check completed
[2025-06-28T03:20:47.364Z] [DEBUG] MongoDB connection closed
[2025-06-28T03:21:16.436Z] [INFO] Checking for scheduled reports...
[2025-06-28T03:21:17.321Z] [DEBUG] Connected to MongoDB
[2025-06-28T03:21:17.386Z] [INFO] Found 1 company databases
[2025-06-28T03:21:17.386Z] [DEBUG] Processing company database: company_9jxwph8g
[2025-06-28T03:21:17.440Z] [DEBUG] Finding reports to execute in company_9jxwph8g (current time: 2025-06-28T03:21:17.440Z)
[2025-06-28T03:21:17.493Z] [INFO] Found 0 reports to execute in company_9jxwph8g
[2025-06-28T03:21:17.494Z] [INFO] Scheduled reports check completed
[2025-06-28T03:21:17.496Z] [DEBUG] MongoDB connection closed
[2025-06-28T03:21:46.438Z] [INFO] Checking for scheduled reports...
[2025-06-28T03:21:47.207Z] [DEBUG] Connected to MongoDB
[2025-06-28T03:21:47.271Z] [INFO] Found 1 company databases
[2025-06-28T03:21:47.271Z] [DEBUG] Processing company database: company_9jxwph8g
[2025-06-28T03:21:47.328Z] [DEBUG] Finding reports to execute in company_9jxwph8g (current time: 2025-06-28T03:21:47.328Z)
[2025-06-28T03:21:47.382Z] [INFO] Found 0 reports to execute in company_9jxwph8g
[2025-06-28T03:21:47.383Z] [INFO] Scheduled reports check completed
[2025-06-28T03:21:47.385Z] [DEBUG] MongoDB connection closed
[2025-06-28T03:22:16.439Z] [INFO] Checking for scheduled reports...
[2025-06-28T03:22:17.242Z] [DEBUG] Connected to MongoDB
[2025-06-28T03:22:17.306Z] [INFO] Found 1 company databases
[2025-06-28T03:22:17.307Z] [DEBUG] Processing company database: company_9jxwph8g
[2025-06-28T03:22:17.360Z] [DEBUG] Finding reports to execute in company_9jxwph8g (current time: 2025-06-28T03:22:17.360Z)
[2025-06-28T03:22:17.414Z] [INFO] Found 0 reports to execute in company_9jxwph8g
[2025-06-28T03:22:17.414Z] [INFO] Scheduled reports check completed
[2025-06-28T03:22:17.416Z] [DEBUG] MongoDB connection closed
[2025-06-28T03:22:46.440Z] [INFO] Checking for scheduled reports...
[2025-06-28T03:22:47.323Z] [DEBUG] Connected to MongoDB
[2025-06-28T03:22:47.388Z] [INFO] Found 1 company databases
[2025-06-28T03:22:47.388Z] [DEBUG] Processing company database: company_9jxwph8g
[2025-06-28T03:22:47.442Z] [DEBUG] Finding reports to execute in company_9jxwph8g (current time: 2025-06-28T03:22:47.442Z)
[2025-06-28T03:22:47.496Z] [INFO] Found 0 reports to execute in company_9jxwph8g
[2025-06-28T03:22:47.496Z] [INFO] Scheduled reports check completed
[2025-06-28T03:22:47.499Z] [DEBUG] MongoDB connection closed
[2025-06-28T03:23:16.440Z] [INFO] Checking for scheduled reports...
[2025-06-28T03:23:17.303Z] [DEBUG] Connected to MongoDB
[2025-06-28T03:23:17.367Z] [INFO] Found 1 company databases
[2025-06-28T03:23:17.367Z] [DEBUG] Processing company database: company_9jxwph8g
[2025-06-28T03:23:17.421Z] [DEBUG] Finding reports to execute in company_9jxwph8g (current time: 2025-06-28T03:23:17.421Z)
[2025-06-28T03:23:17.475Z] [INFO] Found 0 reports to execute in company_9jxwph8g
[2025-06-28T03:23:17.475Z] [INFO] Scheduled reports check completed
[2025-06-28T03:23:17.477Z] [DEBUG] MongoDB connection closed
[2025-06-28T03:23:46.440Z] [INFO] Checking for scheduled reports...
[2025-06-28T03:23:47.171Z] [DEBUG] Connected to MongoDB
[2025-06-28T03:23:47.236Z] [INFO] Found 1 company databases
[2025-06-28T03:23:47.237Z] [DEBUG] Processing company database: company_9jxwph8g
[2025-06-28T03:23:47.291Z] [DEBUG] Finding reports to execute in company_9jxwph8g (current time: 2025-06-28T03:23:47.291Z)
[2025-06-28T03:23:47.344Z] [INFO] Found 0 reports to execute in company_9jxwph8g
[2025-06-28T03:23:47.344Z] [INFO] Scheduled reports check completed
[2025-06-28T03:23:47.346Z] [DEBUG] MongoDB connection closed
[2025-06-28T03:24:16.441Z] [INFO] Checking for scheduled reports...
[2025-06-28T03:24:17.393Z] [DEBUG] Connected to MongoDB
[2025-06-28T03:24:17.458Z] [INFO] Found 1 company databases
[2025-06-28T03:24:17.458Z] [DEBUG] Processing company database: company_9jxwph8g
[2025-06-28T03:24:17.513Z] [DEBUG] Finding reports to execute in company_9jxwph8g (current time: 2025-06-28T03:24:17.513Z)
[2025-06-28T03:24:17.574Z] [INFO] Found 0 reports to execute in company_9jxwph8g
[2025-06-28T03:24:17.574Z] [INFO] Scheduled reports check completed
[2025-06-28T03:24:17.576Z] [DEBUG] MongoDB connection closed
[2025-06-28T03:24:46.441Z] [INFO] Checking for scheduled reports...
[2025-06-28T03:24:47.170Z] [DEBUG] Connected to MongoDB
[2025-06-28T03:24:47.230Z] [INFO] Found 1 company databases
[2025-06-28T03:24:47.231Z] [DEBUG] Processing company database: company_9jxwph8g
[2025-06-28T03:24:47.286Z] [DEBUG] Finding reports to execute in company_9jxwph8g (current time: 2025-06-28T03:24:47.286Z)
[2025-06-28T03:24:47.335Z] [INFO] Found 0 reports to execute in company_9jxwph8g
[2025-06-28T03:24:47.337Z] [INFO] Scheduled reports check completed
[2025-06-28T03:24:47.338Z] [DEBUG] MongoDB connection closed
[2025-06-28T03:25:16.443Z] [INFO] Checking for scheduled reports...
[2025-06-28T03:25:17.111Z] [DEBUG] Connected to MongoDB
[2025-06-28T03:25:17.171Z] [INFO] Found 1 company databases
[2025-06-28T03:25:17.172Z] [DEBUG] Processing company database: company_9jxwph8g
[2025-06-28T03:25:17.224Z] [DEBUG] Finding reports to execute in company_9jxwph8g (current time: 2025-06-28T03:25:17.224Z)
[2025-06-28T03:25:17.273Z] [INFO] Found 0 reports to execute in company_9jxwph8g
[2025-06-28T03:25:17.274Z] [INFO] Scheduled reports check completed
[2025-06-28T03:25:17.276Z] [DEBUG] MongoDB connection closed
[2025-06-28T03:25:46.445Z] [INFO] Checking for scheduled reports...
[2025-06-28T03:25:47.088Z] [DEBUG] Connected to MongoDB
[2025-06-28T03:25:47.149Z] [INFO] Found 1 company databases
[2025-06-28T03:25:47.149Z] [DEBUG] Processing company database: company_9jxwph8g
[2025-06-28T03:25:47.199Z] [DEBUG] Finding reports to execute in company_9jxwph8g (current time: 2025-06-28T03:25:47.199Z)
[2025-06-28T03:25:47.247Z] [INFO] Found 0 reports to execute in company_9jxwph8g
[2025-06-28T03:25:47.248Z] [INFO] Scheduled reports check completed
[2025-06-28T03:25:47.249Z] [DEBUG] MongoDB connection closed
[2025-06-28T03:26:16.446Z] [INFO] Checking for scheduled reports...
[2025-06-28T03:26:17.089Z] [DEBUG] Connected to MongoDB
[2025-06-28T03:26:17.149Z] [INFO] Found 1 company databases
[2025-06-28T03:26:17.150Z] [DEBUG] Processing company database: company_9jxwph8g
[2025-06-28T03:26:17.200Z] [DEBUG] Finding reports to execute in company_9jxwph8g (current time: 2025-06-28T03:26:17.200Z)
[2025-06-28T03:26:17.249Z] [INFO] Found 0 reports to execute in company_9jxwph8g
[2025-06-28T03:26:17.249Z] [INFO] Scheduled reports check completed
[2025-06-28T03:26:17.251Z] [DEBUG] MongoDB connection closed
[2025-06-28T03:26:46.446Z] [INFO] Checking for scheduled reports...
[2025-06-28T03:26:47.127Z] [DEBUG] Connected to MongoDB
[2025-06-28T03:26:47.188Z] [INFO] Found 1 company databases
[2025-06-28T03:26:47.189Z] [DEBUG] Processing company database: company_9jxwph8g
[2025-06-28T03:26:47.239Z] [DEBUG] Finding reports to execute in company_9jxwph8g (current time: 2025-06-28T03:26:47.239Z)
[2025-06-28T03:26:47.287Z] [INFO] Found 0 reports to execute in company_9jxwph8g
[2025-06-28T03:26:47.288Z] [INFO] Scheduled reports check completed
[2025-06-28T03:26:47.290Z] [DEBUG] MongoDB connection closed
[2025-06-28T03:27:16.447Z] [INFO] Checking for scheduled reports...
[2025-06-28T03:27:17.177Z] [DEBUG] Connected to MongoDB
[2025-06-28T03:27:17.237Z] [INFO] Found 1 company databases
[2025-06-28T03:27:17.238Z] [DEBUG] Processing company database: company_9jxwph8g
[2025-06-28T03:27:17.287Z] [DEBUG] Finding reports to execute in company_9jxwph8g (current time: 2025-06-28T03:27:17.287Z)
[2025-06-28T03:27:17.340Z] [INFO] Found 0 reports to execute in company_9jxwph8g
[2025-06-28T03:27:17.340Z] [INFO] Scheduled reports check completed
[2025-06-28T03:27:17.343Z] [DEBUG] MongoDB connection closed
[2025-06-28T03:27:46.449Z] [INFO] Checking for scheduled reports...
[2025-06-28T03:27:47.029Z] [DEBUG] Connected to MongoDB
[2025-06-28T03:27:47.090Z] [INFO] Found 1 company databases
[2025-06-28T03:27:47.090Z] [DEBUG] Processing company database: company_9jxwph8g
[2025-06-28T03:27:47.140Z] [DEBUG] Finding reports to execute in company_9jxwph8g (current time: 2025-06-28T03:27:47.140Z)
[2025-06-28T03:27:47.190Z] [INFO] Found 0 reports to execute in company_9jxwph8g
[2025-06-28T03:27:47.191Z] [INFO] Scheduled reports check completed
[2025-06-28T03:27:47.193Z] [DEBUG] MongoDB connection closed
[2025-06-28T03:28:16.449Z] [INFO] Checking for scheduled reports...
[2025-06-28T03:28:17.223Z] [DEBUG] Connected to MongoDB
[2025-06-28T03:28:17.283Z] [INFO] Found 1 company databases
[2025-06-28T03:28:17.283Z] [DEBUG] Processing company database: company_9jxwph8g
[2025-06-28T03:28:17.333Z] [DEBUG] Finding reports to execute in company_9jxwph8g (current time: 2025-06-28T03:28:17.333Z)
[2025-06-28T03:28:17.382Z] [INFO] Found 0 reports to execute in company_9jxwph8g
[2025-06-28T03:28:17.383Z] [INFO] Scheduled reports check completed
[2025-06-28T03:28:17.385Z] [DEBUG] MongoDB connection closed
[2025-06-28T03:28:46.451Z] [INFO] Checking for scheduled reports...
[2025-06-28T03:28:47.137Z] [DEBUG] Connected to MongoDB
[2025-06-28T03:28:47.201Z] [INFO] Found 1 company databases
[2025-06-28T03:28:47.202Z] [DEBUG] Processing company database: company_9jxwph8g
[2025-06-28T03:28:47.255Z] [DEBUG] Finding reports to execute in company_9jxwph8g (current time: 2025-06-28T03:28:47.255Z)
[2025-06-28T03:28:47.310Z] [INFO] Found 0 reports to execute in company_9jxwph8g
[2025-06-28T03:28:47.310Z] [INFO] Scheduled reports check completed
[2025-06-28T03:28:47.313Z] [DEBUG] MongoDB connection closed
[2025-06-28T03:29:16.452Z] [INFO] Checking for scheduled reports...
[2025-06-28T03:29:17.141Z] [DEBUG] Connected to MongoDB
[2025-06-28T03:29:17.206Z] [INFO] Found 1 company databases
[2025-06-28T03:29:17.206Z] [DEBUG] Processing company database: company_9jxwph8g
[2025-06-28T03:29:17.263Z] [DEBUG] Finding reports to execute in company_9jxwph8g (current time: 2025-06-28T03:29:17.263Z)
[2025-06-28T03:29:17.316Z] [INFO] Found 0 reports to execute in company_9jxwph8g
[2025-06-28T03:29:17.316Z] [INFO] Scheduled reports check completed
[2025-06-28T03:29:17.319Z] [DEBUG] MongoDB connection closed
[2025-06-28T03:29:46.453Z] [INFO] Checking for scheduled reports...
[2025-06-28T03:29:47.180Z] [DEBUG] Connected to MongoDB
[2025-06-28T03:29:47.245Z] [INFO] Found 1 company databases
[2025-06-28T03:29:47.245Z] [DEBUG] Processing company database: company_9jxwph8g
[2025-06-28T03:29:47.299Z] [DEBUG] Finding reports to execute in company_9jxwph8g (current time: 2025-06-28T03:29:47.299Z)
[2025-06-28T03:29:47.352Z] [INFO] Found 0 reports to execute in company_9jxwph8g
[2025-06-28T03:29:47.353Z] [INFO] Scheduled reports check completed
[2025-06-28T03:29:47.355Z] [DEBUG] MongoDB connection closed
[2025-06-28T03:30:16.453Z] [INFO] Checking for scheduled reports...
[2025-06-28T03:30:17.221Z] [DEBUG] Connected to MongoDB
[2025-06-28T03:30:17.285Z] [INFO] Found 1 company databases
[2025-06-28T03:30:17.286Z] [DEBUG] Processing company database: company_9jxwph8g
[2025-06-28T03:30:17.339Z] [DEBUG] Finding reports to execute in company_9jxwph8g (current time: 2025-06-28T03:30:17.339Z)
[2025-06-28T03:30:17.394Z] [INFO] Found 0 reports to execute in company_9jxwph8g
[2025-06-28T03:30:17.394Z] [INFO] Scheduled reports check completed
[2025-06-28T03:30:17.397Z] [DEBUG] MongoDB connection closed
[2025-06-28T03:30:46.455Z] [INFO] Checking for scheduled reports...
[2025-06-28T03:30:47.073Z] [DEBUG] Connected to MongoDB
[2025-06-28T03:30:47.137Z] [INFO] Found 1 company databases
[2025-06-28T03:30:47.138Z] [DEBUG] Processing company database: company_9jxwph8g
[2025-06-28T03:30:47.191Z] [DEBUG] Finding reports to execute in company_9jxwph8g (current time: 2025-06-28T03:30:47.191Z)
[2025-06-28T03:30:47.246Z] [INFO] Found 0 reports to execute in company_9jxwph8g
[2025-06-28T03:30:47.247Z] [INFO] Scheduled reports check completed
[2025-06-28T03:30:47.249Z] [DEBUG] MongoDB connection closed
[2025-06-28T03:31:16.457Z] [INFO] Checking for scheduled reports...
[2025-06-28T03:31:17.151Z] [DEBUG] Connected to MongoDB
[2025-06-28T03:31:17.215Z] [INFO] Found 1 company databases
[2025-06-28T03:31:17.216Z] [DEBUG] Processing company database: company_9jxwph8g
[2025-06-28T03:31:17.270Z] [DEBUG] Finding reports to execute in company_9jxwph8g (current time: 2025-06-28T03:31:17.270Z)
[2025-06-28T03:31:17.323Z] [INFO] Found 0 reports to execute in company_9jxwph8g
[2025-06-28T03:31:17.323Z] [INFO] Scheduled reports check completed
[2025-06-28T03:31:17.325Z] [DEBUG] MongoDB connection closed
[2025-06-28T03:31:46.458Z] [INFO] Checking for scheduled reports...
[2025-06-28T03:31:47.143Z] [DEBUG] Connected to MongoDB
[2025-06-28T03:31:47.207Z] [INFO] Found 1 company databases
[2025-06-28T03:31:47.208Z] [DEBUG] Processing company database: company_9jxwph8g
[2025-06-28T03:31:47.262Z] [DEBUG] Finding reports to execute in company_9jxwph8g (current time: 2025-06-28T03:31:47.262Z)
[2025-06-28T03:31:47.315Z] [INFO] Found 0 reports to execute in company_9jxwph8g
[2025-06-28T03:31:47.316Z] [INFO] Scheduled reports check completed
[2025-06-28T03:31:47.318Z] [DEBUG] MongoDB connection closed
[2025-06-28T03:32:16.460Z] [INFO] Checking for scheduled reports...
[2025-06-28T03:32:17.150Z] [DEBUG] Connected to MongoDB
[2025-06-28T03:32:17.215Z] [INFO] Found 1 company databases
[2025-06-28T03:32:17.216Z] [DEBUG] Processing company database: company_9jxwph8g
[2025-06-28T03:32:17.269Z] [DEBUG] Finding reports to execute in company_9jxwph8g (current time: 2025-06-28T03:32:17.269Z)
[2025-06-28T03:32:17.322Z] [INFO] Found 0 reports to execute in company_9jxwph8g
[2025-06-28T03:32:17.323Z] [INFO] Scheduled reports check completed
[2025-06-28T03:32:17.325Z] [DEBUG] MongoDB connection closed
[2025-06-28T03:32:46.462Z] [INFO] Checking for scheduled reports...
[2025-06-28T03:32:47.280Z] [DEBUG] Connected to MongoDB
[2025-06-28T03:32:47.420Z] [INFO] Found 1 company databases
[2025-06-28T03:32:47.421Z] [DEBUG] Processing company database: company_9jxwph8g
[2025-06-28T03:32:47.491Z] [DEBUG] Finding reports to execute in company_9jxwph8g (current time: 2025-06-28T03:32:47.491Z)
[2025-06-28T03:32:47.556Z] [INFO] Found 0 reports to execute in company_9jxwph8g
[2025-06-28T03:32:47.557Z] [INFO] Scheduled reports check completed
[2025-06-28T03:32:47.559Z] [DEBUG] MongoDB connection closed
[2025-06-28T03:33:16.464Z] [INFO] Checking for scheduled reports...
[2025-06-28T03:33:17.227Z] [DEBUG] Connected to MongoDB
[2025-06-28T03:33:17.291Z] [INFO] Found 1 company databases
[2025-06-28T03:33:17.292Z] [DEBUG] Processing company database: company_9jxwph8g
[2025-06-28T03:33:17.345Z] [DEBUG] Finding reports to execute in company_9jxwph8g (current time: 2025-06-28T03:33:17.345Z)
[2025-06-28T03:33:17.400Z] [INFO] Found 0 reports to execute in company_9jxwph8g
[2025-06-28T03:33:17.400Z] [INFO] Scheduled reports check completed
[2025-06-28T03:33:17.402Z] [DEBUG] MongoDB connection closed
[2025-06-28T03:33:46.464Z] [INFO] Checking for scheduled reports...
[2025-06-28T03:33:47.071Z] [DEBUG] Connected to MongoDB
[2025-06-28T03:33:47.136Z] [INFO] Found 1 company databases
[2025-06-28T03:33:47.137Z] [DEBUG] Processing company database: company_9jxwph8g
[2025-06-28T03:33:47.190Z] [DEBUG] Finding reports to execute in company_9jxwph8g (current time: 2025-06-28T03:33:47.190Z)
[2025-06-28T03:33:47.244Z] [INFO] Found 0 reports to execute in company_9jxwph8g
[2025-06-28T03:33:47.244Z] [INFO] Scheduled reports check completed
[2025-06-28T03:33:47.247Z] [DEBUG] MongoDB connection closed
[2025-06-28T03:34:16.466Z] [INFO] Checking for scheduled reports...
[2025-06-28T03:34:17.157Z] [DEBUG] Connected to MongoDB
[2025-06-28T03:34:17.222Z] [INFO] Found 1 company databases
[2025-06-28T03:34:17.222Z] [DEBUG] Processing company database: company_9jxwph8g
[2025-06-28T03:34:17.291Z] [DEBUG] Finding reports to execute in company_9jxwph8g (current time: 2025-06-28T03:34:17.291Z)
[2025-06-28T03:34:17.345Z] [INFO] Found 0 reports to execute in company_9jxwph8g
[2025-06-28T03:34:17.346Z] [INFO] Scheduled reports check completed
[2025-06-28T03:34:17.349Z] [DEBUG] MongoDB connection closed
[2025-06-28T03:34:46.474Z] [INFO] Checking for scheduled reports...
[2025-06-28T03:34:47.197Z] [DEBUG] Connected to MongoDB
[2025-06-28T03:34:47.262Z] [INFO] Found 1 company databases
[2025-06-28T03:34:47.263Z] [DEBUG] Processing company database: company_9jxwph8g
[2025-06-28T03:34:47.316Z] [DEBUG] Finding reports to execute in company_9jxwph8g (current time: 2025-06-28T03:34:47.316Z)
[2025-06-28T03:34:47.368Z] [INFO] Found 0 reports to execute in company_9jxwph8g
[2025-06-28T03:34:47.369Z] [INFO] Scheduled reports check completed
[2025-06-28T03:34:47.370Z] [DEBUG] MongoDB connection closed
[2025-06-28T03:35:16.477Z] [INFO] Checking for scheduled reports...
[2025-06-28T03:35:17.385Z] [DEBUG] Connected to MongoDB
[2025-06-28T03:35:17.449Z] [INFO] Found 1 company databases
[2025-06-28T03:35:17.449Z] [DEBUG] Processing company database: company_9jxwph8g
[2025-06-28T03:35:17.502Z] [DEBUG] Finding reports to execute in company_9jxwph8g (current time: 2025-06-28T03:35:17.502Z)
[2025-06-28T03:35:17.555Z] [INFO] Found 0 reports to execute in company_9jxwph8g
[2025-06-28T03:35:17.556Z] [INFO] Scheduled reports check completed
[2025-06-28T03:35:17.558Z] [DEBUG] MongoDB connection closed
[2025-06-28T03:35:46.477Z] [INFO] Checking for scheduled reports...
[2025-06-28T03:35:47.086Z] [DEBUG] Connected to MongoDB
[2025-06-28T03:35:47.150Z] [INFO] Found 1 company databases
[2025-06-28T03:35:47.151Z] [DEBUG] Processing company database: company_9jxwph8g
[2025-06-28T03:35:47.205Z] [DEBUG] Finding reports to execute in company_9jxwph8g (current time: 2025-06-28T03:35:47.205Z)
[2025-06-28T03:35:47.258Z] [INFO] Found 0 reports to execute in company_9jxwph8g
[2025-06-28T03:35:47.259Z] [INFO] Scheduled reports check completed
[2025-06-28T03:35:47.261Z] [DEBUG] MongoDB connection closed
[2025-06-28T03:36:16.479Z] [INFO] Checking for scheduled reports...
[2025-06-28T03:36:17.248Z] [DEBUG] Connected to MongoDB
[2025-06-28T03:36:17.313Z] [INFO] Found 1 company databases
[2025-06-28T03:36:17.314Z] [DEBUG] Processing company database: company_9jxwph8g
[2025-06-28T03:36:17.368Z] [DEBUG] Finding reports to execute in company_9jxwph8g (current time: 2025-06-28T03:36:17.368Z)
[2025-06-28T03:36:17.421Z] [INFO] Found 0 reports to execute in company_9jxwph8g
[2025-06-28T03:36:17.422Z] [INFO] Scheduled reports check completed
[2025-06-28T03:36:17.424Z] [DEBUG] MongoDB connection closed
[2025-06-28T03:36:46.480Z] [INFO] Checking for scheduled reports...
[2025-06-28T03:36:47.081Z] [DEBUG] Connected to MongoDB
[2025-06-28T03:36:47.145Z] [INFO] Found 1 company databases
[2025-06-28T03:36:47.146Z] [DEBUG] Processing company database: company_9jxwph8g
[2025-06-28T03:36:47.199Z] [DEBUG] Finding reports to execute in company_9jxwph8g (current time: 2025-06-28T03:36:47.199Z)
[2025-06-28T03:36:47.251Z] [INFO] Found 0 reports to execute in company_9jxwph8g
[2025-06-28T03:36:47.251Z] [INFO] Scheduled reports check completed
[2025-06-28T03:36:47.253Z] [DEBUG] MongoDB connection closed
[2025-06-28T03:37:16.481Z] [INFO] Checking for scheduled reports...
[2025-06-28T03:37:17.110Z] [DEBUG] Connected to MongoDB
[2025-06-28T03:37:17.173Z] [INFO] Found 1 company databases
[2025-06-28T03:37:17.174Z] [DEBUG] Processing company database: company_9jxwph8g
[2025-06-28T03:37:17.226Z] [DEBUG] Finding reports to execute in company_9jxwph8g (current time: 2025-06-28T03:37:17.226Z)
[2025-06-28T03:37:17.278Z] [INFO] Found 0 reports to execute in company_9jxwph8g
[2025-06-28T03:37:17.278Z] [INFO] Scheduled reports check completed
[2025-06-28T03:37:17.279Z] [DEBUG] MongoDB connection closed
[2025-06-28T03:37:46.483Z] [INFO] Checking for scheduled reports...
[2025-06-28T03:37:47.150Z] [DEBUG] Connected to MongoDB
[2025-06-28T03:37:47.215Z] [INFO] Found 1 company databases
[2025-06-28T03:37:47.216Z] [DEBUG] Processing company database: company_9jxwph8g
[2025-06-28T03:37:47.279Z] [DEBUG] Finding reports to execute in company_9jxwph8g (current time: 2025-06-28T03:37:47.279Z)
[2025-06-28T03:37:47.332Z] [INFO] Found 0 reports to execute in company_9jxwph8g
[2025-06-28T03:37:47.333Z] [INFO] Scheduled reports check completed
[2025-06-28T03:37:47.335Z] [DEBUG] MongoDB connection closed
[2025-06-28T03:38:16.485Z] [INFO] Checking for scheduled reports...
[2025-06-28T03:38:17.203Z] [DEBUG] Connected to MongoDB
[2025-06-28T03:38:17.268Z] [INFO] Found 1 company databases
[2025-06-28T03:38:17.268Z] [DEBUG] Processing company database: company_9jxwph8g
[2025-06-28T03:38:17.323Z] [DEBUG] Finding reports to execute in company_9jxwph8g (current time: 2025-06-28T03:38:17.323Z)
[2025-06-28T03:38:17.377Z] [INFO] Found 0 reports to execute in company_9jxwph8g
[2025-06-28T03:38:17.377Z] [INFO] Scheduled reports check completed
[2025-06-28T03:38:17.380Z] [DEBUG] MongoDB connection closed
[2025-06-28T03:38:46.488Z] [INFO] Checking for scheduled reports...
[2025-06-28T03:38:47.117Z] [DEBUG] Connected to MongoDB
[2025-06-28T03:38:47.183Z] [INFO] Found 1 company databases
[2025-06-28T03:38:47.183Z] [DEBUG] Processing company database: company_9jxwph8g
[2025-06-28T03:38:47.238Z] [DEBUG] Finding reports to execute in company_9jxwph8g (current time: 2025-06-28T03:38:47.238Z)
[2025-06-28T03:38:47.293Z] [INFO] Found 0 reports to execute in company_9jxwph8g
[2025-06-28T03:38:47.293Z] [INFO] Scheduled reports check completed
[2025-06-28T03:38:47.296Z] [DEBUG] MongoDB connection closed
[2025-06-28T03:39:16.489Z] [INFO] Checking for scheduled reports...
[2025-06-28T03:39:17.297Z] [DEBUG] Connected to MongoDB
[2025-06-28T03:39:17.361Z] [INFO] Found 1 company databases
[2025-06-28T03:39:17.361Z] [DEBUG] Processing company database: company_9jxwph8g
[2025-06-28T03:39:17.415Z] [DEBUG] Finding reports to execute in company_9jxwph8g (current time: 2025-06-28T03:39:17.415Z)
[2025-06-28T03:39:17.471Z] [INFO] Found 0 reports to execute in company_9jxwph8g
[2025-06-28T03:39:17.472Z] [INFO] Scheduled reports check completed
[2025-06-28T03:39:17.474Z] [DEBUG] MongoDB connection closed
[2025-06-28T03:39:46.489Z] [INFO] Checking for scheduled reports...
[2025-06-28T03:39:47.115Z] [DEBUG] Connected to MongoDB
[2025-06-28T03:39:47.180Z] [INFO] Found 1 company databases
[2025-06-28T03:39:47.181Z] [DEBUG] Processing company database: company_9jxwph8g
[2025-06-28T03:39:47.235Z] [DEBUG] Finding reports to execute in company_9jxwph8g (current time: 2025-06-28T03:39:47.235Z)
[2025-06-28T03:39:47.288Z] [INFO] Found 0 reports to execute in company_9jxwph8g
[2025-06-28T03:39:47.289Z] [INFO] Scheduled reports check completed
[2025-06-28T03:39:47.291Z] [DEBUG] MongoDB connection closed
[2025-06-28T03:40:16.491Z] [INFO] Checking for scheduled reports...
[2025-06-28T03:40:17.180Z] [DEBUG] Connected to MongoDB
[2025-06-28T03:40:17.244Z] [INFO] Found 1 company databases
[2025-06-28T03:40:17.245Z] [DEBUG] Processing company database: company_9jxwph8g
[2025-06-28T03:40:17.299Z] [DEBUG] Finding reports to execute in company_9jxwph8g (current time: 2025-06-28T03:40:17.299Z)
[2025-06-28T03:40:17.352Z] [INFO] Found 0 reports to execute in company_9jxwph8g
[2025-06-28T03:40:17.353Z] [INFO] Scheduled reports check completed
[2025-06-28T03:40:17.355Z] [DEBUG] MongoDB connection closed
[2025-06-28T03:40:46.492Z] [INFO] Checking for scheduled reports...
[2025-06-28T03:40:47.178Z] [DEBUG] Connected to MongoDB
[2025-06-28T03:40:47.242Z] [INFO] Found 1 company databases
[2025-06-28T03:40:47.243Z] [DEBUG] Processing company database: company_9jxwph8g
[2025-06-28T03:40:47.297Z] [DEBUG] Finding reports to execute in company_9jxwph8g (current time: 2025-06-28T03:40:47.297Z)
[2025-06-28T03:40:47.350Z] [INFO] Found 0 reports to execute in company_9jxwph8g
[2025-06-28T03:40:47.351Z] [INFO] Scheduled reports check completed
[2025-06-28T03:40:47.352Z] [DEBUG] MongoDB connection closed
[2025-06-28T03:41:16.492Z] [INFO] Checking for scheduled reports...
[2025-06-28T03:41:17.180Z] [DEBUG] Connected to MongoDB
[2025-06-28T03:41:17.246Z] [INFO] Found 1 company databases
[2025-06-28T03:41:17.246Z] [DEBUG] Processing company database: company_9jxwph8g
[2025-06-28T03:41:17.300Z] [DEBUG] Finding reports to execute in company_9jxwph8g (current time: 2025-06-28T03:41:17.300Z)
[2025-06-28T03:41:17.353Z] [INFO] Found 0 reports to execute in company_9jxwph8g
[2025-06-28T03:41:17.354Z] [INFO] Scheduled reports check completed
[2025-06-28T03:41:17.356Z] [DEBUG] MongoDB connection closed
[2025-06-28T03:41:46.493Z] [INFO] Checking for scheduled reports...
[2025-06-28T03:41:47.119Z] [DEBUG] Connected to MongoDB
[2025-06-28T03:41:47.184Z] [INFO] Found 1 company databases
[2025-06-28T03:41:47.185Z] [DEBUG] Processing company database: company_9jxwph8g
[2025-06-28T03:41:47.241Z] [DEBUG] Finding reports to execute in company_9jxwph8g (current time: 2025-06-28T03:41:47.241Z)
[2025-06-28T03:41:47.313Z] [INFO] Found 0 reports to execute in company_9jxwph8g
[2025-06-28T03:41:47.313Z] [INFO] Scheduled reports check completed
[2025-06-28T03:41:47.316Z] [DEBUG] MongoDB connection closed
[2025-06-28T03:42:16.494Z] [INFO] Checking for scheduled reports...
[2025-06-28T03:42:17.265Z] [DEBUG] Connected to MongoDB
[2025-06-28T03:42:17.331Z] [INFO] Found 1 company databases
[2025-06-28T03:42:17.331Z] [DEBUG] Processing company database: company_9jxwph8g
[2025-06-28T03:42:17.385Z] [DEBUG] Finding reports to execute in company_9jxwph8g (current time: 2025-06-28T03:42:17.385Z)
[2025-06-28T03:42:17.438Z] [INFO] Found 0 reports to execute in company_9jxwph8g
[2025-06-28T03:42:17.439Z] [INFO] Scheduled reports check completed
[2025-06-28T03:42:17.441Z] [DEBUG] MongoDB connection closed
[2025-06-28T03:42:46.495Z] [INFO] Checking for scheduled reports...
[2025-06-28T03:42:47.121Z] [DEBUG] Connected to MongoDB
[2025-06-28T03:42:47.185Z] [INFO] Found 1 company databases
[2025-06-28T03:42:47.187Z] [DEBUG] Processing company database: company_9jxwph8g
[2025-06-28T03:42:47.241Z] [DEBUG] Finding reports to execute in company_9jxwph8g (current time: 2025-06-28T03:42:47.241Z)
[2025-06-28T03:42:47.295Z] [INFO] Found 0 reports to execute in company_9jxwph8g
[2025-06-28T03:42:47.295Z] [INFO] Scheduled reports check completed
[2025-06-28T03:42:47.298Z] [DEBUG] MongoDB connection closed
[2025-06-28T03:43:16.496Z] [INFO] Checking for scheduled reports...
[2025-06-28T03:43:17.195Z] [DEBUG] Connected to MongoDB
[2025-06-28T03:43:17.260Z] [INFO] Found 1 company databases
[2025-06-28T03:43:17.260Z] [DEBUG] Processing company database: company_9jxwph8g
[2025-06-28T03:43:17.313Z] [DEBUG] Finding reports to execute in company_9jxwph8g (current time: 2025-06-28T03:43:17.313Z)
[2025-06-28T03:43:17.366Z] [INFO] Found 0 reports to execute in company_9jxwph8g
[2025-06-28T03:43:17.367Z] [INFO] Scheduled reports check completed
[2025-06-28T03:43:17.368Z] [DEBUG] MongoDB connection closed
[2025-06-28T03:43:46.497Z] [INFO] Checking for scheduled reports...
[2025-06-28T03:43:47.181Z] [DEBUG] Connected to MongoDB
[2025-06-28T03:43:47.246Z] [INFO] Found 1 company databases
[2025-06-28T03:43:47.246Z] [DEBUG] Processing company database: company_9jxwph8g
[2025-06-28T03:43:47.300Z] [DEBUG] Finding reports to execute in company_9jxwph8g (current time: 2025-06-28T03:43:47.300Z)
[2025-06-28T03:43:47.354Z] [INFO] Found 0 reports to execute in company_9jxwph8g
[2025-06-28T03:43:47.354Z] [INFO] Scheduled reports check completed
[2025-06-28T03:43:47.356Z] [DEBUG] MongoDB connection closed
[2025-06-28T03:44:16.498Z] [INFO] Checking for scheduled reports...
[2025-06-28T03:44:17.180Z] [DEBUG] Connected to MongoDB
[2025-06-28T03:44:17.244Z] [INFO] Found 1 company databases
[2025-06-28T03:44:17.244Z] [DEBUG] Processing company database: company_9jxwph8g
[2025-06-28T03:44:17.297Z] [DEBUG] Finding reports to execute in company_9jxwph8g (current time: 2025-06-28T03:44:17.297Z)
[2025-06-28T03:44:17.350Z] [INFO] Found 0 reports to execute in company_9jxwph8g
[2025-06-28T03:44:17.350Z] [INFO] Scheduled reports check completed
[2025-06-28T03:44:17.352Z] [DEBUG] MongoDB connection closed
[2025-06-28T03:44:46.499Z] [INFO] Checking for scheduled reports...
[2025-06-28T03:44:47.108Z] [DEBUG] Connected to MongoDB
[2025-06-28T03:44:47.173Z] [INFO] Found 1 company databases
[2025-06-28T03:44:47.173Z] [DEBUG] Processing company database: company_9jxwph8g
[2025-06-28T03:44:47.227Z] [DEBUG] Finding reports to execute in company_9jxwph8g (current time: 2025-06-28T03:44:47.227Z)
[2025-06-28T03:44:47.281Z] [INFO] Found 0 reports to execute in company_9jxwph8g
[2025-06-28T03:44:47.282Z] [INFO] Scheduled reports check completed
[2025-06-28T03:44:47.284Z] [DEBUG] MongoDB connection closed
[2025-06-28T03:45:16.500Z] [INFO] Checking for scheduled reports...
[2025-06-28T03:45:17.495Z] [DEBUG] Connected to MongoDB
[2025-06-28T03:45:17.566Z] [INFO] Found 1 company databases
[2025-06-28T03:45:17.567Z] [DEBUG] Processing company database: company_9jxwph8g
[2025-06-28T03:45:17.640Z] [DEBUG] Finding reports to execute in company_9jxwph8g (current time: 2025-06-28T03:45:17.640Z)
[2025-06-28T03:45:17.779Z] [INFO] Found 0 reports to execute in company_9jxwph8g
[2025-06-28T03:45:17.780Z] [INFO] Scheduled reports check completed
[2025-06-28T03:45:17.782Z] [DEBUG] MongoDB connection closed
[2025-06-28T03:45:46.501Z] [INFO] Checking for scheduled reports...
[2025-06-28T03:45:47.108Z] [DEBUG] Connected to MongoDB
[2025-06-28T03:45:47.172Z] [INFO] Found 1 company databases
[2025-06-28T03:45:47.173Z] [DEBUG] Processing company database: company_9jxwph8g
[2025-06-28T03:45:47.227Z] [DEBUG] Finding reports to execute in company_9jxwph8g (current time: 2025-06-28T03:45:47.227Z)
[2025-06-28T03:45:47.279Z] [INFO] Found 0 reports to execute in company_9jxwph8g
[2025-06-28T03:45:47.280Z] [INFO] Scheduled reports check completed
[2025-06-28T03:45:47.282Z] [DEBUG] MongoDB connection closed
[2025-06-28T03:46:16.502Z] [INFO] Checking for scheduled reports...
[2025-06-28T03:46:17.188Z] [DEBUG] Connected to MongoDB
[2025-06-28T03:46:17.253Z] [INFO] Found 1 company databases
[2025-06-28T03:46:17.253Z] [DEBUG] Processing company database: company_9jxwph8g
[2025-06-28T03:46:17.307Z] [DEBUG] Finding reports to execute in company_9jxwph8g (current time: 2025-06-28T03:46:17.307Z)
[2025-06-28T03:46:17.360Z] [INFO] Found 0 reports to execute in company_9jxwph8g
[2025-06-28T03:46:17.360Z] [INFO] Scheduled reports check completed
[2025-06-28T03:46:17.362Z] [DEBUG] MongoDB connection closed
[2025-06-28T03:46:46.503Z] [INFO] Checking for scheduled reports...
[2025-06-28T03:46:47.202Z] [DEBUG] Connected to MongoDB
[2025-06-28T03:46:47.267Z] [INFO] Found 1 company databases
[2025-06-28T03:46:47.268Z] [DEBUG] Processing company database: company_9jxwph8g
[2025-06-28T03:46:47.339Z] [DEBUG] Finding reports to execute in company_9jxwph8g (current time: 2025-06-28T03:46:47.339Z)
[2025-06-28T03:46:47.393Z] [INFO] Found 0 reports to execute in company_9jxwph8g
[2025-06-28T03:46:47.393Z] [INFO] Scheduled reports check completed
[2025-06-28T03:46:47.395Z] [DEBUG] MongoDB connection closed
[2025-06-28T03:47:16.504Z] [INFO] Checking for scheduled reports...
[2025-06-28T03:47:17.215Z] [DEBUG] Connected to MongoDB
[2025-06-28T03:47:17.287Z] [INFO] Found 1 company databases
[2025-06-28T03:47:17.288Z] [DEBUG] Processing company database: company_9jxwph8g
[2025-06-28T03:47:17.347Z] [DEBUG] Finding reports to execute in company_9jxwph8g (current time: 2025-06-28T03:47:17.347Z)
[2025-06-28T03:47:17.406Z] [INFO] Found 0 reports to execute in company_9jxwph8g
[2025-06-28T03:47:17.406Z] [INFO] Scheduled reports check completed
[2025-06-28T03:47:17.408Z] [DEBUG] MongoDB connection closed
[2025-06-28T03:47:46.505Z] [INFO] Checking for scheduled reports...
[2025-06-28T03:47:47.111Z] [DEBUG] Connected to MongoDB
[2025-06-28T03:47:47.175Z] [INFO] Found 1 company databases
[2025-06-28T03:47:47.176Z] [DEBUG] Processing company database: company_9jxwph8g
[2025-06-28T03:47:47.230Z] [DEBUG] Finding reports to execute in company_9jxwph8g (current time: 2025-06-28T03:47:47.230Z)
[2025-06-28T03:47:47.283Z] [INFO] Found 0 reports to execute in company_9jxwph8g
[2025-06-28T03:47:47.283Z] [INFO] Scheduled reports check completed
[2025-06-28T03:47:47.286Z] [DEBUG] MongoDB connection closed
[2025-06-28T03:48:16.506Z] [INFO] Checking for scheduled reports...
[2025-06-28T03:48:17.275Z] [DEBUG] Connected to MongoDB
[2025-06-28T03:48:17.340Z] [INFO] Found 1 company databases
[2025-06-28T03:48:17.340Z] [DEBUG] Processing company database: company_9jxwph8g
[2025-06-28T03:48:17.394Z] [DEBUG] Finding reports to execute in company_9jxwph8g (current time: 2025-06-28T03:48:17.394Z)
[2025-06-28T03:48:17.447Z] [INFO] Found 0 reports to execute in company_9jxwph8g
[2025-06-28T03:48:17.448Z] [INFO] Scheduled reports check completed
[2025-06-28T03:48:17.450Z] [DEBUG] MongoDB connection closed
[2025-06-28T03:48:46.507Z] [INFO] Checking for scheduled reports...
[2025-06-28T03:48:47.121Z] [DEBUG] Connected to MongoDB
[2025-06-28T03:48:47.184Z] [INFO] Found 1 company databases
[2025-06-28T03:48:47.185Z] [DEBUG] Processing company database: company_9jxwph8g
[2025-06-28T03:48:47.238Z] [DEBUG] Finding reports to execute in company_9jxwph8g (current time: 2025-06-28T03:48:47.238Z)
[2025-06-28T03:48:47.290Z] [INFO] Found 0 reports to execute in company_9jxwph8g
[2025-06-28T03:48:47.290Z] [INFO] Scheduled reports check completed
[2025-06-28T03:48:47.291Z] [DEBUG] MongoDB connection closed
[2025-06-28T03:49:16.508Z] [INFO] Checking for scheduled reports...
[2025-06-28T03:49:17.308Z] [DEBUG] Connected to MongoDB
[2025-06-28T03:49:17.373Z] [INFO] Found 1 company databases
[2025-06-28T03:49:17.374Z] [DEBUG] Processing company database: company_9jxwph8g
[2025-06-28T03:49:17.428Z] [DEBUG] Finding reports to execute in company_9jxwph8g (current time: 2025-06-28T03:49:17.428Z)
[2025-06-28T03:49:17.481Z] [INFO] Found 0 reports to execute in company_9jxwph8g
[2025-06-28T03:49:17.481Z] [INFO] Scheduled reports check completed
[2025-06-28T03:49:17.483Z] [DEBUG] MongoDB connection closed
[2025-06-28T03:49:46.509Z] [INFO] Checking for scheduled reports...
[2025-06-28T03:49:47.225Z] [DEBUG] Connected to MongoDB
[2025-06-28T03:49:47.290Z] [INFO] Found 1 company databases
[2025-06-28T03:49:47.291Z] [DEBUG] Processing company database: company_9jxwph8g
[2025-06-28T03:49:47.344Z] [DEBUG] Finding reports to execute in company_9jxwph8g (current time: 2025-06-28T03:49:47.344Z)
[2025-06-28T03:49:47.397Z] [INFO] Found 0 reports to execute in company_9jxwph8g
[2025-06-28T03:49:47.398Z] [INFO] Scheduled reports check completed
[2025-06-28T03:49:47.400Z] [DEBUG] MongoDB connection closed
[2025-06-28T03:50:16.510Z] [INFO] Checking for scheduled reports...
[2025-06-28T03:50:17.198Z] [DEBUG] Connected to MongoDB
[2025-06-28T03:50:17.262Z] [INFO] Found 1 company databases
[2025-06-28T03:50:17.262Z] [DEBUG] Processing company database: company_9jxwph8g
[2025-06-28T03:50:17.317Z] [DEBUG] Finding reports to execute in company_9jxwph8g (current time: 2025-06-28T03:50:17.317Z)
[2025-06-28T03:50:17.371Z] [INFO] Found 0 reports to execute in company_9jxwph8g
[2025-06-28T03:50:17.371Z] [INFO] Scheduled reports check completed
[2025-06-28T03:50:17.373Z] [DEBUG] MongoDB connection closed
[2025-06-28T03:50:46.511Z] [INFO] Checking for scheduled reports...
[2025-06-28T03:50:47.127Z] [DEBUG] Connected to MongoDB
[2025-06-28T03:50:47.192Z] [INFO] Found 1 company databases
[2025-06-28T03:50:47.192Z] [DEBUG] Processing company database: company_9jxwph8g
[2025-06-28T03:50:47.246Z] [DEBUG] Finding reports to execute in company_9jxwph8g (current time: 2025-06-28T03:50:47.246Z)
[2025-06-28T03:50:47.299Z] [INFO] Found 0 reports to execute in company_9jxwph8g
[2025-06-28T03:50:47.300Z] [INFO] Scheduled reports check completed
[2025-06-28T03:50:47.302Z] [DEBUG] MongoDB connection closed
[2025-06-28T03:51:16.511Z] [INFO] Checking for scheduled reports...
[2025-06-28T03:51:17.290Z] [DEBUG] Connected to MongoDB
[2025-06-28T03:51:17.354Z] [INFO] Found 1 company databases
[2025-06-28T03:51:17.355Z] [DEBUG] Processing company database: company_9jxwph8g
[2025-06-28T03:51:17.408Z] [DEBUG] Finding reports to execute in company_9jxwph8g (current time: 2025-06-28T03:51:17.408Z)
[2025-06-28T03:51:17.461Z] [INFO] Found 0 reports to execute in company_9jxwph8g
[2025-06-28T03:51:17.462Z] [INFO] Scheduled reports check completed
[2025-06-28T03:51:17.464Z] [DEBUG] MongoDB connection closed
[2025-06-28T03:51:46.513Z] [INFO] Checking for scheduled reports...
[2025-06-28T03:51:47.131Z] [DEBUG] Connected to MongoDB
[2025-06-28T03:51:47.195Z] [INFO] Found 1 company databases
[2025-06-28T03:51:47.196Z] [DEBUG] Processing company database: company_9jxwph8g
[2025-06-28T03:51:47.250Z] [DEBUG] Finding reports to execute in company_9jxwph8g (current time: 2025-06-28T03:51:47.250Z)
[2025-06-28T03:51:47.304Z] [INFO] Found 0 reports to execute in company_9jxwph8g
[2025-06-28T03:51:47.304Z] [INFO] Scheduled reports check completed
[2025-06-28T03:51:47.306Z] [DEBUG] MongoDB connection closed
[2025-06-28T03:52:16.513Z] [INFO] Checking for scheduled reports...
[2025-06-28T03:52:17.235Z] [DEBUG] Connected to MongoDB
[2025-06-28T03:52:17.300Z] [INFO] Found 1 company databases
[2025-06-28T03:52:17.301Z] [DEBUG] Processing company database: company_9jxwph8g
[2025-06-28T03:52:17.358Z] [DEBUG] Finding reports to execute in company_9jxwph8g (current time: 2025-06-28T03:52:17.358Z)
[2025-06-28T03:52:17.414Z] [INFO] Found 0 reports to execute in company_9jxwph8g
[2025-06-28T03:52:17.415Z] [INFO] Scheduled reports check completed
[2025-06-28T03:52:17.417Z] [DEBUG] MongoDB connection closed
[2025-06-28T03:52:46.516Z] [INFO] Checking for scheduled reports...
[2025-06-28T03:52:47.207Z] [DEBUG] Connected to MongoDB
[2025-06-28T03:52:47.272Z] [INFO] Found 1 company databases
[2025-06-28T03:52:47.273Z] [DEBUG] Processing company database: company_9jxwph8g
[2025-06-28T03:52:47.327Z] [DEBUG] Finding reports to execute in company_9jxwph8g (current time: 2025-06-28T03:52:47.327Z)
[2025-06-28T03:52:47.381Z] [INFO] Found 0 reports to execute in company_9jxwph8g
[2025-06-28T03:52:47.382Z] [INFO] Scheduled reports check completed
[2025-06-28T03:52:47.384Z] [DEBUG] MongoDB connection closed
[2025-06-28T03:53:16.518Z] [INFO] Checking for scheduled reports...
[2025-06-28T03:53:17.208Z] [DEBUG] Connected to MongoDB
[2025-06-28T03:53:17.273Z] [INFO] Found 1 company databases
[2025-06-28T03:53:17.273Z] [DEBUG] Processing company database: company_9jxwph8g
[2025-06-28T03:53:17.327Z] [DEBUG] Finding reports to execute in company_9jxwph8g (current time: 2025-06-28T03:53:17.327Z)
[2025-06-28T03:53:17.381Z] [INFO] Found 0 reports to execute in company_9jxwph8g
[2025-06-28T03:53:17.381Z] [INFO] Scheduled reports check completed
[2025-06-28T03:53:17.384Z] [DEBUG] MongoDB connection closed
[2025-06-28T03:53:46.520Z] [INFO] Checking for scheduled reports...
[2025-06-28T03:53:47.135Z] [DEBUG] Connected to MongoDB
[2025-06-28T03:53:47.200Z] [INFO] Found 1 company databases
[2025-06-28T03:53:47.201Z] [DEBUG] Processing company database: company_9jxwph8g
[2025-06-28T03:53:47.257Z] [DEBUG] Finding reports to execute in company_9jxwph8g (current time: 2025-06-28T03:53:47.257Z)
[2025-06-28T03:53:47.311Z] [INFO] Found 0 reports to execute in company_9jxwph8g
[2025-06-28T03:53:47.311Z] [INFO] Scheduled reports check completed
[2025-06-28T03:53:47.313Z] [DEBUG] MongoDB connection closed
[2025-06-28T03:54:16.522Z] [INFO] Checking for scheduled reports...
[2025-06-28T03:54:17.286Z] [DEBUG] Connected to MongoDB
[2025-06-28T03:54:17.351Z] [INFO] Found 1 company databases
[2025-06-28T03:54:17.352Z] [DEBUG] Processing company database: company_9jxwph8g
[2025-06-28T03:54:17.406Z] [DEBUG] Finding reports to execute in company_9jxwph8g (current time: 2025-06-28T03:54:17.406Z)
[2025-06-28T03:54:17.459Z] [INFO] Found 0 reports to execute in company_9jxwph8g
[2025-06-28T03:54:17.460Z] [INFO] Scheduled reports check completed
[2025-06-28T03:54:17.462Z] [DEBUG] MongoDB connection closed
[2025-06-28T03:54:46.524Z] [INFO] Checking for scheduled reports...
[2025-06-28T03:54:47.147Z] [DEBUG] Connected to MongoDB
[2025-06-28T03:54:47.220Z] [INFO] Found 1 company databases
[2025-06-28T03:54:47.220Z] [DEBUG] Processing company database: company_9jxwph8g
[2025-06-28T03:54:47.280Z] [DEBUG] Finding reports to execute in company_9jxwph8g (current time: 2025-06-28T03:54:47.280Z)
[2025-06-28T03:54:47.349Z] [INFO] Found 0 reports to execute in company_9jxwph8g
[2025-06-28T03:54:47.350Z] [INFO] Scheduled reports check completed
[2025-06-28T03:54:47.352Z] [DEBUG] MongoDB connection closed
[2025-06-28T03:55:16.525Z] [INFO] Checking for scheduled reports...
[2025-06-28T03:55:17.326Z] [DEBUG] Connected to MongoDB
[2025-06-28T03:55:17.391Z] [INFO] Found 1 company databases
[2025-06-28T03:55:17.391Z] [DEBUG] Processing company database: company_9jxwph8g
[2025-06-28T03:55:17.446Z] [DEBUG] Finding reports to execute in company_9jxwph8g (current time: 2025-06-28T03:55:17.446Z)
[2025-06-28T03:55:17.499Z] [INFO] Found 0 reports to execute in company_9jxwph8g
[2025-06-28T03:55:17.500Z] [INFO] Scheduled reports check completed
[2025-06-28T03:55:17.502Z] [DEBUG] MongoDB connection closed
[2025-06-28T03:55:46.528Z] [INFO] Checking for scheduled reports...
[2025-06-28T03:55:47.223Z] [DEBUG] Connected to MongoDB
[2025-06-28T03:55:47.289Z] [INFO] Found 1 company databases
[2025-06-28T03:55:47.290Z] [DEBUG] Processing company database: company_9jxwph8g
[2025-06-28T03:55:47.346Z] [DEBUG] Finding reports to execute in company_9jxwph8g (current time: 2025-06-28T03:55:47.346Z)
[2025-06-28T03:55:47.412Z] [INFO] Found 0 reports to execute in company_9jxwph8g
[2025-06-28T03:55:47.412Z] [INFO] Scheduled reports check completed
[2025-06-28T03:55:47.414Z] [DEBUG] MongoDB connection closed
[2025-06-28T03:56:16.529Z] [INFO] Checking for scheduled reports...
[2025-06-28T03:56:17.220Z] [DEBUG] Connected to MongoDB
[2025-06-28T03:56:17.285Z] [INFO] Found 1 company databases
[2025-06-28T03:56:17.285Z] [DEBUG] Processing company database: company_9jxwph8g
[2025-06-28T03:56:17.340Z] [DEBUG] Finding reports to execute in company_9jxwph8g (current time: 2025-06-28T03:56:17.340Z)
[2025-06-28T03:56:17.394Z] [INFO] Found 0 reports to execute in company_9jxwph8g
[2025-06-28T03:56:17.394Z] [INFO] Scheduled reports check completed
[2025-06-28T03:56:17.396Z] [DEBUG] MongoDB connection closed
[2025-06-28T03:56:46.531Z] [INFO] Checking for scheduled reports...
[2025-06-28T03:56:47.141Z] [DEBUG] Connected to MongoDB
[2025-06-28T03:56:47.207Z] [INFO] Found 1 company databases
[2025-06-28T03:56:47.207Z] [DEBUG] Processing company database: company_9jxwph8g
[2025-06-28T03:56:47.262Z] [DEBUG] Finding reports to execute in company_9jxwph8g (current time: 2025-06-28T03:56:47.262Z)
[2025-06-28T03:56:47.316Z] [INFO] Found 0 reports to execute in company_9jxwph8g
[2025-06-28T03:56:47.317Z] [INFO] Scheduled reports check completed
[2025-06-28T03:56:47.319Z] [DEBUG] MongoDB connection closed
[2025-06-28T03:57:16.534Z] [INFO] Checking for scheduled reports...
[2025-06-28T03:57:17.319Z] [DEBUG] Connected to MongoDB
[2025-06-28T03:57:17.384Z] [INFO] Found 1 company databases
[2025-06-28T03:57:17.385Z] [DEBUG] Processing company database: company_9jxwph8g
[2025-06-28T03:57:17.439Z] [DEBUG] Finding reports to execute in company_9jxwph8g (current time: 2025-06-28T03:57:17.439Z)
[2025-06-28T03:57:17.493Z] [INFO] Found 0 reports to execute in company_9jxwph8g
[2025-06-28T03:57:17.493Z] [INFO] Scheduled reports check completed
[2025-06-28T03:57:17.495Z] [DEBUG] MongoDB connection closed
[2025-06-28T03:57:46.536Z] [INFO] Checking for scheduled reports...
[2025-06-28T03:57:47.149Z] [DEBUG] Connected to MongoDB
[2025-06-28T03:57:47.214Z] [INFO] Found 1 company databases
[2025-06-28T03:57:47.215Z] [DEBUG] Processing company database: company_9jxwph8g
[2025-06-28T03:57:47.269Z] [DEBUG] Finding reports to execute in company_9jxwph8g (current time: 2025-06-28T03:57:47.269Z)
[2025-06-28T03:57:47.327Z] [INFO] Found 0 reports to execute in company_9jxwph8g
[2025-06-28T03:57:47.327Z] [INFO] Scheduled reports check completed
[2025-06-28T03:57:47.330Z] [DEBUG] MongoDB connection closed
[2025-06-28T03:58:16.538Z] [INFO] Checking for scheduled reports...
[2025-06-28T03:58:17.229Z] [DEBUG] Connected to MongoDB
[2025-06-28T03:58:17.295Z] [INFO] Found 1 company databases
[2025-06-28T03:58:17.296Z] [DEBUG] Processing company database: company_9jxwph8g
[2025-06-28T03:58:17.350Z] [DEBUG] Finding reports to execute in company_9jxwph8g (current time: 2025-06-28T03:58:17.350Z)
[2025-06-28T03:58:17.404Z] [INFO] Found 0 reports to execute in company_9jxwph8g
[2025-06-28T03:58:17.405Z] [INFO] Scheduled reports check completed
[2025-06-28T03:58:17.407Z] [DEBUG] MongoDB connection closed
[2025-06-28T03:58:46.540Z] [INFO] Checking for scheduled reports...
[2025-06-28T03:58:47.244Z] [DEBUG] Connected to MongoDB
[2025-06-28T03:58:47.308Z] [INFO] Found 1 company databases
[2025-06-28T03:58:47.309Z] [DEBUG] Processing company database: company_9jxwph8g
[2025-06-28T03:58:47.363Z] [DEBUG] Finding reports to execute in company_9jxwph8g (current time: 2025-06-28T03:58:47.363Z)
[2025-06-28T03:58:47.417Z] [INFO] Found 0 reports to execute in company_9jxwph8g
[2025-06-28T03:58:47.417Z] [INFO] Scheduled reports check completed
[2025-06-28T03:58:47.419Z] [DEBUG] MongoDB connection closed
[2025-06-28T03:59:16.541Z] [INFO] Checking for scheduled reports...
[2025-06-28T03:59:17.236Z] [DEBUG] Connected to MongoDB
[2025-06-28T03:59:17.301Z] [INFO] Found 1 company databases
[2025-06-28T03:59:17.302Z] [DEBUG] Processing company database: company_9jxwph8g
[2025-06-28T03:59:17.356Z] [DEBUG] Finding reports to execute in company_9jxwph8g (current time: 2025-06-28T03:59:17.356Z)
[2025-06-28T03:59:17.409Z] [INFO] Found 0 reports to execute in company_9jxwph8g
[2025-06-28T03:59:17.410Z] [INFO] Scheduled reports check completed
[2025-06-28T03:59:17.412Z] [DEBUG] MongoDB connection closed
[2025-06-28T03:59:46.543Z] [INFO] Checking for scheduled reports...
[2025-06-28T03:59:47.155Z] [DEBUG] Connected to MongoDB
[2025-06-28T03:59:47.221Z] [INFO] Found 1 company databases
[2025-06-28T03:59:47.221Z] [DEBUG] Processing company database: company_9jxwph8g
[2025-06-28T03:59:47.276Z] [DEBUG] Finding reports to execute in company_9jxwph8g (current time: 2025-06-28T03:59:47.276Z)
[2025-06-28T03:59:47.329Z] [INFO] Found 0 reports to execute in company_9jxwph8g
[2025-06-28T03:59:47.329Z] [INFO] Scheduled reports check completed
[2025-06-28T03:59:47.331Z] [DEBUG] MongoDB connection closed
[2025-06-28T04:00:16.544Z] [INFO] Checking for scheduled reports...
[2025-06-28T04:00:17.314Z] [DEBUG] Connected to MongoDB
[2025-06-28T04:00:17.380Z] [INFO] Found 1 company databases
[2025-06-28T04:00:17.380Z] [DEBUG] Processing company database: company_9jxwph8g
[2025-06-28T04:00:17.435Z] [DEBUG] Finding reports to execute in company_9jxwph8g (current time: 2025-06-28T04:00:17.435Z)
[2025-06-28T04:00:17.499Z] [INFO] Found 0 reports to execute in company_9jxwph8g
[2025-06-28T04:00:17.500Z] [INFO] Scheduled reports check completed
[2025-06-28T04:00:17.502Z] [DEBUG] MongoDB connection closed
[2025-06-28T04:00:46.545Z] [INFO] Checking for scheduled reports...
[2025-06-28T04:00:47.167Z] [DEBUG] Connected to MongoDB
[2025-06-28T04:00:47.232Z] [INFO] Found 1 company databases
[2025-06-28T04:00:47.233Z] [DEBUG] Processing company database: company_9jxwph8g
[2025-06-28T04:00:47.288Z] [DEBUG] Finding reports to execute in company_9jxwph8g (current time: 2025-06-28T04:00:47.288Z)
[2025-06-28T04:00:47.343Z] [INFO] Found 0 reports to execute in company_9jxwph8g
[2025-06-28T04:00:47.344Z] [INFO] Scheduled reports check completed
[2025-06-28T04:00:47.345Z] [DEBUG] MongoDB connection closed
[2025-06-28T04:01:16.546Z] [INFO] Checking for scheduled reports...
[2025-06-28T04:01:17.251Z] [DEBUG] Connected to MongoDB
[2025-06-28T04:01:17.317Z] [INFO] Found 1 company databases
[2025-06-28T04:01:17.318Z] [DEBUG] Processing company database: company_9jxwph8g
[2025-06-28T04:01:17.380Z] [DEBUG] Finding reports to execute in company_9jxwph8g (current time: 2025-06-28T04:01:17.380Z)
[2025-06-28T04:01:17.433Z] [INFO] Found 0 reports to execute in company_9jxwph8g
[2025-06-28T04:01:17.434Z] [INFO] Scheduled reports check completed
[2025-06-28T04:01:17.435Z] [DEBUG] MongoDB connection closed
[2025-06-28T04:01:46.547Z] [INFO] Checking for scheduled reports...
[2025-06-28T04:01:47.244Z] [DEBUG] Connected to MongoDB
[2025-06-28T04:01:47.309Z] [INFO] Found 1 company databases
[2025-06-28T04:01:47.309Z] [DEBUG] Processing company database: company_9jxwph8g
[2025-06-28T04:01:47.363Z] [DEBUG] Finding reports to execute in company_9jxwph8g (current time: 2025-06-28T04:01:47.363Z)
[2025-06-28T04:01:47.417Z] [INFO] Found 0 reports to execute in company_9jxwph8g
[2025-06-28T04:01:47.418Z] [INFO] Scheduled reports check completed
[2025-06-28T04:01:47.420Z] [DEBUG] MongoDB connection closed
[2025-06-28T04:02:16.549Z] [INFO] Checking for scheduled reports...
[2025-06-28T04:02:17.253Z] [DEBUG] Connected to MongoDB
[2025-06-28T04:02:17.317Z] [INFO] Found 1 company databases
[2025-06-28T04:02:17.318Z] [DEBUG] Processing company database: company_9jxwph8g
[2025-06-28T04:02:17.373Z] [DEBUG] Finding reports to execute in company_9jxwph8g (current time: 2025-06-28T04:02:17.373Z)
[2025-06-28T04:02:17.427Z] [INFO] Found 0 reports to execute in company_9jxwph8g
[2025-06-28T04:02:17.428Z] [INFO] Scheduled reports check completed
[2025-06-28T04:02:17.430Z] [DEBUG] MongoDB connection closed
[2025-06-28T04:02:46.549Z] [INFO] Checking for scheduled reports...
[2025-06-28T04:02:47.198Z] [DEBUG] Connected to MongoDB
[2025-06-28T04:02:47.263Z] [INFO] Found 1 company databases
[2025-06-28T04:02:47.264Z] [DEBUG] Processing company database: company_9jxwph8g
[2025-06-28T04:02:47.320Z] [DEBUG] Finding reports to execute in company_9jxwph8g (current time: 2025-06-28T04:02:47.320Z)
[2025-06-28T04:02:47.380Z] [INFO] Found 0 reports to execute in company_9jxwph8g
[2025-06-28T04:02:47.381Z] [INFO] Scheduled reports check completed
[2025-06-28T04:02:47.383Z] [DEBUG] MongoDB connection closed
[2025-06-28T04:03:16.550Z] [INFO] Checking for scheduled reports...
[2025-06-28T04:03:17.316Z] [DEBUG] Connected to MongoDB
[2025-06-28T04:03:17.381Z] [INFO] Found 1 company databases
[2025-06-28T04:03:17.382Z] [DEBUG] Processing company database: company_9jxwph8g
[2025-06-28T04:03:17.436Z] [DEBUG] Finding reports to execute in company_9jxwph8g (current time: 2025-06-28T04:03:17.436Z)
[2025-06-28T04:03:17.490Z] [INFO] Found 0 reports to execute in company_9jxwph8g
[2025-06-28T04:03:17.490Z] [INFO] Scheduled reports check completed
[2025-06-28T04:03:17.492Z] [DEBUG] MongoDB connection closed
[2025-06-28T04:03:46.551Z] [INFO] Checking for scheduled reports...
[2025-06-28T04:03:47.164Z] [DEBUG] Connected to MongoDB
[2025-06-28T04:03:47.230Z] [INFO] Found 1 company databases
[2025-06-28T04:03:47.230Z] [DEBUG] Processing company database: company_9jxwph8g
[2025-06-28T04:03:47.285Z] [DEBUG] Finding reports to execute in company_9jxwph8g (current time: 2025-06-28T04:03:47.285Z)
[2025-06-28T04:03:47.339Z] [INFO] Found 0 reports to execute in company_9jxwph8g
[2025-06-28T04:03:47.340Z] [INFO] Scheduled reports check completed
[2025-06-28T04:03:47.342Z] [DEBUG] MongoDB connection closed
[2025-06-28T04:04:16.552Z] [INFO] Checking for scheduled reports...
[2025-06-28T04:04:17.744Z] [DEBUG] Connected to MongoDB
[2025-06-28T04:04:17.805Z] [INFO] Found 1 company databases
[2025-06-28T04:04:17.805Z] [DEBUG] Processing company database: company_9jxwph8g
[2025-06-28T04:04:17.855Z] [DEBUG] Finding reports to execute in company_9jxwph8g (current time: 2025-06-28T04:04:17.855Z)
[2025-06-28T04:04:17.906Z] [INFO] Found 0 reports to execute in company_9jxwph8g
[2025-06-28T04:04:17.906Z] [INFO] Scheduled reports check completed
[2025-06-28T04:04:17.908Z] [DEBUG] MongoDB connection closed
[2025-06-28T04:04:46.554Z] [INFO] Checking for scheduled reports...
[2025-06-28T04:04:47.145Z] [DEBUG] Connected to MongoDB
[2025-06-28T04:04:47.207Z] [INFO] Found 1 company databases
[2025-06-28T04:04:47.207Z] [DEBUG] Processing company database: company_9jxwph8g
[2025-06-28T04:04:47.263Z] [DEBUG] Finding reports to execute in company_9jxwph8g (current time: 2025-06-28T04:04:47.263Z)
[2025-06-28T04:04:47.312Z] [INFO] Found 0 reports to execute in company_9jxwph8g
[2025-06-28T04:04:47.313Z] [INFO] Scheduled reports check completed
[2025-06-28T04:04:47.315Z] [DEBUG] MongoDB connection closed
[2025-06-28T04:05:16.555Z] [INFO] Checking for scheduled reports...
[2025-06-28T04:05:17.247Z] [DEBUG] Connected to MongoDB
[2025-06-28T04:05:17.310Z] [INFO] Found 1 company databases
[2025-06-28T04:05:17.310Z] [DEBUG] Processing company database: company_9jxwph8g
[2025-06-28T04:05:17.361Z] [DEBUG] Finding reports to execute in company_9jxwph8g (current time: 2025-06-28T04:05:17.361Z)
[2025-06-28T04:05:17.411Z] [INFO] Found 0 reports to execute in company_9jxwph8g
[2025-06-28T04:05:17.411Z] [INFO] Scheduled reports check completed
[2025-06-28T04:05:17.413Z] [DEBUG] MongoDB connection closed
[2025-06-28T04:05:46.557Z] [INFO] Checking for scheduled reports...
[2025-06-28T04:05:47.244Z] [DEBUG] Connected to MongoDB
[2025-06-28T04:05:47.307Z] [INFO] Found 1 company databases
[2025-06-28T04:05:47.307Z] [DEBUG] Processing company database: company_9jxwph8g
[2025-06-28T04:05:47.357Z] [DEBUG] Finding reports to execute in company_9jxwph8g (current time: 2025-06-28T04:05:47.357Z)
[2025-06-28T04:05:47.407Z] [INFO] Found 0 reports to execute in company_9jxwph8g
[2025-06-28T04:05:47.408Z] [INFO] Scheduled reports check completed
[2025-06-28T04:05:47.409Z] [DEBUG] MongoDB connection closed
[2025-06-28T04:06:16.558Z] [INFO] Checking for scheduled reports...
[2025-06-28T04:06:17.283Z] [DEBUG] Connected to MongoDB
[2025-06-28T04:06:17.343Z] [INFO] Found 1 company databases
[2025-06-28T04:06:17.343Z] [DEBUG] Processing company database: company_9jxwph8g
[2025-06-28T04:06:17.394Z] [DEBUG] Finding reports to execute in company_9jxwph8g (current time: 2025-06-28T04:06:17.394Z)
[2025-06-28T04:06:17.443Z] [INFO] Found 0 reports to execute in company_9jxwph8g
[2025-06-28T04:06:17.443Z] [INFO] Scheduled reports check completed
[2025-06-28T04:06:17.445Z] [DEBUG] MongoDB connection closed
[2025-06-28T04:06:46.558Z] [INFO] Checking for scheduled reports...
[2025-06-28T04:06:47.135Z] [DEBUG] Connected to MongoDB
[2025-06-28T04:06:47.197Z] [INFO] Found 1 company databases
[2025-06-28T04:06:47.198Z] [DEBUG] Processing company database: company_9jxwph8g
[2025-06-28T04:06:47.249Z] [DEBUG] Finding reports to execute in company_9jxwph8g (current time: 2025-06-28T04:06:47.249Z)
[2025-06-28T04:06:47.299Z] [INFO] Found 0 reports to execute in company_9jxwph8g
[2025-06-28T04:06:47.300Z] [INFO] Scheduled reports check completed
[2025-06-28T04:06:47.302Z] [DEBUG] MongoDB connection closed
[2025-06-28T04:07:16.560Z] [INFO] Checking for scheduled reports...
[2025-06-28T04:07:17.327Z] [DEBUG] Connected to MongoDB
[2025-06-28T04:07:17.390Z] [INFO] Found 1 company databases
[2025-06-28T04:07:17.390Z] [DEBUG] Processing company database: company_9jxwph8g
[2025-06-28T04:07:17.441Z] [DEBUG] Finding reports to execute in company_9jxwph8g (current time: 2025-06-28T04:07:17.441Z)
[2025-06-28T04:07:17.491Z] [INFO] Found 0 reports to execute in company_9jxwph8g
[2025-06-28T04:07:17.492Z] [INFO] Scheduled reports check completed
[2025-06-28T04:07:17.494Z] [DEBUG] MongoDB connection closed
[2025-06-28T04:07:46.561Z] [INFO] Checking for scheduled reports...
[2025-06-28T04:07:47.235Z] [DEBUG] Connected to MongoDB
[2025-06-28T04:07:47.296Z] [INFO] Found 1 company databases
[2025-06-28T04:07:47.296Z] [DEBUG] Processing company database: company_9jxwph8g
[2025-06-28T04:07:47.347Z] [DEBUG] Finding reports to execute in company_9jxwph8g (current time: 2025-06-28T04:07:47.346Z)
[2025-06-28T04:07:47.396Z] [INFO] Found 0 reports to execute in company_9jxwph8g
[2025-06-28T04:07:47.396Z] [INFO] Scheduled reports check completed
[2025-06-28T04:07:47.398Z] [DEBUG] MongoDB connection closed
[2025-06-28T04:08:16.562Z] [INFO] Checking for scheduled reports...
[2025-06-28T04:08:17.216Z] [DEBUG] Connected to MongoDB
[2025-06-28T04:08:17.277Z] [INFO] Found 1 company databases
[2025-06-28T04:08:17.277Z] [DEBUG] Processing company database: company_9jxwph8g
[2025-06-28T04:08:17.328Z] [DEBUG] Finding reports to execute in company_9jxwph8g (current time: 2025-06-28T04:08:17.328Z)
[2025-06-28T04:08:17.377Z] [INFO] Found 0 reports to execute in company_9jxwph8g
[2025-06-28T04:08:17.378Z] [INFO] Scheduled reports check completed
[2025-06-28T04:08:17.380Z] [DEBUG] MongoDB connection closed
[2025-06-28T04:08:46.562Z] [INFO] Checking for scheduled reports...
[2025-06-28T04:08:47.136Z] [DEBUG] Connected to MongoDB
[2025-06-28T04:08:47.197Z] [INFO] Found 1 company databases
[2025-06-28T04:08:47.198Z] [DEBUG] Processing company database: company_9jxwph8g
[2025-06-28T04:08:47.248Z] [DEBUG] Finding reports to execute in company_9jxwph8g (current time: 2025-06-28T04:08:47.248Z)
[2025-06-28T04:08:47.298Z] [INFO] Found 0 reports to execute in company_9jxwph8g
[2025-06-28T04:08:47.298Z] [INFO] Scheduled reports check completed
[2025-06-28T04:08:47.300Z] [DEBUG] MongoDB connection closed
[2025-06-28T04:09:16.562Z] [INFO] Checking for scheduled reports...
[2025-06-28T04:09:17.337Z] [DEBUG] Connected to MongoDB
[2025-06-28T04:09:17.402Z] [INFO] Found 1 company databases
[2025-06-28T04:09:17.403Z] [DEBUG] Processing company database: company_9jxwph8g
[2025-06-28T04:09:17.459Z] [DEBUG] Finding reports to execute in company_9jxwph8g (current time: 2025-06-28T04:09:17.459Z)
[2025-06-28T04:09:17.514Z] [INFO] Found 0 reports to execute in company_9jxwph8g
[2025-06-28T04:09:17.515Z] [INFO] Scheduled reports check completed
[2025-06-28T04:09:17.518Z] [DEBUG] MongoDB connection closed
[2025-06-28T04:09:46.563Z] [INFO] Checking for scheduled reports...
[2025-06-28T04:09:47.150Z] [DEBUG] Connected to MongoDB
[2025-06-28T04:09:47.210Z] [INFO] Found 1 company databases
[2025-06-28T04:09:47.211Z] [DEBUG] Processing company database: company_9jxwph8g
[2025-06-28T04:09:47.261Z] [DEBUG] Finding reports to execute in company_9jxwph8g (current time: 2025-06-28T04:09:47.261Z)
[2025-06-28T04:09:47.313Z] [INFO] Found 0 reports to execute in company_9jxwph8g
[2025-06-28T04:09:47.313Z] [INFO] Scheduled reports check completed
[2025-06-28T04:09:47.315Z] [DEBUG] MongoDB connection closed
[2025-06-28T04:10:16.564Z] [INFO] Checking for scheduled reports...
[2025-06-28T04:10:17.252Z] [DEBUG] Connected to MongoDB
[2025-06-28T04:10:17.317Z] [INFO] Found 1 company databases
[2025-06-28T04:10:17.317Z] [DEBUG] Processing company database: company_9jxwph8g
[2025-06-28T04:10:17.372Z] [DEBUG] Finding reports to execute in company_9jxwph8g (current time: 2025-06-28T04:10:17.372Z)
[2025-06-28T04:10:17.425Z] [INFO] Found 0 reports to execute in company_9jxwph8g
[2025-06-28T04:10:17.426Z] [INFO] Scheduled reports check completed
[2025-06-28T04:10:17.427Z] [DEBUG] MongoDB connection closed
[2025-06-28T04:10:46.565Z] [INFO] Checking for scheduled reports...
[2025-06-28T04:10:47.259Z] [DEBUG] Connected to MongoDB
[2025-06-28T04:10:47.323Z] [INFO] Found 1 company databases
[2025-06-28T04:10:47.324Z] [DEBUG] Processing company database: company_9jxwph8g
[2025-06-28T04:10:47.378Z] [DEBUG] Finding reports to execute in company_9jxwph8g (current time: 2025-06-28T04:10:47.378Z)
[2025-06-28T04:10:47.435Z] [INFO] Found 0 reports to execute in company_9jxwph8g
[2025-06-28T04:10:47.436Z] [INFO] Scheduled reports check completed
[2025-06-28T04:10:47.438Z] [DEBUG] MongoDB connection closed
[2025-06-28T04:11:16.566Z] [INFO] Checking for scheduled reports...
[2025-06-28T04:11:17.263Z] [DEBUG] Connected to MongoDB
[2025-06-28T04:11:17.328Z] [INFO] Found 1 company databases
[2025-06-28T04:11:17.329Z] [DEBUG] Processing company database: company_9jxwph8g
[2025-06-28T04:11:17.384Z] [DEBUG] Finding reports to execute in company_9jxwph8g (current time: 2025-06-28T04:11:17.384Z)
[2025-06-28T04:11:17.437Z] [INFO] Found 0 reports to execute in company_9jxwph8g
[2025-06-28T04:11:17.438Z] [INFO] Scheduled reports check completed
[2025-06-28T04:11:17.440Z] [DEBUG] MongoDB connection closed
[2025-06-28T04:11:46.568Z] [INFO] Checking for scheduled reports...
[2025-06-28T04:11:47.297Z] [DEBUG] Connected to MongoDB
[2025-06-28T04:11:47.363Z] [INFO] Found 1 company databases
[2025-06-28T04:11:47.363Z] [DEBUG] Processing company database: company_9jxwph8g
[2025-06-28T04:11:47.418Z] [DEBUG] Finding reports to execute in company_9jxwph8g (current time: 2025-06-28T04:11:47.418Z)
[2025-06-28T04:11:47.471Z] [INFO] Found 0 reports to execute in company_9jxwph8g
[2025-06-28T04:11:47.472Z] [INFO] Scheduled reports check completed
[2025-06-28T04:11:47.473Z] [DEBUG] MongoDB connection closed
[2025-06-28T04:12:16.569Z] [INFO] Checking for scheduled reports...
[2025-06-28T04:12:17.339Z] [DEBUG] Connected to MongoDB
[2025-06-28T04:12:17.404Z] [INFO] Found 1 company databases
[2025-06-28T04:12:17.405Z] [DEBUG] Processing company database: company_9jxwph8g
[2025-06-28T04:12:17.460Z] [DEBUG] Finding reports to execute in company_9jxwph8g (current time: 2025-06-28T04:12:17.460Z)
[2025-06-28T04:12:17.515Z] [INFO] Found 0 reports to execute in company_9jxwph8g
[2025-06-28T04:12:17.516Z] [INFO] Scheduled reports check completed
[2025-06-28T04:12:17.518Z] [DEBUG] MongoDB connection closed
[2025-06-28T04:12:46.571Z] [INFO] Checking for scheduled reports...
[2025-06-28T04:12:47.185Z] [DEBUG] Connected to MongoDB
[2025-06-28T04:12:47.251Z] [INFO] Found 1 company databases
[2025-06-28T04:12:47.251Z] [DEBUG] Processing company database: company_9jxwph8g
[2025-06-28T04:12:47.305Z] [DEBUG] Finding reports to execute in company_9jxwph8g (current time: 2025-06-28T04:12:47.305Z)
[2025-06-28T04:12:47.359Z] [INFO] Found 0 reports to execute in company_9jxwph8g
[2025-06-28T04:12:47.359Z] [INFO] Scheduled reports check completed
[2025-06-28T04:12:47.361Z] [DEBUG] MongoDB connection closed
[2025-06-28T04:13:16.570Z] [INFO] Checking for scheduled reports...
[2025-06-28T04:13:17.265Z] [DEBUG] Connected to MongoDB
[2025-06-28T04:13:17.330Z] [INFO] Found 1 company databases
[2025-06-28T04:13:17.331Z] [DEBUG] Processing company database: company_9jxwph8g
[2025-06-28T04:13:17.386Z] [DEBUG] Finding reports to execute in company_9jxwph8g (current time: 2025-06-28T04:13:17.386Z)
[2025-06-28T04:13:17.440Z] [INFO] Found 0 reports to execute in company_9jxwph8g
[2025-06-28T04:13:17.440Z] [INFO] Scheduled reports check completed
[2025-06-28T04:13:17.442Z] [DEBUG] MongoDB connection closed
[2025-06-28T04:13:46.569Z] [INFO] Checking for scheduled reports...
[2025-06-28T04:13:47.256Z] [DEBUG] Connected to MongoDB
[2025-06-28T04:13:47.320Z] [INFO] Found 1 company databases
[2025-06-28T04:13:47.320Z] [DEBUG] Processing company database: company_9jxwph8g
[2025-06-28T04:13:47.374Z] [DEBUG] Finding reports to execute in company_9jxwph8g (current time: 2025-06-28T04:13:47.374Z)
[2025-06-28T04:13:47.427Z] [INFO] Found 0 reports to execute in company_9jxwph8g
[2025-06-28T04:13:47.428Z] [INFO] Scheduled reports check completed
[2025-06-28T04:13:47.430Z] [DEBUG] MongoDB connection closed
[2025-06-28T04:14:16.571Z] [INFO] Checking for scheduled reports...
[2025-06-28T04:14:17.253Z] [DEBUG] Connected to MongoDB
[2025-06-28T04:14:17.317Z] [INFO] Found 1 company databases
[2025-06-28T04:14:17.318Z] [DEBUG] Processing company database: company_9jxwph8g
[2025-06-28T04:14:17.374Z] [DEBUG] Finding reports to execute in company_9jxwph8g (current time: 2025-06-28T04:14:17.374Z)
[2025-06-28T04:14:17.431Z] [INFO] Found 0 reports to execute in company_9jxwph8g
[2025-06-28T04:14:17.432Z] [INFO] Scheduled reports check completed
[2025-06-28T04:14:17.434Z] [DEBUG] MongoDB connection closed
[2025-06-28T04:14:46.574Z] [INFO] Checking for scheduled reports...
[2025-06-28T04:14:47.144Z] [DEBUG] Connected to MongoDB
[2025-06-28T04:14:47.205Z] [INFO] Found 1 company databases
[2025-06-28T04:14:47.206Z] [DEBUG] Processing company database: company_9jxwph8g
[2025-06-28T04:14:47.262Z] [DEBUG] Finding reports to execute in company_9jxwph8g (current time: 2025-06-28T04:14:47.262Z)
[2025-06-28T04:14:47.312Z] [INFO] Found 0 reports to execute in company_9jxwph8g
[2025-06-28T04:14:47.312Z] [INFO] Scheduled reports check completed
[2025-06-28T04:14:47.313Z] [DEBUG] MongoDB connection closed
[2025-06-28T04:15:16.576Z] [INFO] Checking for scheduled reports...
[2025-06-28T04:15:17.332Z] [DEBUG] Connected to MongoDB
[2025-06-28T04:15:17.392Z] [INFO] Found 1 company databases
[2025-06-28T04:15:17.393Z] [DEBUG] Processing company database: company_9jxwph8g
[2025-06-28T04:15:17.444Z] [DEBUG] Finding reports to execute in company_9jxwph8g (current time: 2025-06-28T04:15:17.444Z)
[2025-06-28T04:15:17.497Z] [INFO] Found 0 reports to execute in company_9jxwph8g
[2025-06-28T04:15:17.497Z] [INFO] Scheduled reports check completed
[2025-06-28T04:15:17.499Z] [DEBUG] MongoDB connection closed
[2025-06-28T04:15:46.577Z] [INFO] Checking for scheduled reports...
[2025-06-28T04:15:47.151Z] [DEBUG] Connected to MongoDB
[2025-06-28T04:15:47.212Z] [INFO] Found 1 company databases
[2025-06-28T04:15:47.213Z] [DEBUG] Processing company database: company_9jxwph8g
[2025-06-28T04:15:47.263Z] [DEBUG] Finding reports to execute in company_9jxwph8g (current time: 2025-06-28T04:15:47.263Z)
[2025-06-28T04:15:47.312Z] [INFO] Found 0 reports to execute in company_9jxwph8g
[2025-06-28T04:15:47.313Z] [INFO] Scheduled reports check completed
[2025-06-28T04:15:47.315Z] [DEBUG] MongoDB connection closed
[2025-06-28T04:16:16.579Z] [INFO] Checking for scheduled reports...
[2025-06-28T04:16:17.225Z] [DEBUG] Connected to MongoDB
[2025-06-28T04:16:17.286Z] [INFO] Found 1 company databases
[2025-06-28T04:16:17.287Z] [DEBUG] Processing company database: company_9jxwph8g
[2025-06-28T04:16:17.337Z] [DEBUG] Finding reports to execute in company_9jxwph8g (current time: 2025-06-28T04:16:17.337Z)
[2025-06-28T04:16:17.387Z] [INFO] Found 0 reports to execute in company_9jxwph8g
[2025-06-28T04:16:17.388Z] [INFO] Scheduled reports check completed
[2025-06-28T04:16:17.390Z] [DEBUG] MongoDB connection closed
[2025-06-28T04:16:46.582Z] [INFO] Checking for scheduled reports...
[2025-06-28T04:16:47.230Z] [DEBUG] Connected to MongoDB
[2025-06-28T04:16:47.292Z] [INFO] Found 1 company databases
[2025-06-28T04:16:47.292Z] [DEBUG] Processing company database: company_9jxwph8g
[2025-06-28T04:16:47.344Z] [DEBUG] Finding reports to execute in company_9jxwph8g (current time: 2025-06-28T04:16:47.344Z)
[2025-06-28T04:16:47.394Z] [INFO] Found 0 reports to execute in company_9jxwph8g
[2025-06-28T04:16:47.395Z] [INFO] Scheduled reports check completed
[2025-06-28T04:16:47.397Z] [DEBUG] MongoDB connection closed
[2025-06-28T04:17:16.586Z] [INFO] Checking for scheduled reports...
[2025-06-28T04:17:17.240Z] [DEBUG] Connected to MongoDB
[2025-06-28T04:17:17.301Z] [INFO] Found 1 company databases
[2025-06-28T04:17:17.302Z] [DEBUG] Processing company database: company_9jxwph8g
[2025-06-28T04:17:17.352Z] [DEBUG] Finding reports to execute in company_9jxwph8g (current time: 2025-06-28T04:17:17.352Z)
[2025-06-28T04:17:17.401Z] [INFO] Found 0 reports to execute in company_9jxwph8g
[2025-06-28T04:17:17.401Z] [INFO] Scheduled reports check completed
[2025-06-28T04:17:17.404Z] [DEBUG] MongoDB connection closed
[2025-06-28T04:17:46.587Z] [INFO] Checking for scheduled reports...
[2025-06-28T04:17:48.326Z] [DEBUG] Connected to MongoDB
[2025-06-28T04:17:48.388Z] [INFO] Found 1 company databases
[2025-06-28T04:17:48.388Z] [DEBUG] Processing company database: company_9jxwph8g
[2025-06-28T04:17:48.439Z] [DEBUG] Finding reports to execute in company_9jxwph8g (current time: 2025-06-28T04:17:48.439Z)
[2025-06-28T04:17:48.489Z] [INFO] Found 0 reports to execute in company_9jxwph8g
[2025-06-28T04:17:48.491Z] [INFO] Scheduled reports check completed
[2025-06-28T04:17:48.492Z] [DEBUG] MongoDB connection closed
[2025-06-28T04:18:16.588Z] [INFO] Checking for scheduled reports...
[2025-06-28T04:18:17.439Z] [DEBUG] Connected to MongoDB
[2025-06-28T04:18:17.503Z] [INFO] Found 1 company databases
[2025-06-28T04:18:17.504Z] [DEBUG] Processing company database: company_9jxwph8g
[2025-06-28T04:18:17.556Z] [DEBUG] Finding reports to execute in company_9jxwph8g (current time: 2025-06-28T04:18:17.556Z)
[2025-06-28T04:18:17.607Z] [INFO] Found 0 reports to execute in company_9jxwph8g
[2025-06-28T04:18:17.608Z] [INFO] Scheduled reports check completed
[2025-06-28T04:18:17.610Z] [DEBUG] MongoDB connection closed
[2025-06-28T04:18:46.589Z] [INFO] Checking for scheduled reports...
[2025-06-28T04:18:47.172Z] [DEBUG] Connected to MongoDB
[2025-06-28T04:18:47.234Z] [INFO] Found 1 company databases
[2025-06-28T04:18:47.235Z] [DEBUG] Processing company database: company_9jxwph8g
[2025-06-28T04:18:47.286Z] [DEBUG] Finding reports to execute in company_9jxwph8g (current time: 2025-06-28T04:18:47.286Z)
[2025-06-28T04:18:47.337Z] [INFO] Found 0 reports to execute in company_9jxwph8g
[2025-06-28T04:18:47.338Z] [INFO] Scheduled reports check completed
[2025-06-28T04:18:47.340Z] [DEBUG] MongoDB connection closed
[2025-06-28T04:19:16.590Z] [INFO] Checking for scheduled reports...
[2025-06-28T04:19:17.415Z] [DEBUG] Connected to MongoDB
[2025-06-28T04:19:17.481Z] [INFO] Found 1 company databases
[2025-06-28T04:19:17.481Z] [DEBUG] Processing company database: company_9jxwph8g
[2025-06-28T04:19:17.537Z] [DEBUG] Finding reports to execute in company_9jxwph8g (current time: 2025-06-28T04:19:17.537Z)
[2025-06-28T04:19:17.591Z] [INFO] Found 0 reports to execute in company_9jxwph8g
[2025-06-28T04:19:17.591Z] [INFO] Scheduled reports check completed
[2025-06-28T04:19:17.594Z] [DEBUG] MongoDB connection closed
[2025-06-28T04:19:46.591Z] [INFO] Checking for scheduled reports...
[2025-06-28T04:19:47.290Z] [DEBUG] Connected to MongoDB
[2025-06-28T04:19:47.355Z] [INFO] Found 1 company databases
[2025-06-28T04:19:47.356Z] [DEBUG] Processing company database: company_9jxwph8g
[2025-06-28T04:19:47.410Z] [DEBUG] Finding reports to execute in company_9jxwph8g (current time: 2025-06-28T04:19:47.410Z)
[2025-06-28T04:19:47.464Z] [INFO] Found 0 reports to execute in company_9jxwph8g
[2025-06-28T04:19:47.465Z] [INFO] Scheduled reports check completed
[2025-06-28T04:19:47.467Z] [DEBUG] MongoDB connection closed
[2025-06-28T04:20:16.593Z] [INFO] Checking for scheduled reports...
[2025-06-28T04:20:17.298Z] [DEBUG] Connected to MongoDB
[2025-06-28T04:20:17.362Z] [INFO] Found 1 company databases
[2025-06-28T04:20:17.363Z] [DEBUG] Processing company database: company_9jxwph8g
[2025-06-28T04:20:17.416Z] [DEBUG] Finding reports to execute in company_9jxwph8g (current time: 2025-06-28T04:20:17.416Z)
[2025-06-28T04:20:17.469Z] [INFO] Found 0 reports to execute in company_9jxwph8g
[2025-06-28T04:20:17.470Z] [INFO] Scheduled reports check completed
[2025-06-28T04:20:17.471Z] [DEBUG] MongoDB connection closed
[2025-06-28T04:20:46.601Z] [INFO] Checking for scheduled reports...
[2025-06-28T04:20:47.212Z] [DEBUG] Connected to MongoDB
[2025-06-28T04:20:47.280Z] [INFO] Found 1 company databases
[2025-06-28T04:20:47.281Z] [DEBUG] Processing company database: company_9jxwph8g
[2025-06-28T04:20:47.336Z] [DEBUG] Finding reports to execute in company_9jxwph8g (current time: 2025-06-28T04:20:47.336Z)
[2025-06-28T04:20:47.389Z] [INFO] Found 0 reports to execute in company_9jxwph8g
[2025-06-28T04:20:47.389Z] [INFO] Scheduled reports check completed
[2025-06-28T04:20:47.391Z] [DEBUG] MongoDB connection closed
[2025-06-28T04:21:16.602Z] [INFO] Checking for scheduled reports...
[2025-06-28T04:21:17.372Z] [DEBUG] Connected to MongoDB
[2025-06-28T04:21:17.436Z] [INFO] Found 1 company databases
[2025-06-28T04:21:17.437Z] [DEBUG] Processing company database: company_9jxwph8g
[2025-06-28T04:21:17.491Z] [DEBUG] Finding reports to execute in company_9jxwph8g (current time: 2025-06-28T04:21:17.491Z)
[2025-06-28T04:21:17.544Z] [INFO] Found 0 reports to execute in company_9jxwph8g
[2025-06-28T04:21:17.545Z] [INFO] Scheduled reports check completed
[2025-06-28T04:21:17.547Z] [DEBUG] MongoDB connection closed
[2025-06-28T04:21:46.603Z] [INFO] Checking for scheduled reports...
[2025-06-28T04:21:47.212Z] [DEBUG] Connected to MongoDB
[2025-06-28T04:21:47.276Z] [INFO] Found 1 company databases
[2025-06-28T04:21:47.277Z] [DEBUG] Processing company database: company_9jxwph8g
[2025-06-28T04:21:47.330Z] [DEBUG] Finding reports to execute in company_9jxwph8g (current time: 2025-06-28T04:21:47.330Z)
[2025-06-28T04:21:47.383Z] [INFO] Found 0 reports to execute in company_9jxwph8g
[2025-06-28T04:21:47.383Z] [INFO] Scheduled reports check completed
[2025-06-28T04:21:47.384Z] [DEBUG] MongoDB connection closed
[2025-06-28T04:22:16.604Z] [INFO] Checking for scheduled reports...
[2025-06-28T04:22:17.294Z] [DEBUG] Connected to MongoDB
[2025-06-28T04:22:17.359Z] [INFO] Found 1 company databases
[2025-06-28T04:22:17.359Z] [DEBUG] Processing company database: company_9jxwph8g
[2025-06-28T04:22:17.415Z] [DEBUG] Finding reports to execute in company_9jxwph8g (current time: 2025-06-28T04:22:17.415Z)
[2025-06-28T04:22:17.469Z] [INFO] Found 0 reports to execute in company_9jxwph8g
[2025-06-28T04:22:17.470Z] [INFO] Scheduled reports check completed
[2025-06-28T04:22:17.471Z] [DEBUG] MongoDB connection closed
[2025-06-28T04:22:46.604Z] [INFO] Checking for scheduled reports...
[2025-06-28T04:22:47.293Z] [DEBUG] Connected to MongoDB
[2025-06-28T04:22:47.358Z] [INFO] Found 1 company databases
[2025-06-28T04:22:47.358Z] [DEBUG] Processing company database: company_9jxwph8g
[2025-06-28T04:22:47.412Z] [DEBUG] Finding reports to execute in company_9jxwph8g (current time: 2025-06-28T04:22:47.412Z)
[2025-06-28T04:22:47.465Z] [INFO] Found 0 reports to execute in company_9jxwph8g
[2025-06-28T04:22:47.466Z] [INFO] Scheduled reports check completed
[2025-06-28T04:22:47.468Z] [DEBUG] MongoDB connection closed
[2025-06-28T04:23:16.605Z] [INFO] Checking for scheduled reports...
[2025-06-28T04:23:17.288Z] [DEBUG] Connected to MongoDB
[2025-06-28T04:23:17.353Z] [INFO] Found 1 company databases
[2025-06-28T04:23:17.354Z] [DEBUG] Processing company database: company_9jxwph8g
[2025-06-28T04:23:17.409Z] [DEBUG] Finding reports to execute in company_9jxwph8g (current time: 2025-06-28T04:23:17.409Z)
[2025-06-28T04:23:17.463Z] [INFO] Found 0 reports to execute in company_9jxwph8g
[2025-06-28T04:23:17.463Z] [INFO] Scheduled reports check completed
[2025-06-28T04:23:17.465Z] [DEBUG] MongoDB connection closed
[2025-06-28T04:23:46.605Z] [INFO] Checking for scheduled reports...
[2025-06-28T04:23:47.257Z] [DEBUG] Connected to MongoDB
[2025-06-28T04:23:47.325Z] [INFO] Found 1 company databases
[2025-06-28T04:23:47.326Z] [DEBUG] Processing company database: company_9jxwph8g
[2025-06-28T04:23:47.380Z] [DEBUG] Finding reports to execute in company_9jxwph8g (current time: 2025-06-28T04:23:47.380Z)
[2025-06-28T04:23:47.434Z] [INFO] Found 0 reports to execute in company_9jxwph8g
[2025-06-28T04:23:47.434Z] [INFO] Scheduled reports check completed
[2025-06-28T04:23:47.434Z] [DEBUG] MongoDB connection closed
[2025-06-28T04:24:16.606Z] [INFO] Checking for scheduled reports...
[2025-06-28T04:24:17.375Z] [DEBUG] Connected to MongoDB
[2025-06-28T04:24:17.439Z] [INFO] Found 1 company databases
[2025-06-28T04:24:17.439Z] [DEBUG] Processing company database: company_9jxwph8g
[2025-06-28T04:24:17.493Z] [DEBUG] Finding reports to execute in company_9jxwph8g (current time: 2025-06-28T04:24:17.493Z)
[2025-06-28T04:24:17.546Z] [INFO] Found 0 reports to execute in company_9jxwph8g
[2025-06-28T04:24:17.546Z] [INFO] Scheduled reports check completed
[2025-06-28T04:24:17.547Z] [DEBUG] MongoDB connection closed
[2025-06-28T04:24:46.608Z] [INFO] Checking for scheduled reports...
[2025-06-28T04:24:47.222Z] [DEBUG] Connected to MongoDB
[2025-06-28T04:24:47.287Z] [INFO] Found 1 company databases
[2025-06-28T04:24:47.287Z] [DEBUG] Processing company database: company_9jxwph8g
[2025-06-28T04:24:47.341Z] [DEBUG] Finding reports to execute in company_9jxwph8g (current time: 2025-06-28T04:24:47.341Z)
[2025-06-28T04:24:47.394Z] [INFO] Found 0 reports to execute in company_9jxwph8g
[2025-06-28T04:24:47.395Z] [INFO] Scheduled reports check completed
[2025-06-28T04:24:47.396Z] [DEBUG] MongoDB connection closed
[2025-06-28T04:25:16.608Z] [INFO] Checking for scheduled reports...
[2025-06-28T04:25:17.308Z] [DEBUG] Connected to MongoDB
[2025-06-28T04:25:17.373Z] [INFO] Found 1 company databases
[2025-06-28T04:25:17.374Z] [DEBUG] Processing company database: company_9jxwph8g
[2025-06-28T04:25:17.427Z] [DEBUG] Finding reports to execute in company_9jxwph8g (current time: 2025-06-28T04:25:17.427Z)
[2025-06-28T04:25:17.481Z] [INFO] Found 0 reports to execute in company_9jxwph8g
[2025-06-28T04:25:17.481Z] [INFO] Scheduled reports check completed
[2025-06-28T04:25:17.483Z] [DEBUG] MongoDB connection closed
[2025-06-28T04:25:46.610Z] [INFO] Checking for scheduled reports...
[2025-06-28T04:25:47.300Z] [DEBUG] Connected to MongoDB
[2025-06-28T04:25:47.366Z] [INFO] Found 1 company databases
[2025-06-28T04:25:47.367Z] [DEBUG] Processing company database: company_9jxwph8g
[2025-06-28T04:25:47.422Z] [DEBUG] Finding reports to execute in company_9jxwph8g (current time: 2025-06-28T04:25:47.422Z)
[2025-06-28T04:25:47.475Z] [INFO] Found 0 reports to execute in company_9jxwph8g
[2025-06-28T04:25:47.476Z] [INFO] Scheduled reports check completed
[2025-06-28T04:25:47.478Z] [DEBUG] MongoDB connection closed
[2025-06-28T04:26:16.610Z] [INFO] Checking for scheduled reports...
[2025-06-28T04:26:17.309Z] [DEBUG] Connected to MongoDB
[2025-06-28T04:26:17.375Z] [INFO] Found 1 company databases
[2025-06-28T04:26:17.375Z] [DEBUG] Processing company database: company_9jxwph8g
[2025-06-28T04:26:17.431Z] [DEBUG] Finding reports to execute in company_9jxwph8g (current time: 2025-06-28T04:26:17.431Z)
[2025-06-28T04:26:17.484Z] [INFO] Found 0 reports to execute in company_9jxwph8g
[2025-06-28T04:26:17.485Z] [INFO] Scheduled reports check completed
[2025-06-28T04:26:17.487Z] [DEBUG] MongoDB connection closed
[2025-06-28T04:26:46.611Z] [INFO] Checking for scheduled reports...
[2025-06-28T04:26:47.223Z] [DEBUG] Connected to MongoDB
[2025-06-28T04:26:47.289Z] [INFO] Found 1 company databases
[2025-06-28T04:26:47.290Z] [DEBUG] Processing company database: company_9jxwph8g
[2025-06-28T04:26:47.343Z] [DEBUG] Finding reports to execute in company_9jxwph8g (current time: 2025-06-28T04:26:47.343Z)
[2025-06-28T04:26:47.395Z] [INFO] Found 0 reports to execute in company_9jxwph8g
[2025-06-28T04:26:47.396Z] [INFO] Scheduled reports check completed
[2025-06-28T04:26:47.397Z] [DEBUG] MongoDB connection closed
[2025-06-28T04:27:16.612Z] [INFO] Checking for scheduled reports...
[2025-06-28T04:27:17.436Z] [DEBUG] Connected to MongoDB
[2025-06-28T04:27:17.502Z] [INFO] Found 1 company databases
[2025-06-28T04:27:17.502Z] [DEBUG] Processing company database: company_9jxwph8g
[2025-06-28T04:27:17.556Z] [DEBUG] Finding reports to execute in company_9jxwph8g (current time: 2025-06-28T04:27:17.556Z)
[2025-06-28T04:27:17.611Z] [INFO] Found 0 reports to execute in company_9jxwph8g
[2025-06-28T04:27:17.611Z] [INFO] Scheduled reports check completed
[2025-06-28T04:27:17.613Z] [DEBUG] MongoDB connection closed
[2025-06-28T04:27:46.613Z] [INFO] Checking for scheduled reports...
[2025-06-28T04:27:47.226Z] [DEBUG] Connected to MongoDB
[2025-06-28T04:27:47.290Z] [INFO] Found 1 company databases
[2025-06-28T04:27:47.290Z] [DEBUG] Processing company database: company_9jxwph8g
[2025-06-28T04:27:47.344Z] [DEBUG] Finding reports to execute in company_9jxwph8g (current time: 2025-06-28T04:27:47.344Z)
[2025-06-28T04:27:47.397Z] [INFO] Found 0 reports to execute in company_9jxwph8g
[2025-06-28T04:27:47.397Z] [INFO] Scheduled reports check completed
[2025-06-28T04:27:47.399Z] [DEBUG] MongoDB connection closed
[2025-06-28T04:28:16.614Z] [INFO] Checking for scheduled reports...
[2025-06-28T04:28:17.314Z] [DEBUG] Connected to MongoDB
[2025-06-28T04:28:17.378Z] [INFO] Found 1 company databases
[2025-06-28T04:28:17.379Z] [DEBUG] Processing company database: company_9jxwph8g
[2025-06-28T04:28:17.433Z] [DEBUG] Finding reports to execute in company_9jxwph8g (current time: 2025-06-28T04:28:17.433Z)
[2025-06-28T04:28:17.488Z] [INFO] Found 0 reports to execute in company_9jxwph8g
[2025-06-28T04:28:17.489Z] [INFO] Scheduled reports check completed
[2025-06-28T04:28:17.493Z] [DEBUG] MongoDB connection closed
[2025-06-28T04:28:46.615Z] [INFO] Checking for scheduled reports...
[2025-06-28T04:28:47.232Z] [DEBUG] Connected to MongoDB
[2025-06-28T04:28:47.300Z] [INFO] Found 1 company databases
[2025-06-28T04:28:47.300Z] [DEBUG] Processing company database: company_9jxwph8g
[2025-06-28T04:28:47.355Z] [DEBUG] Finding reports to execute in company_9jxwph8g (current time: 2025-06-28T04:28:47.355Z)
[2025-06-28T04:28:47.408Z] [INFO] Found 0 reports to execute in company_9jxwph8g
[2025-06-28T04:28:47.409Z] [INFO] Scheduled reports check completed
[2025-06-28T04:28:47.411Z] [DEBUG] MongoDB connection closed
[2025-06-28T04:29:16.616Z] [INFO] Checking for scheduled reports...
[2025-06-28T04:29:17.320Z] [DEBUG] Connected to MongoDB
[2025-06-28T04:29:17.386Z] [INFO] Found 1 company databases
[2025-06-28T04:29:17.386Z] [DEBUG] Processing company database: company_9jxwph8g
[2025-06-28T04:29:17.442Z] [DEBUG] Finding reports to execute in company_9jxwph8g (current time: 2025-06-28T04:29:17.442Z)
[2025-06-28T04:29:17.496Z] [INFO] Found 0 reports to execute in company_9jxwph8g
[2025-06-28T04:29:17.497Z] [INFO] Scheduled reports check completed
[2025-06-28T04:29:17.499Z] [DEBUG] MongoDB connection closed
[2025-06-28T04:29:46.618Z] [INFO] Checking for scheduled reports...
[2025-06-28T04:29:47.348Z] [DEBUG] Connected to MongoDB
[2025-06-28T04:29:47.412Z] [INFO] Found 1 company databases
[2025-06-28T04:29:47.413Z] [DEBUG] Processing company database: company_9jxwph8g
[2025-06-28T04:29:47.467Z] [DEBUG] Finding reports to execute in company_9jxwph8g (current time: 2025-06-28T04:29:47.467Z)
[2025-06-28T04:29:47.520Z] [INFO] Found 0 reports to execute in company_9jxwph8g
[2025-06-28T04:29:47.521Z] [INFO] Scheduled reports check completed
[2025-06-28T04:29:47.523Z] [DEBUG] MongoDB connection closed
[2025-06-28T04:30:16.619Z] [INFO] Checking for scheduled reports...
[2025-06-28T04:30:17.376Z] [DEBUG] Connected to MongoDB
[2025-06-28T04:30:17.440Z] [INFO] Found 1 company databases
[2025-06-28T04:30:17.441Z] [DEBUG] Processing company database: company_9jxwph8g
[2025-06-28T04:30:17.495Z] [DEBUG] Finding reports to execute in company_9jxwph8g (current time: 2025-06-28T04:30:17.495Z)
[2025-06-28T04:30:17.552Z] [INFO] Found 0 reports to execute in company_9jxwph8g
[2025-06-28T04:30:17.552Z] [INFO] Scheduled reports check completed
[2025-06-28T04:30:17.554Z] [DEBUG] MongoDB connection closed
[2025-06-28T04:30:46.620Z] [INFO] Checking for scheduled reports...
[2025-06-28T04:30:47.228Z] [DEBUG] Connected to MongoDB
[2025-06-28T04:30:47.292Z] [INFO] Found 1 company databases
[2025-06-28T04:30:47.293Z] [DEBUG] Processing company database: company_9jxwph8g
[2025-06-28T04:30:47.349Z] [DEBUG] Finding reports to execute in company_9jxwph8g (current time: 2025-06-28T04:30:47.349Z)
[2025-06-28T04:30:47.402Z] [INFO] Found 0 reports to execute in company_9jxwph8g
[2025-06-28T04:30:47.403Z] [INFO] Scheduled reports check completed
[2025-06-28T04:30:47.405Z] [DEBUG] MongoDB connection closed
[2025-06-28T04:31:16.621Z] [INFO] Checking for scheduled reports...
[2025-06-28T04:31:18.334Z] [DEBUG] Connected to MongoDB
[2025-06-28T04:31:18.399Z] [INFO] Found 1 company databases
[2025-06-28T04:31:18.400Z] [DEBUG] Processing company database: company_9jxwph8g
[2025-06-28T04:31:18.454Z] [DEBUG] Finding reports to execute in company_9jxwph8g (current time: 2025-06-28T04:31:18.454Z)
[2025-06-28T04:31:18.507Z] [INFO] Found 0 reports to execute in company_9jxwph8g
[2025-06-28T04:31:18.508Z] [INFO] Scheduled reports check completed
[2025-06-28T04:31:18.511Z] [DEBUG] MongoDB connection closed
[2025-06-28T04:31:46.622Z] [INFO] Checking for scheduled reports...
[2025-06-28T04:31:48.351Z] [DEBUG] Connected to MongoDB
[2025-06-28T04:31:48.417Z] [INFO] Found 1 company databases
[2025-06-28T04:31:48.418Z] [DEBUG] Processing company database: company_9jxwph8g
[2025-06-28T04:31:48.473Z] [DEBUG] Finding reports to execute in company_9jxwph8g (current time: 2025-06-28T04:31:48.473Z)
[2025-06-28T04:31:48.527Z] [INFO] Found 0 reports to execute in company_9jxwph8g
[2025-06-28T04:31:48.527Z] [INFO] Scheduled reports check completed
[2025-06-28T04:31:48.530Z] [DEBUG] MongoDB connection closed
[2025-06-28T04:32:16.623Z] [INFO] Checking for scheduled reports...
[2025-06-28T04:32:17.409Z] [DEBUG] Connected to MongoDB
[2025-06-28T04:32:17.474Z] [INFO] Found 1 company databases
[2025-06-28T04:32:17.475Z] [DEBUG] Processing company database: company_9jxwph8g
[2025-06-28T04:32:17.529Z] [DEBUG] Finding reports to execute in company_9jxwph8g (current time: 2025-06-28T04:32:17.529Z)
[2025-06-28T04:32:17.582Z] [INFO] Found 0 reports to execute in company_9jxwph8g
[2025-06-28T04:32:17.583Z] [INFO] Scheduled reports check completed
[2025-06-28T04:32:17.585Z] [DEBUG] MongoDB connection closed
[2025-06-28T04:32:46.624Z] [INFO] Checking for scheduled reports...
[2025-06-28T04:32:47.595Z] [DEBUG] Connected to MongoDB
[2025-06-28T04:32:47.660Z] [INFO] Found 1 company databases
[2025-06-28T04:32:47.661Z] [DEBUG] Processing company database: company_9jxwph8g
[2025-06-28T04:32:47.715Z] [DEBUG] Finding reports to execute in company_9jxwph8g (current time: 2025-06-28T04:32:47.715Z)
[2025-06-28T04:32:47.768Z] [INFO] Found 0 reports to execute in company_9jxwph8g
[2025-06-28T04:32:47.769Z] [INFO] Scheduled reports check completed
[2025-06-28T04:32:47.770Z] [DEBUG] MongoDB connection closed
[2025-06-28T04:33:16.625Z] [INFO] Checking for scheduled reports...
[2025-06-28T04:33:17.339Z] [DEBUG] Connected to MongoDB
[2025-06-28T04:33:17.406Z] [INFO] Found 1 company databases
[2025-06-28T04:33:17.407Z] [DEBUG] Processing company database: company_9jxwph8g
[2025-06-28T04:33:17.461Z] [DEBUG] Finding reports to execute in company_9jxwph8g (current time: 2025-06-28T04:33:17.461Z)
[2025-06-28T04:33:17.515Z] [INFO] Found 0 reports to execute in company_9jxwph8g
[2025-06-28T04:33:17.516Z] [INFO] Scheduled reports check completed
[2025-06-28T04:33:17.518Z] [DEBUG] MongoDB connection closed
[2025-06-28T04:33:46.627Z] [INFO] Checking for scheduled reports...
[2025-06-28T04:33:47.439Z] [DEBUG] Connected to MongoDB
[2025-06-28T04:33:47.511Z] [INFO] Found 1 company databases
[2025-06-28T04:33:47.511Z] [DEBUG] Processing company database: company_9jxwph8g
[2025-06-28T04:33:47.568Z] [DEBUG] Finding reports to execute in company_9jxwph8g (current time: 2025-06-28T04:33:47.568Z)
[2025-06-28T04:33:47.624Z] [INFO] Found 0 reports to execute in company_9jxwph8g
[2025-06-28T04:33:47.624Z] [INFO] Scheduled reports check completed
[2025-06-28T04:33:47.625Z] [DEBUG] MongoDB connection closed
[2025-06-28T04:34:16.628Z] [INFO] Checking for scheduled reports...
[2025-06-28T04:34:17.534Z] [DEBUG] Connected to MongoDB
[2025-06-28T04:34:17.604Z] [INFO] Found 1 company databases
[2025-06-28T04:34:17.604Z] [DEBUG] Processing company database: company_9jxwph8g
[2025-06-28T04:34:17.659Z] [DEBUG] Finding reports to execute in company_9jxwph8g (current time: 2025-06-28T04:34:17.659Z)
[2025-06-28T04:34:17.712Z] [INFO] Found 0 reports to execute in company_9jxwph8g
[2025-06-28T04:34:17.712Z] [INFO] Scheduled reports check completed
[2025-06-28T04:34:17.714Z] [DEBUG] MongoDB connection closed
[2025-06-28T04:34:46.629Z] [INFO] Checking for scheduled reports...
[2025-06-28T04:34:47.416Z] [DEBUG] Connected to MongoDB
[2025-06-28T04:34:47.481Z] [INFO] Found 1 company databases
[2025-06-28T04:34:47.482Z] [DEBUG] Processing company database: company_9jxwph8g
[2025-06-28T04:34:47.537Z] [DEBUG] Finding reports to execute in company_9jxwph8g (current time: 2025-06-28T04:34:47.536Z)
[2025-06-28T04:34:47.590Z] [INFO] Found 0 reports to execute in company_9jxwph8g
[2025-06-28T04:34:47.591Z] [INFO] Scheduled reports check completed
[2025-06-28T04:34:47.593Z] [DEBUG] MongoDB connection closed
[2025-06-28T04:35:16.629Z] [INFO] Checking for scheduled reports...
[2025-06-28T04:35:17.448Z] [DEBUG] Connected to MongoDB
[2025-06-28T04:35:17.513Z] [INFO] Found 1 company databases
[2025-06-28T04:35:17.514Z] [DEBUG] Processing company database: company_9jxwph8g
[2025-06-28T04:35:17.568Z] [DEBUG] Finding reports to execute in company_9jxwph8g (current time: 2025-06-28T04:35:17.568Z)
[2025-06-28T04:35:17.621Z] [INFO] Found 0 reports to execute in company_9jxwph8g
[2025-06-28T04:35:17.623Z] [INFO] Scheduled reports check completed
[2025-06-28T04:35:17.625Z] [DEBUG] MongoDB connection closed
[2025-06-28T04:35:46.631Z] [INFO] Checking for scheduled reports...
[2025-06-28T04:35:47.406Z] [DEBUG] Connected to MongoDB
[2025-06-28T04:35:47.470Z] [INFO] Found 1 company databases
[2025-06-28T04:35:47.471Z] [DEBUG] Processing company database: company_9jxwph8g
[2025-06-28T04:35:47.525Z] [DEBUG] Finding reports to execute in company_9jxwph8g (current time: 2025-06-28T04:35:47.525Z)
[2025-06-28T04:35:47.578Z] [INFO] Found 0 reports to execute in company_9jxwph8g
[2025-06-28T04:35:47.578Z] [INFO] Scheduled reports check completed
[2025-06-28T04:35:47.580Z] [DEBUG] MongoDB connection closed
[2025-06-28T04:36:16.632Z] [INFO] Checking for scheduled reports...
[2025-06-28T04:36:17.496Z] [DEBUG] Connected to MongoDB
[2025-06-28T04:36:17.560Z] [INFO] Found 1 company databases
[2025-06-28T04:36:17.561Z] [DEBUG] Processing company database: company_9jxwph8g
[2025-06-28T04:36:17.615Z] [DEBUG] Finding reports to execute in company_9jxwph8g (current time: 2025-06-28T04:36:17.615Z)
[2025-06-28T04:36:17.669Z] [INFO] Found 0 reports to execute in company_9jxwph8g
[2025-06-28T04:36:17.669Z] [INFO] Scheduled reports check completed
[2025-06-28T04:36:17.671Z] [DEBUG] MongoDB connection closed
[2025-06-28T04:36:46.633Z] [INFO] Checking for scheduled reports...
[2025-06-28T04:36:47.406Z] [DEBUG] Connected to MongoDB
[2025-06-28T04:36:47.471Z] [INFO] Found 1 company databases
[2025-06-28T04:36:47.472Z] [DEBUG] Processing company database: company_9jxwph8g
[2025-06-28T04:36:47.526Z] [DEBUG] Finding reports to execute in company_9jxwph8g (current time: 2025-06-28T04:36:47.526Z)
[2025-06-28T04:36:47.581Z] [INFO] Found 0 reports to execute in company_9jxwph8g
[2025-06-28T04:36:47.581Z] [INFO] Scheduled reports check completed
[2025-06-28T04:36:47.584Z] [DEBUG] MongoDB connection closed
[2025-06-28T04:37:16.634Z] [INFO] Checking for scheduled reports...
[2025-06-28T04:37:17.484Z] [DEBUG] Connected to MongoDB
[2025-06-28T04:37:17.551Z] [INFO] Found 1 company databases
[2025-06-28T04:37:17.552Z] [DEBUG] Processing company database: company_9jxwph8g
[2025-06-28T04:37:17.606Z] [DEBUG] Finding reports to execute in company_9jxwph8g (current time: 2025-06-28T04:37:17.606Z)
[2025-06-28T04:37:17.660Z] [INFO] Found 0 reports to execute in company_9jxwph8g
[2025-06-28T04:37:17.661Z] [INFO] Scheduled reports check completed
[2025-06-28T04:37:17.663Z] [DEBUG] MongoDB connection closed
[2025-06-28T04:37:46.635Z] [INFO] Checking for scheduled reports...
[2025-06-28T04:37:47.523Z] [DEBUG] Connected to MongoDB
[2025-06-28T04:37:47.587Z] [INFO] Found 1 company databases
[2025-06-28T04:37:47.587Z] [DEBUG] Processing company database: company_9jxwph8g
[2025-06-28T04:37:47.641Z] [DEBUG] Finding reports to execute in company_9jxwph8g (current time: 2025-06-28T04:37:47.641Z)
[2025-06-28T04:37:47.695Z] [INFO] Found 0 reports to execute in company_9jxwph8g
[2025-06-28T04:37:47.695Z] [INFO] Scheduled reports check completed
[2025-06-28T04:37:47.697Z] [DEBUG] MongoDB connection closed
[2025-06-28T04:38:16.636Z] [INFO] Checking for scheduled reports...
[2025-06-28T04:38:17.497Z] [DEBUG] Connected to MongoDB
[2025-06-28T04:38:17.564Z] [INFO] Found 1 company databases
[2025-06-28T04:38:17.564Z] [DEBUG] Processing company database: company_9jxwph8g
[2025-06-28T04:38:17.618Z] [DEBUG] Finding reports to execute in company_9jxwph8g (current time: 2025-06-28T04:38:17.618Z)
[2025-06-28T04:38:17.672Z] [INFO] Found 0 reports to execute in company_9jxwph8g
[2025-06-28T04:38:17.672Z] [INFO] Scheduled reports check completed
[2025-06-28T04:38:17.675Z] [DEBUG] MongoDB connection closed
[2025-06-28T04:38:46.636Z] [INFO] Checking for scheduled reports...
[2025-06-28T04:38:47.576Z] [DEBUG] Connected to MongoDB
[2025-06-28T04:38:47.641Z] [INFO] Found 1 company databases
[2025-06-28T04:38:47.641Z] [DEBUG] Processing company database: company_9jxwph8g
[2025-06-28T04:38:47.697Z] [DEBUG] Finding reports to execute in company_9jxwph8g (current time: 2025-06-28T04:38:47.697Z)
[2025-06-28T04:38:47.750Z] [INFO] Found 0 reports to execute in company_9jxwph8g
[2025-06-28T04:38:47.751Z] [INFO] Scheduled reports check completed
[2025-06-28T04:38:47.752Z] [DEBUG] MongoDB connection closed
[2025-06-28T04:39:16.637Z] [INFO] Checking for scheduled reports...
[2025-06-28T04:39:17.557Z] [DEBUG] Connected to MongoDB
[2025-06-28T04:39:17.621Z] [INFO] Found 1 company databases
[2025-06-28T04:39:17.621Z] [DEBUG] Processing company database: company_9jxwph8g
[2025-06-28T04:39:17.676Z] [DEBUG] Finding reports to execute in company_9jxwph8g (current time: 2025-06-28T04:39:17.676Z)
[2025-06-28T04:39:17.729Z] [INFO] Found 0 reports to execute in company_9jxwph8g
[2025-06-28T04:39:17.730Z] [INFO] Scheduled reports check completed
[2025-06-28T04:39:17.732Z] [DEBUG] MongoDB connection closed
[2025-06-28T04:39:46.639Z] [INFO] Checking for scheduled reports...
[2025-06-28T04:39:47.437Z] [DEBUG] Connected to MongoDB
[2025-06-28T04:39:47.502Z] [INFO] Found 1 company databases
[2025-06-28T04:39:47.502Z] [DEBUG] Processing company database: company_9jxwph8g
[2025-06-28T04:39:47.556Z] [DEBUG] Finding reports to execute in company_9jxwph8g (current time: 2025-06-28T04:39:47.556Z)
[2025-06-28T04:39:47.610Z] [INFO] Found 0 reports to execute in company_9jxwph8g
[2025-06-28T04:39:47.611Z] [INFO] Scheduled reports check completed
[2025-06-28T04:39:47.613Z] [DEBUG] MongoDB connection closed
[2025-06-28T04:40:16.638Z] [INFO] Checking for scheduled reports...
[2025-06-28T04:40:17.470Z] [DEBUG] Connected to MongoDB
[2025-06-28T04:40:17.534Z] [INFO] Found 1 company databases
[2025-06-28T04:40:17.534Z] [DEBUG] Processing company database: company_9jxwph8g
[2025-06-28T04:40:17.590Z] [DEBUG] Finding reports to execute in company_9jxwph8g (current time: 2025-06-28T04:40:17.590Z)
[2025-06-28T04:40:17.645Z] [INFO] Found 0 reports to execute in company_9jxwph8g
[2025-06-28T04:40:17.646Z] [INFO] Scheduled reports check completed
[2025-06-28T04:40:17.648Z] [DEBUG] MongoDB connection closed
[2025-06-28T04:40:46.639Z] [INFO] Checking for scheduled reports...
[2025-06-28T04:40:47.559Z] [DEBUG] Connected to MongoDB
[2025-06-28T04:40:47.624Z] [INFO] Found 1 company databases
[2025-06-28T04:40:47.625Z] [DEBUG] Processing company database: company_9jxwph8g
[2025-06-28T04:40:47.678Z] [DEBUG] Finding reports to execute in company_9jxwph8g (current time: 2025-06-28T04:40:47.678Z)
[2025-06-28T04:40:47.730Z] [INFO] Found 0 reports to execute in company_9jxwph8g
[2025-06-28T04:40:47.731Z] [INFO] Scheduled reports check completed
[2025-06-28T04:40:47.732Z] [DEBUG] MongoDB connection closed
[2025-06-28T04:41:16.640Z] [INFO] Checking for scheduled reports...
[2025-06-28T04:41:17.474Z] [DEBUG] Connected to MongoDB
[2025-06-28T04:41:17.537Z] [INFO] Found 1 company databases
[2025-06-28T04:41:17.538Z] [DEBUG] Processing company database: company_9jxwph8g
[2025-06-28T04:41:17.591Z] [DEBUG] Finding reports to execute in company_9jxwph8g (current time: 2025-06-28T04:41:17.591Z)
[2025-06-28T04:41:17.644Z] [INFO] Found 0 reports to execute in company_9jxwph8g
[2025-06-28T04:41:17.644Z] [INFO] Scheduled reports check completed
[2025-06-28T04:41:17.645Z] [DEBUG] MongoDB connection closed
[2025-06-28T04:41:46.640Z] [INFO] Checking for scheduled reports...
[2025-06-28T04:41:47.555Z] [DEBUG] Connected to MongoDB
[2025-06-28T04:41:47.619Z] [INFO] Found 1 company databases
[2025-06-28T04:41:47.620Z] [DEBUG] Processing company database: company_9jxwph8g
[2025-06-28T04:41:47.674Z] [DEBUG] Finding reports to execute in company_9jxwph8g (current time: 2025-06-28T04:41:47.674Z)
[2025-06-28T04:41:47.727Z] [INFO] Found 0 reports to execute in company_9jxwph8g
[2025-06-28T04:41:47.728Z] [INFO] Scheduled reports check completed
[2025-06-28T04:41:47.729Z] [DEBUG] MongoDB connection closed
[2025-06-28T04:42:16.642Z] [INFO] Checking for scheduled reports...
[2025-06-28T04:42:17.527Z] [DEBUG] Connected to MongoDB
[2025-06-28T04:42:17.592Z] [INFO] Found 1 company databases
[2025-06-28T04:42:17.592Z] [DEBUG] Processing company database: company_9jxwph8g
[2025-06-28T04:42:17.647Z] [DEBUG] Finding reports to execute in company_9jxwph8g (current time: 2025-06-28T04:42:17.647Z)
[2025-06-28T04:42:17.701Z] [INFO] Found 0 reports to execute in company_9jxwph8g
[2025-06-28T04:42:17.701Z] [INFO] Scheduled reports check completed
[2025-06-28T04:42:17.703Z] [DEBUG] MongoDB connection closed
[2025-06-28T04:42:46.643Z] [INFO] Checking for scheduled reports...
[2025-06-28T04:42:47.450Z] [DEBUG] Connected to MongoDB
[2025-06-28T04:42:47.515Z] [INFO] Found 1 company databases
[2025-06-28T04:42:47.516Z] [DEBUG] Processing company database: company_9jxwph8g
[2025-06-28T04:42:47.570Z] [DEBUG] Finding reports to execute in company_9jxwph8g (current time: 2025-06-28T04:42:47.570Z)
[2025-06-28T04:42:47.624Z] [INFO] Found 0 reports to execute in company_9jxwph8g
[2025-06-28T04:42:47.624Z] [INFO] Scheduled reports check completed
[2025-06-28T04:42:47.626Z] [DEBUG] MongoDB connection closed
[2025-06-28T04:43:16.643Z] [INFO] Checking for scheduled reports...
[2025-06-28T04:43:17.588Z] [DEBUG] Connected to MongoDB
[2025-06-28T04:43:17.653Z] [INFO] Found 1 company databases
[2025-06-28T04:43:17.653Z] [DEBUG] Processing company database: company_9jxwph8g
[2025-06-28T04:43:17.708Z] [DEBUG] Finding reports to execute in company_9jxwph8g (current time: 2025-06-28T04:43:17.708Z)
[2025-06-28T04:43:17.762Z] [INFO] Found 0 reports to execute in company_9jxwph8g
[2025-06-28T04:43:17.763Z] [INFO] Scheduled reports check completed
[2025-06-28T04:43:17.765Z] [DEBUG] MongoDB connection closed
[2025-06-28T04:43:46.644Z] [INFO] Checking for scheduled reports...
[2025-06-28T04:43:47.448Z] [DEBUG] Connected to MongoDB
[2025-06-28T04:43:47.514Z] [INFO] Found 1 company databases
[2025-06-28T04:43:47.514Z] [DEBUG] Processing company database: company_9jxwph8g
[2025-06-28T04:43:47.570Z] [DEBUG] Finding reports to execute in company_9jxwph8g (current time: 2025-06-28T04:43:47.570Z)
[2025-06-28T04:43:47.624Z] [INFO] Found 0 reports to execute in company_9jxwph8g
[2025-06-28T04:43:47.624Z] [INFO] Scheduled reports check completed
[2025-06-28T04:43:47.626Z] [DEBUG] MongoDB connection closed
[2025-06-28T04:44:16.645Z] [INFO] Checking for scheduled reports...
[2025-06-28T04:44:17.479Z] [DEBUG] Connected to MongoDB
[2025-06-28T04:44:17.544Z] [INFO] Found 1 company databases
[2025-06-28T04:44:17.545Z] [DEBUG] Processing company database: company_9jxwph8g
[2025-06-28T04:44:17.599Z] [DEBUG] Finding reports to execute in company_9jxwph8g (current time: 2025-06-28T04:44:17.599Z)
[2025-06-28T04:44:17.653Z] [INFO] Found 0 reports to execute in company_9jxwph8g
[2025-06-28T04:44:17.653Z] [INFO] Scheduled reports check completed
[2025-06-28T04:44:17.655Z] [DEBUG] MongoDB connection closed
[2025-06-28T04:44:46.646Z] [INFO] Checking for scheduled reports...
[2025-06-28T04:44:47.304Z] [DEBUG] Connected to MongoDB
[2025-06-28T04:44:47.505Z] [INFO] Found 1 company databases
[2025-06-28T04:44:47.506Z] [DEBUG] Processing company database: company_9jxwph8g
[2025-06-28T04:44:47.559Z] [DEBUG] Finding reports to execute in company_9jxwph8g (current time: 2025-06-28T04:44:47.559Z)
[2025-06-28T04:44:47.613Z] [INFO] Found 0 reports to execute in company_9jxwph8g
[2025-06-28T04:44:47.614Z] [INFO] Scheduled reports check completed
[2025-06-28T04:44:47.616Z] [DEBUG] MongoDB connection closed
[2025-06-28T04:45:16.648Z] [INFO] Checking for scheduled reports...
[2025-06-28T04:45:17.580Z] [DEBUG] Connected to MongoDB
[2025-06-28T04:45:17.645Z] [INFO] Found 1 company databases
[2025-06-28T04:45:17.646Z] [DEBUG] Processing company database: company_9jxwph8g
[2025-06-28T04:45:17.700Z] [DEBUG] Finding reports to execute in company_9jxwph8g (current time: 2025-06-28T04:45:17.700Z)
[2025-06-28T04:45:17.754Z] [INFO] Found 0 reports to execute in company_9jxwph8g
[2025-06-28T04:45:17.755Z] [INFO] Scheduled reports check completed
[2025-06-28T04:45:17.757Z] [DEBUG] MongoDB connection closed
[2025-06-28T04:45:46.649Z] [INFO] Checking for scheduled reports...
[2025-06-28T04:45:47.293Z] [DEBUG] Connected to MongoDB
[2025-06-28T04:45:47.359Z] [INFO] Found 1 company databases
[2025-06-28T04:45:47.360Z] [DEBUG] Processing company database: company_9jxwph8g
[2025-06-28T04:45:47.561Z] [DEBUG] Finding reports to execute in company_9jxwph8g (current time: 2025-06-28T04:45:47.561Z)
[2025-06-28T04:45:47.616Z] [INFO] Found 0 reports to execute in company_9jxwph8g
[2025-06-28T04:45:47.617Z] [INFO] Scheduled reports check completed
[2025-06-28T04:45:47.619Z] [DEBUG] MongoDB connection closed
[2025-06-28T04:46:16.647Z] [INFO] Checking for scheduled reports...
[2025-06-28T04:46:17.347Z] [DEBUG] Connected to MongoDB
[2025-06-28T04:46:17.413Z] [INFO] Found 1 company databases
[2025-06-28T04:46:17.413Z] [DEBUG] Processing company database: company_9jxwph8g
[2025-06-28T04:46:17.677Z] [DEBUG] Finding reports to execute in company_9jxwph8g (current time: 2025-06-28T04:46:17.676Z)
[2025-06-28T04:46:17.731Z] [INFO] Found 0 reports to execute in company_9jxwph8g
[2025-06-28T04:46:17.731Z] [INFO] Scheduled reports check completed
[2025-06-28T04:46:17.733Z] [DEBUG] MongoDB connection closed
[2025-06-28T04:46:46.646Z] [INFO] Checking for scheduled reports...
[2025-06-28T04:46:47.308Z] [DEBUG] Connected to MongoDB
[2025-06-28T04:46:47.372Z] [INFO] Found 1 company databases
[2025-06-28T04:46:47.373Z] [DEBUG] Processing company database: company_9jxwph8g
[2025-06-28T04:46:47.427Z] [DEBUG] Finding reports to execute in company_9jxwph8g (current time: 2025-06-28T04:46:47.427Z)
[2025-06-28T04:46:47.604Z] [INFO] Found 0 reports to execute in company_9jxwph8g
[2025-06-28T04:46:47.605Z] [INFO] Scheduled reports check completed
[2025-06-28T04:46:47.607Z] [DEBUG] MongoDB connection closed
[2025-06-28T04:47:16.647Z] [INFO] Checking for scheduled reports...
[2025-06-28T04:47:17.348Z] [DEBUG] Connected to MongoDB
[2025-06-28T04:47:17.413Z] [INFO] Found 1 company databases
[2025-06-28T04:47:17.413Z] [DEBUG] Processing company database: company_9jxwph8g
[2025-06-28T04:47:17.639Z] [DEBUG] Finding reports to execute in company_9jxwph8g (current time: 2025-06-28T04:47:17.639Z)
[2025-06-28T04:47:17.694Z] [INFO] Found 0 reports to execute in company_9jxwph8g
[2025-06-28T04:47:17.694Z] [INFO] Scheduled reports check completed
[2025-06-28T04:47:17.698Z] [DEBUG] MongoDB connection closed
[2025-06-28T04:47:46.648Z] [INFO] Checking for scheduled reports...
[2025-06-28T04:47:47.314Z] [DEBUG] Connected to MongoDB
[2025-06-28T04:47:47.378Z] [INFO] Found 1 company databases
[2025-06-28T04:47:47.378Z] [DEBUG] Processing company database: company_9jxwph8g
[2025-06-28T04:47:47.431Z] [DEBUG] Finding reports to execute in company_9jxwph8g (current time: 2025-06-28T04:47:47.431Z)
[2025-06-28T04:47:47.485Z] [INFO] Found 0 reports to execute in company_9jxwph8g
[2025-06-28T04:47:47.485Z] [INFO] Scheduled reports check completed
[2025-06-28T04:47:47.487Z] [DEBUG] MongoDB connection closed
[2025-06-28T04:48:16.649Z] [INFO] Checking for scheduled reports...
[2025-06-28T04:48:17.413Z] [DEBUG] Connected to MongoDB
[2025-06-28T04:48:17.478Z] [INFO] Found 1 company databases
[2025-06-28T04:48:17.479Z] [DEBUG] Processing company database: company_9jxwph8g
[2025-06-28T04:48:17.674Z] [DEBUG] Finding reports to execute in company_9jxwph8g (current time: 2025-06-28T04:48:17.674Z)
[2025-06-28T04:48:17.728Z] [INFO] Found 0 reports to execute in company_9jxwph8g
[2025-06-28T04:48:17.729Z] [INFO] Scheduled reports check completed
[2025-06-28T04:48:17.730Z] [DEBUG] MongoDB connection closed
[2025-06-28T04:48:46.650Z] [INFO] Checking for scheduled reports...
[2025-06-28T04:48:47.312Z] [DEBUG] Connected to MongoDB
[2025-06-28T04:48:47.376Z] [INFO] Found 1 company databases
[2025-06-28T04:48:47.376Z] [DEBUG] Processing company database: company_9jxwph8g
[2025-06-28T04:48:47.430Z] [DEBUG] Finding reports to execute in company_9jxwph8g (current time: 2025-06-28T04:48:47.430Z)
[2025-06-28T04:48:47.483Z] [INFO] Found 0 reports to execute in company_9jxwph8g
[2025-06-28T04:48:47.483Z] [INFO] Scheduled reports check completed
[2025-06-28T04:48:47.484Z] [DEBUG] MongoDB connection closed
[2025-06-28T04:49:16.651Z] [INFO] Checking for scheduled reports...
[2025-06-28T04:49:17.482Z] [DEBUG] Connected to MongoDB
[2025-06-28T04:49:17.548Z] [INFO] Found 1 company databases
[2025-06-28T04:49:17.548Z] [DEBUG] Processing company database: company_9jxwph8g
[2025-06-28T04:49:17.733Z] [DEBUG] Finding reports to execute in company_9jxwph8g (current time: 2025-06-28T04:49:17.733Z)
[2025-06-28T04:49:17.786Z] [INFO] Found 0 reports to execute in company_9jxwph8g
[2025-06-28T04:49:17.787Z] [INFO] Scheduled reports check completed
[2025-06-28T04:49:17.788Z] [DEBUG] MongoDB connection closed
[2025-06-28T04:49:46.653Z] [INFO] Checking for scheduled reports...
[2025-06-28T04:49:47.320Z] [DEBUG] Connected to MongoDB
[2025-06-28T04:49:47.391Z] [INFO] Found 1 company databases
[2025-06-28T04:49:47.392Z] [DEBUG] Processing company database: company_9jxwph8g
[2025-06-28T04:49:47.451Z] [DEBUG] Finding reports to execute in company_9jxwph8g (current time: 2025-06-28T04:49:47.451Z)
[2025-06-28T04:49:47.503Z] [INFO] Found 0 reports to execute in company_9jxwph8g
[2025-06-28T04:49:47.503Z] [INFO] Scheduled reports check completed
[2025-06-28T04:49:47.504Z] [DEBUG] MongoDB connection closed
[2025-06-28T04:50:16.653Z] [INFO] Checking for scheduled reports...
[2025-06-28T04:50:17.388Z] [DEBUG] Connected to MongoDB
[2025-06-28T04:50:17.456Z] [INFO] Found 1 company databases
[2025-06-28T04:50:17.456Z] [DEBUG] Processing company database: company_9jxwph8g
[2025-06-28T04:50:17.513Z] [DEBUG] Finding reports to execute in company_9jxwph8g (current time: 2025-06-28T04:50:17.513Z)
[2025-06-28T04:50:17.567Z] [INFO] Found 0 reports to execute in company_9jxwph8g
[2025-06-28T04:50:17.568Z] [INFO] Scheduled reports check completed
[2025-06-28T04:50:17.570Z] [DEBUG] MongoDB connection closed
[2025-06-28T04:50:46.654Z] [INFO] Checking for scheduled reports...
[2025-06-28T04:50:47.315Z] [DEBUG] Connected to MongoDB
[2025-06-28T04:50:47.379Z] [INFO] Found 1 company databases
[2025-06-28T04:50:47.380Z] [DEBUG] Processing company database: company_9jxwph8g
[2025-06-28T04:50:47.433Z] [DEBUG] Finding reports to execute in company_9jxwph8g (current time: 2025-06-28T04:50:47.433Z)
[2025-06-28T04:50:47.487Z] [INFO] Found 0 reports to execute in company_9jxwph8g
[2025-06-28T04:50:47.488Z] [INFO] Scheduled reports check completed
[2025-06-28T04:50:47.489Z] [DEBUG] MongoDB connection closed
[2025-06-28T04:51:16.655Z] [INFO] Checking for scheduled reports...
[2025-06-28T04:51:17.427Z] [DEBUG] Connected to MongoDB
[2025-06-28T04:51:17.491Z] [INFO] Found 1 company databases
[2025-06-28T04:51:17.491Z] [DEBUG] Processing company database: company_9jxwph8g
[2025-06-28T04:51:17.545Z] [DEBUG] Finding reports to execute in company_9jxwph8g (current time: 2025-06-28T04:51:17.545Z)
[2025-06-28T04:51:17.599Z] [INFO] Found 0 reports to execute in company_9jxwph8g
[2025-06-28T04:51:17.599Z] [INFO] Scheduled reports check completed
[2025-06-28T04:51:17.601Z] [DEBUG] MongoDB connection closed
[2025-06-28T04:51:46.656Z] [INFO] Checking for scheduled reports...
[2025-06-28T04:51:47.321Z] [DEBUG] Connected to MongoDB
[2025-06-28T04:51:47.386Z] [INFO] Found 1 company databases
[2025-06-28T04:51:47.386Z] [DEBUG] Processing company database: company_9jxwph8g
[2025-06-28T04:51:47.440Z] [DEBUG] Finding reports to execute in company_9jxwph8g (current time: 2025-06-28T04:51:47.440Z)
[2025-06-28T04:51:47.495Z] [INFO] Found 0 reports to execute in company_9jxwph8g
[2025-06-28T04:51:47.495Z] [INFO] Scheduled reports check completed
[2025-06-28T04:51:47.498Z] [DEBUG] MongoDB connection closed
[2025-06-28T04:52:16.656Z] [INFO] Checking for scheduled reports...
[2025-06-28T04:52:17.341Z] [DEBUG] Connected to MongoDB
[2025-06-28T04:52:17.405Z] [INFO] Found 1 company databases
[2025-06-28T04:52:17.405Z] [DEBUG] Processing company database: company_9jxwph8g
[2025-06-28T04:52:17.459Z] [DEBUG] Finding reports to execute in company_9jxwph8g (current time: 2025-06-28T04:52:17.459Z)
[2025-06-28T04:52:17.512Z] [INFO] Found 0 reports to execute in company_9jxwph8g
[2025-06-28T04:52:17.512Z] [INFO] Scheduled reports check completed
[2025-06-28T04:52:17.514Z] [DEBUG] MongoDB connection closed
[2025-06-28T04:52:46.656Z] [INFO] Checking for scheduled reports...
[2025-06-28T04:52:47.393Z] [DEBUG] Connected to MongoDB
[2025-06-28T04:52:47.458Z] [INFO] Found 1 company databases
[2025-06-28T04:52:47.458Z] [DEBUG] Processing company database: company_9jxwph8g
[2025-06-28T04:52:47.512Z] [DEBUG] Finding reports to execute in company_9jxwph8g (current time: 2025-06-28T04:52:47.512Z)
[2025-06-28T04:52:47.566Z] [INFO] Found 0 reports to execute in company_9jxwph8g
[2025-06-28T04:52:47.566Z] [INFO] Scheduled reports check completed
[2025-06-28T04:52:47.568Z] [DEBUG] MongoDB connection closed
[2025-06-28T04:53:16.657Z] [INFO] Checking for scheduled reports...
[2025-06-28T04:53:17.357Z] [DEBUG] Connected to MongoDB
[2025-06-28T04:53:17.422Z] [INFO] Found 1 company databases
[2025-06-28T04:53:17.422Z] [DEBUG] Processing company database: company_9jxwph8g
[2025-06-28T04:53:17.476Z] [DEBUG] Finding reports to execute in company_9jxwph8g (current time: 2025-06-28T04:53:17.476Z)
[2025-06-28T04:53:17.530Z] [INFO] Found 0 reports to execute in company_9jxwph8g
[2025-06-28T04:53:17.530Z] [INFO] Scheduled reports check completed
[2025-06-28T04:53:17.532Z] [DEBUG] MongoDB connection closed
[2025-06-28T04:53:46.659Z] [INFO] Checking for scheduled reports...
[2025-06-28T04:53:47.318Z] [DEBUG] Connected to MongoDB
[2025-06-28T04:53:47.381Z] [INFO] Found 1 company databases
[2025-06-28T04:53:47.382Z] [DEBUG] Processing company database: company_9jxwph8g
[2025-06-28T04:53:47.436Z] [DEBUG] Finding reports to execute in company_9jxwph8g (current time: 2025-06-28T04:53:47.436Z)
[2025-06-28T04:53:47.490Z] [INFO] Found 0 reports to execute in company_9jxwph8g
[2025-06-28T04:53:47.490Z] [INFO] Scheduled reports check completed
[2025-06-28T04:53:47.492Z] [DEBUG] MongoDB connection closed
[2025-06-28T04:54:16.659Z] [INFO] Checking for scheduled reports...
[2025-06-28T04:54:17.426Z] [DEBUG] Connected to MongoDB
[2025-06-28T04:54:17.491Z] [INFO] Found 1 company databases
[2025-06-28T04:54:17.491Z] [DEBUG] Processing company database: company_9jxwph8g
[2025-06-28T04:54:17.547Z] [DEBUG] Finding reports to execute in company_9jxwph8g (current time: 2025-06-28T04:54:17.547Z)
[2025-06-28T04:54:17.600Z] [INFO] Found 0 reports to execute in company_9jxwph8g
[2025-06-28T04:54:17.601Z] [INFO] Scheduled reports check completed
[2025-06-28T04:54:17.603Z] [DEBUG] MongoDB connection closed
[2025-06-28T04:54:46.659Z] [INFO] Checking for scheduled reports...
[2025-06-28T04:54:47.316Z] [DEBUG] Connected to MongoDB
[2025-06-28T04:54:47.381Z] [INFO] Found 1 company databases
[2025-06-28T04:54:47.382Z] [DEBUG] Processing company database: company_9jxwph8g
[2025-06-28T04:54:47.435Z] [DEBUG] Finding reports to execute in company_9jxwph8g (current time: 2025-06-28T04:54:47.435Z)
[2025-06-28T04:54:47.489Z] [INFO] Found 0 reports to execute in company_9jxwph8g
[2025-06-28T04:54:47.489Z] [INFO] Scheduled reports check completed
[2025-06-28T04:54:47.491Z] [DEBUG] MongoDB connection closed
[2025-06-28T04:55:16.659Z] [INFO] Checking for scheduled reports...
[2025-06-28T04:55:17.357Z] [DEBUG] Connected to MongoDB
[2025-06-28T04:55:17.423Z] [INFO] Found 1 company databases
[2025-06-28T04:55:17.423Z] [DEBUG] Processing company database: company_9jxwph8g
[2025-06-28T04:55:17.477Z] [DEBUG] Finding reports to execute in company_9jxwph8g (current time: 2025-06-28T04:55:17.477Z)
[2025-06-28T04:55:17.530Z] [INFO] Found 0 reports to execute in company_9jxwph8g
[2025-06-28T04:55:17.531Z] [INFO] Scheduled reports check completed
[2025-06-28T04:55:17.533Z] [DEBUG] MongoDB connection closed
[2025-06-28T04:55:46.659Z] [INFO] Checking for scheduled reports...
[2025-06-28T04:55:47.393Z] [DEBUG] Connected to MongoDB
[2025-06-28T04:55:47.458Z] [INFO] Found 1 company databases
[2025-06-28T04:55:47.459Z] [DEBUG] Processing company database: company_9jxwph8g
[2025-06-28T04:55:47.513Z] [DEBUG] Finding reports to execute in company_9jxwph8g (current time: 2025-06-28T04:55:47.513Z)
[2025-06-28T04:55:47.567Z] [INFO] Found 0 reports to execute in company_9jxwph8g
[2025-06-28T04:55:47.567Z] [INFO] Scheduled reports check completed
[2025-06-28T04:55:47.569Z] [DEBUG] MongoDB connection closed
[2025-06-28T04:56:16.660Z] [INFO] Checking for scheduled reports...
[2025-06-28T04:56:17.353Z] [DEBUG] Connected to MongoDB
[2025-06-28T04:56:17.419Z] [INFO] Found 1 company databases
[2025-06-28T04:56:17.420Z] [DEBUG] Processing company database: company_9jxwph8g
[2025-06-28T04:56:17.473Z] [DEBUG] Finding reports to execute in company_9jxwph8g (current time: 2025-06-28T04:56:17.473Z)
[2025-06-28T04:56:17.527Z] [INFO] Found 0 reports to execute in company_9jxwph8g
[2025-06-28T04:56:17.527Z] [INFO] Scheduled reports check completed
[2025-06-28T04:56:17.529Z] [DEBUG] MongoDB connection closed
[2025-06-28T04:56:46.661Z] [INFO] Checking for scheduled reports...
[2025-06-28T04:56:47.328Z] [DEBUG] Connected to MongoDB
[2025-06-28T04:56:47.392Z] [INFO] Found 1 company databases
[2025-06-28T04:56:47.393Z] [DEBUG] Processing company database: company_9jxwph8g
[2025-06-28T04:56:47.447Z] [DEBUG] Finding reports to execute in company_9jxwph8g (current time: 2025-06-28T04:56:47.447Z)
[2025-06-28T04:56:47.501Z] [INFO] Found 0 reports to execute in company_9jxwph8g
[2025-06-28T04:56:47.501Z] [INFO] Scheduled reports check completed
[2025-06-28T04:56:47.503Z] [DEBUG] MongoDB connection closed
[2025-06-28T04:57:16.662Z] [INFO] Checking for scheduled reports...
[2025-06-28T04:57:17.431Z] [DEBUG] Connected to MongoDB
[2025-06-28T04:57:17.496Z] [INFO] Found 1 company databases
[2025-06-28T04:57:17.497Z] [DEBUG] Processing company database: company_9jxwph8g
[2025-06-28T04:57:17.551Z] [DEBUG] Finding reports to execute in company_9jxwph8g (current time: 2025-06-28T04:57:17.551Z)
[2025-06-28T04:57:17.604Z] [INFO] Found 0 reports to execute in company_9jxwph8g
[2025-06-28T04:57:17.605Z] [INFO] Scheduled reports check completed
[2025-06-28T04:57:17.608Z] [DEBUG] MongoDB connection closed
[2025-06-28T04:57:46.663Z] [INFO] Checking for scheduled reports...
[2025-06-28T04:57:47.323Z] [DEBUG] Connected to MongoDB
[2025-06-28T04:57:47.387Z] [INFO] Found 1 company databases
[2025-06-28T04:57:47.387Z] [DEBUG] Processing company database: company_9jxwph8g
[2025-06-28T04:57:47.441Z] [DEBUG] Finding reports to execute in company_9jxwph8g (current time: 2025-06-28T04:57:47.441Z)
[2025-06-28T04:57:47.494Z] [INFO] Found 0 reports to execute in company_9jxwph8g
[2025-06-28T04:57:47.494Z] [INFO] Scheduled reports check completed
[2025-06-28T04:57:47.495Z] [DEBUG] MongoDB connection closed
[2025-06-28T04:58:16.664Z] [INFO] Checking for scheduled reports...
[2025-06-28T04:58:17.502Z] [DEBUG] Connected to MongoDB
[2025-06-28T04:58:17.575Z] [INFO] Found 1 company databases
[2025-06-28T04:58:17.575Z] [DEBUG] Processing company database: company_9jxwph8g
[2025-06-28T04:58:17.633Z] [DEBUG] Finding reports to execute in company_9jxwph8g (current time: 2025-06-28T04:58:17.633Z)
[2025-06-28T04:58:17.687Z] [INFO] Found 0 reports to execute in company_9jxwph8g
[2025-06-28T04:58:17.687Z] [INFO] Scheduled reports check completed
[2025-06-28T04:58:17.688Z] [DEBUG] MongoDB connection closed
[2025-06-28T04:58:46.665Z] [INFO] Checking for scheduled reports...
[2025-06-28T04:58:47.478Z] [DEBUG] Connected to MongoDB
[2025-06-28T04:58:47.541Z] [INFO] Found 1 company databases
[2025-06-28T04:58:47.542Z] [DEBUG] Processing company database: company_9jxwph8g
[2025-06-28T04:58:47.596Z] [DEBUG] Finding reports to execute in company_9jxwph8g (current time: 2025-06-28T04:58:47.596Z)
[2025-06-28T04:58:47.650Z] [INFO] Found 0 reports to execute in company_9jxwph8g
[2025-06-28T04:58:47.650Z] [INFO] Scheduled reports check completed
[2025-06-28T04:58:47.653Z] [DEBUG] MongoDB connection closed
[2025-06-28T04:59:16.666Z] [INFO] Checking for scheduled reports...
[2025-06-28T04:59:17.364Z] [DEBUG] Connected to MongoDB
[2025-06-28T04:59:17.430Z] [INFO] Found 1 company databases
[2025-06-28T04:59:17.431Z] [DEBUG] Processing company database: company_9jxwph8g
[2025-06-28T04:59:17.485Z] [DEBUG] Finding reports to execute in company_9jxwph8g (current time: 2025-06-28T04:59:17.485Z)
[2025-06-28T04:59:17.540Z] [INFO] Found 0 reports to execute in company_9jxwph8g
[2025-06-28T04:59:17.540Z] [INFO] Scheduled reports check completed
[2025-06-28T04:59:17.543Z] [DEBUG] MongoDB connection closed
[2025-06-28T04:59:46.667Z] [INFO] Checking for scheduled reports...
[2025-06-28T04:59:47.325Z] [DEBUG] Connected to MongoDB
[2025-06-28T04:59:47.390Z] [INFO] Found 1 company databases
[2025-06-28T04:59:47.390Z] [DEBUG] Processing company database: company_9jxwph8g
[2025-06-28T04:59:47.444Z] [DEBUG] Finding reports to execute in company_9jxwph8g (current time: 2025-06-28T04:59:47.444Z)
[2025-06-28T04:59:47.498Z] [INFO] Found 0 reports to execute in company_9jxwph8g
[2025-06-28T04:59:47.498Z] [INFO] Scheduled reports check completed
[2025-06-28T04:59:47.500Z] [DEBUG] MongoDB connection closed
[2025-06-28T05:00:16.668Z] [INFO] Checking for scheduled reports...
[2025-06-28T05:00:17.457Z] [DEBUG] Connected to MongoDB
[2025-06-28T05:00:17.525Z] [INFO] Found 1 company databases
[2025-06-28T05:00:17.525Z] [DEBUG] Processing company database: company_9jxwph8g
[2025-06-28T05:00:17.579Z] [DEBUG] Finding reports to execute in company_9jxwph8g (current time: 2025-06-28T05:00:17.579Z)
[2025-06-28T05:00:17.632Z] [INFO] Found 0 reports to execute in company_9jxwph8g
[2025-06-28T05:00:17.633Z] [INFO] Scheduled reports check completed
[2025-06-28T05:00:17.635Z] [DEBUG] MongoDB connection closed
[2025-06-28T05:00:46.669Z] [INFO] Checking for scheduled reports...
[2025-06-28T05:00:47.327Z] [DEBUG] Connected to MongoDB
[2025-06-28T05:00:47.392Z] [INFO] Found 1 company databases
[2025-06-28T05:00:47.393Z] [DEBUG] Processing company database: company_9jxwph8g
[2025-06-28T05:00:47.447Z] [DEBUG] Finding reports to execute in company_9jxwph8g (current time: 2025-06-28T05:00:47.447Z)
[2025-06-28T05:00:47.502Z] [INFO] Found 0 reports to execute in company_9jxwph8g
[2025-06-28T05:00:47.502Z] [INFO] Scheduled reports check completed
[2025-06-28T05:00:47.505Z] [DEBUG] MongoDB connection closed
[2025-06-28T05:01:16.670Z] [INFO] Checking for scheduled reports...
[2025-06-28T05:01:17.484Z] [DEBUG] Connected to MongoDB
[2025-06-28T05:01:17.548Z] [INFO] Found 1 company databases
[2025-06-28T05:01:17.548Z] [DEBUG] Processing company database: company_9jxwph8g
[2025-06-28T05:01:17.602Z] [DEBUG] Finding reports to execute in company_9jxwph8g (current time: 2025-06-28T05:01:17.602Z)
[2025-06-28T05:01:17.658Z] [INFO] Found 0 reports to execute in company_9jxwph8g
[2025-06-28T05:01:17.658Z] [INFO] Scheduled reports check completed
[2025-06-28T05:01:17.660Z] [DEBUG] MongoDB connection closed
[2025-06-28T05:01:46.671Z] [INFO] Checking for scheduled reports...
[2025-06-28T05:01:47.425Z] [DEBUG] Connected to MongoDB
[2025-06-28T05:01:47.489Z] [INFO] Found 1 company databases
[2025-06-28T05:01:47.490Z] [DEBUG] Processing company database: company_9jxwph8g
[2025-06-28T05:01:47.545Z] [DEBUG] Finding reports to execute in company_9jxwph8g (current time: 2025-06-28T05:01:47.545Z)
[2025-06-28T05:01:47.600Z] [INFO] Found 0 reports to execute in company_9jxwph8g
[2025-06-28T05:01:47.601Z] [INFO] Scheduled reports check completed
[2025-06-28T05:01:47.604Z] [DEBUG] MongoDB connection closed
[2025-06-28T05:02:16.673Z] [INFO] Checking for scheduled reports...
[2025-06-28T05:02:17.361Z] [DEBUG] Connected to MongoDB
[2025-06-28T05:02:17.427Z] [INFO] Found 1 company databases
[2025-06-28T05:02:17.428Z] [DEBUG] Processing company database: company_9jxwph8g
[2025-06-28T05:02:17.482Z] [DEBUG] Finding reports to execute in company_9jxwph8g (current time: 2025-06-28T05:02:17.482Z)
[2025-06-28T05:02:17.546Z] [INFO] Found 0 reports to execute in company_9jxwph8g
[2025-06-28T05:02:17.546Z] [INFO] Scheduled reports check completed
[2025-06-28T05:02:17.548Z] [DEBUG] MongoDB connection closed
[2025-06-28T05:02:46.674Z] [INFO] Checking for scheduled reports...
[2025-06-28T05:02:47.340Z] [DEBUG] Connected to MongoDB
[2025-06-28T05:02:47.404Z] [INFO] Found 1 company databases
[2025-06-28T05:02:47.404Z] [DEBUG] Processing company database: company_9jxwph8g
[2025-06-28T05:02:47.459Z] [DEBUG] Finding reports to execute in company_9jxwph8g (current time: 2025-06-28T05:02:47.459Z)
[2025-06-28T05:02:47.512Z] [INFO] Found 0 reports to execute in company_9jxwph8g
[2025-06-28T05:02:47.512Z] [INFO] Scheduled reports check completed
[2025-06-28T05:02:47.513Z] [DEBUG] MongoDB connection closed
[2025-06-28T05:03:16.674Z] [INFO] Checking for scheduled reports...
[2025-06-28T05:03:17.462Z] [DEBUG] Connected to MongoDB
[2025-06-28T05:03:17.527Z] [INFO] Found 1 company databases
[2025-06-28T05:03:17.527Z] [DEBUG] Processing company database: company_9jxwph8g
[2025-06-28T05:03:17.581Z] [DEBUG] Finding reports to execute in company_9jxwph8g (current time: 2025-06-28T05:03:17.581Z)
[2025-06-28T05:03:17.636Z] [INFO] Found 0 reports to execute in company_9jxwph8g
[2025-06-28T05:03:17.637Z] [INFO] Scheduled reports check completed
[2025-06-28T05:03:17.639Z] [DEBUG] MongoDB connection closed
[2025-06-28T05:03:46.676Z] [INFO] Checking for scheduled reports...
[2025-06-28T05:03:47.337Z] [DEBUG] Connected to MongoDB
[2025-06-28T05:03:47.403Z] [INFO] Found 1 company databases
[2025-06-28T05:03:47.404Z] [DEBUG] Processing company database: company_9jxwph8g
[2025-06-28T05:03:47.458Z] [DEBUG] Finding reports to execute in company_9jxwph8g (current time: 2025-06-28T05:03:47.458Z)
[2025-06-28T05:03:47.512Z] [INFO] Found 0 reports to execute in company_9jxwph8g
[2025-06-28T05:03:47.512Z] [INFO] Scheduled reports check completed
[2025-06-28T05:03:47.513Z] [DEBUG] MongoDB connection closed
[2025-06-28T05:04:16.676Z] [INFO] Checking for scheduled reports...
[2025-06-28T05:04:17.447Z] [DEBUG] Connected to MongoDB
[2025-06-28T05:04:17.508Z] [INFO] Found 1 company databases
[2025-06-28T05:04:17.508Z] [DEBUG] Processing company database: company_9jxwph8g
[2025-06-28T05:04:17.560Z] [DEBUG] Finding reports to execute in company_9jxwph8g (current time: 2025-06-28T05:04:17.560Z)
[2025-06-28T05:04:17.611Z] [INFO] Found 0 reports to execute in company_9jxwph8g
[2025-06-28T05:04:17.612Z] [INFO] Scheduled reports check completed
[2025-06-28T05:04:17.613Z] [DEBUG] MongoDB connection closed
[2025-06-28T05:04:46.677Z] [INFO] Checking for scheduled reports...
[2025-06-28T05:04:47.392Z] [DEBUG] Connected to MongoDB
[2025-06-28T05:04:47.453Z] [INFO] Found 1 company databases
[2025-06-28T05:04:47.453Z] [DEBUG] Processing company database: company_9jxwph8g
[2025-06-28T05:04:47.505Z] [DEBUG] Finding reports to execute in company_9jxwph8g (current time: 2025-06-28T05:04:47.505Z)
[2025-06-28T05:04:47.556Z] [INFO] Found 0 reports to execute in company_9jxwph8g
[2025-06-28T05:04:47.556Z] [INFO] Scheduled reports check completed
[2025-06-28T05:04:47.558Z] [DEBUG] MongoDB connection closed
[2025-06-28T05:05:16.678Z] [INFO] Checking for scheduled reports...
[2025-06-28T05:05:17.392Z] [DEBUG] Connected to MongoDB
[2025-06-28T05:05:17.455Z] [INFO] Found 1 company databases
[2025-06-28T05:05:17.455Z] [DEBUG] Processing company database: company_9jxwph8g
[2025-06-28T05:05:17.507Z] [DEBUG] Finding reports to execute in company_9jxwph8g (current time: 2025-06-28T05:05:17.507Z)
[2025-06-28T05:05:17.558Z] [INFO] Found 0 reports to execute in company_9jxwph8g
[2025-06-28T05:05:17.559Z] [INFO] Scheduled reports check completed
[2025-06-28T05:05:17.561Z] [DEBUG] MongoDB connection closed
[2025-06-28T05:05:46.680Z] [INFO] Checking for scheduled reports...
[2025-06-28T05:05:47.306Z] [DEBUG] Connected to MongoDB
[2025-06-28T05:05:47.367Z] [INFO] Found 1 company databases
[2025-06-28T05:05:47.368Z] [DEBUG] Processing company database: company_9jxwph8g
[2025-06-28T05:05:47.419Z] [DEBUG] Finding reports to execute in company_9jxwph8g (current time: 2025-06-28T05:05:47.419Z)
[2025-06-28T05:05:47.470Z] [INFO] Found 0 reports to execute in company_9jxwph8g
[2025-06-28T05:05:47.471Z] [INFO] Scheduled reports check completed
[2025-06-28T05:05:47.472Z] [DEBUG] MongoDB connection closed
[2025-06-28T05:06:16.682Z] [INFO] Checking for scheduled reports...
[2025-06-28T05:06:17.421Z] [DEBUG] Connected to MongoDB
[2025-06-28T05:06:17.483Z] [INFO] Found 1 company databases
[2025-06-28T05:06:17.484Z] [DEBUG] Processing company database: company_9jxwph8g
[2025-06-28T05:06:17.535Z] [DEBUG] Finding reports to execute in company_9jxwph8g (current time: 2025-06-28T05:06:17.535Z)
[2025-06-28T05:06:17.585Z] [INFO] Found 0 reports to execute in company_9jxwph8g
[2025-06-28T05:06:17.586Z] [INFO] Scheduled reports check completed
[2025-06-28T05:06:17.587Z] [DEBUG] MongoDB connection closed
[2025-06-28T05:06:46.683Z] [INFO] Checking for scheduled reports...
[2025-06-28T05:06:47.333Z] [DEBUG] Connected to MongoDB
[2025-06-28T05:06:47.404Z] [INFO] Found 1 company databases
[2025-06-28T05:06:47.404Z] [DEBUG] Processing company database: company_9jxwph8g
[2025-06-28T05:06:47.456Z] [DEBUG] Finding reports to execute in company_9jxwph8g (current time: 2025-06-28T05:06:47.456Z)
[2025-06-28T05:06:47.508Z] [INFO] Found 0 reports to execute in company_9jxwph8g
[2025-06-28T05:06:47.508Z] [INFO] Scheduled reports check completed
[2025-06-28T05:06:47.509Z] [DEBUG] MongoDB connection closed
[2025-06-28T05:07:16.684Z] [INFO] Checking for scheduled reports...
[2025-06-28T05:07:17.465Z] [DEBUG] Connected to MongoDB
[2025-06-28T05:07:17.528Z] [INFO] Found 1 company databases
[2025-06-28T05:07:17.528Z] [DEBUG] Processing company database: company_9jxwph8g
[2025-06-28T05:07:17.590Z] [DEBUG] Finding reports to execute in company_9jxwph8g (current time: 2025-06-28T05:07:17.590Z)
[2025-06-28T05:07:17.640Z] [INFO] Found 0 reports to execute in company_9jxwph8g
[2025-06-28T05:07:17.641Z] [INFO] Scheduled reports check completed
[2025-06-28T05:07:17.643Z] [DEBUG] MongoDB connection closed
[2025-06-28T05:07:46.685Z] [INFO] Checking for scheduled reports...
[2025-06-28T05:07:47.395Z] [DEBUG] Connected to MongoDB
[2025-06-28T05:07:47.458Z] [INFO] Found 1 company databases
[2025-06-28T05:07:47.458Z] [DEBUG] Processing company database: company_9jxwph8g
[2025-06-28T05:07:47.512Z] [DEBUG] Finding reports to execute in company_9jxwph8g (current time: 2025-06-28T05:07:47.512Z)
[2025-06-28T05:07:47.564Z] [INFO] Found 0 reports to execute in company_9jxwph8g
[2025-06-28T05:07:47.564Z] [INFO] Scheduled reports check completed
[2025-06-28T05:07:47.566Z] [DEBUG] MongoDB connection closed
[2025-06-28T05:08:16.687Z] [INFO] Checking for scheduled reports...
[2025-06-28T05:08:17.358Z] [DEBUG] Connected to MongoDB
[2025-06-28T05:08:17.431Z] [INFO] Found 1 company databases
[2025-06-28T05:08:17.433Z] [DEBUG] Processing company database: company_9jxwph8g
[2025-06-28T05:08:17.484Z] [DEBUG] Finding reports to execute in company_9jxwph8g (current time: 2025-06-28T05:08:17.484Z)
[2025-06-28T05:08:17.535Z] [INFO] Found 0 reports to execute in company_9jxwph8g
[2025-06-28T05:08:17.536Z] [INFO] Scheduled reports check completed
[2025-06-28T05:08:17.539Z] [DEBUG] MongoDB connection closed
[2025-06-28T05:08:46.687Z] [INFO] Checking for scheduled reports...
[2025-06-28T05:08:47.321Z] [DEBUG] Connected to MongoDB
[2025-06-28T05:08:47.383Z] [INFO] Found 1 company databases
[2025-06-28T05:08:47.383Z] [DEBUG] Processing company database: company_9jxwph8g
[2025-06-28T05:08:47.434Z] [DEBUG] Finding reports to execute in company_9jxwph8g (current time: 2025-06-28T05:08:47.434Z)
[2025-06-28T05:08:47.485Z] [INFO] Found 0 reports to execute in company_9jxwph8g
[2025-06-28T05:08:47.486Z] [INFO] Scheduled reports check completed
[2025-06-28T05:08:47.488Z] [DEBUG] MongoDB connection closed
[2025-06-28T05:09:16.688Z] [INFO] Checking for scheduled reports...
[2025-06-28T05:09:17.457Z] [DEBUG] Connected to MongoDB
[2025-06-28T05:09:17.521Z] [INFO] Found 1 company databases
[2025-06-28T05:09:17.521Z] [DEBUG] Processing company database: company_9jxwph8g
[2025-06-28T05:09:17.576Z] [DEBUG] Finding reports to execute in company_9jxwph8g (current time: 2025-06-28T05:09:17.576Z)
[2025-06-28T05:09:17.629Z] [INFO] Found 0 reports to execute in company_9jxwph8g
[2025-06-28T05:09:17.629Z] [INFO] Scheduled reports check completed
[2025-06-28T05:09:17.631Z] [DEBUG] MongoDB connection closed
[2025-06-28T05:09:46.689Z] [INFO] Checking for scheduled reports...
[2025-06-28T05:09:47.355Z] [DEBUG] Connected to MongoDB
[2025-06-28T05:09:47.420Z] [INFO] Found 1 company databases
[2025-06-28T05:09:47.421Z] [DEBUG] Processing company database: company_9jxwph8g
[2025-06-28T05:09:47.476Z] [DEBUG] Finding reports to execute in company_9jxwph8g (current time: 2025-06-28T05:09:47.476Z)
[2025-06-28T05:09:47.529Z] [INFO] Found 0 reports to execute in company_9jxwph8g
[2025-06-28T05:09:47.530Z] [INFO] Scheduled reports check completed
[2025-06-28T05:09:47.531Z] [DEBUG] MongoDB connection closed
[2025-06-28T05:10:16.691Z] [INFO] Checking for scheduled reports...
[2025-06-28T05:10:17.464Z] [DEBUG] Connected to MongoDB
[2025-06-28T05:10:17.529Z] [INFO] Found 1 company databases
[2025-06-28T05:10:17.530Z] [DEBUG] Processing company database: company_9jxwph8g
[2025-06-28T05:10:17.583Z] [DEBUG] Finding reports to execute in company_9jxwph8g (current time: 2025-06-28T05:10:17.583Z)
[2025-06-28T05:10:17.636Z] [INFO] Found 0 reports to execute in company_9jxwph8g
[2025-06-28T05:10:17.636Z] [INFO] Scheduled reports check completed
[2025-06-28T05:10:17.637Z] [DEBUG] MongoDB connection closed
[2025-06-28T05:10:46.693Z] [INFO] Checking for scheduled reports...
[2025-06-28T05:10:47.431Z] [DEBUG] Connected to MongoDB
[2025-06-28T05:10:47.496Z] [INFO] Found 1 company databases
[2025-06-28T05:10:47.497Z] [DEBUG] Processing company database: company_9jxwph8g
[2025-06-28T05:10:47.552Z] [DEBUG] Finding reports to execute in company_9jxwph8g (current time: 2025-06-28T05:10:47.552Z)
[2025-06-28T05:10:47.607Z] [INFO] Found 0 reports to execute in company_9jxwph8g
[2025-06-28T05:10:47.607Z] [INFO] Scheduled reports check completed
[2025-06-28T05:10:47.608Z] [DEBUG] MongoDB connection closed
[2025-06-28T05:11:16.693Z] [INFO] Checking for scheduled reports...
[2025-06-28T05:11:17.388Z] [DEBUG] Connected to MongoDB
[2025-06-28T05:11:17.452Z] [INFO] Found 1 company databases
[2025-06-28T05:11:17.453Z] [DEBUG] Processing company database: company_9jxwph8g
[2025-06-28T05:11:17.506Z] [DEBUG] Finding reports to execute in company_9jxwph8g (current time: 2025-06-28T05:11:17.506Z)
[2025-06-28T05:11:17.560Z] [INFO] Found 0 reports to execute in company_9jxwph8g
[2025-06-28T05:11:17.561Z] [INFO] Scheduled reports check completed
[2025-06-28T05:11:17.562Z] [DEBUG] MongoDB connection closed
[2025-06-28T05:11:46.695Z] [INFO] Checking for scheduled reports...
[2025-06-28T05:11:47.464Z] [DEBUG] Connected to MongoDB
[2025-06-28T05:11:47.529Z] [INFO] Found 1 company databases
[2025-06-28T05:11:47.530Z] [DEBUG] Processing company database: company_9jxwph8g
[2025-06-28T05:11:47.584Z] [DEBUG] Finding reports to execute in company_9jxwph8g (current time: 2025-06-28T05:11:47.584Z)
[2025-06-28T05:11:47.638Z] [INFO] Found 0 reports to execute in company_9jxwph8g
[2025-06-28T05:11:47.639Z] [INFO] Scheduled reports check completed
[2025-06-28T05:11:47.641Z] [DEBUG] MongoDB connection closed
[2025-06-28T05:12:16.695Z] [INFO] Checking for scheduled reports...
[2025-06-28T05:12:17.490Z] [DEBUG] Connected to MongoDB
[2025-06-28T05:12:17.557Z] [INFO] Found 1 company databases
[2025-06-28T05:12:17.558Z] [DEBUG] Processing company database: company_9jxwph8g
[2025-06-28T05:12:17.612Z] [DEBUG] Finding reports to execute in company_9jxwph8g (current time: 2025-06-28T05:12:17.612Z)
[2025-06-28T05:12:17.665Z] [INFO] Found 0 reports to execute in company_9jxwph8g
[2025-06-28T05:12:17.665Z] [INFO] Scheduled reports check completed
[2025-06-28T05:12:17.666Z] [DEBUG] MongoDB connection closed
[2025-06-28T05:12:46.696Z] [INFO] Checking for scheduled reports...
[2025-06-28T05:12:47.348Z] [DEBUG] Connected to MongoDB
[2025-06-28T05:12:47.412Z] [INFO] Found 1 company databases
[2025-06-28T05:12:47.413Z] [DEBUG] Processing company database: company_9jxwph8g
[2025-06-28T05:12:47.467Z] [DEBUG] Finding reports to execute in company_9jxwph8g (current time: 2025-06-28T05:12:47.467Z)
[2025-06-28T05:12:47.520Z] [INFO] Found 0 reports to execute in company_9jxwph8g
[2025-06-28T05:12:47.521Z] [INFO] Scheduled reports check completed
[2025-06-28T05:12:47.523Z] [DEBUG] MongoDB connection closed
[2025-06-28T05:13:16.698Z] [INFO] Checking for scheduled reports...
[2025-06-28T05:13:17.394Z] [DEBUG] Connected to MongoDB
[2025-06-28T05:13:17.459Z] [INFO] Found 1 company databases
[2025-06-28T05:13:17.460Z] [DEBUG] Processing company database: company_9jxwph8g
[2025-06-28T05:13:17.514Z] [DEBUG] Finding reports to execute in company_9jxwph8g (current time: 2025-06-28T05:13:17.514Z)
[2025-06-28T05:13:17.567Z] [INFO] Found 0 reports to execute in company_9jxwph8g
[2025-06-28T05:13:17.567Z] [INFO] Scheduled reports check completed
[2025-06-28T05:13:17.569Z] [DEBUG] MongoDB connection closed
[2025-06-28T05:13:46.699Z] [INFO] Checking for scheduled reports...
[2025-06-28T05:13:47.428Z] [DEBUG] Connected to MongoDB
[2025-06-28T05:13:47.493Z] [INFO] Found 1 company databases
[2025-06-28T05:13:47.494Z] [DEBUG] Processing company database: company_9jxwph8g
[2025-06-28T05:13:47.548Z] [DEBUG] Finding reports to execute in company_9jxwph8g (current time: 2025-06-28T05:13:47.548Z)
[2025-06-28T05:13:47.601Z] [INFO] Found 0 reports to execute in company_9jxwph8g
[2025-06-28T05:13:47.602Z] [INFO] Scheduled reports check completed
[2025-06-28T05:13:47.605Z] [DEBUG] MongoDB connection closed
[2025-06-28T05:14:16.700Z] [INFO] Checking for scheduled reports...
[2025-06-28T05:14:17.391Z] [DEBUG] Connected to MongoDB
[2025-06-28T05:14:17.457Z] [INFO] Found 1 company databases
[2025-06-28T05:14:17.457Z] [DEBUG] Processing company database: company_9jxwph8g
[2025-06-28T05:14:17.513Z] [DEBUG] Finding reports to execute in company_9jxwph8g (current time: 2025-06-28T05:14:17.513Z)
[2025-06-28T05:14:17.567Z] [INFO] Found 0 reports to execute in company_9jxwph8g
[2025-06-28T05:14:17.568Z] [INFO] Scheduled reports check completed
[2025-06-28T05:14:17.571Z] [DEBUG] MongoDB connection closed
[2025-06-28T05:14:46.701Z] [INFO] Checking for scheduled reports...
[2025-06-28T05:14:47.353Z] [DEBUG] Connected to MongoDB
[2025-06-28T05:14:47.418Z] [INFO] Found 1 company databases
[2025-06-28T05:14:47.418Z] [DEBUG] Processing company database: company_9jxwph8g
[2025-06-28T05:14:47.472Z] [DEBUG] Finding reports to execute in company_9jxwph8g (current time: 2025-06-28T05:14:47.472Z)
[2025-06-28T05:14:47.525Z] [INFO] Found 0 reports to execute in company_9jxwph8g
[2025-06-28T05:14:47.526Z] [INFO] Scheduled reports check completed
[2025-06-28T05:14:47.528Z] [DEBUG] MongoDB connection closed
[2025-06-28T05:15:16.702Z] [INFO] Checking for scheduled reports...
[2025-06-28T05:15:17.462Z] [DEBUG] Connected to MongoDB
[2025-06-28T05:15:17.526Z] [INFO] Found 1 company databases
[2025-06-28T05:15:17.526Z] [DEBUG] Processing company database: company_9jxwph8g
[2025-06-28T05:15:17.580Z] [DEBUG] Finding reports to execute in company_9jxwph8g (current time: 2025-06-28T05:15:17.580Z)
[2025-06-28T05:15:17.633Z] [INFO] Found 0 reports to execute in company_9jxwph8g
[2025-06-28T05:15:17.633Z] [INFO] Scheduled reports check completed
[2025-06-28T05:15:17.634Z] [DEBUG] MongoDB connection closed
[2025-06-28T05:15:46.703Z] [INFO] Checking for scheduled reports...
[2025-06-28T05:15:47.369Z] [DEBUG] Connected to MongoDB
[2025-06-28T05:15:47.434Z] [INFO] Found 1 company databases
[2025-06-28T05:15:47.434Z] [DEBUG] Processing company database: company_9jxwph8g
[2025-06-28T05:15:47.488Z] [DEBUG] Finding reports to execute in company_9jxwph8g (current time: 2025-06-28T05:15:47.488Z)
[2025-06-28T05:15:47.541Z] [INFO] Found 0 reports to execute in company_9jxwph8g
[2025-06-28T05:15:47.542Z] [INFO] Scheduled reports check completed
[2025-06-28T05:15:47.544Z] [DEBUG] MongoDB connection closed
[2025-06-28T05:16:16.703Z] [INFO] Checking for scheduled reports...
[2025-06-28T05:16:17.393Z] [DEBUG] Connected to MongoDB
[2025-06-28T05:16:17.458Z] [INFO] Found 1 company databases
[2025-06-28T05:16:17.458Z] [DEBUG] Processing company database: company_9jxwph8g
[2025-06-28T05:16:17.513Z] [DEBUG] Finding reports to execute in company_9jxwph8g (current time: 2025-06-28T05:16:17.513Z)
[2025-06-28T05:16:17.567Z] [INFO] Found 0 reports to execute in company_9jxwph8g
[2025-06-28T05:16:17.568Z] [INFO] Scheduled reports check completed
[2025-06-28T05:16:17.570Z] [DEBUG] MongoDB connection closed
[2025-06-28T05:16:46.705Z] [INFO] Checking for scheduled reports...
[2025-06-28T05:16:47.367Z] [DEBUG] Connected to MongoDB
[2025-06-28T05:16:47.433Z] [INFO] Found 1 company databases
[2025-06-28T05:16:47.433Z] [DEBUG] Processing company database: company_9jxwph8g
[2025-06-28T05:16:47.488Z] [DEBUG] Finding reports to execute in company_9jxwph8g (current time: 2025-06-28T05:16:47.488Z)
[2025-06-28T05:16:47.542Z] [INFO] Found 0 reports to execute in company_9jxwph8g
[2025-06-28T05:16:47.543Z] [INFO] Scheduled reports check completed
[2025-06-28T05:16:47.545Z] [DEBUG] MongoDB connection closed
[2025-06-28T05:17:16.706Z] [INFO] Checking for scheduled reports...
[2025-06-28T05:17:17.423Z] [DEBUG] Connected to MongoDB
[2025-06-28T05:17:17.508Z] [INFO] Found 1 company databases
[2025-06-28T05:17:17.508Z] [DEBUG] Processing company database: company_9jxwph8g
[2025-06-28T05:17:17.562Z] [DEBUG] Finding reports to execute in company_9jxwph8g (current time: 2025-06-28T05:17:17.562Z)
[2025-06-28T05:17:17.616Z] [INFO] Found 0 reports to execute in company_9jxwph8g
[2025-06-28T05:17:17.616Z] [INFO] Scheduled reports check completed
[2025-06-28T05:17:17.618Z] [DEBUG] MongoDB connection closed
[2025-06-28T05:17:46.707Z] [INFO] Checking for scheduled reports...
[2025-06-28T05:17:47.380Z] [DEBUG] Connected to MongoDB
[2025-06-28T05:17:47.445Z] [INFO] Found 1 company databases
[2025-06-28T05:17:47.445Z] [DEBUG] Processing company database: company_9jxwph8g
[2025-06-28T05:17:47.505Z] [DEBUG] Finding reports to execute in company_9jxwph8g (current time: 2025-06-28T05:17:47.505Z)
[2025-06-28T05:17:47.558Z] [INFO] Found 0 reports to execute in company_9jxwph8g
[2025-06-28T05:17:47.559Z] [INFO] Scheduled reports check completed
[2025-06-28T05:17:47.560Z] [DEBUG] MongoDB connection closed
[2025-06-28T05:18:16.707Z] [INFO] Checking for scheduled reports...
[2025-06-28T05:18:17.471Z] [DEBUG] Connected to MongoDB
[2025-06-28T05:18:17.535Z] [INFO] Found 1 company databases
[2025-06-28T05:18:17.536Z] [DEBUG] Processing company database: company_9jxwph8g
[2025-06-28T05:18:17.591Z] [DEBUG] Finding reports to execute in company_9jxwph8g (current time: 2025-06-28T05:18:17.591Z)
[2025-06-28T05:18:17.645Z] [INFO] Found 0 reports to execute in company_9jxwph8g
[2025-06-28T05:18:17.645Z] [INFO] Scheduled reports check completed
[2025-06-28T05:18:17.647Z] [DEBUG] MongoDB connection closed
[2025-06-28T05:18:46.708Z] [INFO] Checking for scheduled reports...
[2025-06-28T05:18:47.360Z] [DEBUG] Connected to MongoDB
[2025-06-28T05:18:47.430Z] [INFO] Found 1 company databases
[2025-06-28T05:18:47.431Z] [DEBUG] Processing company database: company_9jxwph8g
[2025-06-28T05:18:47.487Z] [DEBUG] Finding reports to execute in company_9jxwph8g (current time: 2025-06-28T05:18:47.487Z)
[2025-06-28T05:18:47.540Z] [INFO] Found 0 reports to execute in company_9jxwph8g
[2025-06-28T05:18:47.540Z] [INFO] Scheduled reports check completed
[2025-06-28T05:18:47.542Z] [DEBUG] MongoDB connection closed
[2025-06-28T05:19:16.709Z] [INFO] Checking for scheduled reports...
[2025-06-28T05:19:17.382Z] [DEBUG] Connected to MongoDB
[2025-06-28T05:19:17.444Z] [INFO] Found 1 company databases
[2025-06-28T05:19:17.445Z] [DEBUG] Processing company database: company_9jxwph8g
[2025-06-28T05:19:17.497Z] [DEBUG] Finding reports to execute in company_9jxwph8g (current time: 2025-06-28T05:19:17.497Z)
[2025-06-28T05:19:17.547Z] [INFO] Found 0 reports to execute in company_9jxwph8g
[2025-06-28T05:19:17.548Z] [INFO] Scheduled reports check completed
[2025-06-28T05:19:17.550Z] [DEBUG] MongoDB connection closed
[2025-06-28T05:19:46.709Z] [INFO] Checking for scheduled reports...
[2025-06-28T05:19:47.413Z] [DEBUG] Connected to MongoDB
[2025-06-28T05:19:47.477Z] [INFO] Found 1 company databases
[2025-06-28T05:19:47.477Z] [DEBUG] Processing company database: company_9jxwph8g
[2025-06-28T05:19:47.528Z] [DEBUG] Finding reports to execute in company_9jxwph8g (current time: 2025-06-28T05:19:47.528Z)
[2025-06-28T05:19:47.579Z] [INFO] Found 0 reports to execute in company_9jxwph8g
[2025-06-28T05:19:47.580Z] [INFO] Scheduled reports check completed
[2025-06-28T05:19:47.581Z] [DEBUG] MongoDB connection closed
[2025-06-28T05:20:16.710Z] [INFO] Checking for scheduled reports...
[2025-06-28T05:20:17.402Z] [DEBUG] Connected to MongoDB
[2025-06-28T05:20:17.464Z] [INFO] Found 1 company databases
[2025-06-28T05:20:17.464Z] [DEBUG] Processing company database: company_9jxwph8g
[2025-06-28T05:20:17.516Z] [DEBUG] Finding reports to execute in company_9jxwph8g (current time: 2025-06-28T05:20:17.516Z)
[2025-06-28T05:20:17.568Z] [INFO] Found 0 reports to execute in company_9jxwph8g
[2025-06-28T05:20:17.568Z] [INFO] Scheduled reports check completed
[2025-06-28T05:20:17.570Z] [DEBUG] MongoDB connection closed
[2025-06-28T05:20:46.712Z] [INFO] Checking for scheduled reports...
[2025-06-28T05:20:47.341Z] [DEBUG] Connected to MongoDB
[2025-06-28T05:20:47.405Z] [INFO] Found 1 company databases
[2025-06-28T05:20:47.406Z] [DEBUG] Processing company database: company_9jxwph8g
[2025-06-28T05:20:47.457Z] [DEBUG] Finding reports to execute in company_9jxwph8g (current time: 2025-06-28T05:20:47.457Z)
[2025-06-28T05:20:47.509Z] [INFO] Found 0 reports to execute in company_9jxwph8g
[2025-06-28T05:20:47.510Z] [INFO] Scheduled reports check completed
[2025-06-28T05:20:47.512Z] [DEBUG] MongoDB connection closed
[2025-06-28T05:21:16.712Z] [INFO] Checking for scheduled reports...
[2025-06-28T05:21:17.457Z] [DEBUG] Connected to MongoDB
[2025-06-28T05:21:17.519Z] [INFO] Found 1 company databases
[2025-06-28T05:21:17.520Z] [DEBUG] Processing company database: company_9jxwph8g
[2025-06-28T05:21:17.577Z] [DEBUG] Finding reports to execute in company_9jxwph8g (current time: 2025-06-28T05:21:17.577Z)
[2025-06-28T05:21:17.629Z] [INFO] Found 0 reports to execute in company_9jxwph8g
[2025-06-28T05:21:17.629Z] [INFO] Scheduled reports check completed
[2025-06-28T05:21:17.632Z] [DEBUG] MongoDB connection closed
[2025-06-28T05:21:46.712Z] [INFO] Checking for scheduled reports...
[2025-06-28T05:21:47.342Z] [DEBUG] Connected to MongoDB
[2025-06-28T05:21:47.405Z] [INFO] Found 1 company databases
[2025-06-28T05:21:47.406Z] [DEBUG] Processing company database: company_9jxwph8g
[2025-06-28T05:21:47.458Z] [DEBUG] Finding reports to execute in company_9jxwph8g (current time: 2025-06-28T05:21:47.457Z)
[2025-06-28T05:21:47.508Z] [INFO] Found 0 reports to execute in company_9jxwph8g
[2025-06-28T05:21:47.509Z] [INFO] Scheduled reports check completed
[2025-06-28T05:21:47.511Z] [DEBUG] MongoDB connection closed
[2025-06-28T05:22:16.712Z] [INFO] Checking for scheduled reports...
[2025-06-28T05:22:17.365Z] [DEBUG] Connected to MongoDB
[2025-06-28T05:22:17.428Z] [INFO] Found 1 company databases
[2025-06-28T05:22:17.429Z] [DEBUG] Processing company database: company_9jxwph8g
[2025-06-28T05:22:17.483Z] [DEBUG] Finding reports to execute in company_9jxwph8g (current time: 2025-06-28T05:22:17.483Z)
[2025-06-28T05:22:17.540Z] [INFO] Found 0 reports to execute in company_9jxwph8g
[2025-06-28T05:22:17.541Z] [INFO] Scheduled reports check completed
[2025-06-28T05:22:17.543Z] [DEBUG] MongoDB connection closed
[2025-06-28T05:22:46.714Z] [INFO] Checking for scheduled reports...
[2025-06-28T05:22:47.421Z] [DEBUG] Connected to MongoDB
[2025-06-28T05:22:47.483Z] [INFO] Found 1 company databases
[2025-06-28T05:22:47.483Z] [DEBUG] Processing company database: company_9jxwph8g
[2025-06-28T05:22:47.535Z] [DEBUG] Finding reports to execute in company_9jxwph8g (current time: 2025-06-28T05:22:47.535Z)
[2025-06-28T05:22:47.597Z] [INFO] Found 0 reports to execute in company_9jxwph8g
[2025-06-28T05:22:47.597Z] [INFO] Scheduled reports check completed
[2025-06-28T05:22:47.599Z] [DEBUG] MongoDB connection closed
[2025-06-28T05:23:16.714Z] [INFO] Checking for scheduled reports...
[2025-06-28T05:23:17.386Z] [DEBUG] Connected to MongoDB
[2025-06-28T05:23:17.447Z] [INFO] Found 1 company databases
[2025-06-28T05:23:17.448Z] [DEBUG] Processing company database: company_9jxwph8g
[2025-06-28T05:23:17.499Z] [DEBUG] Finding reports to execute in company_9jxwph8g (current time: 2025-06-28T05:23:17.499Z)
[2025-06-28T05:23:17.550Z] [INFO] Found 0 reports to execute in company_9jxwph8g
[2025-06-28T05:23:17.550Z] [INFO] Scheduled reports check completed
[2025-06-28T05:23:17.552Z] [DEBUG] MongoDB connection closed
[2025-06-28T05:23:46.717Z] [INFO] Checking for scheduled reports...
[2025-06-28T05:23:47.342Z] [DEBUG] Connected to MongoDB
[2025-06-28T05:23:47.403Z] [INFO] Found 1 company databases
[2025-06-28T05:23:47.404Z] [DEBUG] Processing company database: company_9jxwph8g
[2025-06-28T05:23:47.455Z] [DEBUG] Finding reports to execute in company_9jxwph8g (current time: 2025-06-28T05:23:47.455Z)
[2025-06-28T05:23:47.505Z] [INFO] Found 0 reports to execute in company_9jxwph8g
[2025-06-28T05:23:47.506Z] [INFO] Scheduled reports check completed
[2025-06-28T05:23:47.508Z] [DEBUG] MongoDB connection closed
[2025-06-28T05:24:16.719Z] [INFO] Checking for scheduled reports...
[2025-06-28T05:24:17.467Z] [DEBUG] Connected to MongoDB
[2025-06-28T05:24:17.535Z] [INFO] Found 1 company databases
[2025-06-28T05:24:17.536Z] [DEBUG] Processing company database: company_9jxwph8g
[2025-06-28T05:24:17.588Z] [DEBUG] Finding reports to execute in company_9jxwph8g (current time: 2025-06-28T05:24:17.588Z)
[2025-06-28T05:24:17.638Z] [INFO] Found 0 reports to execute in company_9jxwph8g
[2025-06-28T05:24:17.639Z] [INFO] Scheduled reports check completed
[2025-06-28T05:24:17.641Z] [DEBUG] MongoDB connection closed
[2025-06-28T05:24:46.720Z] [INFO] Checking for scheduled reports...
[2025-06-28T05:24:47.366Z] [DEBUG] Connected to MongoDB
[2025-06-28T05:24:47.430Z] [INFO] Found 1 company databases
[2025-06-28T05:24:47.431Z] [DEBUG] Processing company database: company_9jxwph8g
[2025-06-28T05:24:47.485Z] [DEBUG] Finding reports to execute in company_9jxwph8g (current time: 2025-06-28T05:24:47.485Z)
[2025-06-28T05:24:47.538Z] [INFO] Found 0 reports to execute in company_9jxwph8g
[2025-06-28T05:24:47.539Z] [INFO] Scheduled reports check completed
[2025-06-28T05:24:47.541Z] [DEBUG] MongoDB connection closed
[2025-06-28T05:25:16.722Z] [INFO] Checking for scheduled reports...
[2025-06-28T05:25:17.526Z] [DEBUG] Connected to MongoDB
[2025-06-28T05:25:17.592Z] [INFO] Found 1 company databases
[2025-06-28T05:25:17.592Z] [DEBUG] Processing company database: company_9jxwph8g
[2025-06-28T05:25:17.646Z] [DEBUG] Finding reports to execute in company_9jxwph8g (current time: 2025-06-28T05:25:17.646Z)
[2025-06-28T05:25:17.700Z] [INFO] Found 0 reports to execute in company_9jxwph8g
[2025-06-28T05:25:17.701Z] [INFO] Scheduled reports check completed
[2025-06-28T05:25:17.703Z] [DEBUG] MongoDB connection closed
[2025-06-28T05:25:46.722Z] [INFO] Checking for scheduled reports...
[2025-06-28T05:25:47.476Z] [DEBUG] Connected to MongoDB
[2025-06-28T05:25:47.541Z] [INFO] Found 1 company databases
[2025-06-28T05:25:47.542Z] [DEBUG] Processing company database: company_9jxwph8g
[2025-06-28T05:25:47.617Z] [DEBUG] Finding reports to execute in company_9jxwph8g (current time: 2025-06-28T05:25:47.617Z)
[2025-06-28T05:25:47.673Z] [INFO] Found 0 reports to execute in company_9jxwph8g
[2025-06-28T05:25:47.674Z] [INFO] Scheduled reports check completed
[2025-06-28T05:25:47.676Z] [DEBUG] MongoDB connection closed
[2025-06-28T05:26:16.725Z] [INFO] Checking for scheduled reports...
[2025-06-28T05:26:17.789Z] [DEBUG] Connected to MongoDB
[2025-06-28T05:26:17.854Z] [INFO] Found 1 company databases
[2025-06-28T05:26:17.854Z] [DEBUG] Processing company database: company_9jxwph8g
[2025-06-28T05:26:18.031Z] [DEBUG] Finding reports to execute in company_9jxwph8g (current time: 2025-06-28T05:26:18.031Z)
[2025-06-28T05:26:18.083Z] [INFO] Found 0 reports to execute in company_9jxwph8g
[2025-06-28T05:26:18.083Z] [INFO] Scheduled reports check completed
[2025-06-28T05:26:18.085Z] [DEBUG] MongoDB connection closed
[2025-06-28T05:26:46.727Z] [INFO] Checking for scheduled reports...
[2025-06-28T05:26:47.390Z] [DEBUG] Connected to MongoDB
[2025-06-28T05:26:47.455Z] [INFO] Found 1 company databases
[2025-06-28T05:26:47.456Z] [DEBUG] Processing company database: company_9jxwph8g
[2025-06-28T05:26:47.509Z] [DEBUG] Finding reports to execute in company_9jxwph8g (current time: 2025-06-28T05:26:47.509Z)
[2025-06-28T05:26:47.562Z] [INFO] Found 0 reports to execute in company_9jxwph8g
[2025-06-28T05:26:47.563Z] [INFO] Scheduled reports check completed
[2025-06-28T05:26:47.565Z] [DEBUG] MongoDB connection closed
[2025-06-28T05:27:16.729Z] [INFO] Checking for scheduled reports...
[2025-06-28T05:27:17.502Z] [DEBUG] Connected to MongoDB
[2025-06-28T05:27:17.566Z] [INFO] Found 1 company databases
[2025-06-28T05:27:17.566Z] [DEBUG] Processing company database: company_9jxwph8g
[2025-06-28T05:27:17.623Z] [DEBUG] Finding reports to execute in company_9jxwph8g (current time: 2025-06-28T05:27:17.623Z)
[2025-06-28T05:27:17.676Z] [INFO] Found 0 reports to execute in company_9jxwph8g
[2025-06-28T05:27:17.677Z] [INFO] Scheduled reports check completed
[2025-06-28T05:27:17.679Z] [DEBUG] MongoDB connection closed
[2025-06-28T05:27:46.729Z] [INFO] Checking for scheduled reports...
[2025-06-28T05:27:47.380Z] [DEBUG] Connected to MongoDB
[2025-06-28T05:27:47.445Z] [INFO] Found 1 company databases
[2025-06-28T05:27:47.446Z] [DEBUG] Processing company database: company_9jxwph8g
[2025-06-28T05:27:47.500Z] [DEBUG] Finding reports to execute in company_9jxwph8g (current time: 2025-06-28T05:27:47.500Z)
[2025-06-28T05:27:47.553Z] [INFO] Found 0 reports to execute in company_9jxwph8g
[2025-06-28T05:27:47.553Z] [INFO] Scheduled reports check completed
[2025-06-28T05:27:47.555Z] [DEBUG] MongoDB connection closed
[2025-06-28T05:28:16.731Z] [INFO] Checking for scheduled reports...
[2025-06-28T05:28:17.416Z] [DEBUG] Connected to MongoDB
[2025-06-28T05:28:17.481Z] [INFO] Found 1 company databases
[2025-06-28T05:28:17.481Z] [DEBUG] Processing company database: company_9jxwph8g
[2025-06-28T05:28:17.536Z] [DEBUG] Finding reports to execute in company_9jxwph8g (current time: 2025-06-28T05:28:17.536Z)
[2025-06-28T05:28:17.589Z] [INFO] Found 0 reports to execute in company_9jxwph8g
[2025-06-28T05:28:17.590Z] [INFO] Scheduled reports check completed
[2025-06-28T05:28:17.592Z] [DEBUG] MongoDB connection closed
[2025-06-28T05:28:46.734Z] [INFO] Checking for scheduled reports...
[2025-06-28T05:28:47.463Z] [DEBUG] Connected to MongoDB
[2025-06-28T05:28:47.527Z] [INFO] Found 1 company databases
[2025-06-28T05:28:47.528Z] [DEBUG] Processing company database: company_9jxwph8g
[2025-06-28T05:28:47.581Z] [DEBUG] Finding reports to execute in company_9jxwph8g (current time: 2025-06-28T05:28:47.581Z)
[2025-06-28T05:28:47.634Z] [INFO] Found 0 reports to execute in company_9jxwph8g
[2025-06-28T05:28:47.635Z] [INFO] Scheduled reports check completed
[2025-06-28T05:28:47.637Z] [DEBUG] MongoDB connection closed
[2025-06-28T05:29:16.736Z] [INFO] Checking for scheduled reports...
[2025-06-28T05:29:17.419Z] [DEBUG] Connected to MongoDB
[2025-06-28T05:29:17.484Z] [INFO] Found 1 company databases
[2025-06-28T05:29:17.484Z] [DEBUG] Processing company database: company_9jxwph8g
[2025-06-28T05:29:17.538Z] [DEBUG] Finding reports to execute in company_9jxwph8g (current time: 2025-06-28T05:29:17.538Z)
[2025-06-28T05:29:17.591Z] [INFO] Found 0 reports to execute in company_9jxwph8g
[2025-06-28T05:29:17.592Z] [INFO] Scheduled reports check completed
[2025-06-28T05:29:17.594Z] [DEBUG] MongoDB connection closed
[2025-06-28T05:29:46.736Z] [INFO] Checking for scheduled reports...
[2025-06-28T05:29:47.498Z] [DEBUG] Connected to MongoDB
[2025-06-28T05:29:47.562Z] [INFO] Found 1 company databases
[2025-06-28T05:29:47.563Z] [DEBUG] Processing company database: company_9jxwph8g
[2025-06-28T05:29:47.617Z] [DEBUG] Finding reports to execute in company_9jxwph8g (current time: 2025-06-28T05:29:47.617Z)
[2025-06-28T05:29:47.670Z] [INFO] Found 0 reports to execute in company_9jxwph8g
[2025-06-28T05:29:47.670Z] [INFO] Scheduled reports check completed
[2025-06-28T05:29:47.672Z] [DEBUG] MongoDB connection closed
[2025-06-28T05:30:16.738Z] [INFO] Checking for scheduled reports...
[2025-06-28T05:30:17.500Z] [DEBUG] Connected to MongoDB
[2025-06-28T05:30:17.564Z] [INFO] Found 1 company databases
[2025-06-28T05:30:17.564Z] [DEBUG] Processing company database: company_9jxwph8g
[2025-06-28T05:30:17.618Z] [DEBUG] Finding reports to execute in company_9jxwph8g (current time: 2025-06-28T05:30:17.618Z)
[2025-06-28T05:30:17.671Z] [INFO] Found 0 reports to execute in company_9jxwph8g
[2025-06-28T05:30:17.672Z] [INFO] Scheduled reports check completed
[2025-06-28T05:30:17.674Z] [DEBUG] MongoDB connection closed
[2025-06-28T05:30:46.738Z] [INFO] Checking for scheduled reports...
[2025-06-28T05:30:47.389Z] [DEBUG] Connected to MongoDB
[2025-06-28T05:30:47.453Z] [INFO] Found 1 company databases
[2025-06-28T05:30:47.453Z] [DEBUG] Processing company database: company_9jxwph8g
[2025-06-28T05:30:47.513Z] [DEBUG] Finding reports to execute in company_9jxwph8g (current time: 2025-06-28T05:30:47.513Z)
[2025-06-28T05:30:47.566Z] [INFO] Found 0 reports to execute in company_9jxwph8g
[2025-06-28T05:30:47.567Z] [INFO] Scheduled reports check completed
[2025-06-28T05:30:47.569Z] [DEBUG] MongoDB connection closed
[2025-06-28T05:31:16.740Z] [INFO] Checking for scheduled reports...
[2025-06-28T05:31:17.424Z] [DEBUG] Connected to MongoDB
[2025-06-28T05:31:17.488Z] [INFO] Found 1 company databases
[2025-06-28T05:31:17.488Z] [DEBUG] Processing company database: company_9jxwph8g
[2025-06-28T05:31:17.542Z] [DEBUG] Finding reports to execute in company_9jxwph8g (current time: 2025-06-28T05:31:17.542Z)
[2025-06-28T05:31:17.595Z] [INFO] Found 0 reports to execute in company_9jxwph8g
[2025-06-28T05:31:17.596Z] [INFO] Scheduled reports check completed
[2025-06-28T05:31:17.598Z] [DEBUG] MongoDB connection closed
[2025-06-28T05:31:46.741Z] [INFO] Checking for scheduled reports...
[2025-06-28T05:31:47.391Z] [DEBUG] Connected to MongoDB
[2025-06-28T05:31:47.457Z] [INFO] Found 1 company databases
[2025-06-28T05:31:47.457Z] [DEBUG] Processing company database: company_9jxwph8g
[2025-06-28T05:31:47.511Z] [DEBUG] Finding reports to execute in company_9jxwph8g (current time: 2025-06-28T05:31:47.511Z)
[2025-06-28T05:31:47.565Z] [INFO] Found 0 reports to execute in company_9jxwph8g
[2025-06-28T05:31:47.565Z] [INFO] Scheduled reports check completed
[2025-06-28T05:31:47.567Z] [DEBUG] MongoDB connection closed
[2025-06-28T05:32:16.742Z] [INFO] Checking for scheduled reports...
[2025-06-28T05:32:17.429Z] [DEBUG] Connected to MongoDB
[2025-06-28T05:32:17.493Z] [INFO] Found 1 company databases
[2025-06-28T05:32:17.494Z] [DEBUG] Processing company database: company_9jxwph8g
[2025-06-28T05:32:17.548Z] [DEBUG] Finding reports to execute in company_9jxwph8g (current time: 2025-06-28T05:32:17.548Z)
[2025-06-28T05:32:17.602Z] [INFO] Found 0 reports to execute in company_9jxwph8g
[2025-06-28T05:32:17.602Z] [INFO] Scheduled reports check completed
[2025-06-28T05:32:17.605Z] [DEBUG] MongoDB connection closed
[2025-06-28T05:32:46.743Z] [INFO] Checking for scheduled reports...
[2025-06-28T05:32:47.507Z] [DEBUG] Connected to MongoDB
[2025-06-28T05:32:47.571Z] [INFO] Found 1 company databases
[2025-06-28T05:32:47.571Z] [DEBUG] Processing company database: company_9jxwph8g
[2025-06-28T05:32:47.624Z] [DEBUG] Finding reports to execute in company_9jxwph8g (current time: 2025-06-28T05:32:47.624Z)
[2025-06-28T05:32:47.676Z] [INFO] Found 0 reports to execute in company_9jxwph8g
[2025-06-28T05:32:47.676Z] [INFO] Scheduled reports check completed
[2025-06-28T05:32:47.678Z] [DEBUG] MongoDB connection closed
[2025-06-28T05:33:16.743Z] [INFO] Checking for scheduled reports...
[2025-06-28T05:33:17.501Z] [DEBUG] Connected to MongoDB
[2025-06-28T05:33:17.568Z] [INFO] Found 1 company databases
[2025-06-28T05:33:17.568Z] [DEBUG] Processing company database: company_9jxwph8g
[2025-06-28T05:33:17.629Z] [DEBUG] Finding reports to execute in company_9jxwph8g (current time: 2025-06-28T05:33:17.629Z)
[2025-06-28T05:33:17.681Z] [INFO] Found 0 reports to execute in company_9jxwph8g
[2025-06-28T05:33:17.681Z] [INFO] Scheduled reports check completed
[2025-06-28T05:33:17.682Z] [DEBUG] MongoDB connection closed
[2025-06-28T05:33:46.743Z] [INFO] Checking for scheduled reports...
[2025-06-28T05:33:47.393Z] [DEBUG] Connected to MongoDB
[2025-06-28T05:33:47.457Z] [INFO] Found 1 company databases
[2025-06-28T05:33:47.457Z] [DEBUG] Processing company database: company_9jxwph8g
[2025-06-28T05:33:47.511Z] [DEBUG] Finding reports to execute in company_9jxwph8g (current time: 2025-06-28T05:33:47.511Z)
[2025-06-28T05:33:47.563Z] [INFO] Found 0 reports to execute in company_9jxwph8g
[2025-06-28T05:33:47.563Z] [INFO] Scheduled reports check completed
[2025-06-28T05:33:47.565Z] [DEBUG] MongoDB connection closed
[2025-06-28T05:34:16.745Z] [INFO] Checking for scheduled reports...
[2025-06-28T05:34:17.427Z] [DEBUG] Connected to MongoDB
[2025-06-28T05:34:17.491Z] [INFO] Found 1 company databases
[2025-06-28T05:34:17.492Z] [DEBUG] Processing company database: company_9jxwph8g
[2025-06-28T05:34:17.546Z] [DEBUG] Finding reports to execute in company_9jxwph8g (current time: 2025-06-28T05:34:17.546Z)
[2025-06-28T05:34:17.600Z] [INFO] Found 0 reports to execute in company_9jxwph8g
[2025-06-28T05:34:17.601Z] [INFO] Scheduled reports check completed
[2025-06-28T05:34:17.603Z] [DEBUG] MongoDB connection closed
[2025-06-28T05:34:46.745Z] [INFO] Checking for scheduled reports...
[2025-06-28T05:34:47.388Z] [DEBUG] Connected to MongoDB
[2025-06-28T05:34:47.451Z] [INFO] Found 1 company databases
[2025-06-28T05:34:47.452Z] [DEBUG] Processing company database: company_9jxwph8g
[2025-06-28T05:34:47.505Z] [DEBUG] Finding reports to execute in company_9jxwph8g (current time: 2025-06-28T05:34:47.505Z)
[2025-06-28T05:34:47.558Z] [INFO] Found 0 reports to execute in company_9jxwph8g
[2025-06-28T05:34:47.558Z] [INFO] Scheduled reports check completed
[2025-06-28T05:34:47.560Z] [DEBUG] MongoDB connection closed
[2025-06-28T05:35:16.746Z] [INFO] Checking for scheduled reports...
[2025-06-28T05:35:17.460Z] [DEBUG] Connected to MongoDB
[2025-06-28T05:35:17.523Z] [INFO] Found 1 company databases
[2025-06-28T05:35:17.523Z] [DEBUG] Processing company database: company_9jxwph8g
[2025-06-28T05:35:17.576Z] [DEBUG] Finding reports to execute in company_9jxwph8g (current time: 2025-06-28T05:35:17.576Z)
[2025-06-28T05:35:17.628Z] [INFO] Found 0 reports to execute in company_9jxwph8g
[2025-06-28T05:35:17.629Z] [INFO] Scheduled reports check completed
[2025-06-28T05:35:17.630Z] [DEBUG] MongoDB connection closed
[2025-06-28T05:35:46.748Z] [INFO] Checking for scheduled reports...
[2025-06-28T05:35:47.408Z] [DEBUG] Connected to MongoDB
[2025-06-28T05:35:47.473Z] [INFO] Found 1 company databases
[2025-06-28T05:35:47.474Z] [DEBUG] Processing company database: company_9jxwph8g
[2025-06-28T05:35:47.527Z] [DEBUG] Finding reports to execute in company_9jxwph8g (current time: 2025-06-28T05:35:47.527Z)
[2025-06-28T05:35:47.583Z] [INFO] Found 0 reports to execute in company_9jxwph8g
[2025-06-28T05:35:47.583Z] [INFO] Scheduled reports check completed
[2025-06-28T05:35:47.585Z] [DEBUG] MongoDB connection closed
[2025-06-28T05:36:16.749Z] [INFO] Checking for scheduled reports...
[2025-06-28T05:36:17.443Z] [DEBUG] Connected to MongoDB
[2025-06-28T05:36:17.509Z] [INFO] Found 1 company databases
[2025-06-28T05:36:17.510Z] [DEBUG] Processing company database: company_9jxwph8g
[2025-06-28T05:36:17.565Z] [DEBUG] Finding reports to execute in company_9jxwph8g (current time: 2025-06-28T05:36:17.565Z)
[2025-06-28T05:36:17.618Z] [INFO] Found 0 reports to execute in company_9jxwph8g
[2025-06-28T05:36:17.619Z] [INFO] Scheduled reports check completed
[2025-06-28T05:36:17.619Z] [DEBUG] MongoDB connection closed
[2025-06-28T05:36:46.750Z] [INFO] Checking for scheduled reports...
[2025-06-28T05:36:47.450Z] [DEBUG] Connected to MongoDB
[2025-06-28T05:36:47.514Z] [INFO] Found 1 company databases
[2025-06-28T05:36:47.514Z] [DEBUG] Processing company database: company_9jxwph8g
[2025-06-28T05:36:47.568Z] [DEBUG] Finding reports to execute in company_9jxwph8g (current time: 2025-06-28T05:36:47.568Z)
[2025-06-28T05:36:47.622Z] [INFO] Found 0 reports to execute in company_9jxwph8g
[2025-06-28T05:36:47.622Z] [INFO] Scheduled reports check completed
[2025-06-28T05:36:47.623Z] [DEBUG] MongoDB connection closed
[2025-06-28T05:37:16.751Z] [INFO] Checking for scheduled reports...
[2025-06-28T05:37:17.473Z] [DEBUG] Connected to MongoDB
[2025-06-28T05:37:17.540Z] [INFO] Found 1 company databases
[2025-06-28T05:37:17.541Z] [DEBUG] Processing company database: company_9jxwph8g
[2025-06-28T05:37:17.594Z] [DEBUG] Finding reports to execute in company_9jxwph8g (current time: 2025-06-28T05:37:17.594Z)
[2025-06-28T05:37:17.649Z] [INFO] Found 0 reports to execute in company_9jxwph8g
[2025-06-28T05:37:17.653Z] [INFO] Scheduled reports check completed
[2025-06-28T05:37:17.657Z] [DEBUG] MongoDB connection closed
[2025-06-28T05:37:46.752Z] [INFO] Checking for scheduled reports...
[2025-06-28T05:37:47.438Z] [DEBUG] Connected to MongoDB
[2025-06-28T05:37:47.507Z] [INFO] Found 1 company databases
[2025-06-28T05:37:47.508Z] [DEBUG] Processing company database: company_9jxwph8g
[2025-06-28T05:37:47.562Z] [DEBUG] Finding reports to execute in company_9jxwph8g (current time: 2025-06-28T05:37:47.562Z)
[2025-06-28T05:37:47.616Z] [INFO] Found 0 reports to execute in company_9jxwph8g
[2025-06-28T05:37:47.617Z] [INFO] Scheduled reports check completed
[2025-06-28T05:37:47.619Z] [DEBUG] MongoDB connection closed
[2025-06-28T05:38:16.728Z] [INFO] Checking for scheduled reports...
[2025-06-28T05:38:17.412Z] [DEBUG] Connected to MongoDB
[2025-06-28T05:38:17.475Z] [INFO] Found 1 company databases
[2025-06-28T05:38:17.476Z] [DEBUG] Processing company database: company_9jxwph8g
[2025-06-28T05:38:17.529Z] [DEBUG] Finding reports to execute in company_9jxwph8g (current time: 2025-06-28T05:38:17.529Z)
[2025-06-28T05:38:17.582Z] [INFO] Found 0 reports to execute in company_9jxwph8g
[2025-06-28T05:38:17.583Z] [INFO] Scheduled reports check completed
[2025-06-28T05:38:17.584Z] [DEBUG] MongoDB connection closed
[2025-06-28T05:38:46.723Z] [INFO] Checking for scheduled reports...
[2025-06-28T05:38:47.457Z] [DEBUG] Connected to MongoDB
[2025-06-28T05:38:47.522Z] [INFO] Found 1 company databases
[2025-06-28T05:38:47.523Z] [DEBUG] Processing company database: company_9jxwph8g
[2025-06-28T05:38:47.583Z] [DEBUG] Finding reports to execute in company_9jxwph8g (current time: 2025-06-28T05:38:47.583Z)
[2025-06-28T05:38:47.637Z] [INFO] Found 0 reports to execute in company_9jxwph8g
[2025-06-28T05:38:47.639Z] [INFO] Scheduled reports check completed
[2025-06-28T05:38:47.641Z] [DEBUG] MongoDB connection closed
[2025-06-28T05:39:16.723Z] [INFO] Checking for scheduled reports...
[2025-06-28T05:39:17.412Z] [DEBUG] Connected to MongoDB
[2025-06-28T05:39:17.477Z] [INFO] Found 1 company databases
[2025-06-28T05:39:17.478Z] [DEBUG] Processing company database: company_9jxwph8g
[2025-06-28T05:39:17.532Z] [DEBUG] Finding reports to execute in company_9jxwph8g (current time: 2025-06-28T05:39:17.532Z)
[2025-06-28T05:39:17.586Z] [INFO] Found 0 reports to execute in company_9jxwph8g
[2025-06-28T05:39:17.587Z] [INFO] Scheduled reports check completed
[2025-06-28T05:39:17.588Z] [DEBUG] MongoDB connection closed
[2025-06-28T05:39:46.724Z] [INFO] Checking for scheduled reports...
[2025-06-28T05:39:47.404Z] [DEBUG] Connected to MongoDB
[2025-06-28T05:39:47.468Z] [INFO] Found 1 company databases
[2025-06-28T05:39:47.468Z] [DEBUG] Processing company database: company_9jxwph8g
[2025-06-28T05:39:47.522Z] [DEBUG] Finding reports to execute in company_9jxwph8g (current time: 2025-06-28T05:39:47.522Z)
[2025-06-28T05:39:47.575Z] [INFO] Found 0 reports to execute in company_9jxwph8g
[2025-06-28T05:39:47.576Z] [INFO] Scheduled reports check completed
[2025-06-28T05:39:47.579Z] [DEBUG] MongoDB connection closed
[2025-06-28T05:40:16.725Z] [INFO] Checking for scheduled reports...
[2025-06-28T05:40:17.573Z] [DEBUG] Connected to MongoDB
[2025-06-28T05:40:17.636Z] [INFO] Found 1 company databases
[2025-06-28T05:40:17.637Z] [DEBUG] Processing company database: company_9jxwph8g
[2025-06-28T05:40:17.691Z] [DEBUG] Finding reports to execute in company_9jxwph8g (current time: 2025-06-28T05:40:17.691Z)
[2025-06-28T05:40:17.744Z] [INFO] Found 0 reports to execute in company_9jxwph8g
[2025-06-28T05:40:17.744Z] [INFO] Scheduled reports check completed
[2025-06-28T05:40:17.746Z] [DEBUG] MongoDB connection closed
[2025-06-28T05:40:46.726Z] [INFO] Checking for scheduled reports...
[2025-06-28T05:40:47.406Z] [DEBUG] Connected to MongoDB
[2025-06-28T05:40:47.471Z] [INFO] Found 1 company databases
[2025-06-28T05:40:47.472Z] [DEBUG] Processing company database: company_9jxwph8g
[2025-06-28T05:40:47.526Z] [DEBUG] Finding reports to execute in company_9jxwph8g (current time: 2025-06-28T05:40:47.526Z)
[2025-06-28T05:40:47.581Z] [INFO] Found 0 reports to execute in company_9jxwph8g
[2025-06-28T05:40:47.581Z] [INFO] Scheduled reports check completed
[2025-06-28T05:40:47.585Z] [DEBUG] MongoDB connection closed
[2025-06-28T05:41:16.728Z] [INFO] Checking for scheduled reports...
[2025-06-28T05:41:17.423Z] [DEBUG] Connected to MongoDB
[2025-06-28T05:41:17.488Z] [INFO] Found 1 company databases
[2025-06-28T05:41:17.488Z] [DEBUG] Processing company database: company_9jxwph8g
[2025-06-28T05:41:17.544Z] [DEBUG] Finding reports to execute in company_9jxwph8g (current time: 2025-06-28T05:41:17.544Z)
[2025-06-28T05:41:17.602Z] [INFO] Found 0 reports to execute in company_9jxwph8g
[2025-06-28T05:41:17.603Z] [INFO] Scheduled reports check completed
[2025-06-28T05:41:17.605Z] [DEBUG] MongoDB connection closed
[2025-06-28T05:41:46.728Z] [INFO] Checking for scheduled reports...
[2025-06-28T05:41:47.496Z] [DEBUG] Connected to MongoDB
[2025-06-28T05:41:47.560Z] [INFO] Found 1 company databases
[2025-06-28T05:41:47.561Z] [DEBUG] Processing company database: company_9jxwph8g
[2025-06-28T05:41:47.615Z] [DEBUG] Finding reports to execute in company_9jxwph8g (current time: 2025-06-28T05:41:47.615Z)
[2025-06-28T05:41:47.669Z] [INFO] Found 0 reports to execute in company_9jxwph8g
[2025-06-28T05:41:47.670Z] [INFO] Scheduled reports check completed
[2025-06-28T05:41:47.672Z] [DEBUG] MongoDB connection closed
[2025-06-28T05:42:16.728Z] [INFO] Checking for scheduled reports...
[2025-06-28T05:42:17.403Z] [DEBUG] Connected to MongoDB
[2025-06-28T05:42:17.468Z] [INFO] Found 1 company databases
[2025-06-28T05:42:17.469Z] [DEBUG] Processing company database: company_9jxwph8g
[2025-06-28T05:42:17.522Z] [DEBUG] Finding reports to execute in company_9jxwph8g (current time: 2025-06-28T05:42:17.522Z)
[2025-06-28T05:42:17.574Z] [INFO] Found 0 reports to execute in company_9jxwph8g
[2025-06-28T05:42:17.574Z] [INFO] Scheduled reports check completed
[2025-06-28T05:42:17.575Z] [DEBUG] MongoDB connection closed
[2025-06-28T05:42:46.732Z] [INFO] Checking for scheduled reports...
[2025-06-28T05:42:47.404Z] [DEBUG] Connected to MongoDB
[2025-06-28T05:42:47.470Z] [INFO] Found 1 company databases
[2025-06-28T05:42:47.471Z] [DEBUG] Processing company database: company_9jxwph8g
[2025-06-28T05:42:47.524Z] [DEBUG] Finding reports to execute in company_9jxwph8g (current time: 2025-06-28T05:42:47.524Z)
[2025-06-28T05:42:47.577Z] [INFO] Found 0 reports to execute in company_9jxwph8g
[2025-06-28T05:42:47.577Z] [INFO] Scheduled reports check completed
[2025-06-28T05:42:47.579Z] [DEBUG] MongoDB connection closed
[2025-06-28T05:43:16.733Z] [INFO] Checking for scheduled reports...
[2025-06-28T05:43:17.539Z] [DEBUG] Connected to MongoDB
[2025-06-28T05:43:17.604Z] [INFO] Found 1 company databases
[2025-06-28T05:43:17.605Z] [DEBUG] Processing company database: company_9jxwph8g
[2025-06-28T05:43:17.659Z] [DEBUG] Finding reports to execute in company_9jxwph8g (current time: 2025-06-28T05:43:17.659Z)
[2025-06-28T05:43:17.713Z] [INFO] Found 0 reports to execute in company_9jxwph8g
[2025-06-28T05:43:17.714Z] [INFO] Scheduled reports check completed
[2025-06-28T05:43:17.716Z] [DEBUG] MongoDB connection closed
[2025-06-28T05:43:46.734Z] [INFO] Checking for scheduled reports...
[2025-06-28T05:43:47.398Z] [DEBUG] Connected to MongoDB
[2025-06-28T05:43:47.463Z] [INFO] Found 1 company databases
[2025-06-28T05:43:47.464Z] [DEBUG] Processing company database: company_9jxwph8g
[2025-06-28T05:43:47.518Z] [DEBUG] Finding reports to execute in company_9jxwph8g (current time: 2025-06-28T05:43:47.518Z)
[2025-06-28T05:43:47.572Z] [INFO] Found 0 reports to execute in company_9jxwph8g
[2025-06-28T05:43:47.573Z] [INFO] Scheduled reports check completed
[2025-06-28T05:43:47.575Z] [DEBUG] MongoDB connection closed
[2025-06-28T05:44:16.736Z] [INFO] Checking for scheduled reports...
[2025-06-28T05:44:17.427Z] [DEBUG] Connected to MongoDB
[2025-06-28T05:44:17.490Z] [INFO] Found 1 company databases
[2025-06-28T05:44:17.490Z] [DEBUG] Processing company database: company_9jxwph8g
[2025-06-28T05:44:17.544Z] [DEBUG] Finding reports to execute in company_9jxwph8g (current time: 2025-06-28T05:44:17.544Z)
[2025-06-28T05:44:17.597Z] [INFO] Found 0 reports to execute in company_9jxwph8g
[2025-06-28T05:44:17.597Z] [INFO] Scheduled reports check completed
[2025-06-28T05:44:17.599Z] [DEBUG] MongoDB connection closed
[2025-06-28T05:44:46.737Z] [INFO] Checking for scheduled reports...
[2025-06-28T05:44:47.523Z] [DEBUG] Connected to MongoDB
[2025-06-28T05:44:47.588Z] [INFO] Found 1 company databases
[2025-06-28T05:44:47.588Z] [DEBUG] Processing company database: company_9jxwph8g
[2025-06-28T05:44:47.642Z] [DEBUG] Finding reports to execute in company_9jxwph8g (current time: 2025-06-28T05:44:47.642Z)
[2025-06-28T05:44:47.697Z] [INFO] Found 0 reports to execute in company_9jxwph8g
[2025-06-28T05:44:47.698Z] [INFO] Scheduled reports check completed
[2025-06-28T05:44:47.702Z] [DEBUG] MongoDB connection closed
[2025-06-28T05:45:16.738Z] [INFO] Checking for scheduled reports...
[2025-06-28T05:45:17.436Z] [DEBUG] Connected to MongoDB
[2025-06-28T05:45:17.501Z] [INFO] Found 1 company databases
[2025-06-28T05:45:17.502Z] [DEBUG] Processing company database: company_9jxwph8g
[2025-06-28T05:45:17.555Z] [DEBUG] Finding reports to execute in company_9jxwph8g (current time: 2025-06-28T05:45:17.555Z)
[2025-06-28T05:45:17.608Z] [INFO] Found 0 reports to execute in company_9jxwph8g
[2025-06-28T05:45:17.609Z] [INFO] Scheduled reports check completed
[2025-06-28T05:45:17.611Z] [DEBUG] MongoDB connection closed
[2025-06-28T05:45:46.739Z] [INFO] Checking for scheduled reports...
[2025-06-28T05:45:47.400Z] [DEBUG] Connected to MongoDB
[2025-06-28T05:45:47.465Z] [INFO] Found 1 company databases
[2025-06-28T05:45:47.465Z] [DEBUG] Processing company database: company_9jxwph8g
[2025-06-28T05:45:47.519Z] [DEBUG] Finding reports to execute in company_9jxwph8g (current time: 2025-06-28T05:45:47.519Z)
[2025-06-28T05:45:47.573Z] [INFO] Found 0 reports to execute in company_9jxwph8g
[2025-06-28T05:45:47.573Z] [INFO] Scheduled reports check completed
[2025-06-28T05:45:47.577Z] [DEBUG] MongoDB connection closed
[2025-06-28T05:46:16.740Z] [INFO] Checking for scheduled reports...
[2025-06-28T05:46:17.546Z] [DEBUG] Connected to MongoDB
[2025-06-28T05:46:17.610Z] [INFO] Found 1 company databases
[2025-06-28T05:46:17.611Z] [DEBUG] Processing company database: company_9jxwph8g
[2025-06-28T05:46:17.664Z] [DEBUG] Finding reports to execute in company_9jxwph8g (current time: 2025-06-28T05:46:17.664Z)
[2025-06-28T05:46:17.717Z] [INFO] Found 0 reports to execute in company_9jxwph8g
[2025-06-28T05:46:17.717Z] [INFO] Scheduled reports check completed
[2025-06-28T05:46:17.718Z] [DEBUG] MongoDB connection closed
[2025-06-28T05:46:46.741Z] [INFO] Checking for scheduled reports...
[2025-06-28T05:46:47.427Z] [DEBUG] Connected to MongoDB
[2025-06-28T05:46:47.492Z] [INFO] Found 1 company databases
[2025-06-28T05:46:47.493Z] [DEBUG] Processing company database: company_9jxwph8g
[2025-06-28T05:46:47.547Z] [DEBUG] Finding reports to execute in company_9jxwph8g (current time: 2025-06-28T05:46:47.547Z)
[2025-06-28T05:46:47.601Z] [INFO] Found 0 reports to execute in company_9jxwph8g
[2025-06-28T05:46:47.601Z] [INFO] Scheduled reports check completed
[2025-06-28T05:46:47.602Z] [DEBUG] MongoDB connection closed
[2025-06-28T05:47:16.740Z] [INFO] Checking for scheduled reports...
[2025-06-28T05:47:17.426Z] [DEBUG] Connected to MongoDB
[2025-06-28T05:47:17.490Z] [INFO] Found 1 company databases
[2025-06-28T05:47:17.491Z] [DEBUG] Processing company database: company_9jxwph8g
[2025-06-28T05:47:17.545Z] [DEBUG] Finding reports to execute in company_9jxwph8g (current time: 2025-06-28T05:47:17.545Z)
[2025-06-28T05:47:17.598Z] [INFO] Found 0 reports to execute in company_9jxwph8g
[2025-06-28T05:47:17.598Z] [INFO] Scheduled reports check completed
[2025-06-28T05:47:17.601Z] [DEBUG] MongoDB connection closed
[2025-06-28T05:47:46.741Z] [INFO] Checking for scheduled reports...
[2025-06-28T05:47:47.410Z] [DEBUG] Connected to MongoDB
[2025-06-28T05:47:47.477Z] [INFO] Found 1 company databases
[2025-06-28T05:47:47.478Z] [DEBUG] Processing company database: company_9jxwph8g
[2025-06-28T05:47:47.533Z] [DEBUG] Finding reports to execute in company_9jxwph8g (current time: 2025-06-28T05:47:47.533Z)
[2025-06-28T05:47:47.587Z] [INFO] Found 0 reports to execute in company_9jxwph8g
[2025-06-28T05:47:47.587Z] [INFO] Scheduled reports check completed
[2025-06-28T05:47:47.589Z] [DEBUG] MongoDB connection closed
[2025-06-28T05:48:16.742Z] [INFO] Checking for scheduled reports...
[2025-06-28T05:48:17.442Z] [DEBUG] Connected to MongoDB
[2025-06-28T05:48:17.508Z] [INFO] Found 1 company databases
[2025-06-28T05:48:17.509Z] [DEBUG] Processing company database: company_9jxwph8g
[2025-06-28T05:48:17.564Z] [DEBUG] Finding reports to execute in company_9jxwph8g (current time: 2025-06-28T05:48:17.564Z)
[2025-06-28T05:48:17.618Z] [INFO] Found 0 reports to execute in company_9jxwph8g
[2025-06-28T05:48:17.619Z] [INFO] Scheduled reports check completed
[2025-06-28T05:48:17.622Z] [DEBUG] MongoDB connection closed
[2025-06-28T05:48:46.743Z] [INFO] Checking for scheduled reports...
[2025-06-28T05:48:47.392Z] [DEBUG] Connected to MongoDB
[2025-06-28T05:48:47.457Z] [INFO] Found 1 company databases
[2025-06-28T05:48:47.458Z] [DEBUG] Processing company database: company_9jxwph8g
[2025-06-28T05:48:47.514Z] [DEBUG] Finding reports to execute in company_9jxwph8g (current time: 2025-06-28T05:48:47.514Z)
[2025-06-28T05:48:47.568Z] [INFO] Found 0 reports to execute in company_9jxwph8g
[2025-06-28T05:48:47.569Z] [INFO] Scheduled reports check completed
[2025-06-28T05:48:47.571Z] [DEBUG] MongoDB connection closed
[2025-06-28T06:40:22.780Z] [INFO] Starting scheduled reports daemon with check interval of 30000ms
[2025-06-28T06:40:22.782Z] [INFO] Checking for scheduled reports...
[2025-06-28T06:40:23.416Z] [DEBUG] Connected to MongoDB
[2025-06-28T06:40:23.478Z] [INFO] Found 1 company databases
[2025-06-28T06:40:23.478Z] [DEBUG] Processing company database: company_9jxwph8g
[2025-06-28T06:40:23.530Z] [DEBUG] Finding reports to execute in company_9jxwph8g (current time: 2025-06-28T06:40:23.530Z)
[2025-06-28T06:40:23.580Z] [INFO] Found 0 reports to execute in company_9jxwph8g
[2025-06-28T06:40:23.580Z] [INFO] Scheduled reports check completed
[2025-06-28T06:40:23.583Z] [DEBUG] MongoDB connection closed
[2025-06-28T06:40:23.583Z] [INFO] Daemon is now running continuously...
[2025-06-28T06:40:53.584Z] [INFO] Checking for scheduled reports...
[2025-06-28T06:40:54.187Z] [DEBUG] Connected to MongoDB
[2025-06-28T06:40:54.254Z] [INFO] Found 1 company databases
[2025-06-28T06:40:54.254Z] [DEBUG] Processing company database: company_9jxwph8g
[2025-06-28T06:40:54.308Z] [DEBUG] Finding reports to execute in company_9jxwph8g (current time: 2025-06-28T06:40:54.308Z)
[2025-06-28T06:40:54.360Z] [INFO] Found 0 reports to execute in company_9jxwph8g
[2025-06-28T06:40:54.360Z] [INFO] Scheduled reports check completed
[2025-06-28T06:40:54.363Z] [DEBUG] MongoDB connection closed
[2025-06-28T06:41:23.585Z] [INFO] Checking for scheduled reports...
[2025-06-28T06:41:24.370Z] [DEBUG] Connected to MongoDB
[2025-06-28T06:41:24.437Z] [INFO] Found 1 company databases
[2025-06-28T06:41:24.438Z] [DEBUG] Processing company database: company_9jxwph8g
[2025-06-28T06:41:24.642Z] [DEBUG] Finding reports to execute in company_9jxwph8g (current time: 2025-06-28T06:41:24.642Z)
[2025-06-28T06:41:24.695Z] [INFO] Found 0 reports to execute in company_9jxwph8g
[2025-06-28T06:41:24.696Z] [INFO] Scheduled reports check completed
[2025-06-28T06:41:24.701Z] [DEBUG] MongoDB connection closed
[2025-06-28T06:41:53.585Z] [INFO] Checking for scheduled reports...
[2025-06-28T06:41:54.185Z] [DEBUG] Connected to MongoDB
[2025-06-28T06:41:54.248Z] [INFO] Found 1 company databases
[2025-06-28T06:41:54.249Z] [DEBUG] Processing company database: company_9jxwph8g
[2025-06-28T06:41:54.303Z] [DEBUG] Finding reports to execute in company_9jxwph8g (current time: 2025-06-28T06:41:54.303Z)
[2025-06-28T06:41:54.356Z] [INFO] Found 0 reports to execute in company_9jxwph8g
[2025-06-28T06:41:54.357Z] [INFO] Scheduled reports check completed
[2025-06-28T06:41:54.362Z] [DEBUG] MongoDB connection closed
[2025-06-28T06:42:23.585Z] [INFO] Checking for scheduled reports...
[2025-06-28T06:42:24.260Z] [DEBUG] Connected to MongoDB
[2025-06-28T06:42:24.325Z] [INFO] Found 1 company databases
[2025-06-28T06:42:24.325Z] [DEBUG] Processing company database: company_9jxwph8g
[2025-06-28T06:42:24.379Z] [DEBUG] Finding reports to execute in company_9jxwph8g (current time: 2025-06-28T06:42:24.379Z)
[2025-06-28T06:42:24.431Z] [INFO] Found 0 reports to execute in company_9jxwph8g
[2025-06-28T06:42:24.432Z] [INFO] Scheduled reports check completed
[2025-06-28T06:42:24.435Z] [DEBUG] MongoDB connection closed
[2025-06-28T06:42:53.586Z] [INFO] Checking for scheduled reports...
[2025-06-28T06:42:54.302Z] [DEBUG] Connected to MongoDB
[2025-06-28T06:42:54.366Z] [INFO] Found 1 company databases
[2025-06-28T06:42:54.367Z] [DEBUG] Processing company database: company_9jxwph8g
[2025-06-28T06:42:54.420Z] [DEBUG] Finding reports to execute in company_9jxwph8g (current time: 2025-06-28T06:42:54.420Z)
[2025-06-28T06:42:54.472Z] [INFO] Found 0 reports to execute in company_9jxwph8g
[2025-06-28T06:42:54.472Z] [INFO] Scheduled reports check completed
[2025-06-28T06:42:54.475Z] [DEBUG] MongoDB connection closed
[2025-06-28T06:43:23.587Z] [INFO] Checking for scheduled reports...
[2025-06-28T06:43:24.171Z] [DEBUG] Connected to MongoDB
[2025-06-28T06:43:24.234Z] [INFO] Found 1 company databases
[2025-06-28T06:43:24.235Z] [DEBUG] Processing company database: company_9jxwph8g
[2025-06-28T06:43:24.288Z] [DEBUG] Finding reports to execute in company_9jxwph8g (current time: 2025-06-28T06:43:24.288Z)
[2025-06-28T06:43:24.341Z] [INFO] Found 0 reports to execute in company_9jxwph8g
[2025-06-28T06:43:24.341Z] [INFO] Scheduled reports check completed
[2025-06-28T06:43:24.345Z] [DEBUG] MongoDB connection closed
[2025-06-28T06:43:53.589Z] [INFO] Checking for scheduled reports...
[2025-06-28T06:43:54.198Z] [DEBUG] Connected to MongoDB
[2025-06-28T06:43:54.261Z] [INFO] Found 1 company databases
[2025-06-28T06:43:54.262Z] [DEBUG] Processing company database: company_9jxwph8g
[2025-06-28T06:43:54.317Z] [DEBUG] Finding reports to execute in company_9jxwph8g (current time: 2025-06-28T06:43:54.317Z)
[2025-06-28T06:43:54.369Z] [INFO] Found 0 reports to execute in company_9jxwph8g
[2025-06-28T06:43:54.370Z] [INFO] Scheduled reports check completed
[2025-06-28T06:43:54.373Z] [DEBUG] MongoDB connection closed
[2025-06-28T06:44:23.591Z] [INFO] Checking for scheduled reports...
[2025-06-28T06:44:24.378Z] [DEBUG] Connected to MongoDB
[2025-06-28T06:44:24.442Z] [INFO] Found 1 company databases
[2025-06-28T06:44:24.443Z] [DEBUG] Processing company database: company_9jxwph8g
[2025-06-28T06:44:24.496Z] [DEBUG] Finding reports to execute in company_9jxwph8g (current time: 2025-06-28T06:44:24.496Z)
[2025-06-28T06:44:24.548Z] [INFO] Found 0 reports to execute in company_9jxwph8g
[2025-06-28T06:44:24.549Z] [INFO] Scheduled reports check completed
[2025-06-28T06:44:24.551Z] [DEBUG] MongoDB connection closed
[2025-06-28T06:44:53.592Z] [INFO] Checking for scheduled reports...
[2025-06-28T06:44:54.195Z] [DEBUG] Connected to MongoDB
[2025-06-28T06:44:54.257Z] [INFO] Found 1 company databases
[2025-06-28T06:44:54.257Z] [DEBUG] Processing company database: company_9jxwph8g
[2025-06-28T06:44:54.309Z] [DEBUG] Finding reports to execute in company_9jxwph8g (current time: 2025-06-28T06:44:54.309Z)
[2025-06-28T06:44:54.360Z] [INFO] Found 0 reports to execute in company_9jxwph8g
[2025-06-28T06:44:54.360Z] [INFO] Scheduled reports check completed
[2025-06-28T06:44:54.361Z] [DEBUG] MongoDB connection closed
[2025-06-28T06:45:23.594Z] [INFO] Checking for scheduled reports...
[2025-06-28T06:45:24.269Z] [DEBUG] Connected to MongoDB
[2025-06-28T06:45:24.331Z] [INFO] Found 1 company databases
[2025-06-28T06:45:24.333Z] [DEBUG] Processing company database: company_9jxwph8g
[2025-06-28T06:45:24.384Z] [DEBUG] Finding reports to execute in company_9jxwph8g (current time: 2025-06-28T06:45:24.384Z)
[2025-06-28T06:45:24.435Z] [INFO] Found 0 reports to execute in company_9jxwph8g
[2025-06-28T06:45:24.436Z] [INFO] Scheduled reports check completed
[2025-06-28T06:45:24.438Z] [DEBUG] MongoDB connection closed
[2025-06-28T06:45:53.595Z] [INFO] Checking for scheduled reports...
[2025-06-28T06:45:54.293Z] [DEBUG] Connected to MongoDB
[2025-06-28T06:45:54.356Z] [INFO] Found 1 company databases
[2025-06-28T06:45:54.356Z] [DEBUG] Processing company database: company_9jxwph8g
[2025-06-28T06:45:54.408Z] [DEBUG] Finding reports to execute in company_9jxwph8g (current time: 2025-06-28T06:45:54.408Z)
[2025-06-28T06:45:54.460Z] [INFO] Found 0 reports to execute in company_9jxwph8g
[2025-06-28T06:45:54.460Z] [INFO] Scheduled reports check completed
[2025-06-28T06:45:54.461Z] [DEBUG] MongoDB connection closed
[2025-06-28T06:46:23.595Z] [INFO] Checking for scheduled reports...
[2025-06-28T06:46:24.272Z] [DEBUG] Connected to MongoDB
[2025-06-28T06:46:24.334Z] [INFO] Found 1 company databases
[2025-06-28T06:46:24.335Z] [DEBUG] Processing company database: company_9jxwph8g
[2025-06-28T06:46:24.386Z] [DEBUG] Finding reports to execute in company_9jxwph8g (current time: 2025-06-28T06:46:24.386Z)
[2025-06-28T06:46:24.440Z] [INFO] Found 0 reports to execute in company_9jxwph8g
[2025-06-28T06:46:24.441Z] [INFO] Scheduled reports check completed
[2025-06-28T06:46:24.442Z] [DEBUG] MongoDB connection closed
[2025-06-28T06:46:53.597Z] [INFO] Checking for scheduled reports...
[2025-06-28T06:46:54.199Z] [DEBUG] Connected to MongoDB
[2025-06-28T06:46:54.263Z] [INFO] Found 1 company databases
[2025-06-28T06:46:54.264Z] [DEBUG] Processing company database: company_9jxwph8g
[2025-06-28T06:46:54.317Z] [DEBUG] Finding reports to execute in company_9jxwph8g (current time: 2025-06-28T06:46:54.317Z)
[2025-06-28T06:46:54.368Z] [INFO] Found 0 reports to execute in company_9jxwph8g
[2025-06-28T06:46:54.369Z] [INFO] Scheduled reports check completed
[2025-06-28T06:46:54.372Z] [DEBUG] MongoDB connection closed
[2025-06-28T06:47:23.599Z] [INFO] Checking for scheduled reports...
[2025-06-28T06:47:24.274Z] [DEBUG] Connected to MongoDB
[2025-06-28T06:47:24.337Z] [INFO] Found 1 company databases
[2025-06-28T06:47:24.338Z] [DEBUG] Processing company database: company_9jxwph8g
[2025-06-28T06:47:24.390Z] [DEBUG] Finding reports to execute in company_9jxwph8g (current time: 2025-06-28T06:47:24.390Z)
[2025-06-28T06:47:24.442Z] [INFO] Found 0 reports to execute in company_9jxwph8g
[2025-06-28T06:47:24.443Z] [INFO] Scheduled reports check completed
[2025-06-28T06:47:24.445Z] [DEBUG] MongoDB connection closed
[2025-06-28T06:47:53.600Z] [INFO] Checking for scheduled reports...
[2025-06-28T06:47:54.186Z] [DEBUG] Connected to MongoDB
[2025-06-28T06:47:54.249Z] [INFO] Found 1 company databases
[2025-06-28T06:47:54.249Z] [DEBUG] Processing company database: company_9jxwph8g
[2025-06-28T06:47:54.301Z] [DEBUG] Finding reports to execute in company_9jxwph8g (current time: 2025-06-28T06:47:54.301Z)
[2025-06-28T06:47:54.357Z] [INFO] Found 0 reports to execute in company_9jxwph8g
[2025-06-28T06:47:54.357Z] [INFO] Scheduled reports check completed
[2025-06-28T06:47:54.360Z] [DEBUG] MongoDB connection closed
[2025-06-28T06:48:23.601Z] [INFO] Checking for scheduled reports...
[2025-06-28T06:48:24.285Z] [DEBUG] Connected to MongoDB
[2025-06-28T06:48:24.347Z] [INFO] Found 1 company databases
[2025-06-28T06:48:24.348Z] [DEBUG] Processing company database: company_9jxwph8g
[2025-06-28T06:48:24.401Z] [DEBUG] Finding reports to execute in company_9jxwph8g (current time: 2025-06-28T06:48:24.401Z)
[2025-06-28T06:48:24.453Z] [INFO] Found 0 reports to execute in company_9jxwph8g
[2025-06-28T06:48:24.454Z] [INFO] Scheduled reports check completed
[2025-06-28T06:48:24.456Z] [DEBUG] MongoDB connection closed
[2025-06-28T06:48:53.601Z] [INFO] Checking for scheduled reports...
[2025-06-28T06:48:54.197Z] [DEBUG] Connected to MongoDB
[2025-06-28T06:48:54.261Z] [INFO] Found 1 company databases
[2025-06-28T06:48:54.262Z] [DEBUG] Processing company database: company_9jxwph8g
[2025-06-28T06:48:54.315Z] [DEBUG] Finding reports to execute in company_9jxwph8g (current time: 2025-06-28T06:48:54.315Z)
[2025-06-28T06:48:54.366Z] [INFO] Found 0 reports to execute in company_9jxwph8g
[2025-06-28T06:48:54.366Z] [INFO] Scheduled reports check completed
[2025-06-28T06:48:54.369Z] [DEBUG] MongoDB connection closed
[2025-06-28T06:49:23.602Z] [INFO] Checking for scheduled reports...
[2025-06-28T06:49:24.277Z] [DEBUG] Connected to MongoDB
[2025-06-28T06:49:24.339Z] [INFO] Found 1 company databases
[2025-06-28T06:49:24.340Z] [DEBUG] Processing company database: company_9jxwph8g
[2025-06-28T06:49:24.392Z] [DEBUG] Finding reports to execute in company_9jxwph8g (current time: 2025-06-28T06:49:24.392Z)
[2025-06-28T06:49:24.444Z] [INFO] Found 0 reports to execute in company_9jxwph8g
[2025-06-28T06:49:24.444Z] [INFO] Scheduled reports check completed
[2025-06-28T06:49:24.447Z] [DEBUG] MongoDB connection closed
[2025-06-28T06:49:53.603Z] [INFO] Checking for scheduled reports...
[2025-06-28T06:49:54.388Z] [DEBUG] Connected to MongoDB
[2025-06-28T06:49:54.451Z] [INFO] Found 1 company databases
[2025-06-28T06:49:54.452Z] [DEBUG] Processing company database: company_9jxwph8g
[2025-06-28T06:49:54.505Z] [DEBUG] Finding reports to execute in company_9jxwph8g (current time: 2025-06-28T06:49:54.505Z)
[2025-06-28T06:49:54.559Z] [INFO] Found 0 reports to execute in company_9jxwph8g
[2025-06-28T06:49:54.560Z] [INFO] Scheduled reports check completed
[2025-06-28T06:49:54.563Z] [DEBUG] MongoDB connection closed
[2025-06-28T06:50:23.604Z] [INFO] Checking for scheduled reports...
[2025-06-28T06:50:24.283Z] [DEBUG] Connected to MongoDB
[2025-06-28T06:50:24.347Z] [INFO] Found 1 company databases
[2025-06-28T06:50:24.347Z] [DEBUG] Processing company database: company_9jxwph8g
[2025-06-28T06:50:24.400Z] [DEBUG] Finding reports to execute in company_9jxwph8g (current time: 2025-06-28T06:50:24.400Z)
[2025-06-28T06:50:24.452Z] [INFO] Found 0 reports to execute in company_9jxwph8g
[2025-06-28T06:50:24.452Z] [INFO] Scheduled reports check completed
[2025-06-28T06:50:24.455Z] [DEBUG] MongoDB connection closed
[2025-06-28T06:50:53.604Z] [INFO] Checking for scheduled reports...
[2025-06-28T06:50:54.206Z] [DEBUG] Connected to MongoDB
[2025-06-28T06:50:54.271Z] [INFO] Found 1 company databases
[2025-06-28T06:50:54.271Z] [DEBUG] Processing company database: company_9jxwph8g
[2025-06-28T06:50:54.323Z] [DEBUG] Finding reports to execute in company_9jxwph8g (current time: 2025-06-28T06:50:54.322Z)
[2025-06-28T06:50:54.374Z] [INFO] Found 0 reports to execute in company_9jxwph8g
[2025-06-28T06:50:54.375Z] [INFO] Scheduled reports check completed
[2025-06-28T06:50:54.378Z] [DEBUG] MongoDB connection closed
[2025-06-28T06:51:23.604Z] [INFO] Checking for scheduled reports...
[2025-06-28T06:51:24.385Z] [DEBUG] Connected to MongoDB
[2025-06-28T06:51:24.449Z] [INFO] Found 1 company databases
[2025-06-28T06:51:24.450Z] [DEBUG] Processing company database: company_9jxwph8g
[2025-06-28T06:51:24.502Z] [DEBUG] Finding reports to execute in company_9jxwph8g (current time: 2025-06-28T06:51:24.502Z)
[2025-06-28T06:51:24.553Z] [INFO] Found 0 reports to execute in company_9jxwph8g
[2025-06-28T06:51:24.554Z] [INFO] Scheduled reports check completed
[2025-06-28T06:51:24.555Z] [DEBUG] MongoDB connection closed
[2025-06-28T06:51:53.604Z] [INFO] Checking for scheduled reports...
[2025-06-28T06:51:54.217Z] [DEBUG] Connected to MongoDB
[2025-06-28T06:51:54.281Z] [INFO] Found 1 company databases
[2025-06-28T06:51:54.282Z] [DEBUG] Processing company database: company_9jxwph8g
[2025-06-28T06:51:54.335Z] [DEBUG] Finding reports to execute in company_9jxwph8g (current time: 2025-06-28T06:51:54.335Z)
[2025-06-28T06:51:54.388Z] [INFO] Found 0 reports to execute in company_9jxwph8g
[2025-06-28T06:51:54.388Z] [INFO] Scheduled reports check completed
[2025-06-28T06:51:54.391Z] [DEBUG] MongoDB connection closed
[2025-06-28T06:52:23.605Z] [INFO] Checking for scheduled reports...
[2025-06-28T06:52:24.318Z] [DEBUG] Connected to MongoDB
[2025-06-28T06:52:24.380Z] [INFO] Found 1 company databases
[2025-06-28T06:52:24.381Z] [DEBUG] Processing company database: company_9jxwph8g
[2025-06-28T06:52:24.435Z] [DEBUG] Finding reports to execute in company_9jxwph8g (current time: 2025-06-28T06:52:24.435Z)
[2025-06-28T06:52:24.487Z] [INFO] Found 0 reports to execute in company_9jxwph8g
[2025-06-28T06:52:24.488Z] [INFO] Scheduled reports check completed
[2025-06-28T06:52:24.490Z] [DEBUG] MongoDB connection closed
[2025-06-28T06:52:53.607Z] [INFO] Checking for scheduled reports...
[2025-06-28T06:52:54.204Z] [DEBUG] Connected to MongoDB
[2025-06-28T06:52:54.267Z] [INFO] Found 1 company databases
[2025-06-28T06:52:54.267Z] [DEBUG] Processing company database: company_9jxwph8g
[2025-06-28T06:52:54.325Z] [DEBUG] Finding reports to execute in company_9jxwph8g (current time: 2025-06-28T06:52:54.325Z)
[2025-06-28T06:52:54.376Z] [INFO] Found 0 reports to execute in company_9jxwph8g
[2025-06-28T06:52:54.377Z] [INFO] Scheduled reports check completed
[2025-06-28T06:52:54.380Z] [DEBUG] MongoDB connection closed
[2025-06-28T06:53:23.608Z] [INFO] Checking for scheduled reports...
[2025-06-28T06:53:24.282Z] [DEBUG] Connected to MongoDB
[2025-06-28T06:53:24.347Z] [INFO] Found 1 company databases
[2025-06-28T06:53:24.348Z] [DEBUG] Processing company database: company_9jxwph8g
[2025-06-28T06:53:24.400Z] [DEBUG] Finding reports to execute in company_9jxwph8g (current time: 2025-06-28T06:53:24.400Z)
[2025-06-28T06:53:24.451Z] [INFO] Found 0 reports to execute in company_9jxwph8g
[2025-06-28T06:53:24.452Z] [INFO] Scheduled reports check completed
[2025-06-28T06:53:24.454Z] [DEBUG] MongoDB connection closed
[2025-06-28T06:53:53.610Z] [INFO] Checking for scheduled reports...
[2025-06-28T06:53:54.209Z] [DEBUG] Connected to MongoDB
[2025-06-28T06:53:54.271Z] [INFO] Found 1 company databases
[2025-06-28T06:53:54.272Z] [DEBUG] Processing company database: company_9jxwph8g
[2025-06-28T06:53:54.324Z] [DEBUG] Finding reports to execute in company_9jxwph8g (current time: 2025-06-28T06:53:54.324Z)
[2025-06-28T06:53:54.375Z] [INFO] Found 0 reports to execute in company_9jxwph8g
[2025-06-28T06:53:54.376Z] [INFO] Scheduled reports check completed
[2025-06-28T06:53:54.378Z] [DEBUG] MongoDB connection closed
[2025-06-28T06:54:23.610Z] [INFO] Checking for scheduled reports...
[2025-06-28T06:54:24.284Z] [DEBUG] Connected to MongoDB
[2025-06-28T06:54:24.346Z] [INFO] Found 1 company databases
[2025-06-28T06:54:24.347Z] [DEBUG] Processing company database: company_9jxwph8g
[2025-06-28T06:54:24.399Z] [DEBUG] Finding reports to execute in company_9jxwph8g (current time: 2025-06-28T06:54:24.399Z)
[2025-06-28T06:54:24.452Z] [INFO] Found 0 reports to execute in company_9jxwph8g
[2025-06-28T06:54:24.452Z] [INFO] Scheduled reports check completed
[2025-06-28T06:54:24.455Z] [DEBUG] MongoDB connection closed
[2025-06-28T06:54:53.610Z] [INFO] Checking for scheduled reports...
[2025-06-28T06:54:54.208Z] [DEBUG] Connected to MongoDB
[2025-06-28T06:54:54.272Z] [INFO] Found 1 company databases
[2025-06-28T06:54:54.272Z] [DEBUG] Processing company database: company_9jxwph8g
[2025-06-28T06:54:54.325Z] [DEBUG] Finding reports to execute in company_9jxwph8g (current time: 2025-06-28T06:54:54.325Z)
[2025-06-28T06:54:54.376Z] [INFO] Found 0 reports to execute in company_9jxwph8g
[2025-06-28T06:54:54.377Z] [INFO] Scheduled reports check completed
[2025-06-28T06:54:54.380Z] [DEBUG] MongoDB connection closed
[2025-06-28T06:55:23.611Z] [INFO] Checking for scheduled reports...
[2025-06-28T06:55:24.388Z] [DEBUG] Connected to MongoDB
[2025-06-28T06:55:24.450Z] [INFO] Found 1 company databases
[2025-06-28T06:55:24.451Z] [DEBUG] Processing company database: company_9jxwph8g
[2025-06-28T06:55:24.503Z] [DEBUG] Finding reports to execute in company_9jxwph8g (current time: 2025-06-28T06:55:24.503Z)
[2025-06-28T06:55:24.554Z] [INFO] Found 0 reports to execute in company_9jxwph8g
[2025-06-28T06:55:24.555Z] [INFO] Scheduled reports check completed
[2025-06-28T06:55:24.557Z] [DEBUG] MongoDB connection closed
[2025-06-28T06:55:53.611Z] [INFO] Checking for scheduled reports...
[2025-06-28T06:55:54.197Z] [DEBUG] Connected to MongoDB
[2025-06-28T06:55:54.264Z] [INFO] Found 1 company databases
[2025-06-28T06:55:54.264Z] [DEBUG] Processing company database: company_9jxwph8g
[2025-06-28T06:55:54.317Z] [DEBUG] Finding reports to execute in company_9jxwph8g (current time: 2025-06-28T06:55:54.317Z)
[2025-06-28T06:55:54.369Z] [INFO] Found 0 reports to execute in company_9jxwph8g
[2025-06-28T06:55:54.369Z] [INFO] Scheduled reports check completed
[2025-06-28T06:55:54.373Z] [DEBUG] MongoDB connection closed
[2025-06-28T06:56:23.611Z] [INFO] Checking for scheduled reports...
[2025-06-28T06:56:24.290Z] [DEBUG] Connected to MongoDB
[2025-06-28T06:56:24.352Z] [INFO] Found 1 company databases
[2025-06-28T06:56:24.353Z] [DEBUG] Processing company database: company_9jxwph8g
[2025-06-28T06:56:24.405Z] [DEBUG] Finding reports to execute in company_9jxwph8g (current time: 2025-06-28T06:56:24.405Z)
[2025-06-28T06:56:24.457Z] [INFO] Found 0 reports to execute in company_9jxwph8g
[2025-06-28T06:56:24.457Z] [INFO] Scheduled reports check completed
[2025-06-28T06:56:24.460Z] [DEBUG] MongoDB connection closed
[2025-06-28T06:56:53.612Z] [INFO] Checking for scheduled reports...
[2025-06-28T06:56:54.316Z] [DEBUG] Connected to MongoDB
[2025-06-28T06:56:54.378Z] [INFO] Found 1 company databases
[2025-06-28T06:56:54.379Z] [DEBUG] Processing company database: company_9jxwph8g
[2025-06-28T06:56:54.430Z] [DEBUG] Finding reports to execute in company_9jxwph8g (current time: 2025-06-28T06:56:54.430Z)
[2025-06-28T06:56:54.481Z] [INFO] Found 0 reports to execute in company_9jxwph8g
[2025-06-28T06:56:54.482Z] [INFO] Scheduled reports check completed
[2025-06-28T06:56:54.483Z] [DEBUG] MongoDB connection closed
[2025-06-28T06:57:23.611Z] [INFO] Checking for scheduled reports...
[2025-06-28T06:57:24.307Z] [DEBUG] Connected to MongoDB
[2025-06-28T06:57:24.368Z] [INFO] Found 1 company databases
[2025-06-28T06:57:24.368Z] [DEBUG] Processing company database: company_9jxwph8g
[2025-06-28T06:57:24.420Z] [DEBUG] Finding reports to execute in company_9jxwph8g (current time: 2025-06-28T06:57:24.420Z)
[2025-06-28T06:57:24.471Z] [INFO] Found 0 reports to execute in company_9jxwph8g
[2025-06-28T06:57:24.471Z] [INFO] Scheduled reports check completed
[2025-06-28T06:57:24.473Z] [DEBUG] MongoDB connection closed
[2025-06-28T06:57:53.613Z] [INFO] Checking for scheduled reports...
[2025-06-28T06:57:54.205Z] [DEBUG] Connected to MongoDB
[2025-06-28T06:57:54.267Z] [INFO] Found 1 company databases
[2025-06-28T06:57:54.267Z] [DEBUG] Processing company database: company_9jxwph8g
[2025-06-28T06:57:54.318Z] [DEBUG] Finding reports to execute in company_9jxwph8g (current time: 2025-06-28T06:57:54.318Z)
[2025-06-28T06:57:54.369Z] [INFO] Found 0 reports to execute in company_9jxwph8g
[2025-06-28T06:57:54.370Z] [INFO] Scheduled reports check completed
[2025-06-28T06:57:54.372Z] [DEBUG] MongoDB connection closed
[2025-06-28T06:58:23.613Z] [INFO] Checking for scheduled reports...
[2025-06-28T06:58:24.397Z] [DEBUG] Connected to MongoDB
[2025-06-28T06:58:24.459Z] [INFO] Found 1 company databases
[2025-06-28T06:58:24.460Z] [DEBUG] Processing company database: company_9jxwph8g
[2025-06-28T06:58:24.512Z] [DEBUG] Finding reports to execute in company_9jxwph8g (current time: 2025-06-28T06:58:24.512Z)
[2025-06-28T06:58:24.563Z] [INFO] Found 0 reports to execute in company_9jxwph8g
[2025-06-28T06:58:24.564Z] [INFO] Scheduled reports check completed
[2025-06-28T06:58:24.566Z] [DEBUG] MongoDB connection closed
[2025-06-28T06:58:53.613Z] [INFO] Checking for scheduled reports...
[2025-06-28T06:58:54.198Z] [DEBUG] Connected to MongoDB
[2025-06-28T06:58:54.260Z] [INFO] Found 1 company databases
[2025-06-28T06:58:54.261Z] [DEBUG] Processing company database: company_9jxwph8g
[2025-06-28T06:58:54.313Z] [DEBUG] Finding reports to execute in company_9jxwph8g (current time: 2025-06-28T06:58:54.313Z)
[2025-06-28T06:58:54.365Z] [INFO] Found 0 reports to execute in company_9jxwph8g
[2025-06-28T06:58:54.365Z] [INFO] Scheduled reports check completed
[2025-06-28T06:58:54.367Z] [DEBUG] MongoDB connection closed
[2025-06-28T06:59:23.615Z] [INFO] Checking for scheduled reports...
[2025-06-28T06:59:24.287Z] [DEBUG] Connected to MongoDB
[2025-06-28T06:59:24.349Z] [INFO] Found 1 company databases
[2025-06-28T06:59:24.350Z] [DEBUG] Processing company database: company_9jxwph8g
[2025-06-28T06:59:24.401Z] [DEBUG] Finding reports to execute in company_9jxwph8g (current time: 2025-06-28T06:59:24.401Z)
[2025-06-28T06:59:24.453Z] [INFO] Found 0 reports to execute in company_9jxwph8g
[2025-06-28T06:59:24.453Z] [INFO] Scheduled reports check completed
[2025-06-28T06:59:24.456Z] [DEBUG] MongoDB connection closed
[2025-06-28T06:59:53.617Z] [INFO] Checking for scheduled reports...
[2025-06-28T06:59:54.317Z] [DEBUG] Connected to MongoDB
[2025-06-28T06:59:54.381Z] [INFO] Found 1 company databases
[2025-06-28T06:59:54.381Z] [DEBUG] Processing company database: company_9jxwph8g
[2025-06-28T06:59:54.433Z] [DEBUG] Finding reports to execute in company_9jxwph8g (current time: 2025-06-28T06:59:54.433Z)
[2025-06-28T06:59:54.484Z] [INFO] Found 0 reports to execute in company_9jxwph8g
[2025-06-28T06:59:54.485Z] [INFO] Scheduled reports check completed
[2025-06-28T06:59:54.487Z] [DEBUG] MongoDB connection closed
[2025-06-28T07:00:23.618Z] [INFO] Checking for scheduled reports...
[2025-06-28T07:00:24.280Z] [DEBUG] Connected to MongoDB
[2025-06-28T07:00:24.342Z] [INFO] Found 1 company databases
[2025-06-28T07:00:24.342Z] [DEBUG] Processing company database: company_9jxwph8g
[2025-06-28T07:00:24.394Z] [DEBUG] Finding reports to execute in company_9jxwph8g (current time: 2025-06-28T07:00:24.394Z)
[2025-06-28T07:00:24.446Z] [INFO] Found 0 reports to execute in company_9jxwph8g
[2025-06-28T07:00:24.447Z] [INFO] Scheduled reports check completed
[2025-06-28T07:00:24.450Z] [DEBUG] MongoDB connection closed
[2025-06-28T07:00:53.618Z] [INFO] Checking for scheduled reports...
[2025-06-28T07:00:54.211Z] [DEBUG] Connected to MongoDB
[2025-06-28T07:00:54.273Z] [INFO] Found 1 company databases
[2025-06-28T07:00:54.273Z] [DEBUG] Processing company database: company_9jxwph8g
[2025-06-28T07:00:54.328Z] [DEBUG] Finding reports to execute in company_9jxwph8g (current time: 2025-06-28T07:00:54.328Z)
[2025-06-28T07:00:54.379Z] [INFO] Found 0 reports to execute in company_9jxwph8g
[2025-06-28T07:00:54.380Z] [INFO] Scheduled reports check completed
[2025-06-28T07:00:54.382Z] [DEBUG] MongoDB connection closed
[2025-06-28T07:01:23.619Z] [INFO] Checking for scheduled reports...
[2025-06-28T07:01:24.478Z] [DEBUG] Connected to MongoDB
[2025-06-28T07:01:24.540Z] [INFO] Found 1 company databases
[2025-06-28T07:01:24.541Z] [DEBUG] Processing company database: company_9jxwph8g
[2025-06-28T07:01:24.592Z] [DEBUG] Finding reports to execute in company_9jxwph8g (current time: 2025-06-28T07:01:24.592Z)
[2025-06-28T07:01:24.643Z] [INFO] Found 0 reports to execute in company_9jxwph8g
[2025-06-28T07:01:24.643Z] [INFO] Scheduled reports check completed
[2025-06-28T07:01:24.646Z] [DEBUG] MongoDB connection closed
[2025-06-28T07:01:53.620Z] [INFO] Checking for scheduled reports...
[2025-06-28T07:01:54.205Z] [DEBUG] Connected to MongoDB
[2025-06-28T07:01:54.267Z] [INFO] Found 1 company databases
[2025-06-28T07:01:54.268Z] [DEBUG] Processing company database: company_9jxwph8g
[2025-06-28T07:01:54.320Z] [DEBUG] Finding reports to execute in company_9jxwph8g (current time: 2025-06-28T07:01:54.320Z)
[2025-06-28T07:01:54.371Z] [INFO] Found 0 reports to execute in company_9jxwph8g
[2025-06-28T07:01:54.371Z] [INFO] Scheduled reports check completed
[2025-06-28T07:01:54.374Z] [DEBUG] MongoDB connection closed
[2025-06-28T07:02:23.622Z] [INFO] Checking for scheduled reports...
[2025-06-28T07:02:24.287Z] [DEBUG] Connected to MongoDB
[2025-06-28T07:02:24.348Z] [INFO] Found 1 company databases
[2025-06-28T07:02:24.349Z] [DEBUG] Processing company database: company_9jxwph8g
[2025-06-28T07:02:24.400Z] [DEBUG] Finding reports to execute in company_9jxwph8g (current time: 2025-06-28T07:02:24.400Z)
[2025-06-28T07:02:24.451Z] [INFO] Found 0 reports to execute in company_9jxwph8g
[2025-06-28T07:02:24.451Z] [INFO] Scheduled reports check completed
[2025-06-28T07:02:24.454Z] [DEBUG] MongoDB connection closed
[2025-06-28T07:02:53.623Z] [INFO] Checking for scheduled reports...
[2025-06-28T07:02:54.320Z] [DEBUG] Connected to MongoDB
[2025-06-28T07:02:54.382Z] [INFO] Found 1 company databases
[2025-06-28T07:02:54.383Z] [DEBUG] Processing company database: company_9jxwph8g
[2025-06-28T07:02:54.435Z] [DEBUG] Finding reports to execute in company_9jxwph8g (current time: 2025-06-28T07:02:54.435Z)
[2025-06-28T07:02:54.485Z] [INFO] Found 0 reports to execute in company_9jxwph8g
[2025-06-28T07:02:54.486Z] [INFO] Scheduled reports check completed
[2025-06-28T07:02:54.488Z] [DEBUG] MongoDB connection closed
[2025-06-28T07:03:23.624Z] [INFO] Checking for scheduled reports...
[2025-06-28T07:03:24.292Z] [DEBUG] Connected to MongoDB
[2025-06-28T07:03:24.354Z] [INFO] Found 1 company databases
[2025-06-28T07:03:24.354Z] [DEBUG] Processing company database: company_9jxwph8g
[2025-06-28T07:03:24.406Z] [DEBUG] Finding reports to execute in company_9jxwph8g (current time: 2025-06-28T07:03:24.406Z)
[2025-06-28T07:03:24.457Z] [INFO] Found 0 reports to execute in company_9jxwph8g
[2025-06-28T07:03:24.458Z] [INFO] Scheduled reports check completed
[2025-06-28T07:03:24.460Z] [DEBUG] MongoDB connection closed
[2025-06-28T07:03:53.625Z] [INFO] Checking for scheduled reports...
[2025-06-28T07:03:54.210Z] [DEBUG] Connected to MongoDB
[2025-06-28T07:03:54.271Z] [INFO] Found 1 company databases
[2025-06-28T07:03:54.271Z] [DEBUG] Processing company database: company_9jxwph8g
[2025-06-28T07:03:54.321Z] [DEBUG] Finding reports to execute in company_9jxwph8g (current time: 2025-06-28T07:03:54.321Z)
[2025-06-28T07:03:54.371Z] [INFO] Found 0 reports to execute in company_9jxwph8g
[2025-06-28T07:03:54.371Z] [INFO] Scheduled reports check completed
[2025-06-28T07:03:54.372Z] [DEBUG] MongoDB connection closed
[2025-06-28T07:04:23.626Z] [INFO] Checking for scheduled reports...
[2025-06-28T07:04:24.423Z] [DEBUG] Connected to MongoDB
[2025-06-28T07:04:24.487Z] [INFO] Found 1 company databases
[2025-06-28T07:04:24.488Z] [DEBUG] Processing company database: company_9jxwph8g
[2025-06-28T07:04:24.542Z] [DEBUG] Finding reports to execute in company_9jxwph8g (current time: 2025-06-28T07:04:24.542Z)
[2025-06-28T07:04:24.596Z] [INFO] Found 0 reports to execute in company_9jxwph8g
[2025-06-28T07:04:24.596Z] [INFO] Scheduled reports check completed
[2025-06-28T07:04:24.598Z] [DEBUG] MongoDB connection closed
[2025-06-28T07:04:53.628Z] [INFO] Checking for scheduled reports...
[2025-06-28T07:04:54.554Z] [DEBUG] Connected to MongoDB
[2025-06-28T07:04:54.618Z] [INFO] Found 1 company databases
[2025-06-28T07:04:54.618Z] [DEBUG] Processing company database: company_9jxwph8g
[2025-06-28T07:04:54.672Z] [DEBUG] Finding reports to execute in company_9jxwph8g (current time: 2025-06-28T07:04:54.672Z)
[2025-06-28T07:04:54.725Z] [INFO] Found 0 reports to execute in company_9jxwph8g
[2025-06-28T07:04:54.726Z] [INFO] Scheduled reports check completed
[2025-06-28T07:04:54.728Z] [DEBUG] MongoDB connection closed
[2025-06-28T07:05:23.629Z] [INFO] Checking for scheduled reports...
[2025-06-28T07:05:24.316Z] [DEBUG] Connected to MongoDB
[2025-06-28T07:05:24.379Z] [INFO] Found 1 company databases
[2025-06-28T07:05:24.379Z] [DEBUG] Processing company database: company_9jxwph8g
[2025-06-28T07:05:24.433Z] [DEBUG] Finding reports to execute in company_9jxwph8g (current time: 2025-06-28T07:05:24.433Z)
[2025-06-28T07:05:24.485Z] [INFO] Found 0 reports to execute in company_9jxwph8g
[2025-06-28T07:05:24.486Z] [INFO] Scheduled reports check completed
[2025-06-28T07:05:24.488Z] [DEBUG] MongoDB connection closed
[2025-06-28T07:05:53.630Z] [INFO] Checking for scheduled reports...
[2025-06-28T07:05:54.234Z] [DEBUG] Connected to MongoDB
[2025-06-28T07:05:54.299Z] [INFO] Found 1 company databases
[2025-06-28T07:05:54.300Z] [DEBUG] Processing company database: company_9jxwph8g
[2025-06-28T07:05:54.353Z] [DEBUG] Finding reports to execute in company_9jxwph8g (current time: 2025-06-28T07:05:54.353Z)
[2025-06-28T07:05:54.406Z] [INFO] Found 0 reports to execute in company_9jxwph8g
[2025-06-28T07:05:54.407Z] [INFO] Scheduled reports check completed
[2025-06-28T07:05:54.408Z] [DEBUG] MongoDB connection closed
[2025-06-28T07:06:23.631Z] [INFO] Checking for scheduled reports...
[2025-06-28T07:06:24.312Z] [DEBUG] Connected to MongoDB
[2025-06-28T07:06:24.376Z] [INFO] Found 1 company databases
[2025-06-28T07:06:24.376Z] [DEBUG] Processing company database: company_9jxwph8g
[2025-06-28T07:06:24.430Z] [DEBUG] Finding reports to execute in company_9jxwph8g (current time: 2025-06-28T07:06:24.430Z)
[2025-06-28T07:06:24.483Z] [INFO] Found 0 reports to execute in company_9jxwph8g
[2025-06-28T07:06:24.484Z] [INFO] Scheduled reports check completed
[2025-06-28T07:06:24.486Z] [DEBUG] MongoDB connection closed
[2025-06-28T07:06:53.631Z] [INFO] Checking for scheduled reports...
[2025-06-28T07:06:54.242Z] [DEBUG] Connected to MongoDB
[2025-06-28T07:06:54.308Z] [INFO] Found 1 company databases
[2025-06-28T07:06:54.309Z] [DEBUG] Processing company database: company_9jxwph8g
[2025-06-28T07:06:54.363Z] [DEBUG] Finding reports to execute in company_9jxwph8g (current time: 2025-06-28T07:06:54.363Z)
[2025-06-28T07:06:54.417Z] [INFO] Found 0 reports to execute in company_9jxwph8g
[2025-06-28T07:06:54.417Z] [INFO] Scheduled reports check completed
[2025-06-28T07:06:54.420Z] [DEBUG] MongoDB connection closed
[2025-06-28T07:07:23.633Z] [INFO] Checking for scheduled reports...
[2025-06-28T07:07:24.465Z] [DEBUG] Connected to MongoDB
[2025-06-28T07:07:24.531Z] [INFO] Found 1 company databases
[2025-06-28T07:07:24.532Z] [DEBUG] Processing company database: company_9jxwph8g
[2025-06-28T07:07:24.586Z] [DEBUG] Finding reports to execute in company_9jxwph8g (current time: 2025-06-28T07:07:24.586Z)
[2025-06-28T07:07:24.640Z] [INFO] Found 0 reports to execute in company_9jxwph8g
[2025-06-28T07:07:24.640Z] [INFO] Scheduled reports check completed
[2025-06-28T07:07:24.643Z] [DEBUG] MongoDB connection closed
[2025-06-28T07:07:53.634Z] [INFO] Checking for scheduled reports...
[2025-06-28T07:07:54.246Z] [DEBUG] Connected to MongoDB
[2025-06-28T07:07:54.312Z] [INFO] Found 1 company databases
[2025-06-28T07:07:54.312Z] [DEBUG] Processing company database: company_9jxwph8g
[2025-06-28T07:07:54.367Z] [DEBUG] Finding reports to execute in company_9jxwph8g (current time: 2025-06-28T07:07:54.367Z)
[2025-06-28T07:07:54.421Z] [INFO] Found 0 reports to execute in company_9jxwph8g
[2025-06-28T07:07:54.422Z] [INFO] Scheduled reports check completed
[2025-06-28T07:07:54.424Z] [DEBUG] MongoDB connection closed
[2025-06-28T07:08:23.636Z] [INFO] Checking for scheduled reports...
[2025-06-28T07:08:24.329Z] [DEBUG] Connected to MongoDB
[2025-06-28T07:08:24.395Z] [INFO] Found 1 company databases
[2025-06-28T07:08:24.395Z] [DEBUG] Processing company database: company_9jxwph8g
[2025-06-28T07:08:24.450Z] [DEBUG] Finding reports to execute in company_9jxwph8g (current time: 2025-06-28T07:08:24.450Z)
[2025-06-28T07:08:24.506Z] [INFO] Found 0 reports to execute in company_9jxwph8g
[2025-06-28T07:08:24.507Z] [INFO] Scheduled reports check completed
[2025-06-28T07:08:24.509Z] [DEBUG] MongoDB connection closed
[2025-06-28T07:08:53.638Z] [INFO] Checking for scheduled reports...
[2025-06-28T07:08:54.363Z] [DEBUG] Connected to MongoDB
[2025-06-28T07:08:54.428Z] [INFO] Found 1 company databases
[2025-06-28T07:08:54.429Z] [DEBUG] Processing company database: company_9jxwph8g
[2025-06-28T07:08:54.483Z] [DEBUG] Finding reports to execute in company_9jxwph8g (current time: 2025-06-28T07:08:54.483Z)
[2025-06-28T07:08:54.537Z] [INFO] Found 0 reports to execute in company_9jxwph8g
[2025-06-28T07:08:54.538Z] [INFO] Scheduled reports check completed
[2025-06-28T07:08:54.540Z] [DEBUG] MongoDB connection closed
[2025-06-28T07:09:23.638Z] [INFO] Checking for scheduled reports...
[2025-06-28T07:09:24.329Z] [DEBUG] Connected to MongoDB
[2025-06-28T07:09:24.394Z] [INFO] Found 1 company databases
[2025-06-28T07:09:24.395Z] [DEBUG] Processing company database: company_9jxwph8g
[2025-06-28T07:09:24.450Z] [DEBUG] Finding reports to execute in company_9jxwph8g (current time: 2025-06-28T07:09:24.449Z)
[2025-06-28T07:09:24.503Z] [INFO] Found 0 reports to execute in company_9jxwph8g
[2025-06-28T07:09:24.503Z] [INFO] Scheduled reports check completed
[2025-06-28T07:09:24.506Z] [DEBUG] MongoDB connection closed
[2025-06-28T07:09:53.640Z] [INFO] Checking for scheduled reports...
[2025-06-28T07:09:54.259Z] [DEBUG] Connected to MongoDB
[2025-06-28T07:09:54.324Z] [INFO] Found 1 company databases
[2025-06-28T07:09:54.324Z] [DEBUG] Processing company database: company_9jxwph8g
[2025-06-28T07:09:54.379Z] [DEBUG] Finding reports to execute in company_9jxwph8g (current time: 2025-06-28T07:09:54.379Z)
[2025-06-28T07:09:54.433Z] [INFO] Found 0 reports to execute in company_9jxwph8g
[2025-06-28T07:09:54.434Z] [INFO] Scheduled reports check completed
[2025-06-28T07:09:54.440Z] [DEBUG] MongoDB connection closed
[2025-06-28T07:10:23.640Z] [INFO] Checking for scheduled reports...
[2025-06-28T07:10:24.404Z] [DEBUG] Connected to MongoDB
[2025-06-28T07:10:24.468Z] [INFO] Found 1 company databases
[2025-06-28T07:10:24.468Z] [DEBUG] Processing company database: company_9jxwph8g
[2025-06-28T07:10:24.523Z] [DEBUG] Finding reports to execute in company_9jxwph8g (current time: 2025-06-28T07:10:24.523Z)
[2025-06-28T07:10:24.575Z] [INFO] Found 0 reports to execute in company_9jxwph8g
[2025-06-28T07:10:24.576Z] [INFO] Scheduled reports check completed
[2025-06-28T07:10:24.577Z] [DEBUG] MongoDB connection closed
[2025-06-28T07:10:53.642Z] [INFO] Checking for scheduled reports...
[2025-06-28T07:10:54.252Z] [DEBUG] Connected to MongoDB
[2025-06-28T07:10:54.317Z] [INFO] Found 1 company databases
[2025-06-28T07:10:54.318Z] [DEBUG] Processing company database: company_9jxwph8g
[2025-06-28T07:10:54.372Z] [DEBUG] Finding reports to execute in company_9jxwph8g (current time: 2025-06-28T07:10:54.372Z)
[2025-06-28T07:10:54.425Z] [INFO] Found 0 reports to execute in company_9jxwph8g
[2025-06-28T07:10:54.426Z] [INFO] Scheduled reports check completed
[2025-06-28T07:10:54.428Z] [DEBUG] MongoDB connection closed
[2025-06-28T07:11:23.642Z] [INFO] Checking for scheduled reports...
[2025-06-28T07:11:24.335Z] [DEBUG] Connected to MongoDB
[2025-06-28T07:11:24.400Z] [INFO] Found 1 company databases
[2025-06-28T07:11:24.401Z] [DEBUG] Processing company database: company_9jxwph8g
[2025-06-28T07:11:24.455Z] [DEBUG] Finding reports to execute in company_9jxwph8g (current time: 2025-06-28T07:11:24.455Z)
[2025-06-28T07:11:24.509Z] [INFO] Found 0 reports to execute in company_9jxwph8g
[2025-06-28T07:11:24.510Z] [INFO] Scheduled reports check completed
[2025-06-28T07:11:24.512Z] [DEBUG] MongoDB connection closed
[2025-06-28T07:11:53.643Z] [INFO] Checking for scheduled reports...
[2025-06-28T07:11:54.481Z] [DEBUG] Connected to MongoDB
[2025-06-28T07:11:54.545Z] [INFO] Found 1 company databases
[2025-06-28T07:11:54.545Z] [DEBUG] Processing company database: company_9jxwph8g
[2025-06-28T07:11:54.600Z] [DEBUG] Finding reports to execute in company_9jxwph8g (current time: 2025-06-28T07:11:54.600Z)
[2025-06-28T07:11:54.671Z] [INFO] Found 0 reports to execute in company_9jxwph8g
[2025-06-28T07:11:54.671Z] [INFO] Scheduled reports check completed
[2025-06-28T07:11:54.673Z] [DEBUG] MongoDB connection closed
[2025-06-28T07:12:23.644Z] [INFO] Checking for scheduled reports...
[2025-06-28T07:12:24.346Z] [DEBUG] Connected to MongoDB
[2025-06-28T07:12:24.412Z] [INFO] Found 1 company databases
[2025-06-28T07:12:24.413Z] [DEBUG] Processing company database: company_9jxwph8g
[2025-06-28T07:12:24.467Z] [DEBUG] Finding reports to execute in company_9jxwph8g (current time: 2025-06-28T07:12:24.467Z)
[2025-06-28T07:12:24.521Z] [INFO] Found 0 reports to execute in company_9jxwph8g
[2025-06-28T07:12:24.521Z] [INFO] Scheduled reports check completed
[2025-06-28T07:12:24.522Z] [DEBUG] MongoDB connection closed
[2025-06-28T07:12:53.645Z] [INFO] Checking for scheduled reports...
[2025-06-28T07:12:54.258Z] [DEBUG] Connected to MongoDB
[2025-06-28T07:12:54.323Z] [INFO] Found 1 company databases
[2025-06-28T07:12:54.324Z] [DEBUG] Processing company database: company_9jxwph8g
[2025-06-28T07:12:54.379Z] [DEBUG] Finding reports to execute in company_9jxwph8g (current time: 2025-06-28T07:12:54.379Z)
[2025-06-28T07:12:54.433Z] [INFO] Found 0 reports to execute in company_9jxwph8g
[2025-06-28T07:12:54.433Z] [INFO] Scheduled reports check completed
[2025-06-28T07:12:54.435Z] [DEBUG] MongoDB connection closed
[2025-06-28T07:13:23.647Z] [INFO] Checking for scheduled reports...
[2025-06-28T07:13:24.333Z] [DEBUG] Connected to MongoDB
[2025-06-28T07:13:24.398Z] [INFO] Found 1 company databases
[2025-06-28T07:13:24.398Z] [DEBUG] Processing company database: company_9jxwph8g
[2025-06-28T07:13:24.453Z] [DEBUG] Finding reports to execute in company_9jxwph8g (current time: 2025-06-28T07:13:24.453Z)
[2025-06-28T07:13:24.508Z] [INFO] Found 0 reports to execute in company_9jxwph8g
[2025-06-28T07:13:24.508Z] [INFO] Scheduled reports check completed
[2025-06-28T07:13:24.511Z] [DEBUG] MongoDB connection closed
[2025-06-28T07:13:53.648Z] [INFO] Checking for scheduled reports...
[2025-06-28T07:13:54.275Z] [DEBUG] Connected to MongoDB
[2025-06-28T07:13:54.342Z] [INFO] Found 1 company databases
[2025-06-28T07:13:54.343Z] [DEBUG] Processing company database: company_9jxwph8g
[2025-06-28T07:13:54.397Z] [DEBUG] Finding reports to execute in company_9jxwph8g (current time: 2025-06-28T07:13:54.397Z)
[2025-06-28T07:13:54.451Z] [INFO] Found 0 reports to execute in company_9jxwph8g
[2025-06-28T07:13:54.451Z] [INFO] Scheduled reports check completed
[2025-06-28T07:13:54.452Z] [DEBUG] MongoDB connection closed
[2025-06-28T07:14:23.648Z] [INFO] Checking for scheduled reports...
[2025-06-28T07:14:24.337Z] [DEBUG] Connected to MongoDB
[2025-06-28T07:14:24.401Z] [INFO] Found 1 company databases
[2025-06-28T07:14:24.402Z] [DEBUG] Processing company database: company_9jxwph8g
[2025-06-28T07:14:24.456Z] [DEBUG] Finding reports to execute in company_9jxwph8g (current time: 2025-06-28T07:14:24.456Z)
[2025-06-28T07:14:24.509Z] [INFO] Found 0 reports to execute in company_9jxwph8g
[2025-06-28T07:14:24.509Z] [INFO] Scheduled reports check completed
[2025-06-28T07:14:24.511Z] [DEBUG] MongoDB connection closed
[2025-06-28T07:14:53.650Z] [INFO] Checking for scheduled reports...
[2025-06-28T07:14:54.378Z] [DEBUG] Connected to MongoDB
[2025-06-28T07:14:54.442Z] [INFO] Found 1 company databases
[2025-06-28T07:14:54.443Z] [DEBUG] Processing company database: company_9jxwph8g
[2025-06-28T07:14:54.497Z] [DEBUG] Finding reports to execute in company_9jxwph8g (current time: 2025-06-28T07:14:54.497Z)
[2025-06-28T07:14:54.551Z] [INFO] Found 0 reports to execute in company_9jxwph8g
[2025-06-28T07:14:54.552Z] [INFO] Scheduled reports check completed
[2025-06-28T07:14:54.554Z] [DEBUG] MongoDB connection closed
[2025-06-28T07:15:23.650Z] [INFO] Checking for scheduled reports...
[2025-06-28T07:15:24.348Z] [DEBUG] Connected to MongoDB
[2025-06-28T07:15:24.413Z] [INFO] Found 1 company databases
[2025-06-28T07:15:24.414Z] [DEBUG] Processing company database: company_9jxwph8g
[2025-06-28T07:15:24.468Z] [DEBUG] Finding reports to execute in company_9jxwph8g (current time: 2025-06-28T07:15:24.468Z)
[2025-06-28T07:15:24.522Z] [INFO] Found 0 reports to execute in company_9jxwph8g
[2025-06-28T07:15:24.523Z] [INFO] Scheduled reports check completed
[2025-06-28T07:15:24.525Z] [DEBUG] MongoDB connection closed
[2025-06-28T07:15:53.651Z] [INFO] Checking for scheduled reports...
[2025-06-28T07:15:54.313Z] [DEBUG] Connected to MongoDB
[2025-06-28T07:15:54.377Z] [INFO] Found 1 company databases
[2025-06-28T07:15:54.377Z] [DEBUG] Processing company database: company_9jxwph8g
[2025-06-28T07:15:54.437Z] [DEBUG] Finding reports to execute in company_9jxwph8g (current time: 2025-06-28T07:15:54.437Z)
[2025-06-28T07:15:54.496Z] [INFO] Found 0 reports to execute in company_9jxwph8g
[2025-06-28T07:15:54.496Z] [INFO] Scheduled reports check completed
[2025-06-28T07:15:54.499Z] [DEBUG] MongoDB connection closed
[2025-06-28T07:16:23.651Z] [INFO] Checking for scheduled reports...
[2025-06-28T07:16:24.523Z] [DEBUG] Connected to MongoDB
[2025-06-28T07:16:24.588Z] [INFO] Found 1 company databases
[2025-06-28T07:16:24.589Z] [DEBUG] Processing company database: company_9jxwph8g
[2025-06-28T07:16:24.643Z] [DEBUG] Finding reports to execute in company_9jxwph8g (current time: 2025-06-28T07:16:24.643Z)
[2025-06-28T07:16:24.698Z] [INFO] Found 0 reports to execute in company_9jxwph8g
[2025-06-28T07:16:24.699Z] [INFO] Scheduled reports check completed
[2025-06-28T07:16:24.702Z] [DEBUG] MongoDB connection closed
[2025-06-28T07:16:53.652Z] [INFO] Checking for scheduled reports...
[2025-06-28T07:16:54.259Z] [DEBUG] Connected to MongoDB
[2025-06-28T07:16:54.324Z] [INFO] Found 1 company databases
[2025-06-28T07:16:54.324Z] [DEBUG] Processing company database: company_9jxwph8g
[2025-06-28T07:16:54.381Z] [DEBUG] Finding reports to execute in company_9jxwph8g (current time: 2025-06-28T07:16:54.380Z)
[2025-06-28T07:16:54.434Z] [INFO] Found 0 reports to execute in company_9jxwph8g
[2025-06-28T07:16:54.435Z] [INFO] Scheduled reports check completed
[2025-06-28T07:16:54.437Z] [DEBUG] MongoDB connection closed
[2025-06-28T07:17:23.653Z] [INFO] Checking for scheduled reports...
[2025-06-28T07:17:24.343Z] [DEBUG] Connected to MongoDB
[2025-06-28T07:17:24.408Z] [INFO] Found 1 company databases
[2025-06-28T07:17:24.409Z] [DEBUG] Processing company database: company_9jxwph8g
[2025-06-28T07:17:24.464Z] [DEBUG] Finding reports to execute in company_9jxwph8g (current time: 2025-06-28T07:17:24.464Z)
[2025-06-28T07:17:24.518Z] [INFO] Found 0 reports to execute in company_9jxwph8g
[2025-06-28T07:17:24.519Z] [INFO] Scheduled reports check completed
[2025-06-28T07:17:24.522Z] [DEBUG] MongoDB connection closed
[2025-06-28T07:17:53.653Z] [INFO] Checking for scheduled reports...
[2025-06-28T07:17:54.376Z] [DEBUG] Connected to MongoDB
[2025-06-28T07:17:54.441Z] [INFO] Found 1 company databases
[2025-06-28T07:17:54.441Z] [DEBUG] Processing company database: company_9jxwph8g
[2025-06-28T07:17:54.495Z] [DEBUG] Finding reports to execute in company_9jxwph8g (current time: 2025-06-28T07:17:54.495Z)
[2025-06-28T07:17:54.549Z] [INFO] Found 0 reports to execute in company_9jxwph8g
[2025-06-28T07:17:54.550Z] [INFO] Scheduled reports check completed
[2025-06-28T07:17:54.552Z] [DEBUG] MongoDB connection closed
[2025-06-28T07:18:23.653Z] [INFO] Checking for scheduled reports...
[2025-06-28T07:18:24.348Z] [DEBUG] Connected to MongoDB
[2025-06-28T07:18:24.414Z] [INFO] Found 1 company databases
[2025-06-28T07:18:24.415Z] [DEBUG] Processing company database: company_9jxwph8g
[2025-06-28T07:18:24.471Z] [DEBUG] Finding reports to execute in company_9jxwph8g (current time: 2025-06-28T07:18:24.471Z)
[2025-06-28T07:18:24.526Z] [INFO] Found 0 reports to execute in company_9jxwph8g
[2025-06-28T07:18:24.527Z] [INFO] Scheduled reports check completed
[2025-06-28T07:18:24.530Z] [DEBUG] MongoDB connection closed
[2025-06-28T16:41:44.422Z] [INFO] Starting scheduled reports daemon with check interval of 30000ms
[2025-06-28T16:41:44.424Z] [INFO] Checking for scheduled reports...
[2025-06-28T16:41:45.234Z] [DEBUG] Connected to MongoDB
[2025-06-28T16:41:45.292Z] [INFO] Found 1 company databases
[2025-06-28T16:41:45.293Z] [DEBUG] Processing company database: company_9jxwph8g
[2025-06-28T16:41:45.340Z] [DEBUG] Finding reports to execute in company_9jxwph8g (current time: 2025-06-28T16:41:45.340Z)
[2025-06-28T16:41:45.388Z] [INFO] Found 0 reports to execute in company_9jxwph8g
[2025-06-28T16:41:45.388Z] [INFO] Scheduled reports check completed
[2025-06-28T16:41:45.390Z] [DEBUG] MongoDB connection closed
[2025-06-28T16:41:45.390Z] [INFO] Daemon is now running continuously...
[2025-06-28T16:42:15.391Z] [INFO] Checking for scheduled reports...
[2025-06-28T16:42:15.937Z] [DEBUG] Connected to MongoDB
[2025-06-28T16:42:15.994Z] [INFO] Found 1 company databases
[2025-06-28T16:42:15.994Z] [DEBUG] Processing company database: company_9jxwph8g
[2025-06-28T16:42:16.041Z] [DEBUG] Finding reports to execute in company_9jxwph8g (current time: 2025-06-28T16:42:16.041Z)
[2025-06-28T16:42:16.102Z] [INFO] Found 0 reports to execute in company_9jxwph8g
[2025-06-28T16:42:16.102Z] [INFO] Scheduled reports check completed
[2025-06-28T16:42:16.103Z] [DEBUG] MongoDB connection closed
[2025-06-28T16:42:45.392Z] [INFO] Checking for scheduled reports...
[2025-06-28T16:42:46.037Z] [DEBUG] Connected to MongoDB
[2025-06-28T16:42:46.096Z] [INFO] Found 1 company databases
[2025-06-28T16:42:46.097Z] [DEBUG] Processing company database: company_9jxwph8g
[2025-06-28T16:42:46.148Z] [DEBUG] Finding reports to execute in company_9jxwph8g (current time: 2025-06-28T16:42:46.148Z)
[2025-06-28T16:42:46.197Z] [INFO] Found 0 reports to execute in company_9jxwph8g
[2025-06-28T16:42:46.198Z] [INFO] Scheduled reports check completed
[2025-06-28T16:42:46.202Z] [DEBUG] MongoDB connection closed
[2025-06-28T16:43:15.393Z] [INFO] Checking for scheduled reports...
[2025-06-28T16:43:16.054Z] [DEBUG] Connected to MongoDB
[2025-06-28T16:43:16.114Z] [INFO] Found 1 company databases
[2025-06-28T16:43:16.114Z] [DEBUG] Processing company database: company_9jxwph8g
[2025-06-28T16:43:16.162Z] [DEBUG] Finding reports to execute in company_9jxwph8g (current time: 2025-06-28T16:43:16.162Z)
[2025-06-28T16:43:16.211Z] [INFO] Found 0 reports to execute in company_9jxwph8g
[2025-06-28T16:43:16.211Z] [INFO] Scheduled reports check completed
[2025-06-28T16:43:16.215Z] [DEBUG] MongoDB connection closed
[2025-06-28T16:43:45.395Z] [INFO] Checking for scheduled reports...
[2025-06-28T16:43:46.018Z] [DEBUG] Connected to MongoDB
[2025-06-28T16:43:46.077Z] [INFO] Found 1 company databases
[2025-06-28T16:43:46.077Z] [DEBUG] Processing company database: company_9jxwph8g
[2025-06-28T16:43:46.126Z] [DEBUG] Finding reports to execute in company_9jxwph8g (current time: 2025-06-28T16:43:46.126Z)
[2025-06-28T16:43:46.173Z] [INFO] Found 0 reports to execute in company_9jxwph8g
[2025-06-28T16:43:46.174Z] [INFO] Scheduled reports check completed
[2025-06-28T16:43:46.178Z] [DEBUG] MongoDB connection closed
[2025-06-28T16:44:15.395Z] [INFO] Checking for scheduled reports...
[2025-06-28T16:44:15.964Z] [DEBUG] Connected to MongoDB
[2025-06-28T16:44:16.024Z] [INFO] Found 1 company databases
[2025-06-28T16:44:16.025Z] [DEBUG] Processing company database: company_9jxwph8g
[2025-06-28T16:44:16.073Z] [DEBUG] Finding reports to execute in company_9jxwph8g (current time: 2025-06-28T16:44:16.073Z)
[2025-06-28T16:44:16.121Z] [INFO] Found 0 reports to execute in company_9jxwph8g
[2025-06-28T16:44:16.122Z] [INFO] Scheduled reports check completed
[2025-06-28T16:44:16.125Z] [DEBUG] MongoDB connection closed
[2025-06-28T16:44:45.396Z] [INFO] Checking for scheduled reports...
[2025-06-28T16:44:46.142Z] [DEBUG] Connected to MongoDB
[2025-06-28T16:44:46.209Z] [INFO] Found 1 company databases
[2025-06-28T16:44:46.210Z] [DEBUG] Processing company database: company_9jxwph8g
[2025-06-28T16:44:46.259Z] [DEBUG] Finding reports to execute in company_9jxwph8g (current time: 2025-06-28T16:44:46.259Z)
[2025-06-28T16:44:46.307Z] [INFO] Found 0 reports to execute in company_9jxwph8g
[2025-06-28T16:44:46.307Z] [INFO] Scheduled reports check completed
[2025-06-28T16:44:46.310Z] [DEBUG] MongoDB connection closed
[2025-06-28T16:45:15.397Z] [INFO] Checking for scheduled reports...
[2025-06-28T16:45:15.958Z] [DEBUG] Connected to MongoDB
[2025-06-28T16:45:16.021Z] [INFO] Found 1 company databases
[2025-06-28T16:45:16.021Z] [DEBUG] Processing company database: company_9jxwph8g
[2025-06-28T16:45:16.074Z] [DEBUG] Finding reports to execute in company_9jxwph8g (current time: 2025-06-28T16:45:16.073Z)
[2025-06-28T16:45:16.122Z] [INFO] Found 0 reports to execute in company_9jxwph8g
[2025-06-28T16:45:16.123Z] [INFO] Scheduled reports check completed
[2025-06-28T16:45:16.126Z] [DEBUG] MongoDB connection closed
[2025-06-28T16:45:45.397Z] [INFO] Checking for scheduled reports...
[2025-06-28T16:45:46.018Z] [DEBUG] Connected to MongoDB
[2025-06-28T16:45:46.078Z] [INFO] Found 1 company databases
[2025-06-28T16:45:46.079Z] [DEBUG] Processing company database: company_9jxwph8g
[2025-06-28T16:45:46.133Z] [DEBUG] Finding reports to execute in company_9jxwph8g (current time: 2025-06-28T16:45:46.133Z)
[2025-06-28T16:45:46.181Z] [INFO] Found 0 reports to execute in company_9jxwph8g
[2025-06-28T16:45:46.182Z] [INFO] Scheduled reports check completed
[2025-06-28T16:45:46.185Z] [DEBUG] MongoDB connection closed
[2025-06-28T16:46:15.399Z] [INFO] Checking for scheduled reports...
[2025-06-28T16:46:16.067Z] [DEBUG] Connected to MongoDB
[2025-06-28T16:46:16.127Z] [INFO] Found 1 company databases
[2025-06-28T16:46:16.128Z] [DEBUG] Processing company database: company_9jxwph8g
[2025-06-28T16:46:16.177Z] [DEBUG] Finding reports to execute in company_9jxwph8g (current time: 2025-06-28T16:46:16.177Z)
[2025-06-28T16:46:16.225Z] [INFO] Found 0 reports to execute in company_9jxwph8g
[2025-06-28T16:46:16.226Z] [INFO] Scheduled reports check completed
[2025-06-28T16:46:16.229Z] [DEBUG] MongoDB connection closed
[2025-06-28T16:46:45.400Z] [INFO] Checking for scheduled reports...
[2025-06-28T16:46:46.031Z] [DEBUG] Connected to MongoDB
[2025-06-28T16:46:46.090Z] [INFO] Found 1 company databases
[2025-06-28T16:46:46.091Z] [DEBUG] Processing company database: company_9jxwph8g
[2025-06-28T16:46:46.139Z] [DEBUG] Finding reports to execute in company_9jxwph8g (current time: 2025-06-28T16:46:46.139Z)
[2025-06-28T16:46:46.186Z] [INFO] Found 0 reports to execute in company_9jxwph8g
[2025-06-28T16:46:46.187Z] [INFO] Scheduled reports check completed
[2025-06-28T16:46:46.189Z] [DEBUG] MongoDB connection closed
[2025-06-28T16:47:15.400Z] [INFO] Checking for scheduled reports...
[2025-06-28T16:47:15.954Z] [DEBUG] Connected to MongoDB
[2025-06-28T16:47:16.015Z] [INFO] Found 1 company databases
[2025-06-28T16:47:16.016Z] [DEBUG] Processing company database: company_9jxwph8g
[2025-06-28T16:47:16.066Z] [DEBUG] Finding reports to execute in company_9jxwph8g (current time: 2025-06-28T16:47:16.066Z)
[2025-06-28T16:47:16.123Z] [INFO] Found 0 reports to execute in company_9jxwph8g
[2025-06-28T16:47:16.123Z] [INFO] Scheduled reports check completed
[2025-06-28T16:47:16.124Z] [DEBUG] MongoDB connection closed
[2025-06-28T16:47:45.401Z] [INFO] Checking for scheduled reports...
[2025-06-28T16:47:46.235Z] [DEBUG] Connected to MongoDB
[2025-06-28T16:47:46.294Z] [INFO] Found 1 company databases
[2025-06-28T16:47:46.295Z] [DEBUG] Processing company database: company_9jxwph8g
[2025-06-28T16:47:46.344Z] [DEBUG] Finding reports to execute in company_9jxwph8g (current time: 2025-06-28T16:47:46.344Z)
[2025-06-28T16:47:46.424Z] [INFO] Found 0 reports to execute in company_9jxwph8g
[2025-06-28T16:47:46.424Z] [INFO] Scheduled reports check completed
[2025-06-28T16:47:46.427Z] [DEBUG] MongoDB connection closed
[2025-06-28T16:48:15.400Z] [INFO] Checking for scheduled reports...
[2025-06-28T16:48:16.016Z] [DEBUG] Connected to MongoDB
[2025-06-28T16:48:16.075Z] [INFO] Found 1 company databases
[2025-06-28T16:48:16.076Z] [DEBUG] Processing company database: company_9jxwph8g
[2025-06-28T16:48:16.125Z] [DEBUG] Finding reports to execute in company_9jxwph8g (current time: 2025-06-28T16:48:16.125Z)
[2025-06-28T16:48:16.172Z] [INFO] Found 0 reports to execute in company_9jxwph8g
[2025-06-28T16:48:16.173Z] [INFO] Scheduled reports check completed
[2025-06-28T16:48:16.175Z] [DEBUG] MongoDB connection closed
[2025-06-28T16:48:45.401Z] [INFO] Checking for scheduled reports...
[2025-06-28T16:48:46.029Z] [DEBUG] Connected to MongoDB
[2025-06-28T16:48:46.089Z] [INFO] Found 1 company databases
[2025-06-28T16:48:46.090Z] [DEBUG] Processing company database: company_9jxwph8g
[2025-06-28T16:48:46.139Z] [DEBUG] Finding reports to execute in company_9jxwph8g (current time: 2025-06-28T16:48:46.139Z)
[2025-06-28T16:48:46.192Z] [INFO] Found 0 reports to execute in company_9jxwph8g
[2025-06-28T16:48:46.193Z] [INFO] Scheduled reports check completed
[2025-06-28T16:48:46.194Z] [DEBUG] MongoDB connection closed
[2025-06-28T16:49:15.403Z] [INFO] Checking for scheduled reports...
[2025-06-28T16:49:16.069Z] [DEBUG] Connected to MongoDB
[2025-06-28T16:49:16.127Z] [INFO] Found 1 company databases
[2025-06-28T16:49:16.128Z] [DEBUG] Processing company database: company_9jxwph8g
[2025-06-28T16:49:16.175Z] [DEBUG] Finding reports to execute in company_9jxwph8g (current time: 2025-06-28T16:49:16.175Z)
[2025-06-28T16:49:16.222Z] [INFO] Found 0 reports to execute in company_9jxwph8g
[2025-06-28T16:49:16.223Z] [INFO] Scheduled reports check completed
[2025-06-28T16:49:16.224Z] [DEBUG] MongoDB connection closed
[2025-06-28T16:49:45.404Z] [INFO] Checking for scheduled reports...
[2025-06-28T16:49:46.034Z] [DEBUG] Connected to MongoDB
[2025-06-28T16:49:46.094Z] [INFO] Found 1 company databases
[2025-06-28T16:49:46.095Z] [DEBUG] Processing company database: company_9jxwph8g
[2025-06-28T16:49:46.144Z] [DEBUG] Finding reports to execute in company_9jxwph8g (current time: 2025-06-28T16:49:46.144Z)
[2025-06-28T16:49:46.192Z] [INFO] Found 0 reports to execute in company_9jxwph8g
[2025-06-28T16:49:46.192Z] [INFO] Scheduled reports check completed
[2025-06-28T16:49:46.195Z] [DEBUG] MongoDB connection closed
[2025-06-28T16:50:15.405Z] [INFO] Checking for scheduled reports...
[2025-06-28T16:50:15.974Z] [DEBUG] Connected to MongoDB
[2025-06-28T16:50:16.034Z] [INFO] Found 1 company databases
[2025-06-28T16:50:16.035Z] [DEBUG] Processing company database: company_9jxwph8g
[2025-06-28T16:50:16.083Z] [DEBUG] Finding reports to execute in company_9jxwph8g (current time: 2025-06-28T16:50:16.083Z)
[2025-06-28T16:50:16.131Z] [INFO] Found 0 reports to execute in company_9jxwph8g
[2025-06-28T16:50:16.132Z] [INFO] Scheduled reports check completed
[2025-06-28T16:50:16.134Z] [DEBUG] MongoDB connection closed
[2025-06-28T16:50:45.406Z] [INFO] Checking for scheduled reports...
[2025-06-28T16:50:46.231Z] [DEBUG] Connected to MongoDB
[2025-06-28T16:50:46.289Z] [INFO] Found 1 company databases
[2025-06-28T16:50:46.289Z] [DEBUG] Processing company database: company_9jxwph8g
[2025-06-28T16:50:46.338Z] [DEBUG] Finding reports to execute in company_9jxwph8g (current time: 2025-06-28T16:50:46.338Z)
[2025-06-28T16:50:46.387Z] [INFO] Found 0 reports to execute in company_9jxwph8g
[2025-06-28T16:50:46.387Z] [INFO] Scheduled reports check completed
[2025-06-28T16:50:46.388Z] [DEBUG] MongoDB connection closed
[2025-06-28T16:51:15.407Z] [INFO] Checking for scheduled reports...
[2025-06-28T16:51:15.958Z] [DEBUG] Connected to MongoDB
[2025-06-28T16:51:16.016Z] [INFO] Found 1 company databases
[2025-06-28T16:51:16.017Z] [DEBUG] Processing company database: company_9jxwph8g
[2025-06-28T16:51:16.066Z] [DEBUG] Finding reports to execute in company_9jxwph8g (current time: 2025-06-28T16:51:16.066Z)
[2025-06-28T16:51:16.113Z] [INFO] Found 0 reports to execute in company_9jxwph8g
[2025-06-28T16:51:16.114Z] [INFO] Scheduled reports check completed
[2025-06-28T16:51:16.117Z] [DEBUG] MongoDB connection closed
[2025-06-28T16:51:45.408Z] [INFO] Checking for scheduled reports...
[2025-06-28T16:51:46.061Z] [DEBUG] Connected to MongoDB
[2025-06-28T16:51:46.119Z] [INFO] Found 1 company databases
[2025-06-28T16:51:46.120Z] [DEBUG] Processing company database: company_9jxwph8g
[2025-06-28T16:51:46.167Z] [DEBUG] Finding reports to execute in company_9jxwph8g (current time: 2025-06-28T16:51:46.167Z)
[2025-06-28T16:51:46.218Z] [INFO] Found 0 reports to execute in company_9jxwph8g
[2025-06-28T16:51:46.219Z] [INFO] Scheduled reports check completed
[2025-06-28T16:51:46.221Z] [DEBUG] MongoDB connection closed
[2025-06-28T16:52:15.409Z] [INFO] Checking for scheduled reports...
[2025-06-28T16:52:16.071Z] [DEBUG] Connected to MongoDB
[2025-06-28T16:52:16.133Z] [INFO] Found 1 company databases
[2025-06-28T16:52:16.134Z] [DEBUG] Processing company database: company_9jxwph8g
[2025-06-28T16:52:16.182Z] [DEBUG] Finding reports to execute in company_9jxwph8g (current time: 2025-06-28T16:52:16.182Z)
[2025-06-28T16:52:16.228Z] [INFO] Found 0 reports to execute in company_9jxwph8g
[2025-06-28T16:52:16.229Z] [INFO] Scheduled reports check completed
[2025-06-28T16:52:16.231Z] [DEBUG] MongoDB connection closed
[2025-06-28T16:52:45.410Z] [INFO] Checking for scheduled reports...
[2025-06-28T16:52:46.043Z] [DEBUG] Connected to MongoDB
[2025-06-28T16:52:46.102Z] [INFO] Found 1 company databases
[2025-06-28T16:52:46.104Z] [DEBUG] Processing company database: company_9jxwph8g
[2025-06-28T16:52:46.153Z] [DEBUG] Finding reports to execute in company_9jxwph8g (current time: 2025-06-28T16:52:46.153Z)
[2025-06-28T16:52:46.200Z] [INFO] Found 0 reports to execute in company_9jxwph8g
[2025-06-28T16:52:46.201Z] [INFO] Scheduled reports check completed
[2025-06-28T16:52:46.203Z] [DEBUG] MongoDB connection closed
[2025-06-28T16:53:15.411Z] [INFO] Checking for scheduled reports...
[2025-06-28T16:53:15.986Z] [DEBUG] Connected to MongoDB
[2025-06-28T16:53:16.044Z] [INFO] Found 1 company databases
[2025-06-28T16:53:16.045Z] [DEBUG] Processing company database: company_9jxwph8g
[2025-06-28T16:53:16.099Z] [DEBUG] Finding reports to execute in company_9jxwph8g (current time: 2025-06-28T16:53:16.099Z)
[2025-06-28T16:53:16.146Z] [INFO] Found 0 reports to execute in company_9jxwph8g
[2025-06-28T16:53:16.147Z] [INFO] Scheduled reports check completed
[2025-06-28T16:53:16.150Z] [DEBUG] MongoDB connection closed
[2025-06-28T16:53:45.412Z] [INFO] Checking for scheduled reports...
[2025-06-28T16:53:46.237Z] [DEBUG] Connected to MongoDB
[2025-06-28T16:53:46.296Z] [INFO] Found 1 company databases
[2025-06-28T16:53:46.296Z] [DEBUG] Processing company database: company_9jxwph8g
[2025-06-28T16:53:46.344Z] [DEBUG] Finding reports to execute in company_9jxwph8g (current time: 2025-06-28T16:53:46.344Z)
[2025-06-28T16:53:46.391Z] [INFO] Found 0 reports to execute in company_9jxwph8g
[2025-06-28T16:53:46.391Z] [INFO] Scheduled reports check completed
[2025-06-28T16:53:46.394Z] [DEBUG] MongoDB connection closed
[2025-06-28T16:54:15.412Z] [INFO] Checking for scheduled reports...
[2025-06-28T16:54:15.971Z] [DEBUG] Connected to MongoDB
[2025-06-28T16:54:16.031Z] [INFO] Found 1 company databases
[2025-06-28T16:54:16.032Z] [DEBUG] Processing company database: company_9jxwph8g
[2025-06-28T16:54:16.084Z] [DEBUG] Finding reports to execute in company_9jxwph8g (current time: 2025-06-28T16:54:16.083Z)
[2025-06-28T16:54:16.140Z] [INFO] Found 0 reports to execute in company_9jxwph8g
[2025-06-28T16:54:16.141Z] [INFO] Scheduled reports check completed
[2025-06-28T16:54:16.143Z] [DEBUG] MongoDB connection closed
[2025-06-28T16:54:45.412Z] [INFO] Checking for scheduled reports...
[2025-06-28T16:54:46.054Z] [DEBUG] Connected to MongoDB
[2025-06-28T16:54:46.114Z] [INFO] Found 1 company databases
[2025-06-28T16:54:46.115Z] [DEBUG] Processing company database: company_9jxwph8g
[2025-06-28T16:54:46.164Z] [DEBUG] Finding reports to execute in company_9jxwph8g (current time: 2025-06-28T16:54:46.164Z)
[2025-06-28T16:54:46.211Z] [INFO] Found 0 reports to execute in company_9jxwph8g
[2025-06-28T16:54:46.212Z] [INFO] Scheduled reports check completed
[2025-06-28T16:54:46.216Z] [DEBUG] MongoDB connection closed
[2025-06-28T16:55:15.413Z] [INFO] Checking for scheduled reports...
[2025-06-28T16:55:15.979Z] [DEBUG] Connected to MongoDB
[2025-06-28T16:55:16.038Z] [INFO] Found 1 company databases
[2025-06-28T16:55:16.039Z] [DEBUG] Processing company database: company_9jxwph8g
[2025-06-28T16:55:16.089Z] [DEBUG] Finding reports to execute in company_9jxwph8g (current time: 2025-06-28T16:55:16.089Z)
[2025-06-28T16:55:16.137Z] [INFO] Found 0 reports to execute in company_9jxwph8g
[2025-06-28T16:55:16.137Z] [INFO] Scheduled reports check completed
[2025-06-28T16:55:16.138Z] [DEBUG] MongoDB connection closed
[2025-06-28T16:55:45.414Z] [INFO] Checking for scheduled reports...
[2025-06-28T16:55:46.053Z] [DEBUG] Connected to MongoDB
[2025-06-28T16:55:46.113Z] [INFO] Found 1 company databases
[2025-06-28T16:55:46.113Z] [DEBUG] Processing company database: company_9jxwph8g
[2025-06-28T16:55:46.162Z] [DEBUG] Finding reports to execute in company_9jxwph8g (current time: 2025-06-28T16:55:46.162Z)
[2025-06-28T16:55:46.209Z] [INFO] Found 0 reports to execute in company_9jxwph8g
[2025-06-28T16:55:46.210Z] [INFO] Scheduled reports check completed
[2025-06-28T16:55:46.214Z] [DEBUG] MongoDB connection closed
[2025-06-28T16:56:15.415Z] [INFO] Checking for scheduled reports...
[2025-06-28T16:56:15.974Z] [DEBUG] Connected to MongoDB
[2025-06-28T16:56:16.035Z] [INFO] Found 1 company databases
[2025-06-28T16:56:16.036Z] [DEBUG] Processing company database: company_9jxwph8g
[2025-06-28T16:56:16.085Z] [DEBUG] Finding reports to execute in company_9jxwph8g (current time: 2025-06-28T16:56:16.085Z)
[2025-06-28T16:56:16.132Z] [INFO] Found 0 reports to execute in company_9jxwph8g
[2025-06-28T16:56:16.133Z] [INFO] Scheduled reports check completed
[2025-06-28T16:56:16.136Z] [DEBUG] MongoDB connection closed
[2025-06-28T16:56:45.416Z] [INFO] Checking for scheduled reports...
[2025-06-28T16:56:46.181Z] [DEBUG] Connected to MongoDB
[2025-06-28T16:56:46.242Z] [INFO] Found 1 company databases
[2025-06-28T16:56:46.243Z] [DEBUG] Processing company database: company_9jxwph8g
[2025-06-28T16:56:46.292Z] [DEBUG] Finding reports to execute in company_9jxwph8g (current time: 2025-06-28T16:56:46.292Z)
[2025-06-28T16:56:46.339Z] [INFO] Found 0 reports to execute in company_9jxwph8g
[2025-06-28T16:56:46.339Z] [INFO] Scheduled reports check completed
[2025-06-28T16:56:46.341Z] [DEBUG] MongoDB connection closed
[2025-06-28T16:57:15.416Z] [INFO] Checking for scheduled reports...
[2025-06-28T16:57:15.975Z] [DEBUG] Connected to MongoDB
[2025-06-28T16:57:16.033Z] [INFO] Found 1 company databases
[2025-06-28T16:57:16.034Z] [DEBUG] Processing company database: company_9jxwph8g
[2025-06-28T16:57:16.082Z] [DEBUG] Finding reports to execute in company_9jxwph8g (current time: 2025-06-28T16:57:16.082Z)
[2025-06-28T16:57:16.132Z] [INFO] Found 0 reports to execute in company_9jxwph8g
[2025-06-28T16:57:16.132Z] [INFO] Scheduled reports check completed
[2025-06-28T16:57:16.134Z] [DEBUG] MongoDB connection closed
[2025-06-28T16:57:45.417Z] [INFO] Checking for scheduled reports...
[2025-06-28T16:57:46.008Z] [DEBUG] Connected to MongoDB
[2025-06-28T16:57:46.066Z] [INFO] Found 1 company databases
[2025-06-28T16:57:46.067Z] [DEBUG] Processing company database: company_9jxwph8g
[2025-06-28T16:57:46.114Z] [DEBUG] Finding reports to execute in company_9jxwph8g (current time: 2025-06-28T16:57:46.114Z)
[2025-06-28T16:57:46.161Z] [INFO] Found 0 reports to execute in company_9jxwph8g
[2025-06-28T16:57:46.161Z] [INFO] Scheduled reports check completed
[2025-06-28T16:57:46.162Z] [DEBUG] MongoDB connection closed
[2025-06-28T16:58:15.418Z] [INFO] Checking for scheduled reports...
[2025-06-28T16:58:16.127Z] [DEBUG] Connected to MongoDB
[2025-06-28T16:58:16.186Z] [INFO] Found 1 company databases
[2025-06-28T16:58:16.187Z] [DEBUG] Processing company database: company_9jxwph8g
[2025-06-28T16:58:16.236Z] [DEBUG] Finding reports to execute in company_9jxwph8g (current time: 2025-06-28T16:58:16.236Z)
[2025-06-28T16:58:16.288Z] [INFO] Found 0 reports to execute in company_9jxwph8g
[2025-06-28T16:58:16.289Z] [INFO] Scheduled reports check completed
[2025-06-28T16:58:16.292Z] [DEBUG] MongoDB connection closed
[2025-06-28T16:58:45.419Z] [INFO] Checking for scheduled reports...
[2025-06-28T16:58:46.107Z] [DEBUG] Connected to MongoDB
[2025-06-28T16:58:46.165Z] [INFO] Found 1 company databases
[2025-06-28T16:58:46.165Z] [DEBUG] Processing company database: company_9jxwph8g
[2025-06-28T16:58:46.214Z] [DEBUG] Finding reports to execute in company_9jxwph8g (current time: 2025-06-28T16:58:46.214Z)
[2025-06-28T16:58:46.261Z] [INFO] Found 0 reports to execute in company_9jxwph8g
[2025-06-28T16:58:46.261Z] [INFO] Scheduled reports check completed
[2025-06-28T16:58:46.264Z] [DEBUG] MongoDB connection closed
[2025-06-28T16:59:15.420Z] [INFO] Checking for scheduled reports...
[2025-06-28T16:59:15.976Z] [DEBUG] Connected to MongoDB
[2025-06-28T16:59:16.035Z] [INFO] Found 1 company databases
[2025-06-28T16:59:16.036Z] [DEBUG] Processing company database: company_9jxwph8g
[2025-06-28T16:59:16.085Z] [DEBUG] Finding reports to execute in company_9jxwph8g (current time: 2025-06-28T16:59:16.085Z)
[2025-06-28T16:59:16.133Z] [INFO] Found 0 reports to execute in company_9jxwph8g
[2025-06-28T16:59:16.134Z] [INFO] Scheduled reports check completed
[2025-06-28T16:59:16.136Z] [DEBUG] MongoDB connection closed
[2025-06-28T16:59:45.421Z] [INFO] Checking for scheduled reports...
[2025-06-28T16:59:46.157Z] [DEBUG] Connected to MongoDB
[2025-06-28T16:59:46.216Z] [INFO] Found 1 company databases
[2025-06-28T16:59:46.216Z] [DEBUG] Processing company database: company_9jxwph8g
[2025-06-28T16:59:46.267Z] [DEBUG] Finding reports to execute in company_9jxwph8g (current time: 2025-06-28T16:59:46.267Z)
[2025-06-28T16:59:46.315Z] [INFO] Found 0 reports to execute in company_9jxwph8g
[2025-06-28T16:59:46.315Z] [INFO] Scheduled reports check completed
[2025-06-28T16:59:46.317Z] [DEBUG] MongoDB connection closed
[2025-06-28T17:00:15.421Z] [INFO] Checking for scheduled reports...
[2025-06-28T17:00:16.096Z] [DEBUG] Connected to MongoDB
[2025-06-28T17:00:16.158Z] [INFO] Found 1 company databases
[2025-06-28T17:00:16.158Z] [DEBUG] Processing company database: company_9jxwph8g
[2025-06-28T17:00:16.207Z] [DEBUG] Finding reports to execute in company_9jxwph8g (current time: 2025-06-28T17:00:16.207Z)
[2025-06-28T17:00:16.255Z] [INFO] Found 0 reports to execute in company_9jxwph8g
[2025-06-28T17:00:16.255Z] [INFO] Scheduled reports check completed
[2025-06-28T17:00:16.257Z] [DEBUG] MongoDB connection closed
[2025-06-28T17:00:45.421Z] [INFO] Checking for scheduled reports...
[2025-06-28T17:00:46.072Z] [DEBUG] Connected to MongoDB
[2025-06-28T17:00:46.128Z] [INFO] Found 1 company databases
[2025-06-28T17:00:46.129Z] [DEBUG] Processing company database: company_9jxwph8g
[2025-06-28T17:00:46.180Z] [DEBUG] Finding reports to execute in company_9jxwph8g (current time: 2025-06-28T17:00:46.179Z)
[2025-06-28T17:00:46.238Z] [INFO] Found 0 reports to execute in company_9jxwph8g
[2025-06-28T17:00:46.238Z] [INFO] Scheduled reports check completed
[2025-06-28T17:00:46.240Z] [DEBUG] MongoDB connection closed
[2025-06-28T17:01:15.423Z] [INFO] Checking for scheduled reports...
[2025-06-28T17:01:16.205Z] [DEBUG] Connected to MongoDB
[2025-06-28T17:01:16.262Z] [INFO] Found 1 company databases
[2025-06-28T17:01:16.263Z] [DEBUG] Processing company database: company_9jxwph8g
[2025-06-28T17:01:16.311Z] [DEBUG] Finding reports to execute in company_9jxwph8g (current time: 2025-06-28T17:01:16.311Z)
[2025-06-28T17:01:16.357Z] [INFO] Found 0 reports to execute in company_9jxwph8g
[2025-06-28T17:01:16.357Z] [INFO] Scheduled reports check completed
[2025-06-28T17:01:16.360Z] [DEBUG] MongoDB connection closed
[2025-06-28T17:01:45.423Z] [INFO] Checking for scheduled reports...
[2025-06-28T17:01:46.051Z] [DEBUG] Connected to MongoDB
[2025-06-28T17:01:46.109Z] [INFO] Found 1 company databases
[2025-06-28T17:01:46.110Z] [DEBUG] Processing company database: company_9jxwph8g
[2025-06-28T17:01:46.158Z] [DEBUG] Finding reports to execute in company_9jxwph8g (current time: 2025-06-28T17:01:46.158Z)
[2025-06-28T17:01:46.205Z] [INFO] Found 0 reports to execute in company_9jxwph8g
[2025-06-28T17:01:46.205Z] [INFO] Scheduled reports check completed
[2025-06-28T17:01:46.208Z] [DEBUG] MongoDB connection closed
[2025-06-28T17:02:15.424Z] [INFO] Checking for scheduled reports...
[2025-06-28T17:02:15.973Z] [DEBUG] Connected to MongoDB
[2025-06-28T17:02:16.030Z] [INFO] Found 1 company databases
[2025-06-28T17:02:16.031Z] [DEBUG] Processing company database: company_9jxwph8g
[2025-06-28T17:02:16.080Z] [DEBUG] Finding reports to execute in company_9jxwph8g (current time: 2025-06-28T17:02:16.080Z)
[2025-06-28T17:02:16.126Z] [INFO] Found 0 reports to execute in company_9jxwph8g
[2025-06-28T17:02:16.127Z] [INFO] Scheduled reports check completed
[2025-06-28T17:02:16.130Z] [DEBUG] MongoDB connection closed
[2025-06-28T17:02:45.425Z] [INFO] Checking for scheduled reports...
[2025-06-28T17:02:46.170Z] [DEBUG] Connected to MongoDB
[2025-06-28T17:02:46.231Z] [INFO] Found 1 company databases
[2025-06-28T17:02:46.232Z] [DEBUG] Processing company database: company_9jxwph8g
[2025-06-28T17:02:46.280Z] [DEBUG] Finding reports to execute in company_9jxwph8g (current time: 2025-06-28T17:02:46.280Z)
[2025-06-28T17:02:46.330Z] [INFO] Found 0 reports to execute in company_9jxwph8g
[2025-06-28T17:02:46.331Z] [INFO] Scheduled reports check completed
[2025-06-28T17:02:46.333Z] [DEBUG] MongoDB connection closed
[2025-06-28T17:03:15.425Z] [INFO] Checking for scheduled reports...
[2025-06-28T17:03:15.971Z] [DEBUG] Connected to MongoDB
[2025-06-28T17:03:16.029Z] [INFO] Found 1 company databases
[2025-06-28T17:03:16.030Z] [DEBUG] Processing company database: company_9jxwph8g
[2025-06-28T17:03:16.077Z] [DEBUG] Finding reports to execute in company_9jxwph8g (current time: 2025-06-28T17:03:16.077Z)
[2025-06-28T17:03:16.122Z] [INFO] Found 0 reports to execute in company_9jxwph8g
[2025-06-28T17:03:16.123Z] [INFO] Scheduled reports check completed
[2025-06-28T17:03:16.124Z] [DEBUG] MongoDB connection closed
[2025-06-28T17:03:45.425Z] [INFO] Checking for scheduled reports...
[2025-06-28T17:03:46.043Z] [DEBUG] Connected to MongoDB
[2025-06-28T17:03:46.098Z] [INFO] Found 1 company databases
[2025-06-28T17:03:46.099Z] [DEBUG] Processing company database: company_9jxwph8g
[2025-06-28T17:03:46.145Z] [DEBUG] Finding reports to execute in company_9jxwph8g (current time: 2025-06-28T17:03:46.145Z)
[2025-06-28T17:03:46.191Z] [INFO] Found 0 reports to execute in company_9jxwph8g
[2025-06-28T17:03:46.191Z] [INFO] Scheduled reports check completed
[2025-06-28T17:03:46.194Z] [DEBUG] MongoDB connection closed
[2025-06-28T17:04:15.425Z] [INFO] Checking for scheduled reports...
[2025-06-28T17:04:15.970Z] [DEBUG] Connected to MongoDB
[2025-06-28T17:04:16.028Z] [INFO] Found 1 company databases
[2025-06-28T17:04:16.029Z] [DEBUG] Processing company database: company_9jxwph8g
[2025-06-28T17:04:16.075Z] [DEBUG] Finding reports to execute in company_9jxwph8g (current time: 2025-06-28T17:04:16.075Z)
[2025-06-28T17:04:16.132Z] [INFO] Found 0 reports to execute in company_9jxwph8g
[2025-06-28T17:04:16.133Z] [INFO] Scheduled reports check completed
[2025-06-28T17:04:16.135Z] [DEBUG] MongoDB connection closed
[2025-06-28T17:04:45.426Z] [INFO] Checking for scheduled reports...
[2025-06-28T17:04:46.057Z] [DEBUG] Connected to MongoDB
[2025-06-28T17:04:46.116Z] [INFO] Found 1 company databases
[2025-06-28T17:04:46.117Z] [DEBUG] Processing company database: company_9jxwph8g
[2025-06-28T17:04:46.164Z] [DEBUG] Finding reports to execute in company_9jxwph8g (current time: 2025-06-28T17:04:46.164Z)
[2025-06-28T17:04:46.210Z] [INFO] Found 0 reports to execute in company_9jxwph8g
[2025-06-28T17:04:46.211Z] [INFO] Scheduled reports check completed
[2025-06-28T17:04:46.214Z] [DEBUG] MongoDB connection closed
[2025-06-28T17:05:15.426Z] [INFO] Checking for scheduled reports...
[2025-06-28T17:05:15.982Z] [DEBUG] Connected to MongoDB
[2025-06-28T17:05:16.040Z] [INFO] Found 1 company databases
[2025-06-28T17:05:16.041Z] [DEBUG] Processing company database: company_9jxwph8g
[2025-06-28T17:05:16.090Z] [DEBUG] Finding reports to execute in company_9jxwph8g (current time: 2025-06-28T17:05:16.090Z)
[2025-06-28T17:05:16.136Z] [INFO] Found 0 reports to execute in company_9jxwph8g
[2025-06-28T17:05:16.136Z] [INFO] Scheduled reports check completed
[2025-06-28T17:05:16.137Z] [DEBUG] MongoDB connection closed
[2025-06-28T17:05:45.426Z] [INFO] Checking for scheduled reports...
[2025-06-28T17:05:46.063Z] [DEBUG] Connected to MongoDB
[2025-06-28T17:05:46.121Z] [INFO] Found 1 company databases
[2025-06-28T17:05:46.122Z] [DEBUG] Processing company database: company_9jxwph8g
[2025-06-28T17:05:46.172Z] [DEBUG] Finding reports to execute in company_9jxwph8g (current time: 2025-06-28T17:05:46.172Z)
[2025-06-28T17:05:46.218Z] [INFO] Found 0 reports to execute in company_9jxwph8g
[2025-06-28T17:05:46.219Z] [INFO] Scheduled reports check completed
[2025-06-28T17:05:46.221Z] [DEBUG] MongoDB connection closed
[2025-06-28T17:06:15.427Z] [INFO] Checking for scheduled reports...
[2025-06-28T17:06:15.977Z] [DEBUG] Connected to MongoDB
[2025-06-28T17:06:16.034Z] [INFO] Found 1 company databases
[2025-06-28T17:06:16.035Z] [DEBUG] Processing company database: company_9jxwph8g
[2025-06-28T17:06:16.082Z] [DEBUG] Finding reports to execute in company_9jxwph8g (current time: 2025-06-28T17:06:16.082Z)
[2025-06-28T17:06:16.128Z] [INFO] Found 0 reports to execute in company_9jxwph8g
[2025-06-28T17:06:16.129Z] [INFO] Scheduled reports check completed
[2025-06-28T17:06:16.131Z] [DEBUG] MongoDB connection closed
[2025-06-28T17:06:45.428Z] [INFO] Checking for scheduled reports...
[2025-06-28T17:06:46.258Z] [DEBUG] Connected to MongoDB
[2025-06-28T17:06:46.317Z] [INFO] Found 1 company databases
[2025-06-28T17:06:46.317Z] [DEBUG] Processing company database: company_9jxwph8g
[2025-06-28T17:06:46.365Z] [DEBUG] Finding reports to execute in company_9jxwph8g (current time: 2025-06-28T17:06:46.365Z)
[2025-06-28T17:06:46.413Z] [INFO] Found 0 reports to execute in company_9jxwph8g
[2025-06-28T17:06:46.413Z] [INFO] Scheduled reports check completed
[2025-06-28T17:06:46.414Z] [DEBUG] MongoDB connection closed
[2025-06-28T17:07:15.429Z] [INFO] Checking for scheduled reports...
[2025-06-28T17:07:15.978Z] [DEBUG] Connected to MongoDB
[2025-06-28T17:07:16.036Z] [INFO] Found 1 company databases
[2025-06-28T17:07:16.037Z] [DEBUG] Processing company database: company_9jxwph8g
[2025-06-28T17:07:16.085Z] [DEBUG] Finding reports to execute in company_9jxwph8g (current time: 2025-06-28T17:07:16.085Z)
[2025-06-28T17:07:16.132Z] [INFO] Found 0 reports to execute in company_9jxwph8g
[2025-06-28T17:07:16.133Z] [INFO] Scheduled reports check completed
[2025-06-28T17:07:16.135Z] [DEBUG] MongoDB connection closed
[2025-06-28T17:07:45.430Z] [INFO] Checking for scheduled reports...
[2025-06-28T17:07:45.983Z] [DEBUG] Connected to MongoDB
[2025-06-28T17:07:46.040Z] [INFO] Found 1 company databases
[2025-06-28T17:07:46.041Z] [DEBUG] Processing company database: company_9jxwph8g
[2025-06-28T17:07:46.089Z] [DEBUG] Finding reports to execute in company_9jxwph8g (current time: 2025-06-28T17:07:46.089Z)
[2025-06-28T17:07:46.136Z] [INFO] Found 0 reports to execute in company_9jxwph8g
[2025-06-28T17:07:46.136Z] [INFO] Scheduled reports check completed
[2025-06-28T17:07:46.138Z] [DEBUG] MongoDB connection closed
[2025-06-28T17:08:15.432Z] [INFO] Checking for scheduled reports...
[2025-06-28T17:08:16.179Z] [DEBUG] Connected to MongoDB
[2025-06-28T17:08:16.238Z] [INFO] Found 1 company databases
[2025-06-28T17:08:16.239Z] [DEBUG] Processing company database: company_9jxwph8g
[2025-06-28T17:08:16.288Z] [DEBUG] Finding reports to execute in company_9jxwph8g (current time: 2025-06-28T17:08:16.288Z)
[2025-06-28T17:08:16.336Z] [INFO] Found 0 reports to execute in company_9jxwph8g
[2025-06-28T17:08:16.337Z] [INFO] Scheduled reports check completed
[2025-06-28T17:08:16.339Z] [DEBUG] MongoDB connection closed
[2025-06-28T17:08:45.434Z] [INFO] Checking for scheduled reports...
[2025-06-28T17:08:45.999Z] [DEBUG] Connected to MongoDB
[2025-06-28T17:08:46.060Z] [INFO] Found 1 company databases
[2025-06-28T17:08:46.061Z] [DEBUG] Processing company database: company_9jxwph8g
[2025-06-28T17:08:46.110Z] [DEBUG] Finding reports to execute in company_9jxwph8g (current time: 2025-06-28T17:08:46.110Z)
[2025-06-28T17:08:46.158Z] [INFO] Found 0 reports to execute in company_9jxwph8g
[2025-06-28T17:08:46.158Z] [INFO] Scheduled reports check completed
[2025-06-28T17:08:46.160Z] [DEBUG] MongoDB connection closed
[2025-06-28T17:09:15.434Z] [INFO] Checking for scheduled reports...
[2025-06-28T17:09:16.061Z] [DEBUG] Connected to MongoDB
[2025-06-28T17:09:16.120Z] [INFO] Found 1 company databases
[2025-06-28T17:09:16.121Z] [DEBUG] Processing company database: company_9jxwph8g
[2025-06-28T17:09:16.173Z] [DEBUG] Finding reports to execute in company_9jxwph8g (current time: 2025-06-28T17:09:16.173Z)
[2025-06-28T17:09:16.221Z] [INFO] Found 0 reports to execute in company_9jxwph8g
[2025-06-28T17:09:16.222Z] [INFO] Scheduled reports check completed
[2025-06-28T17:09:16.224Z] [DEBUG] MongoDB connection closed
[2025-06-28T17:09:45.435Z] [INFO] Checking for scheduled reports...
[2025-06-28T17:09:46.102Z] [DEBUG] Connected to MongoDB
[2025-06-28T17:09:46.162Z] [INFO] Found 1 company databases
[2025-06-28T17:09:46.163Z] [DEBUG] Processing company database: company_9jxwph8g
[2025-06-28T17:09:46.210Z] [DEBUG] Finding reports to execute in company_9jxwph8g (current time: 2025-06-28T17:09:46.210Z)
[2025-06-28T17:09:46.257Z] [INFO] Found 0 reports to execute in company_9jxwph8g
[2025-06-28T17:09:46.258Z] [INFO] Scheduled reports check completed
[2025-06-28T17:09:46.260Z] [DEBUG] MongoDB connection closed
[2025-06-28T17:10:15.436Z] [INFO] Checking for scheduled reports...
[2025-06-28T17:10:16.077Z] [DEBUG] Connected to MongoDB
[2025-06-28T17:10:16.136Z] [INFO] Found 1 company databases
[2025-06-28T17:10:16.137Z] [DEBUG] Processing company database: company_9jxwph8g
[2025-06-28T17:10:16.186Z] [DEBUG] Finding reports to execute in company_9jxwph8g (current time: 2025-06-28T17:10:16.186Z)
[2025-06-28T17:10:16.233Z] [INFO] Found 0 reports to execute in company_9jxwph8g
[2025-06-28T17:10:16.234Z] [INFO] Scheduled reports check completed
[2025-06-28T17:10:16.236Z] [DEBUG] MongoDB connection closed
[2025-06-28T17:10:45.436Z] [INFO] Checking for scheduled reports...
[2025-06-28T17:10:45.982Z] [DEBUG] Connected to MongoDB
[2025-06-28T17:10:46.041Z] [INFO] Found 1 company databases
[2025-06-28T17:10:46.043Z] [DEBUG] Processing company database: company_9jxwph8g
[2025-06-28T17:10:46.090Z] [DEBUG] Finding reports to execute in company_9jxwph8g (current time: 2025-06-28T17:10:46.090Z)
[2025-06-28T17:10:46.137Z] [INFO] Found 0 reports to execute in company_9jxwph8g
[2025-06-28T17:10:46.137Z] [INFO] Scheduled reports check completed
[2025-06-28T17:10:46.139Z] [DEBUG] MongoDB connection closed
[2025-06-28T17:11:15.437Z] [INFO] Checking for scheduled reports...
[2025-06-28T17:11:16.086Z] [DEBUG] Connected to MongoDB
[2025-06-28T17:11:16.144Z] [INFO] Found 1 company databases
[2025-06-28T17:11:16.145Z] [DEBUG] Processing company database: company_9jxwph8g
[2025-06-28T17:11:16.195Z] [DEBUG] Finding reports to execute in company_9jxwph8g (current time: 2025-06-28T17:11:16.195Z)
[2025-06-28T17:11:16.242Z] [INFO] Found 0 reports to execute in company_9jxwph8g
[2025-06-28T17:11:16.243Z] [INFO] Scheduled reports check completed
[2025-06-28T17:11:16.245Z] [DEBUG] MongoDB connection closed
[2025-06-28T17:11:45.438Z] [INFO] Checking for scheduled reports...
[2025-06-28T17:11:45.997Z] [DEBUG] Connected to MongoDB
[2025-06-28T17:11:46.056Z] [INFO] Found 1 company databases
[2025-06-28T17:11:46.056Z] [DEBUG] Processing company database: company_9jxwph8g
[2025-06-28T17:11:46.104Z] [DEBUG] Finding reports to execute in company_9jxwph8g (current time: 2025-06-28T17:11:46.104Z)
[2025-06-28T17:11:46.154Z] [INFO] Found 0 reports to execute in company_9jxwph8g
[2025-06-28T17:11:46.155Z] [INFO] Scheduled reports check completed
[2025-06-28T17:11:46.157Z] [DEBUG] MongoDB connection closed
[2025-06-28T17:12:15.438Z] [INFO] Checking for scheduled reports...
[2025-06-28T17:12:16.068Z] [DEBUG] Connected to MongoDB
[2025-06-28T17:12:16.126Z] [INFO] Found 1 company databases
[2025-06-28T17:12:16.126Z] [DEBUG] Processing company database: company_9jxwph8g
[2025-06-28T17:12:16.174Z] [DEBUG] Finding reports to execute in company_9jxwph8g (current time: 2025-06-28T17:12:16.174Z)
[2025-06-28T17:12:16.221Z] [INFO] Found 0 reports to execute in company_9jxwph8g
[2025-06-28T17:12:16.221Z] [INFO] Scheduled reports check completed
[2025-06-28T17:12:16.223Z] [DEBUG] MongoDB connection closed
[2025-06-28T17:12:45.439Z] [INFO] Checking for scheduled reports...
[2025-06-28T17:12:46.105Z] [DEBUG] Connected to MongoDB
[2025-06-28T17:12:46.164Z] [INFO] Found 1 company databases
[2025-06-28T17:12:46.164Z] [DEBUG] Processing company database: company_9jxwph8g
[2025-06-28T17:12:46.213Z] [DEBUG] Finding reports to execute in company_9jxwph8g (current time: 2025-06-28T17:12:46.213Z)
[2025-06-28T17:12:46.260Z] [INFO] Found 0 reports to execute in company_9jxwph8g
[2025-06-28T17:12:46.261Z] [INFO] Scheduled reports check completed
[2025-06-28T17:12:46.263Z] [DEBUG] MongoDB connection closed
[2025-06-28T17:13:15.440Z] [INFO] Checking for scheduled reports...
[2025-06-28T17:13:16.073Z] [DEBUG] Connected to MongoDB
[2025-06-28T17:13:16.130Z] [INFO] Found 1 company databases
[2025-06-28T17:13:16.131Z] [DEBUG] Processing company database: company_9jxwph8g
[2025-06-28T17:13:16.178Z] [DEBUG] Finding reports to execute in company_9jxwph8g (current time: 2025-06-28T17:13:16.178Z)
[2025-06-28T17:13:16.225Z] [INFO] Found 0 reports to execute in company_9jxwph8g
[2025-06-28T17:13:16.225Z] [INFO] Scheduled reports check completed
[2025-06-28T17:13:16.226Z] [DEBUG] MongoDB connection closed
[2025-06-28T17:13:45.440Z] [INFO] Checking for scheduled reports...
[2025-06-28T17:13:45.995Z] [DEBUG] Connected to MongoDB
[2025-06-28T17:13:46.054Z] [INFO] Found 1 company databases
[2025-06-28T17:13:46.055Z] [DEBUG] Processing company database: company_9jxwph8g
[2025-06-28T17:13:46.103Z] [DEBUG] Finding reports to execute in company_9jxwph8g (current time: 2025-06-28T17:13:46.103Z)
[2025-06-28T17:13:46.151Z] [INFO] Found 0 reports to execute in company_9jxwph8g
[2025-06-28T17:13:46.152Z] [INFO] Scheduled reports check completed
[2025-06-28T17:13:46.154Z] [DEBUG] MongoDB connection closed
[2025-06-28T17:14:15.440Z] [INFO] Checking for scheduled reports...
[2025-06-28T17:14:16.207Z] [DEBUG] Connected to MongoDB
[2025-06-28T17:14:16.266Z] [INFO] Found 1 company databases
[2025-06-28T17:14:16.266Z] [DEBUG] Processing company database: company_9jxwph8g
[2025-06-28T17:14:16.314Z] [DEBUG] Finding reports to execute in company_9jxwph8g (current time: 2025-06-28T17:14:16.314Z)
[2025-06-28T17:14:16.360Z] [INFO] Found 0 reports to execute in company_9jxwph8g
[2025-06-28T17:14:16.361Z] [INFO] Scheduled reports check completed
[2025-06-28T17:14:16.363Z] [DEBUG] MongoDB connection closed
[2025-06-28T17:14:45.442Z] [INFO] Checking for scheduled reports...
[2025-06-28T17:14:45.996Z] [DEBUG] Connected to MongoDB
[2025-06-28T17:14:46.055Z] [INFO] Found 1 company databases
[2025-06-28T17:14:46.056Z] [DEBUG] Processing company database: company_9jxwph8g
[2025-06-28T17:14:46.105Z] [DEBUG] Finding reports to execute in company_9jxwph8g (current time: 2025-06-28T17:14:46.105Z)
[2025-06-28T17:14:46.151Z] [INFO] Found 0 reports to execute in company_9jxwph8g
[2025-06-28T17:14:46.152Z] [INFO] Scheduled reports check completed
[2025-06-28T17:14:46.154Z] [DEBUG] MongoDB connection closed
[2025-06-28T17:15:15.443Z] [INFO] Checking for scheduled reports...
[2025-06-28T17:15:16.019Z] [DEBUG] Connected to MongoDB
[2025-06-28T17:15:16.078Z] [INFO] Found 1 company databases
[2025-06-28T17:15:16.079Z] [DEBUG] Processing company database: company_9jxwph8g
[2025-06-28T17:15:16.127Z] [DEBUG] Finding reports to execute in company_9jxwph8g (current time: 2025-06-28T17:15:16.127Z)
[2025-06-28T17:15:16.179Z] [INFO] Found 0 reports to execute in company_9jxwph8g
[2025-06-28T17:15:16.180Z] [INFO] Scheduled reports check completed
[2025-06-28T17:15:16.183Z] [DEBUG] MongoDB connection closed
[2025-06-28T17:15:45.442Z] [INFO] Checking for scheduled reports...
[2025-06-28T17:15:46.113Z] [DEBUG] Connected to MongoDB
[2025-06-28T17:15:46.172Z] [INFO] Found 1 company databases
[2025-06-28T17:15:46.173Z] [DEBUG] Processing company database: company_9jxwph8g
[2025-06-28T17:15:46.221Z] [DEBUG] Finding reports to execute in company_9jxwph8g (current time: 2025-06-28T17:15:46.221Z)
[2025-06-28T17:15:46.268Z] [INFO] Found 0 reports to execute in company_9jxwph8g
[2025-06-28T17:15:46.268Z] [INFO] Scheduled reports check completed
[2025-06-28T17:15:46.270Z] [DEBUG] MongoDB connection closed
[2025-06-28T17:16:15.443Z] [INFO] Checking for scheduled reports...
[2025-06-28T17:16:15.997Z] [DEBUG] Connected to MongoDB
[2025-06-28T17:16:16.055Z] [INFO] Found 1 company databases
[2025-06-28T17:16:16.056Z] [DEBUG] Processing company database: company_9jxwph8g
[2025-06-28T17:16:16.103Z] [DEBUG] Finding reports to execute in company_9jxwph8g (current time: 2025-06-28T17:16:16.103Z)
[2025-06-28T17:16:16.151Z] [INFO] Found 0 reports to execute in company_9jxwph8g
[2025-06-28T17:16:16.152Z] [INFO] Scheduled reports check completed
[2025-06-28T17:16:16.154Z] [DEBUG] MongoDB connection closed
[2025-06-28T17:16:45.443Z] [INFO] Checking for scheduled reports...
[2025-06-28T17:16:46.004Z] [DEBUG] Connected to MongoDB
[2025-06-28T17:16:46.064Z] [INFO] Found 1 company databases
[2025-06-28T17:16:46.064Z] [DEBUG] Processing company database: company_9jxwph8g
[2025-06-28T17:16:46.115Z] [DEBUG] Finding reports to execute in company_9jxwph8g (current time: 2025-06-28T17:16:46.115Z)
[2025-06-28T17:16:46.162Z] [INFO] Found 0 reports to execute in company_9jxwph8g
[2025-06-28T17:16:46.163Z] [INFO] Scheduled reports check completed
[2025-06-28T17:16:46.165Z] [DEBUG] MongoDB connection closed
[2025-06-28T17:17:15.444Z] [INFO] Checking for scheduled reports...
[2025-06-28T17:17:15.991Z] [DEBUG] Connected to MongoDB
[2025-06-28T17:17:16.049Z] [INFO] Found 1 company databases
[2025-06-28T17:17:16.049Z] [DEBUG] Processing company database: company_9jxwph8g
[2025-06-28T17:17:16.097Z] [DEBUG] Finding reports to execute in company_9jxwph8g (current time: 2025-06-28T17:17:16.097Z)
[2025-06-28T17:17:16.143Z] [INFO] Found 0 reports to execute in company_9jxwph8g
[2025-06-28T17:17:16.144Z] [INFO] Scheduled reports check completed
[2025-06-28T17:17:16.146Z] [DEBUG] MongoDB connection closed
[2025-06-28T17:17:45.446Z] [INFO] Checking for scheduled reports...
[2025-06-28T17:17:45.991Z] [DEBUG] Connected to MongoDB
[2025-06-28T17:17:46.049Z] [INFO] Found 1 company databases
[2025-06-28T17:17:46.050Z] [DEBUG] Processing company database: company_9jxwph8g
[2025-06-28T17:17:46.108Z] [DEBUG] Finding reports to execute in company_9jxwph8g (current time: 2025-06-28T17:17:46.108Z)
[2025-06-28T17:17:46.154Z] [INFO] Found 0 reports to execute in company_9jxwph8g
[2025-06-28T17:17:46.155Z] [INFO] Scheduled reports check completed
[2025-06-28T17:17:46.157Z] [DEBUG] MongoDB connection closed
[2025-06-28T17:18:15.447Z] [INFO] Checking for scheduled reports...
[2025-06-28T17:18:15.997Z] [DEBUG] Connected to MongoDB
[2025-06-28T17:18:16.060Z] [INFO] Found 1 company databases
[2025-06-28T17:18:16.061Z] [DEBUG] Processing company database: company_9jxwph8g
[2025-06-28T17:18:16.108Z] [DEBUG] Finding reports to execute in company_9jxwph8g (current time: 2025-06-28T17:18:16.108Z)
[2025-06-28T17:18:16.155Z] [INFO] Found 0 reports to execute in company_9jxwph8g
[2025-06-28T17:18:16.156Z] [INFO] Scheduled reports check completed
[2025-06-28T17:18:16.158Z] [DEBUG] MongoDB connection closed
[2025-06-28T17:18:45.448Z] [INFO] Checking for scheduled reports...
[2025-06-28T17:18:46.072Z] [DEBUG] Connected to MongoDB
[2025-06-28T17:18:46.130Z] [INFO] Found 1 company databases
[2025-06-28T17:18:46.131Z] [DEBUG] Processing company database: company_9jxwph8g
[2025-06-28T17:18:46.183Z] [DEBUG] Finding reports to execute in company_9jxwph8g (current time: 2025-06-28T17:18:46.183Z)
[2025-06-28T17:18:46.229Z] [INFO] Found 0 reports to execute in company_9jxwph8g
[2025-06-28T17:18:46.230Z] [INFO] Scheduled reports check completed
[2025-06-28T17:18:46.232Z] [DEBUG] MongoDB connection closed
[2025-06-28T17:19:15.448Z] [INFO] Checking for scheduled reports...
[2025-06-28T17:19:15.991Z] [DEBUG] Connected to MongoDB
[2025-06-28T17:19:16.061Z] [INFO] Found 1 company databases
[2025-06-28T17:19:16.062Z] [DEBUG] Processing company database: company_9jxwph8g
[2025-06-28T17:19:16.110Z] [DEBUG] Finding reports to execute in company_9jxwph8g (current time: 2025-06-28T17:19:16.110Z)
[2025-06-28T17:19:16.157Z] [INFO] Found 0 reports to execute in company_9jxwph8g
[2025-06-28T17:19:16.158Z] [INFO] Scheduled reports check completed
[2025-06-28T17:19:16.161Z] [DEBUG] MongoDB connection closed
[2025-06-28T17:19:45.449Z] [INFO] Checking for scheduled reports...
[2025-06-28T17:19:46.218Z] [DEBUG] Connected to MongoDB
[2025-06-28T17:19:46.275Z] [INFO] Found 1 company databases
[2025-06-28T17:19:46.276Z] [DEBUG] Processing company database: company_9jxwph8g
[2025-06-28T17:19:46.325Z] [DEBUG] Finding reports to execute in company_9jxwph8g (current time: 2025-06-28T17:19:46.325Z)
[2025-06-28T17:19:46.371Z] [INFO] Found 0 reports to execute in company_9jxwph8g
[2025-06-28T17:19:46.372Z] [INFO] Scheduled reports check completed
[2025-06-28T17:19:46.374Z] [DEBUG] MongoDB connection closed
[2025-06-28T17:20:15.449Z] [INFO] Checking for scheduled reports...
[2025-06-28T17:20:16.001Z] [DEBUG] Connected to MongoDB
[2025-06-28T17:20:16.059Z] [INFO] Found 1 company databases
[2025-06-28T17:20:16.060Z] [DEBUG] Processing company database: company_9jxwph8g
[2025-06-28T17:20:16.107Z] [DEBUG] Finding reports to execute in company_9jxwph8g (current time: 2025-06-28T17:20:16.107Z)
[2025-06-28T17:20:16.154Z] [INFO] Found 0 reports to execute in company_9jxwph8g
[2025-06-28T17:20:16.155Z] [INFO] Scheduled reports check completed
[2025-06-28T17:20:16.157Z] [DEBUG] MongoDB connection closed
[2025-06-28T17:20:45.451Z] [INFO] Checking for scheduled reports...
[2025-06-28T17:20:45.994Z] [DEBUG] Connected to MongoDB
[2025-06-28T17:20:46.050Z] [INFO] Found 1 company databases
[2025-06-28T17:20:46.051Z] [DEBUG] Processing company database: company_9jxwph8g
[2025-06-28T17:20:46.098Z] [DEBUG] Finding reports to execute in company_9jxwph8g (current time: 2025-06-28T17:20:46.098Z)
[2025-06-28T17:20:46.144Z] [INFO] Found 0 reports to execute in company_9jxwph8g
[2025-06-28T17:20:46.145Z] [INFO] Scheduled reports check completed
[2025-06-28T17:20:46.147Z] [DEBUG] MongoDB connection closed
[2025-06-28T17:21:15.452Z] [INFO] Checking for scheduled reports...
[2025-06-28T17:21:16.180Z] [DEBUG] Connected to MongoDB
[2025-06-28T17:21:16.238Z] [INFO] Found 1 company databases
[2025-06-28T17:21:16.238Z] [DEBUG] Processing company database: company_9jxwph8g
[2025-06-28T17:21:16.286Z] [DEBUG] Finding reports to execute in company_9jxwph8g (current time: 2025-06-28T17:21:16.286Z)
[2025-06-28T17:21:16.334Z] [INFO] Found 0 reports to execute in company_9jxwph8g
[2025-06-28T17:21:16.335Z] [INFO] Scheduled reports check completed
[2025-06-28T17:21:16.337Z] [DEBUG] MongoDB connection closed
[2025-06-28T17:21:45.451Z] [INFO] Checking for scheduled reports...
[2025-06-28T17:21:45.997Z] [DEBUG] Connected to MongoDB
[2025-06-28T17:21:46.055Z] [INFO] Found 1 company databases
[2025-06-28T17:21:46.055Z] [DEBUG] Processing company database: company_9jxwph8g
[2025-06-28T17:21:46.103Z] [DEBUG] Finding reports to execute in company_9jxwph8g (current time: 2025-06-28T17:21:46.103Z)
[2025-06-28T17:21:46.150Z] [INFO] Found 0 reports to execute in company_9jxwph8g
[2025-06-28T17:21:46.151Z] [INFO] Scheduled reports check completed
[2025-06-28T17:21:46.153Z] [DEBUG] MongoDB connection closed
[2025-06-28T17:22:15.452Z] [INFO] Checking for scheduled reports...
[2025-06-28T17:22:16.016Z] [DEBUG] Connected to MongoDB
[2025-06-28T17:22:16.075Z] [INFO] Found 1 company databases
[2025-06-28T17:22:16.076Z] [DEBUG] Processing company database: company_9jxwph8g
[2025-06-28T17:22:16.123Z] [DEBUG] Finding reports to execute in company_9jxwph8g (current time: 2025-06-28T17:22:16.123Z)
[2025-06-28T17:22:16.170Z] [INFO] Found 0 reports to execute in company_9jxwph8g
[2025-06-28T17:22:16.171Z] [INFO] Scheduled reports check completed
[2025-06-28T17:22:16.173Z] [DEBUG] MongoDB connection closed
[2025-06-28T17:22:45.454Z] [INFO] Checking for scheduled reports...
[2025-06-28T17:22:46.306Z] [DEBUG] Connected to MongoDB
[2025-06-28T17:22:46.363Z] [INFO] Found 1 company databases
[2025-06-28T17:22:46.363Z] [DEBUG] Processing company database: company_9jxwph8g
[2025-06-28T17:22:46.412Z] [DEBUG] Finding reports to execute in company_9jxwph8g (current time: 2025-06-28T17:22:46.412Z)
[2025-06-28T17:22:46.459Z] [INFO] Found 0 reports to execute in company_9jxwph8g
[2025-06-28T17:22:46.460Z] [INFO] Scheduled reports check completed
[2025-06-28T17:22:46.462Z] [DEBUG] MongoDB connection closed
[2025-06-28T17:23:15.455Z] [INFO] Checking for scheduled reports...
[2025-06-28T17:23:16.037Z] [DEBUG] Connected to MongoDB
[2025-06-28T17:23:16.094Z] [INFO] Found 1 company databases
[2025-06-28T17:23:16.094Z] [DEBUG] Processing company database: company_9jxwph8g
[2025-06-28T17:23:16.141Z] [DEBUG] Finding reports to execute in company_9jxwph8g (current time: 2025-06-28T17:23:16.141Z)
[2025-06-28T17:23:16.188Z] [INFO] Found 0 reports to execute in company_9jxwph8g
[2025-06-28T17:23:16.188Z] [INFO] Scheduled reports check completed
[2025-06-28T17:23:16.190Z] [DEBUG] MongoDB connection closed
[2025-06-28T17:23:45.456Z] [INFO] Checking for scheduled reports...
[2025-06-28T17:23:46.014Z] [DEBUG] Connected to MongoDB
[2025-06-28T17:23:46.074Z] [INFO] Found 1 company databases
[2025-06-28T17:23:46.075Z] [DEBUG] Processing company database: company_9jxwph8g
[2025-06-28T17:23:46.124Z] [DEBUG] Finding reports to execute in company_9jxwph8g (current time: 2025-06-28T17:23:46.123Z)
[2025-06-28T17:23:46.171Z] [INFO] Found 0 reports to execute in company_9jxwph8g
[2025-06-28T17:23:46.172Z] [INFO] Scheduled reports check completed
[2025-06-28T17:23:46.175Z] [DEBUG] MongoDB connection closed
[2025-06-28T17:24:15.456Z] [INFO] Checking for scheduled reports...
[2025-06-28T17:24:16.195Z] [DEBUG] Connected to MongoDB
[2025-06-28T17:24:16.254Z] [INFO] Found 1 company databases
[2025-06-28T17:24:16.255Z] [DEBUG] Processing company database: company_9jxwph8g
[2025-06-28T17:24:16.303Z] [DEBUG] Finding reports to execute in company_9jxwph8g (current time: 2025-06-28T17:24:16.303Z)
[2025-06-28T17:24:16.349Z] [INFO] Found 0 reports to execute in company_9jxwph8g
[2025-06-28T17:24:16.349Z] [INFO] Scheduled reports check completed
[2025-06-28T17:24:16.350Z] [DEBUG] MongoDB connection closed
[2025-06-28T17:24:45.457Z] [INFO] Checking for scheduled reports...
[2025-06-28T17:24:46.030Z] [DEBUG] Connected to MongoDB
[2025-06-28T17:24:46.087Z] [INFO] Found 1 company databases
[2025-06-28T17:24:46.088Z] [DEBUG] Processing company database: company_9jxwph8g
[2025-06-28T17:24:46.136Z] [DEBUG] Finding reports to execute in company_9jxwph8g (current time: 2025-06-28T17:24:46.136Z)
[2025-06-28T17:24:46.183Z] [INFO] Found 0 reports to execute in company_9jxwph8g
[2025-06-28T17:24:46.184Z] [INFO] Scheduled reports check completed
[2025-06-28T17:24:46.186Z] [DEBUG] MongoDB connection closed
[2025-06-28T17:25:15.461Z] [INFO] Checking for scheduled reports...
[2025-06-28T17:25:16.010Z] [DEBUG] Connected to MongoDB
[2025-06-28T17:25:16.067Z] [INFO] Found 1 company databases
[2025-06-28T17:25:16.067Z] [DEBUG] Processing company database: company_9jxwph8g
[2025-06-28T17:25:16.115Z] [DEBUG] Finding reports to execute in company_9jxwph8g (current time: 2025-06-28T17:25:16.115Z)
[2025-06-28T17:25:16.161Z] [INFO] Found 0 reports to execute in company_9jxwph8g
[2025-06-28T17:25:16.161Z] [INFO] Scheduled reports check completed
[2025-06-28T17:25:16.162Z] [DEBUG] MongoDB connection closed
[2025-06-28T17:25:45.463Z] [INFO] Checking for scheduled reports...
[2025-06-28T17:25:46.051Z] [DEBUG] Connected to MongoDB
[2025-06-28T17:25:46.109Z] [INFO] Found 1 company databases
[2025-06-28T17:25:46.110Z] [DEBUG] Processing company database: company_9jxwph8g
[2025-06-28T17:25:46.159Z] [DEBUG] Finding reports to execute in company_9jxwph8g (current time: 2025-06-28T17:25:46.159Z)
[2025-06-28T17:25:46.206Z] [INFO] Found 0 reports to execute in company_9jxwph8g
[2025-06-28T17:25:46.207Z] [INFO] Scheduled reports check completed
[2025-06-28T17:25:46.209Z] [DEBUG] MongoDB connection closed
[2025-06-28T17:26:15.463Z] [INFO] Checking for scheduled reports...
[2025-06-28T17:26:16.157Z] [DEBUG] Connected to MongoDB
[2025-06-28T17:26:16.214Z] [INFO] Found 1 company databases
[2025-06-28T17:26:16.215Z] [DEBUG] Processing company database: company_9jxwph8g
[2025-06-28T17:26:16.262Z] [DEBUG] Finding reports to execute in company_9jxwph8g (current time: 2025-06-28T17:26:16.262Z)
[2025-06-28T17:26:16.309Z] [INFO] Found 0 reports to execute in company_9jxwph8g
[2025-06-28T17:26:16.309Z] [INFO] Scheduled reports check completed
[2025-06-28T17:26:16.312Z] [DEBUG] MongoDB connection closed
[2025-06-28T17:26:45.465Z] [INFO] Checking for scheduled reports...
[2025-06-28T17:26:46.007Z] [DEBUG] Connected to MongoDB
[2025-06-28T17:26:46.064Z] [INFO] Found 1 company databases
[2025-06-28T17:26:46.065Z] [DEBUG] Processing company database: company_9jxwph8g
[2025-06-28T17:26:46.113Z] [DEBUG] Finding reports to execute in company_9jxwph8g (current time: 2025-06-28T17:26:46.113Z)
[2025-06-28T17:26:46.160Z] [INFO] Found 0 reports to execute in company_9jxwph8g
[2025-06-28T17:26:46.160Z] [INFO] Scheduled reports check completed
[2025-06-28T17:26:46.162Z] [DEBUG] MongoDB connection closed
[2025-06-28T17:27:15.467Z] [INFO] Checking for scheduled reports...
[2025-06-28T17:27:16.168Z] [DEBUG] Connected to MongoDB
[2025-06-28T17:27:16.225Z] [INFO] Found 1 company databases
[2025-06-28T17:27:16.225Z] [DEBUG] Processing company database: company_9jxwph8g
[2025-06-28T17:27:16.275Z] [DEBUG] Finding reports to execute in company_9jxwph8g (current time: 2025-06-28T17:27:16.275Z)
[2025-06-28T17:27:16.326Z] [INFO] Found 0 reports to execute in company_9jxwph8g
[2025-06-28T17:27:16.326Z] [INFO] Scheduled reports check completed
[2025-06-28T17:27:16.327Z] [DEBUG] MongoDB connection closed
[2025-06-28T17:27:45.467Z] [INFO] Checking for scheduled reports...
[2025-06-28T17:27:46.015Z] [DEBUG] Connected to MongoDB
[2025-06-28T17:27:46.072Z] [INFO] Found 1 company databases
[2025-06-28T17:27:46.073Z] [DEBUG] Processing company database: company_9jxwph8g
[2025-06-28T17:27:46.120Z] [DEBUG] Finding reports to execute in company_9jxwph8g (current time: 2025-06-28T17:27:46.120Z)
[2025-06-28T17:27:46.166Z] [INFO] Found 0 reports to execute in company_9jxwph8g
[2025-06-28T17:27:46.167Z] [INFO] Scheduled reports check completed
[2025-06-28T17:27:46.169Z] [DEBUG] MongoDB connection closed
[2025-06-28T17:28:15.467Z] [INFO] Checking for scheduled reports...
[2025-06-28T17:28:16.011Z] [DEBUG] Connected to MongoDB
[2025-06-28T17:28:16.069Z] [INFO] Found 1 company databases
[2025-06-28T17:28:16.070Z] [DEBUG] Processing company database: company_9jxwph8g
[2025-06-28T17:28:16.116Z] [DEBUG] Finding reports to execute in company_9jxwph8g (current time: 2025-06-28T17:28:16.116Z)
[2025-06-28T17:28:16.162Z] [INFO] Found 0 reports to execute in company_9jxwph8g
[2025-06-28T17:28:16.163Z] [INFO] Scheduled reports check completed
[2025-06-28T17:28:16.165Z] [DEBUG] MongoDB connection closed
[2025-06-28T17:28:45.467Z] [INFO] Checking for scheduled reports...
[2025-06-28T17:28:46.012Z] [DEBUG] Connected to MongoDB
[2025-06-28T17:28:46.068Z] [INFO] Found 1 company databases
[2025-06-28T17:28:46.068Z] [DEBUG] Processing company database: company_9jxwph8g
[2025-06-28T17:28:46.114Z] [DEBUG] Finding reports to execute in company_9jxwph8g (current time: 2025-06-28T17:28:46.114Z)
[2025-06-28T17:28:46.165Z] [INFO] Found 0 reports to execute in company_9jxwph8g
[2025-06-28T17:28:46.166Z] [INFO] Scheduled reports check completed
[2025-06-28T17:28:46.168Z] [DEBUG] MongoDB connection closed
[2025-06-28T17:29:15.469Z] [INFO] Checking for scheduled reports...
[2025-06-28T17:29:16.028Z] [DEBUG] Connected to MongoDB
[2025-06-28T17:29:16.094Z] [INFO] Found 1 company databases
[2025-06-28T17:29:16.095Z] [DEBUG] Processing company database: company_9jxwph8g
[2025-06-28T17:29:16.142Z] [DEBUG] Finding reports to execute in company_9jxwph8g (current time: 2025-06-28T17:29:16.142Z)
[2025-06-28T17:29:16.190Z] [INFO] Found 0 reports to execute in company_9jxwph8g
[2025-06-28T17:29:16.191Z] [INFO] Scheduled reports check completed
[2025-06-28T17:29:16.193Z] [DEBUG] MongoDB connection closed
[2025-06-28T17:29:45.470Z] [INFO] Checking for scheduled reports...
[2025-06-28T17:29:46.136Z] [DEBUG] Connected to MongoDB
[2025-06-28T17:29:46.200Z] [INFO] Found 1 company databases
[2025-06-28T17:29:46.201Z] [DEBUG] Processing company database: company_9jxwph8g
[2025-06-28T17:29:46.259Z] [DEBUG] Finding reports to execute in company_9jxwph8g (current time: 2025-06-28T17:29:46.259Z)
[2025-06-28T17:29:46.307Z] [INFO] Found 0 reports to execute in company_9jxwph8g
[2025-06-28T17:29:46.307Z] [INFO] Scheduled reports check completed
[2025-06-28T17:29:46.308Z] [DEBUG] MongoDB connection closed
[2025-06-28T17:30:15.471Z] [INFO] Checking for scheduled reports...
[2025-06-28T17:30:16.090Z] [DEBUG] Connected to MongoDB
[2025-06-28T17:30:16.149Z] [INFO] Found 1 company databases
[2025-06-28T17:30:16.149Z] [DEBUG] Processing company database: company_9jxwph8g
[2025-06-28T17:30:16.197Z] [DEBUG] Finding reports to execute in company_9jxwph8g (current time: 2025-06-28T17:30:16.197Z)
[2025-06-28T17:30:16.280Z] [INFO] Found 0 reports to execute in company_9jxwph8g
[2025-06-28T17:30:16.280Z] [INFO] Scheduled reports check completed
[2025-06-28T17:30:16.282Z] [DEBUG] MongoDB connection closed
[2025-06-28T17:30:45.471Z] [INFO] Checking for scheduled reports...
[2025-06-28T17:30:46.022Z] [DEBUG] Connected to MongoDB
[2025-06-28T17:30:46.082Z] [INFO] Found 1 company databases
[2025-06-28T17:30:46.083Z] [DEBUG] Processing company database: company_9jxwph8g
[2025-06-28T17:30:46.132Z] [DEBUG] Finding reports to execute in company_9jxwph8g (current time: 2025-06-28T17:30:46.132Z)
[2025-06-28T17:30:46.187Z] [INFO] Found 0 reports to execute in company_9jxwph8g
[2025-06-28T17:30:46.188Z] [INFO] Scheduled reports check completed
[2025-06-28T17:30:46.190Z] [DEBUG] MongoDB connection closed
[2025-06-28T17:31:15.473Z] [INFO] Checking for scheduled reports...
[2025-06-28T17:31:16.115Z] [DEBUG] Connected to MongoDB
[2025-06-28T17:31:16.174Z] [INFO] Found 1 company databases
[2025-06-28T17:31:16.175Z] [DEBUG] Processing company database: company_9jxwph8g
[2025-06-28T17:31:16.222Z] [DEBUG] Finding reports to execute in company_9jxwph8g (current time: 2025-06-28T17:31:16.222Z)
[2025-06-28T17:31:16.270Z] [INFO] Found 0 reports to execute in company_9jxwph8g
[2025-06-28T17:31:16.270Z] [INFO] Scheduled reports check completed
[2025-06-28T17:31:16.273Z] [DEBUG] MongoDB connection closed
[2025-06-28T17:31:45.474Z] [INFO] Checking for scheduled reports...
[2025-06-28T17:31:46.134Z] [DEBUG] Connected to MongoDB
[2025-06-28T17:31:46.192Z] [INFO] Found 1 company databases
[2025-06-28T17:31:46.193Z] [DEBUG] Processing company database: company_9jxwph8g
[2025-06-28T17:31:46.242Z] [DEBUG] Finding reports to execute in company_9jxwph8g (current time: 2025-06-28T17:31:46.242Z)
[2025-06-28T17:31:46.289Z] [INFO] Found 0 reports to execute in company_9jxwph8g
[2025-06-28T17:31:46.290Z] [INFO] Scheduled reports check completed
[2025-06-28T17:31:46.292Z] [DEBUG] MongoDB connection closed
[2025-06-28T17:32:15.475Z] [INFO] Checking for scheduled reports...
[2025-06-28T17:32:16.023Z] [DEBUG] Connected to MongoDB
[2025-06-28T17:32:16.081Z] [INFO] Found 1 company databases
[2025-06-28T17:32:16.082Z] [DEBUG] Processing company database: company_9jxwph8g
[2025-06-28T17:32:16.132Z] [DEBUG] Finding reports to execute in company_9jxwph8g (current time: 2025-06-28T17:32:16.132Z)
[2025-06-28T17:32:16.181Z] [INFO] Found 0 reports to execute in company_9jxwph8g
[2025-06-28T17:32:16.181Z] [INFO] Scheduled reports check completed
[2025-06-28T17:32:16.184Z] [DEBUG] MongoDB connection closed
[2025-06-28T17:32:45.475Z] [INFO] Checking for scheduled reports...
[2025-06-28T17:32:46.116Z] [DEBUG] Connected to MongoDB
[2025-06-28T17:32:46.183Z] [INFO] Found 1 company databases
[2025-06-28T17:32:46.183Z] [DEBUG] Processing company database: company_9jxwph8g
[2025-06-28T17:32:46.231Z] [DEBUG] Finding reports to execute in company_9jxwph8g (current time: 2025-06-28T17:32:46.231Z)
[2025-06-28T17:32:46.277Z] [INFO] Found 0 reports to execute in company_9jxwph8g
[2025-06-28T17:32:46.277Z] [INFO] Scheduled reports check completed
[2025-06-28T17:32:46.278Z] [DEBUG] MongoDB connection closed
[2025-06-28T17:33:15.477Z] [INFO] Checking for scheduled reports...
[2025-06-28T17:33:16.220Z] [DEBUG] Connected to MongoDB
[2025-06-28T17:33:16.278Z] [INFO] Found 1 company databases
[2025-06-28T17:33:16.279Z] [DEBUG] Processing company database: company_9jxwph8g
[2025-06-28T17:33:16.326Z] [DEBUG] Finding reports to execute in company_9jxwph8g (current time: 2025-06-28T17:33:16.326Z)
[2025-06-28T17:33:16.375Z] [INFO] Found 0 reports to execute in company_9jxwph8g
[2025-06-28T17:33:16.376Z] [INFO] Scheduled reports check completed
[2025-06-28T17:33:16.378Z] [DEBUG] MongoDB connection closed
[2025-06-28T17:33:45.477Z] [INFO] Checking for scheduled reports...
[2025-06-28T17:33:46.033Z] [DEBUG] Connected to MongoDB
[2025-06-28T17:33:46.091Z] [INFO] Found 1 company databases
[2025-06-28T17:33:46.092Z] [DEBUG] Processing company database: company_9jxwph8g
[2025-06-28T17:33:46.139Z] [DEBUG] Finding reports to execute in company_9jxwph8g (current time: 2025-06-28T17:33:46.139Z)
[2025-06-28T17:33:46.187Z] [INFO] Found 0 reports to execute in company_9jxwph8g
[2025-06-28T17:33:46.188Z] [INFO] Scheduled reports check completed
[2025-06-28T17:33:46.191Z] [DEBUG] MongoDB connection closed
[2025-06-28T17:34:15.478Z] [INFO] Checking for scheduled reports...
[2025-06-28T17:34:16.034Z] [DEBUG] Connected to MongoDB
[2025-06-28T17:34:16.092Z] [INFO] Found 1 company databases
[2025-06-28T17:34:16.093Z] [DEBUG] Processing company database: company_9jxwph8g
[2025-06-28T17:34:16.140Z] [DEBUG] Finding reports to execute in company_9jxwph8g (current time: 2025-06-28T17:34:16.140Z)
[2025-06-28T17:34:16.188Z] [INFO] Found 0 reports to execute in company_9jxwph8g
[2025-06-28T17:34:16.188Z] [INFO] Scheduled reports check completed
[2025-06-28T17:34:16.190Z] [DEBUG] MongoDB connection closed
[2025-06-28T17:34:45.479Z] [INFO] Checking for scheduled reports...
[2025-06-28T17:34:46.138Z] [DEBUG] Connected to MongoDB
[2025-06-28T17:34:46.196Z] [INFO] Found 1 company databases
[2025-06-28T17:34:46.197Z] [DEBUG] Processing company database: company_9jxwph8g
[2025-06-28T17:34:46.245Z] [DEBUG] Finding reports to execute in company_9jxwph8g (current time: 2025-06-28T17:34:46.245Z)
[2025-06-28T17:34:46.292Z] [INFO] Found 0 reports to execute in company_9jxwph8g
[2025-06-28T17:34:46.292Z] [INFO] Scheduled reports check completed
[2025-06-28T17:34:46.294Z] [DEBUG] MongoDB connection closed
[2025-06-28T17:35:15.480Z] [INFO] Checking for scheduled reports...
[2025-06-28T17:35:16.126Z] [DEBUG] Connected to MongoDB
[2025-06-28T17:35:16.184Z] [INFO] Found 1 company databases
[2025-06-28T17:35:16.184Z] [DEBUG] Processing company database: company_9jxwph8g
[2025-06-28T17:35:16.232Z] [DEBUG] Finding reports to execute in company_9jxwph8g (current time: 2025-06-28T17:35:16.232Z)
[2025-06-28T17:35:16.279Z] [INFO] Found 0 reports to execute in company_9jxwph8g
[2025-06-28T17:35:16.279Z] [INFO] Scheduled reports check completed
[2025-06-28T17:35:16.281Z] [DEBUG] MongoDB connection closed
[2025-06-28T17:35:45.480Z] [INFO] Checking for scheduled reports...
[2025-06-28T17:35:46.024Z] [DEBUG] Connected to MongoDB
[2025-06-28T17:35:46.082Z] [INFO] Found 1 company databases
[2025-06-28T17:35:46.082Z] [DEBUG] Processing company database: company_9jxwph8g
[2025-06-28T17:35:46.129Z] [DEBUG] Finding reports to execute in company_9jxwph8g (current time: 2025-06-28T17:35:46.129Z)
[2025-06-28T17:35:46.175Z] [INFO] Found 0 reports to execute in company_9jxwph8g
[2025-06-28T17:35:46.176Z] [INFO] Scheduled reports check completed
[2025-06-28T17:35:46.177Z] [DEBUG] MongoDB connection closed
[2025-06-28T17:36:15.482Z] [INFO] Checking for scheduled reports...
[2025-06-28T17:36:16.177Z] [DEBUG] Connected to MongoDB
[2025-06-28T17:36:16.235Z] [INFO] Found 1 company databases
[2025-06-28T17:36:16.236Z] [DEBUG] Processing company database: company_9jxwph8g
[2025-06-28T17:36:16.282Z] [DEBUG] Finding reports to execute in company_9jxwph8g (current time: 2025-06-28T17:36:16.282Z)
[2025-06-28T17:36:16.329Z] [INFO] Found 0 reports to execute in company_9jxwph8g
[2025-06-28T17:36:16.329Z] [INFO] Scheduled reports check completed
[2025-06-28T17:36:16.331Z] [DEBUG] MongoDB connection closed
[2025-06-28T17:36:45.483Z] [INFO] Checking for scheduled reports...
[2025-06-28T17:36:46.040Z] [DEBUG] Connected to MongoDB
[2025-06-28T17:36:46.101Z] [INFO] Found 1 company databases
[2025-06-28T17:36:46.102Z] [DEBUG] Processing company database: company_9jxwph8g
[2025-06-28T17:36:46.149Z] [DEBUG] Finding reports to execute in company_9jxwph8g (current time: 2025-06-28T17:36:46.149Z)
[2025-06-28T17:36:46.196Z] [INFO] Found 0 reports to execute in company_9jxwph8g
[2025-06-28T17:36:46.197Z] [INFO] Scheduled reports check completed
[2025-06-28T17:36:46.200Z] [DEBUG] MongoDB connection closed
[2025-06-28T17:37:15.483Z] [INFO] Checking for scheduled reports...
[2025-06-28T17:37:16.025Z] [DEBUG] Connected to MongoDB
[2025-06-28T17:37:16.082Z] [INFO] Found 1 company databases
[2025-06-28T17:37:16.082Z] [DEBUG] Processing company database: company_9jxwph8g
[2025-06-28T17:37:16.129Z] [DEBUG] Finding reports to execute in company_9jxwph8g (current time: 2025-06-28T17:37:16.129Z)
[2025-06-28T17:37:16.175Z] [INFO] Found 0 reports to execute in company_9jxwph8g
[2025-06-28T17:37:16.175Z] [INFO] Scheduled reports check completed
[2025-06-28T17:37:16.177Z] [DEBUG] MongoDB connection closed
[2025-06-28T17:37:45.484Z] [INFO] Checking for scheduled reports...
[2025-06-28T17:37:46.165Z] [DEBUG] Connected to MongoDB
[2025-06-28T17:37:46.224Z] [INFO] Found 1 company databases
[2025-06-28T17:37:46.225Z] [DEBUG] Processing company database: company_9jxwph8g
[2025-06-28T17:37:46.272Z] [DEBUG] Finding reports to execute in company_9jxwph8g (current time: 2025-06-28T17:37:46.272Z)
[2025-06-28T17:37:46.320Z] [INFO] Found 0 reports to execute in company_9jxwph8g
[2025-06-28T17:37:46.320Z] [INFO] Scheduled reports check completed
[2025-06-28T17:37:46.322Z] [DEBUG] MongoDB connection closed
[2025-06-28T17:38:15.485Z] [INFO] Checking for scheduled reports...
[2025-06-28T17:38:16.059Z] [DEBUG] Connected to MongoDB
[2025-06-28T17:38:16.115Z] [INFO] Found 1 company databases
[2025-06-28T17:38:16.116Z] [DEBUG] Processing company database: company_9jxwph8g
[2025-06-28T17:38:16.163Z] [DEBUG] Finding reports to execute in company_9jxwph8g (current time: 2025-06-28T17:38:16.163Z)
[2025-06-28T17:38:16.212Z] [INFO] Found 0 reports to execute in company_9jxwph8g
[2025-06-28T17:38:16.213Z] [INFO] Scheduled reports check completed
[2025-06-28T17:38:16.214Z] [DEBUG] MongoDB connection closed
[2025-06-28T17:38:45.486Z] [INFO] Checking for scheduled reports...
[2025-06-28T17:38:46.025Z] [DEBUG] Connected to MongoDB
[2025-06-28T17:38:46.081Z] [INFO] Found 1 company databases
[2025-06-28T17:38:46.081Z] [DEBUG] Processing company database: company_9jxwph8g
[2025-06-28T17:38:46.127Z] [DEBUG] Finding reports to execute in company_9jxwph8g (current time: 2025-06-28T17:38:46.127Z)
[2025-06-28T17:38:46.172Z] [INFO] Found 0 reports to execute in company_9jxwph8g
[2025-06-28T17:38:46.172Z] [INFO] Scheduled reports check completed
[2025-06-28T17:38:46.172Z] [DEBUG] MongoDB connection closed
[2025-06-28T17:39:15.487Z] [INFO] Checking for scheduled reports...
[2025-06-28T17:39:16.031Z] [DEBUG] Connected to MongoDB
[2025-06-28T17:39:16.089Z] [INFO] Found 1 company databases
[2025-06-28T17:39:16.090Z] [DEBUG] Processing company database: company_9jxwph8g
[2025-06-28T17:39:16.138Z] [DEBUG] Finding reports to execute in company_9jxwph8g (current time: 2025-06-28T17:39:16.138Z)
[2025-06-28T17:39:16.185Z] [INFO] Found 0 reports to execute in company_9jxwph8g
[2025-06-28T17:39:16.185Z] [INFO] Scheduled reports check completed
[2025-06-28T17:39:16.188Z] [DEBUG] MongoDB connection closed
[2025-06-28T17:39:45.488Z] [INFO] Checking for scheduled reports...
[2025-06-28T17:39:46.030Z] [DEBUG] Connected to MongoDB
[2025-06-28T17:39:46.087Z] [INFO] Found 1 company databases
[2025-06-28T17:39:46.088Z] [DEBUG] Processing company database: company_9jxwph8g
[2025-06-28T17:39:46.135Z] [DEBUG] Finding reports to execute in company_9jxwph8g (current time: 2025-06-28T17:39:46.135Z)
[2025-06-28T17:39:46.181Z] [INFO] Found 0 reports to execute in company_9jxwph8g
[2025-06-28T17:39:46.181Z] [INFO] Scheduled reports check completed
[2025-06-28T17:39:46.183Z] [DEBUG] MongoDB connection closed
[2025-06-28T17:40:15.489Z] [INFO] Checking for scheduled reports...
[2025-06-28T17:40:16.159Z] [DEBUG] Connected to MongoDB
[2025-06-28T17:40:16.218Z] [INFO] Found 1 company databases
[2025-06-28T17:40:16.219Z] [DEBUG] Processing company database: company_9jxwph8g
[2025-06-28T17:40:16.279Z] [DEBUG] Finding reports to execute in company_9jxwph8g (current time: 2025-06-28T17:40:16.279Z)
[2025-06-28T17:40:16.325Z] [INFO] Found 0 reports to execute in company_9jxwph8g
[2025-06-28T17:40:16.326Z] [INFO] Scheduled reports check completed
[2025-06-28T17:40:16.328Z] [DEBUG] MongoDB connection closed
[2025-06-28T17:40:45.490Z] [INFO] Checking for scheduled reports...
[2025-06-28T17:40:46.030Z] [DEBUG] Connected to MongoDB
[2025-06-28T17:40:46.086Z] [INFO] Found 1 company databases
[2025-06-28T17:40:46.087Z] [DEBUG] Processing company database: company_9jxwph8g
[2025-06-28T17:40:46.134Z] [DEBUG] Finding reports to execute in company_9jxwph8g (current time: 2025-06-28T17:40:46.134Z)
[2025-06-28T17:40:46.180Z] [INFO] Found 0 reports to execute in company_9jxwph8g
[2025-06-28T17:40:46.181Z] [INFO] Scheduled reports check completed
[2025-06-28T17:40:46.182Z] [DEBUG] MongoDB connection closed
[2025-06-28T17:41:15.491Z] [INFO] Checking for scheduled reports...
[2025-06-28T17:41:16.031Z] [DEBUG] Connected to MongoDB
[2025-06-28T17:41:16.087Z] [INFO] Found 1 company databases
[2025-06-28T17:41:16.088Z] [DEBUG] Processing company database: company_9jxwph8g
[2025-06-28T17:41:16.136Z] [DEBUG] Finding reports to execute in company_9jxwph8g (current time: 2025-06-28T17:41:16.136Z)
[2025-06-28T17:41:16.183Z] [INFO] Found 0 reports to execute in company_9jxwph8g
[2025-06-28T17:41:16.184Z] [INFO] Scheduled reports check completed
[2025-06-28T17:41:16.186Z] [DEBUG] MongoDB connection closed
[2025-06-28T17:41:45.493Z] [INFO] Checking for scheduled reports...
[2025-06-28T17:41:46.150Z] [DEBUG] Connected to MongoDB
[2025-06-28T17:41:46.208Z] [INFO] Found 1 company databases
[2025-06-28T17:41:46.208Z] [DEBUG] Processing company database: company_9jxwph8g
[2025-06-28T17:41:46.256Z] [DEBUG] Finding reports to execute in company_9jxwph8g (current time: 2025-06-28T17:41:46.256Z)
[2025-06-28T17:41:46.304Z] [INFO] Found 0 reports to execute in company_9jxwph8g
[2025-06-28T17:41:46.304Z] [INFO] Scheduled reports check completed
[2025-06-28T17:41:46.307Z] [DEBUG] MongoDB connection closed
[2025-06-28T17:42:15.494Z] [INFO] Checking for scheduled reports...
[2025-06-28T17:42:16.124Z] [DEBUG] Connected to MongoDB
[2025-06-28T17:42:16.182Z] [INFO] Found 1 company databases
[2025-06-28T17:42:16.183Z] [DEBUG] Processing company database: company_9jxwph8g
[2025-06-28T17:42:16.232Z] [DEBUG] Finding reports to execute in company_9jxwph8g (current time: 2025-06-28T17:42:16.232Z)
[2025-06-28T17:42:16.279Z] [INFO] Found 0 reports to execute in company_9jxwph8g
[2025-06-28T17:42:16.279Z] [INFO] Scheduled reports check completed
[2025-06-28T17:42:16.281Z] [DEBUG] MongoDB connection closed
[2025-06-28T17:42:45.495Z] [INFO] Checking for scheduled reports...
[2025-06-28T17:42:46.040Z] [DEBUG] Connected to MongoDB
[2025-06-28T17:42:46.098Z] [INFO] Found 1 company databases
[2025-06-28T17:42:46.098Z] [DEBUG] Processing company database: company_9jxwph8g
[2025-06-28T17:42:46.145Z] [DEBUG] Finding reports to execute in company_9jxwph8g (current time: 2025-06-28T17:42:46.145Z)
[2025-06-28T17:42:46.191Z] [INFO] Found 0 reports to execute in company_9jxwph8g
[2025-06-28T17:42:46.192Z] [INFO] Scheduled reports check completed
[2025-06-28T17:42:46.194Z] [DEBUG] MongoDB connection closed
[2025-06-28T17:43:15.496Z] [INFO] Checking for scheduled reports...
[2025-06-28T17:43:16.043Z] [DEBUG] Connected to MongoDB
[2025-06-28T17:43:16.101Z] [INFO] Found 1 company databases
[2025-06-28T17:43:16.102Z] [DEBUG] Processing company database: company_9jxwph8g
[2025-06-28T17:43:16.149Z] [DEBUG] Finding reports to execute in company_9jxwph8g (current time: 2025-06-28T17:43:16.149Z)
[2025-06-28T17:43:16.196Z] [INFO] Found 0 reports to execute in company_9jxwph8g
[2025-06-28T17:43:16.197Z] [INFO] Scheduled reports check completed
[2025-06-28T17:43:16.200Z] [DEBUG] MongoDB connection closed
[2025-06-28T17:43:45.497Z] [INFO] Checking for scheduled reports...
[2025-06-28T17:43:46.122Z] [DEBUG] Connected to MongoDB
[2025-06-28T17:43:46.181Z] [INFO] Found 1 company databases
[2025-06-28T17:43:46.182Z] [DEBUG] Processing company database: company_9jxwph8g
[2025-06-28T17:43:46.230Z] [DEBUG] Finding reports to execute in company_9jxwph8g (current time: 2025-06-28T17:43:46.230Z)
[2025-06-28T17:43:46.277Z] [INFO] Found 0 reports to execute in company_9jxwph8g
[2025-06-28T17:43:46.277Z] [INFO] Scheduled reports check completed
[2025-06-28T17:43:46.279Z] [DEBUG] MongoDB connection closed
[2025-06-28T17:44:15.497Z] [INFO] Checking for scheduled reports...
[2025-06-28T17:44:16.049Z] [DEBUG] Connected to MongoDB
[2025-06-28T17:44:16.107Z] [INFO] Found 1 company databases
[2025-06-28T17:44:16.108Z] [DEBUG] Processing company database: company_9jxwph8g
[2025-06-28T17:44:16.156Z] [DEBUG] Finding reports to execute in company_9jxwph8g (current time: 2025-06-28T17:44:16.156Z)
[2025-06-28T17:44:16.205Z] [INFO] Found 0 reports to execute in company_9jxwph8g
[2025-06-28T17:44:16.205Z] [INFO] Scheduled reports check completed
[2025-06-28T17:44:16.208Z] [DEBUG] MongoDB connection closed
[2025-06-28T17:44:45.499Z] [INFO] Checking for scheduled reports...
[2025-06-28T17:44:46.215Z] [DEBUG] Connected to MongoDB
[2025-06-28T17:44:46.274Z] [INFO] Found 1 company databases
[2025-06-28T17:44:46.275Z] [DEBUG] Processing company database: company_9jxwph8g
[2025-06-28T17:44:46.322Z] [DEBUG] Finding reports to execute in company_9jxwph8g (current time: 2025-06-28T17:44:46.322Z)
[2025-06-28T17:44:46.370Z] [INFO] Found 0 reports to execute in company_9jxwph8g
[2025-06-28T17:44:46.370Z] [INFO] Scheduled reports check completed
[2025-06-28T17:44:46.372Z] [DEBUG] MongoDB connection closed
[2025-06-28T17:45:15.500Z] [INFO] Checking for scheduled reports...
[2025-06-28T17:45:16.170Z] [DEBUG] Connected to MongoDB
[2025-06-28T17:45:16.230Z] [INFO] Found 1 company databases
[2025-06-28T17:45:16.231Z] [DEBUG] Processing company database: company_9jxwph8g
[2025-06-28T17:45:16.278Z] [DEBUG] Finding reports to execute in company_9jxwph8g (current time: 2025-06-28T17:45:16.278Z)
[2025-06-28T17:45:16.325Z] [INFO] Found 0 reports to execute in company_9jxwph8g
[2025-06-28T17:45:16.326Z] [INFO] Scheduled reports check completed
[2025-06-28T17:45:16.328Z] [DEBUG] MongoDB connection closed
[2025-06-28T17:45:45.500Z] [INFO] Checking for scheduled reports...
[2025-06-28T17:45:46.054Z] [DEBUG] Connected to MongoDB
[2025-06-28T17:45:46.113Z] [INFO] Found 1 company databases
[2025-06-28T17:45:46.114Z] [DEBUG] Processing company database: company_9jxwph8g
[2025-06-28T17:45:46.162Z] [DEBUG] Finding reports to execute in company_9jxwph8g (current time: 2025-06-28T17:45:46.162Z)
[2025-06-28T17:45:46.210Z] [INFO] Found 0 reports to execute in company_9jxwph8g
[2025-06-28T17:45:46.211Z] [INFO] Scheduled reports check completed
[2025-06-28T17:45:46.213Z] [DEBUG] MongoDB connection closed
[2025-06-28T17:46:15.502Z] [INFO] Checking for scheduled reports...
[2025-06-28T17:46:16.204Z] [DEBUG] Connected to MongoDB
[2025-06-28T17:46:16.263Z] [INFO] Found 1 company databases
[2025-06-28T17:46:16.263Z] [DEBUG] Processing company database: company_9jxwph8g
[2025-06-28T17:46:16.311Z] [DEBUG] Finding reports to execute in company_9jxwph8g (current time: 2025-06-28T17:46:16.311Z)
[2025-06-28T17:46:16.358Z] [INFO] Found 0 reports to execute in company_9jxwph8g
[2025-06-28T17:46:16.359Z] [INFO] Scheduled reports check completed
[2025-06-28T17:46:16.361Z] [DEBUG] MongoDB connection closed
[2025-06-28T17:46:45.502Z] [INFO] Checking for scheduled reports...
[2025-06-28T17:46:46.165Z] [DEBUG] Connected to MongoDB
[2025-06-28T17:46:46.224Z] [INFO] Found 1 company databases
[2025-06-28T17:46:46.225Z] [DEBUG] Processing company database: company_9jxwph8g
[2025-06-28T17:46:46.273Z] [DEBUG] Finding reports to execute in company_9jxwph8g (current time: 2025-06-28T17:46:46.273Z)
[2025-06-28T17:46:46.319Z] [INFO] Found 0 reports to execute in company_9jxwph8g
[2025-06-28T17:46:46.320Z] [INFO] Scheduled reports check completed
[2025-06-28T17:46:46.320Z] [DEBUG] MongoDB connection closed
[2025-06-28T17:47:15.502Z] [INFO] Checking for scheduled reports...
[2025-06-28T17:47:16.059Z] [DEBUG] Connected to MongoDB
[2025-06-28T17:47:16.119Z] [INFO] Found 1 company databases
[2025-06-28T17:47:16.120Z] [DEBUG] Processing company database: company_9jxwph8g
[2025-06-28T17:47:16.168Z] [DEBUG] Finding reports to execute in company_9jxwph8g (current time: 2025-06-28T17:47:16.168Z)
[2025-06-28T17:47:16.215Z] [INFO] Found 0 reports to execute in company_9jxwph8g
[2025-06-28T17:47:16.216Z] [INFO] Scheduled reports check completed
[2025-06-28T17:47:16.218Z] [DEBUG] MongoDB connection closed
[2025-06-28T17:47:45.502Z] [INFO] Checking for scheduled reports...
[2025-06-28T17:47:46.076Z] [DEBUG] Connected to MongoDB
[2025-06-28T17:47:46.135Z] [INFO] Found 1 company databases
[2025-06-28T17:47:46.136Z] [DEBUG] Processing company database: company_9jxwph8g
[2025-06-28T17:47:46.185Z] [DEBUG] Finding reports to execute in company_9jxwph8g (current time: 2025-06-28T17:47:46.185Z)
[2025-06-28T17:47:46.233Z] [INFO] Found 0 reports to execute in company_9jxwph8g
[2025-06-28T17:47:46.233Z] [INFO] Scheduled reports check completed
[2025-06-28T17:47:46.235Z] [DEBUG] MongoDB connection closed
[2025-06-28T17:48:15.503Z] [INFO] Checking for scheduled reports...
[2025-06-28T17:48:16.177Z] [DEBUG] Connected to MongoDB
[2025-06-28T17:48:16.236Z] [INFO] Found 1 company databases
[2025-06-28T17:48:16.236Z] [DEBUG] Processing company database: company_9jxwph8g
[2025-06-28T17:48:16.284Z] [DEBUG] Finding reports to execute in company_9jxwph8g (current time: 2025-06-28T17:48:16.284Z)
[2025-06-28T17:48:16.332Z] [INFO] Found 0 reports to execute in company_9jxwph8g
[2025-06-28T17:48:16.332Z] [INFO] Scheduled reports check completed
[2025-06-28T17:48:16.334Z] [DEBUG] MongoDB connection closed
[2025-06-28T17:48:45.503Z] [INFO] Checking for scheduled reports...
[2025-06-28T17:48:46.065Z] [DEBUG] Connected to MongoDB
[2025-06-28T17:48:46.125Z] [INFO] Found 1 company databases
[2025-06-28T17:48:46.125Z] [DEBUG] Processing company database: company_9jxwph8g
[2025-06-28T17:48:46.173Z] [DEBUG] Finding reports to execute in company_9jxwph8g (current time: 2025-06-28T17:48:46.173Z)
[2025-06-28T17:48:46.224Z] [INFO] Found 0 reports to execute in company_9jxwph8g
[2025-06-28T17:48:46.225Z] [INFO] Scheduled reports check completed
[2025-06-28T17:48:46.227Z] [DEBUG] MongoDB connection closed
[2025-06-28T17:49:15.505Z] [INFO] Checking for scheduled reports...
[2025-06-28T17:49:16.200Z] [DEBUG] Connected to MongoDB
[2025-06-28T17:49:16.260Z] [INFO] Found 1 company databases
[2025-06-28T17:49:16.260Z] [DEBUG] Processing company database: company_9jxwph8g
[2025-06-28T17:49:16.308Z] [DEBUG] Finding reports to execute in company_9jxwph8g (current time: 2025-06-28T17:49:16.308Z)
[2025-06-28T17:49:16.354Z] [INFO] Found 0 reports to execute in company_9jxwph8g
[2025-06-28T17:49:16.355Z] [INFO] Scheduled reports check completed
[2025-06-28T17:49:16.357Z] [DEBUG] MongoDB connection closed
[2025-06-28T17:49:45.506Z] [INFO] Checking for scheduled reports...
[2025-06-28T17:49:46.170Z] [DEBUG] Connected to MongoDB
[2025-06-28T17:49:46.228Z] [INFO] Found 1 company databases
[2025-06-28T17:49:46.228Z] [DEBUG] Processing company database: company_9jxwph8g
[2025-06-28T17:49:46.277Z] [DEBUG] Finding reports to execute in company_9jxwph8g (current time: 2025-06-28T17:49:46.277Z)
[2025-06-28T17:49:46.323Z] [INFO] Found 0 reports to execute in company_9jxwph8g
[2025-06-28T17:49:46.324Z] [INFO] Scheduled reports check completed
[2025-06-28T17:49:46.326Z] [DEBUG] MongoDB connection closed
[2025-06-28T17:50:15.507Z] [INFO] Checking for scheduled reports...
[2025-06-28T17:50:16.065Z] [DEBUG] Connected to MongoDB
[2025-06-28T17:50:16.123Z] [INFO] Found 1 company databases
[2025-06-28T17:50:16.123Z] [DEBUG] Processing company database: company_9jxwph8g
[2025-06-28T17:50:16.171Z] [DEBUG] Finding reports to execute in company_9jxwph8g (current time: 2025-06-28T17:50:16.171Z)
[2025-06-28T17:50:16.217Z] [INFO] Found 0 reports to execute in company_9jxwph8g
[2025-06-28T17:50:16.218Z] [INFO] Scheduled reports check completed
[2025-06-28T17:50:16.220Z] [DEBUG] MongoDB connection closed
[2025-06-28T17:50:45.506Z] [INFO] Checking for scheduled reports...
[2025-06-28T17:50:46.212Z] [DEBUG] Connected to MongoDB
[2025-06-28T17:50:46.270Z] [INFO] Found 1 company databases
[2025-06-28T17:50:46.271Z] [DEBUG] Processing company database: company_9jxwph8g
[2025-06-28T17:50:46.319Z] [DEBUG] Finding reports to execute in company_9jxwph8g (current time: 2025-06-28T17:50:46.319Z)
[2025-06-28T17:50:46.366Z] [INFO] Found 0 reports to execute in company_9jxwph8g
[2025-06-28T17:50:46.367Z] [INFO] Scheduled reports check completed
[2025-06-28T17:50:46.369Z] [DEBUG] MongoDB connection closed
[2025-06-28T17:51:15.507Z] [INFO] Checking for scheduled reports...
[2025-06-28T17:51:16.176Z] [DEBUG] Connected to MongoDB
[2025-06-28T17:51:16.235Z] [INFO] Found 1 company databases
[2025-06-28T17:51:16.235Z] [DEBUG] Processing company database: company_9jxwph8g
[2025-06-28T17:51:16.283Z] [DEBUG] Finding reports to execute in company_9jxwph8g (current time: 2025-06-28T17:51:16.283Z)
[2025-06-28T17:51:16.330Z] [INFO] Found 0 reports to execute in company_9jxwph8g
[2025-06-28T17:51:16.330Z] [INFO] Scheduled reports check completed
[2025-06-28T17:51:16.332Z] [DEBUG] MongoDB connection closed
[2025-06-28T17:51:45.509Z] [INFO] Checking for scheduled reports...
[2025-06-28T17:51:46.061Z] [DEBUG] Connected to MongoDB
[2025-06-28T17:51:46.120Z] [INFO] Found 1 company databases
[2025-06-28T17:51:46.121Z] [DEBUG] Processing company database: company_9jxwph8g
[2025-06-28T17:51:46.168Z] [DEBUG] Finding reports to execute in company_9jxwph8g (current time: 2025-06-28T17:51:46.168Z)
[2025-06-28T17:51:46.217Z] [INFO] Found 0 reports to execute in company_9jxwph8g
[2025-06-28T17:51:46.218Z] [INFO] Scheduled reports check completed
[2025-06-28T17:51:46.220Z] [DEBUG] MongoDB connection closed
[2025-06-28T17:52:15.509Z] [INFO] Checking for scheduled reports...
[2025-06-28T17:52:16.288Z] [DEBUG] Connected to MongoDB
[2025-06-28T17:52:16.347Z] [INFO] Found 1 company databases
[2025-06-28T17:52:16.348Z] [DEBUG] Processing company database: company_9jxwph8g
[2025-06-28T17:52:16.396Z] [DEBUG] Finding reports to execute in company_9jxwph8g (current time: 2025-06-28T17:52:16.396Z)
[2025-06-28T17:52:16.443Z] [INFO] Found 0 reports to execute in company_9jxwph8g
[2025-06-28T17:52:16.443Z] [INFO] Scheduled reports check completed
[2025-06-28T17:52:16.447Z] [DEBUG] MongoDB connection closed
[2025-06-28T17:52:45.510Z] [INFO] Checking for scheduled reports...
[2025-06-28T17:52:46.198Z] [DEBUG] Connected to MongoDB
[2025-06-28T17:52:46.255Z] [INFO] Found 1 company databases
[2025-06-28T17:52:46.255Z] [DEBUG] Processing company database: company_9jxwph8g
[2025-06-28T17:52:46.302Z] [DEBUG] Finding reports to execute in company_9jxwph8g (current time: 2025-06-28T17:52:46.302Z)
[2025-06-28T17:52:46.350Z] [INFO] Found 0 reports to execute in company_9jxwph8g
[2025-06-28T17:52:46.350Z] [INFO] Scheduled reports check completed
[2025-06-28T17:52:46.352Z] [DEBUG] MongoDB connection closed
[2025-06-28T17:53:15.510Z] [INFO] Checking for scheduled reports...
[2025-06-28T17:53:16.069Z] [DEBUG] Connected to MongoDB
[2025-06-28T17:53:16.127Z] [INFO] Found 1 company databases
[2025-06-28T17:53:16.128Z] [DEBUG] Processing company database: company_9jxwph8g
[2025-06-28T17:53:16.177Z] [DEBUG] Finding reports to execute in company_9jxwph8g (current time: 2025-06-28T17:53:16.177Z)
[2025-06-28T17:53:16.224Z] [INFO] Found 0 reports to execute in company_9jxwph8g
[2025-06-28T17:53:16.224Z] [INFO] Scheduled reports check completed
[2025-06-28T17:53:16.228Z] [DEBUG] MongoDB connection closed
[2025-06-28T17:53:45.511Z] [INFO] Checking for scheduled reports...
[2025-06-28T17:53:46.068Z] [DEBUG] Connected to MongoDB
[2025-06-28T17:53:46.129Z] [INFO] Found 1 company databases
[2025-06-28T17:53:46.129Z] [DEBUG] Processing company database: company_9jxwph8g
[2025-06-28T17:53:46.177Z] [DEBUG] Finding reports to execute in company_9jxwph8g (current time: 2025-06-28T17:53:46.177Z)
[2025-06-28T17:53:46.225Z] [INFO] Found 0 reports to execute in company_9jxwph8g
[2025-06-28T17:53:46.226Z] [INFO] Scheduled reports check completed
[2025-06-28T17:53:46.230Z] [DEBUG] MongoDB connection closed
[2025-06-28T17:54:15.511Z] [INFO] Checking for scheduled reports...
[2025-06-28T17:54:16.176Z] [DEBUG] Connected to MongoDB
[2025-06-28T17:54:16.235Z] [INFO] Found 1 company databases
[2025-06-28T17:54:16.235Z] [DEBUG] Processing company database: company_9jxwph8g
[2025-06-28T17:54:16.283Z] [DEBUG] Finding reports to execute in company_9jxwph8g (current time: 2025-06-28T17:54:16.283Z)
[2025-06-28T17:54:16.332Z] [INFO] Found 0 reports to execute in company_9jxwph8g
[2025-06-28T17:54:16.333Z] [INFO] Scheduled reports check completed
[2025-06-28T17:54:16.335Z] [DEBUG] MongoDB connection closed
[2025-06-28T17:54:45.512Z] [INFO] Checking for scheduled reports...
[2025-06-28T17:54:46.066Z] [DEBUG] Connected to MongoDB
[2025-06-28T17:54:46.126Z] [INFO] Found 1 company databases
[2025-06-28T17:54:46.126Z] [DEBUG] Processing company database: company_9jxwph8g
[2025-06-28T17:54:46.174Z] [DEBUG] Finding reports to execute in company_9jxwph8g (current time: 2025-06-28T17:54:46.174Z)
[2025-06-28T17:54:46.221Z] [INFO] Found 0 reports to execute in company_9jxwph8g
[2025-06-28T17:54:46.221Z] [INFO] Scheduled reports check completed
[2025-06-28T17:54:46.223Z] [DEBUG] MongoDB connection closed
[2025-06-28T17:55:15.513Z] [INFO] Checking for scheduled reports...
[2025-06-28T17:55:16.232Z] [DEBUG] Connected to MongoDB
[2025-06-28T17:55:16.301Z] [INFO] Found 1 company databases
[2025-06-28T17:55:16.301Z] [DEBUG] Processing company database: company_9jxwph8g
[2025-06-28T17:55:16.354Z] [DEBUG] Finding reports to execute in company_9jxwph8g (current time: 2025-06-28T17:55:16.354Z)
[2025-06-28T17:55:16.401Z] [INFO] Found 0 reports to execute in company_9jxwph8g
[2025-06-28T17:55:16.401Z] [INFO] Scheduled reports check completed
[2025-06-28T17:55:16.403Z] [DEBUG] MongoDB connection closed
[2025-06-28T17:55:45.514Z] [INFO] Checking for scheduled reports...
[2025-06-28T17:55:46.182Z] [DEBUG] Connected to MongoDB
[2025-06-28T17:55:46.240Z] [INFO] Found 1 company databases
[2025-06-28T17:55:46.240Z] [DEBUG] Processing company database: company_9jxwph8g
[2025-06-28T17:55:46.289Z] [DEBUG] Finding reports to execute in company_9jxwph8g (current time: 2025-06-28T17:55:46.289Z)
[2025-06-28T17:55:46.336Z] [INFO] Found 0 reports to execute in company_9jxwph8g
[2025-06-28T17:55:46.337Z] [INFO] Scheduled reports check completed
[2025-06-28T17:55:46.339Z] [DEBUG] MongoDB connection closed
[2025-06-28T17:56:15.515Z] [INFO] Checking for scheduled reports...
[2025-06-28T17:56:16.052Z] [DEBUG] Connected to MongoDB
[2025-06-28T17:56:16.114Z] [INFO] Found 1 company databases
[2025-06-28T17:56:16.114Z] [DEBUG] Processing company database: company_9jxwph8g
[2025-06-28T17:56:16.160Z] [DEBUG] Finding reports to execute in company_9jxwph8g (current time: 2025-06-28T17:56:16.160Z)
[2025-06-28T17:56:16.206Z] [INFO] Found 0 reports to execute in company_9jxwph8g
[2025-06-28T17:56:16.206Z] [INFO] Scheduled reports check completed
[2025-06-28T17:56:16.207Z] [DEBUG] MongoDB connection closed
[2025-06-28T17:56:45.516Z] [INFO] Checking for scheduled reports...
[2025-06-28T17:56:46.381Z] [DEBUG] Connected to MongoDB
[2025-06-28T17:56:46.438Z] [INFO] Found 1 company databases
[2025-06-28T17:56:46.438Z] [DEBUG] Processing company database: company_9jxwph8g
[2025-06-28T17:56:46.486Z] [DEBUG] Finding reports to execute in company_9jxwph8g (current time: 2025-06-28T17:56:46.486Z)
[2025-06-28T17:56:46.534Z] [INFO] Found 0 reports to execute in company_9jxwph8g
[2025-06-28T17:56:46.535Z] [INFO] Scheduled reports check completed
[2025-06-28T17:56:46.538Z] [DEBUG] MongoDB connection closed
[2025-06-28T17:57:15.517Z] [INFO] Checking for scheduled reports...
[2025-06-28T17:57:16.059Z] [DEBUG] Connected to MongoDB
[2025-06-28T17:57:16.118Z] [INFO] Found 1 company databases
[2025-06-28T17:57:16.118Z] [DEBUG] Processing company database: company_9jxwph8g
[2025-06-28T17:57:16.167Z] [DEBUG] Finding reports to execute in company_9jxwph8g (current time: 2025-06-28T17:57:16.167Z)
[2025-06-28T17:57:16.214Z] [INFO] Found 0 reports to execute in company_9jxwph8g
[2025-06-28T17:57:16.214Z] [INFO] Scheduled reports check completed
[2025-06-28T17:57:16.216Z] [DEBUG] MongoDB connection closed
[2025-06-28T17:57:45.517Z] [INFO] Checking for scheduled reports...
[2025-06-28T17:57:46.144Z] [DEBUG] Connected to MongoDB
[2025-06-28T17:57:46.202Z] [INFO] Found 1 company databases
[2025-06-28T17:57:46.203Z] [DEBUG] Processing company database: company_9jxwph8g
[2025-06-28T17:57:46.251Z] [DEBUG] Finding reports to execute in company_9jxwph8g (current time: 2025-06-28T17:57:46.251Z)
[2025-06-28T17:57:46.298Z] [INFO] Found 0 reports to execute in company_9jxwph8g
[2025-06-28T17:57:46.298Z] [INFO] Scheduled reports check completed
[2025-06-28T17:57:46.300Z] [DEBUG] MongoDB connection closed
[2025-06-28T17:58:15.517Z] [INFO] Checking for scheduled reports...
[2025-06-28T17:58:16.260Z] [DEBUG] Connected to MongoDB
[2025-06-28T17:58:16.318Z] [INFO] Found 1 company databases
[2025-06-28T17:58:16.319Z] [DEBUG] Processing company database: company_9jxwph8g
[2025-06-28T17:58:16.365Z] [DEBUG] Finding reports to execute in company_9jxwph8g (current time: 2025-06-28T17:58:16.365Z)
[2025-06-28T17:58:16.415Z] [INFO] Found 0 reports to execute in company_9jxwph8g
[2025-06-28T17:58:16.416Z] [INFO] Scheduled reports check completed
[2025-06-28T17:58:16.417Z] [DEBUG] MongoDB connection closed
[2025-06-28T17:58:45.518Z] [INFO] Checking for scheduled reports...
[2025-06-28T17:58:46.171Z] [DEBUG] Connected to MongoDB
[2025-06-28T17:58:46.230Z] [INFO] Found 1 company databases
[2025-06-28T17:58:46.231Z] [DEBUG] Processing company database: company_9jxwph8g
[2025-06-28T17:58:46.278Z] [DEBUG] Finding reports to execute in company_9jxwph8g (current time: 2025-06-28T17:58:46.278Z)
[2025-06-28T17:58:46.333Z] [INFO] Found 0 reports to execute in company_9jxwph8g
[2025-06-28T17:58:46.333Z] [INFO] Scheduled reports check completed
[2025-06-28T17:58:46.335Z] [DEBUG] MongoDB connection closed
[2025-06-28T17:59:15.520Z] [INFO] Checking for scheduled reports...
[2025-06-28T17:59:16.100Z] [DEBUG] Connected to MongoDB
[2025-06-28T17:59:16.159Z] [INFO] Found 1 company databases
[2025-06-28T17:59:16.159Z] [DEBUG] Processing company database: company_9jxwph8g
[2025-06-28T17:59:16.206Z] [DEBUG] Finding reports to execute in company_9jxwph8g (current time: 2025-06-28T17:59:16.206Z)
[2025-06-28T17:59:16.252Z] [INFO] Found 0 reports to execute in company_9jxwph8g
[2025-06-28T17:59:16.252Z] [INFO] Scheduled reports check completed
[2025-06-28T17:59:16.253Z] [DEBUG] MongoDB connection closed
[2025-06-28T17:59:45.521Z] [INFO] Checking for scheduled reports...
[2025-06-28T17:59:46.266Z] [DEBUG] Connected to MongoDB
[2025-06-28T17:59:46.325Z] [INFO] Found 1 company databases
[2025-06-28T17:59:46.326Z] [DEBUG] Processing company database: company_9jxwph8g
[2025-06-28T17:59:46.386Z] [DEBUG] Finding reports to execute in company_9jxwph8g (current time: 2025-06-28T17:59:46.386Z)
[2025-06-28T17:59:46.433Z] [INFO] Found 0 reports to execute in company_9jxwph8g
[2025-06-28T17:59:46.434Z] [INFO] Scheduled reports check completed
[2025-06-28T17:59:46.437Z] [DEBUG] MongoDB connection closed
[2025-06-28T18:00:15.522Z] [INFO] Checking for scheduled reports...
[2025-06-28T18:00:16.065Z] [DEBUG] Connected to MongoDB
[2025-06-28T18:00:16.123Z] [INFO] Found 1 company databases
[2025-06-28T18:00:16.124Z] [DEBUG] Processing company database: company_9jxwph8g
[2025-06-28T18:00:16.172Z] [DEBUG] Finding reports to execute in company_9jxwph8g (current time: 2025-06-28T18:00:16.172Z)
[2025-06-28T18:00:16.221Z] [INFO] Found 0 reports to execute in company_9jxwph8g
[2025-06-28T18:00:16.222Z] [INFO] Scheduled reports check completed
[2025-06-28T18:00:16.224Z] [DEBUG] MongoDB connection closed
[2025-06-28T18:00:45.523Z] [INFO] Checking for scheduled reports...
[2025-06-28T18:00:46.160Z] [DEBUG] Connected to MongoDB
[2025-06-28T18:00:46.218Z] [INFO] Found 1 company databases
[2025-06-28T18:00:46.218Z] [DEBUG] Processing company database: company_9jxwph8g
[2025-06-28T18:00:46.266Z] [DEBUG] Finding reports to execute in company_9jxwph8g (current time: 2025-06-28T18:00:46.266Z)
[2025-06-28T18:00:46.314Z] [INFO] Found 0 reports to execute in company_9jxwph8g
[2025-06-28T18:00:46.315Z] [INFO] Scheduled reports check completed
[2025-06-28T18:00:46.318Z] [DEBUG] MongoDB connection closed
[2025-06-28T18:01:15.524Z] [INFO] Checking for scheduled reports...
[2025-06-28T18:01:16.188Z] [DEBUG] Connected to MongoDB
[2025-06-28T18:01:16.252Z] [INFO] Found 1 company databases
[2025-06-28T18:01:16.252Z] [DEBUG] Processing company database: company_9jxwph8g
[2025-06-28T18:01:16.306Z] [DEBUG] Finding reports to execute in company_9jxwph8g (current time: 2025-06-28T18:01:16.306Z)
[2025-06-28T18:01:16.355Z] [INFO] Found 0 reports to execute in company_9jxwph8g
[2025-06-28T18:01:16.355Z] [INFO] Scheduled reports check completed
[2025-06-28T18:01:16.355Z] [DEBUG] MongoDB connection closed
[2025-06-28T18:01:45.525Z] [INFO] Checking for scheduled reports...
[2025-06-28T18:01:46.157Z] [DEBUG] Connected to MongoDB
[2025-06-28T18:01:46.214Z] [INFO] Found 1 company databases
[2025-06-28T18:01:46.215Z] [DEBUG] Processing company database: company_9jxwph8g
[2025-06-28T18:01:46.263Z] [DEBUG] Finding reports to execute in company_9jxwph8g (current time: 2025-06-28T18:01:46.263Z)
[2025-06-28T18:01:46.311Z] [INFO] Found 0 reports to execute in company_9jxwph8g
[2025-06-28T18:01:46.311Z] [INFO] Scheduled reports check completed
[2025-06-28T18:01:46.313Z] [DEBUG] MongoDB connection closed
[2025-06-28T18:02:15.526Z] [INFO] Checking for scheduled reports...
[2025-06-28T18:02:16.076Z] [DEBUG] Connected to MongoDB
[2025-06-28T18:02:16.136Z] [INFO] Found 1 company databases
[2025-06-28T18:02:16.137Z] [DEBUG] Processing company database: company_9jxwph8g
[2025-06-28T18:02:16.185Z] [DEBUG] Finding reports to execute in company_9jxwph8g (current time: 2025-06-28T18:02:16.185Z)
[2025-06-28T18:02:16.233Z] [INFO] Found 0 reports to execute in company_9jxwph8g
[2025-06-28T18:02:16.233Z] [INFO] Scheduled reports check completed
[2025-06-28T18:02:16.236Z] [DEBUG] MongoDB connection closed
[2025-06-28T18:02:45.527Z] [INFO] Checking for scheduled reports...
[2025-06-28T18:02:46.280Z] [DEBUG] Connected to MongoDB
[2025-06-28T18:02:46.339Z] [INFO] Found 1 company databases
[2025-06-28T18:02:46.340Z] [DEBUG] Processing company database: company_9jxwph8g
[2025-06-28T18:02:46.388Z] [DEBUG] Finding reports to execute in company_9jxwph8g (current time: 2025-06-28T18:02:46.388Z)
[2025-06-28T18:02:46.435Z] [INFO] Found 0 reports to execute in company_9jxwph8g
[2025-06-28T18:02:46.435Z] [INFO] Scheduled reports check completed
[2025-06-28T18:02:46.436Z] [DEBUG] MongoDB connection closed
[2025-06-28T18:03:15.528Z] [INFO] Checking for scheduled reports...
[2025-06-28T18:03:16.072Z] [DEBUG] Connected to MongoDB
[2025-06-28T18:03:16.135Z] [INFO] Found 1 company databases
[2025-06-28T18:03:16.136Z] [DEBUG] Processing company database: company_9jxwph8g
[2025-06-28T18:03:16.183Z] [DEBUG] Finding reports to execute in company_9jxwph8g (current time: 2025-06-28T18:03:16.183Z)
[2025-06-28T18:03:16.230Z] [INFO] Found 0 reports to execute in company_9jxwph8g
[2025-06-28T18:03:16.230Z] [INFO] Scheduled reports check completed
[2025-06-28T18:03:16.230Z] [DEBUG] MongoDB connection closed
[2025-06-28T18:03:45.529Z] [INFO] Checking for scheduled reports...
[2025-06-28T18:03:46.153Z] [DEBUG] Connected to MongoDB
[2025-06-28T18:03:46.212Z] [INFO] Found 1 company databases
[2025-06-28T18:03:46.213Z] [DEBUG] Processing company database: company_9jxwph8g
[2025-06-28T18:03:46.262Z] [DEBUG] Finding reports to execute in company_9jxwph8g (current time: 2025-06-28T18:03:46.262Z)
[2025-06-28T18:03:46.308Z] [INFO] Found 0 reports to execute in company_9jxwph8g
[2025-06-28T18:03:46.309Z] [INFO] Scheduled reports check completed
[2025-06-28T18:03:46.310Z] [DEBUG] MongoDB connection closed
[2025-06-28T18:04:15.530Z] [INFO] Checking for scheduled reports...
[2025-06-28T18:04:16.083Z] [DEBUG] Connected to MongoDB
[2025-06-28T18:04:16.142Z] [INFO] Found 1 company databases
[2025-06-28T18:04:16.143Z] [DEBUG] Processing company database: company_9jxwph8g
[2025-06-28T18:04:16.191Z] [DEBUG] Finding reports to execute in company_9jxwph8g (current time: 2025-06-28T18:04:16.191Z)
[2025-06-28T18:04:16.238Z] [INFO] Found 0 reports to execute in company_9jxwph8g
[2025-06-28T18:04:16.238Z] [INFO] Scheduled reports check completed
[2025-06-28T18:04:16.240Z] [DEBUG] MongoDB connection closed
[2025-06-28T18:04:45.531Z] [INFO] Checking for scheduled reports...
[2025-06-28T18:04:46.159Z] [DEBUG] Connected to MongoDB
[2025-06-28T18:04:46.217Z] [INFO] Found 1 company databases
[2025-06-28T18:04:46.218Z] [DEBUG] Processing company database: company_9jxwph8g
[2025-06-28T18:04:46.266Z] [DEBUG] Finding reports to execute in company_9jxwph8g (current time: 2025-06-28T18:04:46.266Z)
[2025-06-28T18:04:46.313Z] [INFO] Found 0 reports to execute in company_9jxwph8g
[2025-06-28T18:04:46.313Z] [INFO] Scheduled reports check completed
[2025-06-28T18:04:46.316Z] [DEBUG] MongoDB connection closed
[2025-06-28T18:05:15.531Z] [INFO] Checking for scheduled reports...
[2025-06-28T18:05:16.093Z] [DEBUG] Connected to MongoDB
[2025-06-28T18:05:16.151Z] [INFO] Found 1 company databases
[2025-06-28T18:05:16.151Z] [DEBUG] Processing company database: company_9jxwph8g
[2025-06-28T18:05:16.199Z] [DEBUG] Finding reports to execute in company_9jxwph8g (current time: 2025-06-28T18:05:16.199Z)
[2025-06-28T18:05:16.246Z] [INFO] Found 0 reports to execute in company_9jxwph8g
[2025-06-28T18:05:16.247Z] [INFO] Scheduled reports check completed
[2025-06-28T18:05:16.249Z] [DEBUG] MongoDB connection closed
[2025-06-28T18:05:45.532Z] [INFO] Checking for scheduled reports...
[2025-06-28T18:05:46.168Z] [DEBUG] Connected to MongoDB
[2025-06-28T18:05:46.227Z] [INFO] Found 1 company databases
[2025-06-28T18:05:46.227Z] [DEBUG] Processing company database: company_9jxwph8g
[2025-06-28T18:05:46.276Z] [DEBUG] Finding reports to execute in company_9jxwph8g (current time: 2025-06-28T18:05:46.276Z)
[2025-06-28T18:05:46.323Z] [INFO] Found 0 reports to execute in company_9jxwph8g
[2025-06-28T18:05:46.323Z] [INFO] Scheduled reports check completed
[2025-06-28T18:05:46.326Z] [DEBUG] MongoDB connection closed
[2025-06-28T18:06:15.532Z] [INFO] Checking for scheduled reports...
[2025-06-28T18:06:16.080Z] [DEBUG] Connected to MongoDB
[2025-06-28T18:06:16.137Z] [INFO] Found 1 company databases
[2025-06-28T18:06:16.138Z] [DEBUG] Processing company database: company_9jxwph8g
[2025-06-28T18:06:16.185Z] [DEBUG] Finding reports to execute in company_9jxwph8g (current time: 2025-06-28T18:06:16.185Z)
[2025-06-28T18:06:16.232Z] [INFO] Found 0 reports to execute in company_9jxwph8g
[2025-06-28T18:06:16.232Z] [INFO] Scheduled reports check completed
[2025-06-28T18:06:16.234Z] [DEBUG] MongoDB connection closed
[2025-06-28T18:06:45.533Z] [INFO] Checking for scheduled reports...
[2025-06-28T18:06:46.372Z] [DEBUG] Connected to MongoDB
[2025-06-28T18:06:46.431Z] [INFO] Found 1 company databases
[2025-06-28T18:06:46.432Z] [DEBUG] Processing company database: company_9jxwph8g
[2025-06-28T18:06:46.481Z] [DEBUG] Finding reports to execute in company_9jxwph8g (current time: 2025-06-28T18:06:46.481Z)
[2025-06-28T18:06:46.532Z] [INFO] Found 0 reports to execute in company_9jxwph8g
[2025-06-28T18:06:46.533Z] [INFO] Scheduled reports check completed
[2025-06-28T18:06:46.535Z] [DEBUG] MongoDB connection closed
[2025-06-28T18:07:15.534Z] [INFO] Checking for scheduled reports...
[2025-06-28T18:07:16.089Z] [DEBUG] Connected to MongoDB
[2025-06-28T18:07:16.149Z] [INFO] Found 1 company databases
[2025-06-28T18:07:16.149Z] [DEBUG] Processing company database: company_9jxwph8g
[2025-06-28T18:07:16.198Z] [DEBUG] Finding reports to execute in company_9jxwph8g (current time: 2025-06-28T18:07:16.198Z)
[2025-06-28T18:07:16.246Z] [INFO] Found 0 reports to execute in company_9jxwph8g
[2025-06-28T18:07:16.247Z] [INFO] Scheduled reports check completed
[2025-06-28T18:07:16.249Z] [DEBUG] MongoDB connection closed
[2025-06-28T18:07:45.535Z] [INFO] Checking for scheduled reports...
[2025-06-28T18:07:46.204Z] [DEBUG] Connected to MongoDB
[2025-06-28T18:07:46.264Z] [INFO] Found 1 company databases
[2025-06-28T18:07:46.265Z] [DEBUG] Processing company database: company_9jxwph8g
[2025-06-28T18:07:46.313Z] [DEBUG] Finding reports to execute in company_9jxwph8g (current time: 2025-06-28T18:07:46.313Z)
[2025-06-28T18:07:46.360Z] [INFO] Found 0 reports to execute in company_9jxwph8g
[2025-06-28T18:07:46.360Z] [INFO] Scheduled reports check completed
[2025-06-28T18:07:46.362Z] [DEBUG] MongoDB connection closed
[2025-06-28T18:08:15.536Z] [INFO] Checking for scheduled reports...
[2025-06-28T18:08:16.201Z] [DEBUG] Connected to MongoDB
[2025-06-28T18:08:16.259Z] [INFO] Found 1 company databases
[2025-06-28T18:08:16.260Z] [DEBUG] Processing company database: company_9jxwph8g
[2025-06-28T18:08:16.308Z] [DEBUG] Finding reports to execute in company_9jxwph8g (current time: 2025-06-28T18:08:16.308Z)
[2025-06-28T18:08:16.355Z] [INFO] Found 0 reports to execute in company_9jxwph8g
[2025-06-28T18:08:16.355Z] [INFO] Scheduled reports check completed
[2025-06-28T18:08:16.357Z] [DEBUG] MongoDB connection closed
[2025-06-28T18:08:45.537Z] [INFO] Checking for scheduled reports...
[2025-06-28T18:08:46.184Z] [DEBUG] Connected to MongoDB
[2025-06-28T18:08:46.242Z] [INFO] Found 1 company databases
[2025-06-28T18:08:46.243Z] [DEBUG] Processing company database: company_9jxwph8g
[2025-06-28T18:08:46.291Z] [DEBUG] Finding reports to execute in company_9jxwph8g (current time: 2025-06-28T18:08:46.291Z)
[2025-06-28T18:08:46.338Z] [INFO] Found 0 reports to execute in company_9jxwph8g
[2025-06-28T18:08:46.338Z] [INFO] Scheduled reports check completed
[2025-06-28T18:08:46.341Z] [DEBUG] MongoDB connection closed
[2025-06-28T18:09:15.538Z] [INFO] Checking for scheduled reports...
[2025-06-28T18:09:16.104Z] [DEBUG] Connected to MongoDB
[2025-06-28T18:09:16.164Z] [INFO] Found 1 company databases
[2025-06-28T18:09:16.165Z] [DEBUG] Processing company database: company_9jxwph8g
[2025-06-28T18:09:16.214Z] [DEBUG] Finding reports to execute in company_9jxwph8g (current time: 2025-06-28T18:09:16.214Z)
[2025-06-28T18:09:16.266Z] [INFO] Found 0 reports to execute in company_9jxwph8g
[2025-06-28T18:09:16.266Z] [INFO] Scheduled reports check completed
[2025-06-28T18:09:16.268Z] [DEBUG] MongoDB connection closed
[2025-06-28T18:09:45.539Z] [INFO] Checking for scheduled reports...
[2025-06-28T18:09:46.267Z] [DEBUG] Connected to MongoDB
[2025-06-28T18:09:46.324Z] [INFO] Found 1 company databases
[2025-06-28T18:09:46.324Z] [DEBUG] Processing company database: company_9jxwph8g
[2025-06-28T18:09:46.371Z] [DEBUG] Finding reports to execute in company_9jxwph8g (current time: 2025-06-28T18:09:46.371Z)
[2025-06-28T18:09:46.418Z] [INFO] Found 0 reports to execute in company_9jxwph8g
[2025-06-28T18:09:46.418Z] [INFO] Scheduled reports check completed
[2025-06-28T18:09:46.419Z] [DEBUG] MongoDB connection closed
[2025-06-28T18:10:15.541Z] [INFO] Checking for scheduled reports...
[2025-06-28T18:10:16.115Z] [DEBUG] Connected to MongoDB
[2025-06-28T18:10:16.174Z] [INFO] Found 1 company databases
[2025-06-28T18:10:16.175Z] [DEBUG] Processing company database: company_9jxwph8g
[2025-06-28T18:10:16.224Z] [DEBUG] Finding reports to execute in company_9jxwph8g (current time: 2025-06-28T18:10:16.224Z)
[2025-06-28T18:10:16.271Z] [INFO] Found 0 reports to execute in company_9jxwph8g
[2025-06-28T18:10:16.272Z] [INFO] Scheduled reports check completed
[2025-06-28T18:10:16.274Z] [DEBUG] MongoDB connection closed
[2025-06-28T18:10:45.541Z] [INFO] Checking for scheduled reports...
[2025-06-28T18:10:46.170Z] [DEBUG] Connected to MongoDB
[2025-06-28T18:10:46.228Z] [INFO] Found 1 company databases
[2025-06-28T18:10:46.229Z] [DEBUG] Processing company database: company_9jxwph8g
[2025-06-28T18:10:46.276Z] [DEBUG] Finding reports to execute in company_9jxwph8g (current time: 2025-06-28T18:10:46.276Z)
[2025-06-28T18:10:46.323Z] [INFO] Found 0 reports to execute in company_9jxwph8g
[2025-06-28T18:10:46.324Z] [INFO] Scheduled reports check completed
[2025-06-28T18:10:46.326Z] [DEBUG] MongoDB connection closed
[2025-06-28T18:11:15.541Z] [INFO] Checking for scheduled reports...
[2025-06-28T18:11:16.221Z] [DEBUG] Connected to MongoDB
[2025-06-28T18:11:16.281Z] [INFO] Found 1 company databases
[2025-06-28T18:11:16.282Z] [DEBUG] Processing company database: company_9jxwph8g
[2025-06-28T18:11:16.339Z] [DEBUG] Finding reports to execute in company_9jxwph8g (current time: 2025-06-28T18:11:16.339Z)
[2025-06-28T18:11:16.386Z] [INFO] Found 0 reports to execute in company_9jxwph8g
[2025-06-28T18:11:16.387Z] [INFO] Scheduled reports check completed
[2025-06-28T18:11:16.389Z] [DEBUG] MongoDB connection closed
[2025-06-28T18:11:45.542Z] [INFO] Checking for scheduled reports...
[2025-06-28T18:11:46.191Z] [DEBUG] Connected to MongoDB
[2025-06-28T18:11:46.250Z] [INFO] Found 1 company databases
[2025-06-28T18:11:46.250Z] [DEBUG] Processing company database: company_9jxwph8g
[2025-06-28T18:11:46.299Z] [DEBUG] Finding reports to execute in company_9jxwph8g (current time: 2025-06-28T18:11:46.299Z)
[2025-06-28T18:11:46.346Z] [INFO] Found 0 reports to execute in company_9jxwph8g
[2025-06-28T18:11:46.347Z] [INFO] Scheduled reports check completed
[2025-06-28T18:11:46.349Z] [DEBUG] MongoDB connection closed
[2025-06-28T18:12:15.543Z] [INFO] Checking for scheduled reports...
[2025-06-28T18:12:16.097Z] [DEBUG] Connected to MongoDB
[2025-06-28T18:12:16.156Z] [INFO] Found 1 company databases
[2025-06-28T18:12:16.157Z] [DEBUG] Processing company database: company_9jxwph8g
[2025-06-28T18:12:16.206Z] [DEBUG] Finding reports to execute in company_9jxwph8g (current time: 2025-06-28T18:12:16.205Z)
[2025-06-28T18:12:16.253Z] [INFO] Found 0 reports to execute in company_9jxwph8g
[2025-06-28T18:12:16.254Z] [INFO] Scheduled reports check completed
[2025-06-28T18:12:16.256Z] [DEBUG] MongoDB connection closed
[2025-06-28T18:13:14.576Z] [INFO] Starting scheduled reports daemon with check interval of 30000ms
[2025-06-28T18:13:14.577Z] [INFO] Checking for scheduled reports...
[2025-06-28T18:13:15.369Z] [DEBUG] Connected to MongoDB
[2025-06-28T18:13:15.428Z] [INFO] Found 1 company databases
[2025-06-28T18:13:15.428Z] [DEBUG] Processing company database: company_9jxwph8g
[2025-06-28T18:13:15.477Z] [DEBUG] Finding reports to execute in company_9jxwph8g (current time: 2025-06-28T18:13:15.477Z)
[2025-06-28T18:13:15.523Z] [INFO] Found 0 reports to execute in company_9jxwph8g
[2025-06-28T18:13:15.524Z] [INFO] Scheduled reports check completed
[2025-06-28T18:13:15.526Z] [DEBUG] MongoDB connection closed
[2025-06-28T18:13:15.526Z] [INFO] Daemon is now running continuously...
[2025-06-28T18:13:45.527Z] [INFO] Checking for scheduled reports...
[2025-06-28T18:13:46.062Z] [DEBUG] Connected to MongoDB
[2025-06-28T18:13:46.120Z] [INFO] Found 1 company databases
[2025-06-28T18:13:46.121Z] [DEBUG] Processing company database: company_9jxwph8g
[2025-06-28T18:13:46.169Z] [DEBUG] Finding reports to execute in company_9jxwph8g (current time: 2025-06-28T18:13:46.169Z)
[2025-06-28T18:13:46.216Z] [INFO] Found 0 reports to execute in company_9jxwph8g
[2025-06-28T18:13:46.216Z] [INFO] Scheduled reports check completed
[2025-06-28T18:13:46.217Z] [DEBUG] MongoDB connection closed
[2025-06-28T18:14:15.527Z] [INFO] Checking for scheduled reports...
[2025-06-28T18:14:16.200Z] [DEBUG] Connected to MongoDB
[2025-06-28T18:14:16.264Z] [INFO] Found 1 company databases
[2025-06-28T18:14:16.264Z] [DEBUG] Processing company database: company_9jxwph8g
[2025-06-28T18:14:16.316Z] [DEBUG] Finding reports to execute in company_9jxwph8g (current time: 2025-06-28T18:14:16.316Z)
[2025-06-28T18:14:16.365Z] [INFO] Found 0 reports to execute in company_9jxwph8g
[2025-06-28T18:14:16.366Z] [INFO] Scheduled reports check completed
[2025-06-28T18:14:16.371Z] [DEBUG] MongoDB connection closed
[2025-06-28T18:14:45.529Z] [INFO] Checking for scheduled reports...
[2025-06-28T18:14:46.283Z] [DEBUG] Connected to MongoDB
[2025-06-28T18:14:46.344Z] [INFO] Found 1 company databases
[2025-06-28T18:14:46.345Z] [DEBUG] Processing company database: company_9jxwph8g
[2025-06-28T18:14:46.393Z] [DEBUG] Finding reports to execute in company_9jxwph8g (current time: 2025-06-28T18:14:46.393Z)
[2025-06-28T18:14:46.442Z] [INFO] Found 0 reports to execute in company_9jxwph8g
[2025-06-28T18:14:46.443Z] [INFO] Scheduled reports check completed
[2025-06-28T18:14:46.447Z] [DEBUG] MongoDB connection closed
[2025-06-28T18:15:15.530Z] [INFO] Checking for scheduled reports...
[2025-06-28T18:15:16.164Z] [DEBUG] Connected to MongoDB
[2025-06-28T18:15:16.225Z] [INFO] Found 1 company databases
[2025-06-28T18:15:16.225Z] [DEBUG] Processing company database: company_9jxwph8g
[2025-06-28T18:15:16.276Z] [DEBUG] Finding reports to execute in company_9jxwph8g (current time: 2025-06-28T18:15:16.276Z)
[2025-06-28T18:15:16.324Z] [INFO] Found 0 reports to execute in company_9jxwph8g
[2025-06-28T18:15:16.325Z] [INFO] Scheduled reports check completed
[2025-06-28T18:15:16.328Z] [DEBUG] MongoDB connection closed
[2025-06-28T18:15:45.530Z] [INFO] Checking for scheduled reports...
[2025-06-28T18:15:46.085Z] [DEBUG] Connected to MongoDB
[2025-06-28T18:15:46.144Z] [INFO] Found 1 company databases
[2025-06-28T18:15:46.145Z] [DEBUG] Processing company database: company_9jxwph8g
[2025-06-28T18:15:46.197Z] [DEBUG] Finding reports to execute in company_9jxwph8g (current time: 2025-06-28T18:15:46.197Z)
[2025-06-28T18:15:46.245Z] [INFO] Found 0 reports to execute in company_9jxwph8g
[2025-06-28T18:15:46.245Z] [INFO] Scheduled reports check completed
[2025-06-28T18:15:46.248Z] [DEBUG] MongoDB connection closed
[2025-06-28T18:16:15.531Z] [INFO] Checking for scheduled reports...
[2025-06-28T18:16:16.306Z] [DEBUG] Connected to MongoDB
[2025-06-28T18:16:16.378Z] [INFO] Found 1 company databases
[2025-06-28T18:16:16.379Z] [DEBUG] Processing company database: company_9jxwph8g
[2025-06-28T18:16:16.455Z] [DEBUG] Finding reports to execute in company_9jxwph8g (current time: 2025-06-28T18:16:16.455Z)
[2025-06-28T18:16:16.508Z] [INFO] Found 0 reports to execute in company_9jxwph8g
[2025-06-28T18:16:16.509Z] [INFO] Scheduled reports check completed
[2025-06-28T18:16:16.511Z] [DEBUG] MongoDB connection closed
[2025-06-28T18:16:45.532Z] [INFO] Checking for scheduled reports...
[2025-06-28T18:16:46.084Z] [DEBUG] Connected to MongoDB
[2025-06-28T18:16:46.143Z] [INFO] Found 1 company databases
[2025-06-28T18:16:46.143Z] [DEBUG] Processing company database: company_9jxwph8g
[2025-06-28T18:16:46.194Z] [DEBUG] Finding reports to execute in company_9jxwph8g (current time: 2025-06-28T18:16:46.194Z)
[2025-06-28T18:16:46.244Z] [INFO] Found 0 reports to execute in company_9jxwph8g
[2025-06-28T18:16:46.245Z] [INFO] Scheduled reports check completed
[2025-06-28T18:16:46.250Z] [DEBUG] MongoDB connection closed
[2025-06-28T18:17:15.533Z] [INFO] Checking for scheduled reports...
[2025-06-28T18:17:16.187Z] [DEBUG] Connected to MongoDB
[2025-06-28T18:17:16.249Z] [INFO] Found 1 company databases
[2025-06-28T18:17:16.250Z] [DEBUG] Processing company database: company_9jxwph8g
[2025-06-28T18:17:16.302Z] [DEBUG] Finding reports to execute in company_9jxwph8g (current time: 2025-06-28T18:17:16.302Z)
[2025-06-28T18:17:16.351Z] [INFO] Found 0 reports to execute in company_9jxwph8g
[2025-06-28T18:17:16.352Z] [INFO] Scheduled reports check completed
[2025-06-28T18:17:16.355Z] [DEBUG] MongoDB connection closed
[2025-06-28T18:17:45.533Z] [INFO] Checking for scheduled reports...
[2025-06-28T18:17:46.210Z] [DEBUG] Connected to MongoDB
[2025-06-28T18:17:46.270Z] [INFO] Found 1 company databases
[2025-06-28T18:17:46.271Z] [DEBUG] Processing company database: company_9jxwph8g
[2025-06-28T18:17:46.321Z] [DEBUG] Finding reports to execute in company_9jxwph8g (current time: 2025-06-28T18:17:46.321Z)
[2025-06-28T18:17:46.370Z] [INFO] Found 0 reports to execute in company_9jxwph8g
[2025-06-28T18:17:46.371Z] [INFO] Scheduled reports check completed
[2025-06-28T18:17:46.374Z] [DEBUG] MongoDB connection closed
[2025-06-28T18:18:15.534Z] [INFO] Checking for scheduled reports...
[2025-06-28T18:18:16.172Z] [DEBUG] Connected to MongoDB
[2025-06-28T18:18:16.232Z] [INFO] Found 1 company databases
[2025-06-28T18:18:16.233Z] [DEBUG] Processing company database: company_9jxwph8g
[2025-06-28T18:18:16.283Z] [DEBUG] Finding reports to execute in company_9jxwph8g (current time: 2025-06-28T18:18:16.283Z)
[2025-06-28T18:18:16.331Z] [INFO] Found 0 reports to execute in company_9jxwph8g
[2025-06-28T18:18:16.332Z] [INFO] Scheduled reports check completed
[2025-06-28T18:18:16.335Z] [DEBUG] MongoDB connection closed
[2025-06-28T18:18:45.536Z] [INFO] Checking for scheduled reports...
[2025-06-28T18:18:46.158Z] [DEBUG] Connected to MongoDB
[2025-06-28T18:18:46.218Z] [INFO] Found 1 company databases
[2025-06-28T18:18:46.219Z] [DEBUG] Processing company database: company_9jxwph8g
[2025-06-28T18:18:46.271Z] [DEBUG] Finding reports to execute in company_9jxwph8g (current time: 2025-06-28T18:18:46.270Z)
[2025-06-28T18:18:46.334Z] [INFO] Found 0 reports to execute in company_9jxwph8g
[2025-06-28T18:18:46.335Z] [INFO] Scheduled reports check completed
[2025-06-28T18:18:46.336Z] [DEBUG] MongoDB connection closed
[2025-06-28T18:19:15.537Z] [INFO] Checking for scheduled reports...
[2025-06-28T18:19:16.378Z] [DEBUG] Connected to MongoDB
[2025-06-28T18:19:16.439Z] [INFO] Found 1 company databases
[2025-06-28T18:19:16.439Z] [DEBUG] Processing company database: company_9jxwph8g
[2025-06-28T18:19:16.489Z] [DEBUG] Finding reports to execute in company_9jxwph8g (current time: 2025-06-28T18:19:16.489Z)
[2025-06-28T18:19:16.537Z] [INFO] Found 0 reports to execute in company_9jxwph8g
[2025-06-28T18:19:16.538Z] [INFO] Scheduled reports check completed
[2025-06-28T18:19:16.541Z] [DEBUG] MongoDB connection closed
[2025-06-28T18:19:45.537Z] [INFO] Checking for scheduled reports...
[2025-06-28T18:19:46.100Z] [DEBUG] Connected to MongoDB
[2025-06-28T18:19:46.159Z] [INFO] Found 1 company databases
[2025-06-28T18:19:46.160Z] [DEBUG] Processing company database: company_9jxwph8g
[2025-06-28T18:19:46.210Z] [DEBUG] Finding reports to execute in company_9jxwph8g (current time: 2025-06-28T18:19:46.210Z)
[2025-06-28T18:19:46.258Z] [INFO] Found 0 reports to execute in company_9jxwph8g
[2025-06-28T18:19:46.259Z] [INFO] Scheduled reports check completed
[2025-06-28T18:19:46.262Z] [DEBUG] MongoDB connection closed
[2025-06-28T18:20:15.538Z] [INFO] Checking for scheduled reports...
[2025-06-28T18:20:16.183Z] [DEBUG] Connected to MongoDB
[2025-06-28T18:20:16.242Z] [INFO] Found 1 company databases
[2025-06-28T18:20:16.243Z] [DEBUG] Processing company database: company_9jxwph8g
[2025-06-28T18:20:16.290Z] [DEBUG] Finding reports to execute in company_9jxwph8g (current time: 2025-06-28T18:20:16.290Z)
[2025-06-28T18:20:16.352Z] [INFO] Found 0 reports to execute in company_9jxwph8g
[2025-06-28T18:20:16.353Z] [INFO] Scheduled reports check completed
[2025-06-28T18:20:16.356Z] [DEBUG] MongoDB connection closed
[2025-06-28T18:20:45.539Z] [INFO] Checking for scheduled reports...
[2025-06-28T18:20:46.207Z] [DEBUG] Connected to MongoDB
[2025-06-28T18:20:46.266Z] [INFO] Found 1 company databases
[2025-06-28T18:20:46.267Z] [DEBUG] Processing company database: company_9jxwph8g
[2025-06-28T18:20:46.315Z] [DEBUG] Finding reports to execute in company_9jxwph8g (current time: 2025-06-28T18:20:46.315Z)
[2025-06-28T18:20:46.363Z] [INFO] Found 0 reports to execute in company_9jxwph8g
[2025-06-28T18:20:46.363Z] [INFO] Scheduled reports check completed
[2025-06-28T18:20:46.365Z] [DEBUG] MongoDB connection closed
[2025-06-28T18:21:15.540Z] [INFO] Checking for scheduled reports...
[2025-06-28T18:21:16.169Z] [DEBUG] Connected to MongoDB
[2025-06-28T18:21:16.228Z] [INFO] Found 1 company databases
[2025-06-28T18:21:16.229Z] [DEBUG] Processing company database: company_9jxwph8g
[2025-06-28T18:21:16.277Z] [DEBUG] Finding reports to execute in company_9jxwph8g (current time: 2025-06-28T18:21:16.277Z)
[2025-06-28T18:21:16.324Z] [INFO] Found 0 reports to execute in company_9jxwph8g
[2025-06-28T18:21:16.325Z] [INFO] Scheduled reports check completed
[2025-06-28T18:21:16.327Z] [DEBUG] MongoDB connection closed
[2025-06-28T18:21:45.541Z] [INFO] Checking for scheduled reports...
[2025-06-28T18:21:46.104Z] [DEBUG] Connected to MongoDB
[2025-06-28T18:21:46.164Z] [INFO] Found 1 company databases
[2025-06-28T18:21:46.165Z] [DEBUG] Processing company database: company_9jxwph8g
[2025-06-28T18:21:46.214Z] [DEBUG] Finding reports to execute in company_9jxwph8g (current time: 2025-06-28T18:21:46.214Z)
[2025-06-28T18:21:46.263Z] [INFO] Found 0 reports to execute in company_9jxwph8g
[2025-06-28T18:21:46.264Z] [INFO] Scheduled reports check completed
[2025-06-28T18:21:46.266Z] [DEBUG] MongoDB connection closed
[2025-06-28T18:22:15.542Z] [INFO] Checking for scheduled reports...
[2025-06-28T18:22:16.282Z] [DEBUG] Connected to MongoDB
[2025-06-28T18:22:16.341Z] [INFO] Found 1 company databases
[2025-06-28T18:22:16.342Z] [DEBUG] Processing company database: company_9jxwph8g
[2025-06-28T18:22:16.390Z] [DEBUG] Finding reports to execute in company_9jxwph8g (current time: 2025-06-28T18:22:16.390Z)
[2025-06-28T18:22:16.438Z] [INFO] Found 0 reports to execute in company_9jxwph8g
[2025-06-28T18:22:16.439Z] [INFO] Scheduled reports check completed
[2025-06-28T18:22:16.441Z] [DEBUG] MongoDB connection closed
[2025-06-28T18:22:45.542Z] [INFO] Checking for scheduled reports...
[2025-06-28T18:22:46.102Z] [DEBUG] Connected to MongoDB
[2025-06-28T18:22:46.161Z] [INFO] Found 1 company databases
[2025-06-28T18:22:46.161Z] [DEBUG] Processing company database: company_9jxwph8g
[2025-06-28T18:22:46.210Z] [DEBUG] Finding reports to execute in company_9jxwph8g (current time: 2025-06-28T18:22:46.210Z)
[2025-06-28T18:22:46.257Z] [INFO] Found 0 reports to execute in company_9jxwph8g
[2025-06-28T18:22:46.258Z] [INFO] Scheduled reports check completed
[2025-06-28T18:22:46.260Z] [DEBUG] MongoDB connection closed
[2025-06-28T18:23:15.543Z] [INFO] Checking for scheduled reports...
[2025-06-28T18:23:16.205Z] [DEBUG] Connected to MongoDB
[2025-06-28T18:23:16.267Z] [INFO] Found 1 company databases
[2025-06-28T18:23:16.267Z] [DEBUG] Processing company database: company_9jxwph8g
[2025-06-28T18:23:16.316Z] [DEBUG] Finding reports to execute in company_9jxwph8g (current time: 2025-06-28T18:23:16.316Z)
[2025-06-28T18:23:16.363Z] [INFO] Found 0 reports to execute in company_9jxwph8g
[2025-06-28T18:23:16.364Z] [INFO] Scheduled reports check completed
[2025-06-28T18:23:16.366Z] [DEBUG] MongoDB connection closed
[2025-06-28T18:23:45.543Z] [INFO] Checking for scheduled reports...
[2025-06-28T18:23:46.236Z] [DEBUG] Connected to MongoDB
[2025-06-28T18:23:46.298Z] [INFO] Found 1 company databases
[2025-06-28T18:23:46.298Z] [DEBUG] Processing company database: company_9jxwph8g
[2025-06-28T18:23:46.344Z] [DEBUG] Finding reports to execute in company_9jxwph8g (current time: 2025-06-28T18:23:46.344Z)
[2025-06-28T18:23:46.391Z] [INFO] Found 0 reports to execute in company_9jxwph8g
[2025-06-28T18:23:46.391Z] [INFO] Scheduled reports check completed
[2025-06-28T18:23:46.392Z] [DEBUG] MongoDB connection closed
[2025-06-28T18:24:15.544Z] [INFO] Checking for scheduled reports...
[2025-06-28T18:24:16.174Z] [DEBUG] Connected to MongoDB
[2025-06-28T18:24:16.232Z] [INFO] Found 1 company databases
[2025-06-28T18:24:16.233Z] [DEBUG] Processing company database: company_9jxwph8g
[2025-06-28T18:24:16.282Z] [DEBUG] Finding reports to execute in company_9jxwph8g (current time: 2025-06-28T18:24:16.282Z)
[2025-06-28T18:24:16.330Z] [INFO] Found 0 reports to execute in company_9jxwph8g
[2025-06-28T18:24:16.330Z] [INFO] Scheduled reports check completed
[2025-06-28T18:24:16.333Z] [DEBUG] MongoDB connection closed
[2025-06-28T18:24:45.544Z] [INFO] Checking for scheduled reports...
[2025-06-28T18:24:46.132Z] [DEBUG] Connected to MongoDB
[2025-06-28T18:24:46.191Z] [INFO] Found 1 company databases
[2025-06-28T18:24:46.191Z] [DEBUG] Processing company database: company_9jxwph8g
[2025-06-28T18:24:46.241Z] [DEBUG] Finding reports to execute in company_9jxwph8g (current time: 2025-06-28T18:24:46.241Z)
[2025-06-28T18:24:46.291Z] [INFO] Found 0 reports to execute in company_9jxwph8g
[2025-06-28T18:24:46.291Z] [INFO] Scheduled reports check completed
[2025-06-28T18:24:46.293Z] [DEBUG] MongoDB connection closed
[2025-06-28T18:25:15.545Z] [INFO] Checking for scheduled reports...
[2025-06-28T18:25:16.181Z] [DEBUG] Connected to MongoDB
[2025-06-28T18:25:16.239Z] [INFO] Found 1 company databases
[2025-06-28T18:25:16.239Z] [DEBUG] Processing company database: company_9jxwph8g
[2025-06-28T18:25:16.287Z] [DEBUG] Finding reports to execute in company_9jxwph8g (current time: 2025-06-28T18:25:16.287Z)
[2025-06-28T18:25:16.334Z] [INFO] Found 0 reports to execute in company_9jxwph8g
[2025-06-28T18:25:16.334Z] [INFO] Scheduled reports check completed
[2025-06-28T18:25:16.336Z] [DEBUG] MongoDB connection closed
[2025-06-28T18:25:45.546Z] [INFO] Checking for scheduled reports...
[2025-06-28T18:25:46.101Z] [DEBUG] Connected to MongoDB
[2025-06-28T18:25:46.160Z] [INFO] Found 1 company databases
[2025-06-28T18:25:46.161Z] [DEBUG] Processing company database: company_9jxwph8g
[2025-06-28T18:25:46.210Z] [DEBUG] Finding reports to execute in company_9jxwph8g (current time: 2025-06-28T18:25:46.210Z)
[2025-06-28T18:25:46.260Z] [INFO] Found 0 reports to execute in company_9jxwph8g
[2025-06-28T18:25:46.261Z] [INFO] Scheduled reports check completed
[2025-06-28T18:25:46.263Z] [DEBUG] MongoDB connection closed
[2025-06-28T18:26:15.546Z] [INFO] Checking for scheduled reports...
[2025-06-28T18:26:16.179Z] [DEBUG] Connected to MongoDB
[2025-06-28T18:26:16.238Z] [INFO] Found 1 company databases
[2025-06-28T18:26:16.239Z] [DEBUG] Processing company database: company_9jxwph8g
[2025-06-28T18:26:16.289Z] [DEBUG] Finding reports to execute in company_9jxwph8g (current time: 2025-06-28T18:26:16.289Z)
[2025-06-28T18:26:16.338Z] [INFO] Found 0 reports to execute in company_9jxwph8g
[2025-06-28T18:26:16.338Z] [INFO] Scheduled reports check completed
[2025-06-28T18:26:16.341Z] [DEBUG] MongoDB connection closed
[2025-06-28T18:26:45.547Z] [INFO] Checking for scheduled reports...
[2025-06-28T18:26:46.241Z] [DEBUG] Connected to MongoDB
[2025-06-28T18:26:46.301Z] [INFO] Found 1 company databases
[2025-06-28T18:26:46.301Z] [DEBUG] Processing company database: company_9jxwph8g
[2025-06-28T18:26:46.350Z] [DEBUG] Finding reports to execute in company_9jxwph8g (current time: 2025-06-28T18:26:46.350Z)
[2025-06-28T18:26:46.398Z] [INFO] Found 0 reports to execute in company_9jxwph8g
[2025-06-28T18:26:46.399Z] [INFO] Scheduled reports check completed
[2025-06-28T18:26:46.401Z] [DEBUG] MongoDB connection closed
[2025-06-28T18:27:15.549Z] [INFO] Checking for scheduled reports...
[2025-06-28T18:27:16.182Z] [DEBUG] Connected to MongoDB
[2025-06-28T18:27:16.243Z] [INFO] Found 1 company databases
[2025-06-28T18:27:16.243Z] [DEBUG] Processing company database: company_9jxwph8g
[2025-06-28T18:27:16.295Z] [DEBUG] Finding reports to execute in company_9jxwph8g (current time: 2025-06-28T18:27:16.295Z)
[2025-06-28T18:27:16.342Z] [INFO] Found 0 reports to execute in company_9jxwph8g
[2025-06-28T18:27:16.343Z] [INFO] Scheduled reports check completed
[2025-06-28T18:27:16.346Z] [DEBUG] MongoDB connection closed
[2025-06-28T18:27:45.550Z] [INFO] Checking for scheduled reports...
[2025-06-28T18:27:46.109Z] [DEBUG] Connected to MongoDB
[2025-06-28T18:27:46.178Z] [INFO] Found 1 company databases
[2025-06-28T18:27:46.179Z] [DEBUG] Processing company database: company_9jxwph8g
[2025-06-28T18:27:46.239Z] [DEBUG] Finding reports to execute in company_9jxwph8g (current time: 2025-06-28T18:27:46.239Z)
[2025-06-28T18:27:46.287Z] [INFO] Found 0 reports to execute in company_9jxwph8g
[2025-06-28T18:27:46.287Z] [INFO] Scheduled reports check completed
[2025-06-28T18:27:46.290Z] [DEBUG] MongoDB connection closed
[2025-06-28T18:28:15.550Z] [INFO] Checking for scheduled reports...
[2025-06-28T18:28:16.375Z] [DEBUG] Connected to MongoDB
[2025-06-28T18:28:16.432Z] [INFO] Found 1 company databases
[2025-06-28T18:28:16.432Z] [DEBUG] Processing company database: company_9jxwph8g
[2025-06-28T18:28:16.480Z] [DEBUG] Finding reports to execute in company_9jxwph8g (current time: 2025-06-28T18:28:16.480Z)
[2025-06-28T18:28:16.526Z] [INFO] Found 0 reports to execute in company_9jxwph8g
[2025-06-28T18:28:16.527Z] [INFO] Scheduled reports check completed
[2025-06-28T18:28:16.528Z] [DEBUG] MongoDB connection closed
[2025-06-28T18:28:45.550Z] [INFO] Checking for scheduled reports...
[2025-06-28T18:28:46.122Z] [DEBUG] Connected to MongoDB
[2025-06-28T18:28:46.189Z] [INFO] Found 1 company databases
[2025-06-28T18:28:46.190Z] [DEBUG] Processing company database: company_9jxwph8g
[2025-06-28T18:28:46.239Z] [DEBUG] Finding reports to execute in company_9jxwph8g (current time: 2025-06-28T18:28:46.239Z)
[2025-06-28T18:28:46.287Z] [INFO] Found 0 reports to execute in company_9jxwph8g
[2025-06-28T18:28:46.288Z] [INFO] Scheduled reports check completed
[2025-06-28T18:28:46.290Z] [DEBUG] MongoDB connection closed
[2025-06-28T18:29:15.551Z] [INFO] Checking for scheduled reports...
[2025-06-28T18:29:16.167Z] [DEBUG] Connected to MongoDB
[2025-06-28T18:29:16.225Z] [INFO] Found 1 company databases
[2025-06-28T18:29:16.226Z] [DEBUG] Processing company database: company_9jxwph8g
[2025-06-28T18:29:16.274Z] [DEBUG] Finding reports to execute in company_9jxwph8g (current time: 2025-06-28T18:29:16.274Z)
[2025-06-28T18:29:16.321Z] [INFO] Found 0 reports to execute in company_9jxwph8g
[2025-06-28T18:29:16.322Z] [INFO] Scheduled reports check completed
[2025-06-28T18:29:16.323Z] [DEBUG] MongoDB connection closed
[2025-06-28T18:29:45.552Z] [INFO] Checking for scheduled reports...
[2025-06-28T18:29:46.097Z] [DEBUG] Connected to MongoDB
[2025-06-28T18:29:46.155Z] [INFO] Found 1 company databases
[2025-06-28T18:29:46.156Z] [DEBUG] Processing company database: company_9jxwph8g
[2025-06-28T18:29:46.204Z] [DEBUG] Finding reports to execute in company_9jxwph8g (current time: 2025-06-28T18:29:46.204Z)
[2025-06-28T18:29:46.251Z] [INFO] Found 0 reports to execute in company_9jxwph8g
[2025-06-28T18:29:46.252Z] [INFO] Scheduled reports check completed
[2025-06-28T18:29:46.254Z] [DEBUG] MongoDB connection closed
[2025-06-28T18:30:15.552Z] [INFO] Checking for scheduled reports...
[2025-06-28T18:30:16.193Z] [DEBUG] Connected to MongoDB
[2025-06-28T18:30:16.252Z] [INFO] Found 1 company databases
[2025-06-28T18:30:16.254Z] [DEBUG] Processing company database: company_9jxwph8g
[2025-06-28T18:30:16.300Z] [DEBUG] Finding reports to execute in company_9jxwph8g (current time: 2025-06-28T18:30:16.300Z)
[2025-06-28T18:30:16.347Z] [INFO] Found 0 reports to execute in company_9jxwph8g
[2025-06-28T18:30:16.348Z] [INFO] Scheduled reports check completed
[2025-06-28T18:30:16.350Z] [DEBUG] MongoDB connection closed
[2025-06-28T18:30:45.552Z] [INFO] Checking for scheduled reports...
[2025-06-28T18:30:46.118Z] [DEBUG] Connected to MongoDB
[2025-06-28T18:30:46.175Z] [INFO] Found 1 company databases
[2025-06-28T18:30:46.176Z] [DEBUG] Processing company database: company_9jxwph8g
[2025-06-28T18:30:46.227Z] [DEBUG] Finding reports to execute in company_9jxwph8g (current time: 2025-06-28T18:30:46.227Z)
[2025-06-28T18:30:46.274Z] [INFO] Found 0 reports to execute in company_9jxwph8g
[2025-06-28T18:30:46.274Z] [INFO] Scheduled reports check completed
[2025-06-28T18:30:46.276Z] [DEBUG] MongoDB connection closed
[2025-06-28T18:31:15.552Z] [INFO] Checking for scheduled reports...
[2025-06-28T18:31:16.284Z] [DEBUG] Connected to MongoDB
[2025-06-28T18:31:16.342Z] [INFO] Found 1 company databases
[2025-06-28T18:31:16.342Z] [DEBUG] Processing company database: company_9jxwph8g
[2025-06-28T18:31:16.390Z] [DEBUG] Finding reports to execute in company_9jxwph8g (current time: 2025-06-28T18:31:16.390Z)
[2025-06-28T18:31:16.436Z] [INFO] Found 0 reports to execute in company_9jxwph8g
[2025-06-28T18:31:16.436Z] [INFO] Scheduled reports check completed
[2025-06-28T18:31:16.439Z] [DEBUG] MongoDB connection closed
[2025-06-28T18:31:45.552Z] [INFO] Checking for scheduled reports...
[2025-06-28T18:31:46.100Z] [DEBUG] Connected to MongoDB
[2025-06-28T18:31:46.157Z] [INFO] Found 1 company databases
[2025-06-28T18:31:46.158Z] [DEBUG] Processing company database: company_9jxwph8g
[2025-06-28T18:31:46.205Z] [DEBUG] Finding reports to execute in company_9jxwph8g (current time: 2025-06-28T18:31:46.205Z)
[2025-06-28T18:31:46.252Z] [INFO] Found 0 reports to execute in company_9jxwph8g
[2025-06-28T18:31:46.252Z] [INFO] Scheduled reports check completed
[2025-06-28T18:31:46.254Z] [DEBUG] MongoDB connection closed
[2025-06-28T18:32:15.553Z] [INFO] Checking for scheduled reports...
[2025-06-28T18:32:16.175Z] [DEBUG] Connected to MongoDB
[2025-06-28T18:32:16.231Z] [INFO] Found 1 company databases
[2025-06-28T18:32:16.232Z] [DEBUG] Processing company database: company_9jxwph8g
[2025-06-28T18:32:16.277Z] [DEBUG] Finding reports to execute in company_9jxwph8g (current time: 2025-06-28T18:32:16.277Z)
[2025-06-28T18:32:16.322Z] [INFO] Found 0 reports to execute in company_9jxwph8g
[2025-06-28T18:32:16.322Z] [INFO] Scheduled reports check completed
[2025-06-28T18:32:16.323Z] [DEBUG] MongoDB connection closed
[2025-06-28T18:32:45.553Z] [INFO] Checking for scheduled reports...
[2025-06-28T18:32:46.107Z] [DEBUG] Connected to MongoDB
[2025-06-28T18:32:46.164Z] [INFO] Found 1 company databases
[2025-06-28T18:32:46.165Z] [DEBUG] Processing company database: company_9jxwph8g
[2025-06-28T18:32:46.213Z] [DEBUG] Finding reports to execute in company_9jxwph8g (current time: 2025-06-28T18:32:46.213Z)
[2025-06-28T18:32:46.261Z] [INFO] Found 0 reports to execute in company_9jxwph8g
[2025-06-28T18:32:46.261Z] [INFO] Scheduled reports check completed
[2025-06-28T18:32:46.262Z] [DEBUG] MongoDB connection closed
[2025-06-28T18:33:15.554Z] [INFO] Checking for scheduled reports...
[2025-06-28T18:33:16.172Z] [DEBUG] Connected to MongoDB
[2025-06-28T18:33:16.230Z] [INFO] Found 1 company databases
[2025-06-28T18:33:16.230Z] [DEBUG] Processing company database: company_9jxwph8g
[2025-06-28T18:33:16.276Z] [DEBUG] Finding reports to execute in company_9jxwph8g (current time: 2025-06-28T18:33:16.275Z)
[2025-06-28T18:33:16.324Z] [INFO] Found 0 reports to execute in company_9jxwph8g
[2025-06-28T18:33:16.324Z] [INFO] Scheduled reports check completed
[2025-06-28T18:33:16.327Z] [DEBUG] MongoDB connection closed
[2025-06-28T18:33:45.555Z] [INFO] Checking for scheduled reports...
[2025-06-28T18:33:46.104Z] [DEBUG] Connected to MongoDB
[2025-06-28T18:33:46.161Z] [INFO] Found 1 company databases
[2025-06-28T18:33:46.161Z] [DEBUG] Processing company database: company_9jxwph8g
[2025-06-28T18:33:46.209Z] [DEBUG] Finding reports to execute in company_9jxwph8g (current time: 2025-06-28T18:33:46.209Z)
[2025-06-28T18:33:46.257Z] [INFO] Found 0 reports to execute in company_9jxwph8g
[2025-06-28T18:33:46.257Z] [INFO] Scheduled reports check completed
[2025-06-28T18:33:46.259Z] [DEBUG] MongoDB connection closed
[2025-06-28T18:34:15.556Z] [INFO] Checking for scheduled reports...
[2025-06-28T18:34:16.193Z] [DEBUG] Connected to MongoDB
[2025-06-28T18:34:16.260Z] [INFO] Found 1 company databases
[2025-06-28T18:34:16.261Z] [DEBUG] Processing company database: company_9jxwph8g
[2025-06-28T18:34:16.310Z] [DEBUG] Finding reports to execute in company_9jxwph8g (current time: 2025-06-28T18:34:16.310Z)
[2025-06-28T18:34:16.357Z] [INFO] Found 0 reports to execute in company_9jxwph8g
[2025-06-28T18:34:16.357Z] [INFO] Scheduled reports check completed
[2025-06-28T18:34:16.360Z] [DEBUG] MongoDB connection closed
[2025-06-28T18:34:45.556Z] [INFO] Checking for scheduled reports...
[2025-06-28T18:34:46.103Z] [DEBUG] Connected to MongoDB
[2025-06-28T18:34:46.161Z] [INFO] Found 1 company databases
[2025-06-28T18:34:46.162Z] [DEBUG] Processing company database: company_9jxwph8g
[2025-06-28T18:34:46.209Z] [DEBUG] Finding reports to execute in company_9jxwph8g (current time: 2025-06-28T18:34:46.209Z)
[2025-06-28T18:34:46.255Z] [INFO] Found 0 reports to execute in company_9jxwph8g
[2025-06-28T18:34:46.256Z] [INFO] Scheduled reports check completed
[2025-06-28T18:34:46.258Z] [DEBUG] MongoDB connection closed
[2025-06-28T18:35:15.556Z] [INFO] Checking for scheduled reports...
[2025-06-28T18:35:16.254Z] [DEBUG] Connected to MongoDB
[2025-06-28T18:35:16.313Z] [INFO] Found 1 company databases
[2025-06-28T18:35:16.313Z] [DEBUG] Processing company database: company_9jxwph8g
[2025-06-28T18:35:16.367Z] [DEBUG] Finding reports to execute in company_9jxwph8g (current time: 2025-06-28T18:35:16.367Z)
[2025-06-28T18:35:16.415Z] [INFO] Found 0 reports to execute in company_9jxwph8g
[2025-06-28T18:35:16.416Z] [INFO] Scheduled reports check completed
[2025-06-28T18:35:16.418Z] [DEBUG] MongoDB connection closed
[2025-06-28T18:35:45.557Z] [INFO] Checking for scheduled reports...
[2025-06-28T18:35:46.230Z] [DEBUG] Connected to MongoDB
[2025-06-28T18:35:46.288Z] [INFO] Found 1 company databases
[2025-06-28T18:35:46.289Z] [DEBUG] Processing company database: company_9jxwph8g
[2025-06-28T18:35:46.337Z] [DEBUG] Finding reports to execute in company_9jxwph8g (current time: 2025-06-28T18:35:46.337Z)
[2025-06-28T18:35:46.385Z] [INFO] Found 0 reports to execute in company_9jxwph8g
[2025-06-28T18:35:46.386Z] [INFO] Scheduled reports check completed
[2025-06-28T18:35:46.388Z] [DEBUG] MongoDB connection closed
[2025-06-28T18:36:15.558Z] [INFO] Checking for scheduled reports...
[2025-06-28T18:36:16.196Z] [DEBUG] Connected to MongoDB
[2025-06-28T18:36:16.255Z] [INFO] Found 1 company databases
[2025-06-28T18:36:16.256Z] [DEBUG] Processing company database: company_9jxwph8g
[2025-06-28T18:36:16.303Z] [DEBUG] Finding reports to execute in company_9jxwph8g (current time: 2025-06-28T18:36:16.303Z)
[2025-06-28T18:36:16.350Z] [INFO] Found 0 reports to execute in company_9jxwph8g
[2025-06-28T18:36:16.351Z] [INFO] Scheduled reports check completed
[2025-06-28T18:36:16.353Z] [DEBUG] MongoDB connection closed
[2025-06-28T18:36:45.557Z] [INFO] Checking for scheduled reports...
[2025-06-28T18:36:46.117Z] [DEBUG] Connected to MongoDB
[2025-06-28T18:36:46.177Z] [INFO] Found 1 company databases
[2025-06-28T18:36:46.177Z] [DEBUG] Processing company database: company_9jxwph8g
[2025-06-28T18:36:46.226Z] [DEBUG] Finding reports to execute in company_9jxwph8g (current time: 2025-06-28T18:36:46.226Z)
[2025-06-28T18:36:46.274Z] [INFO] Found 0 reports to execute in company_9jxwph8g
[2025-06-28T18:36:46.275Z] [INFO] Scheduled reports check completed
[2025-06-28T18:36:46.278Z] [DEBUG] MongoDB connection closed
[2025-06-28T18:37:15.559Z] [INFO] Checking for scheduled reports...
[2025-06-28T18:37:16.396Z] [DEBUG] Connected to MongoDB
[2025-06-28T18:37:16.456Z] [INFO] Found 1 company databases
[2025-06-28T18:37:16.456Z] [DEBUG] Processing company database: company_9jxwph8g
[2025-06-28T18:37:16.508Z] [DEBUG] Finding reports to execute in company_9jxwph8g (current time: 2025-06-28T18:37:16.508Z)
[2025-06-28T18:37:16.556Z] [INFO] Found 0 reports to execute in company_9jxwph8g
[2025-06-28T18:37:16.556Z] [INFO] Scheduled reports check completed
[2025-06-28T18:37:16.559Z] [DEBUG] MongoDB connection closed
[2025-06-28T18:37:45.560Z] [INFO] Checking for scheduled reports...
[2025-06-28T18:37:46.113Z] [DEBUG] Connected to MongoDB
[2025-06-28T18:37:46.172Z] [INFO] Found 1 company databases
[2025-06-28T18:37:46.173Z] [DEBUG] Processing company database: company_9jxwph8g
[2025-06-28T18:37:46.220Z] [DEBUG] Finding reports to execute in company_9jxwph8g (current time: 2025-06-28T18:37:46.220Z)
[2025-06-28T18:37:46.268Z] [INFO] Found 0 reports to execute in company_9jxwph8g
[2025-06-28T18:37:46.269Z] [INFO] Scheduled reports check completed
[2025-06-28T18:37:46.271Z] [DEBUG] MongoDB connection closed
[2025-06-28T18:38:15.560Z] [INFO] Checking for scheduled reports...
[2025-06-28T18:38:16.433Z] [DEBUG] Connected to MongoDB
[2025-06-28T18:38:16.492Z] [INFO] Found 1 company databases
[2025-06-28T18:38:16.493Z] [DEBUG] Processing company database: company_9jxwph8g
[2025-06-28T18:38:16.540Z] [DEBUG] Finding reports to execute in company_9jxwph8g (current time: 2025-06-28T18:38:16.540Z)
[2025-06-28T18:38:16.587Z] [INFO] Found 0 reports to execute in company_9jxwph8g
[2025-06-28T18:38:16.587Z] [INFO] Scheduled reports check completed
[2025-06-28T18:38:16.589Z] [DEBUG] MongoDB connection closed
[2025-06-28T18:38:45.561Z] [INFO] Checking for scheduled reports...
[2025-06-28T18:38:46.309Z] [DEBUG] Connected to MongoDB
[2025-06-28T18:38:46.369Z] [INFO] Found 1 company databases
[2025-06-28T18:38:46.369Z] [DEBUG] Processing company database: company_9jxwph8g
[2025-06-28T18:38:46.418Z] [DEBUG] Finding reports to execute in company_9jxwph8g (current time: 2025-06-28T18:38:46.418Z)
[2025-06-28T18:38:46.465Z] [INFO] Found 0 reports to execute in company_9jxwph8g
[2025-06-28T18:38:46.466Z] [INFO] Scheduled reports check completed
[2025-06-28T18:38:46.468Z] [DEBUG] MongoDB connection closed
[2025-06-28T18:39:15.562Z] [INFO] Checking for scheduled reports...
[2025-06-28T18:39:16.117Z] [DEBUG] Connected to MongoDB
[2025-06-28T18:39:16.175Z] [INFO] Found 1 company databases
[2025-06-28T18:39:16.175Z] [DEBUG] Processing company database: company_9jxwph8g
[2025-06-28T18:39:16.221Z] [DEBUG] Finding reports to execute in company_9jxwph8g (current time: 2025-06-28T18:39:16.221Z)
[2025-06-28T18:39:16.268Z] [INFO] Found 0 reports to execute in company_9jxwph8g
[2025-06-28T18:39:16.269Z] [INFO] Scheduled reports check completed
[2025-06-28T18:39:16.271Z] [DEBUG] MongoDB connection closed
[2025-06-28T18:39:45.563Z] [INFO] Checking for scheduled reports...
[2025-06-28T18:39:46.133Z] [DEBUG] Connected to MongoDB
[2025-06-28T18:39:46.191Z] [INFO] Found 1 company databases
[2025-06-28T18:39:46.192Z] [DEBUG] Processing company database: company_9jxwph8g
[2025-06-28T18:39:46.240Z] [DEBUG] Finding reports to execute in company_9jxwph8g (current time: 2025-06-28T18:39:46.240Z)
[2025-06-28T18:39:46.288Z] [INFO] Found 0 reports to execute in company_9jxwph8g
[2025-06-28T18:39:46.289Z] [INFO] Scheduled reports check completed
[2025-06-28T18:39:46.290Z] [DEBUG] MongoDB connection closed
[2025-06-28T18:40:15.563Z] [INFO] Checking for scheduled reports...
[2025-06-28T18:40:16.301Z] [DEBUG] Connected to MongoDB
[2025-06-28T18:40:16.362Z] [INFO] Found 1 company databases
[2025-06-28T18:40:16.363Z] [DEBUG] Processing company database: company_9jxwph8g
[2025-06-28T18:40:16.410Z] [DEBUG] Finding reports to execute in company_9jxwph8g (current time: 2025-06-28T18:40:16.410Z)
[2025-06-28T18:40:16.458Z] [INFO] Found 0 reports to execute in company_9jxwph8g
[2025-06-28T18:40:16.459Z] [INFO] Scheduled reports check completed
[2025-06-28T18:40:16.460Z] [DEBUG] MongoDB connection closed
[2025-06-28T18:40:45.565Z] [INFO] Checking for scheduled reports...
[2025-06-28T18:40:46.124Z] [DEBUG] Connected to MongoDB
[2025-06-28T18:40:46.182Z] [INFO] Found 1 company databases
[2025-06-28T18:40:46.182Z] [DEBUG] Processing company database: company_9jxwph8g
[2025-06-28T18:40:46.231Z] [DEBUG] Finding reports to execute in company_9jxwph8g (current time: 2025-06-28T18:40:46.231Z)
[2025-06-28T18:40:46.278Z] [INFO] Found 0 reports to execute in company_9jxwph8g
[2025-06-28T18:40:46.279Z] [INFO] Scheduled reports check completed
[2025-06-28T18:40:46.282Z] [DEBUG] MongoDB connection closed
[2025-06-28T18:41:15.566Z] [INFO] Checking for scheduled reports...
[2025-06-28T18:41:16.200Z] [DEBUG] Connected to MongoDB
[2025-06-28T18:41:16.259Z] [INFO] Found 1 company databases
[2025-06-28T18:41:16.259Z] [DEBUG] Processing company database: company_9jxwph8g
[2025-06-28T18:41:16.308Z] [DEBUG] Finding reports to execute in company_9jxwph8g (current time: 2025-06-28T18:41:16.308Z)
[2025-06-28T18:41:16.356Z] [INFO] Found 0 reports to execute in company_9jxwph8g
[2025-06-28T18:41:16.357Z] [INFO] Scheduled reports check completed
[2025-06-28T18:41:16.359Z] [DEBUG] MongoDB connection closed
[2025-06-28T18:41:45.567Z] [INFO] Checking for scheduled reports...
[2025-06-28T18:41:46.323Z] [DEBUG] Connected to MongoDB
[2025-06-28T18:41:46.382Z] [INFO] Found 1 company databases
[2025-06-28T18:41:46.383Z] [DEBUG] Processing company database: company_9jxwph8g
[2025-06-28T18:41:46.432Z] [DEBUG] Finding reports to execute in company_9jxwph8g (current time: 2025-06-28T18:41:46.432Z)
[2025-06-28T18:41:46.480Z] [INFO] Found 0 reports to execute in company_9jxwph8g
[2025-06-28T18:41:46.481Z] [INFO] Scheduled reports check completed
[2025-06-28T18:41:46.483Z] [DEBUG] MongoDB connection closed
[2025-06-28T18:42:15.568Z] [INFO] Checking for scheduled reports...
[2025-06-28T18:42:16.182Z] [DEBUG] Connected to MongoDB
[2025-06-28T18:42:16.239Z] [INFO] Found 1 company databases
[2025-06-28T18:42:16.239Z] [DEBUG] Processing company database: company_9jxwph8g
[2025-06-28T18:42:16.286Z] [DEBUG] Finding reports to execute in company_9jxwph8g (current time: 2025-06-28T18:42:16.286Z)
[2025-06-28T18:42:16.331Z] [INFO] Found 0 reports to execute in company_9jxwph8g
[2025-06-28T18:42:16.332Z] [INFO] Scheduled reports check completed
[2025-06-28T18:42:16.332Z] [DEBUG] MongoDB connection closed
[2025-06-28T18:42:45.569Z] [INFO] Checking for scheduled reports...
[2025-06-28T18:42:46.126Z] [DEBUG] Connected to MongoDB
[2025-06-28T18:42:46.188Z] [INFO] Found 1 company databases
[2025-06-28T18:42:46.189Z] [DEBUG] Processing company database: company_9jxwph8g
[2025-06-28T18:42:46.238Z] [DEBUG] Finding reports to execute in company_9jxwph8g (current time: 2025-06-28T18:42:46.238Z)
[2025-06-28T18:42:46.285Z] [INFO] Found 0 reports to execute in company_9jxwph8g
[2025-06-28T18:42:46.286Z] [INFO] Scheduled reports check completed
[2025-06-28T18:42:46.288Z] [DEBUG] MongoDB connection closed
[2025-06-28T18:43:15.569Z] [INFO] Checking for scheduled reports...
[2025-06-28T18:43:16.234Z] [DEBUG] Connected to MongoDB
[2025-06-28T18:43:16.301Z] [INFO] Found 1 company databases
[2025-06-28T18:43:16.301Z] [DEBUG] Processing company database: company_9jxwph8g
[2025-06-28T18:43:16.368Z] [DEBUG] Finding reports to execute in company_9jxwph8g (current time: 2025-06-28T18:43:16.368Z)
[2025-06-28T18:43:16.415Z] [INFO] Found 0 reports to execute in company_9jxwph8g
[2025-06-28T18:43:16.416Z] [INFO] Scheduled reports check completed
[2025-06-28T18:43:16.419Z] [DEBUG] MongoDB connection closed
[2025-06-28T18:43:45.569Z] [INFO] Checking for scheduled reports...
[2025-06-28T18:43:46.133Z] [DEBUG] Connected to MongoDB
[2025-06-28T18:43:46.192Z] [INFO] Found 1 company databases
[2025-06-28T18:43:46.193Z] [DEBUG] Processing company database: company_9jxwph8g
[2025-06-28T18:43:46.241Z] [DEBUG] Finding reports to execute in company_9jxwph8g (current time: 2025-06-28T18:43:46.241Z)
[2025-06-28T18:43:46.290Z] [INFO] Found 0 reports to execute in company_9jxwph8g
[2025-06-28T18:43:46.291Z] [INFO] Scheduled reports check completed
[2025-06-28T18:43:46.294Z] [DEBUG] MongoDB connection closed
[2025-06-28T18:44:15.569Z] [INFO] Checking for scheduled reports...
[2025-06-28T18:44:16.199Z] [DEBUG] Connected to MongoDB
[2025-06-28T18:44:16.256Z] [INFO] Found 1 company databases
[2025-06-28T18:44:16.257Z] [DEBUG] Processing company database: company_9jxwph8g
[2025-06-28T18:44:16.305Z] [DEBUG] Finding reports to execute in company_9jxwph8g (current time: 2025-06-28T18:44:16.305Z)
[2025-06-28T18:44:16.353Z] [INFO] Found 0 reports to execute in company_9jxwph8g
[2025-06-28T18:44:16.354Z] [INFO] Scheduled reports check completed
[2025-06-28T18:44:16.356Z] [DEBUG] MongoDB connection closed
[2025-06-28T18:44:45.571Z] [INFO] Checking for scheduled reports...
[2025-06-28T18:44:46.325Z] [DEBUG] Connected to MongoDB
[2025-06-28T18:44:46.385Z] [INFO] Found 1 company databases
[2025-06-28T18:44:46.386Z] [DEBUG] Processing company database: company_9jxwph8g
[2025-06-28T18:44:46.434Z] [DEBUG] Finding reports to execute in company_9jxwph8g (current time: 2025-06-28T18:44:46.434Z)
[2025-06-28T18:44:46.481Z] [INFO] Found 0 reports to execute in company_9jxwph8g
[2025-06-28T18:44:46.482Z] [INFO] Scheduled reports check completed
[2025-06-28T18:44:46.483Z] [DEBUG] MongoDB connection closed
[2025-06-28T18:45:15.571Z] [INFO] Checking for scheduled reports...
[2025-06-28T18:45:16.196Z] [DEBUG] Connected to MongoDB
[2025-06-28T18:45:16.254Z] [INFO] Found 1 company databases
[2025-06-28T18:45:16.255Z] [DEBUG] Processing company database: company_9jxwph8g
[2025-06-28T18:45:16.302Z] [DEBUG] Finding reports to execute in company_9jxwph8g (current time: 2025-06-28T18:45:16.302Z)
[2025-06-28T18:45:16.350Z] [INFO] Found 0 reports to execute in company_9jxwph8g
[2025-06-28T18:45:16.350Z] [INFO] Scheduled reports check completed
[2025-06-28T18:45:16.353Z] [DEBUG] MongoDB connection closed
[2025-06-28T18:45:45.572Z] [INFO] Checking for scheduled reports...
[2025-06-28T18:45:46.134Z] [DEBUG] Connected to MongoDB
[2025-06-28T18:45:46.194Z] [INFO] Found 1 company databases
[2025-06-28T18:45:46.195Z] [DEBUG] Processing company database: company_9jxwph8g
[2025-06-28T18:45:46.243Z] [DEBUG] Finding reports to execute in company_9jxwph8g (current time: 2025-06-28T18:45:46.243Z)
[2025-06-28T18:45:46.292Z] [INFO] Found 0 reports to execute in company_9jxwph8g
[2025-06-28T18:45:46.293Z] [INFO] Scheduled reports check completed
[2025-06-28T18:45:46.295Z] [DEBUG] MongoDB connection closed
[2025-06-28T18:46:15.573Z] [INFO] Checking for scheduled reports...
[2025-06-28T18:46:16.405Z] [DEBUG] Connected to MongoDB
[2025-06-28T18:46:16.465Z] [INFO] Found 1 company databases
[2025-06-28T18:46:16.465Z] [DEBUG] Processing company database: company_9jxwph8g
[2025-06-28T18:46:16.520Z] [DEBUG] Finding reports to execute in company_9jxwph8g (current time: 2025-06-28T18:46:16.520Z)
[2025-06-28T18:46:16.566Z] [INFO] Found 0 reports to execute in company_9jxwph8g
[2025-06-28T18:46:16.567Z] [INFO] Scheduled reports check completed
[2025-06-28T18:46:16.569Z] [DEBUG] MongoDB connection closed
[2025-06-28T18:46:45.574Z] [INFO] Checking for scheduled reports...
[2025-06-28T18:46:46.129Z] [DEBUG] Connected to MongoDB
[2025-06-28T18:46:46.186Z] [INFO] Found 1 company databases
[2025-06-28T18:46:46.187Z] [DEBUG] Processing company database: company_9jxwph8g
[2025-06-28T18:46:46.235Z] [DEBUG] Finding reports to execute in company_9jxwph8g (current time: 2025-06-28T18:46:46.235Z)
[2025-06-28T18:46:46.282Z] [INFO] Found 0 reports to execute in company_9jxwph8g
[2025-06-28T18:46:46.283Z] [INFO] Scheduled reports check completed
[2025-06-28T18:46:46.285Z] [DEBUG] MongoDB connection closed
[2025-06-28T18:47:15.575Z] [INFO] Checking for scheduled reports...
[2025-06-28T18:47:16.224Z] [DEBUG] Connected to MongoDB
[2025-06-28T18:47:16.283Z] [INFO] Found 1 company databases
[2025-06-28T18:47:16.284Z] [DEBUG] Processing company database: company_9jxwph8g
[2025-06-28T18:47:16.332Z] [DEBUG] Finding reports to execute in company_9jxwph8g (current time: 2025-06-28T18:47:16.332Z)
[2025-06-28T18:47:16.379Z] [INFO] Found 0 reports to execute in company_9jxwph8g
[2025-06-28T18:47:16.380Z] [INFO] Scheduled reports check completed
[2025-06-28T18:47:16.382Z] [DEBUG] MongoDB connection closed
[2025-06-28T18:47:45.577Z] [INFO] Checking for scheduled reports...
[2025-06-28T18:47:46.126Z] [DEBUG] Connected to MongoDB
[2025-06-28T18:47:46.185Z] [INFO] Found 1 company databases
[2025-06-28T18:47:46.186Z] [DEBUG] Processing company database: company_9jxwph8g
[2025-06-28T18:47:46.235Z] [DEBUG] Finding reports to execute in company_9jxwph8g (current time: 2025-06-28T18:47:46.235Z)
[2025-06-28T18:47:46.283Z] [INFO] Found 0 reports to execute in company_9jxwph8g
[2025-06-28T18:47:46.283Z] [INFO] Scheduled reports check completed
[2025-06-28T18:47:46.286Z] [DEBUG] MongoDB connection closed
[2025-06-28T18:48:15.577Z] [INFO] Checking for scheduled reports...
[2025-06-28T18:48:16.229Z] [DEBUG] Connected to MongoDB
[2025-06-28T18:48:16.289Z] [INFO] Found 1 company databases
[2025-06-28T18:48:16.290Z] [DEBUG] Processing company database: company_9jxwph8g
[2025-06-28T18:48:16.343Z] [DEBUG] Finding reports to execute in company_9jxwph8g (current time: 2025-06-28T18:48:16.343Z)
[2025-06-28T18:48:16.399Z] [INFO] Found 0 reports to execute in company_9jxwph8g
[2025-06-28T18:48:16.399Z] [INFO] Scheduled reports check completed
[2025-06-28T18:48:16.400Z] [DEBUG] MongoDB connection closed
[2025-06-28T18:48:45.578Z] [INFO] Checking for scheduled reports...
[2025-06-28T18:48:46.139Z] [DEBUG] Connected to MongoDB
[2025-06-28T18:48:46.201Z] [INFO] Found 1 company databases
[2025-06-28T18:48:46.202Z] [DEBUG] Processing company database: company_9jxwph8g
[2025-06-28T18:48:46.254Z] [DEBUG] Finding reports to execute in company_9jxwph8g (current time: 2025-06-28T18:48:46.254Z)
[2025-06-28T18:48:46.301Z] [INFO] Found 0 reports to execute in company_9jxwph8g
[2025-06-28T18:48:46.302Z] [INFO] Scheduled reports check completed
[2025-06-28T18:48:46.303Z] [DEBUG] MongoDB connection closed
[2025-06-28T18:49:15.580Z] [INFO] Checking for scheduled reports...
[2025-06-28T18:49:16.413Z] [DEBUG] Connected to MongoDB
[2025-06-28T18:49:16.472Z] [INFO] Found 1 company databases
[2025-06-28T18:49:16.473Z] [DEBUG] Processing company database: company_9jxwph8g
[2025-06-28T18:49:16.521Z] [DEBUG] Finding reports to execute in company_9jxwph8g (current time: 2025-06-28T18:49:16.521Z)
[2025-06-28T18:49:16.570Z] [INFO] Found 0 reports to execute in company_9jxwph8g
[2025-06-28T18:49:16.571Z] [INFO] Scheduled reports check completed
[2025-06-28T18:49:16.573Z] [DEBUG] MongoDB connection closed
[2025-06-28T18:49:45.580Z] [INFO] Checking for scheduled reports...
[2025-06-28T18:49:46.137Z] [DEBUG] Connected to MongoDB
[2025-06-28T18:49:46.196Z] [INFO] Found 1 company databases
[2025-06-28T18:49:46.197Z] [DEBUG] Processing company database: company_9jxwph8g
[2025-06-28T18:49:46.245Z] [DEBUG] Finding reports to execute in company_9jxwph8g (current time: 2025-06-28T18:49:46.245Z)
[2025-06-28T18:49:46.292Z] [INFO] Found 0 reports to execute in company_9jxwph8g
[2025-06-28T18:49:46.293Z] [INFO] Scheduled reports check completed
[2025-06-28T18:49:46.295Z] [DEBUG] MongoDB connection closed
[2025-06-28T18:50:15.581Z] [INFO] Checking for scheduled reports...
[2025-06-28T18:50:16.223Z] [DEBUG] Connected to MongoDB
[2025-06-28T18:50:16.282Z] [INFO] Found 1 company databases
[2025-06-28T18:50:16.283Z] [DEBUG] Processing company database: company_9jxwph8g
[2025-06-28T18:50:16.331Z] [DEBUG] Finding reports to execute in company_9jxwph8g (current time: 2025-06-28T18:50:16.331Z)
[2025-06-28T18:50:16.379Z] [INFO] Found 0 reports to execute in company_9jxwph8g
[2025-06-28T18:50:16.380Z] [INFO] Scheduled reports check completed
[2025-06-28T18:50:16.382Z] [DEBUG] MongoDB connection closed
[2025-06-28T18:50:45.581Z] [INFO] Checking for scheduled reports...
[2025-06-28T18:50:46.307Z] [DEBUG] Connected to MongoDB
[2025-06-28T18:50:46.366Z] [INFO] Found 1 company databases
[2025-06-28T18:50:46.367Z] [DEBUG] Processing company database: company_9jxwph8g
[2025-06-28T18:50:46.415Z] [DEBUG] Finding reports to execute in company_9jxwph8g (current time: 2025-06-28T18:50:46.415Z)
[2025-06-28T18:50:46.464Z] [INFO] Found 0 reports to execute in company_9jxwph8g
[2025-06-28T18:50:46.464Z] [INFO] Scheduled reports check completed
[2025-06-28T18:50:46.466Z] [DEBUG] MongoDB connection closed
[2025-06-28T18:51:15.581Z] [INFO] Checking for scheduled reports...
[2025-06-28T18:51:16.230Z] [DEBUG] Connected to MongoDB
[2025-06-28T18:51:16.288Z] [INFO] Found 1 company databases
[2025-06-28T18:51:16.289Z] [DEBUG] Processing company database: company_9jxwph8g
[2025-06-28T18:51:16.339Z] [DEBUG] Finding reports to execute in company_9jxwph8g (current time: 2025-06-28T18:51:16.339Z)
[2025-06-28T18:51:16.387Z] [INFO] Found 0 reports to execute in company_9jxwph8g
[2025-06-28T18:51:16.387Z] [INFO] Scheduled reports check completed
[2025-06-28T18:51:16.390Z] [DEBUG] MongoDB connection closed
[2025-06-28T18:51:45.583Z] [INFO] Checking for scheduled reports...
[2025-06-28T18:51:46.144Z] [DEBUG] Connected to MongoDB
[2025-06-28T18:51:46.205Z] [INFO] Found 1 company databases
[2025-06-28T18:51:46.206Z] [DEBUG] Processing company database: company_9jxwph8g
[2025-06-28T18:51:46.254Z] [DEBUG] Finding reports to execute in company_9jxwph8g (current time: 2025-06-28T18:51:46.254Z)
[2025-06-28T18:51:46.302Z] [INFO] Found 0 reports to execute in company_9jxwph8g
[2025-06-28T18:51:46.303Z] [INFO] Scheduled reports check completed
[2025-06-28T18:51:46.305Z] [DEBUG] MongoDB connection closed
[2025-06-28T18:52:15.584Z] [INFO] Checking for scheduled reports...
[2025-06-28T18:52:16.323Z] [DEBUG] Connected to MongoDB
[2025-06-28T18:52:16.381Z] [INFO] Found 1 company databases
[2025-06-28T18:52:16.382Z] [DEBUG] Processing company database: company_9jxwph8g
[2025-06-28T18:52:16.431Z] [DEBUG] Finding reports to execute in company_9jxwph8g (current time: 2025-06-28T18:52:16.431Z)
[2025-06-28T18:52:16.479Z] [INFO] Found 0 reports to execute in company_9jxwph8g
[2025-06-28T18:52:16.479Z] [INFO] Scheduled reports check completed
[2025-06-28T18:52:16.482Z] [DEBUG] MongoDB connection closed
[2025-06-28T18:52:45.609Z] [INFO] Checking for scheduled reports...
[2025-06-28T18:52:46.164Z] [DEBUG] Connected to MongoDB
[2025-06-28T18:52:46.223Z] [INFO] Found 1 company databases
[2025-06-28T18:52:46.223Z] [DEBUG] Processing company database: company_9jxwph8g
[2025-06-28T18:52:46.271Z] [DEBUG] Finding reports to execute in company_9jxwph8g (current time: 2025-06-28T18:52:46.271Z)
[2025-06-28T18:52:46.318Z] [INFO] Found 0 reports to execute in company_9jxwph8g
[2025-06-28T18:52:46.318Z] [INFO] Scheduled reports check completed
[2025-06-28T18:52:46.320Z] [DEBUG] MongoDB connection closed
[2025-06-28T18:53:15.620Z] [INFO] Checking for scheduled reports...
[2025-06-28T18:53:16.287Z] [DEBUG] Connected to MongoDB
[2025-06-28T18:53:16.344Z] [INFO] Found 1 company databases
[2025-06-28T18:53:16.345Z] [DEBUG] Processing company database: company_9jxwph8g
[2025-06-28T18:53:16.392Z] [DEBUG] Finding reports to execute in company_9jxwph8g (current time: 2025-06-28T18:53:16.392Z)
[2025-06-28T18:53:16.438Z] [INFO] Found 0 reports to execute in company_9jxwph8g
[2025-06-28T18:53:16.439Z] [INFO] Scheduled reports check completed
[2025-06-28T18:53:16.441Z] [DEBUG] MongoDB connection closed
[2025-06-28T18:53:45.623Z] [INFO] Checking for scheduled reports...
[2025-06-28T18:53:46.180Z] [DEBUG] Connected to MongoDB
[2025-06-28T18:53:46.238Z] [INFO] Found 1 company databases
[2025-06-28T18:53:46.238Z] [DEBUG] Processing company database: company_9jxwph8g
[2025-06-28T18:53:46.285Z] [DEBUG] Finding reports to execute in company_9jxwph8g (current time: 2025-06-28T18:53:46.285Z)
[2025-06-28T18:53:46.340Z] [INFO] Found 0 reports to execute in company_9jxwph8g
[2025-06-28T18:53:46.341Z] [INFO] Scheduled reports check completed
[2025-06-28T18:53:46.341Z] [DEBUG] MongoDB connection closed
[2025-06-28T18:54:15.623Z] [INFO] Checking for scheduled reports...
[2025-06-28T18:54:16.263Z] [DEBUG] Connected to MongoDB
[2025-06-28T18:54:16.320Z] [INFO] Found 1 company databases
[2025-06-28T18:54:16.321Z] [DEBUG] Processing company database: company_9jxwph8g
[2025-06-28T18:54:16.368Z] [DEBUG] Finding reports to execute in company_9jxwph8g (current time: 2025-06-28T18:54:16.368Z)
[2025-06-28T18:54:16.415Z] [INFO] Found 0 reports to execute in company_9jxwph8g
[2025-06-28T18:54:16.416Z] [INFO] Scheduled reports check completed
[2025-06-28T18:54:16.419Z] [DEBUG] MongoDB connection closed
[2025-06-28T18:54:45.624Z] [INFO] Checking for scheduled reports...
[2025-06-28T18:54:46.153Z] [DEBUG] Connected to MongoDB
[2025-06-28T18:54:46.212Z] [INFO] Found 1 company databases
[2025-06-28T18:54:46.213Z] [DEBUG] Processing company database: company_9jxwph8g
[2025-06-28T18:54:46.259Z] [DEBUG] Finding reports to execute in company_9jxwph8g (current time: 2025-06-28T18:54:46.259Z)
[2025-06-28T18:54:46.304Z] [INFO] Found 0 reports to execute in company_9jxwph8g
[2025-06-28T18:54:46.304Z] [INFO] Scheduled reports check completed
[2025-06-28T18:54:46.305Z] [DEBUG] MongoDB connection closed
[2025-06-28T18:55:15.625Z] [INFO] Checking for scheduled reports...
[2025-06-28T18:55:16.375Z] [DEBUG] Connected to MongoDB
[2025-06-28T18:55:16.435Z] [INFO] Found 1 company databases
[2025-06-28T18:55:16.436Z] [DEBUG] Processing company database: company_9jxwph8g
[2025-06-28T18:55:16.489Z] [DEBUG] Finding reports to execute in company_9jxwph8g (current time: 2025-06-28T18:55:16.489Z)
[2025-06-28T18:55:16.536Z] [INFO] Found 0 reports to execute in company_9jxwph8g
[2025-06-28T18:55:16.537Z] [INFO] Scheduled reports check completed
[2025-06-28T18:55:16.540Z] [DEBUG] MongoDB connection closed
[2025-06-28T18:55:45.626Z] [INFO] Checking for scheduled reports...
[2025-06-28T18:55:46.176Z] [DEBUG] Connected to MongoDB
[2025-06-28T18:55:46.235Z] [INFO] Found 1 company databases
[2025-06-28T18:55:46.235Z] [DEBUG] Processing company database: company_9jxwph8g
[2025-06-28T18:55:46.281Z] [DEBUG] Finding reports to execute in company_9jxwph8g (current time: 2025-06-28T18:55:46.281Z)
[2025-06-28T18:55:46.326Z] [INFO] Found 0 reports to execute in company_9jxwph8g
[2025-06-28T18:55:46.327Z] [INFO] Scheduled reports check completed
[2025-06-28T18:55:46.327Z] [DEBUG] MongoDB connection closed
[2025-06-28T18:56:15.627Z] [INFO] Checking for scheduled reports...
[2025-06-28T18:56:16.252Z] [DEBUG] Connected to MongoDB
[2025-06-28T18:56:16.310Z] [INFO] Found 1 company databases
[2025-06-28T18:56:16.311Z] [DEBUG] Processing company database: company_9jxwph8g
[2025-06-28T18:56:16.357Z] [DEBUG] Finding reports to execute in company_9jxwph8g (current time: 2025-06-28T18:56:16.357Z)
[2025-06-28T18:56:16.403Z] [INFO] Found 0 reports to execute in company_9jxwph8g
[2025-06-28T18:56:16.404Z] [INFO] Scheduled reports check completed
[2025-06-28T18:56:16.405Z] [DEBUG] MongoDB connection closed
[2025-06-28T18:56:45.629Z] [INFO] Checking for scheduled reports...
[2025-06-28T18:56:46.174Z] [DEBUG] Connected to MongoDB
[2025-06-28T18:56:46.232Z] [INFO] Found 1 company databases
[2025-06-28T18:56:46.232Z] [DEBUG] Processing company database: company_9jxwph8g
[2025-06-28T18:56:46.279Z] [DEBUG] Finding reports to execute in company_9jxwph8g (current time: 2025-06-28T18:56:46.279Z)
[2025-06-28T18:56:46.325Z] [INFO] Found 0 reports to execute in company_9jxwph8g
[2025-06-28T18:56:46.326Z] [INFO] Scheduled reports check completed
[2025-06-28T18:56:46.328Z] [DEBUG] MongoDB connection closed
[2025-06-28T18:57:15.630Z] [INFO] Checking for scheduled reports...
[2025-06-28T18:57:16.252Z] [DEBUG] Connected to MongoDB
[2025-06-28T18:57:16.310Z] [INFO] Found 1 company databases
[2025-06-28T18:57:16.311Z] [DEBUG] Processing company database: company_9jxwph8g
[2025-06-28T18:57:16.368Z] [DEBUG] Finding reports to execute in company_9jxwph8g (current time: 2025-06-28T18:57:16.368Z)
[2025-06-28T18:57:16.414Z] [INFO] Found 0 reports to execute in company_9jxwph8g
[2025-06-28T18:57:16.415Z] [INFO] Scheduled reports check completed
[2025-06-28T18:57:16.417Z] [DEBUG] MongoDB connection closed
[2025-06-28T18:57:45.631Z] [INFO] Checking for scheduled reports...
[2025-06-28T18:57:46.185Z] [DEBUG] Connected to MongoDB
[2025-06-28T18:57:46.244Z] [INFO] Found 1 company databases
[2025-06-28T18:57:46.244Z] [DEBUG] Processing company database: company_9jxwph8g
[2025-06-28T18:57:46.291Z] [DEBUG] Finding reports to execute in company_9jxwph8g (current time: 2025-06-28T18:57:46.291Z)
[2025-06-28T18:57:46.344Z] [INFO] Found 0 reports to execute in company_9jxwph8g
[2025-06-28T18:57:46.345Z] [INFO] Scheduled reports check completed
[2025-06-28T18:57:46.347Z] [DEBUG] MongoDB connection closed
[2025-06-28T18:58:15.632Z] [INFO] Checking for scheduled reports...
[2025-06-28T18:58:16.397Z] [DEBUG] Connected to MongoDB
[2025-06-28T18:58:16.454Z] [INFO] Found 1 company databases
[2025-06-28T18:58:16.455Z] [DEBUG] Processing company database: company_9jxwph8g
[2025-06-28T18:58:16.503Z] [DEBUG] Finding reports to execute in company_9jxwph8g (current time: 2025-06-28T18:58:16.503Z)
[2025-06-28T18:58:16.549Z] [INFO] Found 0 reports to execute in company_9jxwph8g
[2025-06-28T18:58:16.550Z] [INFO] Scheduled reports check completed
[2025-06-28T18:58:16.552Z] [DEBUG] MongoDB connection closed
[2025-06-28T18:58:45.633Z] [INFO] Checking for scheduled reports...
[2025-06-28T18:58:46.187Z] [DEBUG] Connected to MongoDB
[2025-06-28T18:58:46.251Z] [INFO] Found 1 company databases
[2025-06-28T18:58:46.251Z] [DEBUG] Processing company database: company_9jxwph8g
[2025-06-28T18:58:46.305Z] [DEBUG] Finding reports to execute in company_9jxwph8g (current time: 2025-06-28T18:58:46.305Z)
[2025-06-28T18:58:46.351Z] [INFO] Found 0 reports to execute in company_9jxwph8g
[2025-06-28T18:58:46.352Z] [INFO] Scheduled reports check completed
[2025-06-28T18:58:46.353Z] [DEBUG] MongoDB connection closed
[2025-06-28T18:59:15.635Z] [INFO] Checking for scheduled reports...
[2025-06-28T18:59:16.276Z] [DEBUG] Connected to MongoDB
[2025-06-28T18:59:16.341Z] [INFO] Found 1 company databases
[2025-06-28T18:59:16.341Z] [DEBUG] Processing company database: company_9jxwph8g
[2025-06-28T18:59:16.389Z] [DEBUG] Finding reports to execute in company_9jxwph8g (current time: 2025-06-28T18:59:16.389Z)
[2025-06-28T18:59:16.436Z] [INFO] Found 0 reports to execute in company_9jxwph8g
[2025-06-28T18:59:16.436Z] [INFO] Scheduled reports check completed
[2025-06-28T18:59:16.439Z] [DEBUG] MongoDB connection closed
[2025-06-28T18:59:45.636Z] [INFO] Checking for scheduled reports...
[2025-06-28T18:59:46.412Z] [DEBUG] Connected to MongoDB
[2025-06-28T18:59:46.473Z] [INFO] Found 1 company databases
[2025-06-28T18:59:46.474Z] [DEBUG] Processing company database: company_9jxwph8g
[2025-06-28T18:59:46.522Z] [DEBUG] Finding reports to execute in company_9jxwph8g (current time: 2025-06-28T18:59:46.522Z)
[2025-06-28T18:59:46.570Z] [INFO] Found 0 reports to execute in company_9jxwph8g
[2025-06-28T18:59:46.571Z] [INFO] Scheduled reports check completed
[2025-06-28T18:59:46.573Z] [DEBUG] MongoDB connection closed
[2025-06-28T19:00:15.636Z] [INFO] Checking for scheduled reports...
[2025-06-28T19:00:16.280Z] [DEBUG] Connected to MongoDB
[2025-06-28T19:00:16.339Z] [INFO] Found 1 company databases
[2025-06-28T19:00:16.340Z] [DEBUG] Processing company database: company_9jxwph8g
[2025-06-28T19:00:16.388Z] [DEBUG] Finding reports to execute in company_9jxwph8g (current time: 2025-06-28T19:00:16.388Z)
[2025-06-28T19:00:16.436Z] [INFO] Found 0 reports to execute in company_9jxwph8g
[2025-06-28T19:00:16.436Z] [INFO] Scheduled reports check completed
[2025-06-28T19:00:16.438Z] [DEBUG] MongoDB connection closed
[2025-06-28T19:00:45.637Z] [INFO] Checking for scheduled reports...
[2025-06-28T19:00:46.207Z] [DEBUG] Connected to MongoDB
[2025-06-28T19:00:46.266Z] [INFO] Found 1 company databases
[2025-06-28T19:00:46.267Z] [DEBUG] Processing company database: company_9jxwph8g
[2025-06-28T19:00:46.316Z] [DEBUG] Finding reports to execute in company_9jxwph8g (current time: 2025-06-28T19:00:46.316Z)
[2025-06-28T19:00:46.364Z] [INFO] Found 0 reports to execute in company_9jxwph8g
[2025-06-28T19:00:46.365Z] [INFO] Scheduled reports check completed
[2025-06-28T19:00:46.367Z] [DEBUG] MongoDB connection closed
[2025-06-28T19:01:15.637Z] [INFO] Checking for scheduled reports...
[2025-06-28T19:01:16.476Z] [DEBUG] Connected to MongoDB
[2025-06-28T19:01:16.535Z] [INFO] Found 1 company databases
[2025-06-28T19:01:16.536Z] [DEBUG] Processing company database: company_9jxwph8g
[2025-06-28T19:01:16.587Z] [DEBUG] Finding reports to execute in company_9jxwph8g (current time: 2025-06-28T19:01:16.587Z)
[2025-06-28T19:01:16.635Z] [INFO] Found 0 reports to execute in company_9jxwph8g
[2025-06-28T19:01:16.635Z] [INFO] Scheduled reports check completed
[2025-06-28T19:01:16.638Z] [DEBUG] MongoDB connection closed
[2025-06-28T19:01:45.638Z] [INFO] Checking for scheduled reports...
[2025-06-28T19:01:46.234Z] [DEBUG] Connected to MongoDB
[2025-06-28T19:01:46.307Z] [INFO] Found 1 company databases
[2025-06-28T19:01:46.308Z] [DEBUG] Processing company database: company_9jxwph8g
[2025-06-28T19:01:46.357Z] [DEBUG] Finding reports to execute in company_9jxwph8g (current time: 2025-06-28T19:01:46.357Z)
[2025-06-28T19:01:46.405Z] [INFO] Found 0 reports to execute in company_9jxwph8g
[2025-06-28T19:01:46.406Z] [INFO] Scheduled reports check completed
[2025-06-28T19:01:46.408Z] [DEBUG] MongoDB connection closed
[2025-06-28T19:02:15.639Z] [INFO] Checking for scheduled reports...
[2025-06-28T19:02:16.294Z] [DEBUG] Connected to MongoDB
[2025-06-28T19:02:16.353Z] [INFO] Found 1 company databases
[2025-06-28T19:02:16.354Z] [DEBUG] Processing company database: company_9jxwph8g
[2025-06-28T19:02:16.403Z] [DEBUG] Finding reports to execute in company_9jxwph8g (current time: 2025-06-28T19:02:16.403Z)
[2025-06-28T19:02:16.450Z] [INFO] Found 0 reports to execute in company_9jxwph8g
[2025-06-28T19:02:16.451Z] [INFO] Scheduled reports check completed
[2025-06-28T19:02:16.453Z] [DEBUG] MongoDB connection closed
[2025-06-28T19:02:45.641Z] [INFO] Checking for scheduled reports...
[2025-06-28T19:02:46.320Z] [DEBUG] Connected to MongoDB
[2025-06-28T19:02:46.379Z] [INFO] Found 1 company databases
[2025-06-28T19:02:46.380Z] [DEBUG] Processing company database: company_9jxwph8g
[2025-06-28T19:02:46.431Z] [DEBUG] Finding reports to execute in company_9jxwph8g (current time: 2025-06-28T19:02:46.431Z)
[2025-06-28T19:02:46.479Z] [INFO] Found 0 reports to execute in company_9jxwph8g
[2025-06-28T19:02:46.479Z] [INFO] Scheduled reports check completed
[2025-06-28T19:02:46.482Z] [DEBUG] MongoDB connection closed
[2025-06-28T19:03:15.641Z] [INFO] Checking for scheduled reports...
[2025-06-28T19:03:16.266Z] [DEBUG] Connected to MongoDB
[2025-06-28T19:03:16.325Z] [INFO] Found 1 company databases
[2025-06-28T19:03:16.326Z] [DEBUG] Processing company database: company_9jxwph8g
[2025-06-28T19:03:16.374Z] [DEBUG] Finding reports to execute in company_9jxwph8g (current time: 2025-06-28T19:03:16.374Z)
[2025-06-28T19:03:16.422Z] [INFO] Found 0 reports to execute in company_9jxwph8g
[2025-06-28T19:03:16.422Z] [INFO] Scheduled reports check completed
[2025-06-28T19:03:16.424Z] [DEBUG] MongoDB connection closed
[2025-06-28T19:03:45.643Z] [INFO] Checking for scheduled reports...
[2025-06-28T19:03:46.205Z] [DEBUG] Connected to MongoDB
[2025-06-28T19:03:46.264Z] [INFO] Found 1 company databases
[2025-06-28T19:03:46.265Z] [DEBUG] Processing company database: company_9jxwph8g
[2025-06-28T19:03:46.313Z] [DEBUG] Finding reports to execute in company_9jxwph8g (current time: 2025-06-28T19:03:46.313Z)
[2025-06-28T19:03:46.362Z] [INFO] Found 0 reports to execute in company_9jxwph8g
[2025-06-28T19:03:46.363Z] [INFO] Scheduled reports check completed
[2025-06-28T19:03:46.365Z] [DEBUG] MongoDB connection closed
[2025-06-28T19:04:15.644Z] [INFO] Checking for scheduled reports...
[2025-06-28T19:04:16.398Z] [DEBUG] Connected to MongoDB
[2025-06-28T19:04:16.456Z] [INFO] Found 1 company databases
[2025-06-28T19:04:16.457Z] [DEBUG] Processing company database: company_9jxwph8g
[2025-06-28T19:04:16.506Z] [DEBUG] Finding reports to execute in company_9jxwph8g (current time: 2025-06-28T19:04:16.506Z)
[2025-06-28T19:04:16.556Z] [INFO] Found 0 reports to execute in company_9jxwph8g
[2025-06-28T19:04:16.557Z] [INFO] Scheduled reports check completed
[2025-06-28T19:04:16.559Z] [DEBUG] MongoDB connection closed
[2025-06-28T19:04:45.644Z] [INFO] Checking for scheduled reports...
[2025-06-28T19:04:46.199Z] [DEBUG] Connected to MongoDB
[2025-06-28T19:04:46.258Z] [INFO] Found 1 company databases
[2025-06-28T19:04:46.259Z] [DEBUG] Processing company database: company_9jxwph8g
[2025-06-28T19:04:46.307Z] [DEBUG] Finding reports to execute in company_9jxwph8g (current time: 2025-06-28T19:04:46.307Z)
[2025-06-28T19:04:46.355Z] [INFO] Found 0 reports to execute in company_9jxwph8g
[2025-06-28T19:04:46.356Z] [INFO] Scheduled reports check completed
[2025-06-28T19:04:46.358Z] [DEBUG] MongoDB connection closed
[2025-06-28T19:05:15.644Z] [INFO] Checking for scheduled reports...
[2025-06-28T19:05:16.276Z] [DEBUG] Connected to MongoDB
[2025-06-28T19:05:16.335Z] [INFO] Found 1 company databases
[2025-06-28T19:05:16.336Z] [DEBUG] Processing company database: company_9jxwph8g
[2025-06-28T19:05:16.385Z] [DEBUG] Finding reports to execute in company_9jxwph8g (current time: 2025-06-28T19:05:16.385Z)
[2025-06-28T19:05:16.433Z] [INFO] Found 0 reports to execute in company_9jxwph8g
[2025-06-28T19:05:16.434Z] [INFO] Scheduled reports check completed
[2025-06-28T19:05:16.436Z] [DEBUG] MongoDB connection closed
[2025-06-28T19:05:45.644Z] [INFO] Checking for scheduled reports...
[2025-06-28T19:05:46.310Z] [DEBUG] Connected to MongoDB
[2025-06-28T19:05:46.369Z] [INFO] Found 1 company databases
[2025-06-28T19:05:46.370Z] [DEBUG] Processing company database: company_9jxwph8g
[2025-06-28T19:05:46.418Z] [DEBUG] Finding reports to execute in company_9jxwph8g (current time: 2025-06-28T19:05:46.418Z)
[2025-06-28T19:05:46.470Z] [INFO] Found 0 reports to execute in company_9jxwph8g
[2025-06-28T19:05:46.471Z] [INFO] Scheduled reports check completed
[2025-06-28T19:05:46.473Z] [DEBUG] MongoDB connection closed
[2025-06-28T19:06:15.645Z] [INFO] Checking for scheduled reports...
[2025-06-28T19:06:16.283Z] [DEBUG] Connected to MongoDB
[2025-06-28T19:06:16.343Z] [INFO] Found 1 company databases
[2025-06-28T19:06:16.343Z] [DEBUG] Processing company database: company_9jxwph8g
[2025-06-28T19:06:16.392Z] [DEBUG] Finding reports to execute in company_9jxwph8g (current time: 2025-06-28T19:06:16.392Z)
[2025-06-28T19:06:16.440Z] [INFO] Found 0 reports to execute in company_9jxwph8g
[2025-06-28T19:06:16.440Z] [INFO] Scheduled reports check completed
[2025-06-28T19:06:16.443Z] [DEBUG] MongoDB connection closed
[2025-06-28T19:06:45.647Z] [INFO] Checking for scheduled reports...
[2025-06-28T19:06:46.210Z] [DEBUG] Connected to MongoDB
[2025-06-28T19:06:46.268Z] [INFO] Found 1 company databases
[2025-06-28T19:06:46.269Z] [DEBUG] Processing company database: company_9jxwph8g
[2025-06-28T19:06:46.318Z] [DEBUG] Finding reports to execute in company_9jxwph8g (current time: 2025-06-28T19:06:46.318Z)
[2025-06-28T19:06:46.365Z] [INFO] Found 0 reports to execute in company_9jxwph8g
[2025-06-28T19:06:46.366Z] [INFO] Scheduled reports check completed
[2025-06-28T19:06:46.368Z] [DEBUG] MongoDB connection closed
[2025-06-28T19:07:15.648Z] [INFO] Checking for scheduled reports...
[2025-06-28T19:07:16.483Z] [DEBUG] Connected to MongoDB
[2025-06-28T19:07:16.543Z] [INFO] Found 1 company databases
[2025-06-28T19:07:16.544Z] [DEBUG] Processing company database: company_9jxwph8g
[2025-06-28T19:07:16.592Z] [DEBUG] Finding reports to execute in company_9jxwph8g (current time: 2025-06-28T19:07:16.592Z)
[2025-06-28T19:07:16.640Z] [INFO] Found 0 reports to execute in company_9jxwph8g
[2025-06-28T19:07:16.641Z] [INFO] Scheduled reports check completed
[2025-06-28T19:07:16.643Z] [DEBUG] MongoDB connection closed
[2025-06-28T19:07:45.650Z] [INFO] Checking for scheduled reports...
[2025-06-28T19:07:46.208Z] [DEBUG] Connected to MongoDB
[2025-06-28T19:07:46.267Z] [INFO] Found 1 company databases
[2025-06-28T19:07:46.267Z] [DEBUG] Processing company database: company_9jxwph8g
[2025-06-28T19:07:46.316Z] [DEBUG] Finding reports to execute in company_9jxwph8g (current time: 2025-06-28T19:07:46.316Z)
[2025-06-28T19:07:46.364Z] [INFO] Found 0 reports to execute in company_9jxwph8g
[2025-06-28T19:07:46.365Z] [INFO] Scheduled reports check completed
[2025-06-28T19:07:46.367Z] [DEBUG] MongoDB connection closed
[2025-06-28T19:08:15.652Z] [INFO] Checking for scheduled reports...
[2025-06-28T19:08:16.323Z] [DEBUG] Connected to MongoDB
[2025-06-28T19:08:16.382Z] [INFO] Found 1 company databases
[2025-06-28T19:08:16.383Z] [DEBUG] Processing company database: company_9jxwph8g
[2025-06-28T19:08:16.432Z] [DEBUG] Finding reports to execute in company_9jxwph8g (current time: 2025-06-28T19:08:16.432Z)
[2025-06-28T19:08:16.482Z] [INFO] Found 0 reports to execute in company_9jxwph8g
[2025-06-28T19:08:16.482Z] [INFO] Scheduled reports check completed
[2025-06-28T19:08:16.485Z] [DEBUG] MongoDB connection closed
[2025-06-28T19:08:45.655Z] [INFO] Checking for scheduled reports...
[2025-06-28T19:08:46.343Z] [DEBUG] Connected to MongoDB
[2025-06-28T19:08:46.403Z] [INFO] Found 1 company databases
[2025-06-28T19:08:46.404Z] [DEBUG] Processing company database: company_9jxwph8g
[2025-06-28T19:08:46.453Z] [DEBUG] Finding reports to execute in company_9jxwph8g (current time: 2025-06-28T19:08:46.453Z)
[2025-06-28T19:08:46.501Z] [INFO] Found 0 reports to execute in company_9jxwph8g
[2025-06-28T19:08:46.501Z] [INFO] Scheduled reports check completed
[2025-06-28T19:08:46.504Z] [DEBUG] MongoDB connection closed
[2025-06-28T19:09:15.655Z] [INFO] Checking for scheduled reports...
[2025-06-28T19:09:16.301Z] [DEBUG] Connected to MongoDB
[2025-06-28T19:09:16.360Z] [INFO] Found 1 company databases
[2025-06-28T19:09:16.361Z] [DEBUG] Processing company database: company_9jxwph8g
[2025-06-28T19:09:16.409Z] [DEBUG] Finding reports to execute in company_9jxwph8g (current time: 2025-06-28T19:09:16.409Z)
[2025-06-28T19:09:16.456Z] [INFO] Found 0 reports to execute in company_9jxwph8g
[2025-06-28T19:09:16.457Z] [INFO] Scheduled reports check completed
[2025-06-28T19:09:16.459Z] [DEBUG] MongoDB connection closed
[2025-06-28T19:09:45.657Z] [INFO] Checking for scheduled reports...
[2025-06-28T19:09:46.206Z] [DEBUG] Connected to MongoDB
[2025-06-28T19:09:46.264Z] [INFO] Found 1 company databases
[2025-06-28T19:09:46.265Z] [DEBUG] Processing company database: company_9jxwph8g
[2025-06-28T19:09:46.312Z] [DEBUG] Finding reports to execute in company_9jxwph8g (current time: 2025-06-28T19:09:46.312Z)
[2025-06-28T19:09:46.359Z] [INFO] Found 0 reports to execute in company_9jxwph8g
[2025-06-28T19:09:46.360Z] [INFO] Scheduled reports check completed
[2025-06-28T19:09:46.363Z] [DEBUG] MongoDB connection closed
[2025-06-28T19:10:15.646Z] [INFO] Checking for scheduled reports...
[2025-06-28T19:10:16.401Z] [DEBUG] Connected to MongoDB
[2025-06-28T19:10:16.459Z] [INFO] Found 1 company databases
[2025-06-28T19:10:16.460Z] [DEBUG] Processing company database: company_9jxwph8g
[2025-06-28T19:10:16.509Z] [DEBUG] Finding reports to execute in company_9jxwph8g (current time: 2025-06-28T19:10:16.509Z)
[2025-06-28T19:10:16.556Z] [INFO] Found 0 reports to execute in company_9jxwph8g
[2025-06-28T19:10:16.557Z] [INFO] Scheduled reports check completed
[2025-06-28T19:10:16.559Z] [DEBUG] MongoDB connection closed
[2025-06-28T19:10:45.633Z] [INFO] Checking for scheduled reports...
[2025-06-28T19:10:46.183Z] [DEBUG] Connected to MongoDB
[2025-06-28T19:10:46.242Z] [INFO] Found 1 company databases
[2025-06-28T19:10:46.242Z] [DEBUG] Processing company database: company_9jxwph8g
[2025-06-28T19:10:46.290Z] [DEBUG] Finding reports to execute in company_9jxwph8g (current time: 2025-06-28T19:10:46.290Z)
[2025-06-28T19:10:46.337Z] [INFO] Found 0 reports to execute in company_9jxwph8g
[2025-06-28T19:10:46.337Z] [INFO] Scheduled reports check completed
[2025-06-28T19:10:46.339Z] [DEBUG] MongoDB connection closed
[2025-06-28T19:11:15.632Z] [INFO] Checking for scheduled reports...
[2025-06-28T19:11:16.260Z] [DEBUG] Connected to MongoDB
[2025-06-28T19:11:16.318Z] [INFO] Found 1 company databases
[2025-06-28T19:11:16.318Z] [DEBUG] Processing company database: company_9jxwph8g
[2025-06-28T19:11:16.366Z] [DEBUG] Finding reports to execute in company_9jxwph8g (current time: 2025-06-28T19:11:16.366Z)
[2025-06-28T19:11:16.413Z] [INFO] Found 0 reports to execute in company_9jxwph8g
[2025-06-28T19:11:16.414Z] [INFO] Scheduled reports check completed
[2025-06-28T19:11:16.416Z] [DEBUG] MongoDB connection closed
[2025-06-28T19:11:45.634Z] [INFO] Checking for scheduled reports...
[2025-06-28T19:11:46.380Z] [DEBUG] Connected to MongoDB
[2025-06-28T19:11:46.439Z] [INFO] Found 1 company databases
[2025-06-28T19:11:46.439Z] [DEBUG] Processing company database: company_9jxwph8g
[2025-06-28T19:11:46.487Z] [DEBUG] Finding reports to execute in company_9jxwph8g (current time: 2025-06-28T19:11:46.487Z)
[2025-06-28T19:11:46.534Z] [INFO] Found 0 reports to execute in company_9jxwph8g
[2025-06-28T19:11:46.535Z] [INFO] Scheduled reports check completed
[2025-06-28T19:11:46.537Z] [DEBUG] MongoDB connection closed
[2025-06-28T19:12:15.636Z] [INFO] Checking for scheduled reports...
[2025-06-28T19:12:16.322Z] [DEBUG] Connected to MongoDB
[2025-06-28T19:12:16.380Z] [INFO] Found 1 company databases
[2025-06-28T19:12:16.381Z] [DEBUG] Processing company database: company_9jxwph8g
[2025-06-28T19:12:16.428Z] [DEBUG] Finding reports to execute in company_9jxwph8g (current time: 2025-06-28T19:12:16.428Z)
[2025-06-28T19:12:16.483Z] [INFO] Found 0 reports to execute in company_9jxwph8g
[2025-06-28T19:12:16.484Z] [INFO] Scheduled reports check completed
[2025-06-28T19:12:16.487Z] [DEBUG] MongoDB connection closed
[2025-06-28T19:12:45.638Z] [INFO] Checking for scheduled reports...
[2025-06-28T19:12:46.178Z] [DEBUG] Connected to MongoDB
[2025-06-28T19:12:46.236Z] [INFO] Found 1 company databases
[2025-06-28T19:12:46.236Z] [DEBUG] Processing company database: company_9jxwph8g
[2025-06-28T19:12:46.283Z] [DEBUG] Finding reports to execute in company_9jxwph8g (current time: 2025-06-28T19:12:46.283Z)
[2025-06-28T19:12:46.331Z] [INFO] Found 0 reports to execute in company_9jxwph8g
[2025-06-28T19:12:46.331Z] [INFO] Scheduled reports check completed
[2025-06-28T19:12:46.333Z] [DEBUG] MongoDB connection closed
[2025-06-28T19:13:15.639Z] [INFO] Checking for scheduled reports...
[2025-06-28T19:13:16.367Z] [DEBUG] Connected to MongoDB
[2025-06-28T19:13:16.424Z] [INFO] Found 1 company databases
[2025-06-28T19:13:16.424Z] [DEBUG] Processing company database: company_9jxwph8g
[2025-06-28T19:13:16.472Z] [DEBUG] Finding reports to execute in company_9jxwph8g (current time: 2025-06-28T19:13:16.472Z)
[2025-06-28T19:13:16.518Z] [INFO] Found 0 reports to execute in company_9jxwph8g
[2025-06-28T19:13:16.518Z] [INFO] Scheduled reports check completed
[2025-06-28T19:13:16.520Z] [DEBUG] MongoDB connection closed
[2025-06-28T19:13:45.641Z] [INFO] Checking for scheduled reports...
[2025-06-28T19:13:46.182Z] [DEBUG] Connected to MongoDB
[2025-06-28T19:13:46.245Z] [INFO] Found 1 company databases
[2025-06-28T19:13:46.246Z] [DEBUG] Processing company database: company_9jxwph8g
[2025-06-28T19:13:46.293Z] [DEBUG] Finding reports to execute in company_9jxwph8g (current time: 2025-06-28T19:13:46.293Z)
[2025-06-28T19:13:46.339Z] [INFO] Found 0 reports to execute in company_9jxwph8g
[2025-06-28T19:13:46.339Z] [INFO] Scheduled reports check completed
[2025-06-28T19:13:46.341Z] [DEBUG] MongoDB connection closed
[2025-06-28T19:14:15.641Z] [INFO] Checking for scheduled reports...
[2025-06-28T19:14:16.299Z] [DEBUG] Connected to MongoDB
[2025-06-28T19:14:16.356Z] [INFO] Found 1 company databases
[2025-06-28T19:14:16.357Z] [DEBUG] Processing company database: company_9jxwph8g
[2025-06-28T19:14:16.404Z] [DEBUG] Finding reports to execute in company_9jxwph8g (current time: 2025-06-28T19:14:16.404Z)
[2025-06-28T19:14:16.451Z] [INFO] Found 0 reports to execute in company_9jxwph8g
[2025-06-28T19:14:16.452Z] [INFO] Scheduled reports check completed
[2025-06-28T19:14:16.454Z] [DEBUG] MongoDB connection closed
[2025-06-28T19:14:45.643Z] [INFO] Checking for scheduled reports...
[2025-06-28T19:14:46.338Z] [DEBUG] Connected to MongoDB
[2025-06-28T19:14:46.398Z] [INFO] Found 1 company databases
[2025-06-28T19:14:46.399Z] [DEBUG] Processing company database: company_9jxwph8g
[2025-06-28T19:14:46.449Z] [DEBUG] Finding reports to execute in company_9jxwph8g (current time: 2025-06-28T19:14:46.449Z)
[2025-06-28T19:14:46.497Z] [INFO] Found 0 reports to execute in company_9jxwph8g
[2025-06-28T19:14:46.498Z] [INFO] Scheduled reports check completed
[2025-06-28T19:14:46.500Z] [DEBUG] MongoDB connection closed
[2025-06-28T19:15:15.645Z] [INFO] Checking for scheduled reports...
[2025-06-28T19:15:16.289Z] [DEBUG] Connected to MongoDB
[2025-06-28T19:15:16.347Z] [INFO] Found 1 company databases
[2025-06-28T19:15:16.348Z] [DEBUG] Processing company database: company_9jxwph8g
[2025-06-28T19:15:16.397Z] [DEBUG] Finding reports to execute in company_9jxwph8g (current time: 2025-06-28T19:15:16.397Z)
[2025-06-28T19:15:16.444Z] [INFO] Found 0 reports to execute in company_9jxwph8g
[2025-06-28T19:15:16.445Z] [INFO] Scheduled reports check completed
[2025-06-28T19:15:16.448Z] [DEBUG] MongoDB connection closed
[2025-06-28T19:15:45.646Z] [INFO] Checking for scheduled reports...
[2025-06-28T19:15:46.207Z] [DEBUG] Connected to MongoDB
[2025-06-28T19:15:46.266Z] [INFO] Found 1 company databases
[2025-06-28T19:15:46.266Z] [DEBUG] Processing company database: company_9jxwph8g
[2025-06-28T19:15:46.315Z] [DEBUG] Finding reports to execute in company_9jxwph8g (current time: 2025-06-28T19:15:46.315Z)
[2025-06-28T19:15:46.364Z] [INFO] Found 0 reports to execute in company_9jxwph8g
[2025-06-28T19:15:46.365Z] [INFO] Scheduled reports check completed
[2025-06-28T19:15:46.367Z] [DEBUG] MongoDB connection closed
[2025-06-28T19:16:15.648Z] [INFO] Checking for scheduled reports...
[2025-06-28T19:16:16.396Z] [DEBUG] Connected to MongoDB
[2025-06-28T19:16:16.454Z] [INFO] Found 1 company databases
[2025-06-28T19:16:16.455Z] [DEBUG] Processing company database: company_9jxwph8g
[2025-06-28T19:16:16.504Z] [DEBUG] Finding reports to execute in company_9jxwph8g (current time: 2025-06-28T19:16:16.503Z)
[2025-06-28T19:16:16.551Z] [INFO] Found 0 reports to execute in company_9jxwph8g
[2025-06-28T19:16:16.552Z] [INFO] Scheduled reports check completed
[2025-06-28T19:16:16.554Z] [DEBUG] MongoDB connection closed
[2025-06-28T19:16:45.650Z] [INFO] Checking for scheduled reports...
[2025-06-28T19:16:46.199Z] [DEBUG] Connected to MongoDB
[2025-06-28T19:16:46.257Z] [INFO] Found 1 company databases
[2025-06-28T19:16:46.258Z] [DEBUG] Processing company database: company_9jxwph8g
[2025-06-28T19:16:46.305Z] [DEBUG] Finding reports to execute in company_9jxwph8g (current time: 2025-06-28T19:16:46.305Z)
[2025-06-28T19:16:46.352Z] [INFO] Found 0 reports to execute in company_9jxwph8g
[2025-06-28T19:16:46.353Z] [INFO] Scheduled reports check completed
[2025-06-28T19:16:46.355Z] [DEBUG] MongoDB connection closed
[2025-06-28T19:17:15.651Z] [INFO] Checking for scheduled reports...
[2025-06-28T19:17:16.277Z] [DEBUG] Connected to MongoDB
[2025-06-28T19:17:16.336Z] [INFO] Found 1 company databases
[2025-06-28T19:17:16.336Z] [DEBUG] Processing company database: company_9jxwph8g
[2025-06-28T19:17:16.384Z] [DEBUG] Finding reports to execute in company_9jxwph8g (current time: 2025-06-28T19:17:16.384Z)
[2025-06-28T19:17:16.431Z] [INFO] Found 0 reports to execute in company_9jxwph8g
[2025-06-28T19:17:16.432Z] [INFO] Scheduled reports check completed
[2025-06-28T19:17:16.434Z] [DEBUG] MongoDB connection closed
[2025-06-28T19:17:45.654Z] [INFO] Checking for scheduled reports...
[2025-06-28T19:17:46.415Z] [DEBUG] Connected to MongoDB
[2025-06-28T19:17:46.474Z] [INFO] Found 1 company databases
[2025-06-28T19:17:46.475Z] [DEBUG] Processing company database: company_9jxwph8g
[2025-06-28T19:17:46.522Z] [DEBUG] Finding reports to execute in company_9jxwph8g (current time: 2025-06-28T19:17:46.522Z)
[2025-06-28T19:17:46.570Z] [INFO] Found 0 reports to execute in company_9jxwph8g
[2025-06-28T19:17:46.571Z] [INFO] Scheduled reports check completed
[2025-06-28T19:17:46.573Z] [DEBUG] MongoDB connection closed
[2025-06-28T19:18:15.656Z] [INFO] Checking for scheduled reports...
[2025-06-28T19:18:16.290Z] [DEBUG] Connected to MongoDB
[2025-06-28T19:18:16.349Z] [INFO] Found 1 company databases
[2025-06-28T19:18:16.350Z] [DEBUG] Processing company database: company_9jxwph8g
[2025-06-28T19:18:16.398Z] [DEBUG] Finding reports to execute in company_9jxwph8g (current time: 2025-06-28T19:18:16.398Z)
[2025-06-28T19:18:16.446Z] [INFO] Found 0 reports to execute in company_9jxwph8g
[2025-06-28T19:18:16.447Z] [INFO] Scheduled reports check completed
[2025-06-28T19:18:16.449Z] [DEBUG] MongoDB connection closed
[2025-06-28T19:18:45.657Z] [INFO] Checking for scheduled reports...
[2025-06-28T19:18:46.233Z] [DEBUG] Connected to MongoDB
[2025-06-28T19:18:46.294Z] [INFO] Found 1 company databases
[2025-06-28T19:18:46.294Z] [DEBUG] Processing company database: company_9jxwph8g
[2025-06-28T19:18:46.344Z] [DEBUG] Finding reports to execute in company_9jxwph8g (current time: 2025-06-28T19:18:46.344Z)
[2025-06-28T19:18:46.396Z] [INFO] Found 0 reports to execute in company_9jxwph8g
[2025-06-28T19:18:46.396Z] [INFO] Scheduled reports check completed
[2025-06-28T19:18:46.399Z] [DEBUG] MongoDB connection closed
[2025-06-28T19:19:15.659Z] [INFO] Checking for scheduled reports...
[2025-06-28T19:19:16.490Z] [DEBUG] Connected to MongoDB
[2025-06-28T19:19:16.548Z] [INFO] Found 1 company databases
[2025-06-28T19:19:16.549Z] [DEBUG] Processing company database: company_9jxwph8g
[2025-06-28T19:19:16.601Z] [DEBUG] Finding reports to execute in company_9jxwph8g (current time: 2025-06-28T19:19:16.600Z)
[2025-06-28T19:19:16.648Z] [INFO] Found 0 reports to execute in company_9jxwph8g
[2025-06-28T19:19:16.649Z] [INFO] Scheduled reports check completed
[2025-06-28T19:19:16.651Z] [DEBUG] MongoDB connection closed
[2025-06-28T19:19:45.660Z] [INFO] Checking for scheduled reports...
[2025-06-28T19:19:46.209Z] [DEBUG] Connected to MongoDB
[2025-06-28T19:19:46.268Z] [INFO] Found 1 company databases
[2025-06-28T19:19:46.268Z] [DEBUG] Processing company database: company_9jxwph8g
[2025-06-28T19:19:46.317Z] [DEBUG] Finding reports to execute in company_9jxwph8g (current time: 2025-06-28T19:19:46.317Z)
[2025-06-28T19:19:46.365Z] [INFO] Found 0 reports to execute in company_9jxwph8g
[2025-06-28T19:19:46.366Z] [INFO] Scheduled reports check completed
[2025-06-28T19:19:46.368Z] [DEBUG] MongoDB connection closed
[2025-06-28T19:20:15.662Z] [INFO] Checking for scheduled reports...
[2025-06-28T19:20:16.289Z] [DEBUG] Connected to MongoDB
[2025-06-28T19:20:16.347Z] [INFO] Found 1 company databases
[2025-06-28T19:20:16.347Z] [DEBUG] Processing company database: company_9jxwph8g
[2025-06-28T19:20:16.398Z] [DEBUG] Finding reports to execute in company_9jxwph8g (current time: 2025-06-28T19:20:16.398Z)
[2025-06-28T19:20:16.446Z] [INFO] Found 0 reports to execute in company_9jxwph8g
[2025-06-28T19:20:16.446Z] [INFO] Scheduled reports check completed
[2025-06-28T19:20:16.448Z] [DEBUG] MongoDB connection closed
[2025-06-28T19:20:45.664Z] [INFO] Checking for scheduled reports...
[2025-06-28T19:20:46.327Z] [DEBUG] Connected to MongoDB
[2025-06-28T19:20:46.385Z] [INFO] Found 1 company databases
[2025-06-28T19:20:46.385Z] [DEBUG] Processing company database: company_9jxwph8g
[2025-06-28T19:20:46.433Z] [DEBUG] Finding reports to execute in company_9jxwph8g (current time: 2025-06-28T19:20:46.433Z)
[2025-06-28T19:20:46.479Z] [INFO] Found 0 reports to execute in company_9jxwph8g
[2025-06-28T19:20:46.480Z] [INFO] Scheduled reports check completed
[2025-06-28T19:20:46.482Z] [DEBUG] MongoDB connection closed
[2025-06-28T19:21:15.666Z] [INFO] Checking for scheduled reports...
[2025-06-28T19:21:16.295Z] [DEBUG] Connected to MongoDB
[2025-06-28T19:21:16.353Z] [INFO] Found 1 company databases
[2025-06-28T19:21:16.354Z] [DEBUG] Processing company database: company_9jxwph8g
[2025-06-28T19:21:16.402Z] [DEBUG] Finding reports to execute in company_9jxwph8g (current time: 2025-06-28T19:21:16.402Z)
[2025-06-28T19:21:16.449Z] [INFO] Found 0 reports to execute in company_9jxwph8g
[2025-06-28T19:21:16.450Z] [INFO] Scheduled reports check completed
[2025-06-28T19:21:16.452Z] [DEBUG] MongoDB connection closed
[2025-06-28T19:21:45.668Z] [INFO] Checking for scheduled reports...
[2025-06-28T19:21:46.222Z] [DEBUG] Connected to MongoDB
[2025-06-28T19:21:46.280Z] [INFO] Found 1 company databases
[2025-06-28T19:21:46.281Z] [DEBUG] Processing company database: company_9jxwph8g
[2025-06-28T19:21:46.329Z] [DEBUG] Finding reports to execute in company_9jxwph8g (current time: 2025-06-28T19:21:46.328Z)
[2025-06-28T19:21:46.376Z] [INFO] Found 0 reports to execute in company_9jxwph8g
[2025-06-28T19:21:46.377Z] [INFO] Scheduled reports check completed
[2025-06-28T19:21:46.379Z] [DEBUG] MongoDB connection closed
[2025-06-28T19:22:15.668Z] [INFO] Checking for scheduled reports...
[2025-06-28T19:22:16.402Z] [DEBUG] Connected to MongoDB
[2025-06-28T19:22:16.467Z] [INFO] Found 1 company databases
[2025-06-28T19:22:16.468Z] [DEBUG] Processing company database: company_9jxwph8g
[2025-06-28T19:22:16.515Z] [DEBUG] Finding reports to execute in company_9jxwph8g (current time: 2025-06-28T19:22:16.515Z)
[2025-06-28T19:22:16.562Z] [INFO] Found 0 reports to execute in company_9jxwph8g
[2025-06-28T19:22:16.562Z] [INFO] Scheduled reports check completed
[2025-06-28T19:22:16.564Z] [DEBUG] MongoDB connection closed
[2025-06-28T19:22:45.669Z] [INFO] Checking for scheduled reports...
[2025-06-28T19:22:46.298Z] [DEBUG] Connected to MongoDB
[2025-06-28T19:22:46.363Z] [INFO] Found 1 company databases
[2025-06-28T19:22:46.363Z] [DEBUG] Processing company database: company_9jxwph8g
[2025-06-28T19:22:46.411Z] [DEBUG] Finding reports to execute in company_9jxwph8g (current time: 2025-06-28T19:22:46.411Z)
[2025-06-28T19:22:46.458Z] [INFO] Found 0 reports to execute in company_9jxwph8g
[2025-06-28T19:22:46.459Z] [INFO] Scheduled reports check completed
[2025-06-28T19:22:46.461Z] [DEBUG] MongoDB connection closed
[2025-06-28T19:23:15.671Z] [INFO] Checking for scheduled reports...
[2025-06-28T19:23:16.340Z] [DEBUG] Connected to MongoDB
[2025-06-28T19:23:16.399Z] [INFO] Found 1 company databases
[2025-06-28T19:23:16.400Z] [DEBUG] Processing company database: company_9jxwph8g
[2025-06-28T19:23:16.447Z] [DEBUG] Finding reports to execute in company_9jxwph8g (current time: 2025-06-28T19:23:16.447Z)
[2025-06-28T19:23:16.494Z] [INFO] Found 0 reports to execute in company_9jxwph8g
[2025-06-28T19:23:16.495Z] [INFO] Scheduled reports check completed
[2025-06-28T19:23:16.497Z] [DEBUG] MongoDB connection closed
[2025-06-28T19:23:45.674Z] [INFO] Checking for scheduled reports...
[2025-06-28T19:23:46.478Z] [DEBUG] Connected to MongoDB
[2025-06-28T19:23:46.536Z] [INFO] Found 1 company databases
[2025-06-28T19:23:46.536Z] [DEBUG] Processing company database: company_9jxwph8g
[2025-06-28T19:23:46.583Z] [DEBUG] Finding reports to execute in company_9jxwph8g (current time: 2025-06-28T19:23:46.583Z)
[2025-06-28T19:23:46.629Z] [INFO] Found 0 reports to execute in company_9jxwph8g
[2025-06-28T19:23:46.630Z] [INFO] Scheduled reports check completed
[2025-06-28T19:23:46.633Z] [DEBUG] MongoDB connection closed
[2025-06-28T19:24:15.674Z] [INFO] Checking for scheduled reports...
[2025-06-28T19:24:16.311Z] [DEBUG] Connected to MongoDB
[2025-06-28T19:24:16.370Z] [INFO] Found 1 company databases
[2025-06-28T19:24:16.371Z] [DEBUG] Processing company database: company_9jxwph8g
[2025-06-28T19:24:16.419Z] [DEBUG] Finding reports to execute in company_9jxwph8g (current time: 2025-06-28T19:24:16.419Z)
[2025-06-28T19:24:16.466Z] [INFO] Found 0 reports to execute in company_9jxwph8g
[2025-06-28T19:24:16.467Z] [INFO] Scheduled reports check completed
[2025-06-28T19:24:16.469Z] [DEBUG] MongoDB connection closed
[2025-06-28T19:24:45.675Z] [INFO] Checking for scheduled reports...
[2025-06-28T19:24:46.230Z] [DEBUG] Connected to MongoDB
[2025-06-28T19:24:46.290Z] [INFO] Found 1 company databases
[2025-06-28T19:24:46.291Z] [DEBUG] Processing company database: company_9jxwph8g
[2025-06-28T19:24:46.341Z] [DEBUG] Finding reports to execute in company_9jxwph8g (current time: 2025-06-28T19:24:46.341Z)
[2025-06-28T19:24:46.389Z] [INFO] Found 0 reports to execute in company_9jxwph8g
[2025-06-28T19:24:46.390Z] [INFO] Scheduled reports check completed
[2025-06-28T19:24:46.392Z] [DEBUG] MongoDB connection closed
[2025-06-28T19:25:15.677Z] [INFO] Checking for scheduled reports...
[2025-06-28T19:25:16.418Z] [DEBUG] Connected to MongoDB
[2025-06-28T19:25:16.477Z] [INFO] Found 1 company databases
[2025-06-28T19:25:16.477Z] [DEBUG] Processing company database: company_9jxwph8g
[2025-06-28T19:25:16.526Z] [DEBUG] Finding reports to execute in company_9jxwph8g (current time: 2025-06-28T19:25:16.526Z)
[2025-06-28T19:25:16.574Z] [INFO] Found 0 reports to execute in company_9jxwph8g
[2025-06-28T19:25:16.574Z] [INFO] Scheduled reports check completed
[2025-06-28T19:25:16.577Z] [DEBUG] MongoDB connection closed
[2025-06-28T19:25:45.678Z] [INFO] Checking for scheduled reports...
[2025-06-28T19:25:46.268Z] [DEBUG] Connected to MongoDB
[2025-06-28T19:25:46.327Z] [INFO] Found 1 company databases
[2025-06-28T19:25:46.327Z] [DEBUG] Processing company database: company_9jxwph8g
[2025-06-28T19:25:46.375Z] [DEBUG] Finding reports to execute in company_9jxwph8g (current time: 2025-06-28T19:25:46.375Z)
[2025-06-28T19:25:46.423Z] [INFO] Found 0 reports to execute in company_9jxwph8g
[2025-06-28T19:25:46.423Z] [INFO] Scheduled reports check completed
[2025-06-28T19:25:46.426Z] [DEBUG] MongoDB connection closed
[2025-06-28T19:26:15.681Z] [INFO] Checking for scheduled reports...
[2025-06-28T19:26:16.312Z] [DEBUG] Connected to MongoDB
[2025-06-28T19:26:16.372Z] [INFO] Found 1 company databases
[2025-06-28T19:26:16.373Z] [DEBUG] Processing company database: company_9jxwph8g
[2025-06-28T19:26:16.421Z] [DEBUG] Finding reports to execute in company_9jxwph8g (current time: 2025-06-28T19:26:16.421Z)
[2025-06-28T19:26:16.469Z] [INFO] Found 0 reports to execute in company_9jxwph8g
[2025-06-28T19:26:16.469Z] [INFO] Scheduled reports check completed
[2025-06-28T19:26:16.472Z] [DEBUG] MongoDB connection closed
[2025-06-28T19:26:45.681Z] [INFO] Checking for scheduled reports...
[2025-06-28T19:26:46.347Z] [DEBUG] Connected to MongoDB
[2025-06-28T19:26:46.405Z] [INFO] Found 1 company databases
[2025-06-28T19:26:46.406Z] [DEBUG] Processing company database: company_9jxwph8g
[2025-06-28T19:26:46.454Z] [DEBUG] Finding reports to execute in company_9jxwph8g (current time: 2025-06-28T19:26:46.454Z)
[2025-06-28T19:26:46.503Z] [INFO] Found 0 reports to execute in company_9jxwph8g
[2025-06-28T19:26:46.504Z] [INFO] Scheduled reports check completed
[2025-06-28T19:26:46.507Z] [DEBUG] MongoDB connection closed
[2025-06-28T19:27:15.682Z] [INFO] Checking for scheduled reports...
[2025-06-28T19:27:16.326Z] [DEBUG] Connected to MongoDB
[2025-06-28T19:27:16.385Z] [INFO] Found 1 company databases
[2025-06-28T19:27:16.386Z] [DEBUG] Processing company database: company_9jxwph8g
[2025-06-28T19:27:16.434Z] [DEBUG] Finding reports to execute in company_9jxwph8g (current time: 2025-06-28T19:27:16.434Z)
[2025-06-28T19:27:16.482Z] [INFO] Found 0 reports to execute in company_9jxwph8g
[2025-06-28T19:27:16.483Z] [INFO] Scheduled reports check completed
[2025-06-28T19:27:16.485Z] [DEBUG] MongoDB connection closed
[2025-06-28T19:27:45.683Z] [INFO] Checking for scheduled reports...
[2025-06-28T19:27:46.237Z] [DEBUG] Connected to MongoDB
[2025-06-28T19:27:46.297Z] [INFO] Found 1 company databases
[2025-06-28T19:27:46.298Z] [DEBUG] Processing company database: company_9jxwph8g
[2025-06-28T19:27:46.372Z] [DEBUG] Finding reports to execute in company_9jxwph8g (current time: 2025-06-28T19:27:46.372Z)
[2025-06-28T19:27:46.420Z] [INFO] Found 0 reports to execute in company_9jxwph8g
[2025-06-28T19:27:46.421Z] [INFO] Scheduled reports check completed
[2025-06-28T19:27:46.425Z] [DEBUG] MongoDB connection closed
[2025-06-28T19:28:15.684Z] [INFO] Checking for scheduled reports...
[2025-06-28T19:28:16.445Z] [DEBUG] Connected to MongoDB
[2025-06-28T19:28:16.505Z] [INFO] Found 1 company databases
[2025-06-28T19:28:16.506Z] [DEBUG] Processing company database: company_9jxwph8g
[2025-06-28T19:28:16.554Z] [DEBUG] Finding reports to execute in company_9jxwph8g (current time: 2025-06-28T19:28:16.554Z)
[2025-06-28T19:28:16.602Z] [INFO] Found 0 reports to execute in company_9jxwph8g
[2025-06-28T19:28:16.603Z] [INFO] Scheduled reports check completed
[2025-06-28T19:28:16.606Z] [DEBUG] MongoDB connection closed
[2025-06-28T19:28:45.685Z] [INFO] Checking for scheduled reports...
[2025-06-28T19:28:46.254Z] [DEBUG] Connected to MongoDB
[2025-06-28T19:28:46.313Z] [INFO] Found 1 company databases
[2025-06-28T19:28:46.314Z] [DEBUG] Processing company database: company_9jxwph8g
[2025-06-28T19:28:46.363Z] [DEBUG] Finding reports to execute in company_9jxwph8g (current time: 2025-06-28T19:28:46.363Z)
[2025-06-28T19:28:46.411Z] [INFO] Found 0 reports to execute in company_9jxwph8g
[2025-06-28T19:28:46.412Z] [INFO] Scheduled reports check completed
[2025-06-28T19:28:46.415Z] [DEBUG] MongoDB connection closed
[2025-06-28T19:29:15.686Z] [INFO] Checking for scheduled reports...
[2025-06-28T19:29:16.333Z] [DEBUG] Connected to MongoDB
[2025-06-28T19:29:16.391Z] [INFO] Found 1 company databases
[2025-06-28T19:29:16.392Z] [DEBUG] Processing company database: company_9jxwph8g
[2025-06-28T19:29:16.442Z] [DEBUG] Finding reports to execute in company_9jxwph8g (current time: 2025-06-28T19:29:16.442Z)
[2025-06-28T19:29:16.489Z] [INFO] Found 0 reports to execute in company_9jxwph8g
[2025-06-28T19:29:16.489Z] [INFO] Scheduled reports check completed
[2025-06-28T19:29:16.492Z] [DEBUG] MongoDB connection closed
[2025-06-28T19:29:45.686Z] [INFO] Checking for scheduled reports...
[2025-06-28T19:29:46.512Z] [DEBUG] Connected to MongoDB
[2025-06-28T19:29:46.570Z] [INFO] Found 1 company databases
[2025-06-28T19:29:46.570Z] [DEBUG] Processing company database: company_9jxwph8g
[2025-06-28T19:29:46.625Z] [DEBUG] Finding reports to execute in company_9jxwph8g (current time: 2025-06-28T19:29:46.625Z)
[2025-06-28T19:29:46.672Z] [INFO] Found 0 reports to execute in company_9jxwph8g
[2025-06-28T19:29:46.673Z] [INFO] Scheduled reports check completed
[2025-06-28T19:29:46.676Z] [DEBUG] MongoDB connection closed
[2025-06-28T19:30:15.688Z] [INFO] Checking for scheduled reports...
[2025-06-28T19:30:16.310Z] [DEBUG] Connected to MongoDB
[2025-06-28T19:30:16.368Z] [INFO] Found 1 company databases
[2025-06-28T19:30:16.368Z] [DEBUG] Processing company database: company_9jxwph8g
[2025-06-28T19:30:16.416Z] [DEBUG] Finding reports to execute in company_9jxwph8g (current time: 2025-06-28T19:30:16.416Z)
[2025-06-28T19:30:16.463Z] [INFO] Found 0 reports to execute in company_9jxwph8g
[2025-06-28T19:30:16.464Z] [INFO] Scheduled reports check completed
[2025-06-28T19:30:16.466Z] [DEBUG] MongoDB connection closed
[2025-06-28T19:30:45.691Z] [INFO] Checking for scheduled reports...
[2025-06-28T19:30:46.249Z] [DEBUG] Connected to MongoDB
[2025-06-28T19:30:46.307Z] [INFO] Found 1 company databases
[2025-06-28T19:30:46.308Z] [DEBUG] Processing company database: company_9jxwph8g
[2025-06-28T19:30:46.355Z] [DEBUG] Finding reports to execute in company_9jxwph8g (current time: 2025-06-28T19:30:46.355Z)
[2025-06-28T19:30:46.403Z] [INFO] Found 0 reports to execute in company_9jxwph8g
[2025-06-28T19:30:46.404Z] [INFO] Scheduled reports check completed
[2025-06-28T19:30:46.406Z] [DEBUG] MongoDB connection closed
[2025-06-28T19:31:15.690Z] [INFO] Checking for scheduled reports...
[2025-06-28T19:31:16.468Z] [DEBUG] Connected to MongoDB
[2025-06-28T19:31:16.526Z] [INFO] Found 1 company databases
[2025-06-28T19:31:16.527Z] [DEBUG] Processing company database: company_9jxwph8g
[2025-06-28T19:31:16.575Z] [DEBUG] Finding reports to execute in company_9jxwph8g (current time: 2025-06-28T19:31:16.575Z)
[2025-06-28T19:31:16.621Z] [INFO] Found 0 reports to execute in company_9jxwph8g
[2025-06-28T19:31:16.622Z] [INFO] Scheduled reports check completed
[2025-06-28T19:31:16.625Z] [DEBUG] MongoDB connection closed
[2025-06-28T19:31:45.692Z] [INFO] Checking for scheduled reports...
[2025-06-28T19:31:46.288Z] [DEBUG] Connected to MongoDB
[2025-06-28T19:31:46.347Z] [INFO] Found 1 company databases
[2025-06-28T19:31:46.347Z] [DEBUG] Processing company database: company_9jxwph8g
[2025-06-28T19:31:46.394Z] [DEBUG] Finding reports to execute in company_9jxwph8g (current time: 2025-06-28T19:31:46.394Z)
[2025-06-28T19:31:46.441Z] [INFO] Found 0 reports to execute in company_9jxwph8g
[2025-06-28T19:31:46.442Z] [INFO] Scheduled reports check completed
[2025-06-28T19:31:46.444Z] [DEBUG] MongoDB connection closed
[2025-06-28T19:32:15.693Z] [INFO] Checking for scheduled reports...
[2025-06-28T19:32:16.331Z] [DEBUG] Connected to MongoDB
[2025-06-28T19:32:16.389Z] [INFO] Found 1 company databases
[2025-06-28T19:32:16.390Z] [DEBUG] Processing company database: company_9jxwph8g
[2025-06-28T19:32:16.439Z] [DEBUG] Finding reports to execute in company_9jxwph8g (current time: 2025-06-28T19:32:16.439Z)
[2025-06-28T19:32:16.486Z] [INFO] Found 0 reports to execute in company_9jxwph8g
[2025-06-28T19:32:16.486Z] [INFO] Scheduled reports check completed
[2025-06-28T19:32:16.489Z] [DEBUG] MongoDB connection closed
[2025-06-28T19:32:45.697Z] [INFO] Checking for scheduled reports...
[2025-06-28T19:32:46.445Z] [DEBUG] Connected to MongoDB
[2025-06-28T19:32:46.504Z] [INFO] Found 1 company databases
[2025-06-28T19:32:46.505Z] [DEBUG] Processing company database: company_9jxwph8g
[2025-06-28T19:32:46.552Z] [DEBUG] Finding reports to execute in company_9jxwph8g (current time: 2025-06-28T19:32:46.552Z)
[2025-06-28T19:32:46.599Z] [INFO] Found 0 reports to execute in company_9jxwph8g
[2025-06-28T19:32:46.600Z] [INFO] Scheduled reports check completed
[2025-06-28T19:32:46.602Z] [DEBUG] MongoDB connection closed
[2025-06-28T19:33:15.702Z] [INFO] Checking for scheduled reports...
[2025-06-28T19:33:16.337Z] [DEBUG] Connected to MongoDB
[2025-06-28T19:33:16.396Z] [INFO] Found 1 company databases
[2025-06-28T19:33:16.396Z] [DEBUG] Processing company database: company_9jxwph8g
[2025-06-28T19:33:16.452Z] [DEBUG] Finding reports to execute in company_9jxwph8g (current time: 2025-06-28T19:33:16.452Z)
[2025-06-28T19:33:16.500Z] [INFO] Found 0 reports to execute in company_9jxwph8g
[2025-06-28T19:33:16.500Z] [INFO] Scheduled reports check completed
[2025-06-28T19:33:16.503Z] [DEBUG] MongoDB connection closed
[2025-06-28T19:33:45.703Z] [INFO] Checking for scheduled reports...
[2025-06-28T19:33:46.253Z] [DEBUG] Connected to MongoDB
[2025-06-28T19:33:46.311Z] [INFO] Found 1 company databases
[2025-06-28T19:33:46.313Z] [DEBUG] Processing company database: company_9jxwph8g
[2025-06-28T19:33:46.360Z] [DEBUG] Finding reports to execute in company_9jxwph8g (current time: 2025-06-28T19:33:46.360Z)
[2025-06-28T19:33:46.407Z] [INFO] Found 0 reports to execute in company_9jxwph8g
[2025-06-28T19:33:46.408Z] [INFO] Scheduled reports check completed
[2025-06-28T19:33:46.412Z] [DEBUG] MongoDB connection closed
[2025-06-28T19:34:15.705Z] [INFO] Checking for scheduled reports...
[2025-06-28T19:34:16.451Z] [DEBUG] Connected to MongoDB
[2025-06-28T19:34:16.509Z] [INFO] Found 1 company databases
[2025-06-28T19:34:16.510Z] [DEBUG] Processing company database: company_9jxwph8g
[2025-06-28T19:34:16.564Z] [DEBUG] Finding reports to execute in company_9jxwph8g (current time: 2025-06-28T19:34:16.564Z)
[2025-06-28T19:34:16.611Z] [INFO] Found 0 reports to execute in company_9jxwph8g
[2025-06-28T19:34:16.611Z] [INFO] Scheduled reports check completed
[2025-06-28T19:34:16.614Z] [DEBUG] MongoDB connection closed
[2025-06-28T19:34:45.706Z] [INFO] Checking for scheduled reports...
[2025-06-28T19:34:46.258Z] [DEBUG] Connected to MongoDB
[2025-06-28T19:34:46.316Z] [INFO] Found 1 company databases
[2025-06-28T19:34:46.317Z] [DEBUG] Processing company database: company_9jxwph8g
[2025-06-28T19:34:46.365Z] [DEBUG] Finding reports to execute in company_9jxwph8g (current time: 2025-06-28T19:34:46.365Z)
[2025-06-28T19:34:46.412Z] [INFO] Found 0 reports to execute in company_9jxwph8g
[2025-06-28T19:34:46.413Z] [INFO] Scheduled reports check completed
[2025-06-28T19:34:46.415Z] [DEBUG] MongoDB connection closed
[2025-06-28T19:35:15.707Z] [INFO] Checking for scheduled reports...
[2025-06-28T19:35:16.352Z] [DEBUG] Connected to MongoDB
[2025-06-28T19:35:16.410Z] [INFO] Found 1 company databases
[2025-06-28T19:35:16.410Z] [DEBUG] Processing company database: company_9jxwph8g
[2025-06-28T19:35:16.459Z] [DEBUG] Finding reports to execute in company_9jxwph8g (current time: 2025-06-28T19:35:16.459Z)
[2025-06-28T19:35:16.504Z] [INFO] Found 0 reports to execute in company_9jxwph8g
[2025-06-28T19:35:16.505Z] [INFO] Scheduled reports check completed
[2025-06-28T19:35:16.505Z] [DEBUG] MongoDB connection closed
[2025-06-28T19:35:45.708Z] [INFO] Checking for scheduled reports...
[2025-06-28T19:35:46.265Z] [DEBUG] Connected to MongoDB
[2025-06-28T19:35:46.326Z] [INFO] Found 1 company databases
[2025-06-28T19:35:46.327Z] [DEBUG] Processing company database: company_9jxwph8g
[2025-06-28T19:35:46.374Z] [DEBUG] Finding reports to execute in company_9jxwph8g (current time: 2025-06-28T19:35:46.374Z)
[2025-06-28T19:35:46.421Z] [INFO] Found 0 reports to execute in company_9jxwph8g
[2025-06-28T19:35:46.421Z] [INFO] Scheduled reports check completed
[2025-06-28T19:35:46.424Z] [DEBUG] MongoDB connection closed
[2025-06-28T19:36:15.710Z] [INFO] Checking for scheduled reports...
[2025-06-28T19:36:16.329Z] [DEBUG] Connected to MongoDB
[2025-06-28T19:36:16.387Z] [INFO] Found 1 company databases
[2025-06-28T19:36:16.387Z] [DEBUG] Processing company database: company_9jxwph8g
[2025-06-28T19:36:16.434Z] [DEBUG] Finding reports to execute in company_9jxwph8g (current time: 2025-06-28T19:36:16.434Z)
[2025-06-28T19:36:16.484Z] [INFO] Found 0 reports to execute in company_9jxwph8g
[2025-06-28T19:36:16.485Z] [INFO] Scheduled reports check completed
[2025-06-28T19:36:16.486Z] [DEBUG] MongoDB connection closed
[2025-06-28T19:36:45.711Z] [INFO] Checking for scheduled reports...
[2025-06-28T19:36:46.245Z] [DEBUG] Connected to MongoDB
[2025-06-28T19:36:46.304Z] [INFO] Found 1 company databases
[2025-06-28T19:36:46.305Z] [DEBUG] Processing company database: company_9jxwph8g
[2025-06-28T19:36:46.352Z] [DEBUG] Finding reports to execute in company_9jxwph8g (current time: 2025-06-28T19:36:46.352Z)
[2025-06-28T19:36:46.398Z] [INFO] Found 0 reports to execute in company_9jxwph8g
[2025-06-28T19:36:46.399Z] [INFO] Scheduled reports check completed
[2025-06-28T19:36:46.401Z] [DEBUG] MongoDB connection closed
[2025-06-28T19:37:15.712Z] [INFO] Checking for scheduled reports...
[2025-06-28T19:37:16.344Z] [DEBUG] Connected to MongoDB
[2025-06-28T19:37:16.402Z] [INFO] Found 1 company databases
[2025-06-28T19:37:16.402Z] [DEBUG] Processing company database: company_9jxwph8g
[2025-06-28T19:37:16.449Z] [DEBUG] Finding reports to execute in company_9jxwph8g (current time: 2025-06-28T19:37:16.449Z)
[2025-06-28T19:37:16.495Z] [INFO] Found 0 reports to execute in company_9jxwph8g
[2025-06-28T19:37:16.496Z] [INFO] Scheduled reports check completed
[2025-06-28T19:37:16.498Z] [DEBUG] MongoDB connection closed
[2025-06-28T19:37:45.712Z] [INFO] Checking for scheduled reports...
[2025-06-28T19:37:46.255Z] [DEBUG] Connected to MongoDB
[2025-06-28T19:37:46.313Z] [INFO] Found 1 company databases
[2025-06-28T19:37:46.313Z] [DEBUG] Processing company database: company_9jxwph8g
[2025-06-28T19:37:46.360Z] [DEBUG] Finding reports to execute in company_9jxwph8g (current time: 2025-06-28T19:37:46.360Z)
[2025-06-28T19:37:46.406Z] [INFO] Found 0 reports to execute in company_9jxwph8g
[2025-06-28T19:37:46.407Z] [INFO] Scheduled reports check completed
[2025-06-28T19:37:46.409Z] [DEBUG] MongoDB connection closed
[2025-06-28T19:38:15.712Z] [INFO] Checking for scheduled reports...
[2025-06-28T19:38:16.264Z] [DEBUG] Connected to MongoDB
[2025-06-28T19:38:16.321Z] [INFO] Found 1 company databases
[2025-06-28T19:38:16.321Z] [DEBUG] Processing company database: company_9jxwph8g
[2025-06-28T19:38:16.367Z] [DEBUG] Finding reports to execute in company_9jxwph8g (current time: 2025-06-28T19:38:16.367Z)
[2025-06-28T19:38:16.413Z] [INFO] Found 0 reports to execute in company_9jxwph8g
[2025-06-28T19:38:16.413Z] [INFO] Scheduled reports check completed
[2025-06-28T19:38:16.414Z] [DEBUG] MongoDB connection closed
[2025-06-28T19:38:45.713Z] [INFO] Checking for scheduled reports...
[2025-06-28T19:38:46.296Z] [DEBUG] Connected to MongoDB
[2025-06-28T19:38:46.356Z] [INFO] Found 1 company databases
[2025-06-28T19:38:46.357Z] [DEBUG] Processing company database: company_9jxwph8g
[2025-06-28T19:38:46.406Z] [DEBUG] Finding reports to execute in company_9jxwph8g (current time: 2025-06-28T19:38:46.406Z)
[2025-06-28T19:38:46.454Z] [INFO] Found 0 reports to execute in company_9jxwph8g
[2025-06-28T19:38:46.454Z] [INFO] Scheduled reports check completed
[2025-06-28T19:38:46.457Z] [DEBUG] MongoDB connection closed
[2025-06-28T19:39:15.713Z] [INFO] Checking for scheduled reports...
[2025-06-28T19:39:16.370Z] [DEBUG] Connected to MongoDB
[2025-06-28T19:39:16.427Z] [INFO] Found 1 company databases
[2025-06-28T19:39:16.428Z] [DEBUG] Processing company database: company_9jxwph8g
[2025-06-28T19:39:16.476Z] [DEBUG] Finding reports to execute in company_9jxwph8g (current time: 2025-06-28T19:39:16.476Z)
[2025-06-28T19:39:16.527Z] [INFO] Found 0 reports to execute in company_9jxwph8g
[2025-06-28T19:39:16.528Z] [INFO] Scheduled reports check completed
[2025-06-28T19:39:16.529Z] [DEBUG] MongoDB connection closed
[2025-06-28T19:39:45.714Z] [INFO] Checking for scheduled reports...
[2025-06-28T19:39:46.258Z] [DEBUG] Connected to MongoDB
[2025-06-28T19:39:46.316Z] [INFO] Found 1 company databases
[2025-06-28T19:39:46.317Z] [DEBUG] Processing company database: company_9jxwph8g
[2025-06-28T19:39:46.365Z] [DEBUG] Finding reports to execute in company_9jxwph8g (current time: 2025-06-28T19:39:46.365Z)
[2025-06-28T19:39:46.412Z] [INFO] Found 0 reports to execute in company_9jxwph8g
[2025-06-28T19:39:46.412Z] [INFO] Scheduled reports check completed
[2025-06-28T19:39:46.414Z] [DEBUG] MongoDB connection closed
[2025-06-28T19:40:15.714Z] [INFO] Checking for scheduled reports...
[2025-06-28T19:40:16.431Z] [DEBUG] Connected to MongoDB
[2025-06-28T19:40:16.491Z] [INFO] Found 1 company databases
[2025-06-28T19:40:16.492Z] [DEBUG] Processing company database: company_9jxwph8g
[2025-06-28T19:40:16.539Z] [DEBUG] Finding reports to execute in company_9jxwph8g (current time: 2025-06-28T19:40:16.539Z)
[2025-06-28T19:40:16.586Z] [INFO] Found 0 reports to execute in company_9jxwph8g
[2025-06-28T19:40:16.587Z] [INFO] Scheduled reports check completed
[2025-06-28T19:40:16.589Z] [DEBUG] MongoDB connection closed
[2025-06-28T19:40:45.715Z] [INFO] Checking for scheduled reports...
[2025-06-28T19:40:46.260Z] [DEBUG] Connected to MongoDB
[2025-06-28T19:40:46.319Z] [INFO] Found 1 company databases
[2025-06-28T19:40:46.320Z] [DEBUG] Processing company database: company_9jxwph8g
[2025-06-28T19:40:46.367Z] [DEBUG] Finding reports to execute in company_9jxwph8g (current time: 2025-06-28T19:40:46.367Z)
[2025-06-28T19:40:46.414Z] [INFO] Found 0 reports to execute in company_9jxwph8g
[2025-06-28T19:40:46.414Z] [INFO] Scheduled reports check completed
[2025-06-28T19:40:46.417Z] [DEBUG] MongoDB connection closed
[2025-06-28T19:41:15.717Z] [INFO] Checking for scheduled reports...
[2025-06-28T19:41:16.274Z] [DEBUG] Connected to MongoDB
[2025-06-28T19:41:16.332Z] [INFO] Found 1 company databases
[2025-06-28T19:41:16.333Z] [DEBUG] Processing company database: company_9jxwph8g
[2025-06-28T19:41:16.381Z] [DEBUG] Finding reports to execute in company_9jxwph8g (current time: 2025-06-28T19:41:16.381Z)
[2025-06-28T19:41:16.428Z] [INFO] Found 0 reports to execute in company_9jxwph8g
[2025-06-28T19:41:16.428Z] [INFO] Scheduled reports check completed
[2025-06-28T19:41:16.429Z] [DEBUG] MongoDB connection closed
[2025-06-28T19:41:45.719Z] [INFO] Checking for scheduled reports...
[2025-06-28T19:41:46.352Z] [DEBUG] Connected to MongoDB
[2025-06-28T19:41:46.411Z] [INFO] Found 1 company databases
[2025-06-28T19:41:46.412Z] [DEBUG] Processing company database: company_9jxwph8g
[2025-06-28T19:41:46.462Z] [DEBUG] Finding reports to execute in company_9jxwph8g (current time: 2025-06-28T19:41:46.462Z)
[2025-06-28T19:41:46.511Z] [INFO] Found 0 reports to execute in company_9jxwph8g
[2025-06-28T19:41:46.512Z] [INFO] Scheduled reports check completed
[2025-06-28T19:41:46.515Z] [DEBUG] MongoDB connection closed
[2025-06-28T19:42:15.721Z] [INFO] Checking for scheduled reports...
[2025-06-28T19:42:16.357Z] [DEBUG] Connected to MongoDB
[2025-06-28T19:42:16.414Z] [INFO] Found 1 company databases
[2025-06-28T19:42:16.415Z] [DEBUG] Processing company database: company_9jxwph8g
[2025-06-28T19:42:16.462Z] [DEBUG] Finding reports to execute in company_9jxwph8g (current time: 2025-06-28T19:42:16.462Z)
[2025-06-28T19:42:16.509Z] [INFO] Found 0 reports to execute in company_9jxwph8g
[2025-06-28T19:42:16.509Z] [INFO] Scheduled reports check completed
[2025-06-28T19:42:16.510Z] [DEBUG] MongoDB connection closed
[2025-06-28T19:42:45.722Z] [INFO] Checking for scheduled reports...
[2025-06-28T19:42:46.386Z] [DEBUG] Connected to MongoDB
[2025-06-28T19:42:46.446Z] [INFO] Found 1 company databases
[2025-06-28T19:42:46.447Z] [DEBUG] Processing company database: company_9jxwph8g
[2025-06-28T19:42:46.494Z] [DEBUG] Finding reports to execute in company_9jxwph8g (current time: 2025-06-28T19:42:46.494Z)
[2025-06-28T19:42:46.541Z] [INFO] Found 0 reports to execute in company_9jxwph8g
[2025-06-28T19:42:46.542Z] [INFO] Scheduled reports check completed
[2025-06-28T19:42:46.544Z] [DEBUG] MongoDB connection closed
[2025-06-28T19:43:15.723Z] [INFO] Checking for scheduled reports...
[2025-06-28T19:43:16.371Z] [DEBUG] Connected to MongoDB
[2025-06-28T19:43:16.429Z] [INFO] Found 1 company databases
[2025-06-28T19:43:16.429Z] [DEBUG] Processing company database: company_9jxwph8g
[2025-06-28T19:43:16.477Z] [DEBUG] Finding reports to execute in company_9jxwph8g (current time: 2025-06-28T19:43:16.477Z)
[2025-06-28T19:43:16.539Z] [INFO] Found 0 reports to execute in company_9jxwph8g
[2025-06-28T19:43:16.540Z] [INFO] Scheduled reports check completed
[2025-06-28T19:43:16.542Z] [DEBUG] MongoDB connection closed
[2025-06-28T19:43:45.724Z] [INFO] Checking for scheduled reports...
[2025-06-28T19:43:46.284Z] [DEBUG] Connected to MongoDB
[2025-06-28T19:43:46.346Z] [INFO] Found 1 company databases
[2025-06-28T19:43:46.346Z] [DEBUG] Processing company database: company_9jxwph8g
[2025-06-28T19:43:46.398Z] [DEBUG] Finding reports to execute in company_9jxwph8g (current time: 2025-06-28T19:43:46.398Z)
[2025-06-28T19:43:46.448Z] [INFO] Found 0 reports to execute in company_9jxwph8g
[2025-06-28T19:43:46.448Z] [INFO] Scheduled reports check completed
[2025-06-28T19:43:46.450Z] [DEBUG] MongoDB connection closed
[2025-06-28T19:44:15.725Z] [INFO] Checking for scheduled reports...
[2025-06-28T19:44:16.345Z] [DEBUG] Connected to MongoDB
[2025-06-28T19:44:16.404Z] [INFO] Found 1 company databases
[2025-06-28T19:44:16.405Z] [DEBUG] Processing company database: company_9jxwph8g
[2025-06-28T19:44:16.454Z] [DEBUG] Finding reports to execute in company_9jxwph8g (current time: 2025-06-28T19:44:16.454Z)
[2025-06-28T19:44:16.501Z] [INFO] Found 0 reports to execute in company_9jxwph8g
[2025-06-28T19:44:16.502Z] [INFO] Scheduled reports check completed
[2025-06-28T19:44:16.505Z] [DEBUG] MongoDB connection closed
[2025-06-28T19:44:45.726Z] [INFO] Checking for scheduled reports...
[2025-06-28T19:44:46.282Z] [DEBUG] Connected to MongoDB
[2025-06-28T19:44:46.340Z] [INFO] Found 1 company databases
[2025-06-28T19:44:46.340Z] [DEBUG] Processing company database: company_9jxwph8g
[2025-06-28T19:44:46.390Z] [DEBUG] Finding reports to execute in company_9jxwph8g (current time: 2025-06-28T19:44:46.389Z)
[2025-06-28T19:44:46.436Z] [INFO] Found 0 reports to execute in company_9jxwph8g
[2025-06-28T19:44:46.437Z] [INFO] Scheduled reports check completed
[2025-06-28T19:44:46.438Z] [DEBUG] MongoDB connection closed
[2025-06-28T19:45:15.728Z] [INFO] Checking for scheduled reports...
[2025-06-28T19:45:16.362Z] [DEBUG] Connected to MongoDB
[2025-06-28T19:45:16.420Z] [INFO] Found 1 company databases
[2025-06-28T19:45:16.421Z] [DEBUG] Processing company database: company_9jxwph8g
[2025-06-28T19:45:16.468Z] [DEBUG] Finding reports to execute in company_9jxwph8g (current time: 2025-06-28T19:45:16.468Z)
[2025-06-28T19:45:16.515Z] [INFO] Found 0 reports to execute in company_9jxwph8g
[2025-06-28T19:45:16.517Z] [INFO] Scheduled reports check completed
[2025-06-28T19:45:16.519Z] [DEBUG] MongoDB connection closed
[2025-06-28T19:45:45.728Z] [INFO] Checking for scheduled reports...
[2025-06-28T19:45:46.391Z] [DEBUG] Connected to MongoDB
[2025-06-28T19:45:46.449Z] [INFO] Found 1 company databases
[2025-06-28T19:45:46.450Z] [DEBUG] Processing company database: company_9jxwph8g
[2025-06-28T19:45:46.498Z] [DEBUG] Finding reports to execute in company_9jxwph8g (current time: 2025-06-28T19:45:46.498Z)
[2025-06-28T19:45:46.546Z] [INFO] Found 0 reports to execute in company_9jxwph8g
[2025-06-28T19:45:46.546Z] [INFO] Scheduled reports check completed
[2025-06-28T19:45:46.549Z] [DEBUG] MongoDB connection closed
[2025-06-28T19:46:15.729Z] [INFO] Checking for scheduled reports...
[2025-06-28T19:46:16.349Z] [DEBUG] Connected to MongoDB
[2025-06-28T19:46:16.407Z] [INFO] Found 1 company databases
[2025-06-28T19:46:16.408Z] [DEBUG] Processing company database: company_9jxwph8g
[2025-06-28T19:46:16.456Z] [DEBUG] Finding reports to execute in company_9jxwph8g (current time: 2025-06-28T19:46:16.456Z)
[2025-06-28T19:46:16.513Z] [INFO] Found 0 reports to execute in company_9jxwph8g
[2025-06-28T19:46:16.514Z] [INFO] Scheduled reports check completed
[2025-06-28T19:46:16.516Z] [DEBUG] MongoDB connection closed
[2025-06-28T19:46:45.730Z] [INFO] Checking for scheduled reports...
[2025-06-28T19:46:46.289Z] [DEBUG] Connected to MongoDB
[2025-06-28T19:46:46.347Z] [INFO] Found 1 company databases
[2025-06-28T19:46:46.348Z] [DEBUG] Processing company database: company_9jxwph8g
[2025-06-28T19:46:46.395Z] [DEBUG] Finding reports to execute in company_9jxwph8g (current time: 2025-06-28T19:46:46.395Z)
[2025-06-28T19:46:46.441Z] [INFO] Found 0 reports to execute in company_9jxwph8g
[2025-06-28T19:46:46.442Z] [INFO] Scheduled reports check completed
[2025-06-28T19:46:46.444Z] [DEBUG] MongoDB connection closed
[2025-06-28T19:47:15.731Z] [INFO] Checking for scheduled reports...
[2025-06-28T19:47:16.589Z] [DEBUG] Connected to MongoDB
[2025-06-28T19:47:16.647Z] [INFO] Found 1 company databases
[2025-06-28T19:47:16.648Z] [DEBUG] Processing company database: company_9jxwph8g
[2025-06-28T19:47:16.702Z] [DEBUG] Finding reports to execute in company_9jxwph8g (current time: 2025-06-28T19:47:16.702Z)
[2025-06-28T19:47:16.753Z] [INFO] Found 0 reports to execute in company_9jxwph8g
[2025-06-28T19:47:16.754Z] [INFO] Scheduled reports check completed
[2025-06-28T19:47:16.756Z] [DEBUG] MongoDB connection closed
[2025-06-28T19:47:45.732Z] [INFO] Checking for scheduled reports...
[2025-06-28T19:47:46.394Z] [DEBUG] Connected to MongoDB
[2025-06-28T19:47:46.454Z] [INFO] Found 1 company databases
[2025-06-28T19:47:46.454Z] [DEBUG] Processing company database: company_9jxwph8g
[2025-06-28T19:47:46.526Z] [DEBUG] Finding reports to execute in company_9jxwph8g (current time: 2025-06-28T19:47:46.526Z)
[2025-06-28T19:47:46.575Z] [INFO] Found 0 reports to execute in company_9jxwph8g
[2025-06-28T19:47:46.575Z] [INFO] Scheduled reports check completed
[2025-06-28T19:47:46.578Z] [DEBUG] MongoDB connection closed
[2025-06-28T19:48:15.733Z] [INFO] Checking for scheduled reports...
[2025-06-28T19:48:16.366Z] [DEBUG] Connected to MongoDB
[2025-06-28T19:48:16.426Z] [INFO] Found 1 company databases
[2025-06-28T19:48:16.426Z] [DEBUG] Processing company database: company_9jxwph8g
[2025-06-28T19:48:16.474Z] [DEBUG] Finding reports to execute in company_9jxwph8g (current time: 2025-06-28T19:48:16.474Z)
[2025-06-28T19:48:16.522Z] [INFO] Found 0 reports to execute in company_9jxwph8g
[2025-06-28T19:48:16.523Z] [INFO] Scheduled reports check completed
[2025-06-28T19:48:16.525Z] [DEBUG] MongoDB connection closed
[2025-06-28T19:48:45.732Z] [INFO] Checking for scheduled reports...
[2025-06-28T19:48:46.475Z] [DEBUG] Connected to MongoDB
[2025-06-28T19:48:46.534Z] [INFO] Found 1 company databases
[2025-06-28T19:48:46.534Z] [DEBUG] Processing company database: company_9jxwph8g
[2025-06-28T19:48:46.582Z] [DEBUG] Finding reports to execute in company_9jxwph8g (current time: 2025-06-28T19:48:46.582Z)
[2025-06-28T19:48:46.630Z] [INFO] Found 0 reports to execute in company_9jxwph8g
[2025-06-28T19:48:46.630Z] [INFO] Scheduled reports check completed
[2025-06-28T19:48:46.632Z] [DEBUG] MongoDB connection closed
[2025-06-28T19:49:15.733Z] [INFO] Checking for scheduled reports...
[2025-06-28T19:49:16.434Z] [DEBUG] Connected to MongoDB
[2025-06-28T19:49:16.492Z] [INFO] Found 1 company databases
[2025-06-28T19:49:16.493Z] [DEBUG] Processing company database: company_9jxwph8g
[2025-06-28T19:49:16.545Z] [DEBUG] Finding reports to execute in company_9jxwph8g (current time: 2025-06-28T19:49:16.545Z)
[2025-06-28T19:49:16.592Z] [INFO] Found 0 reports to execute in company_9jxwph8g
[2025-06-28T19:49:16.593Z] [INFO] Scheduled reports check completed
[2025-06-28T19:49:16.595Z] [DEBUG] MongoDB connection closed
[2025-06-28T19:49:45.734Z] [INFO] Checking for scheduled reports...
[2025-06-28T19:49:46.286Z] [DEBUG] Connected to MongoDB
[2025-06-28T19:49:46.345Z] [INFO] Found 1 company databases
[2025-06-28T19:49:46.346Z] [DEBUG] Processing company database: company_9jxwph8g
[2025-06-28T19:49:46.395Z] [DEBUG] Finding reports to execute in company_9jxwph8g (current time: 2025-06-28T19:49:46.395Z)
[2025-06-28T19:49:46.443Z] [INFO] Found 0 reports to execute in company_9jxwph8g
[2025-06-28T19:49:46.443Z] [INFO] Scheduled reports check completed
[2025-06-28T19:49:46.446Z] [DEBUG] MongoDB connection closed
[2025-06-28T19:50:15.735Z] [INFO] Checking for scheduled reports...
[2025-06-28T19:50:16.480Z] [DEBUG] Connected to MongoDB
[2025-06-28T19:50:16.539Z] [INFO] Found 1 company databases
[2025-06-28T19:50:16.540Z] [DEBUG] Processing company database: company_9jxwph8g
[2025-06-28T19:50:16.588Z] [DEBUG] Finding reports to execute in company_9jxwph8g (current time: 2025-06-28T19:50:16.588Z)
[2025-06-28T19:50:16.636Z] [INFO] Found 0 reports to execute in company_9jxwph8g
[2025-06-28T19:50:16.636Z] [INFO] Scheduled reports check completed
[2025-06-28T19:50:16.638Z] [DEBUG] MongoDB connection closed
[2025-06-28T19:50:45.736Z] [INFO] Checking for scheduled reports...
[2025-06-28T19:50:46.294Z] [DEBUG] Connected to MongoDB
[2025-06-28T19:50:46.353Z] [INFO] Found 1 company databases
[2025-06-28T19:50:46.353Z] [DEBUG] Processing company database: company_9jxwph8g
[2025-06-28T19:50:46.402Z] [DEBUG] Finding reports to execute in company_9jxwph8g (current time: 2025-06-28T19:50:46.402Z)
[2025-06-28T19:50:46.451Z] [INFO] Found 0 reports to execute in company_9jxwph8g
[2025-06-28T19:50:46.451Z] [INFO] Scheduled reports check completed
[2025-06-28T19:50:46.454Z] [DEBUG] MongoDB connection closed
[2025-06-28T19:51:15.738Z] [INFO] Checking for scheduled reports...
[2025-06-28T19:51:16.461Z] [DEBUG] Connected to MongoDB
[2025-06-28T19:51:16.520Z] [INFO] Found 1 company databases
[2025-06-28T19:51:16.521Z] [DEBUG] Processing company database: company_9jxwph8g
[2025-06-28T19:51:16.572Z] [DEBUG] Finding reports to execute in company_9jxwph8g (current time: 2025-06-28T19:51:16.572Z)
[2025-06-28T19:51:16.635Z] [INFO] Found 0 reports to execute in company_9jxwph8g
[2025-06-28T19:51:16.635Z] [INFO] Scheduled reports check completed
[2025-06-28T19:51:16.636Z] [DEBUG] MongoDB connection closed
[2025-06-28T19:51:45.738Z] [INFO] Checking for scheduled reports...
[2025-06-28T19:51:46.448Z] [DEBUG] Connected to MongoDB
[2025-06-28T19:51:46.507Z] [INFO] Found 1 company databases
[2025-06-28T19:51:46.508Z] [DEBUG] Processing company database: company_9jxwph8g
[2025-06-28T19:51:46.565Z] [DEBUG] Finding reports to execute in company_9jxwph8g (current time: 2025-06-28T19:51:46.565Z)
[2025-06-28T19:51:46.612Z] [INFO] Found 0 reports to execute in company_9jxwph8g
[2025-06-28T19:51:46.612Z] [INFO] Scheduled reports check completed
[2025-06-28T19:51:46.615Z] [DEBUG] MongoDB connection closed
[2025-06-28T19:52:15.740Z] [INFO] Checking for scheduled reports...
[2025-06-28T19:52:16.410Z] [DEBUG] Connected to MongoDB
[2025-06-28T19:52:16.468Z] [INFO] Found 1 company databases
[2025-06-28T19:52:16.469Z] [DEBUG] Processing company database: company_9jxwph8g
[2025-06-28T19:52:16.517Z] [DEBUG] Finding reports to execute in company_9jxwph8g (current time: 2025-06-28T19:52:16.517Z)
[2025-06-28T19:52:16.564Z] [INFO] Found 0 reports to execute in company_9jxwph8g
[2025-06-28T19:52:16.564Z] [INFO] Scheduled reports check completed
[2025-06-28T19:52:16.567Z] [DEBUG] MongoDB connection closed
[2025-06-28T19:52:45.740Z] [INFO] Checking for scheduled reports...
[2025-06-28T19:52:46.314Z] [DEBUG] Connected to MongoDB
[2025-06-28T19:52:46.373Z] [INFO] Found 1 company databases
[2025-06-28T19:52:46.373Z] [DEBUG] Processing company database: company_9jxwph8g
[2025-06-28T19:52:46.421Z] [DEBUG] Finding reports to execute in company_9jxwph8g (current time: 2025-06-28T19:52:46.421Z)
[2025-06-28T19:52:46.468Z] [INFO] Found 0 reports to execute in company_9jxwph8g
[2025-06-28T19:52:46.469Z] [INFO] Scheduled reports check completed
[2025-06-28T19:52:46.471Z] [DEBUG] MongoDB connection closed
[2025-06-28T19:53:15.741Z] [INFO] Checking for scheduled reports...
[2025-06-28T19:53:16.524Z] [DEBUG] Connected to MongoDB
[2025-06-28T19:53:16.584Z] [INFO] Found 1 company databases
[2025-06-28T19:53:16.585Z] [DEBUG] Processing company database: company_9jxwph8g
[2025-06-28T19:53:16.633Z] [DEBUG] Finding reports to execute in company_9jxwph8g (current time: 2025-06-28T19:53:16.633Z)
[2025-06-28T19:53:16.682Z] [INFO] Found 0 reports to execute in company_9jxwph8g
[2025-06-28T19:53:16.682Z] [INFO] Scheduled reports check completed
[2025-06-28T19:53:16.684Z] [DEBUG] MongoDB connection closed
[2025-06-28T19:53:45.741Z] [INFO] Checking for scheduled reports...
[2025-06-28T19:53:46.295Z] [DEBUG] Connected to MongoDB
[2025-06-28T19:53:46.353Z] [INFO] Found 1 company databases
[2025-06-28T19:53:46.354Z] [DEBUG] Processing company database: company_9jxwph8g
[2025-06-28T19:53:46.402Z] [DEBUG] Finding reports to execute in company_9jxwph8g (current time: 2025-06-28T19:53:46.402Z)
[2025-06-28T19:53:46.450Z] [INFO] Found 0 reports to execute in company_9jxwph8g
[2025-06-28T19:53:46.450Z] [INFO] Scheduled reports check completed
[2025-06-28T19:53:46.452Z] [DEBUG] MongoDB connection closed
[2025-06-28T19:54:15.742Z] [INFO] Checking for scheduled reports...
[2025-06-28T19:54:16.438Z] [DEBUG] Connected to MongoDB
[2025-06-28T19:54:16.497Z] [INFO] Found 1 company databases
[2025-06-28T19:54:16.497Z] [DEBUG] Processing company database: company_9jxwph8g
[2025-06-28T19:54:16.545Z] [DEBUG] Finding reports to execute in company_9jxwph8g (current time: 2025-06-28T19:54:16.545Z)
[2025-06-28T19:54:16.593Z] [INFO] Found 0 reports to execute in company_9jxwph8g
[2025-06-28T19:54:16.593Z] [INFO] Scheduled reports check completed
[2025-06-28T19:54:16.595Z] [DEBUG] MongoDB connection closed
[2025-06-28T19:54:45.743Z] [INFO] Checking for scheduled reports...
[2025-06-28T19:54:46.403Z] [DEBUG] Connected to MongoDB
[2025-06-28T19:54:46.461Z] [INFO] Found 1 company databases
[2025-06-28T19:54:46.462Z] [DEBUG] Processing company database: company_9jxwph8g
[2025-06-28T19:54:46.511Z] [DEBUG] Finding reports to execute in company_9jxwph8g (current time: 2025-06-28T19:54:46.511Z)
[2025-06-28T19:54:46.560Z] [INFO] Found 0 reports to execute in company_9jxwph8g
[2025-06-28T19:54:46.560Z] [INFO] Scheduled reports check completed
[2025-06-28T19:54:46.562Z] [DEBUG] MongoDB connection closed
[2025-06-28T19:55:15.744Z] [INFO] Checking for scheduled reports...
[2025-06-28T19:55:16.378Z] [DEBUG] Connected to MongoDB
[2025-06-28T19:55:16.437Z] [INFO] Found 1 company databases
[2025-06-28T19:55:16.438Z] [DEBUG] Processing company database: company_9jxwph8g
[2025-06-28T19:55:16.486Z] [DEBUG] Finding reports to execute in company_9jxwph8g (current time: 2025-06-28T19:55:16.486Z)
[2025-06-28T19:55:16.533Z] [INFO] Found 0 reports to execute in company_9jxwph8g
[2025-06-28T19:55:16.534Z] [INFO] Scheduled reports check completed
[2025-06-28T19:55:16.536Z] [DEBUG] MongoDB connection closed
[2025-06-28T19:55:45.744Z] [INFO] Checking for scheduled reports...
[2025-06-28T19:55:46.334Z] [DEBUG] Connected to MongoDB
[2025-06-28T19:55:46.395Z] [INFO] Found 1 company databases
[2025-06-28T19:55:46.395Z] [DEBUG] Processing company database: company_9jxwph8g
[2025-06-28T19:55:46.452Z] [DEBUG] Finding reports to execute in company_9jxwph8g (current time: 2025-06-28T19:55:46.452Z)
[2025-06-28T19:55:46.510Z] [INFO] Found 0 reports to execute in company_9jxwph8g
[2025-06-28T19:55:46.511Z] [INFO] Scheduled reports check completed
[2025-06-28T19:55:46.513Z] [DEBUG] MongoDB connection closed
[2025-06-28T19:56:15.745Z] [INFO] Checking for scheduled reports...
[2025-06-28T19:56:16.628Z] [DEBUG] Connected to MongoDB
[2025-06-28T19:56:16.698Z] [INFO] Found 1 company databases
[2025-06-28T19:56:16.698Z] [DEBUG] Processing company database: company_9jxwph8g
[2025-06-28T19:56:16.756Z] [DEBUG] Finding reports to execute in company_9jxwph8g (current time: 2025-06-28T19:56:16.756Z)
[2025-06-28T19:56:16.809Z] [INFO] Found 0 reports to execute in company_9jxwph8g
[2025-06-28T19:56:16.810Z] [INFO] Scheduled reports check completed
[2025-06-28T19:56:16.813Z] [DEBUG] MongoDB connection closed
[2025-06-28T19:56:45.743Z] [INFO] Checking for scheduled reports...
[2025-06-28T19:56:46.288Z] [DEBUG] Connected to MongoDB
[2025-06-28T19:56:46.347Z] [INFO] Found 1 company databases
[2025-06-28T19:56:46.347Z] [DEBUG] Processing company database: company_9jxwph8g
[2025-06-28T19:56:46.398Z] [DEBUG] Finding reports to execute in company_9jxwph8g (current time: 2025-06-28T19:56:46.398Z)
[2025-06-28T19:56:46.446Z] [INFO] Found 0 reports to execute in company_9jxwph8g
[2025-06-28T19:56:46.446Z] [INFO] Scheduled reports check completed
[2025-06-28T19:56:46.446Z] [DEBUG] MongoDB connection closed
[2025-06-28T19:57:15.744Z] [INFO] Checking for scheduled reports...
[2025-06-28T19:57:16.393Z] [DEBUG] Connected to MongoDB
[2025-06-28T19:57:16.451Z] [INFO] Found 1 company databases
[2025-06-28T19:57:16.452Z] [DEBUG] Processing company database: company_9jxwph8g
[2025-06-28T19:57:16.501Z] [DEBUG] Finding reports to execute in company_9jxwph8g (current time: 2025-06-28T19:57:16.501Z)
[2025-06-28T19:57:16.549Z] [INFO] Found 0 reports to execute in company_9jxwph8g
[2025-06-28T19:57:16.550Z] [INFO] Scheduled reports check completed
[2025-06-28T19:57:16.552Z] [DEBUG] MongoDB connection closed
[2025-06-28T19:57:45.746Z] [INFO] Checking for scheduled reports...
[2025-06-28T19:57:46.357Z] [DEBUG] Connected to MongoDB
[2025-06-28T19:57:46.434Z] [INFO] Found 1 company databases
[2025-06-28T19:57:46.435Z] [DEBUG] Processing company database: company_9jxwph8g
[2025-06-28T19:57:46.501Z] [DEBUG] Finding reports to execute in company_9jxwph8g (current time: 2025-06-28T19:57:46.501Z)
[2025-06-28T19:57:46.558Z] [INFO] Found 0 reports to execute in company_9jxwph8g
[2025-06-28T19:57:46.558Z] [INFO] Scheduled reports check completed
[2025-06-28T19:57:46.560Z] [DEBUG] MongoDB connection closed
[2025-06-28T19:58:15.749Z] [INFO] Checking for scheduled reports...
[2025-06-28T19:58:16.410Z] [DEBUG] Connected to MongoDB
[2025-06-28T19:58:16.468Z] [INFO] Found 1 company databases
[2025-06-28T19:58:16.468Z] [DEBUG] Processing company database: company_9jxwph8g
[2025-06-28T19:58:16.515Z] [DEBUG] Finding reports to execute in company_9jxwph8g (current time: 2025-06-28T19:58:16.515Z)
[2025-06-28T19:58:16.568Z] [INFO] Found 0 reports to execute in company_9jxwph8g
[2025-06-28T19:58:16.569Z] [INFO] Scheduled reports check completed
[2025-06-28T19:58:16.570Z] [DEBUG] MongoDB connection closed
[2025-06-28T19:58:45.749Z] [INFO] Checking for scheduled reports...
[2025-06-28T19:58:46.360Z] [DEBUG] Connected to MongoDB
[2025-06-28T19:58:46.427Z] [INFO] Found 1 company databases
[2025-06-28T19:58:46.427Z] [DEBUG] Processing company database: company_9jxwph8g
[2025-06-28T19:58:46.491Z] [DEBUG] Finding reports to execute in company_9jxwph8g (current time: 2025-06-28T19:58:46.491Z)
[2025-06-28T19:58:46.554Z] [INFO] Found 0 reports to execute in company_9jxwph8g
[2025-06-28T19:58:46.554Z] [INFO] Scheduled reports check completed
[2025-06-28T19:58:46.556Z] [DEBUG] MongoDB connection closed
[2025-06-28T19:59:15.750Z] [INFO] Checking for scheduled reports...
[2025-06-28T19:59:16.373Z] [DEBUG] Connected to MongoDB
[2025-06-28T19:59:16.432Z] [INFO] Found 1 company databases
[2025-06-28T19:59:16.432Z] [DEBUG] Processing company database: company_9jxwph8g
[2025-06-28T19:59:16.479Z] [DEBUG] Finding reports to execute in company_9jxwph8g (current time: 2025-06-28T19:59:16.479Z)
[2025-06-28T19:59:16.525Z] [INFO] Found 0 reports to execute in company_9jxwph8g
[2025-06-28T19:59:16.525Z] [INFO] Scheduled reports check completed
[2025-06-28T19:59:16.526Z] [DEBUG] MongoDB connection closed
[2025-06-28T19:59:45.751Z] [INFO] Checking for scheduled reports...
[2025-06-28T19:59:46.338Z] [DEBUG] Connected to MongoDB
[2025-06-28T19:59:46.405Z] [INFO] Found 1 company databases
[2025-06-28T19:59:46.406Z] [DEBUG] Processing company database: company_9jxwph8g
[2025-06-28T19:59:46.469Z] [DEBUG] Finding reports to execute in company_9jxwph8g (current time: 2025-06-28T19:59:46.469Z)
[2025-06-28T19:59:46.523Z] [INFO] Found 0 reports to execute in company_9jxwph8g
[2025-06-28T19:59:46.523Z] [INFO] Scheduled reports check completed
[2025-06-28T19:59:46.525Z] [DEBUG] MongoDB connection closed
[2025-06-28T20:00:15.752Z] [INFO] Checking for scheduled reports...
[2025-06-28T20:00:16.621Z] [DEBUG] Connected to MongoDB
[2025-06-28T20:00:16.679Z] [INFO] Found 1 company databases
[2025-06-28T20:00:16.680Z] [DEBUG] Processing company database: company_9jxwph8g
[2025-06-28T20:00:16.728Z] [DEBUG] Finding reports to execute in company_9jxwph8g (current time: 2025-06-28T20:00:16.728Z)
[2025-06-28T20:00:16.776Z] [INFO] Found 0 reports to execute in company_9jxwph8g
[2025-06-28T20:00:16.777Z] [INFO] Scheduled reports check completed
[2025-06-28T20:00:16.779Z] [DEBUG] MongoDB connection closed
[2025-06-28T20:00:45.752Z] [INFO] Checking for scheduled reports...
[2025-06-28T20:00:46.351Z] [DEBUG] Connected to MongoDB
[2025-06-28T20:00:46.414Z] [INFO] Found 1 company databases
[2025-06-28T20:00:46.414Z] [DEBUG] Processing company database: company_9jxwph8g
[2025-06-28T20:00:46.467Z] [DEBUG] Finding reports to execute in company_9jxwph8g (current time: 2025-06-28T20:00:46.467Z)
[2025-06-28T20:00:46.529Z] [INFO] Found 0 reports to execute in company_9jxwph8g
[2025-06-28T20:00:46.529Z] [INFO] Scheduled reports check completed
[2025-06-28T20:00:46.531Z] [DEBUG] MongoDB connection closed
[2025-06-28T20:01:15.754Z] [INFO] Checking for scheduled reports...
[2025-06-28T20:01:16.393Z] [DEBUG] Connected to MongoDB
[2025-06-28T20:01:16.450Z] [INFO] Found 1 company databases
[2025-06-28T20:01:16.451Z] [DEBUG] Processing company database: company_9jxwph8g
[2025-06-28T20:01:16.499Z] [DEBUG] Finding reports to execute in company_9jxwph8g (current time: 2025-06-28T20:01:16.499Z)
[2025-06-28T20:01:16.546Z] [INFO] Found 0 reports to execute in company_9jxwph8g
[2025-06-28T20:01:16.546Z] [INFO] Scheduled reports check completed
[2025-06-28T20:01:16.548Z] [DEBUG] MongoDB connection closed
[2025-06-28T20:01:45.755Z] [INFO] Checking for scheduled reports...
[2025-06-28T20:01:46.425Z] [DEBUG] Connected to MongoDB
[2025-06-28T20:01:46.484Z] [INFO] Found 1 company databases
[2025-06-28T20:01:46.485Z] [DEBUG] Processing company database: company_9jxwph8g
[2025-06-28T20:01:46.534Z] [DEBUG] Finding reports to execute in company_9jxwph8g (current time: 2025-06-28T20:01:46.534Z)
[2025-06-28T20:01:46.582Z] [INFO] Found 0 reports to execute in company_9jxwph8g
[2025-06-28T20:01:46.582Z] [INFO] Scheduled reports check completed
[2025-06-28T20:01:46.584Z] [DEBUG] MongoDB connection closed
[2025-06-28T20:02:15.755Z] [INFO] Checking for scheduled reports...
[2025-06-28T20:02:16.425Z] [DEBUG] Connected to MongoDB
[2025-06-28T20:02:16.494Z] [INFO] Found 1 company databases
[2025-06-28T20:02:16.494Z] [DEBUG] Processing company database: company_9jxwph8g
[2025-06-28T20:02:16.543Z] [DEBUG] Finding reports to execute in company_9jxwph8g (current time: 2025-06-28T20:02:16.543Z)
[2025-06-28T20:02:16.589Z] [INFO] Found 0 reports to execute in company_9jxwph8g
[2025-06-28T20:02:16.589Z] [INFO] Scheduled reports check completed
[2025-06-28T20:02:16.591Z] [DEBUG] MongoDB connection closed
[2025-06-28T20:02:45.756Z] [INFO] Checking for scheduled reports...
[2025-06-28T20:02:46.299Z] [DEBUG] Connected to MongoDB
[2025-06-28T20:02:46.357Z] [INFO] Found 1 company databases
[2025-06-28T20:02:46.358Z] [DEBUG] Processing company database: company_9jxwph8g
[2025-06-28T20:02:46.406Z] [DEBUG] Finding reports to execute in company_9jxwph8g (current time: 2025-06-28T20:02:46.406Z)
[2025-06-28T20:02:46.453Z] [INFO] Found 0 reports to execute in company_9jxwph8g
[2025-06-28T20:02:46.454Z] [INFO] Scheduled reports check completed
[2025-06-28T20:02:46.456Z] [DEBUG] MongoDB connection closed
[2025-06-28T20:03:15.757Z] [INFO] Checking for scheduled reports...
[2025-06-28T20:03:16.368Z] [DEBUG] Connected to MongoDB
[2025-06-28T20:03:16.427Z] [INFO] Found 1 company databases
[2025-06-28T20:03:16.428Z] [DEBUG] Processing company database: company_9jxwph8g
[2025-06-28T20:03:16.477Z] [DEBUG] Finding reports to execute in company_9jxwph8g (current time: 2025-06-28T20:03:16.477Z)
[2025-06-28T20:03:16.526Z] [INFO] Found 0 reports to execute in company_9jxwph8g
[2025-06-28T20:03:16.526Z] [INFO] Scheduled reports check completed
[2025-06-28T20:03:16.530Z] [DEBUG] MongoDB connection closed
[2025-06-28T20:03:45.758Z] [INFO] Checking for scheduled reports...
[2025-06-28T20:03:46.317Z] [DEBUG] Connected to MongoDB
[2025-06-28T20:03:46.377Z] [INFO] Found 1 company databases
[2025-06-28T20:03:46.377Z] [DEBUG] Processing company database: company_9jxwph8g
[2025-06-28T20:03:46.425Z] [DEBUG] Finding reports to execute in company_9jxwph8g (current time: 2025-06-28T20:03:46.425Z)
[2025-06-28T20:03:46.473Z] [INFO] Found 0 reports to execute in company_9jxwph8g
[2025-06-28T20:03:46.474Z] [INFO] Scheduled reports check completed
[2025-06-28T20:03:46.476Z] [DEBUG] MongoDB connection closed
[2025-06-28T20:04:15.758Z] [INFO] Checking for scheduled reports...
[2025-06-28T20:04:16.405Z] [DEBUG] Connected to MongoDB
[2025-06-28T20:04:16.467Z] [INFO] Found 1 company databases
[2025-06-28T20:04:16.468Z] [DEBUG] Processing company database: company_9jxwph8g
[2025-06-28T20:04:16.515Z] [DEBUG] Finding reports to execute in company_9jxwph8g (current time: 2025-06-28T20:04:16.515Z)
[2025-06-28T20:04:16.562Z] [INFO] Found 0 reports to execute in company_9jxwph8g
[2025-06-28T20:04:16.563Z] [INFO] Scheduled reports check completed
[2025-06-28T20:04:16.565Z] [DEBUG] MongoDB connection closed
[2025-06-28T20:04:45.759Z] [INFO] Checking for scheduled reports...
[2025-06-28T20:04:46.303Z] [DEBUG] Connected to MongoDB
[2025-06-28T20:04:46.360Z] [INFO] Found 1 company databases
[2025-06-28T20:04:46.360Z] [DEBUG] Processing company database: company_9jxwph8g
[2025-06-28T20:04:46.407Z] [DEBUG] Finding reports to execute in company_9jxwph8g (current time: 2025-06-28T20:04:46.407Z)
[2025-06-28T20:04:46.453Z] [INFO] Found 0 reports to execute in company_9jxwph8g
[2025-06-28T20:04:46.454Z] [INFO] Scheduled reports check completed
[2025-06-28T20:04:46.454Z] [DEBUG] MongoDB connection closed
[2025-06-28T20:05:15.760Z] [INFO] Checking for scheduled reports...
[2025-06-28T20:05:16.418Z] [DEBUG] Connected to MongoDB
[2025-06-28T20:05:16.478Z] [INFO] Found 1 company databases
[2025-06-28T20:05:16.478Z] [DEBUG] Processing company database: company_9jxwph8g
[2025-06-28T20:05:16.526Z] [DEBUG] Finding reports to execute in company_9jxwph8g (current time: 2025-06-28T20:05:16.526Z)
[2025-06-28T20:05:16.578Z] [INFO] Found 0 reports to execute in company_9jxwph8g
[2025-06-28T20:05:16.579Z] [INFO] Scheduled reports check completed
[2025-06-28T20:05:16.581Z] [DEBUG] MongoDB connection closed
[2025-06-28T20:05:45.761Z] [INFO] Checking for scheduled reports...
[2025-06-28T20:05:46.397Z] [DEBUG] Connected to MongoDB
[2025-06-28T20:05:46.455Z] [INFO] Found 1 company databases
[2025-06-28T20:05:46.455Z] [DEBUG] Processing company database: company_9jxwph8g
[2025-06-28T20:05:46.509Z] [DEBUG] Finding reports to execute in company_9jxwph8g (current time: 2025-06-28T20:05:46.509Z)
[2025-06-28T20:05:46.562Z] [INFO] Found 0 reports to execute in company_9jxwph8g
[2025-06-28T20:05:46.562Z] [INFO] Scheduled reports check completed
[2025-06-28T20:05:46.563Z] [DEBUG] MongoDB connection closed
[2025-06-28T20:06:15.762Z] [INFO] Checking for scheduled reports...
[2025-06-28T20:06:16.664Z] [DEBUG] Connected to MongoDB
[2025-06-28T20:06:16.722Z] [INFO] Found 1 company databases
[2025-06-28T20:06:16.722Z] [DEBUG] Processing company database: company_9jxwph8g
[2025-06-28T20:06:16.778Z] [DEBUG] Finding reports to execute in company_9jxwph8g (current time: 2025-06-28T20:06:16.778Z)
[2025-06-28T20:06:16.825Z] [INFO] Found 0 reports to execute in company_9jxwph8g
[2025-06-28T20:06:16.825Z] [INFO] Scheduled reports check completed
[2025-06-28T20:06:16.827Z] [DEBUG] MongoDB connection closed
[2025-06-28T20:06:45.763Z] [INFO] Checking for scheduled reports...
[2025-06-28T20:06:46.377Z] [DEBUG] Connected to MongoDB
[2025-06-28T20:06:46.443Z] [INFO] Found 1 company databases
[2025-06-28T20:06:46.444Z] [DEBUG] Processing company database: company_9jxwph8g
[2025-06-28T20:06:46.490Z] [DEBUG] Finding reports to execute in company_9jxwph8g (current time: 2025-06-28T20:06:46.490Z)
[2025-06-28T20:06:46.537Z] [INFO] Found 0 reports to execute in company_9jxwph8g
[2025-06-28T20:06:46.537Z] [INFO] Scheduled reports check completed
[2025-06-28T20:06:46.538Z] [DEBUG] MongoDB connection closed
[2025-06-28T20:07:15.764Z] [INFO] Checking for scheduled reports...
[2025-06-28T20:07:16.396Z] [DEBUG] Connected to MongoDB
[2025-06-28T20:07:16.454Z] [INFO] Found 1 company databases
[2025-06-28T20:07:16.454Z] [DEBUG] Processing company database: company_9jxwph8g
[2025-06-28T20:07:16.502Z] [DEBUG] Finding reports to execute in company_9jxwph8g (current time: 2025-06-28T20:07:16.502Z)
[2025-06-28T20:07:16.549Z] [INFO] Found 0 reports to execute in company_9jxwph8g
[2025-06-28T20:07:16.549Z] [INFO] Scheduled reports check completed
[2025-06-28T20:07:16.551Z] [DEBUG] MongoDB connection closed
[2025-06-28T20:07:45.765Z] [INFO] Checking for scheduled reports...
[2025-06-28T20:07:46.329Z] [DEBUG] Connected to MongoDB
[2025-06-28T20:07:46.387Z] [INFO] Found 1 company databases
[2025-06-28T20:07:46.387Z] [DEBUG] Processing company database: company_9jxwph8g
[2025-06-28T20:07:46.449Z] [DEBUG] Finding reports to execute in company_9jxwph8g (current time: 2025-06-28T20:07:46.449Z)
[2025-06-28T20:07:46.496Z] [INFO] Found 0 reports to execute in company_9jxwph8g
[2025-06-28T20:07:46.497Z] [INFO] Scheduled reports check completed
[2025-06-28T20:07:46.501Z] [DEBUG] MongoDB connection closed
[2025-06-28T20:08:15.766Z] [INFO] Checking for scheduled reports...
[2025-06-28T20:08:16.458Z] [DEBUG] Connected to MongoDB
[2025-06-28T20:08:16.521Z] [INFO] Found 1 company databases
[2025-06-28T20:08:16.522Z] [DEBUG] Processing company database: company_9jxwph8g
[2025-06-28T20:08:16.570Z] [DEBUG] Finding reports to execute in company_9jxwph8g (current time: 2025-06-28T20:08:16.570Z)
[2025-06-28T20:08:16.617Z] [INFO] Found 0 reports to execute in company_9jxwph8g
[2025-06-28T20:08:16.617Z] [INFO] Scheduled reports check completed
[2025-06-28T20:08:16.618Z] [DEBUG] MongoDB connection closed
[2025-06-28T20:08:45.768Z] [INFO] Checking for scheduled reports...
[2025-06-28T20:08:46.326Z] [DEBUG] Connected to MongoDB
[2025-06-28T20:08:46.387Z] [INFO] Found 1 company databases
[2025-06-28T20:08:46.388Z] [DEBUG] Processing company database: company_9jxwph8g
[2025-06-28T20:08:46.435Z] [DEBUG] Finding reports to execute in company_9jxwph8g (current time: 2025-06-28T20:08:46.435Z)
[2025-06-28T20:08:46.484Z] [INFO] Found 0 reports to execute in company_9jxwph8g
[2025-06-28T20:08:46.484Z] [INFO] Scheduled reports check completed
[2025-06-28T20:08:46.487Z] [DEBUG] MongoDB connection closed
[2025-06-28T20:09:15.768Z] [INFO] Checking for scheduled reports...
[2025-06-28T20:09:16.339Z] [DEBUG] Connected to MongoDB
[2025-06-28T20:09:16.397Z] [INFO] Found 1 company databases
[2025-06-28T20:09:16.398Z] [DEBUG] Processing company database: company_9jxwph8g
[2025-06-28T20:09:16.446Z] [DEBUG] Finding reports to execute in company_9jxwph8g (current time: 2025-06-28T20:09:16.446Z)
[2025-06-28T20:09:16.493Z] [INFO] Found 0 reports to execute in company_9jxwph8g
[2025-06-28T20:09:16.494Z] [INFO] Scheduled reports check completed
[2025-06-28T20:09:16.496Z] [DEBUG] MongoDB connection closed
[2025-06-28T20:09:45.770Z] [INFO] Checking for scheduled reports...
[2025-06-28T20:09:46.331Z] [DEBUG] Connected to MongoDB
[2025-06-28T20:09:46.389Z] [INFO] Found 1 company databases
[2025-06-28T20:09:46.390Z] [DEBUG] Processing company database: company_9jxwph8g
[2025-06-28T20:09:46.438Z] [DEBUG] Finding reports to execute in company_9jxwph8g (current time: 2025-06-28T20:09:46.438Z)
[2025-06-28T20:09:46.486Z] [INFO] Found 0 reports to execute in company_9jxwph8g
[2025-06-28T20:09:46.487Z] [INFO] Scheduled reports check completed
[2025-06-28T20:09:46.490Z] [DEBUG] MongoDB connection closed
[2025-06-28T20:10:15.770Z] [INFO] Checking for scheduled reports...
[2025-06-28T20:10:16.404Z] [DEBUG] Connected to MongoDB
[2025-06-28T20:10:16.462Z] [INFO] Found 1 company databases
[2025-06-28T20:10:16.463Z] [DEBUG] Processing company database: company_9jxwph8g
[2025-06-28T20:10:16.511Z] [DEBUG] Finding reports to execute in company_9jxwph8g (current time: 2025-06-28T20:10:16.511Z)
[2025-06-28T20:10:16.559Z] [INFO] Found 0 reports to execute in company_9jxwph8g
[2025-06-28T20:10:16.559Z] [INFO] Scheduled reports check completed
[2025-06-28T20:10:16.562Z] [DEBUG] MongoDB connection closed
[2025-06-28T20:10:45.772Z] [INFO] Checking for scheduled reports...
[2025-06-28T20:10:46.579Z] [DEBUG] Connected to MongoDB
[2025-06-28T20:10:46.638Z] [INFO] Found 1 company databases
[2025-06-28T20:10:46.639Z] [DEBUG] Processing company database: company_9jxwph8g
[2025-06-28T20:10:46.687Z] [DEBUG] Finding reports to execute in company_9jxwph8g (current time: 2025-06-28T20:10:46.687Z)
[2025-06-28T20:10:46.735Z] [INFO] Found 0 reports to execute in company_9jxwph8g
[2025-06-28T20:10:46.735Z] [INFO] Scheduled reports check completed
[2025-06-28T20:10:46.738Z] [DEBUG] MongoDB connection closed
[2025-06-28T20:11:15.773Z] [INFO] Checking for scheduled reports...
[2025-06-28T20:11:16.408Z] [DEBUG] Connected to MongoDB
[2025-06-28T20:11:16.466Z] [INFO] Found 1 company databases
[2025-06-28T20:11:16.467Z] [DEBUG] Processing company database: company_9jxwph8g
[2025-06-28T20:11:16.515Z] [DEBUG] Finding reports to execute in company_9jxwph8g (current time: 2025-06-28T20:11:16.515Z)
[2025-06-28T20:11:16.564Z] [INFO] Found 0 reports to execute in company_9jxwph8g
[2025-06-28T20:11:16.565Z] [INFO] Scheduled reports check completed
[2025-06-28T20:11:16.567Z] [DEBUG] MongoDB connection closed
[2025-06-28T20:11:45.774Z] [INFO] Checking for scheduled reports...
[2025-06-28T20:11:46.328Z] [DEBUG] Connected to MongoDB
[2025-06-28T20:11:46.387Z] [INFO] Found 1 company databases
[2025-06-28T20:11:46.387Z] [DEBUG] Processing company database: company_9jxwph8g
[2025-06-28T20:11:46.436Z] [DEBUG] Finding reports to execute in company_9jxwph8g (current time: 2025-06-28T20:11:46.436Z)
[2025-06-28T20:11:46.483Z] [INFO] Found 0 reports to execute in company_9jxwph8g
[2025-06-28T20:11:46.484Z] [INFO] Scheduled reports check completed
[2025-06-28T20:11:46.487Z] [DEBUG] MongoDB connection closed
[2025-06-28T20:12:15.775Z] [INFO] Checking for scheduled reports...
[2025-06-28T20:12:16.617Z] [DEBUG] Connected to MongoDB
[2025-06-28T20:12:16.675Z] [INFO] Found 1 company databases
[2025-06-28T20:12:16.676Z] [DEBUG] Processing company database: company_9jxwph8g
[2025-06-28T20:12:16.725Z] [DEBUG] Finding reports to execute in company_9jxwph8g (current time: 2025-06-28T20:12:16.725Z)
[2025-06-28T20:12:16.772Z] [INFO] Found 0 reports to execute in company_9jxwph8g
[2025-06-28T20:12:16.773Z] [INFO] Scheduled reports check completed
[2025-06-28T20:12:16.776Z] [DEBUG] MongoDB connection closed
[2025-06-28T20:12:45.776Z] [INFO] Checking for scheduled reports...
[2025-06-28T20:12:46.328Z] [DEBUG] Connected to MongoDB
[2025-06-28T20:12:46.386Z] [INFO] Found 1 company databases
[2025-06-28T20:12:46.387Z] [DEBUG] Processing company database: company_9jxwph8g
[2025-06-28T20:12:46.435Z] [DEBUG] Finding reports to execute in company_9jxwph8g (current time: 2025-06-28T20:12:46.435Z)
[2025-06-28T20:12:46.483Z] [INFO] Found 0 reports to execute in company_9jxwph8g
[2025-06-28T20:12:46.484Z] [INFO] Scheduled reports check completed
[2025-06-28T20:12:46.486Z] [DEBUG] MongoDB connection closed
[2025-06-28T20:13:15.778Z] [INFO] Checking for scheduled reports...
[2025-06-28T20:13:16.424Z] [DEBUG] Connected to MongoDB
[2025-06-28T20:13:16.482Z] [INFO] Found 1 company databases
[2025-06-28T20:13:16.483Z] [DEBUG] Processing company database: company_9jxwph8g
[2025-06-28T20:13:16.531Z] [DEBUG] Finding reports to execute in company_9jxwph8g (current time: 2025-06-28T20:13:16.531Z)
[2025-06-28T20:13:16.579Z] [INFO] Found 0 reports to execute in company_9jxwph8g
[2025-06-28T20:13:16.580Z] [INFO] Scheduled reports check completed
[2025-06-28T20:13:16.582Z] [DEBUG] MongoDB connection closed
[2025-06-28T20:13:45.779Z] [INFO] Checking for scheduled reports...
[2025-06-28T20:13:46.445Z] [DEBUG] Connected to MongoDB
[2025-06-28T20:13:46.503Z] [INFO] Found 1 company databases
[2025-06-28T20:13:46.505Z] [DEBUG] Processing company database: company_9jxwph8g
[2025-06-28T20:13:46.555Z] [DEBUG] Finding reports to execute in company_9jxwph8g (current time: 2025-06-28T20:13:46.555Z)
[2025-06-28T20:13:46.602Z] [INFO] Found 0 reports to execute in company_9jxwph8g
[2025-06-28T20:13:46.603Z] [INFO] Scheduled reports check completed
[2025-06-28T20:13:46.606Z] [DEBUG] MongoDB connection closed
[2025-06-28T20:14:15.781Z] [INFO] Checking for scheduled reports...
[2025-06-28T20:14:16.413Z] [DEBUG] Connected to MongoDB
[2025-06-28T20:14:16.472Z] [INFO] Found 1 company databases
[2025-06-28T20:14:16.472Z] [DEBUG] Processing company database: company_9jxwph8g
[2025-06-28T20:14:16.525Z] [DEBUG] Finding reports to execute in company_9jxwph8g (current time: 2025-06-28T20:14:16.525Z)
[2025-06-28T20:14:16.574Z] [INFO] Found 0 reports to execute in company_9jxwph8g
[2025-06-28T20:14:16.574Z] [INFO] Scheduled reports check completed
[2025-06-28T20:14:16.577Z] [DEBUG] MongoDB connection closed
[2025-06-28T20:14:45.781Z] [INFO] Checking for scheduled reports...
[2025-06-28T20:14:46.339Z] [DEBUG] Connected to MongoDB
[2025-06-28T20:14:46.397Z] [INFO] Found 1 company databases
[2025-06-28T20:14:46.398Z] [DEBUG] Processing company database: company_9jxwph8g
[2025-06-28T20:14:46.446Z] [DEBUG] Finding reports to execute in company_9jxwph8g (current time: 2025-06-28T20:14:46.446Z)
[2025-06-28T20:14:46.493Z] [INFO] Found 0 reports to execute in company_9jxwph8g
[2025-06-28T20:14:46.494Z] [INFO] Scheduled reports check completed
[2025-06-28T20:14:46.496Z] [DEBUG] MongoDB connection closed
[2025-06-28T20:15:15.782Z] [INFO] Checking for scheduled reports...
[2025-06-28T20:15:16.479Z] [DEBUG] Connected to MongoDB
[2025-06-28T20:15:16.537Z] [INFO] Found 1 company databases
[2025-06-28T20:15:16.538Z] [DEBUG] Processing company database: company_9jxwph8g
[2025-06-28T20:15:16.585Z] [DEBUG] Finding reports to execute in company_9jxwph8g (current time: 2025-06-28T20:15:16.585Z)
[2025-06-28T20:15:16.632Z] [INFO] Found 0 reports to execute in company_9jxwph8g
[2025-06-28T20:15:16.632Z] [INFO] Scheduled reports check completed
[2025-06-28T20:15:16.634Z] [DEBUG] MongoDB connection closed
[2025-06-28T20:15:45.783Z] [INFO] Checking for scheduled reports...
[2025-06-28T20:15:46.336Z] [DEBUG] Connected to MongoDB
[2025-06-28T20:15:46.396Z] [INFO] Found 1 company databases
[2025-06-28T20:15:46.396Z] [DEBUG] Processing company database: company_9jxwph8g
[2025-06-28T20:15:46.445Z] [DEBUG] Finding reports to execute in company_9jxwph8g (current time: 2025-06-28T20:15:46.445Z)
[2025-06-28T20:15:46.493Z] [INFO] Found 0 reports to execute in company_9jxwph8g
[2025-06-28T20:15:46.493Z] [INFO] Scheduled reports check completed
[2025-06-28T20:15:46.494Z] [DEBUG] MongoDB connection closed
[2025-06-28T20:16:15.785Z] [INFO] Checking for scheduled reports...
[2025-06-28T20:16:16.414Z] [DEBUG] Connected to MongoDB
[2025-06-28T20:16:16.477Z] [INFO] Found 1 company databases
[2025-06-28T20:16:16.477Z] [DEBUG] Processing company database: company_9jxwph8g
[2025-06-28T20:16:16.525Z] [DEBUG] Finding reports to execute in company_9jxwph8g (current time: 2025-06-28T20:16:16.525Z)
[2025-06-28T20:16:16.571Z] [INFO] Found 0 reports to execute in company_9jxwph8g
[2025-06-28T20:16:16.572Z] [INFO] Scheduled reports check completed
[2025-06-28T20:16:16.573Z] [DEBUG] MongoDB connection closed
[2025-06-28T20:16:45.786Z] [INFO] Checking for scheduled reports...
[2025-06-28T20:16:46.466Z] [DEBUG] Connected to MongoDB
[2025-06-28T20:16:46.527Z] [INFO] Found 1 company databases
[2025-06-28T20:16:46.528Z] [DEBUG] Processing company database: company_9jxwph8g
[2025-06-28T20:16:46.578Z] [DEBUG] Finding reports to execute in company_9jxwph8g (current time: 2025-06-28T20:16:46.578Z)
[2025-06-28T20:16:46.626Z] [INFO] Found 0 reports to execute in company_9jxwph8g
[2025-06-28T20:16:46.626Z] [INFO] Scheduled reports check completed
[2025-06-28T20:16:46.629Z] [DEBUG] MongoDB connection closed
[2025-06-28T20:17:15.786Z] [INFO] Checking for scheduled reports...
[2025-06-28T20:17:16.437Z] [DEBUG] Connected to MongoDB
[2025-06-28T20:17:16.495Z] [INFO] Found 1 company databases
[2025-06-28T20:17:16.495Z] [DEBUG] Processing company database: company_9jxwph8g
[2025-06-28T20:17:16.546Z] [DEBUG] Finding reports to execute in company_9jxwph8g (current time: 2025-06-28T20:17:16.546Z)
[2025-06-28T20:17:16.593Z] [INFO] Found 0 reports to execute in company_9jxwph8g
[2025-06-28T20:17:16.593Z] [INFO] Scheduled reports check completed
[2025-06-28T20:17:16.595Z] [DEBUG] MongoDB connection closed
[2025-06-28T20:17:45.788Z] [INFO] Checking for scheduled reports...
[2025-06-28T20:17:46.363Z] [DEBUG] Connected to MongoDB
[2025-06-28T20:17:46.422Z] [INFO] Found 1 company databases
[2025-06-28T20:17:46.422Z] [DEBUG] Processing company database: company_9jxwph8g
[2025-06-28T20:17:46.471Z] [DEBUG] Finding reports to execute in company_9jxwph8g (current time: 2025-06-28T20:17:46.471Z)
[2025-06-28T20:17:46.519Z] [INFO] Found 0 reports to execute in company_9jxwph8g
[2025-06-28T20:17:46.519Z] [INFO] Scheduled reports check completed
[2025-06-28T20:17:46.521Z] [DEBUG] MongoDB connection closed
[2025-06-28T20:18:15.788Z] [INFO] Checking for scheduled reports...
[2025-06-28T20:18:16.426Z] [DEBUG] Connected to MongoDB
[2025-06-28T20:18:16.484Z] [INFO] Found 1 company databases
[2025-06-28T20:18:16.485Z] [DEBUG] Processing company database: company_9jxwph8g
[2025-06-28T20:18:16.533Z] [DEBUG] Finding reports to execute in company_9jxwph8g (current time: 2025-06-28T20:18:16.533Z)
[2025-06-28T20:18:16.579Z] [INFO] Found 0 reports to execute in company_9jxwph8g
[2025-06-28T20:18:16.579Z] [INFO] Scheduled reports check completed
[2025-06-28T20:18:16.580Z] [DEBUG] MongoDB connection closed
[2025-06-28T20:18:45.789Z] [INFO] Checking for scheduled reports...
[2025-06-28T20:18:46.358Z] [DEBUG] Connected to MongoDB
[2025-06-28T20:18:46.418Z] [INFO] Found 1 company databases
[2025-06-28T20:18:46.418Z] [DEBUG] Processing company database: company_9jxwph8g
[2025-06-28T20:18:46.466Z] [DEBUG] Finding reports to execute in company_9jxwph8g (current time: 2025-06-28T20:18:46.466Z)
[2025-06-28T20:18:46.530Z] [INFO] Found 0 reports to execute in company_9jxwph8g
[2025-06-28T20:18:46.531Z] [INFO] Scheduled reports check completed
[2025-06-28T20:18:46.543Z] [DEBUG] MongoDB connection closed
[2025-06-28T20:19:15.802Z] [INFO] Checking for scheduled reports...
[2025-06-28T20:19:16.512Z] [DEBUG] Connected to MongoDB
[2025-06-28T20:19:16.573Z] [INFO] Found 1 company databases
[2025-06-28T20:19:16.573Z] [DEBUG] Processing company database: company_9jxwph8g
[2025-06-28T20:19:16.622Z] [DEBUG] Finding reports to execute in company_9jxwph8g (current time: 2025-06-28T20:19:16.622Z)
[2025-06-28T20:19:16.670Z] [INFO] Found 0 reports to execute in company_9jxwph8g
[2025-06-28T20:19:16.671Z] [INFO] Scheduled reports check completed
[2025-06-28T20:19:16.675Z] [DEBUG] MongoDB connection closed
[2025-06-28T20:19:45.812Z] [INFO] Checking for scheduled reports...
[2025-06-28T20:19:46.390Z] [DEBUG] Connected to MongoDB
[2025-06-28T20:19:46.448Z] [INFO] Found 1 company databases
[2025-06-28T20:19:46.449Z] [DEBUG] Processing company database: company_9jxwph8g
[2025-06-28T20:19:46.499Z] [DEBUG] Finding reports to execute in company_9jxwph8g (current time: 2025-06-28T20:19:46.499Z)
[2025-06-28T20:19:46.547Z] [INFO] Found 0 reports to execute in company_9jxwph8g
[2025-06-28T20:19:46.547Z] [INFO] Scheduled reports check completed
[2025-06-28T20:19:46.549Z] [DEBUG] MongoDB connection closed
[2025-06-28T20:20:15.821Z] [INFO] Checking for scheduled reports...
[2025-06-28T20:20:16.467Z] [DEBUG] Connected to MongoDB
[2025-06-28T20:20:16.527Z] [INFO] Found 1 company databases
[2025-06-28T20:20:16.528Z] [DEBUG] Processing company database: company_9jxwph8g
[2025-06-28T20:20:16.577Z] [DEBUG] Finding reports to execute in company_9jxwph8g (current time: 2025-06-28T20:20:16.577Z)
[2025-06-28T20:20:16.625Z] [INFO] Found 0 reports to execute in company_9jxwph8g
[2025-06-28T20:20:16.626Z] [INFO] Scheduled reports check completed
[2025-06-28T20:20:16.627Z] [DEBUG] MongoDB connection closed
[2025-06-28T20:20:45.822Z] [INFO] Checking for scheduled reports...
[2025-06-28T20:20:46.490Z] [DEBUG] Connected to MongoDB
[2025-06-28T20:20:46.551Z] [INFO] Found 1 company databases
[2025-06-28T20:20:46.551Z] [DEBUG] Processing company database: company_9jxwph8g
[2025-06-28T20:20:46.598Z] [DEBUG] Finding reports to execute in company_9jxwph8g (current time: 2025-06-28T20:20:46.598Z)
[2025-06-28T20:20:46.646Z] [INFO] Found 0 reports to execute in company_9jxwph8g
[2025-06-28T20:20:46.646Z] [INFO] Scheduled reports check completed
[2025-06-28T20:20:46.648Z] [DEBUG] MongoDB connection closed
[2025-06-28T20:21:15.824Z] [INFO] Checking for scheduled reports...
[2025-06-28T20:21:16.498Z] [DEBUG] Connected to MongoDB
[2025-06-28T20:21:16.557Z] [INFO] Found 1 company databases
[2025-06-28T20:21:16.558Z] [DEBUG] Processing company database: company_9jxwph8g
[2025-06-28T20:21:16.614Z] [DEBUG] Finding reports to execute in company_9jxwph8g (current time: 2025-06-28T20:21:16.614Z)
[2025-06-28T20:21:16.667Z] [INFO] Found 0 reports to execute in company_9jxwph8g
[2025-06-28T20:21:16.667Z] [INFO] Scheduled reports check completed
[2025-06-28T20:21:16.669Z] [DEBUG] MongoDB connection closed
[2025-06-28T20:21:45.826Z] [INFO] Checking for scheduled reports...
[2025-06-28T20:21:46.399Z] [DEBUG] Connected to MongoDB
[2025-06-28T20:21:46.458Z] [INFO] Found 1 company databases
[2025-06-28T20:21:46.459Z] [DEBUG] Processing company database: company_9jxwph8g
[2025-06-28T20:21:46.514Z] [DEBUG] Finding reports to execute in company_9jxwph8g (current time: 2025-06-28T20:21:46.514Z)
[2025-06-28T20:21:46.563Z] [INFO] Found 0 reports to execute in company_9jxwph8g
[2025-06-28T20:21:46.563Z] [INFO] Scheduled reports check completed
[2025-06-28T20:21:46.565Z] [DEBUG] MongoDB connection closed
[2025-06-28T20:22:15.829Z] [INFO] Checking for scheduled reports...
[2025-06-28T20:22:16.512Z] [DEBUG] Connected to MongoDB
[2025-06-28T20:22:16.573Z] [INFO] Found 1 company databases
[2025-06-28T20:22:16.574Z] [DEBUG] Processing company database: company_9jxwph8g
[2025-06-28T20:22:16.624Z] [DEBUG] Finding reports to execute in company_9jxwph8g (current time: 2025-06-28T20:22:16.624Z)
[2025-06-28T20:22:16.672Z] [INFO] Found 0 reports to execute in company_9jxwph8g
[2025-06-28T20:22:16.672Z] [INFO] Scheduled reports check completed
[2025-06-28T20:22:16.675Z] [DEBUG] MongoDB connection closed
[2025-06-28T20:22:45.829Z] [INFO] Checking for scheduled reports...
[2025-06-28T20:22:46.414Z] [DEBUG] Connected to MongoDB
[2025-06-28T20:22:46.479Z] [INFO] Found 1 company databases
[2025-06-28T20:22:46.479Z] [DEBUG] Processing company database: company_9jxwph8g
[2025-06-28T20:22:46.529Z] [DEBUG] Finding reports to execute in company_9jxwph8g (current time: 2025-06-28T20:22:46.529Z)
[2025-06-28T20:22:46.576Z] [INFO] Found 0 reports to execute in company_9jxwph8g
[2025-06-28T20:22:46.576Z] [INFO] Scheduled reports check completed
[2025-06-28T20:22:46.578Z] [DEBUG] MongoDB connection closed
[2025-06-28T20:23:15.833Z] [INFO] Checking for scheduled reports...
[2025-06-28T20:23:16.475Z] [DEBUG] Connected to MongoDB
[2025-06-28T20:23:16.533Z] [INFO] Found 1 company databases
[2025-06-28T20:23:16.533Z] [DEBUG] Processing company database: company_9jxwph8g
[2025-06-28T20:23:16.581Z] [DEBUG] Finding reports to execute in company_9jxwph8g (current time: 2025-06-28T20:23:16.581Z)
[2025-06-28T20:23:16.629Z] [INFO] Found 0 reports to execute in company_9jxwph8g
[2025-06-28T20:23:16.629Z] [INFO] Scheduled reports check completed
[2025-06-28T20:23:16.631Z] [DEBUG] MongoDB connection closed
[2025-06-28T20:23:45.835Z] [INFO] Checking for scheduled reports...
[2025-06-28T20:23:46.602Z] [DEBUG] Connected to MongoDB
[2025-06-28T20:23:46.659Z] [INFO] Found 1 company databases
[2025-06-28T20:23:46.659Z] [DEBUG] Processing company database: company_9jxwph8g
[2025-06-28T20:23:46.918Z] [DEBUG] Finding reports to execute in company_9jxwph8g (current time: 2025-06-28T20:23:46.918Z)
[2025-06-28T20:23:46.969Z] [INFO] Found 0 reports to execute in company_9jxwph8g
[2025-06-28T20:23:46.969Z] [INFO] Scheduled reports check completed
[2025-06-28T20:23:46.970Z] [DEBUG] MongoDB connection closed
[2025-06-28T20:24:15.836Z] [INFO] Checking for scheduled reports...
[2025-06-28T20:24:16.504Z] [DEBUG] Connected to MongoDB
[2025-06-28T20:24:16.564Z] [INFO] Found 1 company databases
[2025-06-28T20:24:16.565Z] [DEBUG] Processing company database: company_9jxwph8g
[2025-06-28T20:24:16.614Z] [DEBUG] Finding reports to execute in company_9jxwph8g (current time: 2025-06-28T20:24:16.614Z)
[2025-06-28T20:24:16.661Z] [INFO] Found 0 reports to execute in company_9jxwph8g
[2025-06-28T20:24:16.662Z] [INFO] Scheduled reports check completed
[2025-06-28T20:24:16.665Z] [DEBUG] MongoDB connection closed
[2025-06-28T20:24:45.838Z] [INFO] Checking for scheduled reports...
[2025-06-28T20:24:46.805Z] [DEBUG] Connected to MongoDB
[2025-06-28T20:24:46.864Z] [INFO] Found 1 company databases
[2025-06-28T20:24:46.865Z] [DEBUG] Processing company database: company_9jxwph8g
[2025-06-28T20:24:46.914Z] [DEBUG] Finding reports to execute in company_9jxwph8g (current time: 2025-06-28T20:24:46.914Z)
[2025-06-28T20:24:46.961Z] [INFO] Found 0 reports to execute in company_9jxwph8g
[2025-06-28T20:24:46.962Z] [INFO] Scheduled reports check completed
[2025-06-28T20:24:46.964Z] [DEBUG] MongoDB connection closed
[2025-06-28T20:43:47.107Z] [INFO] Checking for scheduled reports...
[2025-06-28T20:43:48.032Z] [DEBUG] Connected to MongoDB
[2025-06-28T20:43:48.092Z] [INFO] Found 1 company databases
[2025-06-28T20:43:48.092Z] [DEBUG] Processing company database: company_9jxwph8g
[2025-06-28T20:43:48.138Z] [DEBUG] Finding reports to execute in company_9jxwph8g (current time: 2025-06-28T20:43:48.138Z)
[2025-06-28T20:43:48.184Z] [INFO] Found 0 reports to execute in company_9jxwph8g
[2025-06-28T20:43:48.185Z] [INFO] Scheduled reports check completed
[2025-06-28T20:43:48.186Z] [DEBUG] MongoDB connection closed
[2025-06-28T20:44:20.766Z] [INFO] Checking for scheduled reports...
[2025-06-28T20:44:21.378Z] [DEBUG] Connected to MongoDB
[2025-06-28T20:44:21.435Z] [INFO] Found 1 company databases
[2025-06-28T20:44:21.435Z] [DEBUG] Processing company database: company_9jxwph8g
[2025-06-28T20:44:21.483Z] [DEBUG] Finding reports to execute in company_9jxwph8g (current time: 2025-06-28T20:44:21.483Z)
[2025-06-28T20:44:21.529Z] [INFO] Found 0 reports to execute in company_9jxwph8g
[2025-06-28T20:44:21.529Z] [INFO] Scheduled reports check completed
[2025-06-28T20:44:21.530Z] [DEBUG] MongoDB connection closed
[2025-06-28T21:15:54.995Z] [INFO] Checking for scheduled reports...
[2025-06-28T21:15:55.937Z] [DEBUG] Connected to MongoDB
[2025-06-28T21:15:56.039Z] [INFO] Found 1 company databases
[2025-06-28T21:15:56.039Z] [DEBUG] Processing company database: company_9jxwph8g
[2025-06-28T21:15:56.088Z] [DEBUG] Finding reports to execute in company_9jxwph8g (current time: 2025-06-28T21:15:56.088Z)
[2025-06-28T21:15:56.140Z] [INFO] Found 0 reports to execute in company_9jxwph8g
[2025-06-28T21:15:56.141Z] [INFO] Scheduled reports check completed
[2025-06-28T21:15:56.143Z] [DEBUG] MongoDB connection closed
[2025-06-28T21:16:24.982Z] [INFO] Checking for scheduled reports...
[2025-06-28T21:16:25.759Z] [DEBUG] Connected to MongoDB
[2025-06-28T21:16:25.817Z] [INFO] Found 1 company databases
[2025-06-28T21:16:25.818Z] [DEBUG] Processing company database: company_9jxwph8g
[2025-06-28T21:16:25.954Z] [DEBUG] Finding reports to execute in company_9jxwph8g (current time: 2025-06-28T21:16:25.954Z)
[2025-06-28T21:16:26.003Z] [INFO] Found 0 reports to execute in company_9jxwph8g
[2025-06-28T21:16:26.004Z] [INFO] Scheduled reports check completed
[2025-06-28T21:16:26.006Z] [DEBUG] MongoDB connection closed
[2025-06-28T21:16:54.980Z] [INFO] Checking for scheduled reports...
[2025-06-28T21:16:55.618Z] [DEBUG] Connected to MongoDB
[2025-06-28T21:16:55.678Z] [INFO] Found 1 company databases
[2025-06-28T21:16:55.679Z] [DEBUG] Processing company database: company_9jxwph8g
[2025-06-28T21:16:55.727Z] [DEBUG] Finding reports to execute in company_9jxwph8g (current time: 2025-06-28T21:16:55.727Z)
[2025-06-28T21:16:55.785Z] [INFO] Found 0 reports to execute in company_9jxwph8g
[2025-06-28T21:16:55.786Z] [INFO] Scheduled reports check completed
[2025-06-28T21:16:55.788Z] [DEBUG] MongoDB connection closed
[2025-06-28T21:17:24.981Z] [INFO] Checking for scheduled reports...
[2025-06-28T21:17:25.610Z] [DEBUG] Connected to MongoDB
[2025-06-28T21:17:25.670Z] [INFO] Found 1 company databases
[2025-06-28T21:17:25.670Z] [DEBUG] Processing company database: company_9jxwph8g
[2025-06-28T21:17:25.721Z] [DEBUG] Finding reports to execute in company_9jxwph8g (current time: 2025-06-28T21:17:25.721Z)
[2025-06-28T21:17:25.770Z] [INFO] Found 0 reports to execute in company_9jxwph8g
[2025-06-28T21:17:25.771Z] [INFO] Scheduled reports check completed
[2025-06-28T21:17:25.773Z] [DEBUG] MongoDB connection closed
[2025-06-28T21:17:54.982Z] [INFO] Checking for scheduled reports...
[2025-06-28T21:17:55.626Z] [DEBUG] Connected to MongoDB
[2025-06-28T21:17:55.686Z] [INFO] Found 1 company databases
[2025-06-28T21:17:55.686Z] [DEBUG] Processing company database: company_9jxwph8g
[2025-06-28T21:17:55.735Z] [DEBUG] Finding reports to execute in company_9jxwph8g (current time: 2025-06-28T21:17:55.735Z)
[2025-06-28T21:17:55.786Z] [INFO] Found 0 reports to execute in company_9jxwph8g
[2025-06-28T21:17:55.786Z] [INFO] Scheduled reports check completed
[2025-06-28T21:17:55.789Z] [DEBUG] MongoDB connection closed
[2025-06-28T21:18:24.983Z] [INFO] Checking for scheduled reports...
[2025-06-28T21:18:25.610Z] [DEBUG] Connected to MongoDB
[2025-06-28T21:18:25.670Z] [INFO] Found 1 company databases
[2025-06-28T21:18:25.670Z] [DEBUG] Processing company database: company_9jxwph8g
[2025-06-28T21:18:25.719Z] [DEBUG] Finding reports to execute in company_9jxwph8g (current time: 2025-06-28T21:18:25.719Z)
[2025-06-28T21:18:25.766Z] [INFO] Found 0 reports to execute in company_9jxwph8g
[2025-06-28T21:18:25.767Z] [INFO] Scheduled reports check completed
[2025-06-28T21:18:25.768Z] [DEBUG] MongoDB connection closed
[2025-06-28T21:18:54.984Z] [INFO] Checking for scheduled reports...
[2025-06-28T21:18:56.305Z] [DEBUG] Connected to MongoDB
[2025-06-28T21:18:56.466Z] [INFO] Found 1 company databases
[2025-06-28T21:18:56.466Z] [DEBUG] Processing company database: company_9jxwph8g
[2025-06-28T21:18:56.571Z] [DEBUG] Finding reports to execute in company_9jxwph8g (current time: 2025-06-28T21:18:56.571Z)
[2025-06-28T21:18:56.619Z] [INFO] Found 0 reports to execute in company_9jxwph8g
[2025-06-28T21:18:56.620Z] [INFO] Scheduled reports check completed
[2025-06-28T21:18:56.623Z] [DEBUG] MongoDB connection closed
[2025-06-28T21:19:24.986Z] [INFO] Checking for scheduled reports...
[2025-06-28T21:19:25.540Z] [DEBUG] Connected to MongoDB
[2025-06-28T21:19:25.600Z] [INFO] Found 1 company databases
[2025-06-28T21:19:25.601Z] [DEBUG] Processing company database: company_9jxwph8g
[2025-06-28T21:19:25.648Z] [DEBUG] Finding reports to execute in company_9jxwph8g (current time: 2025-06-28T21:19:25.648Z)
[2025-06-28T21:19:25.696Z] [INFO] Found 0 reports to execute in company_9jxwph8g
[2025-06-28T21:19:25.696Z] [INFO] Scheduled reports check completed
[2025-06-28T21:19:25.697Z] [DEBUG] MongoDB connection closed
[2025-06-28T21:19:54.986Z] [INFO] Checking for scheduled reports...
[2025-06-28T21:19:55.812Z] [DEBUG] Connected to MongoDB
[2025-06-28T21:19:55.951Z] [INFO] Found 1 company databases
[2025-06-28T21:19:55.952Z] [DEBUG] Processing company database: company_9jxwph8g
[2025-06-28T21:19:56.002Z] [DEBUG] Finding reports to execute in company_9jxwph8g (current time: 2025-06-28T21:19:56.002Z)
[2025-06-28T21:19:56.050Z] [INFO] Found 0 reports to execute in company_9jxwph8g
[2025-06-28T21:19:56.051Z] [INFO] Scheduled reports check completed
[2025-06-28T21:19:56.053Z] [DEBUG] MongoDB connection closed
[2025-06-28T21:20:24.987Z] [INFO] Checking for scheduled reports...
[2025-06-28T21:20:25.586Z] [DEBUG] Connected to MongoDB
[2025-06-28T21:20:25.645Z] [INFO] Found 1 company databases
[2025-06-28T21:20:25.646Z] [DEBUG] Processing company database: company_9jxwph8g
[2025-06-28T21:20:25.695Z] [DEBUG] Finding reports to execute in company_9jxwph8g (current time: 2025-06-28T21:20:25.695Z)
[2025-06-28T21:20:25.744Z] [INFO] Found 0 reports to execute in company_9jxwph8g
[2025-06-28T21:20:25.744Z] [INFO] Scheduled reports check completed
[2025-06-28T21:20:25.747Z] [DEBUG] MongoDB connection closed
[2025-06-28T21:20:54.989Z] [INFO] Checking for scheduled reports...
[2025-06-28T21:20:55.638Z] [DEBUG] Connected to MongoDB
[2025-06-28T21:20:55.709Z] [INFO] Found 1 company databases
[2025-06-28T21:20:55.709Z] [DEBUG] Processing company database: company_9jxwph8g
[2025-06-28T21:20:55.762Z] [DEBUG] Finding reports to execute in company_9jxwph8g (current time: 2025-06-28T21:20:55.762Z)
[2025-06-28T21:20:55.811Z] [INFO] Found 0 reports to execute in company_9jxwph8g
[2025-06-28T21:20:55.812Z] [INFO] Scheduled reports check completed
[2025-06-28T21:20:55.813Z] [DEBUG] MongoDB connection closed
[2025-06-28T21:21:24.989Z] [INFO] Checking for scheduled reports...
[2025-06-28T21:21:25.551Z] [DEBUG] Connected to MongoDB
[2025-06-28T21:21:25.611Z] [INFO] Found 1 company databases
[2025-06-28T21:21:25.611Z] [DEBUG] Processing company database: company_9jxwph8g
[2025-06-28T21:21:25.660Z] [DEBUG] Finding reports to execute in company_9jxwph8g (current time: 2025-06-28T21:21:25.660Z)
[2025-06-28T21:21:25.707Z] [INFO] Found 0 reports to execute in company_9jxwph8g
[2025-06-28T21:21:25.707Z] [INFO] Scheduled reports check completed
[2025-06-28T21:21:25.709Z] [DEBUG] MongoDB connection closed
[2025-06-28T21:21:54.989Z] [INFO] Checking for scheduled reports...
[2025-06-28T21:21:55.749Z] [DEBUG] Connected to MongoDB
[2025-06-28T21:21:55.808Z] [INFO] Found 1 company databases
[2025-06-28T21:21:55.809Z] [DEBUG] Processing company database: company_9jxwph8g
[2025-06-28T21:21:55.857Z] [DEBUG] Finding reports to execute in company_9jxwph8g (current time: 2025-06-28T21:21:55.857Z)
[2025-06-28T21:21:55.905Z] [INFO] Found 0 reports to execute in company_9jxwph8g
[2025-06-28T21:21:55.906Z] [INFO] Scheduled reports check completed
[2025-06-28T21:21:55.908Z] [DEBUG] MongoDB connection closed
[2025-06-28T21:22:24.990Z] [INFO] Checking for scheduled reports...
[2025-06-28T21:22:25.664Z] [DEBUG] Connected to MongoDB
[2025-06-28T21:22:25.724Z] [INFO] Found 1 company databases
[2025-06-28T21:22:25.724Z] [DEBUG] Processing company database: company_9jxwph8g
[2025-06-28T21:22:25.773Z] [DEBUG] Finding reports to execute in company_9jxwph8g (current time: 2025-06-28T21:22:25.773Z)
[2025-06-28T21:22:25.899Z] [INFO] Found 0 reports to execute in company_9jxwph8g
[2025-06-28T21:22:25.899Z] [INFO] Scheduled reports check completed
[2025-06-28T21:22:25.901Z] [DEBUG] MongoDB connection closed
[2025-06-28T21:22:54.990Z] [INFO] Checking for scheduled reports...
[2025-06-28T21:22:55.624Z] [DEBUG] Connected to MongoDB
[2025-06-28T21:22:55.688Z] [INFO] Found 1 company databases
[2025-06-28T21:22:55.689Z] [DEBUG] Processing company database: company_9jxwph8g
[2025-06-28T21:22:55.737Z] [DEBUG] Finding reports to execute in company_9jxwph8g (current time: 2025-06-28T21:22:55.737Z)
[2025-06-28T21:22:55.794Z] [INFO] Found 0 reports to execute in company_9jxwph8g
[2025-06-28T21:22:55.794Z] [INFO] Scheduled reports check completed
[2025-06-28T21:22:55.797Z] [DEBUG] MongoDB connection closed
[2025-06-28T21:23:24.992Z] [INFO] Checking for scheduled reports...
[2025-06-28T21:23:25.768Z] [DEBUG] Connected to MongoDB
[2025-06-28T21:23:25.827Z] [INFO] Found 1 company databases
[2025-06-28T21:23:25.827Z] [DEBUG] Processing company database: company_9jxwph8g
[2025-06-28T21:23:25.876Z] [DEBUG] Finding reports to execute in company_9jxwph8g (current time: 2025-06-28T21:23:25.876Z)
[2025-06-28T21:23:25.930Z] [INFO] Found 0 reports to execute in company_9jxwph8g
[2025-06-28T21:23:25.931Z] [INFO] Scheduled reports check completed
[2025-06-28T21:23:25.933Z] [DEBUG] MongoDB connection closed
[2025-06-28T21:23:54.992Z] [INFO] Checking for scheduled reports...
[2025-06-28T21:23:55.662Z] [DEBUG] Connected to MongoDB
[2025-06-28T21:23:55.721Z] [INFO] Found 1 company databases
[2025-06-28T21:23:55.722Z] [DEBUG] Processing company database: company_9jxwph8g
[2025-06-28T21:23:55.770Z] [DEBUG] Finding reports to execute in company_9jxwph8g (current time: 2025-06-28T21:23:55.770Z)
[2025-06-28T21:23:55.817Z] [INFO] Found 0 reports to execute in company_9jxwph8g
[2025-06-28T21:23:55.818Z] [INFO] Scheduled reports check completed
[2025-06-28T21:23:55.822Z] [DEBUG] MongoDB connection closed
[2025-06-28T21:24:24.994Z] [INFO] Checking for scheduled reports...
[2025-06-28T21:24:25.541Z] [DEBUG] Connected to MongoDB
[2025-06-28T21:24:25.598Z] [INFO] Found 1 company databases
[2025-06-28T21:24:25.599Z] [DEBUG] Processing company database: company_9jxwph8g
[2025-06-28T21:24:25.646Z] [DEBUG] Finding reports to execute in company_9jxwph8g (current time: 2025-06-28T21:24:25.646Z)
[2025-06-28T21:24:25.693Z] [INFO] Found 0 reports to execute in company_9jxwph8g
[2025-06-28T21:24:25.694Z] [INFO] Scheduled reports check completed
[2025-06-28T21:24:25.695Z] [DEBUG] MongoDB connection closed
[2025-06-28T21:24:54.995Z] [INFO] Checking for scheduled reports...
[2025-06-28T21:24:55.973Z] [DEBUG] Connected to MongoDB
[2025-06-28T21:24:56.033Z] [INFO] Found 1 company databases
[2025-06-28T21:24:56.033Z] [DEBUG] Processing company database: company_9jxwph8g
[2025-06-28T21:24:56.081Z] [DEBUG] Finding reports to execute in company_9jxwph8g (current time: 2025-06-28T21:24:56.081Z)
[2025-06-28T21:24:56.129Z] [INFO] Found 0 reports to execute in company_9jxwph8g
[2025-06-28T21:24:56.130Z] [INFO] Scheduled reports check completed
[2025-06-28T21:24:56.132Z] [DEBUG] MongoDB connection closed
[2025-06-28T21:25:24.996Z] [INFO] Checking for scheduled reports...
[2025-06-28T21:25:25.571Z] [DEBUG] Connected to MongoDB
[2025-06-28T21:25:25.634Z] [INFO] Found 1 company databases
[2025-06-28T21:25:25.635Z] [DEBUG] Processing company database: company_9jxwph8g
[2025-06-28T21:25:25.685Z] [DEBUG] Finding reports to execute in company_9jxwph8g (current time: 2025-06-28T21:25:25.685Z)
[2025-06-28T21:25:25.733Z] [INFO] Found 0 reports to execute in company_9jxwph8g
[2025-06-28T21:25:25.734Z] [INFO] Scheduled reports check completed
[2025-06-28T21:25:25.736Z] [DEBUG] MongoDB connection closed
[2025-06-28T21:25:54.996Z] [INFO] Checking for scheduled reports...
[2025-06-28T21:25:55.661Z] [DEBUG] Connected to MongoDB
[2025-06-28T21:25:55.720Z] [INFO] Found 1 company databases
[2025-06-28T21:25:55.720Z] [DEBUG] Processing company database: company_9jxwph8g
[2025-06-28T21:25:55.772Z] [DEBUG] Finding reports to execute in company_9jxwph8g (current time: 2025-06-28T21:25:55.772Z)
[2025-06-28T21:25:55.820Z] [INFO] Found 0 reports to execute in company_9jxwph8g
[2025-06-28T21:25:55.821Z] [INFO] Scheduled reports check completed
[2025-06-28T21:25:55.824Z] [DEBUG] MongoDB connection closed
[2025-06-28T21:26:24.998Z] [INFO] Checking for scheduled reports...
[2025-06-28T21:26:25.786Z] [DEBUG] Connected to MongoDB
[2025-06-28T21:26:25.860Z] [INFO] Found 1 company databases
[2025-06-28T21:26:25.860Z] [DEBUG] Processing company database: company_9jxwph8g
[2025-06-28T21:26:25.914Z] [DEBUG] Finding reports to execute in company_9jxwph8g (current time: 2025-06-28T21:26:25.914Z)
[2025-06-28T21:26:25.963Z] [INFO] Found 0 reports to execute in company_9jxwph8g
[2025-06-28T21:26:25.964Z] [INFO] Scheduled reports check completed
[2025-06-28T21:26:25.966Z] [DEBUG] MongoDB connection closed
[2025-06-28T21:26:54.998Z] [INFO] Checking for scheduled reports...
[2025-06-28T21:26:55.640Z] [DEBUG] Connected to MongoDB
[2025-06-28T21:26:55.700Z] [INFO] Found 1 company databases
[2025-06-28T21:26:55.700Z] [DEBUG] Processing company database: company_9jxwph8g
[2025-06-28T21:26:55.748Z] [DEBUG] Finding reports to execute in company_9jxwph8g (current time: 2025-06-28T21:26:55.748Z)
[2025-06-28T21:26:55.797Z] [INFO] Found 0 reports to execute in company_9jxwph8g
[2025-06-28T21:26:55.797Z] [INFO] Scheduled reports check completed
[2025-06-28T21:26:55.799Z] [DEBUG] MongoDB connection closed
[2025-06-28T21:27:25.000Z] [INFO] Checking for scheduled reports...
[2025-06-28T21:27:25.694Z] [DEBUG] Connected to MongoDB
[2025-06-28T21:27:25.751Z] [INFO] Found 1 company databases
[2025-06-28T21:27:25.752Z] [DEBUG] Processing company database: company_9jxwph8g
[2025-06-28T21:27:25.799Z] [DEBUG] Finding reports to execute in company_9jxwph8g (current time: 2025-06-28T21:27:25.799Z)
[2025-06-28T21:27:25.928Z] [INFO] Found 0 reports to execute in company_9jxwph8g
[2025-06-28T21:27:25.929Z] [INFO] Scheduled reports check completed
[2025-06-28T21:27:25.931Z] [DEBUG] MongoDB connection closed
[2025-06-28T21:27:55.001Z] [INFO] Checking for scheduled reports...
[2025-06-28T21:27:55.894Z] [DEBUG] Connected to MongoDB
[2025-06-28T21:27:55.954Z] [INFO] Found 1 company databases
[2025-06-28T21:27:55.954Z] [DEBUG] Processing company database: company_9jxwph8g
[2025-06-28T21:27:56.003Z] [DEBUG] Finding reports to execute in company_9jxwph8g (current time: 2025-06-28T21:27:56.003Z)
[2025-06-28T21:27:56.064Z] [INFO] Found 0 reports to execute in company_9jxwph8g
[2025-06-28T21:27:56.064Z] [INFO] Scheduled reports check completed
[2025-06-28T21:27:56.066Z] [DEBUG] MongoDB connection closed
[2025-06-28T21:28:25.003Z] [INFO] Checking for scheduled reports...
[2025-06-28T21:28:25.586Z] [DEBUG] Connected to MongoDB
[2025-06-28T21:28:25.644Z] [INFO] Found 1 company databases
[2025-06-28T21:28:25.644Z] [DEBUG] Processing company database: company_9jxwph8g
[2025-06-28T21:28:25.692Z] [DEBUG] Finding reports to execute in company_9jxwph8g (current time: 2025-06-28T21:28:25.692Z)
[2025-06-28T21:28:25.738Z] [INFO] Found 0 reports to execute in company_9jxwph8g
[2025-06-28T21:28:25.739Z] [INFO] Scheduled reports check completed
[2025-06-28T21:28:25.740Z] [DEBUG] MongoDB connection closed
[2025-06-28T21:28:55.004Z] [INFO] Checking for scheduled reports...
[2025-06-28T21:28:55.785Z] [DEBUG] Connected to MongoDB
[2025-06-28T21:28:55.854Z] [INFO] Found 1 company databases
[2025-06-28T21:28:55.854Z] [DEBUG] Processing company database: company_9jxwph8g
[2025-06-28T21:28:55.903Z] [DEBUG] Finding reports to execute in company_9jxwph8g (current time: 2025-06-28T21:28:55.903Z)
[2025-06-28T21:28:56.150Z] [INFO] Found 0 reports to execute in company_9jxwph8g
[2025-06-28T21:28:56.151Z] [INFO] Scheduled reports check completed
[2025-06-28T21:28:56.153Z] [DEBUG] MongoDB connection closed
[2025-06-28T21:29:25.004Z] [INFO] Checking for scheduled reports...
[2025-06-28T21:29:25.776Z] [DEBUG] Connected to MongoDB
[2025-06-28T21:29:25.835Z] [INFO] Found 1 company databases
[2025-06-28T21:29:25.836Z] [DEBUG] Processing company database: company_9jxwph8g
[2025-06-28T21:29:25.889Z] [DEBUG] Finding reports to execute in company_9jxwph8g (current time: 2025-06-28T21:29:25.889Z)
[2025-06-28T21:29:25.938Z] [INFO] Found 0 reports to execute in company_9jxwph8g
[2025-06-28T21:29:25.939Z] [INFO] Scheduled reports check completed
[2025-06-28T21:29:25.941Z] [DEBUG] MongoDB connection closed
[2025-06-28T21:29:55.006Z] [INFO] Checking for scheduled reports...
[2025-06-28T21:29:55.915Z] [DEBUG] Connected to MongoDB
[2025-06-28T21:29:55.973Z] [INFO] Found 1 company databases
[2025-06-28T21:29:55.974Z] [DEBUG] Processing company database: company_9jxwph8g
[2025-06-28T21:29:56.109Z] [DEBUG] Finding reports to execute in company_9jxwph8g (current time: 2025-06-28T21:29:56.109Z)
[2025-06-28T21:29:56.157Z] [INFO] Found 0 reports to execute in company_9jxwph8g
[2025-06-28T21:29:56.157Z] [INFO] Scheduled reports check completed
[2025-06-28T21:29:56.160Z] [DEBUG] MongoDB connection closed
[2025-06-28T21:30:25.007Z] [INFO] Checking for scheduled reports...
[2025-06-28T21:30:25.582Z] [DEBUG] Connected to MongoDB
[2025-06-28T21:30:25.642Z] [INFO] Found 1 company databases
[2025-06-28T21:30:25.642Z] [DEBUG] Processing company database: company_9jxwph8g
[2025-06-28T21:30:25.691Z] [DEBUG] Finding reports to execute in company_9jxwph8g (current time: 2025-06-28T21:30:25.690Z)
[2025-06-28T21:30:25.738Z] [INFO] Found 0 reports to execute in company_9jxwph8g
[2025-06-28T21:30:25.739Z] [INFO] Scheduled reports check completed
[2025-06-28T21:30:25.741Z] [DEBUG] MongoDB connection closed
[2025-06-28T21:30:55.008Z] [INFO] Checking for scheduled reports...
[2025-06-28T21:30:55.772Z] [DEBUG] Connected to MongoDB
[2025-06-28T21:30:55.829Z] [INFO] Found 1 company databases
[2025-06-28T21:30:55.830Z] [DEBUG] Processing company database: company_9jxwph8g
[2025-06-28T21:30:55.878Z] [DEBUG] Finding reports to execute in company_9jxwph8g (current time: 2025-06-28T21:30:55.877Z)
[2025-06-28T21:30:55.924Z] [INFO] Found 0 reports to execute in company_9jxwph8g
[2025-06-28T21:30:55.925Z] [INFO] Scheduled reports check completed
[2025-06-28T21:30:55.927Z] [DEBUG] MongoDB connection closed
[2025-06-28T21:31:25.010Z] [INFO] Checking for scheduled reports...
[2025-06-28T21:31:25.630Z] [DEBUG] Connected to MongoDB
[2025-06-28T21:31:25.689Z] [INFO] Found 1 company databases
[2025-06-28T21:31:25.690Z] [DEBUG] Processing company database: company_9jxwph8g
[2025-06-28T21:31:25.739Z] [DEBUG] Finding reports to execute in company_9jxwph8g (current time: 2025-06-28T21:31:25.739Z)
[2025-06-28T21:31:25.786Z] [INFO] Found 0 reports to execute in company_9jxwph8g
[2025-06-28T21:31:25.787Z] [INFO] Scheduled reports check completed
[2025-06-28T21:31:25.789Z] [DEBUG] MongoDB connection closed
[2025-06-28T21:31:55.010Z] [INFO] Checking for scheduled reports...
[2025-06-28T21:31:55.804Z] [DEBUG] Connected to MongoDB
[2025-06-28T21:31:55.863Z] [INFO] Found 1 company databases
[2025-06-28T21:31:55.863Z] [DEBUG] Processing company database: company_9jxwph8g
[2025-06-28T21:31:56.002Z] [DEBUG] Finding reports to execute in company_9jxwph8g (current time: 2025-06-28T21:31:56.002Z)
[2025-06-28T21:31:56.049Z] [INFO] Found 0 reports to execute in company_9jxwph8g
[2025-06-28T21:31:56.049Z] [INFO] Scheduled reports check completed
[2025-06-28T21:31:56.050Z] [DEBUG] MongoDB connection closed
[2025-06-28T21:32:25.011Z] [INFO] Checking for scheduled reports...
[2025-06-28T21:32:25.706Z] [DEBUG] Connected to MongoDB
[2025-06-28T21:32:25.766Z] [INFO] Found 1 company databases
[2025-06-28T21:32:25.767Z] [DEBUG] Processing company database: company_9jxwph8g
[2025-06-28T21:32:25.817Z] [DEBUG] Finding reports to execute in company_9jxwph8g (current time: 2025-06-28T21:32:25.817Z)
[2025-06-28T21:32:25.864Z] [INFO] Found 0 reports to execute in company_9jxwph8g
[2025-06-28T21:32:25.864Z] [INFO] Scheduled reports check completed
[2025-06-28T21:32:25.865Z] [DEBUG] MongoDB connection closed
[2025-06-28T21:32:55.012Z] [INFO] Checking for scheduled reports...
[2025-06-28T21:32:55.675Z] [DEBUG] Connected to MongoDB
[2025-06-28T21:32:55.733Z] [INFO] Found 1 company databases
[2025-06-28T21:32:55.733Z] [DEBUG] Processing company database: company_9jxwph8g
[2025-06-28T21:32:55.781Z] [DEBUG] Finding reports to execute in company_9jxwph8g (current time: 2025-06-28T21:32:55.781Z)
[2025-06-28T21:32:55.827Z] [INFO] Found 0 reports to execute in company_9jxwph8g
[2025-06-28T21:32:55.828Z] [INFO] Scheduled reports check completed
[2025-06-28T21:32:55.829Z] [DEBUG] MongoDB connection closed
[2025-06-28T21:33:25.013Z] [INFO] Checking for scheduled reports...
[2025-06-28T21:33:25.578Z] [DEBUG] Connected to MongoDB
[2025-06-28T21:33:25.636Z] [INFO] Found 1 company databases
[2025-06-28T21:33:25.637Z] [DEBUG] Processing company database: company_9jxwph8g
[2025-06-28T21:33:25.683Z] [DEBUG] Finding reports to execute in company_9jxwph8g (current time: 2025-06-28T21:33:25.683Z)
[2025-06-28T21:33:25.730Z] [INFO] Found 0 reports to execute in company_9jxwph8g
[2025-06-28T21:33:25.730Z] [INFO] Scheduled reports check completed
[2025-06-28T21:33:25.731Z] [DEBUG] MongoDB connection closed
[2025-06-28T21:33:55.027Z] [INFO] Checking for scheduled reports...
[2025-06-28T21:33:55.699Z] [DEBUG] Connected to MongoDB
[2025-06-28T21:33:55.758Z] [INFO] Found 1 company databases
[2025-06-28T21:33:55.758Z] [DEBUG] Processing company database: company_9jxwph8g
[2025-06-28T21:33:55.808Z] [DEBUG] Finding reports to execute in company_9jxwph8g (current time: 2025-06-28T21:33:55.808Z)
[2025-06-28T21:33:55.857Z] [INFO] Found 0 reports to execute in company_9jxwph8g
[2025-06-28T21:33:55.858Z] [INFO] Scheduled reports check completed
[2025-06-28T21:33:55.860Z] [DEBUG] MongoDB connection closed
[2025-06-28T21:34:25.034Z] [INFO] Checking for scheduled reports...
[2025-06-28T21:34:25.605Z] [DEBUG] Connected to MongoDB
[2025-06-28T21:34:25.663Z] [INFO] Found 1 company databases
[2025-06-28T21:34:25.663Z] [DEBUG] Processing company database: company_9jxwph8g
[2025-06-28T21:34:25.714Z] [DEBUG] Finding reports to execute in company_9jxwph8g (current time: 2025-06-28T21:34:25.714Z)
[2025-06-28T21:34:25.760Z] [INFO] Found 0 reports to execute in company_9jxwph8g
[2025-06-28T21:34:25.761Z] [INFO] Scheduled reports check completed
[2025-06-28T21:34:25.762Z] [DEBUG] MongoDB connection closed
[2025-06-28T21:34:55.037Z] [INFO] Checking for scheduled reports...
[2025-06-28T21:34:55.679Z] [DEBUG] Connected to MongoDB
[2025-06-28T21:34:55.741Z] [INFO] Found 1 company databases
[2025-06-28T21:34:55.742Z] [DEBUG] Processing company database: company_9jxwph8g
[2025-06-28T21:34:55.790Z] [DEBUG] Finding reports to execute in company_9jxwph8g (current time: 2025-06-28T21:34:55.790Z)
[2025-06-28T21:34:55.838Z] [INFO] Found 0 reports to execute in company_9jxwph8g
[2025-06-28T21:34:55.838Z] [INFO] Scheduled reports check completed
[2025-06-28T21:34:55.840Z] [DEBUG] MongoDB connection closed
[2025-06-28T21:35:25.038Z] [INFO] Checking for scheduled reports...
[2025-06-28T21:35:25.597Z] [DEBUG] Connected to MongoDB
[2025-06-28T21:35:25.655Z] [INFO] Found 1 company databases
[2025-06-28T21:35:25.656Z] [DEBUG] Processing company database: company_9jxwph8g
[2025-06-28T21:35:25.703Z] [DEBUG] Finding reports to execute in company_9jxwph8g (current time: 2025-06-28T21:35:25.703Z)
[2025-06-28T21:35:25.751Z] [INFO] Found 0 reports to execute in company_9jxwph8g
[2025-06-28T21:35:25.752Z] [INFO] Scheduled reports check completed
[2025-06-28T21:35:25.754Z] [DEBUG] MongoDB connection closed
[2025-06-28T21:35:55.040Z] [INFO] Checking for scheduled reports...
[2025-06-28T21:35:55.707Z] [DEBUG] Connected to MongoDB
[2025-06-28T21:35:55.764Z] [INFO] Found 1 company databases
[2025-06-28T21:35:55.765Z] [DEBUG] Processing company database: company_9jxwph8g
[2025-06-28T21:35:55.812Z] [DEBUG] Finding reports to execute in company_9jxwph8g (current time: 2025-06-28T21:35:55.812Z)
[2025-06-28T21:35:55.859Z] [INFO] Found 0 reports to execute in company_9jxwph8g
[2025-06-28T21:35:55.860Z] [INFO] Scheduled reports check completed
[2025-06-28T21:35:55.862Z] [DEBUG] MongoDB connection closed
[2025-06-28T21:36:25.041Z] [INFO] Checking for scheduled reports...
[2025-06-28T21:36:25.600Z] [DEBUG] Connected to MongoDB
[2025-06-28T21:36:25.685Z] [INFO] Found 1 company databases
[2025-06-28T21:36:25.686Z] [DEBUG] Processing company database: company_9jxwph8g
[2025-06-28T21:36:25.734Z] [DEBUG] Finding reports to execute in company_9jxwph8g (current time: 2025-06-28T21:36:25.734Z)
[2025-06-28T21:36:25.781Z] [INFO] Found 0 reports to execute in company_9jxwph8g
[2025-06-28T21:36:25.782Z] [INFO] Scheduled reports check completed
[2025-06-28T21:36:25.784Z] [DEBUG] MongoDB connection closed
[2025-06-28T21:36:55.041Z] [INFO] Checking for scheduled reports...
[2025-06-28T21:36:55.778Z] [DEBUG] Connected to MongoDB
[2025-06-28T21:36:55.836Z] [INFO] Found 1 company databases
[2025-06-28T21:36:55.836Z] [DEBUG] Processing company database: company_9jxwph8g
[2025-06-28T21:36:55.884Z] [DEBUG] Finding reports to execute in company_9jxwph8g (current time: 2025-06-28T21:36:55.884Z)
[2025-06-28T21:36:55.931Z] [INFO] Found 0 reports to execute in company_9jxwph8g
[2025-06-28T21:36:55.932Z] [INFO] Scheduled reports check completed
[2025-06-28T21:36:55.934Z] [DEBUG] MongoDB connection closed
[2025-06-28T21:37:25.044Z] [INFO] Checking for scheduled reports...
[2025-06-28T21:37:25.597Z] [DEBUG] Connected to MongoDB
[2025-06-28T21:37:25.655Z] [INFO] Found 1 company databases
[2025-06-28T21:37:25.655Z] [DEBUG] Processing company database: company_9jxwph8g
[2025-06-28T21:37:25.752Z] [DEBUG] Finding reports to execute in company_9jxwph8g (current time: 2025-06-28T21:37:25.752Z)
[2025-06-28T21:37:25.798Z] [INFO] Found 0 reports to execute in company_9jxwph8g
[2025-06-28T21:37:25.799Z] [INFO] Scheduled reports check completed
[2025-06-28T21:37:25.801Z] [DEBUG] MongoDB connection closed
[2025-06-28T21:37:55.045Z] [INFO] Checking for scheduled reports...
[2025-06-28T21:37:55.685Z] [DEBUG] Connected to MongoDB
[2025-06-28T21:37:55.743Z] [INFO] Found 1 company databases
[2025-06-28T21:37:55.744Z] [DEBUG] Processing company database: company_9jxwph8g
[2025-06-28T21:37:55.792Z] [DEBUG] Finding reports to execute in company_9jxwph8g (current time: 2025-06-28T21:37:55.792Z)
[2025-06-28T21:37:55.839Z] [INFO] Found 0 reports to execute in company_9jxwph8g
[2025-06-28T21:37:55.839Z] [INFO] Scheduled reports check completed
[2025-06-28T21:37:55.841Z] [DEBUG] MongoDB connection closed
[2025-06-28T21:38:25.046Z] [INFO] Checking for scheduled reports...
[2025-06-28T21:38:25.727Z] [DEBUG] Connected to MongoDB
[2025-06-28T21:38:25.788Z] [INFO] Found 1 company databases
[2025-06-28T21:38:25.788Z] [DEBUG] Processing company database: company_9jxwph8g
[2025-06-28T21:38:25.836Z] [DEBUG] Finding reports to execute in company_9jxwph8g (current time: 2025-06-28T21:38:25.836Z)
[2025-06-28T21:38:25.884Z] [INFO] Found 0 reports to execute in company_9jxwph8g
[2025-06-28T21:38:25.884Z] [INFO] Scheduled reports check completed
[2025-06-28T21:38:25.886Z] [DEBUG] MongoDB connection closed
[2025-06-28T21:38:55.047Z] [INFO] Checking for scheduled reports...
[2025-06-28T21:38:55.693Z] [DEBUG] Connected to MongoDB
[2025-06-28T21:38:55.750Z] [INFO] Found 1 company databases
[2025-06-28T21:38:55.750Z] [DEBUG] Processing company database: company_9jxwph8g
[2025-06-28T21:38:55.797Z] [DEBUG] Finding reports to execute in company_9jxwph8g (current time: 2025-06-28T21:38:55.797Z)
[2025-06-28T21:38:55.843Z] [INFO] Found 0 reports to execute in company_9jxwph8g
[2025-06-28T21:38:55.844Z] [INFO] Scheduled reports check completed
[2025-06-28T21:38:55.845Z] [DEBUG] MongoDB connection closed
[2025-06-28T21:39:25.048Z] [INFO] Checking for scheduled reports...
[2025-06-28T21:39:25.594Z] [DEBUG] Connected to MongoDB
[2025-06-28T21:39:25.653Z] [INFO] Found 1 company databases
[2025-06-28T21:39:25.653Z] [DEBUG] Processing company database: company_9jxwph8g
[2025-06-28T21:39:25.702Z] [DEBUG] Finding reports to execute in company_9jxwph8g (current time: 2025-06-28T21:39:25.702Z)
[2025-06-28T21:39:25.748Z] [INFO] Found 0 reports to execute in company_9jxwph8g
[2025-06-28T21:39:25.749Z] [INFO] Scheduled reports check completed
[2025-06-28T21:39:25.750Z] [DEBUG] MongoDB connection closed
[2025-06-28T21:39:55.049Z] [INFO] Checking for scheduled reports...
[2025-06-28T21:39:55.818Z] [DEBUG] Connected to MongoDB
[2025-06-28T21:39:55.878Z] [INFO] Found 1 company databases
[2025-06-28T21:39:55.879Z] [DEBUG] Processing company database: company_9jxwph8g
[2025-06-28T21:39:55.927Z] [DEBUG] Finding reports to execute in company_9jxwph8g (current time: 2025-06-28T21:39:55.927Z)
[2025-06-28T21:39:55.975Z] [INFO] Found 0 reports to execute in company_9jxwph8g
[2025-06-28T21:39:55.975Z] [INFO] Scheduled reports check completed
[2025-06-28T21:39:55.978Z] [DEBUG] MongoDB connection closed
[2025-06-28T21:40:25.086Z] [INFO] Checking for scheduled reports...
[2025-06-28T21:40:25.752Z] [DEBUG] Connected to MongoDB
[2025-06-28T21:40:25.815Z] [INFO] Found 1 company databases
[2025-06-28T21:40:25.816Z] [DEBUG] Processing company database: company_9jxwph8g
[2025-06-28T21:40:25.864Z] [DEBUG] Finding reports to execute in company_9jxwph8g (current time: 2025-06-28T21:40:25.864Z)
[2025-06-28T21:40:25.910Z] [INFO] Found 0 reports to execute in company_9jxwph8g
[2025-06-28T21:40:25.911Z] [INFO] Scheduled reports check completed
[2025-06-28T21:40:25.912Z] [DEBUG] MongoDB connection closed
[2025-06-28T21:40:55.086Z] [INFO] Checking for scheduled reports...
[2025-06-28T21:40:56.137Z] [DEBUG] Connected to MongoDB
[2025-06-28T21:40:56.205Z] [INFO] Found 1 company databases
[2025-06-28T21:40:56.206Z] [DEBUG] Processing company database: company_9jxwph8g
[2025-06-28T21:40:56.340Z] [DEBUG] Finding reports to execute in company_9jxwph8g (current time: 2025-06-28T21:40:56.340Z)
[2025-06-28T21:40:56.442Z] [INFO] Found 0 reports to execute in company_9jxwph8g
[2025-06-28T21:40:56.442Z] [INFO] Scheduled reports check completed
[2025-06-28T21:40:56.443Z] [DEBUG] MongoDB connection closed
[2025-06-28T21:41:25.088Z] [INFO] Checking for scheduled reports...
[2025-06-28T21:41:25.666Z] [DEBUG] Connected to MongoDB
[2025-06-28T21:41:25.756Z] [INFO] Found 1 company databases
[2025-06-28T21:41:25.757Z] [DEBUG] Processing company database: company_9jxwph8g
[2025-06-28T21:41:25.806Z] [DEBUG] Finding reports to execute in company_9jxwph8g (current time: 2025-06-28T21:41:25.806Z)
[2025-06-28T21:41:25.852Z] [INFO] Found 0 reports to execute in company_9jxwph8g
[2025-06-28T21:41:25.852Z] [INFO] Scheduled reports check completed
[2025-06-28T21:41:25.855Z] [DEBUG] MongoDB connection closed
[2025-06-28T21:41:55.094Z] [INFO] Checking for scheduled reports...
[2025-06-28T21:41:55.767Z] [DEBUG] Connected to MongoDB
[2025-06-28T21:41:55.828Z] [INFO] Found 1 company databases
[2025-06-28T21:41:55.828Z] [DEBUG] Processing company database: company_9jxwph8g
[2025-06-28T21:41:55.879Z] [DEBUG] Finding reports to execute in company_9jxwph8g (current time: 2025-06-28T21:41:55.879Z)
[2025-06-28T21:41:55.926Z] [INFO] Found 0 reports to execute in company_9jxwph8g
[2025-06-28T21:41:55.926Z] [INFO] Scheduled reports check completed
[2025-06-28T21:41:55.928Z] [DEBUG] MongoDB connection closed
[2025-06-28T21:42:25.094Z] [INFO] Checking for scheduled reports...
[2025-06-28T21:42:25.657Z] [DEBUG] Connected to MongoDB
[2025-06-28T21:42:25.715Z] [INFO] Found 1 company databases
[2025-06-28T21:42:25.715Z] [DEBUG] Processing company database: company_9jxwph8g
[2025-06-28T21:42:25.761Z] [DEBUG] Finding reports to execute in company_9jxwph8g (current time: 2025-06-28T21:42:25.761Z)
[2025-06-28T21:42:25.808Z] [INFO] Found 0 reports to execute in company_9jxwph8g
[2025-06-28T21:42:25.809Z] [INFO] Scheduled reports check completed
[2025-06-28T21:42:25.811Z] [DEBUG] MongoDB connection closed
[2025-06-28T21:42:55.095Z] [INFO] Checking for scheduled reports...
[2025-06-28T21:42:55.790Z] [DEBUG] Connected to MongoDB
[2025-06-28T21:42:55.850Z] [INFO] Found 1 company databases
[2025-06-28T21:42:55.851Z] [DEBUG] Processing company database: company_9jxwph8g
[2025-06-28T21:42:55.899Z] [DEBUG] Finding reports to execute in company_9jxwph8g (current time: 2025-06-28T21:42:55.899Z)
[2025-06-28T21:42:55.945Z] [INFO] Found 0 reports to execute in company_9jxwph8g
[2025-06-28T21:42:55.946Z] [INFO] Scheduled reports check completed
[2025-06-28T21:42:55.947Z] [DEBUG] MongoDB connection closed
[2025-06-28T21:43:25.097Z] [INFO] Checking for scheduled reports...
[2025-06-28T21:43:25.662Z] [DEBUG] Connected to MongoDB
[2025-06-28T21:43:25.719Z] [INFO] Found 1 company databases
[2025-06-28T21:43:25.720Z] [DEBUG] Processing company database: company_9jxwph8g
[2025-06-28T21:43:25.767Z] [DEBUG] Finding reports to execute in company_9jxwph8g (current time: 2025-06-28T21:43:25.767Z)
[2025-06-28T21:43:25.812Z] [INFO] Found 0 reports to execute in company_9jxwph8g
[2025-06-28T21:43:25.813Z] [INFO] Scheduled reports check completed
[2025-06-28T21:43:25.814Z] [DEBUG] MongoDB connection closed
[2025-06-28T21:43:55.099Z] [INFO] Checking for scheduled reports...
[2025-06-28T21:43:55.803Z] [DEBUG] Connected to MongoDB
[2025-06-28T21:43:55.971Z] [INFO] Found 1 company databases
[2025-06-28T21:43:55.971Z] [DEBUG] Processing company database: company_9jxwph8g
[2025-06-28T21:43:56.025Z] [DEBUG] Finding reports to execute in company_9jxwph8g (current time: 2025-06-28T21:43:56.025Z)
[2025-06-28T21:43:56.078Z] [INFO] Found 0 reports to execute in company_9jxwph8g
[2025-06-28T21:43:56.079Z] [INFO] Scheduled reports check completed
[2025-06-28T21:43:56.081Z] [DEBUG] MongoDB connection closed
[2025-06-28T21:44:25.100Z] [INFO] Checking for scheduled reports...
[2025-06-28T21:44:25.772Z] [DEBUG] Connected to MongoDB
[2025-06-28T21:44:25.831Z] [INFO] Found 1 company databases
[2025-06-28T21:44:25.832Z] [DEBUG] Processing company database: company_9jxwph8g
[2025-06-28T21:44:25.880Z] [DEBUG] Finding reports to execute in company_9jxwph8g (current time: 2025-06-28T21:44:25.880Z)
[2025-06-28T21:44:25.934Z] [INFO] Found 0 reports to execute in company_9jxwph8g
[2025-06-28T21:44:25.935Z] [INFO] Scheduled reports check completed
[2025-06-28T21:44:25.937Z] [DEBUG] MongoDB connection closed
[2025-06-28T21:44:55.102Z] [INFO] Checking for scheduled reports...
[2025-06-28T21:44:55.779Z] [DEBUG] Connected to MongoDB
[2025-06-28T21:44:55.838Z] [INFO] Found 1 company databases
[2025-06-28T21:44:55.839Z] [DEBUG] Processing company database: company_9jxwph8g
[2025-06-28T21:44:55.889Z] [DEBUG] Finding reports to execute in company_9jxwph8g (current time: 2025-06-28T21:44:55.889Z)
[2025-06-28T21:44:55.941Z] [INFO] Found 0 reports to execute in company_9jxwph8g
[2025-06-28T21:44:55.941Z] [INFO] Scheduled reports check completed
[2025-06-28T21:44:55.944Z] [DEBUG] MongoDB connection closed
[2025-06-28T21:45:25.103Z] [INFO] Checking for scheduled reports...
[2025-06-28T21:45:25.698Z] [DEBUG] Connected to MongoDB
[2025-06-28T21:45:25.755Z] [INFO] Found 1 company databases
[2025-06-28T21:45:25.756Z] [DEBUG] Processing company database: company_9jxwph8g
[2025-06-28T21:45:25.803Z] [DEBUG] Finding reports to execute in company_9jxwph8g (current time: 2025-06-28T21:45:25.803Z)
[2025-06-28T21:45:25.851Z] [INFO] Found 0 reports to execute in company_9jxwph8g
[2025-06-28T21:45:25.851Z] [INFO] Scheduled reports check completed
[2025-06-28T21:45:25.853Z] [DEBUG] MongoDB connection closed
[2025-06-28T21:45:55.105Z] [INFO] Checking for scheduled reports...
[2025-06-28T21:45:55.875Z] [DEBUG] Connected to MongoDB
[2025-06-28T21:45:55.934Z] [INFO] Found 1 company databases
[2025-06-28T21:45:55.934Z] [DEBUG] Processing company database: company_9jxwph8g
[2025-06-28T21:45:55.982Z] [DEBUG] Finding reports to execute in company_9jxwph8g (current time: 2025-06-28T21:45:55.982Z)
[2025-06-28T21:45:56.029Z] [INFO] Found 0 reports to execute in company_9jxwph8g
[2025-06-28T21:45:56.029Z] [INFO] Scheduled reports check completed
[2025-06-28T21:45:56.032Z] [DEBUG] MongoDB connection closed
[2025-06-28T21:46:25.107Z] [INFO] Checking for scheduled reports...
[2025-06-28T21:46:25.694Z] [DEBUG] Connected to MongoDB
[2025-06-28T21:46:25.753Z] [INFO] Found 1 company databases
[2025-06-28T21:46:25.753Z] [DEBUG] Processing company database: company_9jxwph8g
[2025-06-28T21:46:25.802Z] [DEBUG] Finding reports to execute in company_9jxwph8g (current time: 2025-06-28T21:46:25.802Z)
[2025-06-28T21:46:25.850Z] [INFO] Found 0 reports to execute in company_9jxwph8g
[2025-06-28T21:46:25.851Z] [INFO] Scheduled reports check completed
[2025-06-28T21:46:25.853Z] [DEBUG] MongoDB connection closed
[2025-06-28T21:46:55.109Z] [INFO] Checking for scheduled reports...
[2025-06-28T21:46:55.987Z] [DEBUG] Connected to MongoDB
[2025-06-28T21:46:56.095Z] [INFO] Found 1 company databases
[2025-06-28T21:46:56.096Z] [DEBUG] Processing company database: company_9jxwph8g
[2025-06-28T21:46:56.145Z] [DEBUG] Finding reports to execute in company_9jxwph8g (current time: 2025-06-28T21:46:56.145Z)
[2025-06-28T21:46:56.192Z] [INFO] Found 0 reports to execute in company_9jxwph8g
[2025-06-28T21:46:56.193Z] [INFO] Scheduled reports check completed
[2025-06-28T21:46:56.195Z] [DEBUG] MongoDB connection closed
[2025-06-28T21:47:25.110Z] [INFO] Checking for scheduled reports...
[2025-06-28T21:47:25.927Z] [DEBUG] Connected to MongoDB
[2025-06-28T21:47:25.988Z] [INFO] Found 1 company databases
[2025-06-28T21:47:25.989Z] [DEBUG] Processing company database: company_9jxwph8g
[2025-06-28T21:47:26.038Z] [DEBUG] Finding reports to execute in company_9jxwph8g (current time: 2025-06-28T21:47:26.038Z)
[2025-06-28T21:47:26.087Z] [INFO] Found 0 reports to execute in company_9jxwph8g
[2025-06-28T21:47:26.088Z] [INFO] Scheduled reports check completed
[2025-06-28T21:47:26.093Z] [DEBUG] MongoDB connection closed
[2025-06-28T21:47:55.113Z] [INFO] Checking for scheduled reports...
[2025-06-28T21:47:55.682Z] [DEBUG] Connected to MongoDB
[2025-06-28T21:47:55.743Z] [INFO] Found 1 company databases
[2025-06-28T21:47:55.744Z] [DEBUG] Processing company database: company_9jxwph8g
[2025-06-28T21:47:55.794Z] [DEBUG] Finding reports to execute in company_9jxwph8g (current time: 2025-06-28T21:47:55.794Z)
[2025-06-28T21:47:55.842Z] [INFO] Found 0 reports to execute in company_9jxwph8g
[2025-06-28T21:47:55.843Z] [INFO] Scheduled reports check completed
[2025-06-28T21:47:55.844Z] [DEBUG] MongoDB connection closed
[2025-06-28T21:48:25.114Z] [INFO] Checking for scheduled reports...
[2025-06-28T21:48:25.710Z] [DEBUG] Connected to MongoDB
[2025-06-28T21:48:25.771Z] [INFO] Found 1 company databases
[2025-06-28T21:48:25.774Z] [DEBUG] Processing company database: company_9jxwph8g
[2025-06-28T21:48:25.823Z] [DEBUG] Finding reports to execute in company_9jxwph8g (current time: 2025-06-28T21:48:25.823Z)
[2025-06-28T21:48:25.872Z] [INFO] Found 0 reports to execute in company_9jxwph8g
[2025-06-28T21:48:25.873Z] [INFO] Scheduled reports check completed
[2025-06-28T21:48:25.876Z] [DEBUG] MongoDB connection closed
[2025-06-28T21:48:55.122Z] [INFO] Checking for scheduled reports...
[2025-06-28T21:48:56.000Z] [DEBUG] Connected to MongoDB
[2025-06-28T21:48:56.058Z] [INFO] Found 1 company databases
[2025-06-28T21:48:56.058Z] [DEBUG] Processing company database: company_9jxwph8g
[2025-06-28T21:48:56.106Z] [DEBUG] Finding reports to execute in company_9jxwph8g (current time: 2025-06-28T21:48:56.106Z)
[2025-06-28T21:48:56.152Z] [INFO] Found 0 reports to execute in company_9jxwph8g
[2025-06-28T21:48:56.153Z] [INFO] Scheduled reports check completed
[2025-06-28T21:48:56.154Z] [DEBUG] MongoDB connection closed
[2025-06-28T21:49:25.116Z] [INFO] Checking for scheduled reports...
[2025-06-28T21:49:25.704Z] [DEBUG] Connected to MongoDB
[2025-06-28T21:49:25.762Z] [INFO] Found 1 company databases
[2025-06-28T21:49:25.763Z] [DEBUG] Processing company database: company_9jxwph8g
[2025-06-28T21:49:25.810Z] [DEBUG] Finding reports to execute in company_9jxwph8g (current time: 2025-06-28T21:49:25.810Z)
[2025-06-28T21:49:25.858Z] [INFO] Found 0 reports to execute in company_9jxwph8g
[2025-06-28T21:49:25.858Z] [INFO] Scheduled reports check completed
[2025-06-28T21:49:25.860Z] [DEBUG] MongoDB connection closed
[2025-06-28T21:49:55.117Z] [INFO] Checking for scheduled reports...
[2025-06-28T21:49:55.761Z] [DEBUG] Connected to MongoDB
[2025-06-28T21:49:55.820Z] [INFO] Found 1 company databases
[2025-06-28T21:49:55.820Z] [DEBUG] Processing company database: company_9jxwph8g
[2025-06-28T21:49:55.890Z] [DEBUG] Finding reports to execute in company_9jxwph8g (current time: 2025-06-28T21:49:55.890Z)
[2025-06-28T21:49:55.971Z] [INFO] Found 0 reports to execute in company_9jxwph8g
[2025-06-28T21:49:55.972Z] [INFO] Scheduled reports check completed
[2025-06-28T21:49:55.975Z] [DEBUG] MongoDB connection closed
[2025-06-28T21:50:25.119Z] [INFO] Checking for scheduled reports...
[2025-06-28T21:50:25.686Z] [DEBUG] Connected to MongoDB
[2025-06-28T21:50:25.748Z] [INFO] Found 1 company databases
[2025-06-28T21:50:25.749Z] [DEBUG] Processing company database: company_9jxwph8g
[2025-06-28T21:50:25.798Z] [DEBUG] Finding reports to execute in company_9jxwph8g (current time: 2025-06-28T21:50:25.798Z)
[2025-06-28T21:50:25.849Z] [INFO] Found 0 reports to execute in company_9jxwph8g
[2025-06-28T21:50:25.850Z] [INFO] Scheduled reports check completed
[2025-06-28T21:50:25.852Z] [DEBUG] MongoDB connection closed
[2025-06-28T21:50:55.121Z] [INFO] Checking for scheduled reports...
[2025-06-28T21:50:55.784Z] [DEBUG] Connected to MongoDB
[2025-06-28T21:50:55.852Z] [INFO] Found 1 company databases
[2025-06-28T21:50:55.853Z] [DEBUG] Processing company database: company_9jxwph8g
[2025-06-28T21:50:55.901Z] [DEBUG] Finding reports to execute in company_9jxwph8g (current time: 2025-06-28T21:50:55.901Z)
[2025-06-28T21:50:55.949Z] [INFO] Found 0 reports to execute in company_9jxwph8g
[2025-06-28T21:50:55.949Z] [INFO] Scheduled reports check completed
[2025-06-28T21:50:55.951Z] [DEBUG] MongoDB connection closed
[2025-06-28T21:51:25.122Z] [INFO] Checking for scheduled reports...
[2025-06-28T21:51:25.693Z] [DEBUG] Connected to MongoDB
[2025-06-28T21:51:25.751Z] [INFO] Found 1 company databases
[2025-06-28T21:51:25.752Z] [DEBUG] Processing company database: company_9jxwph8g
[2025-06-28T21:51:25.802Z] [DEBUG] Finding reports to execute in company_9jxwph8g (current time: 2025-06-28T21:51:25.802Z)
[2025-06-28T21:51:25.849Z] [INFO] Found 0 reports to execute in company_9jxwph8g
[2025-06-28T21:51:25.849Z] [INFO] Scheduled reports check completed
[2025-06-28T21:51:25.850Z] [DEBUG] MongoDB connection closed
[2025-06-28T21:51:55.123Z] [INFO] Checking for scheduled reports...
[2025-06-28T21:51:55.917Z] [DEBUG] Connected to MongoDB
[2025-06-28T21:51:55.975Z] [INFO] Found 1 company databases
[2025-06-28T21:51:55.975Z] [DEBUG] Processing company database: company_9jxwph8g
[2025-06-28T21:51:56.023Z] [DEBUG] Finding reports to execute in company_9jxwph8g (current time: 2025-06-28T21:51:56.023Z)
[2025-06-28T21:51:56.069Z] [INFO] Found 0 reports to execute in company_9jxwph8g
[2025-06-28T21:51:56.070Z] [INFO] Scheduled reports check completed
[2025-06-28T21:51:56.071Z] [DEBUG] MongoDB connection closed
[2025-06-28T21:52:25.125Z] [INFO] Checking for scheduled reports...
[2025-06-28T21:52:25.689Z] [DEBUG] Connected to MongoDB
[2025-06-28T21:52:25.750Z] [INFO] Found 1 company databases
[2025-06-28T21:52:25.751Z] [DEBUG] Processing company database: company_9jxwph8g
[2025-06-28T21:52:25.800Z] [DEBUG] Finding reports to execute in company_9jxwph8g (current time: 2025-06-28T21:52:25.800Z)
[2025-06-28T21:52:25.847Z] [INFO] Found 0 reports to execute in company_9jxwph8g
[2025-06-28T21:52:25.848Z] [INFO] Scheduled reports check completed
[2025-06-28T21:52:25.850Z] [DEBUG] MongoDB connection closed
[2025-06-28T21:52:55.127Z] [INFO] Checking for scheduled reports...
[2025-06-28T21:52:55.771Z] [DEBUG] Connected to MongoDB
[2025-06-28T21:52:55.831Z] [INFO] Found 1 company databases
[2025-06-28T21:52:55.831Z] [DEBUG] Processing company database: company_9jxwph8g
[2025-06-28T21:52:55.880Z] [DEBUG] Finding reports to execute in company_9jxwph8g (current time: 2025-06-28T21:52:55.880Z)
[2025-06-28T21:52:55.927Z] [INFO] Found 0 reports to execute in company_9jxwph8g
[2025-06-28T21:52:55.928Z] [INFO] Scheduled reports check completed
[2025-06-28T21:52:55.930Z] [DEBUG] MongoDB connection closed
[2025-06-28T21:53:25.126Z] [INFO] Checking for scheduled reports...
[2025-06-28T21:53:25.799Z] [DEBUG] Connected to MongoDB
[2025-06-28T21:53:25.859Z] [INFO] Found 1 company databases
[2025-06-28T21:53:25.859Z] [DEBUG] Processing company database: company_9jxwph8g
[2025-06-28T21:53:25.907Z] [DEBUG] Finding reports to execute in company_9jxwph8g (current time: 2025-06-28T21:53:25.907Z)
[2025-06-28T21:53:25.955Z] [INFO] Found 0 reports to execute in company_9jxwph8g
[2025-06-28T21:53:25.956Z] [INFO] Scheduled reports check completed
[2025-06-28T21:53:25.958Z] [DEBUG] MongoDB connection closed
[2025-06-28T21:53:55.128Z] [INFO] Checking for scheduled reports...
[2025-06-28T21:53:55.790Z] [DEBUG] Connected to MongoDB
[2025-06-28T21:53:55.848Z] [INFO] Found 1 company databases
[2025-06-28T21:53:55.848Z] [DEBUG] Processing company database: company_9jxwph8g
[2025-06-28T21:53:55.895Z] [DEBUG] Finding reports to execute in company_9jxwph8g (current time: 2025-06-28T21:53:55.895Z)
[2025-06-28T21:53:55.942Z] [INFO] Found 0 reports to execute in company_9jxwph8g
[2025-06-28T21:53:55.942Z] [INFO] Scheduled reports check completed
[2025-06-28T21:53:55.943Z] [DEBUG] MongoDB connection closed
[2025-06-28T21:54:25.129Z] [INFO] Checking for scheduled reports...
[2025-06-28T21:54:25.704Z] [DEBUG] Connected to MongoDB
[2025-06-28T21:54:25.764Z] [INFO] Found 1 company databases
[2025-06-28T21:54:25.765Z] [DEBUG] Processing company database: company_9jxwph8g
[2025-06-28T21:54:25.815Z] [DEBUG] Finding reports to execute in company_9jxwph8g (current time: 2025-06-28T21:54:25.815Z)
[2025-06-28T21:54:25.864Z] [INFO] Found 0 reports to execute in company_9jxwph8g
[2025-06-28T21:54:25.865Z] [INFO] Scheduled reports check completed
[2025-06-28T21:54:25.867Z] [DEBUG] MongoDB connection closed
[2025-06-28T21:54:55.131Z] [INFO] Checking for scheduled reports...
[2025-06-28T21:54:55.883Z] [DEBUG] Connected to MongoDB
[2025-06-28T21:54:55.941Z] [INFO] Found 1 company databases
[2025-06-28T21:54:55.941Z] [DEBUG] Processing company database: company_9jxwph8g
[2025-06-28T21:54:55.989Z] [DEBUG] Finding reports to execute in company_9jxwph8g (current time: 2025-06-28T21:54:55.989Z)
[2025-06-28T21:54:56.036Z] [INFO] Found 0 reports to execute in company_9jxwph8g
[2025-06-28T21:54:56.037Z] [INFO] Scheduled reports check completed
[2025-06-28T21:54:56.039Z] [DEBUG] MongoDB connection closed
[2025-06-28T21:55:25.132Z] [INFO] Checking for scheduled reports...
[2025-06-28T21:55:25.687Z] [DEBUG] Connected to MongoDB
[2025-06-28T21:55:25.745Z] [INFO] Found 1 company databases
[2025-06-28T21:55:25.746Z] [DEBUG] Processing company database: company_9jxwph8g
[2025-06-28T21:55:25.795Z] [DEBUG] Finding reports to execute in company_9jxwph8g (current time: 2025-06-28T21:55:25.795Z)
[2025-06-28T21:55:25.844Z] [INFO] Found 0 reports to execute in company_9jxwph8g
[2025-06-28T21:55:25.844Z] [INFO] Scheduled reports check completed
[2025-06-28T21:55:25.846Z] [DEBUG] MongoDB connection closed
[2025-06-28T21:55:55.134Z] [INFO] Checking for scheduled reports...
[2025-06-28T21:55:55.797Z] [DEBUG] Connected to MongoDB
[2025-06-28T21:55:55.857Z] [INFO] Found 1 company databases
[2025-06-28T21:55:55.858Z] [DEBUG] Processing company database: company_9jxwph8g
[2025-06-28T21:55:55.908Z] [DEBUG] Finding reports to execute in company_9jxwph8g (current time: 2025-06-28T21:55:55.908Z)
[2025-06-28T21:55:55.957Z] [INFO] Found 0 reports to execute in company_9jxwph8g
[2025-06-28T21:55:55.957Z] [INFO] Scheduled reports check completed
[2025-06-28T21:55:55.960Z] [DEBUG] MongoDB connection closed
[2025-06-28T21:56:25.134Z] [INFO] Checking for scheduled reports...
[2025-06-28T21:56:25.834Z] [DEBUG] Connected to MongoDB
[2025-06-28T21:56:25.894Z] [INFO] Found 1 company databases
[2025-06-28T21:56:25.895Z] [DEBUG] Processing company database: company_9jxwph8g
[2025-06-28T21:56:25.946Z] [DEBUG] Finding reports to execute in company_9jxwph8g (current time: 2025-06-28T21:56:25.946Z)
[2025-06-28T21:56:25.993Z] [INFO] Found 0 reports to execute in company_9jxwph8g
[2025-06-28T21:56:25.994Z] [INFO] Scheduled reports check completed
[2025-06-28T21:56:25.997Z] [DEBUG] MongoDB connection closed
[2025-06-28T21:56:55.136Z] [INFO] Checking for scheduled reports...
[2025-06-28T21:56:55.786Z] [DEBUG] Connected to MongoDB
[2025-06-28T21:56:55.845Z] [INFO] Found 1 company databases
[2025-06-28T21:56:55.846Z] [DEBUG] Processing company database: company_9jxwph8g
[2025-06-28T21:56:55.895Z] [DEBUG] Finding reports to execute in company_9jxwph8g (current time: 2025-06-28T21:56:55.895Z)
[2025-06-28T21:56:55.943Z] [INFO] Found 0 reports to execute in company_9jxwph8g
[2025-06-28T21:56:55.944Z] [INFO] Scheduled reports check completed
[2025-06-28T21:56:55.947Z] [DEBUG] MongoDB connection closed
[2025-06-28T21:57:25.136Z] [INFO] Checking for scheduled reports...
[2025-06-28T21:57:25.695Z] [DEBUG] Connected to MongoDB
[2025-06-28T21:57:25.753Z] [INFO] Found 1 company databases
[2025-06-28T21:57:25.754Z] [DEBUG] Processing company database: company_9jxwph8g
[2025-06-28T21:57:25.802Z] [DEBUG] Finding reports to execute in company_9jxwph8g (current time: 2025-06-28T21:57:25.802Z)
[2025-06-28T21:57:25.850Z] [INFO] Found 0 reports to execute in company_9jxwph8g
[2025-06-28T21:57:25.851Z] [INFO] Scheduled reports check completed
[2025-06-28T21:57:25.853Z] [DEBUG] MongoDB connection closed
[2025-06-28T21:57:55.141Z] [INFO] Checking for scheduled reports...
[2025-06-28T21:57:55.925Z] [DEBUG] Connected to MongoDB
[2025-06-28T21:57:55.989Z] [INFO] Found 1 company databases
[2025-06-28T21:57:55.989Z] [DEBUG] Processing company database: company_9jxwph8g
[2025-06-28T21:57:56.037Z] [DEBUG] Finding reports to execute in company_9jxwph8g (current time: 2025-06-28T21:57:56.037Z)
[2025-06-28T21:57:56.085Z] [INFO] Found 0 reports to execute in company_9jxwph8g
[2025-06-28T21:57:56.085Z] [INFO] Scheduled reports check completed
[2025-06-28T21:57:56.087Z] [DEBUG] MongoDB connection closed
[2025-06-28T21:58:25.144Z] [INFO] Checking for scheduled reports...
[2025-06-28T21:58:25.732Z] [DEBUG] Connected to MongoDB
[2025-06-28T21:58:25.804Z] [INFO] Found 1 company databases
[2025-06-28T21:58:25.804Z] [DEBUG] Processing company database: company_9jxwph8g
[2025-06-28T21:58:25.854Z] [DEBUG] Finding reports to execute in company_9jxwph8g (current time: 2025-06-28T21:58:25.854Z)
[2025-06-28T21:58:25.916Z] [INFO] Found 0 reports to execute in company_9jxwph8g
[2025-06-28T21:58:25.917Z] [INFO] Scheduled reports check completed
[2025-06-28T21:58:25.919Z] [DEBUG] MongoDB connection closed
[2025-06-28T21:58:55.148Z] [INFO] Checking for scheduled reports...
[2025-06-28T21:58:55.790Z] [DEBUG] Connected to MongoDB
[2025-06-28T21:58:55.849Z] [INFO] Found 1 company databases
[2025-06-28T21:58:55.850Z] [DEBUG] Processing company database: company_9jxwph8g
[2025-06-28T21:58:55.900Z] [DEBUG] Finding reports to execute in company_9jxwph8g (current time: 2025-06-28T21:58:55.900Z)
[2025-06-28T21:58:55.948Z] [INFO] Found 0 reports to execute in company_9jxwph8g
[2025-06-28T21:58:55.949Z] [INFO] Scheduled reports check completed
[2025-06-28T21:58:55.951Z] [DEBUG] MongoDB connection closed
[2025-06-28T21:59:25.150Z] [INFO] Checking for scheduled reports...
[2025-06-28T21:59:25.808Z] [DEBUG] Connected to MongoDB
[2025-06-28T21:59:25.867Z] [INFO] Found 1 company databases
[2025-06-28T21:59:25.867Z] [DEBUG] Processing company database: company_9jxwph8g
[2025-06-28T21:59:25.915Z] [DEBUG] Finding reports to execute in company_9jxwph8g (current time: 2025-06-28T21:59:25.915Z)
[2025-06-28T21:59:25.963Z] [INFO] Found 0 reports to execute in company_9jxwph8g
[2025-06-28T21:59:25.964Z] [INFO] Scheduled reports check completed
[2025-06-28T21:59:25.966Z] [DEBUG] MongoDB connection closed
[2025-06-28T21:59:55.150Z] [INFO] Checking for scheduled reports...
[2025-06-28T21:59:55.795Z] [DEBUG] Connected to MongoDB
[2025-06-28T21:59:55.854Z] [INFO] Found 1 company databases
[2025-06-28T21:59:55.855Z] [DEBUG] Processing company database: company_9jxwph8g
[2025-06-28T21:59:55.903Z] [DEBUG] Finding reports to execute in company_9jxwph8g (current time: 2025-06-28T21:59:55.903Z)
[2025-06-28T21:59:55.950Z] [INFO] Found 0 reports to execute in company_9jxwph8g
[2025-06-28T21:59:55.951Z] [INFO] Scheduled reports check completed
[2025-06-28T21:59:55.953Z] [DEBUG] MongoDB connection closed
[2025-06-28T22:00:25.152Z] [INFO] Checking for scheduled reports...
[2025-06-28T22:00:25.738Z] [DEBUG] Connected to MongoDB
[2025-06-28T22:00:25.796Z] [INFO] Found 1 company databases
[2025-06-28T22:00:25.797Z] [DEBUG] Processing company database: company_9jxwph8g
[2025-06-28T22:00:25.847Z] [DEBUG] Finding reports to execute in company_9jxwph8g (current time: 2025-06-28T22:00:25.847Z)
[2025-06-28T22:00:25.894Z] [INFO] Found 0 reports to execute in company_9jxwph8g
[2025-06-28T22:00:25.894Z] [INFO] Scheduled reports check completed
[2025-06-28T22:00:25.896Z] [DEBUG] MongoDB connection closed
[2025-06-28T22:00:55.153Z] [INFO] Checking for scheduled reports...
[2025-06-28T22:00:56.071Z] [DEBUG] Connected to MongoDB
[2025-06-28T22:00:56.129Z] [INFO] Found 1 company databases
[2025-06-28T22:00:56.130Z] [DEBUG] Processing company database: company_9jxwph8g
[2025-06-28T22:00:56.178Z] [DEBUG] Finding reports to execute in company_9jxwph8g (current time: 2025-06-28T22:00:56.178Z)
[2025-06-28T22:00:56.225Z] [INFO] Found 0 reports to execute in company_9jxwph8g
[2025-06-28T22:00:56.225Z] [INFO] Scheduled reports check completed
[2025-06-28T22:00:56.227Z] [DEBUG] MongoDB connection closed
[2025-06-28T22:01:25.153Z] [INFO] Checking for scheduled reports...
[2025-06-28T22:01:25.710Z] [DEBUG] Connected to MongoDB
[2025-06-28T22:01:25.768Z] [INFO] Found 1 company databases
[2025-06-28T22:01:25.768Z] [DEBUG] Processing company database: company_9jxwph8g
[2025-06-28T22:01:25.819Z] [DEBUG] Finding reports to execute in company_9jxwph8g (current time: 2025-06-28T22:01:25.819Z)
[2025-06-28T22:01:25.866Z] [INFO] Found 0 reports to execute in company_9jxwph8g
[2025-06-28T22:01:25.867Z] [INFO] Scheduled reports check completed
[2025-06-28T22:01:25.869Z] [DEBUG] MongoDB connection closed
[2025-06-28T22:01:55.155Z] [INFO] Checking for scheduled reports...
[2025-06-28T22:01:55.785Z] [DEBUG] Connected to MongoDB
[2025-06-28T22:01:55.843Z] [INFO] Found 1 company databases
[2025-06-28T22:01:55.844Z] [DEBUG] Processing company database: company_9jxwph8g
[2025-06-28T22:01:55.891Z] [DEBUG] Finding reports to execute in company_9jxwph8g (current time: 2025-06-28T22:01:55.891Z)
[2025-06-28T22:01:55.939Z] [INFO] Found 0 reports to execute in company_9jxwph8g
[2025-06-28T22:01:55.939Z] [INFO] Scheduled reports check completed
[2025-06-28T22:01:55.942Z] [DEBUG] MongoDB connection closed
[2025-06-28T22:02:25.155Z] [INFO] Checking for scheduled reports...
[2025-06-28T22:02:25.956Z] [DEBUG] Connected to MongoDB
[2025-06-28T22:02:26.015Z] [INFO] Found 1 company databases
[2025-06-28T22:02:26.016Z] [DEBUG] Processing company database: company_9jxwph8g
[2025-06-28T22:02:26.078Z] [DEBUG] Finding reports to execute in company_9jxwph8g (current time: 2025-06-28T22:02:26.078Z)
[2025-06-28T22:02:26.131Z] [INFO] Found 0 reports to execute in company_9jxwph8g
[2025-06-28T22:02:26.131Z] [INFO] Scheduled reports check completed
[2025-06-28T22:02:26.133Z] [DEBUG] MongoDB connection closed
[2025-06-28T22:02:55.157Z] [INFO] Checking for scheduled reports...
[2025-06-28T22:02:55.865Z] [DEBUG] Connected to MongoDB
[2025-06-28T22:02:55.926Z] [INFO] Found 1 company databases
[2025-06-28T22:02:55.926Z] [DEBUG] Processing company database: company_9jxwph8g
[2025-06-28T22:02:55.973Z] [DEBUG] Finding reports to execute in company_9jxwph8g (current time: 2025-06-28T22:02:55.973Z)
[2025-06-28T22:02:56.020Z] [INFO] Found 0 reports to execute in company_9jxwph8g
[2025-06-28T22:02:56.020Z] [INFO] Scheduled reports check completed
[2025-06-28T22:02:56.020Z] [DEBUG] MongoDB connection closed
[2025-06-28T22:03:25.158Z] [INFO] Checking for scheduled reports...
[2025-06-28T22:03:25.730Z] [DEBUG] Connected to MongoDB
[2025-06-28T22:03:25.788Z] [INFO] Found 1 company databases
[2025-06-28T22:03:25.788Z] [DEBUG] Processing company database: company_9jxwph8g
[2025-06-28T22:03:25.837Z] [DEBUG] Finding reports to execute in company_9jxwph8g (current time: 2025-06-28T22:03:25.837Z)
[2025-06-28T22:03:25.885Z] [INFO] Found 0 reports to execute in company_9jxwph8g
[2025-06-28T22:03:25.885Z] [INFO] Scheduled reports check completed
[2025-06-28T22:03:25.887Z] [DEBUG] MongoDB connection closed
[2025-06-28T22:03:55.159Z] [INFO] Checking for scheduled reports...
[2025-06-28T22:03:55.926Z] [DEBUG] Connected to MongoDB
[2025-06-28T22:03:55.984Z] [INFO] Found 1 company databases
[2025-06-28T22:03:55.985Z] [DEBUG] Processing company database: company_9jxwph8g
[2025-06-28T22:03:56.033Z] [DEBUG] Finding reports to execute in company_9jxwph8g (current time: 2025-06-28T22:03:56.033Z)
[2025-06-28T22:03:56.083Z] [INFO] Found 0 reports to execute in company_9jxwph8g
[2025-06-28T22:03:56.083Z] [INFO] Scheduled reports check completed
[2025-06-28T22:03:56.085Z] [DEBUG] MongoDB connection closed
[2025-06-28T22:04:25.160Z] [INFO] Checking for scheduled reports...
[2025-06-28T22:04:25.885Z] [DEBUG] Connected to MongoDB
[2025-06-28T22:04:25.943Z] [INFO] Found 1 company databases
[2025-06-28T22:04:25.944Z] [DEBUG] Processing company database: company_9jxwph8g
[2025-06-28T22:04:25.992Z] [DEBUG] Finding reports to execute in company_9jxwph8g (current time: 2025-06-28T22:04:25.991Z)
[2025-06-28T22:04:26.039Z] [INFO] Found 0 reports to execute in company_9jxwph8g
[2025-06-28T22:04:26.039Z] [INFO] Scheduled reports check completed
[2025-06-28T22:04:26.041Z] [DEBUG] MongoDB connection closed
[2025-06-28T22:04:55.162Z] [INFO] Checking for scheduled reports...
[2025-06-28T22:04:55.799Z] [DEBUG] Connected to MongoDB
[2025-06-28T22:04:55.858Z] [INFO] Found 1 company databases
[2025-06-28T22:04:55.859Z] [DEBUG] Processing company database: company_9jxwph8g
[2025-06-28T22:04:55.908Z] [DEBUG] Finding reports to execute in company_9jxwph8g (current time: 2025-06-28T22:04:55.908Z)
[2025-06-28T22:04:55.956Z] [INFO] Found 0 reports to execute in company_9jxwph8g
[2025-06-28T22:04:55.957Z] [INFO] Scheduled reports check completed
[2025-06-28T22:04:55.959Z] [DEBUG] MongoDB connection closed
[2025-06-28T22:05:25.164Z] [INFO] Checking for scheduled reports...
[2025-06-28T22:05:25.856Z] [DEBUG] Connected to MongoDB
[2025-06-28T22:05:25.918Z] [INFO] Found 1 company databases
[2025-06-28T22:05:25.918Z] [DEBUG] Processing company database: company_9jxwph8g
[2025-06-28T22:05:25.966Z] [DEBUG] Finding reports to execute in company_9jxwph8g (current time: 2025-06-28T22:05:25.966Z)
[2025-06-28T22:05:26.023Z] [INFO] Found 0 reports to execute in company_9jxwph8g
[2025-06-28T22:05:26.024Z] [INFO] Scheduled reports check completed
[2025-06-28T22:05:26.026Z] [DEBUG] MongoDB connection closed
[2025-06-28T22:05:55.166Z] [INFO] Checking for scheduled reports...
[2025-06-28T22:05:55.888Z] [DEBUG] Connected to MongoDB
[2025-06-28T22:05:55.951Z] [INFO] Found 1 company databases
[2025-06-28T22:05:55.951Z] [DEBUG] Processing company database: company_9jxwph8g
[2025-06-28T22:05:56.000Z] [DEBUG] Finding reports to execute in company_9jxwph8g (current time: 2025-06-28T22:05:56.000Z)
[2025-06-28T22:05:56.048Z] [INFO] Found 0 reports to execute in company_9jxwph8g
[2025-06-28T22:05:56.049Z] [INFO] Scheduled reports check completed
[2025-06-28T22:05:56.051Z] [DEBUG] MongoDB connection closed
[2025-06-28T22:06:25.166Z] [INFO] Checking for scheduled reports...
[2025-06-28T22:06:25.775Z] [DEBUG] Connected to MongoDB
[2025-06-28T22:06:25.838Z] [INFO] Found 1 company databases
[2025-06-28T22:06:25.838Z] [DEBUG] Processing company database: company_9jxwph8g
[2025-06-28T22:06:25.890Z] [DEBUG] Finding reports to execute in company_9jxwph8g (current time: 2025-06-28T22:06:25.890Z)
[2025-06-28T22:06:25.938Z] [INFO] Found 0 reports to execute in company_9jxwph8g
[2025-06-28T22:06:25.938Z] [INFO] Scheduled reports check completed
[2025-06-28T22:06:25.941Z] [DEBUG] MongoDB connection closed
[2025-06-28T22:06:55.166Z] [INFO] Checking for scheduled reports...
[2025-06-28T22:06:56.004Z] [DEBUG] Connected to MongoDB
[2025-06-28T22:06:56.062Z] [INFO] Found 1 company databases
[2025-06-28T22:06:56.063Z] [DEBUG] Processing company database: company_9jxwph8g
[2025-06-28T22:06:56.112Z] [DEBUG] Finding reports to execute in company_9jxwph8g (current time: 2025-06-28T22:06:56.112Z)
[2025-06-28T22:06:56.160Z] [INFO] Found 0 reports to execute in company_9jxwph8g
[2025-06-28T22:06:56.161Z] [INFO] Scheduled reports check completed
[2025-06-28T22:06:56.163Z] [DEBUG] MongoDB connection closed
[2025-06-28T22:07:25.166Z] [INFO] Checking for scheduled reports...
[2025-06-28T22:07:25.847Z] [DEBUG] Connected to MongoDB
[2025-06-28T22:07:25.906Z] [INFO] Found 1 company databases
[2025-06-28T22:07:25.906Z] [DEBUG] Processing company database: company_9jxwph8g
[2025-06-28T22:07:25.955Z] [DEBUG] Finding reports to execute in company_9jxwph8g (current time: 2025-06-28T22:07:25.955Z)
[2025-06-28T22:07:26.002Z] [INFO] Found 0 reports to execute in company_9jxwph8g
[2025-06-28T22:07:26.003Z] [INFO] Scheduled reports check completed
[2025-06-28T22:07:26.005Z] [DEBUG] MongoDB connection closed
[2025-06-28T22:07:55.166Z] [INFO] Checking for scheduled reports...
[2025-06-28T22:07:55.809Z] [DEBUG] Connected to MongoDB
[2025-06-28T22:07:55.868Z] [INFO] Found 1 company databases
[2025-06-28T22:07:55.869Z] [DEBUG] Processing company database: company_9jxwph8g
[2025-06-28T22:07:55.923Z] [DEBUG] Finding reports to execute in company_9jxwph8g (current time: 2025-06-28T22:07:55.923Z)
[2025-06-28T22:07:55.971Z] [INFO] Found 0 reports to execute in company_9jxwph8g
[2025-06-28T22:07:55.971Z] [INFO] Scheduled reports check completed
[2025-06-28T22:07:55.973Z] [DEBUG] MongoDB connection closed
[2025-06-28T22:08:25.166Z] [INFO] Checking for scheduled reports...
[2025-06-28T22:08:25.873Z] [DEBUG] Connected to MongoDB
[2025-06-28T22:08:25.931Z] [INFO] Found 1 company databases
[2025-06-28T22:08:25.932Z] [DEBUG] Processing company database: company_9jxwph8g
[2025-06-28T22:08:25.979Z] [DEBUG] Finding reports to execute in company_9jxwph8g (current time: 2025-06-28T22:08:25.979Z)
[2025-06-28T22:08:26.026Z] [INFO] Found 0 reports to execute in company_9jxwph8g
[2025-06-28T22:08:26.027Z] [INFO] Scheduled reports check completed
[2025-06-28T22:08:26.029Z] [DEBUG] MongoDB connection closed
[2025-06-28T22:08:55.168Z] [INFO] Checking for scheduled reports...
[2025-06-28T22:08:55.852Z] [DEBUG] Connected to MongoDB
[2025-06-28T22:08:55.926Z] [INFO] Found 1 company databases
[2025-06-28T22:08:55.927Z] [DEBUG] Processing company database: company_9jxwph8g
[2025-06-28T22:08:55.975Z] [DEBUG] Finding reports to execute in company_9jxwph8g (current time: 2025-06-28T22:08:55.975Z)
[2025-06-28T22:08:56.023Z] [INFO] Found 0 reports to execute in company_9jxwph8g
[2025-06-28T22:08:56.023Z] [INFO] Scheduled reports check completed
[2025-06-28T22:08:56.025Z] [DEBUG] MongoDB connection closed
[2025-06-28T22:09:25.169Z] [INFO] Checking for scheduled reports...
[2025-06-28T22:09:25.732Z] [DEBUG] Connected to MongoDB
[2025-06-28T22:09:25.824Z] [INFO] Found 1 company databases
[2025-06-28T22:09:25.825Z] [DEBUG] Processing company database: company_9jxwph8g
[2025-06-28T22:09:25.877Z] [DEBUG] Finding reports to execute in company_9jxwph8g (current time: 2025-06-28T22:09:25.877Z)
[2025-06-28T22:09:25.925Z] [INFO] Found 0 reports to execute in company_9jxwph8g
[2025-06-28T22:09:25.926Z] [INFO] Scheduled reports check completed
[2025-06-28T22:09:25.927Z] [DEBUG] MongoDB connection closed
[2025-06-28T22:09:55.172Z] [INFO] Checking for scheduled reports...
[2025-06-28T22:09:56.007Z] [DEBUG] Connected to MongoDB
[2025-06-28T22:09:56.066Z] [INFO] Found 1 company databases
[2025-06-28T22:09:56.066Z] [DEBUG] Processing company database: company_9jxwph8g
[2025-06-28T22:09:56.114Z] [DEBUG] Finding reports to execute in company_9jxwph8g (current time: 2025-06-28T22:09:56.114Z)
[2025-06-28T22:09:56.161Z] [INFO] Found 0 reports to execute in company_9jxwph8g
[2025-06-28T22:09:56.162Z] [INFO] Scheduled reports check completed
[2025-06-28T22:09:56.164Z] [DEBUG] MongoDB connection closed
[2025-06-28T22:10:25.172Z] [INFO] Checking for scheduled reports...
[2025-06-28T22:10:25.730Z] [DEBUG] Connected to MongoDB
[2025-06-28T22:10:25.786Z] [INFO] Found 1 company databases
[2025-06-28T22:10:25.787Z] [DEBUG] Processing company database: company_9jxwph8g
[2025-06-28T22:10:25.834Z] [DEBUG] Finding reports to execute in company_9jxwph8g (current time: 2025-06-28T22:10:25.834Z)
[2025-06-28T22:10:25.888Z] [INFO] Found 0 reports to execute in company_9jxwph8g
[2025-06-28T22:10:25.889Z] [INFO] Scheduled reports check completed
[2025-06-28T22:10:25.891Z] [DEBUG] MongoDB connection closed
[2025-06-28T22:10:55.172Z] [INFO] Checking for scheduled reports...
[2025-06-28T22:10:55.804Z] [DEBUG] Connected to MongoDB
[2025-06-28T22:10:55.865Z] [INFO] Found 1 company databases
[2025-06-28T22:10:55.866Z] [DEBUG] Processing company database: company_9jxwph8g
[2025-06-28T22:10:55.914Z] [DEBUG] Finding reports to execute in company_9jxwph8g (current time: 2025-06-28T22:10:55.914Z)
[2025-06-28T22:10:55.961Z] [INFO] Found 0 reports to execute in company_9jxwph8g
[2025-06-28T22:10:55.961Z] [INFO] Scheduled reports check completed
[2025-06-28T22:10:55.963Z] [DEBUG] MongoDB connection closed
[2025-06-28T22:11:25.174Z] [INFO] Checking for scheduled reports...
[2025-06-28T22:11:25.997Z] [DEBUG] Connected to MongoDB
[2025-06-28T22:11:26.054Z] [INFO] Found 1 company databases
[2025-06-28T22:11:26.054Z] [DEBUG] Processing company database: company_9jxwph8g
[2025-06-28T22:11:26.100Z] [DEBUG] Finding reports to execute in company_9jxwph8g (current time: 2025-06-28T22:11:26.100Z)
[2025-06-28T22:11:26.145Z] [INFO] Found 0 reports to execute in company_9jxwph8g
[2025-06-28T22:11:26.146Z] [INFO] Scheduled reports check completed
[2025-06-28T22:11:26.147Z] [DEBUG] MongoDB connection closed
[2025-06-28T22:11:55.177Z] [INFO] Checking for scheduled reports...
[2025-06-28T22:11:55.807Z] [DEBUG] Connected to MongoDB
[2025-06-28T22:11:55.865Z] [INFO] Found 1 company databases
[2025-06-28T22:11:55.866Z] [DEBUG] Processing company database: company_9jxwph8g
[2025-06-28T22:11:55.913Z] [DEBUG] Finding reports to execute in company_9jxwph8g (current time: 2025-06-28T22:11:55.913Z)
[2025-06-28T22:11:55.966Z] [INFO] Found 0 reports to execute in company_9jxwph8g
[2025-06-28T22:11:55.966Z] [INFO] Scheduled reports check completed
[2025-06-28T22:11:55.968Z] [DEBUG] MongoDB connection closed
[2025-06-28T22:12:25.178Z] [INFO] Checking for scheduled reports...
[2025-06-28T22:12:25.727Z] [DEBUG] Connected to MongoDB
[2025-06-28T22:12:25.786Z] [INFO] Found 1 company databases
[2025-06-28T22:12:25.786Z] [DEBUG] Processing company database: company_9jxwph8g
[2025-06-28T22:12:25.834Z] [DEBUG] Finding reports to execute in company_9jxwph8g (current time: 2025-06-28T22:12:25.834Z)
[2025-06-28T22:12:25.880Z] [INFO] Found 0 reports to execute in company_9jxwph8g
[2025-06-28T22:12:25.880Z] [INFO] Scheduled reports check completed
[2025-06-28T22:12:25.882Z] [DEBUG] MongoDB connection closed
[2025-06-28T22:12:55.179Z] [INFO] Checking for scheduled reports...
[2025-06-28T22:12:55.915Z] [DEBUG] Connected to MongoDB
[2025-06-28T22:12:55.974Z] [INFO] Found 1 company databases
[2025-06-28T22:12:55.975Z] [DEBUG] Processing company database: company_9jxwph8g
[2025-06-28T22:12:56.022Z] [DEBUG] Finding reports to execute in company_9jxwph8g (current time: 2025-06-28T22:12:56.022Z)
[2025-06-28T22:12:56.069Z] [INFO] Found 0 reports to execute in company_9jxwph8g
[2025-06-28T22:12:56.070Z] [INFO] Scheduled reports check completed
[2025-06-28T22:12:56.072Z] [DEBUG] MongoDB connection closed
[2025-06-28T22:13:25.182Z] [INFO] Checking for scheduled reports...
[2025-06-28T22:13:25.736Z] [DEBUG] Connected to MongoDB
[2025-06-28T22:13:25.794Z] [INFO] Found 1 company databases
[2025-06-28T22:13:25.794Z] [DEBUG] Processing company database: company_9jxwph8g
[2025-06-28T22:13:25.841Z] [DEBUG] Finding reports to execute in company_9jxwph8g (current time: 2025-06-28T22:13:25.841Z)
[2025-06-28T22:13:25.887Z] [INFO] Found 0 reports to execute in company_9jxwph8g
[2025-06-28T22:13:25.888Z] [INFO] Scheduled reports check completed
[2025-06-28T22:13:25.890Z] [DEBUG] MongoDB connection closed
[2025-06-28T22:13:55.183Z] [INFO] Checking for scheduled reports...
[2025-06-28T22:13:55.865Z] [DEBUG] Connected to MongoDB
[2025-06-28T22:13:55.938Z] [INFO] Found 1 company databases
[2025-06-28T22:13:55.939Z] [DEBUG] Processing company database: company_9jxwph8g
[2025-06-28T22:13:55.989Z] [DEBUG] Finding reports to execute in company_9jxwph8g (current time: 2025-06-28T22:13:55.989Z)
[2025-06-28T22:13:56.038Z] [INFO] Found 0 reports to execute in company_9jxwph8g
[2025-06-28T22:13:56.038Z] [INFO] Scheduled reports check completed
[2025-06-28T22:13:56.040Z] [DEBUG] MongoDB connection closed
[2025-06-28T22:14:25.185Z] [INFO] Checking for scheduled reports...
[2025-06-28T22:14:25.853Z] [DEBUG] Connected to MongoDB
[2025-06-28T22:14:25.911Z] [INFO] Found 1 company databases
[2025-06-28T22:14:25.912Z] [DEBUG] Processing company database: company_9jxwph8g
[2025-06-28T22:14:25.969Z] [DEBUG] Finding reports to execute in company_9jxwph8g (current time: 2025-06-28T22:14:25.969Z)
[2025-06-28T22:14:26.018Z] [INFO] Found 0 reports to execute in company_9jxwph8g
[2025-06-28T22:14:26.019Z] [INFO] Scheduled reports check completed
[2025-06-28T22:14:26.021Z] [DEBUG] MongoDB connection closed
[2025-06-28T22:14:55.188Z] [INFO] Checking for scheduled reports...
[2025-06-28T22:14:55.841Z] [DEBUG] Connected to MongoDB
[2025-06-28T22:14:55.899Z] [INFO] Found 1 company databases
[2025-06-28T22:14:55.900Z] [DEBUG] Processing company database: company_9jxwph8g
[2025-06-28T22:14:55.947Z] [DEBUG] Finding reports to execute in company_9jxwph8g (current time: 2025-06-28T22:14:55.947Z)
[2025-06-28T22:14:55.995Z] [INFO] Found 0 reports to execute in company_9jxwph8g
[2025-06-28T22:14:55.996Z] [INFO] Scheduled reports check completed
[2025-06-28T22:14:55.998Z] [DEBUG] MongoDB connection closed
[2025-06-28T22:15:25.190Z] [INFO] Checking for scheduled reports...
[2025-06-28T22:15:25.746Z] [DEBUG] Connected to MongoDB
[2025-06-28T22:15:25.805Z] [INFO] Found 1 company databases
[2025-06-28T22:15:25.805Z] [DEBUG] Processing company database: company_9jxwph8g
[2025-06-28T22:15:25.853Z] [DEBUG] Finding reports to execute in company_9jxwph8g (current time: 2025-06-28T22:15:25.853Z)
[2025-06-28T22:15:25.900Z] [INFO] Found 0 reports to execute in company_9jxwph8g
[2025-06-28T22:15:25.901Z] [INFO] Scheduled reports check completed
[2025-06-28T22:15:25.903Z] [DEBUG] MongoDB connection closed
[2025-06-28T22:15:55.192Z] [INFO] Checking for scheduled reports...
[2025-06-28T22:15:56.052Z] [DEBUG] Connected to MongoDB
[2025-06-28T22:15:56.111Z] [INFO] Found 1 company databases
[2025-06-28T22:15:56.111Z] [DEBUG] Processing company database: company_9jxwph8g
[2025-06-28T22:15:56.160Z] [DEBUG] Finding reports to execute in company_9jxwph8g (current time: 2025-06-28T22:15:56.160Z)
[2025-06-28T22:15:56.207Z] [INFO] Found 0 reports to execute in company_9jxwph8g
[2025-06-28T22:15:56.208Z] [INFO] Scheduled reports check completed
[2025-06-28T22:15:56.210Z] [DEBUG] MongoDB connection closed
[2025-06-28T22:16:25.194Z] [INFO] Checking for scheduled reports...
[2025-06-28T22:16:25.750Z] [DEBUG] Connected to MongoDB
[2025-06-28T22:16:25.810Z] [INFO] Found 1 company databases
[2025-06-28T22:16:25.811Z] [DEBUG] Processing company database: company_9jxwph8g
[2025-06-28T22:16:25.859Z] [DEBUG] Finding reports to execute in company_9jxwph8g (current time: 2025-06-28T22:16:25.859Z)
[2025-06-28T22:16:25.912Z] [INFO] Found 0 reports to execute in company_9jxwph8g
[2025-06-28T22:16:25.913Z] [INFO] Scheduled reports check completed
[2025-06-28T22:16:25.915Z] [DEBUG] MongoDB connection closed
[2025-06-28T22:16:55.196Z] [INFO] Checking for scheduled reports...
[2025-06-28T22:16:55.829Z] [DEBUG] Connected to MongoDB
[2025-06-28T22:16:55.888Z] [INFO] Found 1 company databases
[2025-06-28T22:16:55.889Z] [DEBUG] Processing company database: company_9jxwph8g
[2025-06-28T22:16:55.937Z] [DEBUG] Finding reports to execute in company_9jxwph8g (current time: 2025-06-28T22:16:55.937Z)
[2025-06-28T22:16:55.985Z] [INFO] Found 0 reports to execute in company_9jxwph8g
[2025-06-28T22:16:55.986Z] [INFO] Scheduled reports check completed
[2025-06-28T22:16:55.988Z] [DEBUG] MongoDB connection closed
[2025-06-28T22:17:25.198Z] [INFO] Checking for scheduled reports...
[2025-06-28T22:17:25.876Z] [DEBUG] Connected to MongoDB
[2025-06-28T22:17:25.934Z] [INFO] Found 1 company databases
[2025-06-28T22:17:25.935Z] [DEBUG] Processing company database: company_9jxwph8g
[2025-06-28T22:17:25.983Z] [DEBUG] Finding reports to execute in company_9jxwph8g (current time: 2025-06-28T22:17:25.983Z)
[2025-06-28T22:17:26.031Z] [INFO] Found 0 reports to execute in company_9jxwph8g
[2025-06-28T22:17:26.031Z] [INFO] Scheduled reports check completed
[2025-06-28T22:17:26.033Z] [DEBUG] MongoDB connection closed
[2025-06-28T22:17:55.198Z] [INFO] Checking for scheduled reports...
[2025-06-28T22:17:55.834Z] [DEBUG] Connected to MongoDB
[2025-06-28T22:17:55.892Z] [INFO] Found 1 company databases
[2025-06-28T22:17:55.893Z] [DEBUG] Processing company database: company_9jxwph8g
[2025-06-28T22:17:55.941Z] [DEBUG] Finding reports to execute in company_9jxwph8g (current time: 2025-06-28T22:17:55.941Z)
[2025-06-28T22:17:55.989Z] [INFO] Found 0 reports to execute in company_9jxwph8g
[2025-06-28T22:17:55.990Z] [INFO] Scheduled reports check completed
[2025-06-28T22:17:55.992Z] [DEBUG] MongoDB connection closed
[2025-06-28T22:18:25.201Z] [INFO] Checking for scheduled reports...
[2025-06-28T22:18:25.754Z] [DEBUG] Connected to MongoDB
[2025-06-28T22:18:25.813Z] [INFO] Found 1 company databases
[2025-06-28T22:18:25.814Z] [DEBUG] Processing company database: company_9jxwph8g
[2025-06-28T22:18:25.862Z] [DEBUG] Finding reports to execute in company_9jxwph8g (current time: 2025-06-28T22:18:25.862Z)
[2025-06-28T22:18:25.910Z] [INFO] Found 0 reports to execute in company_9jxwph8g
[2025-06-28T22:18:25.911Z] [INFO] Scheduled reports check completed
[2025-06-28T22:18:25.913Z] [DEBUG] MongoDB connection closed
[2025-06-28T22:18:55.203Z] [INFO] Checking for scheduled reports...
[2025-06-28T22:18:55.952Z] [DEBUG] Connected to MongoDB
[2025-06-28T22:18:56.015Z] [INFO] Found 1 company databases
[2025-06-28T22:18:56.016Z] [DEBUG] Processing company database: company_9jxwph8g
[2025-06-28T22:18:56.063Z] [DEBUG] Finding reports to execute in company_9jxwph8g (current time: 2025-06-28T22:18:56.063Z)
[2025-06-28T22:18:56.113Z] [INFO] Found 0 reports to execute in company_9jxwph8g
[2025-06-28T22:18:56.114Z] [INFO] Scheduled reports check completed
[2025-06-28T22:18:56.114Z] [DEBUG] MongoDB connection closed
[2025-06-28T22:19:25.206Z] [INFO] Checking for scheduled reports...
[2025-06-28T22:19:25.797Z] [DEBUG] Connected to MongoDB
[2025-06-28T22:19:25.855Z] [INFO] Found 1 company databases
[2025-06-28T22:19:25.856Z] [DEBUG] Processing company database: company_9jxwph8g
[2025-06-28T22:19:25.905Z] [DEBUG] Finding reports to execute in company_9jxwph8g (current time: 2025-06-28T22:19:25.905Z)
[2025-06-28T22:19:25.954Z] [INFO] Found 0 reports to execute in company_9jxwph8g
[2025-06-28T22:19:25.955Z] [INFO] Scheduled reports check completed
[2025-06-28T22:19:25.958Z] [DEBUG] MongoDB connection closed
[2025-06-28T22:19:55.208Z] [INFO] Checking for scheduled reports...
[2025-06-28T22:19:55.852Z] [DEBUG] Connected to MongoDB
[2025-06-28T22:19:55.911Z] [INFO] Found 1 company databases
[2025-06-28T22:19:55.912Z] [DEBUG] Processing company database: company_9jxwph8g
[2025-06-28T22:19:55.961Z] [DEBUG] Finding reports to execute in company_9jxwph8g (current time: 2025-06-28T22:19:55.961Z)
[2025-06-28T22:19:56.013Z] [INFO] Found 0 reports to execute in company_9jxwph8g
[2025-06-28T22:19:56.014Z] [INFO] Scheduled reports check completed
[2025-06-28T22:19:56.016Z] [DEBUG] MongoDB connection closed
[2025-06-28T22:20:25.210Z] [INFO] Checking for scheduled reports...
[2025-06-28T22:20:25.978Z] [DEBUG] Connected to MongoDB
[2025-06-28T22:20:26.038Z] [INFO] Found 1 company databases
[2025-06-28T22:20:26.039Z] [DEBUG] Processing company database: company_9jxwph8g
[2025-06-28T22:20:26.088Z] [DEBUG] Finding reports to execute in company_9jxwph8g (current time: 2025-06-28T22:20:26.088Z)
[2025-06-28T22:20:26.137Z] [INFO] Found 0 reports to execute in company_9jxwph8g
[2025-06-28T22:20:26.138Z] [INFO] Scheduled reports check completed
[2025-06-28T22:20:26.140Z] [DEBUG] MongoDB connection closed
[2025-06-28T22:20:55.213Z] [INFO] Checking for scheduled reports...
[2025-06-28T22:20:55.863Z] [DEBUG] Connected to MongoDB
[2025-06-28T22:20:55.922Z] [INFO] Found 1 company databases
[2025-06-28T22:20:55.923Z] [DEBUG] Processing company database: company_9jxwph8g
[2025-06-28T22:20:55.974Z] [DEBUG] Finding reports to execute in company_9jxwph8g (current time: 2025-06-28T22:20:55.974Z)
[2025-06-28T22:20:56.022Z] [INFO] Found 0 reports to execute in company_9jxwph8g
[2025-06-28T22:20:56.022Z] [INFO] Scheduled reports check completed
[2025-06-28T22:20:56.025Z] [DEBUG] MongoDB connection closed
[2025-06-28T22:21:25.216Z] [INFO] Checking for scheduled reports...
[2025-06-28T22:21:25.812Z] [DEBUG] Connected to MongoDB
[2025-06-28T22:21:25.873Z] [INFO] Found 1 company databases
[2025-06-28T22:21:25.873Z] [DEBUG] Processing company database: company_9jxwph8g
[2025-06-28T22:21:25.924Z] [DEBUG] Finding reports to execute in company_9jxwph8g (current time: 2025-06-28T22:21:25.924Z)
[2025-06-28T22:21:25.972Z] [INFO] Found 0 reports to execute in company_9jxwph8g
[2025-06-28T22:21:25.972Z] [INFO] Scheduled reports check completed
[2025-06-28T22:21:25.975Z] [DEBUG] MongoDB connection closed
[2025-06-28T22:21:55.218Z] [INFO] Checking for scheduled reports...
[2025-06-28T22:21:56.002Z] [DEBUG] Connected to MongoDB
[2025-06-28T22:21:56.063Z] [INFO] Found 1 company databases
[2025-06-28T22:21:56.064Z] [DEBUG] Processing company database: company_9jxwph8g
[2025-06-28T22:21:56.115Z] [DEBUG] Finding reports to execute in company_9jxwph8g (current time: 2025-06-28T22:21:56.115Z)
[2025-06-28T22:21:56.165Z] [INFO] Found 0 reports to execute in company_9jxwph8g
[2025-06-28T22:21:56.166Z] [INFO] Scheduled reports check completed
[2025-06-28T22:21:56.168Z] [DEBUG] MongoDB connection closed
[2025-06-28T22:22:25.219Z] [INFO] Checking for scheduled reports...
[2025-06-28T22:22:25.828Z] [DEBUG] Connected to MongoDB
[2025-06-28T22:22:25.890Z] [INFO] Found 1 company databases
[2025-06-28T22:22:25.891Z] [DEBUG] Processing company database: company_9jxwph8g
[2025-06-28T22:22:25.940Z] [DEBUG] Finding reports to execute in company_9jxwph8g (current time: 2025-06-28T22:22:25.940Z)
[2025-06-28T22:22:25.988Z] [INFO] Found 0 reports to execute in company_9jxwph8g
[2025-06-28T22:22:25.988Z] [INFO] Scheduled reports check completed
[2025-06-28T22:22:25.989Z] [DEBUG] MongoDB connection closed
[2025-06-28T22:22:55.221Z] [INFO] Checking for scheduled reports...
[2025-06-28T22:22:55.857Z] [DEBUG] Connected to MongoDB
[2025-06-28T22:22:55.917Z] [INFO] Found 1 company databases
[2025-06-28T22:22:55.918Z] [DEBUG] Processing company database: company_9jxwph8g
[2025-06-28T22:22:55.966Z] [DEBUG] Finding reports to execute in company_9jxwph8g (current time: 2025-06-28T22:22:55.966Z)
[2025-06-28T22:22:56.015Z] [INFO] Found 0 reports to execute in company_9jxwph8g
[2025-06-28T22:22:56.015Z] [INFO] Scheduled reports check completed
[2025-06-28T22:22:56.018Z] [DEBUG] MongoDB connection closed
[2025-06-28T22:23:25.223Z] [INFO] Checking for scheduled reports...
[2025-06-28T22:23:25.984Z] [DEBUG] Connected to MongoDB
[2025-06-28T22:23:26.043Z] [INFO] Found 1 company databases
[2025-06-28T22:23:26.043Z] [DEBUG] Processing company database: company_9jxwph8g
[2025-06-28T22:23:26.092Z] [DEBUG] Finding reports to execute in company_9jxwph8g (current time: 2025-06-28T22:23:26.092Z)
[2025-06-28T22:23:26.141Z] [INFO] Found 0 reports to execute in company_9jxwph8g
[2025-06-28T22:23:26.141Z] [INFO] Scheduled reports check completed
[2025-06-28T22:23:26.144Z] [DEBUG] MongoDB connection closed
[2025-06-28T22:23:55.226Z] [INFO] Checking for scheduled reports...
[2025-06-28T22:23:55.863Z] [DEBUG] Connected to MongoDB
[2025-06-28T22:23:55.921Z] [INFO] Found 1 company databases
[2025-06-28T22:23:55.922Z] [DEBUG] Processing company database: company_9jxwph8g
[2025-06-28T22:23:55.970Z] [DEBUG] Finding reports to execute in company_9jxwph8g (current time: 2025-06-28T22:23:55.970Z)
[2025-06-28T22:23:56.019Z] [INFO] Found 0 reports to execute in company_9jxwph8g
[2025-06-28T22:23:56.020Z] [INFO] Scheduled reports check completed
[2025-06-28T22:23:56.023Z] [DEBUG] MongoDB connection closed
[2025-06-28T22:24:25.226Z] [INFO] Checking for scheduled reports...
[2025-06-28T22:24:25.792Z] [DEBUG] Connected to MongoDB
[2025-06-28T22:24:25.851Z] [INFO] Found 1 company databases
[2025-06-28T22:24:25.852Z] [DEBUG] Processing company database: company_9jxwph8g
[2025-06-28T22:24:25.900Z] [DEBUG] Finding reports to execute in company_9jxwph8g (current time: 2025-06-28T22:24:25.900Z)
[2025-06-28T22:24:25.949Z] [INFO] Found 0 reports to execute in company_9jxwph8g
[2025-06-28T22:24:25.950Z] [INFO] Scheduled reports check completed
[2025-06-28T22:24:25.953Z] [DEBUG] MongoDB connection closed
[2025-06-28T22:24:55.228Z] [INFO] Checking for scheduled reports...
[2025-06-28T22:24:55.977Z] [DEBUG] Connected to MongoDB
[2025-06-28T22:24:56.036Z] [INFO] Found 1 company databases
[2025-06-28T22:24:56.037Z] [DEBUG] Processing company database: company_9jxwph8g
[2025-06-28T22:24:56.086Z] [DEBUG] Finding reports to execute in company_9jxwph8g (current time: 2025-06-28T22:24:56.086Z)
[2025-06-28T22:24:56.135Z] [INFO] Found 0 reports to execute in company_9jxwph8g
[2025-06-28T22:24:56.136Z] [INFO] Scheduled reports check completed
[2025-06-28T22:24:56.139Z] [DEBUG] MongoDB connection closed
[2025-06-28T22:25:25.229Z] [INFO] Checking for scheduled reports...
[2025-06-28T22:25:25.878Z] [DEBUG] Connected to MongoDB
[2025-06-28T22:25:25.941Z] [INFO] Found 1 company databases
[2025-06-28T22:25:25.942Z] [DEBUG] Processing company database: company_9jxwph8g
[2025-06-28T22:25:25.992Z] [DEBUG] Finding reports to execute in company_9jxwph8g (current time: 2025-06-28T22:25:25.992Z)
[2025-06-28T22:25:26.039Z] [INFO] Found 0 reports to execute in company_9jxwph8g
[2025-06-28T22:25:26.040Z] [INFO] Scheduled reports check completed
[2025-06-28T22:25:26.041Z] [DEBUG] MongoDB connection closed
[2025-06-28T22:25:55.199Z] [INFO] Checking for scheduled reports...
[2025-06-28T22:25:55.931Z] [DEBUG] Connected to MongoDB
[2025-06-28T22:25:55.991Z] [INFO] Found 1 company databases
[2025-06-28T22:25:55.991Z] [DEBUG] Processing company database: company_9jxwph8g
[2025-06-28T22:25:56.041Z] [DEBUG] Finding reports to execute in company_9jxwph8g (current time: 2025-06-28T22:25:56.041Z)
[2025-06-28T22:25:56.088Z] [INFO] Found 0 reports to execute in company_9jxwph8g
[2025-06-28T22:25:56.089Z] [INFO] Scheduled reports check completed
[2025-06-28T22:25:56.091Z] [DEBUG] MongoDB connection closed
[2025-06-28T22:26:25.188Z] [INFO] Checking for scheduled reports...
[2025-06-28T22:26:25.867Z] [DEBUG] Connected to MongoDB
[2025-06-28T22:26:25.926Z] [INFO] Found 1 company databases
[2025-06-28T22:26:25.927Z] [DEBUG] Processing company database: company_9jxwph8g
[2025-06-28T22:26:25.976Z] [DEBUG] Finding reports to execute in company_9jxwph8g (current time: 2025-06-28T22:26:25.976Z)
[2025-06-28T22:26:26.023Z] [INFO] Found 0 reports to execute in company_9jxwph8g
[2025-06-28T22:26:26.024Z] [INFO] Scheduled reports check completed
[2025-06-28T22:26:26.026Z] [DEBUG] MongoDB connection closed
[2025-06-28T22:26:55.187Z] [INFO] Checking for scheduled reports...
[2025-06-28T22:26:55.871Z] [DEBUG] Connected to MongoDB
[2025-06-28T22:26:55.930Z] [INFO] Found 1 company databases
[2025-06-28T22:26:55.930Z] [DEBUG] Processing company database: company_9jxwph8g
[2025-06-28T22:26:55.980Z] [DEBUG] Finding reports to execute in company_9jxwph8g (current time: 2025-06-28T22:26:55.980Z)
[2025-06-28T22:26:56.028Z] [INFO] Found 0 reports to execute in company_9jxwph8g
[2025-06-28T22:26:56.028Z] [INFO] Scheduled reports check completed
[2025-06-28T22:26:56.029Z] [DEBUG] MongoDB connection closed
[2025-06-28T22:27:25.187Z] [INFO] Checking for scheduled reports...
[2025-06-28T22:27:25.773Z] [DEBUG] Connected to MongoDB
[2025-06-28T22:27:25.835Z] [INFO] Found 1 company databases
[2025-06-28T22:27:25.835Z] [DEBUG] Processing company database: company_9jxwph8g
[2025-06-28T22:27:25.883Z] [DEBUG] Finding reports to execute in company_9jxwph8g (current time: 2025-06-28T22:27:25.883Z)
[2025-06-28T22:27:25.931Z] [INFO] Found 0 reports to execute in company_9jxwph8g
[2025-06-28T22:27:25.931Z] [INFO] Scheduled reports check completed
[2025-06-28T22:27:25.933Z] [DEBUG] MongoDB connection closed
[2025-06-28T22:27:55.188Z] [INFO] Checking for scheduled reports...
[2025-06-28T22:27:55.942Z] [DEBUG] Connected to MongoDB
[2025-06-28T22:27:56.002Z] [INFO] Found 1 company databases
[2025-06-28T22:27:56.002Z] [DEBUG] Processing company database: company_9jxwph8g
[2025-06-28T22:27:56.051Z] [DEBUG] Finding reports to execute in company_9jxwph8g (current time: 2025-06-28T22:27:56.051Z)
[2025-06-28T22:27:56.099Z] [INFO] Found 0 reports to execute in company_9jxwph8g
[2025-06-28T22:27:56.099Z] [INFO] Scheduled reports check completed
[2025-06-28T22:27:56.102Z] [DEBUG] MongoDB connection closed
[2025-06-28T22:28:25.190Z] [INFO] Checking for scheduled reports...
[2025-06-28T22:28:25.802Z] [DEBUG] Connected to MongoDB
[2025-06-28T22:28:25.863Z] [INFO] Found 1 company databases
[2025-06-28T22:28:25.863Z] [DEBUG] Processing company database: company_9jxwph8g
[2025-06-28T22:28:25.911Z] [DEBUG] Finding reports to execute in company_9jxwph8g (current time: 2025-06-28T22:28:25.911Z)
[2025-06-28T22:28:25.960Z] [INFO] Found 0 reports to execute in company_9jxwph8g
[2025-06-28T22:28:25.960Z] [INFO] Scheduled reports check completed
[2025-06-28T22:28:25.962Z] [DEBUG] MongoDB connection closed
[2025-06-28T22:28:55.191Z] [INFO] Checking for scheduled reports...
[2025-06-28T22:28:55.833Z] [DEBUG] Connected to MongoDB
[2025-06-28T22:28:55.893Z] [INFO] Found 1 company databases
[2025-06-28T22:28:55.894Z] [DEBUG] Processing company database: company_9jxwph8g
[2025-06-28T22:28:55.943Z] [DEBUG] Finding reports to execute in company_9jxwph8g (current time: 2025-06-28T22:28:55.943Z)
[2025-06-28T22:28:55.990Z] [INFO] Found 0 reports to execute in company_9jxwph8g
[2025-06-28T22:28:55.991Z] [INFO] Scheduled reports check completed
[2025-06-28T22:28:55.993Z] [DEBUG] MongoDB connection closed
[2025-06-28T22:29:25.192Z] [INFO] Checking for scheduled reports...
[2025-06-28T22:29:25.849Z] [DEBUG] Connected to MongoDB
[2025-06-28T22:29:25.909Z] [INFO] Found 1 company databases
[2025-06-28T22:29:25.909Z] [DEBUG] Processing company database: company_9jxwph8g
[2025-06-28T22:29:25.959Z] [DEBUG] Finding reports to execute in company_9jxwph8g (current time: 2025-06-28T22:29:25.959Z)
[2025-06-28T22:29:26.007Z] [INFO] Found 0 reports to execute in company_9jxwph8g
[2025-06-28T22:29:26.008Z] [INFO] Scheduled reports check completed
[2025-06-28T22:29:26.010Z] [DEBUG] MongoDB connection closed
[2025-06-28T22:29:55.193Z] [INFO] Checking for scheduled reports...
[2025-06-28T22:29:55.939Z] [DEBUG] Connected to MongoDB
[2025-06-28T22:29:55.998Z] [INFO] Found 1 company databases
[2025-06-28T22:29:55.998Z] [DEBUG] Processing company database: company_9jxwph8g
[2025-06-28T22:29:56.047Z] [DEBUG] Finding reports to execute in company_9jxwph8g (current time: 2025-06-28T22:29:56.047Z)
[2025-06-28T22:29:56.095Z] [INFO] Found 0 reports to execute in company_9jxwph8g
[2025-06-28T22:29:56.095Z] [INFO] Scheduled reports check completed
[2025-06-28T22:29:56.097Z] [DEBUG] MongoDB connection closed
[2025-06-28T22:30:25.195Z] [INFO] Checking for scheduled reports...
[2025-06-28T22:30:25.794Z] [DEBUG] Connected to MongoDB
[2025-06-28T22:30:25.852Z] [INFO] Found 1 company databases
[2025-06-28T22:30:25.853Z] [DEBUG] Processing company database: company_9jxwph8g
[2025-06-28T22:30:25.900Z] [DEBUG] Finding reports to execute in company_9jxwph8g (current time: 2025-06-28T22:30:25.900Z)
[2025-06-28T22:30:25.947Z] [INFO] Found 0 reports to execute in company_9jxwph8g
[2025-06-28T22:30:25.948Z] [INFO] Scheduled reports check completed
[2025-06-28T22:30:25.950Z] [DEBUG] MongoDB connection closed
[2025-06-28T22:30:55.195Z] [INFO] Checking for scheduled reports...
[2025-06-28T22:30:56.142Z] [DEBUG] Connected to MongoDB
[2025-06-28T22:30:56.200Z] [INFO] Found 1 company databases
[2025-06-28T22:30:56.200Z] [DEBUG] Processing company database: company_9jxwph8g
[2025-06-28T22:30:56.249Z] [DEBUG] Finding reports to execute in company_9jxwph8g (current time: 2025-06-28T22:30:56.249Z)
[2025-06-28T22:30:56.297Z] [INFO] Found 0 reports to execute in company_9jxwph8g
[2025-06-28T22:30:56.297Z] [INFO] Scheduled reports check completed
[2025-06-28T22:30:56.300Z] [DEBUG] MongoDB connection closed
[2025-06-28T22:31:25.196Z] [INFO] Checking for scheduled reports...
[2025-06-28T22:31:25.756Z] [DEBUG] Connected to MongoDB
[2025-06-28T22:31:25.815Z] [INFO] Found 1 company databases
[2025-06-28T22:31:25.815Z] [DEBUG] Processing company database: company_9jxwph8g
[2025-06-28T22:31:25.877Z] [DEBUG] Finding reports to execute in company_9jxwph8g (current time: 2025-06-28T22:31:25.877Z)
[2025-06-28T22:31:25.932Z] [INFO] Found 0 reports to execute in company_9jxwph8g
[2025-06-28T22:31:25.933Z] [INFO] Scheduled reports check completed
[2025-06-28T22:31:25.935Z] [DEBUG] MongoDB connection closed
[2025-06-28T22:31:55.196Z] [INFO] Checking for scheduled reports...
[2025-06-28T22:31:55.945Z] [DEBUG] Connected to MongoDB
[2025-06-28T22:31:56.003Z] [INFO] Found 1 company databases
[2025-06-28T22:31:56.004Z] [DEBUG] Processing company database: company_9jxwph8g
[2025-06-28T22:31:56.052Z] [DEBUG] Finding reports to execute in company_9jxwph8g (current time: 2025-06-28T22:31:56.052Z)
[2025-06-28T22:31:56.100Z] [INFO] Found 0 reports to execute in company_9jxwph8g
[2025-06-28T22:31:56.100Z] [INFO] Scheduled reports check completed
[2025-06-28T22:31:56.102Z] [DEBUG] MongoDB connection closed
[2025-06-28T22:32:25.199Z] [INFO] Checking for scheduled reports...
[2025-06-28T22:32:26.016Z] [DEBUG] Connected to MongoDB
[2025-06-28T22:32:26.080Z] [INFO] Found 1 company databases
[2025-06-28T22:32:26.081Z] [DEBUG] Processing company database: company_9jxwph8g
[2025-06-28T22:32:26.132Z] [DEBUG] Finding reports to execute in company_9jxwph8g (current time: 2025-06-28T22:32:26.132Z)
[2025-06-28T22:32:26.180Z] [INFO] Found 0 reports to execute in company_9jxwph8g
[2025-06-28T22:32:26.180Z] [INFO] Scheduled reports check completed
[2025-06-28T22:32:26.183Z] [DEBUG] MongoDB connection closed
[2025-06-28T22:32:55.200Z] [INFO] Checking for scheduled reports...
[2025-06-28T22:32:56.100Z] [DEBUG] Connected to MongoDB
[2025-06-28T22:32:56.160Z] [INFO] Found 1 company databases
[2025-06-28T22:32:56.161Z] [DEBUG] Processing company database: company_9jxwph8g
[2025-06-28T22:32:56.210Z] [DEBUG] Finding reports to execute in company_9jxwph8g (current time: 2025-06-28T22:32:56.210Z)
[2025-06-28T22:32:56.258Z] [INFO] Found 0 reports to execute in company_9jxwph8g
[2025-06-28T22:32:56.258Z] [INFO] Scheduled reports check completed
[2025-06-28T22:32:56.260Z] [DEBUG] MongoDB connection closed
[2025-06-28T22:33:25.202Z] [INFO] Checking for scheduled reports...
[2025-06-28T22:33:25.769Z] [DEBUG] Connected to MongoDB
[2025-06-28T22:33:25.828Z] [INFO] Found 1 company databases
[2025-06-28T22:33:25.829Z] [DEBUG] Processing company database: company_9jxwph8g
[2025-06-28T22:33:25.877Z] [DEBUG] Finding reports to execute in company_9jxwph8g (current time: 2025-06-28T22:33:25.877Z)
[2025-06-28T22:33:25.925Z] [INFO] Found 0 reports to execute in company_9jxwph8g
[2025-06-28T22:33:25.925Z] [INFO] Scheduled reports check completed
[2025-06-28T22:33:25.927Z] [DEBUG] MongoDB connection closed
[2025-06-28T22:33:55.203Z] [INFO] Checking for scheduled reports...
[2025-06-28T22:33:56.109Z] [DEBUG] Connected to MongoDB
[2025-06-28T22:33:56.169Z] [INFO] Found 1 company databases
[2025-06-28T22:33:56.170Z] [DEBUG] Processing company database: company_9jxwph8g
[2025-06-28T22:33:56.219Z] [DEBUG] Finding reports to execute in company_9jxwph8g (current time: 2025-06-28T22:33:56.219Z)
[2025-06-28T22:33:56.267Z] [INFO] Found 0 reports to execute in company_9jxwph8g
[2025-06-28T22:33:56.267Z] [INFO] Scheduled reports check completed
[2025-06-28T22:33:56.269Z] [DEBUG] MongoDB connection closed
[2025-06-28T22:34:25.204Z] [INFO] Checking for scheduled reports...
[2025-06-28T22:34:25.821Z] [DEBUG] Connected to MongoDB
[2025-06-28T22:34:25.881Z] [INFO] Found 1 company databases
[2025-06-28T22:34:25.882Z] [DEBUG] Processing company database: company_9jxwph8g
[2025-06-28T22:34:25.931Z] [DEBUG] Finding reports to execute in company_9jxwph8g (current time: 2025-06-28T22:34:25.931Z)
[2025-06-28T22:34:25.978Z] [INFO] Found 0 reports to execute in company_9jxwph8g
[2025-06-28T22:34:25.979Z] [INFO] Scheduled reports check completed
[2025-06-28T22:34:25.980Z] [DEBUG] MongoDB connection closed
[2025-06-28T22:34:55.205Z] [INFO] Checking for scheduled reports...
[2025-06-28T22:34:55.892Z] [DEBUG] Connected to MongoDB
[2025-06-28T22:34:55.951Z] [INFO] Found 1 company databases
[2025-06-28T22:34:55.952Z] [DEBUG] Processing company database: company_9jxwph8g
[2025-06-28T22:34:56.000Z] [DEBUG] Finding reports to execute in company_9jxwph8g (current time: 2025-06-28T22:34:56.000Z)
[2025-06-28T22:34:56.048Z] [INFO] Found 0 reports to execute in company_9jxwph8g
[2025-06-28T22:34:56.049Z] [INFO] Scheduled reports check completed
[2025-06-28T22:34:56.051Z] [DEBUG] MongoDB connection closed
[2025-06-28T22:35:25.206Z] [INFO] Checking for scheduled reports...
[2025-06-28T22:35:25.883Z] [DEBUG] Connected to MongoDB
[2025-06-28T22:35:25.942Z] [INFO] Found 1 company databases
[2025-06-28T22:35:25.943Z] [DEBUG] Processing company database: company_9jxwph8g
[2025-06-28T22:35:25.991Z] [DEBUG] Finding reports to execute in company_9jxwph8g (current time: 2025-06-28T22:35:25.991Z)
[2025-06-28T22:35:26.039Z] [INFO] Found 0 reports to execute in company_9jxwph8g
[2025-06-28T22:35:26.039Z] [INFO] Scheduled reports check completed
[2025-06-28T22:35:26.041Z] [DEBUG] MongoDB connection closed
[2025-06-28T22:35:55.208Z] [INFO] Checking for scheduled reports...
[2025-06-28T22:35:55.953Z] [DEBUG] Connected to MongoDB
[2025-06-28T22:35:56.011Z] [INFO] Found 1 company databases
[2025-06-28T22:35:56.012Z] [DEBUG] Processing company database: company_9jxwph8g
[2025-06-28T22:35:56.060Z] [DEBUG] Finding reports to execute in company_9jxwph8g (current time: 2025-06-28T22:35:56.060Z)
[2025-06-28T22:35:56.107Z] [INFO] Found 0 reports to execute in company_9jxwph8g
[2025-06-28T22:35:56.107Z] [INFO] Scheduled reports check completed
[2025-06-28T22:35:56.110Z] [DEBUG] MongoDB connection closed
[2025-06-28T22:36:25.210Z] [INFO] Checking for scheduled reports...
[2025-06-28T22:36:25.783Z] [DEBUG] Connected to MongoDB
[2025-06-28T22:36:25.844Z] [INFO] Found 1 company databases
[2025-06-28T22:36:25.845Z] [DEBUG] Processing company database: company_9jxwph8g
[2025-06-28T22:36:25.895Z] [DEBUG] Finding reports to execute in company_9jxwph8g (current time: 2025-06-28T22:36:25.895Z)
[2025-06-28T22:36:25.944Z] [INFO] Found 0 reports to execute in company_9jxwph8g
[2025-06-28T22:36:25.945Z] [INFO] Scheduled reports check completed
[2025-06-28T22:36:25.948Z] [DEBUG] MongoDB connection closed
[2025-06-28T22:36:55.211Z] [INFO] Checking for scheduled reports...
[2025-06-28T22:36:55.964Z] [DEBUG] Connected to MongoDB
[2025-06-28T22:36:56.023Z] [INFO] Found 1 company databases
[2025-06-28T22:36:56.023Z] [DEBUG] Processing company database: company_9jxwph8g
[2025-06-28T22:36:56.071Z] [DEBUG] Finding reports to execute in company_9jxwph8g (current time: 2025-06-28T22:36:56.071Z)
[2025-06-28T22:36:56.119Z] [INFO] Found 0 reports to execute in company_9jxwph8g
[2025-06-28T22:36:56.119Z] [INFO] Scheduled reports check completed
[2025-06-28T22:36:56.121Z] [DEBUG] MongoDB connection closed
[2025-06-28T22:37:25.213Z] [INFO] Checking for scheduled reports...
[2025-06-28T22:37:25.876Z] [DEBUG] Connected to MongoDB
[2025-06-28T22:37:25.935Z] [INFO] Found 1 company databases
[2025-06-28T22:37:25.936Z] [DEBUG] Processing company database: company_9jxwph8g
[2025-06-28T22:37:25.986Z] [DEBUG] Finding reports to execute in company_9jxwph8g (current time: 2025-06-28T22:37:25.986Z)
[2025-06-28T22:37:26.034Z] [INFO] Found 0 reports to execute in company_9jxwph8g
[2025-06-28T22:37:26.034Z] [INFO] Scheduled reports check completed
[2025-06-28T22:37:26.037Z] [DEBUG] MongoDB connection closed
[2025-06-28T22:37:55.214Z] [INFO] Checking for scheduled reports...
[2025-06-28T22:37:55.864Z] [DEBUG] Connected to MongoDB
[2025-06-28T22:37:55.925Z] [INFO] Found 1 company databases
[2025-06-28T22:37:55.926Z] [DEBUG] Processing company database: company_9jxwph8g
[2025-06-28T22:37:55.975Z] [DEBUG] Finding reports to execute in company_9jxwph8g (current time: 2025-06-28T22:37:55.975Z)
[2025-06-28T22:37:56.023Z] [INFO] Found 0 reports to execute in company_9jxwph8g
[2025-06-28T22:37:56.023Z] [INFO] Scheduled reports check completed
[2025-06-28T22:37:56.026Z] [DEBUG] MongoDB connection closed
[2025-06-28T22:38:25.216Z] [INFO] Checking for scheduled reports...
[2025-06-28T22:38:25.831Z] [DEBUG] Connected to MongoDB
[2025-06-28T22:38:25.891Z] [INFO] Found 1 company databases
[2025-06-28T22:38:25.891Z] [DEBUG] Processing company database: company_9jxwph8g
[2025-06-28T22:38:25.973Z] [DEBUG] Finding reports to execute in company_9jxwph8g (current time: 2025-06-28T22:38:25.973Z)
[2025-06-28T22:38:26.021Z] [INFO] Found 0 reports to execute in company_9jxwph8g
[2025-06-28T22:38:26.022Z] [INFO] Scheduled reports check completed
[2025-06-28T22:38:26.024Z] [DEBUG] MongoDB connection closed
[2025-06-28T22:38:55.217Z] [INFO] Checking for scheduled reports...
[2025-06-28T22:38:55.860Z] [DEBUG] Connected to MongoDB
[2025-06-28T22:38:55.920Z] [INFO] Found 1 company databases
[2025-06-28T22:38:55.920Z] [DEBUG] Processing company database: company_9jxwph8g
[2025-06-28T22:38:55.971Z] [DEBUG] Finding reports to execute in company_9jxwph8g (current time: 2025-06-28T22:38:55.971Z)
[2025-06-28T22:38:56.020Z] [INFO] Found 0 reports to execute in company_9jxwph8g
[2025-06-28T22:38:56.020Z] [INFO] Scheduled reports check completed
[2025-06-28T22:38:56.023Z] [DEBUG] MongoDB connection closed
[2025-06-28T22:39:25.217Z] [INFO] Checking for scheduled reports...
[2025-06-28T22:39:25.797Z] [DEBUG] Connected to MongoDB
[2025-06-28T22:39:25.874Z] [INFO] Found 1 company databases
[2025-06-28T22:39:25.875Z] [DEBUG] Processing company database: company_9jxwph8g
[2025-06-28T22:39:25.924Z] [DEBUG] Finding reports to execute in company_9jxwph8g (current time: 2025-06-28T22:39:25.924Z)
[2025-06-28T22:39:25.972Z] [INFO] Found 0 reports to execute in company_9jxwph8g
[2025-06-28T22:39:25.973Z] [INFO] Scheduled reports check completed
[2025-06-28T22:39:25.975Z] [DEBUG] MongoDB connection closed
[2025-06-28T22:39:55.217Z] [INFO] Checking for scheduled reports...
[2025-06-28T22:39:55.970Z] [DEBUG] Connected to MongoDB
[2025-06-28T22:39:56.028Z] [INFO] Found 1 company databases
[2025-06-28T22:39:56.028Z] [DEBUG] Processing company database: company_9jxwph8g
[2025-06-28T22:39:56.077Z] [DEBUG] Finding reports to execute in company_9jxwph8g (current time: 2025-06-28T22:39:56.077Z)
[2025-06-28T22:39:56.127Z] [INFO] Found 0 reports to execute in company_9jxwph8g
[2025-06-28T22:39:56.127Z] [INFO] Scheduled reports check completed
[2025-06-28T22:39:56.129Z] [DEBUG] MongoDB connection closed
[2025-06-28T22:40:25.219Z] [INFO] Checking for scheduled reports...
[2025-06-28T22:40:25.774Z] [DEBUG] Connected to MongoDB
[2025-06-28T22:40:25.833Z] [INFO] Found 1 company databases
[2025-06-28T22:40:25.834Z] [DEBUG] Processing company database: company_9jxwph8g
[2025-06-28T22:40:25.886Z] [DEBUG] Finding reports to execute in company_9jxwph8g (current time: 2025-06-28T22:40:25.886Z)
[2025-06-28T22:40:26.018Z] [INFO] Found 0 reports to execute in company_9jxwph8g
[2025-06-28T22:40:26.019Z] [INFO] Scheduled reports check completed
[2025-06-28T22:40:26.021Z] [DEBUG] MongoDB connection closed
[2025-06-28T22:40:55.219Z] [INFO] Checking for scheduled reports...
[2025-06-28T22:40:55.857Z] [DEBUG] Connected to MongoDB
[2025-06-28T22:40:55.915Z] [INFO] Found 1 company databases
[2025-06-28T22:40:55.916Z] [DEBUG] Processing company database: company_9jxwph8g
[2025-06-28T22:40:55.967Z] [DEBUG] Finding reports to execute in company_9jxwph8g (current time: 2025-06-28T22:40:55.967Z)
[2025-06-28T22:40:56.016Z] [INFO] Found 0 reports to execute in company_9jxwph8g
[2025-06-28T22:40:56.017Z] [INFO] Scheduled reports check completed
[2025-06-28T22:40:56.019Z] [DEBUG] MongoDB connection closed
[2025-06-28T22:41:25.220Z] [INFO] Checking for scheduled reports...
[2025-06-28T22:41:25.889Z] [DEBUG] Connected to MongoDB
[2025-06-28T22:41:25.960Z] [INFO] Found 1 company databases
[2025-06-28T22:41:25.961Z] [DEBUG] Processing company database: company_9jxwph8g
[2025-06-28T22:41:26.011Z] [DEBUG] Finding reports to execute in company_9jxwph8g (current time: 2025-06-28T22:41:26.011Z)
[2025-06-28T22:41:26.062Z] [INFO] Found 0 reports to execute in company_9jxwph8g
[2025-06-28T22:41:26.063Z] [INFO] Scheduled reports check completed
[2025-06-28T22:41:26.066Z] [DEBUG] MongoDB connection closed
[2025-06-28T22:41:55.220Z] [INFO] Checking for scheduled reports...
[2025-06-28T22:41:55.848Z] [DEBUG] Connected to MongoDB
[2025-06-28T22:41:55.907Z] [INFO] Found 1 company databases
[2025-06-28T22:41:55.908Z] [DEBUG] Processing company database: company_9jxwph8g
[2025-06-28T22:41:55.956Z] [DEBUG] Finding reports to execute in company_9jxwph8g (current time: 2025-06-28T22:41:55.956Z)
[2025-06-28T22:41:56.004Z] [INFO] Found 0 reports to execute in company_9jxwph8g
[2025-06-28T22:41:56.004Z] [INFO] Scheduled reports check completed
[2025-06-28T22:41:56.006Z] [DEBUG] MongoDB connection closed
[2025-06-28T22:42:25.222Z] [INFO] Checking for scheduled reports...
[2025-06-28T22:42:25.814Z] [DEBUG] Connected to MongoDB
[2025-06-28T22:42:25.873Z] [INFO] Found 1 company databases
[2025-06-28T22:42:25.874Z] [DEBUG] Processing company database: company_9jxwph8g
[2025-06-28T22:42:25.922Z] [DEBUG] Finding reports to execute in company_9jxwph8g (current time: 2025-06-28T22:42:25.922Z)
[2025-06-28T22:42:25.971Z] [INFO] Found 0 reports to execute in company_9jxwph8g
[2025-06-28T22:42:25.971Z] [INFO] Scheduled reports check completed
[2025-06-28T22:42:25.973Z] [DEBUG] MongoDB connection closed
[2025-06-28T22:42:55.222Z] [INFO] Checking for scheduled reports...
[2025-06-28T22:42:56.051Z] [DEBUG] Connected to MongoDB
[2025-06-28T22:42:56.110Z] [INFO] Found 1 company databases
[2025-06-28T22:42:56.111Z] [DEBUG] Processing company database: company_9jxwph8g
[2025-06-28T22:42:56.160Z] [DEBUG] Finding reports to execute in company_9jxwph8g (current time: 2025-06-28T22:42:56.160Z)
[2025-06-28T22:42:56.208Z] [INFO] Found 0 reports to execute in company_9jxwph8g
[2025-06-28T22:42:56.209Z] [INFO] Scheduled reports check completed
[2025-06-28T22:42:56.211Z] [DEBUG] MongoDB connection closed
[2025-06-28T22:43:25.223Z] [INFO] Checking for scheduled reports...
[2025-06-28T22:43:25.780Z] [DEBUG] Connected to MongoDB
[2025-06-28T22:43:25.839Z] [INFO] Found 1 company databases
[2025-06-28T22:43:25.840Z] [DEBUG] Processing company database: company_9jxwph8g
[2025-06-28T22:43:25.891Z] [DEBUG] Finding reports to execute in company_9jxwph8g (current time: 2025-06-28T22:43:25.891Z)
[2025-06-28T22:43:25.941Z] [INFO] Found 0 reports to execute in company_9jxwph8g
[2025-06-28T22:43:25.942Z] [INFO] Scheduled reports check completed
[2025-06-28T22:43:25.944Z] [DEBUG] MongoDB connection closed
[2025-06-28T22:43:55.225Z] [INFO] Checking for scheduled reports...
[2025-06-28T22:43:55.862Z] [DEBUG] Connected to MongoDB
[2025-06-28T22:43:55.921Z] [INFO] Found 1 company databases
[2025-06-28T22:43:55.921Z] [DEBUG] Processing company database: company_9jxwph8g
[2025-06-28T22:43:55.970Z] [DEBUG] Finding reports to execute in company_9jxwph8g (current time: 2025-06-28T22:43:55.970Z)
[2025-06-28T22:43:56.019Z] [INFO] Found 0 reports to execute in company_9jxwph8g
[2025-06-28T22:43:56.019Z] [INFO] Scheduled reports check completed
[2025-06-28T22:43:56.022Z] [DEBUG] MongoDB connection closed
[2025-06-28T22:44:25.226Z] [INFO] Checking for scheduled reports...
[2025-06-28T22:44:25.904Z] [DEBUG] Connected to MongoDB
[2025-06-28T22:44:25.962Z] [INFO] Found 1 company databases
[2025-06-28T22:44:25.963Z] [DEBUG] Processing company database: company_9jxwph8g
[2025-06-28T22:44:26.011Z] [DEBUG] Finding reports to execute in company_9jxwph8g (current time: 2025-06-28T22:44:26.011Z)
[2025-06-28T22:44:26.059Z] [INFO] Found 0 reports to execute in company_9jxwph8g
[2025-06-28T22:44:26.060Z] [INFO] Scheduled reports check completed
[2025-06-28T22:44:26.062Z] [DEBUG] MongoDB connection closed
[2025-06-28T22:44:55.227Z] [INFO] Checking for scheduled reports...
[2025-06-28T22:44:55.869Z] [DEBUG] Connected to MongoDB
[2025-06-28T22:44:55.929Z] [INFO] Found 1 company databases
[2025-06-28T22:44:55.930Z] [DEBUG] Processing company database: company_9jxwph8g
[2025-06-28T22:44:55.979Z] [DEBUG] Finding reports to execute in company_9jxwph8g (current time: 2025-06-28T22:44:55.979Z)
[2025-06-28T22:44:56.028Z] [INFO] Found 0 reports to execute in company_9jxwph8g
[2025-06-28T22:44:56.028Z] [INFO] Scheduled reports check completed
[2025-06-28T22:44:56.031Z] [DEBUG] MongoDB connection closed
[2025-06-28T22:45:25.227Z] [INFO] Checking for scheduled reports...
[2025-06-28T22:45:25.788Z] [DEBUG] Connected to MongoDB
[2025-06-28T22:45:25.847Z] [INFO] Found 1 company databases
[2025-06-28T22:45:25.848Z] [DEBUG] Processing company database: company_9jxwph8g
[2025-06-28T22:45:25.897Z] [DEBUG] Finding reports to execute in company_9jxwph8g (current time: 2025-06-28T22:45:25.897Z)
[2025-06-28T22:45:25.945Z] [INFO] Found 0 reports to execute in company_9jxwph8g
[2025-06-28T22:45:25.946Z] [INFO] Scheduled reports check completed
[2025-06-28T22:45:25.948Z] [DEBUG] MongoDB connection closed
[2025-06-28T22:45:55.226Z] [INFO] Checking for scheduled reports...
[2025-06-28T22:45:56.086Z] [DEBUG] Connected to MongoDB
[2025-06-28T22:45:56.145Z] [INFO] Found 1 company databases
[2025-06-28T22:45:56.145Z] [DEBUG] Processing company database: company_9jxwph8g
[2025-06-28T22:45:56.194Z] [DEBUG] Finding reports to execute in company_9jxwph8g (current time: 2025-06-28T22:45:56.194Z)
[2025-06-28T22:45:56.242Z] [INFO] Found 0 reports to execute in company_9jxwph8g
[2025-06-28T22:45:56.242Z] [INFO] Scheduled reports check completed
[2025-06-28T22:45:56.245Z] [DEBUG] MongoDB connection closed
[2025-06-28T22:46:25.226Z] [INFO] Checking for scheduled reports...
[2025-06-28T22:46:25.785Z] [DEBUG] Connected to MongoDB
[2025-06-28T22:46:25.844Z] [INFO] Found 1 company databases
[2025-06-28T22:46:25.845Z] [DEBUG] Processing company database: company_9jxwph8g
[2025-06-28T22:46:25.894Z] [DEBUG] Finding reports to execute in company_9jxwph8g (current time: 2025-06-28T22:46:25.894Z)
[2025-06-28T22:46:25.942Z] [INFO] Found 0 reports to execute in company_9jxwph8g
[2025-06-28T22:46:25.942Z] [INFO] Scheduled reports check completed
[2025-06-28T22:46:25.945Z] [DEBUG] MongoDB connection closed
[2025-06-28T22:46:55.226Z] [INFO] Checking for scheduled reports...
[2025-06-28T22:46:55.861Z] [DEBUG] Connected to MongoDB
[2025-06-28T22:46:55.922Z] [INFO] Found 1 company databases
[2025-06-28T22:46:55.923Z] [DEBUG] Processing company database: company_9jxwph8g
[2025-06-28T22:46:55.971Z] [DEBUG] Finding reports to execute in company_9jxwph8g (current time: 2025-06-28T22:46:55.971Z)
[2025-06-28T22:46:56.019Z] [INFO] Found 0 reports to execute in company_9jxwph8g
[2025-06-28T22:46:56.019Z] [INFO] Scheduled reports check completed
[2025-06-28T22:46:56.021Z] [DEBUG] MongoDB connection closed
[2025-06-28T22:47:25.226Z] [INFO] Checking for scheduled reports...
[2025-06-28T22:47:25.890Z] [DEBUG] Connected to MongoDB
[2025-06-28T22:47:25.950Z] [INFO] Found 1 company databases
[2025-06-28T22:47:25.951Z] [DEBUG] Processing company database: company_9jxwph8g
[2025-06-28T22:47:25.999Z] [DEBUG] Finding reports to execute in company_9jxwph8g (current time: 2025-06-28T22:47:25.999Z)
[2025-06-28T22:47:26.048Z] [INFO] Found 0 reports to execute in company_9jxwph8g
[2025-06-28T22:47:26.049Z] [INFO] Scheduled reports check completed
[2025-06-28T22:47:26.051Z] [DEBUG] MongoDB connection closed
[2025-06-28T22:47:55.229Z] [INFO] Checking for scheduled reports...
[2025-06-28T22:47:55.863Z] [DEBUG] Connected to MongoDB
[2025-06-28T22:47:55.921Z] [INFO] Found 1 company databases
[2025-06-28T22:47:55.922Z] [DEBUG] Processing company database: company_9jxwph8g
[2025-06-28T22:47:55.971Z] [DEBUG] Finding reports to execute in company_9jxwph8g (current time: 2025-06-28T22:47:55.971Z)
[2025-06-28T22:47:56.019Z] [INFO] Found 0 reports to execute in company_9jxwph8g
[2025-06-28T22:47:56.020Z] [INFO] Scheduled reports check completed
[2025-06-28T22:47:56.022Z] [DEBUG] MongoDB connection closed
[2025-06-28T22:48:25.230Z] [INFO] Checking for scheduled reports...
[2025-06-28T22:48:25.796Z] [DEBUG] Connected to MongoDB
[2025-06-28T22:48:25.855Z] [INFO] Found 1 company databases
[2025-06-28T22:48:25.856Z] [DEBUG] Processing company database: company_9jxwph8g
[2025-06-28T22:48:25.904Z] [DEBUG] Finding reports to execute in company_9jxwph8g (current time: 2025-06-28T22:48:25.904Z)
[2025-06-28T22:48:25.953Z] [INFO] Found 0 reports to execute in company_9jxwph8g
[2025-06-28T22:48:25.954Z] [INFO] Scheduled reports check completed
[2025-06-28T22:48:25.956Z] [DEBUG] MongoDB connection closed
[2025-06-28T22:48:55.231Z] [INFO] Checking for scheduled reports...
[2025-06-28T22:48:56.043Z] [DEBUG] Connected to MongoDB
[2025-06-28T22:48:56.102Z] [INFO] Found 1 company databases
[2025-06-28T22:48:56.102Z] [DEBUG] Processing company database: company_9jxwph8g
[2025-06-28T22:48:56.155Z] [DEBUG] Finding reports to execute in company_9jxwph8g (current time: 2025-06-28T22:48:56.155Z)
[2025-06-28T22:48:56.202Z] [INFO] Found 0 reports to execute in company_9jxwph8g
[2025-06-28T22:48:56.203Z] [INFO] Scheduled reports check completed
[2025-06-28T22:48:56.206Z] [DEBUG] MongoDB connection closed
[2025-06-28T22:49:25.232Z] [INFO] Checking for scheduled reports...
[2025-06-28T22:49:25.793Z] [DEBUG] Connected to MongoDB
[2025-06-28T22:49:25.854Z] [INFO] Found 1 company databases
[2025-06-28T22:49:25.855Z] [DEBUG] Processing company database: company_9jxwph8g
[2025-06-28T22:49:25.905Z] [DEBUG] Finding reports to execute in company_9jxwph8g (current time: 2025-06-28T22:49:25.905Z)
[2025-06-28T22:49:25.954Z] [INFO] Found 0 reports to execute in company_9jxwph8g
[2025-06-28T22:49:25.955Z] [INFO] Scheduled reports check completed
[2025-06-28T22:49:25.957Z] [DEBUG] MongoDB connection closed
[2025-06-28T22:49:55.233Z] [INFO] Checking for scheduled reports...
[2025-06-28T22:49:55.873Z] [DEBUG] Connected to MongoDB
[2025-06-28T22:49:55.934Z] [INFO] Found 1 company databases
[2025-06-28T22:49:55.934Z] [DEBUG] Processing company database: company_9jxwph8g
[2025-06-28T22:49:55.984Z] [DEBUG] Finding reports to execute in company_9jxwph8g (current time: 2025-06-28T22:49:55.984Z)
[2025-06-28T22:49:56.033Z] [INFO] Found 0 reports to execute in company_9jxwph8g
[2025-06-28T22:49:56.033Z] [INFO] Scheduled reports check completed
[2025-06-28T22:49:56.036Z] [DEBUG] MongoDB connection closed
[2025-06-28T22:50:25.234Z] [INFO] Checking for scheduled reports...
[2025-06-28T22:50:25.937Z] [DEBUG] Connected to MongoDB
[2025-06-28T22:50:25.999Z] [INFO] Found 1 company databases
[2025-06-28T22:50:25.999Z] [DEBUG] Processing company database: company_9jxwph8g
[2025-06-28T22:50:26.048Z] [DEBUG] Finding reports to execute in company_9jxwph8g (current time: 2025-06-28T22:50:26.048Z)
[2025-06-28T22:50:26.095Z] [INFO] Found 0 reports to execute in company_9jxwph8g
[2025-06-28T22:50:26.095Z] [INFO] Scheduled reports check completed
[2025-06-28T22:50:26.098Z] [DEBUG] MongoDB connection closed
[2025-06-28T22:50:55.235Z] [INFO] Checking for scheduled reports...
[2025-06-28T22:50:55.870Z] [DEBUG] Connected to MongoDB
[2025-06-28T22:50:55.929Z] [INFO] Found 1 company databases
[2025-06-28T22:50:55.930Z] [DEBUG] Processing company database: company_9jxwph8g
[2025-06-28T22:50:55.978Z] [DEBUG] Finding reports to execute in company_9jxwph8g (current time: 2025-06-28T22:50:55.978Z)
[2025-06-28T22:50:56.025Z] [INFO] Found 0 reports to execute in company_9jxwph8g
[2025-06-28T22:50:56.026Z] [INFO] Scheduled reports check completed
[2025-06-28T22:50:56.028Z] [DEBUG] MongoDB connection closed
[2025-06-28T22:51:25.237Z] [INFO] Checking for scheduled reports...
[2025-06-28T22:51:25.797Z] [DEBUG] Connected to MongoDB
[2025-06-28T22:51:25.856Z] [INFO] Found 1 company databases
[2025-06-28T22:51:25.856Z] [DEBUG] Processing company database: company_9jxwph8g
[2025-06-28T22:51:25.905Z] [DEBUG] Finding reports to execute in company_9jxwph8g (current time: 2025-06-28T22:51:25.905Z)
[2025-06-28T22:51:25.954Z] [INFO] Found 0 reports to execute in company_9jxwph8g
[2025-06-28T22:51:25.954Z] [INFO] Scheduled reports check completed
[2025-06-28T22:51:25.957Z] [DEBUG] MongoDB connection closed
[2025-06-28T22:51:55.238Z] [INFO] Checking for scheduled reports...
[2025-06-28T22:51:56.060Z] [DEBUG] Connected to MongoDB
[2025-06-28T22:51:56.122Z] [INFO] Found 1 company databases
[2025-06-28T22:51:56.122Z] [DEBUG] Processing company database: company_9jxwph8g
[2025-06-28T22:51:56.172Z] [DEBUG] Finding reports to execute in company_9jxwph8g (current time: 2025-06-28T22:51:56.172Z)
[2025-06-28T22:51:56.220Z] [INFO] Found 0 reports to execute in company_9jxwph8g
[2025-06-28T22:51:56.220Z] [INFO] Scheduled reports check completed
[2025-06-28T22:51:56.223Z] [DEBUG] MongoDB connection closed
[2025-06-28T22:52:25.239Z] [INFO] Checking for scheduled reports...
[2025-06-28T22:52:25.811Z] [DEBUG] Connected to MongoDB
[2025-06-28T22:52:25.870Z] [INFO] Found 1 company databases
[2025-06-28T22:52:25.871Z] [DEBUG] Processing company database: company_9jxwph8g
[2025-06-28T22:52:25.919Z] [DEBUG] Finding reports to execute in company_9jxwph8g (current time: 2025-06-28T22:52:25.919Z)
[2025-06-28T22:52:25.967Z] [INFO] Found 0 reports to execute in company_9jxwph8g
[2025-06-28T22:52:25.968Z] [INFO] Scheduled reports check completed
[2025-06-28T22:52:25.970Z] [DEBUG] MongoDB connection closed
[2025-06-28T22:52:55.241Z] [INFO] Checking for scheduled reports...
[2025-06-28T22:52:55.881Z] [DEBUG] Connected to MongoDB
[2025-06-28T22:52:55.940Z] [INFO] Found 1 company databases
[2025-06-28T22:52:55.941Z] [DEBUG] Processing company database: company_9jxwph8g
[2025-06-28T22:52:55.989Z] [DEBUG] Finding reports to execute in company_9jxwph8g (current time: 2025-06-28T22:52:55.989Z)
[2025-06-28T22:52:56.037Z] [INFO] Found 0 reports to execute in company_9jxwph8g
[2025-06-28T22:52:56.038Z] [INFO] Scheduled reports check completed
[2025-06-28T22:52:56.041Z] [DEBUG] MongoDB connection closed
[2025-06-28T22:53:25.241Z] [INFO] Checking for scheduled reports...
[2025-06-28T22:53:26.010Z] [DEBUG] Connected to MongoDB
[2025-06-28T22:53:26.069Z] [INFO] Found 1 company databases
[2025-06-28T22:53:26.070Z] [DEBUG] Processing company database: company_9jxwph8g
[2025-06-28T22:53:26.119Z] [DEBUG] Finding reports to execute in company_9jxwph8g (current time: 2025-06-28T22:53:26.119Z)
[2025-06-28T22:53:26.167Z] [INFO] Found 0 reports to execute in company_9jxwph8g
[2025-06-28T22:53:26.168Z] [INFO] Scheduled reports check completed
[2025-06-28T22:53:26.170Z] [DEBUG] MongoDB connection closed
[2025-06-28T22:53:55.240Z] [INFO] Checking for scheduled reports...
[2025-06-28T22:53:55.875Z] [DEBUG] Connected to MongoDB
[2025-06-28T22:53:55.934Z] [INFO] Found 1 company databases
[2025-06-28T22:53:55.934Z] [DEBUG] Processing company database: company_9jxwph8g
[2025-06-28T22:53:55.983Z] [DEBUG] Finding reports to execute in company_9jxwph8g (current time: 2025-06-28T22:53:55.983Z)
[2025-06-28T22:53:56.032Z] [INFO] Found 0 reports to execute in company_9jxwph8g
[2025-06-28T22:53:56.032Z] [INFO] Scheduled reports check completed
[2025-06-28T22:53:56.035Z] [DEBUG] MongoDB connection closed
[2025-06-28T22:54:25.242Z] [INFO] Checking for scheduled reports...
[2025-06-28T22:54:25.801Z] [DEBUG] Connected to MongoDB
[2025-06-28T22:54:25.861Z] [INFO] Found 1 company databases
[2025-06-28T22:54:25.862Z] [DEBUG] Processing company database: company_9jxwph8g
[2025-06-28T22:54:25.911Z] [DEBUG] Finding reports to execute in company_9jxwph8g (current time: 2025-06-28T22:54:25.911Z)
[2025-06-28T22:54:25.959Z] [INFO] Found 0 reports to execute in company_9jxwph8g
[2025-06-28T22:54:25.960Z] [INFO] Scheduled reports check completed
[2025-06-28T22:54:25.962Z] [DEBUG] MongoDB connection closed
[2025-06-28T22:54:55.244Z] [INFO] Checking for scheduled reports...
[2025-06-28T22:54:56.074Z] [DEBUG] Connected to MongoDB
[2025-06-28T22:54:56.133Z] [INFO] Found 1 company databases
[2025-06-28T22:54:56.133Z] [DEBUG] Processing company database: company_9jxwph8g
[2025-06-28T22:54:56.182Z] [DEBUG] Finding reports to execute in company_9jxwph8g (current time: 2025-06-28T22:54:56.182Z)
[2025-06-28T22:54:56.232Z] [INFO] Found 0 reports to execute in company_9jxwph8g
[2025-06-28T22:54:56.232Z] [INFO] Scheduled reports check completed
[2025-06-28T22:54:56.235Z] [DEBUG] MongoDB connection closed
[2025-06-28T22:55:25.246Z] [INFO] Checking for scheduled reports...
[2025-06-28T22:55:25.796Z] [DEBUG] Connected to MongoDB
[2025-06-28T22:55:25.856Z] [INFO] Found 1 company databases
[2025-06-28T22:55:25.857Z] [DEBUG] Processing company database: company_9jxwph8g
[2025-06-28T22:55:25.906Z] [DEBUG] Finding reports to execute in company_9jxwph8g (current time: 2025-06-28T22:55:25.906Z)
[2025-06-28T22:55:25.955Z] [INFO] Found 0 reports to execute in company_9jxwph8g
[2025-06-28T22:55:25.955Z] [INFO] Scheduled reports check completed
[2025-06-28T22:55:25.957Z] [DEBUG] MongoDB connection closed
[2025-06-28T22:55:55.245Z] [INFO] Checking for scheduled reports...
[2025-06-28T22:55:55.904Z] [DEBUG] Connected to MongoDB
[2025-06-28T22:55:55.963Z] [INFO] Found 1 company databases
[2025-06-28T22:55:55.964Z] [DEBUG] Processing company database: company_9jxwph8g
[2025-06-28T22:55:56.013Z] [DEBUG] Finding reports to execute in company_9jxwph8g (current time: 2025-06-28T22:55:56.013Z)
[2025-06-28T22:55:56.062Z] [INFO] Found 0 reports to execute in company_9jxwph8g
[2025-06-28T22:55:56.063Z] [INFO] Scheduled reports check completed
[2025-06-28T22:55:56.067Z] [DEBUG] MongoDB connection closed
[2025-06-28T22:56:25.246Z] [INFO] Checking for scheduled reports...
[2025-06-28T22:56:26.074Z] [DEBUG] Connected to MongoDB
[2025-06-28T22:56:26.134Z] [INFO] Found 1 company databases
[2025-06-28T22:56:26.135Z] [DEBUG] Processing company database: company_9jxwph8g
[2025-06-28T22:56:26.184Z] [DEBUG] Finding reports to execute in company_9jxwph8g (current time: 2025-06-28T22:56:26.184Z)
[2025-06-28T22:56:26.230Z] [INFO] Found 0 reports to execute in company_9jxwph8g
[2025-06-28T22:56:26.231Z] [INFO] Scheduled reports check completed
[2025-06-28T22:56:26.232Z] [DEBUG] MongoDB connection closed
[2025-06-28T22:56:55.248Z] [INFO] Checking for scheduled reports...
[2025-06-28T22:56:55.897Z] [DEBUG] Connected to MongoDB
[2025-06-28T22:56:55.960Z] [INFO] Found 1 company databases
[2025-06-28T22:56:55.961Z] [DEBUG] Processing company database: company_9jxwph8g
[2025-06-28T22:56:56.009Z] [DEBUG] Finding reports to execute in company_9jxwph8g (current time: 2025-06-28T22:56:56.009Z)
[2025-06-28T22:56:56.056Z] [INFO] Found 0 reports to execute in company_9jxwph8g
[2025-06-28T22:56:56.059Z] [INFO] Scheduled reports check completed
[2025-06-28T22:56:56.061Z] [DEBUG] MongoDB connection closed
[2025-06-28T22:57:25.249Z] [INFO] Checking for scheduled reports...
[2025-06-28T22:57:25.821Z] [DEBUG] Connected to MongoDB
[2025-06-28T22:57:25.879Z] [INFO] Found 1 company databases
[2025-06-28T22:57:25.880Z] [DEBUG] Processing company database: company_9jxwph8g
[2025-06-28T22:57:25.928Z] [DEBUG] Finding reports to execute in company_9jxwph8g (current time: 2025-06-28T22:57:25.928Z)
[2025-06-28T22:57:25.977Z] [INFO] Found 0 reports to execute in company_9jxwph8g
[2025-06-28T22:57:25.977Z] [INFO] Scheduled reports check completed
[2025-06-28T22:57:25.980Z] [DEBUG] MongoDB connection closed
[2025-06-28T22:57:55.251Z] [INFO] Checking for scheduled reports...
[2025-06-28T22:57:56.041Z] [DEBUG] Connected to MongoDB
[2025-06-28T22:57:56.100Z] [INFO] Found 1 company databases
[2025-06-28T22:57:56.100Z] [DEBUG] Processing company database: company_9jxwph8g
[2025-06-28T22:57:56.147Z] [DEBUG] Finding reports to execute in company_9jxwph8g (current time: 2025-06-28T22:57:56.147Z)
[2025-06-28T22:57:56.194Z] [INFO] Found 0 reports to execute in company_9jxwph8g
[2025-06-28T22:57:56.194Z] [INFO] Scheduled reports check completed
[2025-06-28T22:57:56.195Z] [DEBUG] MongoDB connection closed
[2025-06-28T22:58:25.252Z] [INFO] Checking for scheduled reports...
[2025-06-28T22:58:25.854Z] [DEBUG] Connected to MongoDB
[2025-06-28T22:58:25.939Z] [INFO] Found 1 company databases
[2025-06-28T22:58:25.940Z] [DEBUG] Processing company database: company_9jxwph8g
[2025-06-28T22:58:25.987Z] [DEBUG] Finding reports to execute in company_9jxwph8g (current time: 2025-06-28T22:58:25.987Z)
[2025-06-28T22:58:26.033Z] [INFO] Found 0 reports to execute in company_9jxwph8g
[2025-06-28T22:58:26.033Z] [INFO] Scheduled reports check completed
[2025-06-28T22:58:26.034Z] [DEBUG] MongoDB connection closed
[2025-06-28T22:58:55.253Z] [INFO] Checking for scheduled reports...
[2025-06-28T22:58:55.922Z] [DEBUG] Connected to MongoDB
[2025-06-28T22:58:55.981Z] [INFO] Found 1 company databases
[2025-06-28T22:58:55.982Z] [DEBUG] Processing company database: company_9jxwph8g
[2025-06-28T22:58:56.044Z] [DEBUG] Finding reports to execute in company_9jxwph8g (current time: 2025-06-28T22:58:56.044Z)
[2025-06-28T22:58:56.093Z] [INFO] Found 0 reports to execute in company_9jxwph8g
[2025-06-28T22:58:56.093Z] [INFO] Scheduled reports check completed
[2025-06-28T22:58:56.096Z] [DEBUG] MongoDB connection closed
[2025-06-28T22:59:25.254Z] [INFO] Checking for scheduled reports...
[2025-06-28T22:59:25.810Z] [DEBUG] Connected to MongoDB
[2025-06-28T22:59:25.870Z] [INFO] Found 1 company databases
[2025-06-28T22:59:25.871Z] [DEBUG] Processing company database: company_9jxwph8g
[2025-06-28T22:59:25.918Z] [DEBUG] Finding reports to execute in company_9jxwph8g (current time: 2025-06-28T22:59:25.918Z)
[2025-06-28T22:59:25.974Z] [INFO] Found 0 reports to execute in company_9jxwph8g
[2025-06-28T22:59:25.975Z] [INFO] Scheduled reports check completed
[2025-06-28T22:59:25.978Z] [DEBUG] MongoDB connection closed
[2025-06-28T22:59:55.256Z] [INFO] Checking for scheduled reports...
[2025-06-28T22:59:55.955Z] [DEBUG] Connected to MongoDB
[2025-06-28T22:59:56.018Z] [INFO] Found 1 company databases
[2025-06-28T22:59:56.019Z] [DEBUG] Processing company database: company_9jxwph8g
[2025-06-28T22:59:56.068Z] [DEBUG] Finding reports to execute in company_9jxwph8g (current time: 2025-06-28T22:59:56.068Z)
[2025-06-28T22:59:56.115Z] [INFO] Found 0 reports to execute in company_9jxwph8g
[2025-06-28T22:59:56.116Z] [INFO] Scheduled reports check completed
[2025-06-28T22:59:56.118Z] [DEBUG] MongoDB connection closed
[2025-06-28T23:00:25.258Z] [INFO] Checking for scheduled reports...
[2025-06-28T23:00:25.839Z] [DEBUG] Connected to MongoDB
[2025-06-28T23:00:25.899Z] [INFO] Found 1 company databases
[2025-06-28T23:00:25.900Z] [DEBUG] Processing company database: company_9jxwph8g
[2025-06-28T23:00:25.947Z] [DEBUG] Finding reports to execute in company_9jxwph8g (current time: 2025-06-28T23:00:25.947Z)
[2025-06-28T23:00:25.994Z] [INFO] Found 0 reports to execute in company_9jxwph8g
[2025-06-28T23:00:25.995Z] [INFO] Scheduled reports check completed
[2025-06-28T23:00:25.997Z] [DEBUG] MongoDB connection closed
[2025-06-28T23:00:55.260Z] [INFO] Checking for scheduled reports...
[2025-06-28T23:00:56.141Z] [DEBUG] Connected to MongoDB
[2025-06-28T23:00:56.200Z] [INFO] Found 1 company databases
[2025-06-28T23:00:56.201Z] [DEBUG] Processing company database: company_9jxwph8g
[2025-06-28T23:00:56.249Z] [DEBUG] Finding reports to execute in company_9jxwph8g (current time: 2025-06-28T23:00:56.249Z)
[2025-06-28T23:00:56.296Z] [INFO] Found 0 reports to execute in company_9jxwph8g
[2025-06-28T23:00:56.296Z] [INFO] Scheduled reports check completed
[2025-06-28T23:00:56.299Z] [DEBUG] MongoDB connection closed
[2025-06-28T23:01:25.266Z] [INFO] Checking for scheduled reports...
[2025-06-28T23:01:25.862Z] [DEBUG] Connected to MongoDB
[2025-06-28T23:01:25.920Z] [INFO] Found 1 company databases
[2025-06-28T23:01:25.921Z] [DEBUG] Processing company database: company_9jxwph8g
[2025-06-28T23:01:25.968Z] [DEBUG] Finding reports to execute in company_9jxwph8g (current time: 2025-06-28T23:01:25.968Z)
[2025-06-28T23:01:26.018Z] [INFO] Found 0 reports to execute in company_9jxwph8g
[2025-06-28T23:01:26.019Z] [INFO] Scheduled reports check completed
[2025-06-28T23:01:26.023Z] [DEBUG] MongoDB connection closed
[2025-06-28T23:01:55.267Z] [INFO] Checking for scheduled reports...
[2025-06-28T23:01:55.890Z] [DEBUG] Connected to MongoDB
[2025-06-28T23:01:55.947Z] [INFO] Found 1 company databases
[2025-06-28T23:01:55.948Z] [DEBUG] Processing company database: company_9jxwph8g
[2025-06-28T23:01:55.996Z] [DEBUG] Finding reports to execute in company_9jxwph8g (current time: 2025-06-28T23:01:55.996Z)
[2025-06-28T23:01:56.043Z] [INFO] Found 0 reports to execute in company_9jxwph8g
[2025-06-28T23:01:56.044Z] [INFO] Scheduled reports check completed
[2025-06-28T23:01:56.045Z] [DEBUG] MongoDB connection closed
[2025-06-28T23:02:25.267Z] [INFO] Checking for scheduled reports...
[2025-06-28T23:02:25.934Z] [DEBUG] Connected to MongoDB
[2025-06-28T23:02:25.993Z] [INFO] Found 1 company databases
[2025-06-28T23:02:25.994Z] [DEBUG] Processing company database: company_9jxwph8g
[2025-06-28T23:02:26.048Z] [DEBUG] Finding reports to execute in company_9jxwph8g (current time: 2025-06-28T23:02:26.048Z)
[2025-06-28T23:02:26.095Z] [INFO] Found 0 reports to execute in company_9jxwph8g
[2025-06-28T23:02:26.096Z] [INFO] Scheduled reports check completed
[2025-06-28T23:02:26.098Z] [DEBUG] MongoDB connection closed
[2025-06-28T23:02:55.268Z] [INFO] Checking for scheduled reports...
[2025-06-28T23:02:55.931Z] [DEBUG] Connected to MongoDB
[2025-06-28T23:02:55.989Z] [INFO] Found 1 company databases
[2025-06-28T23:02:55.990Z] [DEBUG] Processing company database: company_9jxwph8g
[2025-06-28T23:02:56.037Z] [DEBUG] Finding reports to execute in company_9jxwph8g (current time: 2025-06-28T23:02:56.037Z)
[2025-06-28T23:02:56.086Z] [INFO] Found 0 reports to execute in company_9jxwph8g
[2025-06-28T23:02:56.087Z] [INFO] Scheduled reports check completed
[2025-06-28T23:02:56.089Z] [DEBUG] MongoDB connection closed
[2025-06-28T23:03:25.269Z] [INFO] Checking for scheduled reports...
[2025-06-28T23:03:26.021Z] [DEBUG] Connected to MongoDB
[2025-06-28T23:03:26.078Z] [INFO] Found 1 company databases
[2025-06-28T23:03:26.079Z] [DEBUG] Processing company database: company_9jxwph8g
[2025-06-28T23:03:26.127Z] [DEBUG] Finding reports to execute in company_9jxwph8g (current time: 2025-06-28T23:03:26.127Z)
[2025-06-28T23:03:26.175Z] [INFO] Found 0 reports to execute in company_9jxwph8g
[2025-06-28T23:03:26.176Z] [INFO] Scheduled reports check completed
[2025-06-28T23:03:26.178Z] [DEBUG] MongoDB connection closed
[2025-06-28T23:03:55.269Z] [INFO] Checking for scheduled reports...
[2025-06-28T23:03:56.083Z] [DEBUG] Connected to MongoDB
[2025-06-28T23:03:56.141Z] [INFO] Found 1 company databases
[2025-06-28T23:03:56.141Z] [DEBUG] Processing company database: company_9jxwph8g
[2025-06-28T23:03:56.188Z] [DEBUG] Finding reports to execute in company_9jxwph8g (current time: 2025-06-28T23:03:56.188Z)
[2025-06-28T23:03:56.236Z] [INFO] Found 0 reports to execute in company_9jxwph8g
[2025-06-28T23:03:56.238Z] [INFO] Scheduled reports check completed
[2025-06-28T23:03:56.240Z] [DEBUG] MongoDB connection closed
[2025-06-28T23:04:25.269Z] [INFO] Checking for scheduled reports...
[2025-06-28T23:04:25.832Z] [DEBUG] Connected to MongoDB
[2025-06-28T23:04:25.891Z] [INFO] Found 1 company databases
[2025-06-28T23:04:25.891Z] [DEBUG] Processing company database: company_9jxwph8g
[2025-06-28T23:04:25.941Z] [DEBUG] Finding reports to execute in company_9jxwph8g (current time: 2025-06-28T23:04:25.941Z)
[2025-06-28T23:04:25.989Z] [INFO] Found 0 reports to execute in company_9jxwph8g
[2025-06-28T23:04:25.990Z] [INFO] Scheduled reports check completed
[2025-06-28T23:04:25.992Z] [DEBUG] MongoDB connection closed
[2025-06-28T23:04:55.270Z] [INFO] Checking for scheduled reports...
[2025-06-28T23:04:55.960Z] [DEBUG] Connected to MongoDB
[2025-06-28T23:04:56.022Z] [INFO] Found 1 company databases
[2025-06-28T23:04:56.023Z] [DEBUG] Processing company database: company_9jxwph8g
[2025-06-28T23:04:56.073Z] [DEBUG] Finding reports to execute in company_9jxwph8g (current time: 2025-06-28T23:04:56.073Z)
[2025-06-28T23:04:56.121Z] [INFO] Found 0 reports to execute in company_9jxwph8g
[2025-06-28T23:04:56.121Z] [INFO] Scheduled reports check completed
[2025-06-28T23:04:56.122Z] [DEBUG] MongoDB connection closed
[2025-06-28T23:05:25.271Z] [INFO] Checking for scheduled reports...
[2025-06-28T23:05:25.969Z] [DEBUG] Connected to MongoDB
[2025-06-28T23:05:26.029Z] [INFO] Found 1 company databases
[2025-06-28T23:05:26.030Z] [DEBUG] Processing company database: company_9jxwph8g
[2025-06-28T23:05:26.079Z] [DEBUG] Finding reports to execute in company_9jxwph8g (current time: 2025-06-28T23:05:26.079Z)
[2025-06-28T23:05:26.129Z] [INFO] Found 0 reports to execute in company_9jxwph8g
[2025-06-28T23:05:26.130Z] [INFO] Scheduled reports check completed
[2025-06-28T23:05:26.132Z] [DEBUG] MongoDB connection closed
[2025-06-28T23:05:55.272Z] [INFO] Checking for scheduled reports...
[2025-06-28T23:05:56.000Z] [DEBUG] Connected to MongoDB
[2025-06-28T23:05:56.059Z] [INFO] Found 1 company databases
[2025-06-28T23:05:56.060Z] [DEBUG] Processing company database: company_9jxwph8g
[2025-06-28T23:05:56.109Z] [DEBUG] Finding reports to execute in company_9jxwph8g (current time: 2025-06-28T23:05:56.109Z)
[2025-06-28T23:05:56.156Z] [INFO] Found 0 reports to execute in company_9jxwph8g
[2025-06-28T23:05:56.157Z] [INFO] Scheduled reports check completed
[2025-06-28T23:05:56.159Z] [DEBUG] MongoDB connection closed
[2025-06-28T23:06:25.273Z] [INFO] Checking for scheduled reports...
[2025-06-28T23:06:25.882Z] [DEBUG] Connected to MongoDB
[2025-06-28T23:06:25.941Z] [INFO] Found 1 company databases
[2025-06-28T23:06:25.942Z] [DEBUG] Processing company database: company_9jxwph8g
[2025-06-28T23:06:25.990Z] [DEBUG] Finding reports to execute in company_9jxwph8g (current time: 2025-06-28T23:06:25.990Z)
[2025-06-28T23:06:26.039Z] [INFO] Found 0 reports to execute in company_9jxwph8g
[2025-06-28T23:06:26.039Z] [INFO] Scheduled reports check completed
[2025-06-28T23:06:26.041Z] [DEBUG] MongoDB connection closed
[2025-06-28T23:06:55.273Z] [INFO] Checking for scheduled reports...
[2025-06-28T23:06:56.019Z] [DEBUG] Connected to MongoDB
[2025-06-28T23:06:56.079Z] [INFO] Found 1 company databases
[2025-06-28T23:06:56.080Z] [DEBUG] Processing company database: company_9jxwph8g
[2025-06-28T23:06:56.127Z] [DEBUG] Finding reports to execute in company_9jxwph8g (current time: 2025-06-28T23:06:56.127Z)
[2025-06-28T23:06:56.175Z] [INFO] Found 0 reports to execute in company_9jxwph8g
[2025-06-28T23:06:56.175Z] [INFO] Scheduled reports check completed
[2025-06-28T23:06:56.177Z] [DEBUG] MongoDB connection closed
[2025-06-28T23:07:25.275Z] [INFO] Checking for scheduled reports...
[2025-06-28T23:07:25.896Z] [DEBUG] Connected to MongoDB
[2025-06-28T23:07:25.955Z] [INFO] Found 1 company databases
[2025-06-28T23:07:25.956Z] [DEBUG] Processing company database: company_9jxwph8g
[2025-06-28T23:07:26.004Z] [DEBUG] Finding reports to execute in company_9jxwph8g (current time: 2025-06-28T23:07:26.004Z)
[2025-06-28T23:07:26.051Z] [INFO] Found 0 reports to execute in company_9jxwph8g
[2025-06-28T23:07:26.052Z] [INFO] Scheduled reports check completed
[2025-06-28T23:07:26.053Z] [DEBUG] MongoDB connection closed
[2025-06-28T23:07:55.275Z] [INFO] Checking for scheduled reports...
[2025-06-28T23:07:55.906Z] [DEBUG] Connected to MongoDB
[2025-06-28T23:07:55.966Z] [INFO] Found 1 company databases
[2025-06-28T23:07:55.966Z] [DEBUG] Processing company database: company_9jxwph8g
[2025-06-28T23:07:56.015Z] [DEBUG] Finding reports to execute in company_9jxwph8g (current time: 2025-06-28T23:07:56.015Z)
[2025-06-28T23:07:56.063Z] [INFO] Found 0 reports to execute in company_9jxwph8g
[2025-06-28T23:07:56.064Z] [INFO] Scheduled reports check completed
[2025-06-28T23:07:56.065Z] [DEBUG] MongoDB connection closed
[2025-06-28T23:08:25.276Z] [INFO] Checking for scheduled reports...
[2025-06-28T23:08:25.993Z] [DEBUG] Connected to MongoDB
[2025-06-28T23:08:26.052Z] [INFO] Found 1 company databases
[2025-06-28T23:08:26.052Z] [DEBUG] Processing company database: company_9jxwph8g
[2025-06-28T23:08:26.102Z] [DEBUG] Finding reports to execute in company_9jxwph8g (current time: 2025-06-28T23:08:26.102Z)
[2025-06-28T23:08:26.149Z] [INFO] Found 0 reports to execute in company_9jxwph8g
[2025-06-28T23:08:26.150Z] [INFO] Scheduled reports check completed
[2025-06-28T23:08:26.152Z] [DEBUG] MongoDB connection closed
[2025-06-28T23:08:55.277Z] [INFO] Checking for scheduled reports...
[2025-06-28T23:08:55.915Z] [DEBUG] Connected to MongoDB
[2025-06-28T23:08:55.974Z] [INFO] Found 1 company databases
[2025-06-28T23:08:55.974Z] [DEBUG] Processing company database: company_9jxwph8g
[2025-06-28T23:08:56.022Z] [DEBUG] Finding reports to execute in company_9jxwph8g (current time: 2025-06-28T23:08:56.022Z)
[2025-06-28T23:08:56.070Z] [INFO] Found 0 reports to execute in company_9jxwph8g
[2025-06-28T23:08:56.071Z] [INFO] Scheduled reports check completed
[2025-06-28T23:08:56.073Z] [DEBUG] MongoDB connection closed
[2025-06-28T23:09:25.277Z] [INFO] Checking for scheduled reports...
[2025-06-28T23:09:25.901Z] [DEBUG] Connected to MongoDB
[2025-06-28T23:09:25.960Z] [INFO] Found 1 company databases
[2025-06-28T23:09:25.961Z] [DEBUG] Processing company database: company_9jxwph8g
[2025-06-28T23:09:26.009Z] [DEBUG] Finding reports to execute in company_9jxwph8g (current time: 2025-06-28T23:09:26.009Z)
[2025-06-28T23:09:26.056Z] [INFO] Found 0 reports to execute in company_9jxwph8g
[2025-06-28T23:09:26.057Z] [INFO] Scheduled reports check completed
[2025-06-28T23:09:26.059Z] [DEBUG] MongoDB connection closed
[2025-06-28T23:09:55.278Z] [INFO] Checking for scheduled reports...
[2025-06-28T23:09:56.109Z] [DEBUG] Connected to MongoDB
[2025-06-28T23:09:56.168Z] [INFO] Found 1 company databases
[2025-06-28T23:09:56.168Z] [DEBUG] Processing company database: company_9jxwph8g
[2025-06-28T23:09:56.217Z] [DEBUG] Finding reports to execute in company_9jxwph8g (current time: 2025-06-28T23:09:56.217Z)
[2025-06-28T23:09:56.266Z] [INFO] Found 0 reports to execute in company_9jxwph8g
[2025-06-28T23:09:56.267Z] [INFO] Scheduled reports check completed
[2025-06-28T23:09:56.269Z] [DEBUG] MongoDB connection closed
[2025-06-28T23:10:25.278Z] [INFO] Checking for scheduled reports...
[2025-06-28T23:10:25.826Z] [DEBUG] Connected to MongoDB
[2025-06-28T23:10:25.937Z] [INFO] Found 1 company databases
[2025-06-28T23:10:25.938Z] [DEBUG] Processing company database: company_9jxwph8g
[2025-06-28T23:10:25.989Z] [DEBUG] Finding reports to execute in company_9jxwph8g (current time: 2025-06-28T23:10:25.989Z)
[2025-06-28T23:10:26.035Z] [INFO] Found 0 reports to execute in company_9jxwph8g
[2025-06-28T23:10:26.036Z] [INFO] Scheduled reports check completed
[2025-06-28T23:10:26.036Z] [DEBUG] MongoDB connection closed
[2025-06-28T23:10:55.280Z] [INFO] Checking for scheduled reports...
[2025-06-28T23:10:55.934Z] [DEBUG] Connected to MongoDB
[2025-06-28T23:10:55.994Z] [INFO] Found 1 company databases
[2025-06-28T23:10:55.994Z] [DEBUG] Processing company database: company_9jxwph8g
[2025-06-28T23:10:56.043Z] [DEBUG] Finding reports to execute in company_9jxwph8g (current time: 2025-06-28T23:10:56.043Z)
[2025-06-28T23:10:56.092Z] [INFO] Found 0 reports to execute in company_9jxwph8g
[2025-06-28T23:10:56.092Z] [INFO] Scheduled reports check completed
[2025-06-28T23:10:56.094Z] [DEBUG] MongoDB connection closed
[2025-06-28T23:11:25.280Z] [INFO] Checking for scheduled reports...
[2025-06-28T23:11:25.866Z] [DEBUG] Connected to MongoDB
[2025-06-28T23:11:25.995Z] [INFO] Found 1 company databases
[2025-06-28T23:11:25.995Z] [DEBUG] Processing company database: company_9jxwph8g
[2025-06-28T23:11:26.044Z] [DEBUG] Finding reports to execute in company_9jxwph8g (current time: 2025-06-28T23:11:26.044Z)
[2025-06-28T23:11:26.092Z] [INFO] Found 0 reports to execute in company_9jxwph8g
[2025-06-28T23:11:26.093Z] [INFO] Scheduled reports check completed
[2025-06-28T23:11:26.096Z] [DEBUG] MongoDB connection closed
[2025-06-28T23:11:55.280Z] [INFO] Checking for scheduled reports...
[2025-06-28T23:11:55.984Z] [DEBUG] Connected to MongoDB
[2025-06-28T23:11:56.046Z] [INFO] Found 1 company databases
[2025-06-28T23:11:56.047Z] [DEBUG] Processing company database: company_9jxwph8g
[2025-06-28T23:11:56.098Z] [DEBUG] Finding reports to execute in company_9jxwph8g (current time: 2025-06-28T23:11:56.098Z)
[2025-06-28T23:11:56.146Z] [INFO] Found 0 reports to execute in company_9jxwph8g
[2025-06-28T23:11:56.146Z] [INFO] Scheduled reports check completed
[2025-06-28T23:11:56.148Z] [DEBUG] MongoDB connection closed
[2025-06-28T23:12:25.282Z] [INFO] Checking for scheduled reports...
[2025-06-28T23:12:25.847Z] [DEBUG] Connected to MongoDB
[2025-06-28T23:12:25.908Z] [INFO] Found 1 company databases
[2025-06-28T23:12:25.908Z] [DEBUG] Processing company database: company_9jxwph8g
[2025-06-28T23:12:25.957Z] [DEBUG] Finding reports to execute in company_9jxwph8g (current time: 2025-06-28T23:12:25.957Z)
[2025-06-28T23:12:26.005Z] [INFO] Found 0 reports to execute in company_9jxwph8g
[2025-06-28T23:12:26.005Z] [INFO] Scheduled reports check completed
[2025-06-28T23:12:26.006Z] [DEBUG] MongoDB connection closed
[2025-06-28T23:12:55.283Z] [INFO] Checking for scheduled reports...
[2025-06-28T23:12:56.040Z] [DEBUG] Connected to MongoDB
[2025-06-28T23:12:56.101Z] [INFO] Found 1 company databases
[2025-06-28T23:12:56.101Z] [DEBUG] Processing company database: company_9jxwph8g
[2025-06-28T23:12:56.149Z] [DEBUG] Finding reports to execute in company_9jxwph8g (current time: 2025-06-28T23:12:56.149Z)
[2025-06-28T23:12:56.197Z] [INFO] Found 0 reports to execute in company_9jxwph8g
[2025-06-28T23:12:56.198Z] [INFO] Scheduled reports check completed
[2025-06-28T23:12:56.201Z] [DEBUG] MongoDB connection closed
[2025-06-28T23:13:25.290Z] [INFO] Checking for scheduled reports...
[2025-06-28T23:13:25.943Z] [DEBUG] Connected to MongoDB
[2025-06-28T23:13:26.006Z] [INFO] Found 1 company databases
[2025-06-28T23:13:26.007Z] [DEBUG] Processing company database: company_9jxwph8g
[2025-06-28T23:13:26.122Z] [DEBUG] Finding reports to execute in company_9jxwph8g (current time: 2025-06-28T23:13:26.122Z)
[2025-06-28T23:13:26.170Z] [INFO] Found 0 reports to execute in company_9jxwph8g
[2025-06-28T23:13:26.171Z] [INFO] Scheduled reports check completed
[2025-06-28T23:13:26.175Z] [DEBUG] MongoDB connection closed
[2025-06-28T23:13:55.290Z] [INFO] Checking for scheduled reports...
[2025-06-28T23:13:55.951Z] [DEBUG] Connected to MongoDB
[2025-06-28T23:13:56.010Z] [INFO] Found 1 company databases
[2025-06-28T23:13:56.011Z] [DEBUG] Processing company database: company_9jxwph8g
[2025-06-28T23:13:56.060Z] [DEBUG] Finding reports to execute in company_9jxwph8g (current time: 2025-06-28T23:13:56.060Z)
[2025-06-28T23:13:56.112Z] [INFO] Found 0 reports to execute in company_9jxwph8g
[2025-06-28T23:13:56.113Z] [INFO] Scheduled reports check completed
[2025-06-28T23:13:56.121Z] [DEBUG] MongoDB connection closed
[2025-06-28T23:14:25.328Z] [INFO] Checking for scheduled reports...
[2025-06-28T23:14:26.014Z] [DEBUG] Connected to MongoDB
[2025-06-28T23:14:26.074Z] [INFO] Found 1 company databases
[2025-06-28T23:14:26.074Z] [DEBUG] Processing company database: company_9jxwph8g
[2025-06-28T23:14:26.123Z] [DEBUG] Finding reports to execute in company_9jxwph8g (current time: 2025-06-28T23:14:26.123Z)
[2025-06-28T23:14:26.176Z] [INFO] Found 0 reports to execute in company_9jxwph8g
[2025-06-28T23:14:26.177Z] [INFO] Scheduled reports check completed
[2025-06-28T23:14:26.183Z] [DEBUG] MongoDB connection closed
[2025-06-28T23:14:55.336Z] [INFO] Checking for scheduled reports...
[2025-06-28T23:14:55.971Z] [DEBUG] Connected to MongoDB
[2025-06-28T23:14:56.032Z] [INFO] Found 1 company databases
[2025-06-28T23:14:56.032Z] [DEBUG] Processing company database: company_9jxwph8g
[2025-06-28T23:14:56.081Z] [DEBUG] Finding reports to execute in company_9jxwph8g (current time: 2025-06-28T23:14:56.081Z)
[2025-06-28T23:14:56.131Z] [INFO] Found 0 reports to execute in company_9jxwph8g
[2025-06-28T23:14:56.132Z] [INFO] Scheduled reports check completed
[2025-06-28T23:14:56.135Z] [DEBUG] MongoDB connection closed
[2025-06-28T23:15:25.339Z] [INFO] Checking for scheduled reports...
[2025-06-28T23:15:25.907Z] [DEBUG] Connected to MongoDB
[2025-06-28T23:15:25.965Z] [INFO] Found 1 company databases
[2025-06-28T23:15:25.966Z] [DEBUG] Processing company database: company_9jxwph8g
[2025-06-28T23:15:26.013Z] [DEBUG] Finding reports to execute in company_9jxwph8g (current time: 2025-06-28T23:15:26.013Z)
[2025-06-28T23:15:26.060Z] [INFO] Found 0 reports to execute in company_9jxwph8g
[2025-06-28T23:15:26.061Z] [INFO] Scheduled reports check completed
[2025-06-28T23:15:26.063Z] [DEBUG] MongoDB connection closed
[2025-06-28T23:15:55.341Z] [INFO] Checking for scheduled reports...
[2025-06-28T23:15:56.131Z] [DEBUG] Connected to MongoDB
[2025-06-28T23:15:56.190Z] [INFO] Found 1 company databases
[2025-06-28T23:15:56.191Z] [DEBUG] Processing company database: company_9jxwph8g
[2025-06-28T23:15:56.239Z] [DEBUG] Finding reports to execute in company_9jxwph8g (current time: 2025-06-28T23:15:56.239Z)
[2025-06-28T23:15:56.288Z] [INFO] Found 0 reports to execute in company_9jxwph8g
[2025-06-28T23:15:56.288Z] [INFO] Scheduled reports check completed
[2025-06-28T23:15:56.291Z] [DEBUG] MongoDB connection closed
[2025-06-28T23:16:25.343Z] [INFO] Checking for scheduled reports...
[2025-06-28T23:16:25.917Z] [DEBUG] Connected to MongoDB
[2025-06-28T23:16:25.975Z] [INFO] Found 1 company databases
[2025-06-28T23:16:25.976Z] [DEBUG] Processing company database: company_9jxwph8g
[2025-06-28T23:16:26.025Z] [DEBUG] Finding reports to execute in company_9jxwph8g (current time: 2025-06-28T23:16:26.025Z)
[2025-06-28T23:16:26.074Z] [INFO] Found 0 reports to execute in company_9jxwph8g
[2025-06-28T23:16:26.074Z] [INFO] Scheduled reports check completed
[2025-06-28T23:16:26.077Z] [DEBUG] MongoDB connection closed
[2025-06-28T23:16:55.343Z] [INFO] Checking for scheduled reports...
[2025-06-28T23:16:55.987Z] [DEBUG] Connected to MongoDB
[2025-06-28T23:16:56.047Z] [INFO] Found 1 company databases
[2025-06-28T23:16:56.047Z] [DEBUG] Processing company database: company_9jxwph8g
[2025-06-28T23:16:56.095Z] [DEBUG] Finding reports to execute in company_9jxwph8g (current time: 2025-06-28T23:16:56.095Z)
[2025-06-28T23:16:56.146Z] [INFO] Found 0 reports to execute in company_9jxwph8g
[2025-06-28T23:16:56.147Z] [INFO] Scheduled reports check completed
[2025-06-28T23:16:56.150Z] [DEBUG] MongoDB connection closed
[2025-06-28T23:17:25.345Z] [INFO] Checking for scheduled reports...
[2025-06-28T23:17:26.024Z] [DEBUG] Connected to MongoDB
[2025-06-28T23:17:26.083Z] [INFO] Found 1 company databases
[2025-06-28T23:17:26.083Z] [DEBUG] Processing company database: company_9jxwph8g
[2025-06-28T23:17:26.132Z] [DEBUG] Finding reports to execute in company_9jxwph8g (current time: 2025-06-28T23:17:26.132Z)
[2025-06-28T23:17:26.179Z] [INFO] Found 0 reports to execute in company_9jxwph8g
[2025-06-28T23:17:26.180Z] [INFO] Scheduled reports check completed
[2025-06-28T23:17:26.182Z] [DEBUG] MongoDB connection closed
[2025-06-28T23:17:55.348Z] [INFO] Checking for scheduled reports...
[2025-06-28T23:17:56.003Z] [DEBUG] Connected to MongoDB
[2025-06-28T23:17:56.064Z] [INFO] Found 1 company databases
[2025-06-28T23:17:56.064Z] [DEBUG] Processing company database: company_9jxwph8g
[2025-06-28T23:17:56.114Z] [DEBUG] Finding reports to execute in company_9jxwph8g (current time: 2025-06-28T23:17:56.114Z)
[2025-06-28T23:17:56.164Z] [INFO] Found 0 reports to execute in company_9jxwph8g
[2025-06-28T23:17:56.165Z] [INFO] Scheduled reports check completed
[2025-06-28T23:17:56.166Z] [DEBUG] MongoDB connection closed
[2025-06-28T23:18:25.349Z] [INFO] Checking for scheduled reports...
[2025-06-28T23:18:25.920Z] [DEBUG] Connected to MongoDB
[2025-06-28T23:18:25.978Z] [INFO] Found 1 company databases
[2025-06-28T23:18:25.979Z] [DEBUG] Processing company database: company_9jxwph8g
[2025-06-28T23:18:26.067Z] [DEBUG] Finding reports to execute in company_9jxwph8g (current time: 2025-06-28T23:18:26.065Z)
[2025-06-28T23:18:26.151Z] [INFO] Found 0 reports to execute in company_9jxwph8g
[2025-06-28T23:18:26.152Z] [INFO] Scheduled reports check completed
[2025-06-28T23:18:26.162Z] [DEBUG] MongoDB connection closed
[2025-06-28T23:18:55.350Z] [INFO] Checking for scheduled reports...
[2025-06-28T23:18:56.017Z] [DEBUG] Connected to MongoDB
[2025-06-28T23:18:56.077Z] [INFO] Found 1 company databases
[2025-06-28T23:18:56.077Z] [DEBUG] Processing company database: company_9jxwph8g
[2025-06-28T23:18:56.127Z] [DEBUG] Finding reports to execute in company_9jxwph8g (current time: 2025-06-28T23:18:56.127Z)
[2025-06-28T23:18:56.175Z] [INFO] Found 0 reports to execute in company_9jxwph8g
[2025-06-28T23:18:56.176Z] [INFO] Scheduled reports check completed
[2025-06-28T23:18:56.178Z] [DEBUG] MongoDB connection closed
[2025-06-28T23:19:25.350Z] [INFO] Checking for scheduled reports...
[2025-06-28T23:19:25.903Z] [DEBUG] Connected to MongoDB
[2025-06-28T23:19:25.963Z] [INFO] Found 1 company databases
[2025-06-28T23:19:25.963Z] [DEBUG] Processing company database: company_9jxwph8g
[2025-06-28T23:19:26.011Z] [DEBUG] Finding reports to execute in company_9jxwph8g (current time: 2025-06-28T23:19:26.011Z)
[2025-06-28T23:19:26.057Z] [INFO] Found 0 reports to execute in company_9jxwph8g
[2025-06-28T23:19:26.057Z] [INFO] Scheduled reports check completed
[2025-06-28T23:19:26.060Z] [DEBUG] MongoDB connection closed
[2025-06-28T23:19:55.351Z] [INFO] Checking for scheduled reports...
[2025-06-28T23:19:56.067Z] [DEBUG] Connected to MongoDB
[2025-06-28T23:19:56.124Z] [INFO] Found 1 company databases
[2025-06-28T23:19:56.124Z] [DEBUG] Processing company database: company_9jxwph8g
[2025-06-28T23:19:56.173Z] [DEBUG] Finding reports to execute in company_9jxwph8g (current time: 2025-06-28T23:19:56.173Z)
[2025-06-28T23:19:56.223Z] [INFO] Found 0 reports to execute in company_9jxwph8g
[2025-06-28T23:19:56.224Z] [INFO] Scheduled reports check completed
[2025-06-28T23:19:56.225Z] [DEBUG] MongoDB connection closed
[2025-06-28T23:20:25.352Z] [INFO] Checking for scheduled reports...
[2025-06-28T23:20:26.108Z] [DEBUG] Connected to MongoDB
[2025-06-28T23:20:26.170Z] [INFO] Found 1 company databases
[2025-06-28T23:20:26.171Z] [DEBUG] Processing company database: company_9jxwph8g
[2025-06-28T23:20:26.221Z] [DEBUG] Finding reports to execute in company_9jxwph8g (current time: 2025-06-28T23:20:26.221Z)
[2025-06-28T23:20:26.268Z] [INFO] Found 0 reports to execute in company_9jxwph8g
[2025-06-28T23:20:26.268Z] [INFO] Scheduled reports check completed
[2025-06-28T23:20:26.271Z] [DEBUG] MongoDB connection closed
[2025-06-28T23:20:55.354Z] [INFO] Checking for scheduled reports...
[2025-06-28T23:20:55.993Z] [DEBUG] Connected to MongoDB
[2025-06-28T23:20:56.050Z] [INFO] Found 1 company databases
[2025-06-28T23:20:56.051Z] [DEBUG] Processing company database: company_9jxwph8g
[2025-06-28T23:20:56.097Z] [DEBUG] Finding reports to execute in company_9jxwph8g (current time: 2025-06-28T23:20:56.097Z)
[2025-06-28T23:20:56.142Z] [INFO] Found 0 reports to execute in company_9jxwph8g
[2025-06-28T23:20:56.143Z] [INFO] Scheduled reports check completed
[2025-06-28T23:20:56.145Z] [DEBUG] MongoDB connection closed
[2025-06-28T23:21:25.355Z] [INFO] Checking for scheduled reports...
[2025-06-28T23:21:25.913Z] [DEBUG] Connected to MongoDB
[2025-06-28T23:21:25.972Z] [INFO] Found 1 company databases
[2025-06-28T23:21:25.973Z] [DEBUG] Processing company database: company_9jxwph8g
[2025-06-28T23:21:26.021Z] [DEBUG] Finding reports to execute in company_9jxwph8g (current time: 2025-06-28T23:21:26.021Z)
[2025-06-28T23:21:26.068Z] [INFO] Found 0 reports to execute in company_9jxwph8g
[2025-06-28T23:21:26.069Z] [INFO] Scheduled reports check completed
[2025-06-28T23:21:26.071Z] [DEBUG] MongoDB connection closed
[2025-06-28T23:21:55.355Z] [INFO] Checking for scheduled reports...
[2025-06-28T23:21:56.163Z] [DEBUG] Connected to MongoDB
[2025-06-28T23:21:56.220Z] [INFO] Found 1 company databases
[2025-06-28T23:21:56.220Z] [DEBUG] Processing company database: company_9jxwph8g
[2025-06-28T23:21:56.266Z] [DEBUG] Finding reports to execute in company_9jxwph8g (current time: 2025-06-28T23:21:56.266Z)
[2025-06-28T23:21:56.322Z] [INFO] Found 0 reports to execute in company_9jxwph8g
[2025-06-28T23:21:56.323Z] [INFO] Scheduled reports check completed
[2025-06-28T23:21:56.325Z] [DEBUG] MongoDB connection closed
[2025-06-28T23:22:25.358Z] [INFO] Checking for scheduled reports...
[2025-06-28T23:22:25.929Z] [DEBUG] Connected to MongoDB
[2025-06-28T23:22:25.986Z] [INFO] Found 1 company databases
[2025-06-28T23:22:25.987Z] [DEBUG] Processing company database: company_9jxwph8g
[2025-06-28T23:22:26.035Z] [DEBUG] Finding reports to execute in company_9jxwph8g (current time: 2025-06-28T23:22:26.035Z)
[2025-06-28T23:22:26.081Z] [INFO] Found 0 reports to execute in company_9jxwph8g
[2025-06-28T23:22:26.082Z] [INFO] Scheduled reports check completed
[2025-06-28T23:22:26.084Z] [DEBUG] MongoDB connection closed
[2025-06-28T23:22:55.358Z] [INFO] Checking for scheduled reports...
[2025-06-28T23:22:55.993Z] [DEBUG] Connected to MongoDB
[2025-06-28T23:22:56.051Z] [INFO] Found 1 company databases
[2025-06-28T23:22:56.052Z] [DEBUG] Processing company database: company_9jxwph8g
[2025-06-28T23:22:56.099Z] [DEBUG] Finding reports to execute in company_9jxwph8g (current time: 2025-06-28T23:22:56.099Z)
[2025-06-28T23:22:56.146Z] [INFO] Found 0 reports to execute in company_9jxwph8g
[2025-06-28T23:22:56.147Z] [INFO] Scheduled reports check completed
[2025-06-28T23:22:56.149Z] [DEBUG] MongoDB connection closed
[2025-06-28T23:23:25.360Z] [INFO] Checking for scheduled reports...
[2025-06-28T23:23:25.926Z] [DEBUG] Connected to MongoDB
[2025-06-28T23:23:25.987Z] [INFO] Found 1 company databases
[2025-06-28T23:23:25.988Z] [DEBUG] Processing company database: company_9jxwph8g
[2025-06-28T23:23:26.035Z] [DEBUG] Finding reports to execute in company_9jxwph8g (current time: 2025-06-28T23:23:26.035Z)
[2025-06-28T23:23:26.082Z] [INFO] Found 0 reports to execute in company_9jxwph8g
[2025-06-28T23:23:26.082Z] [INFO] Scheduled reports check completed
[2025-06-28T23:23:26.084Z] [DEBUG] MongoDB connection closed
[2025-06-28T23:23:55.366Z] [INFO] Checking for scheduled reports...
[2025-06-28T23:23:56.047Z] [DEBUG] Connected to MongoDB
[2025-06-28T23:23:56.155Z] [INFO] Found 1 company databases
[2025-06-28T23:23:56.156Z] [DEBUG] Processing company database: company_9jxwph8g
[2025-06-28T23:23:56.203Z] [DEBUG] Finding reports to execute in company_9jxwph8g (current time: 2025-06-28T23:23:56.203Z)
[2025-06-28T23:23:56.252Z] [INFO] Found 0 reports to execute in company_9jxwph8g
[2025-06-28T23:23:56.252Z] [INFO] Scheduled reports check completed
[2025-06-28T23:23:56.254Z] [DEBUG] MongoDB connection closed
[2025-06-28T23:24:25.367Z] [INFO] Checking for scheduled reports...
[2025-06-28T23:24:25.941Z] [DEBUG] Connected to MongoDB
[2025-06-28T23:24:25.997Z] [INFO] Found 1 company databases
[2025-06-28T23:24:25.998Z] [DEBUG] Processing company database: company_9jxwph8g
[2025-06-28T23:24:26.044Z] [DEBUG] Finding reports to execute in company_9jxwph8g (current time: 2025-06-28T23:24:26.044Z)
[2025-06-28T23:24:26.090Z] [INFO] Found 0 reports to execute in company_9jxwph8g
[2025-06-28T23:24:26.091Z] [INFO] Scheduled reports check completed
[2025-06-28T23:24:26.092Z] [DEBUG] MongoDB connection closed
[2025-06-28T23:24:55.369Z] [INFO] Checking for scheduled reports...
[2025-06-28T23:24:56.024Z] [DEBUG] Connected to MongoDB
[2025-06-28T23:24:56.082Z] [INFO] Found 1 company databases
[2025-06-28T23:24:56.083Z] [DEBUG] Processing company database: company_9jxwph8g
[2025-06-28T23:24:56.130Z] [DEBUG] Finding reports to execute in company_9jxwph8g (current time: 2025-06-28T23:24:56.130Z)
[2025-06-28T23:24:56.177Z] [INFO] Found 0 reports to execute in company_9jxwph8g
[2025-06-28T23:24:56.177Z] [INFO] Scheduled reports check completed
[2025-06-28T23:24:56.180Z] [DEBUG] MongoDB connection closed
[2025-06-28T23:25:25.370Z] [INFO] Checking for scheduled reports...
[2025-06-28T23:25:25.920Z] [DEBUG] Connected to MongoDB
[2025-06-28T23:25:25.978Z] [INFO] Found 1 company databases
[2025-06-28T23:25:25.979Z] [DEBUG] Processing company database: company_9jxwph8g
[2025-06-28T23:25:26.034Z] [DEBUG] Finding reports to execute in company_9jxwph8g (current time: 2025-06-28T23:25:26.034Z)
[2025-06-28T23:25:26.081Z] [INFO] Found 0 reports to execute in company_9jxwph8g
[2025-06-28T23:25:26.081Z] [INFO] Scheduled reports check completed
[2025-06-28T23:25:26.083Z] [DEBUG] MongoDB connection closed
[2025-06-28T23:25:55.372Z] [INFO] Checking for scheduled reports...
[2025-06-28T23:25:56.227Z] [DEBUG] Connected to MongoDB
[2025-06-28T23:25:56.286Z] [INFO] Found 1 company databases
[2025-06-28T23:25:56.286Z] [DEBUG] Processing company database: company_9jxwph8g
[2025-06-28T23:25:56.335Z] [DEBUG] Finding reports to execute in company_9jxwph8g (current time: 2025-06-28T23:25:56.335Z)
[2025-06-28T23:25:56.383Z] [INFO] Found 0 reports to execute in company_9jxwph8g
[2025-06-28T23:25:56.383Z] [INFO] Scheduled reports check completed
[2025-06-28T23:25:56.385Z] [DEBUG] MongoDB connection closed
[2025-06-28T23:26:25.373Z] [INFO] Checking for scheduled reports...
[2025-06-28T23:26:25.933Z] [DEBUG] Connected to MongoDB
[2025-06-28T23:26:25.991Z] [INFO] Found 1 company databases
[2025-06-28T23:26:25.991Z] [DEBUG] Processing company database: company_9jxwph8g
[2025-06-28T23:26:26.038Z] [DEBUG] Finding reports to execute in company_9jxwph8g (current time: 2025-06-28T23:26:26.038Z)
[2025-06-28T23:26:26.085Z] [INFO] Found 0 reports to execute in company_9jxwph8g
[2025-06-28T23:26:26.086Z] [INFO] Scheduled reports check completed
[2025-06-28T23:26:26.087Z] [DEBUG] MongoDB connection closed
[2025-06-28T23:26:55.373Z] [INFO] Checking for scheduled reports...
[2025-06-28T23:26:56.033Z] [DEBUG] Connected to MongoDB
[2025-06-28T23:26:56.092Z] [INFO] Found 1 company databases
[2025-06-28T23:26:56.092Z] [DEBUG] Processing company database: company_9jxwph8g
[2025-06-28T23:26:56.140Z] [DEBUG] Finding reports to execute in company_9jxwph8g (current time: 2025-06-28T23:26:56.140Z)
[2025-06-28T23:26:56.188Z] [INFO] Found 0 reports to execute in company_9jxwph8g
[2025-06-28T23:26:56.188Z] [INFO] Scheduled reports check completed
[2025-06-28T23:26:56.191Z] [DEBUG] MongoDB connection closed
[2025-06-28T23:27:25.373Z] [INFO] Checking for scheduled reports...
[2025-06-28T23:27:26.168Z] [DEBUG] Connected to MongoDB
[2025-06-28T23:27:26.227Z] [INFO] Found 1 company databases
[2025-06-28T23:27:26.228Z] [DEBUG] Processing company database: company_9jxwph8g
[2025-06-28T23:27:26.276Z] [DEBUG] Finding reports to execute in company_9jxwph8g (current time: 2025-06-28T23:27:26.276Z)
[2025-06-28T23:27:26.324Z] [INFO] Found 0 reports to execute in company_9jxwph8g
[2025-06-28T23:27:26.325Z] [INFO] Scheduled reports check completed
[2025-06-28T23:27:26.327Z] [DEBUG] MongoDB connection closed
[2025-06-28T23:27:55.374Z] [INFO] Checking for scheduled reports...
[2025-06-28T23:27:56.026Z] [DEBUG] Connected to MongoDB
[2025-06-28T23:27:56.086Z] [INFO] Found 1 company databases
[2025-06-28T23:27:56.087Z] [DEBUG] Processing company database: company_9jxwph8g
[2025-06-28T23:27:56.135Z] [DEBUG] Finding reports to execute in company_9jxwph8g (current time: 2025-06-28T23:27:56.135Z)
[2025-06-28T23:27:56.187Z] [INFO] Found 0 reports to execute in company_9jxwph8g
[2025-06-28T23:27:56.187Z] [INFO] Scheduled reports check completed
[2025-06-28T23:27:56.191Z] [DEBUG] MongoDB connection closed
[2025-06-28T23:28:25.375Z] [INFO] Checking for scheduled reports...
[2025-06-28T23:28:25.943Z] [DEBUG] Connected to MongoDB
[2025-06-28T23:28:26.001Z] [INFO] Found 1 company databases
[2025-06-28T23:28:26.001Z] [DEBUG] Processing company database: company_9jxwph8g
[2025-06-28T23:28:26.050Z] [DEBUG] Finding reports to execute in company_9jxwph8g (current time: 2025-06-28T23:28:26.050Z)
[2025-06-28T23:28:26.097Z] [INFO] Found 0 reports to execute in company_9jxwph8g
[2025-06-28T23:28:26.097Z] [INFO] Scheduled reports check completed
[2025-06-28T23:28:26.099Z] [DEBUG] MongoDB connection closed
[2025-06-28T23:28:55.376Z] [INFO] Checking for scheduled reports...
[2025-06-28T23:28:56.227Z] [DEBUG] Connected to MongoDB
[2025-06-28T23:28:56.286Z] [INFO] Found 1 company databases
[2025-06-28T23:28:56.287Z] [DEBUG] Processing company database: company_9jxwph8g
[2025-06-28T23:28:56.335Z] [DEBUG] Finding reports to execute in company_9jxwph8g (current time: 2025-06-28T23:28:56.335Z)
[2025-06-28T23:28:56.384Z] [INFO] Found 0 reports to execute in company_9jxwph8g
[2025-06-28T23:28:56.385Z] [INFO] Scheduled reports check completed
[2025-06-28T23:28:56.387Z] [DEBUG] MongoDB connection closed
[2025-06-28T23:29:25.376Z] [INFO] Checking for scheduled reports...
[2025-06-28T23:29:25.966Z] [DEBUG] Connected to MongoDB
[2025-06-28T23:29:26.026Z] [INFO] Found 1 company databases
[2025-06-28T23:29:26.027Z] [DEBUG] Processing company database: company_9jxwph8g
[2025-06-28T23:29:26.076Z] [DEBUG] Finding reports to execute in company_9jxwph8g (current time: 2025-06-28T23:29:26.076Z)
[2025-06-28T23:29:26.125Z] [INFO] Found 0 reports to execute in company_9jxwph8g
[2025-06-28T23:29:26.125Z] [INFO] Scheduled reports check completed
[2025-06-28T23:29:26.129Z] [DEBUG] MongoDB connection closed
[2025-06-28T23:29:55.378Z] [INFO] Checking for scheduled reports...
[2025-06-28T23:29:56.011Z] [DEBUG] Connected to MongoDB
[2025-06-28T23:29:56.071Z] [INFO] Found 1 company databases
[2025-06-28T23:29:56.071Z] [DEBUG] Processing company database: company_9jxwph8g
[2025-06-28T23:29:56.120Z] [DEBUG] Finding reports to execute in company_9jxwph8g (current time: 2025-06-28T23:29:56.120Z)
[2025-06-28T23:29:56.166Z] [INFO] Found 0 reports to execute in company_9jxwph8g
[2025-06-28T23:29:56.167Z] [INFO] Scheduled reports check completed
[2025-06-28T23:29:56.167Z] [DEBUG] MongoDB connection closed
[2025-06-28T23:30:25.380Z] [INFO] Checking for scheduled reports...
[2025-06-28T23:30:26.046Z] [DEBUG] Connected to MongoDB
[2025-06-28T23:30:26.104Z] [INFO] Found 1 company databases
[2025-06-28T23:30:26.105Z] [DEBUG] Processing company database: company_9jxwph8g
[2025-06-28T23:30:26.152Z] [DEBUG] Finding reports to execute in company_9jxwph8g (current time: 2025-06-28T23:30:26.152Z)
[2025-06-28T23:30:26.202Z] [INFO] Found 0 reports to execute in company_9jxwph8g
[2025-06-28T23:30:26.203Z] [INFO] Scheduled reports check completed
[2025-06-28T23:30:26.205Z] [DEBUG] MongoDB connection closed
[2025-06-28T23:30:55.381Z] [INFO] Checking for scheduled reports...
[2025-06-28T23:30:56.049Z] [DEBUG] Connected to MongoDB
[2025-06-28T23:30:56.107Z] [INFO] Found 1 company databases
[2025-06-28T23:30:56.107Z] [DEBUG] Processing company database: company_9jxwph8g
[2025-06-28T23:30:56.155Z] [DEBUG] Finding reports to execute in company_9jxwph8g (current time: 2025-06-28T23:30:56.155Z)
[2025-06-28T23:30:56.202Z] [INFO] Found 0 reports to execute in company_9jxwph8g
[2025-06-28T23:30:56.202Z] [INFO] Scheduled reports check completed
[2025-06-28T23:30:56.204Z] [DEBUG] MongoDB connection closed
[2025-06-28T23:31:25.383Z] [INFO] Checking for scheduled reports...
[2025-06-28T23:31:25.972Z] [DEBUG] Connected to MongoDB
[2025-06-28T23:31:26.029Z] [INFO] Found 1 company databases
[2025-06-28T23:31:26.029Z] [DEBUG] Processing company database: company_9jxwph8g
[2025-06-28T23:31:26.078Z] [DEBUG] Finding reports to execute in company_9jxwph8g (current time: 2025-06-28T23:31:26.077Z)
[2025-06-28T23:31:26.125Z] [INFO] Found 0 reports to execute in company_9jxwph8g
[2025-06-28T23:31:26.125Z] [INFO] Scheduled reports check completed
[2025-06-28T23:31:26.128Z] [DEBUG] MongoDB connection closed
[2025-06-28T23:31:55.384Z] [INFO] Checking for scheduled reports...
[2025-06-28T23:31:56.131Z] [DEBUG] Connected to MongoDB
[2025-06-28T23:31:56.188Z] [INFO] Found 1 company databases
[2025-06-28T23:31:56.189Z] [DEBUG] Processing company database: company_9jxwph8g
[2025-06-28T23:31:56.236Z] [DEBUG] Finding reports to execute in company_9jxwph8g (current time: 2025-06-28T23:31:56.236Z)
[2025-06-28T23:31:56.283Z] [INFO] Found 0 reports to execute in company_9jxwph8g
[2025-06-28T23:31:56.283Z] [INFO] Scheduled reports check completed
[2025-06-28T23:31:56.286Z] [DEBUG] MongoDB connection closed
[2025-06-28T23:32:25.385Z] [INFO] Checking for scheduled reports...
[2025-06-28T23:32:25.946Z] [DEBUG] Connected to MongoDB
[2025-06-28T23:32:26.005Z] [INFO] Found 1 company databases
[2025-06-28T23:32:26.006Z] [DEBUG] Processing company database: company_9jxwph8g
[2025-06-28T23:32:26.053Z] [DEBUG] Finding reports to execute in company_9jxwph8g (current time: 2025-06-28T23:32:26.053Z)
[2025-06-28T23:32:26.100Z] [INFO] Found 0 reports to execute in company_9jxwph8g
[2025-06-28T23:32:26.100Z] [INFO] Scheduled reports check completed
[2025-06-28T23:32:26.102Z] [DEBUG] MongoDB connection closed
[2025-06-28T23:32:55.386Z] [INFO] Checking for scheduled reports...
[2025-06-28T23:32:56.042Z] [DEBUG] Connected to MongoDB
[2025-06-28T23:32:56.100Z] [INFO] Found 1 company databases
[2025-06-28T23:32:56.101Z] [DEBUG] Processing company database: company_9jxwph8g
[2025-06-28T23:32:56.149Z] [DEBUG] Finding reports to execute in company_9jxwph8g (current time: 2025-06-28T23:32:56.149Z)
[2025-06-28T23:32:56.197Z] [INFO] Found 0 reports to execute in company_9jxwph8g
[2025-06-28T23:32:56.197Z] [INFO] Scheduled reports check completed
[2025-06-28T23:32:56.199Z] [DEBUG] MongoDB connection closed
[2025-06-28T23:33:25.386Z] [INFO] Checking for scheduled reports...
[2025-06-28T23:33:26.185Z] [DEBUG] Connected to MongoDB
[2025-06-28T23:33:26.243Z] [INFO] Found 1 company databases
[2025-06-28T23:33:26.243Z] [DEBUG] Processing company database: company_9jxwph8g
[2025-06-28T23:33:26.291Z] [DEBUG] Finding reports to execute in company_9jxwph8g (current time: 2025-06-28T23:33:26.291Z)
[2025-06-28T23:33:26.339Z] [INFO] Found 0 reports to execute in company_9jxwph8g
[2025-06-28T23:33:26.339Z] [INFO] Scheduled reports check completed
[2025-06-28T23:33:26.342Z] [DEBUG] MongoDB connection closed
[2025-06-28T23:33:55.388Z] [INFO] Checking for scheduled reports...
[2025-06-28T23:33:56.067Z] [DEBUG] Connected to MongoDB
[2025-06-28T23:33:56.125Z] [INFO] Found 1 company databases
[2025-06-28T23:33:56.126Z] [DEBUG] Processing company database: company_9jxwph8g
[2025-06-28T23:33:56.173Z] [DEBUG] Finding reports to execute in company_9jxwph8g (current time: 2025-06-28T23:33:56.173Z)
[2025-06-28T23:33:56.220Z] [INFO] Found 0 reports to execute in company_9jxwph8g
[2025-06-28T23:33:56.220Z] [INFO] Scheduled reports check completed
[2025-06-28T23:33:56.223Z] [DEBUG] MongoDB connection closed
[2025-06-28T23:34:25.389Z] [INFO] Checking for scheduled reports...
[2025-06-28T23:34:26.023Z] [DEBUG] Connected to MongoDB
[2025-06-28T23:34:26.082Z] [INFO] Found 1 company databases
[2025-06-28T23:34:26.083Z] [DEBUG] Processing company database: company_9jxwph8g
[2025-06-28T23:34:26.131Z] [DEBUG] Finding reports to execute in company_9jxwph8g (current time: 2025-06-28T23:34:26.131Z)
[2025-06-28T23:34:26.178Z] [INFO] Found 0 reports to execute in company_9jxwph8g
[2025-06-28T23:34:26.179Z] [INFO] Scheduled reports check completed
[2025-06-28T23:34:26.181Z] [DEBUG] MongoDB connection closed
[2025-06-28T23:34:55.390Z] [INFO] Checking for scheduled reports...
[2025-06-28T23:34:56.161Z] [DEBUG] Connected to MongoDB
[2025-06-28T23:34:56.219Z] [INFO] Found 1 company databases
[2025-06-28T23:34:56.219Z] [DEBUG] Processing company database: company_9jxwph8g
[2025-06-28T23:34:56.266Z] [DEBUG] Finding reports to execute in company_9jxwph8g (current time: 2025-06-28T23:34:56.266Z)
[2025-06-28T23:34:56.315Z] [INFO] Found 0 reports to execute in company_9jxwph8g
[2025-06-28T23:34:56.316Z] [INFO] Scheduled reports check completed
[2025-06-28T23:34:56.318Z] [DEBUG] MongoDB connection closed
[2025-06-28T23:35:25.390Z] [INFO] Checking for scheduled reports...
[2025-06-28T23:35:26.036Z] [DEBUG] Connected to MongoDB
[2025-06-28T23:35:26.094Z] [INFO] Found 1 company databases
[2025-06-28T23:35:26.095Z] [DEBUG] Processing company database: company_9jxwph8g
[2025-06-28T23:35:26.143Z] [DEBUG] Finding reports to execute in company_9jxwph8g (current time: 2025-06-28T23:35:26.143Z)
[2025-06-28T23:35:26.192Z] [INFO] Found 0 reports to execute in company_9jxwph8g
[2025-06-28T23:35:26.192Z] [INFO] Scheduled reports check completed
[2025-06-28T23:35:26.195Z] [DEBUG] MongoDB connection closed
[2025-06-28T23:35:55.392Z] [INFO] Checking for scheduled reports...
[2025-06-28T23:35:56.026Z] [DEBUG] Connected to MongoDB
[2025-06-28T23:35:56.084Z] [INFO] Found 1 company databases
[2025-06-28T23:35:56.085Z] [DEBUG] Processing company database: company_9jxwph8g
[2025-06-28T23:35:56.134Z] [DEBUG] Finding reports to execute in company_9jxwph8g (current time: 2025-06-28T23:35:56.134Z)
[2025-06-28T23:35:56.182Z] [INFO] Found 0 reports to execute in company_9jxwph8g
[2025-06-28T23:35:56.183Z] [INFO] Scheduled reports check completed
[2025-06-28T23:35:56.185Z] [DEBUG] MongoDB connection closed
[2025-06-28T23:36:25.394Z] [INFO] Checking for scheduled reports...
[2025-06-28T23:36:26.086Z] [DEBUG] Connected to MongoDB
[2025-06-28T23:36:26.146Z] [INFO] Found 1 company databases
[2025-06-28T23:36:26.146Z] [DEBUG] Processing company database: company_9jxwph8g
[2025-06-28T23:36:26.194Z] [DEBUG] Finding reports to execute in company_9jxwph8g (current time: 2025-06-28T23:36:26.194Z)
[2025-06-28T23:36:26.242Z] [INFO] Found 0 reports to execute in company_9jxwph8g
[2025-06-28T23:36:26.243Z] [INFO] Scheduled reports check completed
[2025-06-28T23:36:26.245Z] [DEBUG] MongoDB connection closed
[2025-06-28T23:36:55.397Z] [INFO] Checking for scheduled reports...
[2025-06-28T23:36:56.037Z] [DEBUG] Connected to MongoDB
[2025-06-28T23:36:56.095Z] [INFO] Found 1 company databases
[2025-06-28T23:36:56.096Z] [DEBUG] Processing company database: company_9jxwph8g
[2025-06-28T23:36:56.144Z] [DEBUG] Finding reports to execute in company_9jxwph8g (current time: 2025-06-28T23:36:56.144Z)
[2025-06-28T23:36:56.191Z] [INFO] Found 0 reports to execute in company_9jxwph8g
[2025-06-28T23:36:56.192Z] [INFO] Scheduled reports check completed
[2025-06-28T23:36:56.194Z] [DEBUG] MongoDB connection closed
[2025-06-28T23:37:25.400Z] [INFO] Checking for scheduled reports...
[2025-06-28T23:37:25.982Z] [DEBUG] Connected to MongoDB
[2025-06-28T23:37:26.041Z] [INFO] Found 1 company databases
[2025-06-28T23:37:26.041Z] [DEBUG] Processing company database: company_9jxwph8g
[2025-06-28T23:37:26.090Z] [DEBUG] Finding reports to execute in company_9jxwph8g (current time: 2025-06-28T23:37:26.090Z)
[2025-06-28T23:37:26.138Z] [INFO] Found 0 reports to execute in company_9jxwph8g
[2025-06-28T23:37:26.139Z] [INFO] Scheduled reports check completed
[2025-06-28T23:37:26.141Z] [DEBUG] MongoDB connection closed
[2025-06-28T23:37:55.403Z] [INFO] Checking for scheduled reports...
[2025-06-28T23:37:56.162Z] [DEBUG] Connected to MongoDB
[2025-06-28T23:37:56.222Z] [INFO] Found 1 company databases
[2025-06-28T23:37:56.222Z] [DEBUG] Processing company database: company_9jxwph8g
[2025-06-28T23:37:56.270Z] [DEBUG] Finding reports to execute in company_9jxwph8g (current time: 2025-06-28T23:37:56.270Z)
[2025-06-28T23:37:56.319Z] [INFO] Found 0 reports to execute in company_9jxwph8g
[2025-06-28T23:37:56.320Z] [INFO] Scheduled reports check completed
[2025-06-28T23:37:56.322Z] [DEBUG] MongoDB connection closed
[2025-06-28T23:38:25.405Z] [INFO] Checking for scheduled reports...
[2025-06-28T23:38:25.978Z] [DEBUG] Connected to MongoDB
[2025-06-28T23:38:26.037Z] [INFO] Found 1 company databases
[2025-06-28T23:38:26.038Z] [DEBUG] Processing company database: company_9jxwph8g
[2025-06-28T23:38:26.086Z] [DEBUG] Finding reports to execute in company_9jxwph8g (current time: 2025-06-28T23:38:26.086Z)
[2025-06-28T23:38:26.134Z] [INFO] Found 0 reports to execute in company_9jxwph8g
[2025-06-28T23:38:26.134Z] [INFO] Scheduled reports check completed
[2025-06-28T23:38:26.137Z] [DEBUG] MongoDB connection closed
[2025-06-28T23:38:55.406Z] [INFO] Checking for scheduled reports...
[2025-06-28T23:38:56.045Z] [DEBUG] Connected to MongoDB
[2025-06-28T23:38:56.104Z] [INFO] Found 1 company databases
[2025-06-28T23:38:56.104Z] [DEBUG] Processing company database: company_9jxwph8g
[2025-06-28T23:38:56.152Z] [DEBUG] Finding reports to execute in company_9jxwph8g (current time: 2025-06-28T23:38:56.152Z)
[2025-06-28T23:38:56.200Z] [INFO] Found 0 reports to execute in company_9jxwph8g
[2025-06-28T23:38:56.201Z] [INFO] Scheduled reports check completed
[2025-06-28T23:38:56.203Z] [DEBUG] MongoDB connection closed
[2025-06-28T23:39:25.406Z] [INFO] Checking for scheduled reports...
[2025-06-28T23:39:26.183Z] [DEBUG] Connected to MongoDB
[2025-06-28T23:39:26.242Z] [INFO] Found 1 company databases
[2025-06-28T23:39:26.242Z] [DEBUG] Processing company database: company_9jxwph8g
[2025-06-28T23:39:26.292Z] [DEBUG] Finding reports to execute in company_9jxwph8g (current time: 2025-06-28T23:39:26.292Z)
[2025-06-28T23:39:26.340Z] [INFO] Found 0 reports to execute in company_9jxwph8g
[2025-06-28T23:39:26.340Z] [INFO] Scheduled reports check completed
[2025-06-28T23:39:26.343Z] [DEBUG] MongoDB connection closed
[2025-06-28T23:39:55.407Z] [INFO] Checking for scheduled reports...
[2025-06-28T23:39:56.043Z] [DEBUG] Connected to MongoDB
[2025-06-28T23:39:56.102Z] [INFO] Found 1 company databases
[2025-06-28T23:39:56.103Z] [DEBUG] Processing company database: company_9jxwph8g
[2025-06-28T23:39:56.151Z] [DEBUG] Finding reports to execute in company_9jxwph8g (current time: 2025-06-28T23:39:56.151Z)
[2025-06-28T23:39:56.198Z] [INFO] Found 0 reports to execute in company_9jxwph8g
[2025-06-28T23:39:56.198Z] [INFO] Scheduled reports check completed
[2025-06-28T23:39:56.201Z] [DEBUG] MongoDB connection closed
[2025-06-28T23:40:25.407Z] [INFO] Checking for scheduled reports...
[2025-06-28T23:40:25.956Z] [DEBUG] Connected to MongoDB
[2025-06-28T23:40:26.014Z] [INFO] Found 1 company databases
[2025-06-28T23:40:26.015Z] [DEBUG] Processing company database: company_9jxwph8g
[2025-06-28T23:40:26.063Z] [DEBUG] Finding reports to execute in company_9jxwph8g (current time: 2025-06-28T23:40:26.063Z)
[2025-06-28T23:40:26.127Z] [INFO] Found 0 reports to execute in company_9jxwph8g
[2025-06-28T23:40:26.128Z] [INFO] Scheduled reports check completed
[2025-06-28T23:40:26.130Z] [DEBUG] MongoDB connection closed
[2025-06-28T23:40:55.407Z] [INFO] Checking for scheduled reports...
[2025-06-28T23:40:56.155Z] [DEBUG] Connected to MongoDB
[2025-06-28T23:40:56.214Z] [INFO] Found 1 company databases
[2025-06-28T23:40:56.215Z] [DEBUG] Processing company database: company_9jxwph8g
[2025-06-28T23:40:56.264Z] [DEBUG] Finding reports to execute in company_9jxwph8g (current time: 2025-06-28T23:40:56.264Z)
[2025-06-28T23:40:56.312Z] [INFO] Found 0 reports to execute in company_9jxwph8g
[2025-06-28T23:40:56.313Z] [INFO] Scheduled reports check completed
[2025-06-28T23:40:56.315Z] [DEBUG] MongoDB connection closed
[2025-06-28T23:41:25.409Z] [INFO] Checking for scheduled reports...
[2025-06-28T23:41:25.959Z] [DEBUG] Connected to MongoDB
[2025-06-28T23:41:26.018Z] [INFO] Found 1 company databases
[2025-06-28T23:41:26.018Z] [DEBUG] Processing company database: company_9jxwph8g
[2025-06-28T23:41:26.066Z] [DEBUG] Finding reports to execute in company_9jxwph8g (current time: 2025-06-28T23:41:26.066Z)
[2025-06-28T23:41:26.112Z] [INFO] Found 0 reports to execute in company_9jxwph8g
[2025-06-28T23:41:26.113Z] [INFO] Scheduled reports check completed
[2025-06-28T23:41:26.115Z] [DEBUG] MongoDB connection closed
[2025-06-28T23:41:55.410Z] [INFO] Checking for scheduled reports...
[2025-06-28T23:41:56.046Z] [DEBUG] Connected to MongoDB
[2025-06-28T23:41:56.105Z] [INFO] Found 1 company databases
[2025-06-28T23:41:56.105Z] [DEBUG] Processing company database: company_9jxwph8g
[2025-06-28T23:41:56.152Z] [DEBUG] Finding reports to execute in company_9jxwph8g (current time: 2025-06-28T23:41:56.152Z)
[2025-06-28T23:41:56.200Z] [INFO] Found 0 reports to execute in company_9jxwph8g
[2025-06-28T23:41:56.201Z] [INFO] Scheduled reports check completed
[2025-06-28T23:41:56.203Z] [DEBUG] MongoDB connection closed
[2025-06-28T23:42:25.412Z] [INFO] Checking for scheduled reports...
[2025-06-28T23:42:26.081Z] [DEBUG] Connected to MongoDB
[2025-06-28T23:42:26.139Z] [INFO] Found 1 company databases
[2025-06-28T23:42:26.140Z] [DEBUG] Processing company database: company_9jxwph8g
[2025-06-28T23:42:26.287Z] [DEBUG] Finding reports to execute in company_9jxwph8g (current time: 2025-06-28T23:42:26.287Z)
[2025-06-28T23:42:26.334Z] [INFO] Found 0 reports to execute in company_9jxwph8g
[2025-06-28T23:42:26.335Z] [INFO] Scheduled reports check completed
[2025-06-28T23:42:26.337Z] [DEBUG] MongoDB connection closed
[2025-06-28T23:42:55.415Z] [INFO] Checking for scheduled reports...
[2025-06-28T23:42:56.053Z] [DEBUG] Connected to MongoDB
[2025-06-28T23:42:56.111Z] [INFO] Found 1 company databases
[2025-06-28T23:42:56.112Z] [DEBUG] Processing company database: company_9jxwph8g
[2025-06-28T23:42:56.159Z] [DEBUG] Finding reports to execute in company_9jxwph8g (current time: 2025-06-28T23:42:56.159Z)
[2025-06-28T23:42:56.206Z] [INFO] Found 0 reports to execute in company_9jxwph8g
[2025-06-28T23:42:56.207Z] [INFO] Scheduled reports check completed
[2025-06-28T23:42:56.209Z] [DEBUG] MongoDB connection closed
[2025-06-28T23:43:25.417Z] [INFO] Checking for scheduled reports...
[2025-06-28T23:43:25.969Z] [DEBUG] Connected to MongoDB
[2025-06-28T23:43:26.027Z] [INFO] Found 1 company databases
[2025-06-28T23:43:26.028Z] [DEBUG] Processing company database: company_9jxwph8g
[2025-06-28T23:43:26.075Z] [DEBUG] Finding reports to execute in company_9jxwph8g (current time: 2025-06-28T23:43:26.075Z)
[2025-06-28T23:43:26.121Z] [INFO] Found 0 reports to execute in company_9jxwph8g
[2025-06-28T23:43:26.122Z] [INFO] Scheduled reports check completed
[2025-06-28T23:43:26.124Z] [DEBUG] MongoDB connection closed
[2025-06-28T23:43:55.417Z] [INFO] Checking for scheduled reports...
[2025-06-28T23:43:56.153Z] [DEBUG] Connected to MongoDB
[2025-06-28T23:43:56.211Z] [INFO] Found 1 company databases
[2025-06-28T23:43:56.211Z] [DEBUG] Processing company database: company_9jxwph8g
[2025-06-28T23:43:56.259Z] [DEBUG] Finding reports to execute in company_9jxwph8g (current time: 2025-06-28T23:43:56.259Z)
[2025-06-28T23:43:56.306Z] [INFO] Found 0 reports to execute in company_9jxwph8g
[2025-06-28T23:43:56.306Z] [INFO] Scheduled reports check completed
[2025-06-28T23:43:56.308Z] [DEBUG] MongoDB connection closed
[2025-06-28T23:44:25.417Z] [INFO] Checking for scheduled reports...
[2025-06-28T23:44:26.032Z] [DEBUG] Connected to MongoDB
[2025-06-28T23:44:26.092Z] [INFO] Found 1 company databases
[2025-06-28T23:44:26.093Z] [DEBUG] Processing company database: company_9jxwph8g
[2025-06-28T23:44:26.141Z] [DEBUG] Finding reports to execute in company_9jxwph8g (current time: 2025-06-28T23:44:26.141Z)
[2025-06-28T23:44:26.187Z] [INFO] Found 0 reports to execute in company_9jxwph8g
[2025-06-28T23:44:26.188Z] [INFO] Scheduled reports check completed
[2025-06-28T23:44:26.190Z] [DEBUG] MongoDB connection closed
[2025-06-28T23:44:55.417Z] [INFO] Checking for scheduled reports...
[2025-06-28T23:44:56.061Z] [DEBUG] Connected to MongoDB
[2025-06-28T23:44:56.121Z] [INFO] Found 1 company databases
[2025-06-28T23:44:56.121Z] [DEBUG] Processing company database: company_9jxwph8g
[2025-06-28T23:44:56.170Z] [DEBUG] Finding reports to execute in company_9jxwph8g (current time: 2025-06-28T23:44:56.170Z)
[2025-06-28T23:44:56.217Z] [INFO] Found 0 reports to execute in company_9jxwph8g
[2025-06-28T23:44:56.218Z] [INFO] Scheduled reports check completed
[2025-06-28T23:44:56.220Z] [DEBUG] MongoDB connection closed
[2025-06-28T23:45:25.419Z] [INFO] Checking for scheduled reports...
[2025-06-28T23:45:25.977Z] [DEBUG] Connected to MongoDB
[2025-06-28T23:45:26.037Z] [INFO] Found 1 company databases
[2025-06-28T23:45:26.038Z] [DEBUG] Processing company database: company_9jxwph8g
[2025-06-28T23:45:26.086Z] [DEBUG] Finding reports to execute in company_9jxwph8g (current time: 2025-06-28T23:45:26.086Z)
[2025-06-28T23:45:26.137Z] [INFO] Found 0 reports to execute in company_9jxwph8g
[2025-06-28T23:45:26.137Z] [INFO] Scheduled reports check completed
[2025-06-28T23:45:26.139Z] [DEBUG] MongoDB connection closed
[2025-06-28T23:45:55.420Z] [INFO] Checking for scheduled reports...
[2025-06-28T23:45:56.098Z] [DEBUG] Connected to MongoDB
[2025-06-28T23:45:56.158Z] [INFO] Found 1 company databases
[2025-06-28T23:45:56.158Z] [DEBUG] Processing company database: company_9jxwph8g
[2025-06-28T23:45:56.206Z] [DEBUG] Finding reports to execute in company_9jxwph8g (current time: 2025-06-28T23:45:56.206Z)
[2025-06-28T23:45:56.254Z] [INFO] Found 0 reports to execute in company_9jxwph8g
[2025-06-28T23:45:56.254Z] [INFO] Scheduled reports check completed
[2025-06-28T23:45:56.256Z] [DEBUG] MongoDB connection closed
[2025-06-28T23:46:25.422Z] [INFO] Checking for scheduled reports...
[2025-06-28T23:46:25.997Z] [DEBUG] Connected to MongoDB
[2025-06-28T23:46:26.056Z] [INFO] Found 1 company databases
[2025-06-28T23:46:26.057Z] [DEBUG] Processing company database: company_9jxwph8g
[2025-06-28T23:46:26.107Z] [DEBUG] Finding reports to execute in company_9jxwph8g (current time: 2025-06-28T23:46:26.107Z)
[2025-06-28T23:46:26.155Z] [INFO] Found 0 reports to execute in company_9jxwph8g
[2025-06-28T23:46:26.155Z] [INFO] Scheduled reports check completed
[2025-06-28T23:46:26.158Z] [DEBUG] MongoDB connection closed
[2025-06-28T23:46:55.423Z] [INFO] Checking for scheduled reports...
[2025-06-28T23:46:56.132Z] [DEBUG] Connected to MongoDB
[2025-06-28T23:46:56.192Z] [INFO] Found 1 company databases
[2025-06-28T23:46:56.192Z] [DEBUG] Processing company database: company_9jxwph8g
[2025-06-28T23:46:56.240Z] [DEBUG] Finding reports to execute in company_9jxwph8g (current time: 2025-06-28T23:46:56.240Z)
[2025-06-28T23:46:56.288Z] [INFO] Found 0 reports to execute in company_9jxwph8g
[2025-06-28T23:46:56.289Z] [INFO] Scheduled reports check completed
[2025-06-28T23:46:56.291Z] [DEBUG] MongoDB connection closed
[2025-06-28T23:47:25.425Z] [INFO] Checking for scheduled reports...
[2025-06-28T23:47:26.112Z] [DEBUG] Connected to MongoDB
[2025-06-28T23:47:26.172Z] [INFO] Found 1 company databases
[2025-06-28T23:47:26.172Z] [DEBUG] Processing company database: company_9jxwph8g
[2025-06-28T23:47:26.221Z] [DEBUG] Finding reports to execute in company_9jxwph8g (current time: 2025-06-28T23:47:26.221Z)
[2025-06-28T23:47:26.270Z] [INFO] Found 0 reports to execute in company_9jxwph8g
[2025-06-28T23:47:26.270Z] [INFO] Scheduled reports check completed
[2025-06-28T23:47:26.273Z] [DEBUG] MongoDB connection closed
[2025-06-28T23:47:55.426Z] [INFO] Checking for scheduled reports...
[2025-06-28T23:47:56.049Z] [DEBUG] Connected to MongoDB
[2025-06-28T23:47:56.108Z] [INFO] Found 1 company databases
[2025-06-28T23:47:56.109Z] [DEBUG] Processing company database: company_9jxwph8g
[2025-06-28T23:47:56.157Z] [DEBUG] Finding reports to execute in company_9jxwph8g (current time: 2025-06-28T23:47:56.157Z)
[2025-06-28T23:47:56.204Z] [INFO] Found 0 reports to execute in company_9jxwph8g
[2025-06-28T23:47:56.205Z] [INFO] Scheduled reports check completed
[2025-06-28T23:47:56.207Z] [DEBUG] MongoDB connection closed
[2025-06-28T23:48:25.427Z] [INFO] Checking for scheduled reports...
[2025-06-28T23:48:26.169Z] [DEBUG] Connected to MongoDB
[2025-06-28T23:48:26.228Z] [INFO] Found 1 company databases
[2025-06-28T23:48:26.229Z] [DEBUG] Processing company database: company_9jxwph8g
[2025-06-28T23:48:26.277Z] [DEBUG] Finding reports to execute in company_9jxwph8g (current time: 2025-06-28T23:48:26.277Z)
[2025-06-28T23:48:26.324Z] [INFO] Found 0 reports to execute in company_9jxwph8g
[2025-06-28T23:48:26.325Z] [INFO] Scheduled reports check completed
[2025-06-28T23:48:26.327Z] [DEBUG] MongoDB connection closed
[2025-06-28T23:48:55.432Z] [INFO] Checking for scheduled reports...
[2025-06-28T23:48:56.170Z] [DEBUG] Connected to MongoDB
[2025-06-28T23:48:56.229Z] [INFO] Found 1 company databases
[2025-06-28T23:48:56.230Z] [DEBUG] Processing company database: company_9jxwph8g
[2025-06-28T23:48:56.279Z] [DEBUG] Finding reports to execute in company_9jxwph8g (current time: 2025-06-28T23:48:56.279Z)
[2025-06-28T23:48:56.328Z] [INFO] Found 0 reports to execute in company_9jxwph8g
[2025-06-28T23:48:56.330Z] [INFO] Scheduled reports check completed
[2025-06-28T23:48:56.376Z] [DEBUG] MongoDB connection closed
[2025-06-28T23:49:25.433Z] [INFO] Checking for scheduled reports...
[2025-06-28T23:49:25.997Z] [DEBUG] Connected to MongoDB
[2025-06-28T23:49:26.056Z] [INFO] Found 1 company databases
[2025-06-28T23:49:26.056Z] [DEBUG] Processing company database: company_9jxwph8g
[2025-06-28T23:49:26.104Z] [DEBUG] Finding reports to execute in company_9jxwph8g (current time: 2025-06-28T23:49:26.104Z)
[2025-06-28T23:49:26.153Z] [INFO] Found 0 reports to execute in company_9jxwph8g
[2025-06-28T23:49:26.153Z] [INFO] Scheduled reports check completed
[2025-06-28T23:49:26.155Z] [DEBUG] MongoDB connection closed
[2025-06-28T23:49:55.435Z] [INFO] Checking for scheduled reports...
[2025-06-28T23:49:55.999Z] [DEBUG] Connected to MongoDB
[2025-06-28T23:49:56.063Z] [INFO] Found 1 company databases
[2025-06-28T23:49:56.064Z] [DEBUG] Processing company database: company_9jxwph8g
[2025-06-28T23:49:56.114Z] [DEBUG] Finding reports to execute in company_9jxwph8g (current time: 2025-06-28T23:49:56.114Z)
[2025-06-28T23:49:56.163Z] [INFO] Found 0 reports to execute in company_9jxwph8g
[2025-06-28T23:49:56.164Z] [INFO] Scheduled reports check completed
[2025-06-28T23:49:56.166Z] [DEBUG] MongoDB connection closed
[2025-06-28T23:50:25.437Z] [INFO] Checking for scheduled reports...
[2025-06-28T23:50:26.040Z] [DEBUG] Connected to MongoDB
[2025-06-28T23:50:26.099Z] [INFO] Found 1 company databases
[2025-06-28T23:50:26.099Z] [DEBUG] Processing company database: company_9jxwph8g
[2025-06-28T23:50:26.150Z] [DEBUG] Finding reports to execute in company_9jxwph8g (current time: 2025-06-28T23:50:26.150Z)
[2025-06-28T23:50:26.198Z] [INFO] Found 0 reports to execute in company_9jxwph8g
[2025-06-28T23:50:26.199Z] [INFO] Scheduled reports check completed
[2025-06-28T23:50:26.201Z] [DEBUG] MongoDB connection closed
[2025-06-28T23:50:55.439Z] [INFO] Checking for scheduled reports...
[2025-06-28T23:50:56.008Z] [DEBUG] Connected to MongoDB
[2025-06-28T23:50:56.067Z] [INFO] Found 1 company databases
[2025-06-28T23:50:56.068Z] [DEBUG] Processing company database: company_9jxwph8g
[2025-06-28T23:50:56.116Z] [DEBUG] Finding reports to execute in company_9jxwph8g (current time: 2025-06-28T23:50:56.116Z)
[2025-06-28T23:50:56.164Z] [INFO] Found 0 reports to execute in company_9jxwph8g
[2025-06-28T23:50:56.165Z] [INFO] Scheduled reports check completed
[2025-06-28T23:50:56.166Z] [DEBUG] MongoDB connection closed
[2025-06-28T23:51:25.441Z] [INFO] Checking for scheduled reports...
[2025-06-28T23:51:26.032Z] [DEBUG] Connected to MongoDB
[2025-06-28T23:51:26.090Z] [INFO] Found 1 company databases
[2025-06-28T23:51:26.091Z] [DEBUG] Processing company database: company_9jxwph8g
[2025-06-28T23:51:26.139Z] [DEBUG] Finding reports to execute in company_9jxwph8g (current time: 2025-06-28T23:51:26.138Z)
[2025-06-28T23:51:26.186Z] [INFO] Found 0 reports to execute in company_9jxwph8g
[2025-06-28T23:51:26.186Z] [INFO] Scheduled reports check completed
[2025-06-28T23:51:26.188Z] [DEBUG] MongoDB connection closed
[2025-06-28T23:51:55.447Z] [INFO] Checking for scheduled reports...
[2025-06-28T23:51:56.008Z] [DEBUG] Connected to MongoDB
[2025-06-28T23:51:56.067Z] [INFO] Found 1 company databases
[2025-06-28T23:51:56.068Z] [DEBUG] Processing company database: company_9jxwph8g
[2025-06-28T23:51:56.117Z] [DEBUG] Finding reports to execute in company_9jxwph8g (current time: 2025-06-28T23:51:56.117Z)
[2025-06-28T23:51:56.165Z] [INFO] Found 0 reports to execute in company_9jxwph8g
[2025-06-28T23:51:56.165Z] [INFO] Scheduled reports check completed
[2025-06-28T23:51:56.169Z] [DEBUG] MongoDB connection closed
[2025-06-28T23:52:25.454Z] [INFO] Checking for scheduled reports...
[2025-06-28T23:52:26.106Z] [DEBUG] Connected to MongoDB
[2025-06-28T23:52:26.165Z] [INFO] Found 1 company databases
[2025-06-28T23:52:26.166Z] [DEBUG] Processing company database: company_9jxwph8g
[2025-06-28T23:52:26.214Z] [DEBUG] Finding reports to execute in company_9jxwph8g (current time: 2025-06-28T23:52:26.214Z)
[2025-06-28T23:52:26.262Z] [INFO] Found 0 reports to execute in company_9jxwph8g
[2025-06-28T23:52:26.262Z] [INFO] Scheduled reports check completed
[2025-06-28T23:52:26.264Z] [DEBUG] MongoDB connection closed
[2025-06-28T23:52:55.456Z] [INFO] Checking for scheduled reports...
[2025-06-28T23:52:56.123Z] [DEBUG] Connected to MongoDB
[2025-06-28T23:52:56.183Z] [INFO] Found 1 company databases
[2025-06-28T23:52:56.183Z] [DEBUG] Processing company database: company_9jxwph8g
[2025-06-28T23:52:56.233Z] [DEBUG] Finding reports to execute in company_9jxwph8g (current time: 2025-06-28T23:52:56.233Z)
[2025-06-28T23:52:56.285Z] [INFO] Found 0 reports to execute in company_9jxwph8g
[2025-06-28T23:52:56.285Z] [INFO] Scheduled reports check completed
[2025-06-28T23:52:56.288Z] [DEBUG] MongoDB connection closed
[2025-06-28T23:53:25.459Z] [INFO] Checking for scheduled reports...
[2025-06-28T23:53:26.028Z] [DEBUG] Connected to MongoDB
[2025-06-28T23:53:26.087Z] [INFO] Found 1 company databases
[2025-06-28T23:53:26.088Z] [DEBUG] Processing company database: company_9jxwph8g
[2025-06-28T23:53:26.135Z] [DEBUG] Finding reports to execute in company_9jxwph8g (current time: 2025-06-28T23:53:26.135Z)
[2025-06-28T23:53:26.183Z] [INFO] Found 0 reports to execute in company_9jxwph8g
[2025-06-28T23:53:26.183Z] [INFO] Scheduled reports check completed
[2025-06-28T23:53:26.185Z] [DEBUG] MongoDB connection closed
[2025-06-28T23:53:55.460Z] [INFO] Checking for scheduled reports...
[2025-06-28T23:53:56.187Z] [DEBUG] Connected to MongoDB
[2025-06-28T23:53:56.263Z] [INFO] Found 1 company databases
[2025-06-28T23:53:56.263Z] [DEBUG] Processing company database: company_9jxwph8g
[2025-06-28T23:53:56.342Z] [DEBUG] Finding reports to execute in company_9jxwph8g (current time: 2025-06-28T23:53:56.342Z)
[2025-06-28T23:53:56.390Z] [INFO] Found 0 reports to execute in company_9jxwph8g
[2025-06-28T23:53:56.391Z] [INFO] Scheduled reports check completed
[2025-06-28T23:53:56.395Z] [DEBUG] MongoDB connection closed
[2025-06-28T23:54:25.467Z] [INFO] Checking for scheduled reports...
[2025-06-28T23:54:26.063Z] [DEBUG] Connected to MongoDB
[2025-06-28T23:54:26.123Z] [INFO] Found 1 company databases
[2025-06-28T23:54:26.124Z] [DEBUG] Processing company database: company_9jxwph8g
[2025-06-28T23:54:26.173Z] [DEBUG] Finding reports to execute in company_9jxwph8g (current time: 2025-06-28T23:54:26.173Z)
[2025-06-28T23:54:26.221Z] [INFO] Found 0 reports to execute in company_9jxwph8g
[2025-06-28T23:54:26.222Z] [INFO] Scheduled reports check completed
[2025-06-28T23:54:26.225Z] [DEBUG] MongoDB connection closed
[2025-06-28T23:54:55.469Z] [INFO] Checking for scheduled reports...
[2025-06-28T23:54:56.036Z] [DEBUG] Connected to MongoDB
[2025-06-28T23:54:56.096Z] [INFO] Found 1 company databases
[2025-06-28T23:54:56.096Z] [DEBUG] Processing company database: company_9jxwph8g
[2025-06-28T23:54:56.147Z] [DEBUG] Finding reports to execute in company_9jxwph8g (current time: 2025-06-28T23:54:56.147Z)
[2025-06-28T23:54:56.196Z] [INFO] Found 0 reports to execute in company_9jxwph8g
[2025-06-28T23:54:56.196Z] [INFO] Scheduled reports check completed
[2025-06-28T23:54:56.199Z] [DEBUG] MongoDB connection closed
[2025-06-28T23:55:25.473Z] [INFO] Checking for scheduled reports...
[2025-06-28T23:55:26.158Z] [DEBUG] Connected to MongoDB
[2025-06-28T23:55:26.218Z] [INFO] Found 1 company databases
[2025-06-28T23:55:26.221Z] [DEBUG] Processing company database: company_9jxwph8g
[2025-06-28T23:55:26.273Z] [DEBUG] Finding reports to execute in company_9jxwph8g (current time: 2025-06-28T23:55:26.273Z)
[2025-06-28T23:55:26.324Z] [INFO] Found 0 reports to execute in company_9jxwph8g
[2025-06-28T23:55:26.324Z] [INFO] Scheduled reports check completed
[2025-06-28T23:55:26.325Z] [DEBUG] MongoDB connection closed
[2025-06-28T23:55:55.475Z] [INFO] Checking for scheduled reports...
[2025-06-28T23:55:56.033Z] [DEBUG] Connected to MongoDB
[2025-06-28T23:55:56.093Z] [INFO] Found 1 company databases
[2025-06-28T23:55:56.094Z] [DEBUG] Processing company database: company_9jxwph8g
[2025-06-28T23:55:56.142Z] [DEBUG] Finding reports to execute in company_9jxwph8g (current time: 2025-06-28T23:55:56.142Z)
[2025-06-28T23:55:56.213Z] [INFO] Found 0 reports to execute in company_9jxwph8g
[2025-06-28T23:55:56.214Z] [INFO] Scheduled reports check completed
[2025-06-28T23:55:56.244Z] [DEBUG] MongoDB connection closed
[2025-06-28T23:56:25.476Z] [INFO] Checking for scheduled reports...
[2025-06-28T23:56:26.033Z] [DEBUG] Connected to MongoDB
[2025-06-28T23:56:26.092Z] [INFO] Found 1 company databases
[2025-06-28T23:56:26.093Z] [DEBUG] Processing company database: company_9jxwph8g
[2025-06-28T23:56:26.142Z] [DEBUG] Finding reports to execute in company_9jxwph8g (current time: 2025-06-28T23:56:26.142Z)
[2025-06-28T23:56:26.189Z] [INFO] Found 0 reports to execute in company_9jxwph8g
[2025-06-28T23:56:26.190Z] [INFO] Scheduled reports check completed
[2025-06-28T23:56:26.192Z] [DEBUG] MongoDB connection closed
[2025-06-28T23:56:55.478Z] [INFO] Checking for scheduled reports...
[2025-06-28T23:56:56.238Z] [DEBUG] Connected to MongoDB
[2025-06-28T23:56:56.298Z] [INFO] Found 1 company databases
[2025-06-28T23:56:56.298Z] [DEBUG] Processing company database: company_9jxwph8g
[2025-06-28T23:56:56.347Z] [DEBUG] Finding reports to execute in company_9jxwph8g (current time: 2025-06-28T23:56:56.347Z)
[2025-06-28T23:56:56.395Z] [INFO] Found 0 reports to execute in company_9jxwph8g
[2025-06-28T23:56:56.396Z] [INFO] Scheduled reports check completed
[2025-06-28T23:56:56.398Z] [DEBUG] MongoDB connection closed
[2025-06-28T23:57:25.478Z] [INFO] Checking for scheduled reports...
[2025-06-28T23:57:26.040Z] [DEBUG] Connected to MongoDB
[2025-06-28T23:57:26.099Z] [INFO] Found 1 company databases
[2025-06-28T23:57:26.100Z] [DEBUG] Processing company database: company_9jxwph8g
[2025-06-28T23:57:26.150Z] [DEBUG] Finding reports to execute in company_9jxwph8g (current time: 2025-06-28T23:57:26.150Z)
[2025-06-28T23:57:26.197Z] [INFO] Found 0 reports to execute in company_9jxwph8g
[2025-06-28T23:57:26.198Z] [INFO] Scheduled reports check completed
[2025-06-28T23:57:26.200Z] [DEBUG] MongoDB connection closed
[2025-06-28T23:57:55.480Z] [INFO] Checking for scheduled reports...
[2025-06-28T23:57:56.052Z] [DEBUG] Connected to MongoDB
[2025-06-28T23:57:56.111Z] [INFO] Found 1 company databases
[2025-06-28T23:57:56.112Z] [DEBUG] Processing company database: company_9jxwph8g
[2025-06-28T23:57:56.159Z] [DEBUG] Finding reports to execute in company_9jxwph8g (current time: 2025-06-28T23:57:56.159Z)
[2025-06-28T23:57:56.206Z] [INFO] Found 0 reports to execute in company_9jxwph8g
[2025-06-28T23:57:56.206Z] [INFO] Scheduled reports check completed
[2025-06-28T23:57:56.207Z] [DEBUG] MongoDB connection closed
[2025-06-28T23:58:25.481Z] [INFO] Checking for scheduled reports...
[2025-06-28T23:58:26.106Z] [DEBUG] Connected to MongoDB
[2025-06-28T23:58:26.167Z] [INFO] Found 1 company databases
[2025-06-28T23:58:26.169Z] [DEBUG] Processing company database: company_9jxwph8g
[2025-06-28T23:58:26.220Z] [DEBUG] Finding reports to execute in company_9jxwph8g (current time: 2025-06-28T23:58:26.220Z)
[2025-06-28T23:58:26.268Z] [INFO] Found 0 reports to execute in company_9jxwph8g
[2025-06-28T23:58:26.269Z] [INFO] Scheduled reports check completed
[2025-06-28T23:58:26.271Z] [DEBUG] MongoDB connection closed
[2025-06-28T23:58:55.484Z] [INFO] Checking for scheduled reports...
[2025-06-28T23:58:56.082Z] [DEBUG] Connected to MongoDB
[2025-06-28T23:58:56.141Z] [INFO] Found 1 company databases
[2025-06-28T23:58:56.141Z] [DEBUG] Processing company database: company_9jxwph8g
[2025-06-28T23:58:56.190Z] [DEBUG] Finding reports to execute in company_9jxwph8g (current time: 2025-06-28T23:58:56.190Z)
[2025-06-28T23:58:56.239Z] [INFO] Found 0 reports to execute in company_9jxwph8g
[2025-06-28T23:58:56.239Z] [INFO] Scheduled reports check completed
[2025-06-28T23:58:56.241Z] [DEBUG] MongoDB connection closed
[2025-06-28T23:59:25.485Z] [INFO] Checking for scheduled reports...
[2025-06-28T23:59:26.150Z] [DEBUG] Connected to MongoDB
[2025-06-28T23:59:26.237Z] [INFO] Found 1 company databases
[2025-06-28T23:59:26.238Z] [DEBUG] Processing company database: company_9jxwph8g
[2025-06-28T23:59:26.286Z] [DEBUG] Finding reports to execute in company_9jxwph8g (current time: 2025-06-28T23:59:26.286Z)
[2025-06-28T23:59:26.335Z] [INFO] Found 0 reports to execute in company_9jxwph8g
[2025-06-28T23:59:26.336Z] [INFO] Scheduled reports check completed
[2025-06-28T23:59:26.338Z] [DEBUG] MongoDB connection closed
[2025-06-28T23:59:55.485Z] [INFO] Checking for scheduled reports...
[2025-06-28T23:59:56.046Z] [DEBUG] Connected to MongoDB
[2025-06-28T23:59:56.104Z] [INFO] Found 1 company databases
[2025-06-28T23:59:56.104Z] [DEBUG] Processing company database: company_9jxwph8g
[2025-06-28T23:59:56.151Z] [DEBUG] Finding reports to execute in company_9jxwph8g (current time: 2025-06-28T23:59:56.151Z)
[2025-06-28T23:59:56.199Z] [INFO] Found 0 reports to execute in company_9jxwph8g
[2025-06-28T23:59:56.199Z] [INFO] Scheduled reports check completed
[2025-06-28T23:59:56.200Z] [DEBUG] MongoDB connection closed
