[2025-08-10T17:02:06.502Z] [INFO] Starting scheduled reports daemon with check interval of 10000ms
[2025-08-10T17:02:06.503Z] [INFO] Checking for scheduled reports...
[2025-08-10T17:02:07.479Z] [DEBUG] Connected to MongoDB
[2025-08-10T17:02:07.561Z] [INFO] Found 1 company databases
[2025-08-10T17:02:07.561Z] [DEBUG] Processing company database: company_ry0iwbpw
[2025-08-10T17:02:07.629Z] [DEBUG] Finding reports to execute in company_ry0iwbpw (current time: 2025-08-10T17:02:07.629Z)
[2025-08-10T17:02:07.698Z] [INFO] Found 0 reports to execute in company_ry0iwbpw
[2025-08-10T17:02:07.698Z] [INFO] Scheduled reports check completed
[2025-08-10T17:02:07.700Z] [DEBUG] MongoDB connection closed
[2025-08-10T17:02:07.700Z] [INFO] Daemon is now running continuously...
[2025-08-10T17:02:17.701Z] [INFO] Checking for scheduled reports...
[2025-08-10T17:02:18.581Z] [DEBUG] Connected to MongoDB
[2025-08-10T17:02:18.675Z] [INFO] Found 1 company databases
[2025-08-10T17:02:18.676Z] [DEBUG] Processing company database: company_ry0iwbpw
[2025-08-10T17:02:18.750Z] [DEBUG] Finding reports to execute in company_ry0iwbpw (current time: 2025-08-10T17:02:18.750Z)
[2025-08-10T17:02:18.834Z] [INFO] Found 0 reports to execute in company_ry0iwbpw
[2025-08-10T17:02:18.835Z] [INFO] Scheduled reports check completed
[2025-08-10T17:02:18.839Z] [DEBUG] MongoDB connection closed
[2025-08-10T17:02:27.701Z] [INFO] Checking for scheduled reports...
[2025-08-10T17:02:28.531Z] [DEBUG] Connected to MongoDB
[2025-08-10T17:02:28.610Z] [INFO] Found 1 company databases
[2025-08-10T17:02:28.611Z] [DEBUG] Processing company database: company_ry0iwbpw
[2025-08-10T17:02:28.701Z] [DEBUG] Finding reports to execute in company_ry0iwbpw (current time: 2025-08-10T17:02:28.701Z)
[2025-08-10T17:02:28.782Z] [INFO] Found 0 reports to execute in company_ry0iwbpw
[2025-08-10T17:02:28.783Z] [INFO] Scheduled reports check completed
[2025-08-10T17:02:28.786Z] [DEBUG] MongoDB connection closed
[2025-08-10T17:02:37.701Z] [INFO] Checking for scheduled reports...
[2025-08-10T17:02:38.615Z] [DEBUG] Connected to MongoDB
[2025-08-10T17:02:38.707Z] [INFO] Found 1 company databases
[2025-08-10T17:02:38.708Z] [DEBUG] Processing company database: company_ry0iwbpw
[2025-08-10T17:02:38.783Z] [DEBUG] Finding reports to execute in company_ry0iwbpw (current time: 2025-08-10T17:02:38.783Z)
[2025-08-10T17:02:38.878Z] [INFO] Found 0 reports to execute in company_ry0iwbpw
[2025-08-10T17:02:38.879Z] [INFO] Scheduled reports check completed
[2025-08-10T17:02:38.884Z] [DEBUG] MongoDB connection closed
[2025-08-10T17:02:47.701Z] [INFO] Checking for scheduled reports...
[2025-08-10T17:02:48.538Z] [DEBUG] Connected to MongoDB
[2025-08-10T17:02:48.624Z] [INFO] Found 1 company databases
[2025-08-10T17:02:48.624Z] [DEBUG] Processing company database: company_ry0iwbpw
[2025-08-10T17:02:48.724Z] [DEBUG] Finding reports to execute in company_ry0iwbpw (current time: 2025-08-10T17:02:48.724Z)
[2025-08-10T17:02:48.792Z] [INFO] Found 0 reports to execute in company_ry0iwbpw
[2025-08-10T17:02:48.792Z] [INFO] Scheduled reports check completed
[2025-08-10T17:02:48.793Z] [DEBUG] MongoDB connection closed
[2025-08-10T17:02:57.702Z] [INFO] Checking for scheduled reports...
[2025-08-10T17:02:58.476Z] [DEBUG] Connected to MongoDB
[2025-08-10T17:02:58.552Z] [INFO] Found 1 company databases
[2025-08-10T17:02:58.553Z] [DEBUG] Processing company database: company_ry0iwbpw
[2025-08-10T17:02:58.619Z] [DEBUG] Finding reports to execute in company_ry0iwbpw (current time: 2025-08-10T17:02:58.619Z)
[2025-08-10T17:02:58.699Z] [INFO] Found 0 reports to execute in company_ry0iwbpw
[2025-08-10T17:02:58.700Z] [INFO] Scheduled reports check completed
[2025-08-10T17:02:58.705Z] [DEBUG] MongoDB connection closed
[2025-08-10T17:03:07.703Z] [INFO] Checking for scheduled reports...
[2025-08-10T17:03:08.625Z] [DEBUG] Connected to MongoDB
[2025-08-10T17:03:08.718Z] [INFO] Found 1 company databases
[2025-08-10T17:03:08.719Z] [DEBUG] Processing company database: company_ry0iwbpw
[2025-08-10T17:03:08.794Z] [DEBUG] Finding reports to execute in company_ry0iwbpw (current time: 2025-08-10T17:03:08.794Z)
[2025-08-10T17:03:08.878Z] [INFO] Found 0 reports to execute in company_ry0iwbpw
[2025-08-10T17:03:08.879Z] [INFO] Scheduled reports check completed
[2025-08-10T17:03:08.881Z] [DEBUG] MongoDB connection closed
[2025-08-10T17:03:17.704Z] [INFO] Checking for scheduled reports...
[2025-08-10T17:03:18.573Z] [DEBUG] Connected to MongoDB
[2025-08-10T17:03:18.662Z] [INFO] Found 1 company databases
[2025-08-10T17:03:18.662Z] [DEBUG] Processing company database: company_ry0iwbpw
[2025-08-10T17:03:18.754Z] [DEBUG] Finding reports to execute in company_ry0iwbpw (current time: 2025-08-10T17:03:18.754Z)
[2025-08-10T17:03:18.834Z] [INFO] Found 0 reports to execute in company_ry0iwbpw
[2025-08-10T17:03:18.835Z] [INFO] Scheduled reports check completed
[2025-08-10T17:03:18.836Z] [DEBUG] MongoDB connection closed
[2025-08-10T17:03:27.705Z] [INFO] Checking for scheduled reports...
[2025-08-10T17:03:28.551Z] [DEBUG] Connected to MongoDB
[2025-08-10T17:03:28.633Z] [INFO] Found 1 company databases
[2025-08-10T17:03:28.634Z] [DEBUG] Processing company database: company_ry0iwbpw
[2025-08-10T17:03:28.705Z] [DEBUG] Finding reports to execute in company_ry0iwbpw (current time: 2025-08-10T17:03:28.705Z)
[2025-08-10T17:03:28.784Z] [INFO] Found 0 reports to execute in company_ry0iwbpw
[2025-08-10T17:03:28.784Z] [INFO] Scheduled reports check completed
[2025-08-10T17:03:28.786Z] [DEBUG] MongoDB connection closed
[2025-08-10T17:03:37.706Z] [INFO] Checking for scheduled reports...
[2025-08-10T17:03:38.570Z] [DEBUG] Connected to MongoDB
[2025-08-10T17:03:38.643Z] [INFO] Found 1 company databases
[2025-08-10T17:03:38.644Z] [DEBUG] Processing company database: company_ry0iwbpw
[2025-08-10T17:03:38.731Z] [DEBUG] Finding reports to execute in company_ry0iwbpw (current time: 2025-08-10T17:03:38.731Z)
[2025-08-10T17:03:38.801Z] [INFO] Found 0 reports to execute in company_ry0iwbpw
[2025-08-10T17:03:38.801Z] [INFO] Scheduled reports check completed
[2025-08-10T17:03:38.802Z] [DEBUG] MongoDB connection closed
[2025-08-10T17:03:47.707Z] [INFO] Checking for scheduled reports...
[2025-08-10T17:03:48.569Z] [DEBUG] Connected to MongoDB
[2025-08-10T17:03:48.656Z] [INFO] Found 1 company databases
[2025-08-10T17:03:48.657Z] [DEBUG] Processing company database: company_ry0iwbpw
[2025-08-10T17:03:48.727Z] [DEBUG] Finding reports to execute in company_ry0iwbpw (current time: 2025-08-10T17:03:48.727Z)
[2025-08-10T17:03:48.808Z] [INFO] Found 0 reports to execute in company_ry0iwbpw
[2025-08-10T17:03:48.809Z] [INFO] Scheduled reports check completed
[2025-08-10T17:03:48.811Z] [DEBUG] MongoDB connection closed
[2025-08-10T17:03:57.707Z] [INFO] Checking for scheduled reports...
[2025-08-10T17:03:58.569Z] [DEBUG] Connected to MongoDB
[2025-08-10T17:03:58.651Z] [INFO] Found 1 company databases
[2025-08-10T17:03:58.652Z] [DEBUG] Processing company database: company_ry0iwbpw
[2025-08-10T17:03:58.722Z] [DEBUG] Finding reports to execute in company_ry0iwbpw (current time: 2025-08-10T17:03:58.722Z)
[2025-08-10T17:03:58.792Z] [INFO] Found 0 reports to execute in company_ry0iwbpw
[2025-08-10T17:03:58.793Z] [INFO] Scheduled reports check completed
[2025-08-10T17:03:58.798Z] [DEBUG] MongoDB connection closed
[2025-08-10T17:04:07.708Z] [INFO] Checking for scheduled reports...
[2025-08-10T17:04:08.658Z] [DEBUG] Connected to MongoDB
[2025-08-10T17:04:08.750Z] [INFO] Found 1 company databases
[2025-08-10T17:04:08.751Z] [DEBUG] Processing company database: company_ry0iwbpw
[2025-08-10T17:04:08.842Z] [DEBUG] Finding reports to execute in company_ry0iwbpw (current time: 2025-08-10T17:04:08.842Z)
[2025-08-10T17:04:08.921Z] [INFO] Found 0 reports to execute in company_ry0iwbpw
[2025-08-10T17:04:08.923Z] [INFO] Scheduled reports check completed
[2025-08-10T17:04:08.925Z] [DEBUG] MongoDB connection closed
[2025-08-10T17:04:17.710Z] [INFO] Checking for scheduled reports...
[2025-08-10T17:04:18.542Z] [DEBUG] Connected to MongoDB
[2025-08-10T17:04:18.635Z] [INFO] Found 1 company databases
[2025-08-10T17:04:18.636Z] [DEBUG] Processing company database: company_ry0iwbpw
[2025-08-10T17:04:18.714Z] [DEBUG] Finding reports to execute in company_ry0iwbpw (current time: 2025-08-10T17:04:18.714Z)
[2025-08-10T17:04:18.796Z] [INFO] Found 0 reports to execute in company_ry0iwbpw
[2025-08-10T17:04:18.797Z] [INFO] Scheduled reports check completed
[2025-08-10T17:04:18.800Z] [DEBUG] MongoDB connection closed
[2025-08-10T17:04:27.710Z] [INFO] Checking for scheduled reports...
[2025-08-10T17:04:28.596Z] [DEBUG] Connected to MongoDB
[2025-08-10T17:04:28.676Z] [INFO] Found 1 company databases
[2025-08-10T17:04:28.677Z] [DEBUG] Processing company database: company_ry0iwbpw
[2025-08-10T17:04:28.750Z] [DEBUG] Finding reports to execute in company_ry0iwbpw (current time: 2025-08-10T17:04:28.750Z)
[2025-08-10T17:04:28.831Z] [INFO] Found 0 reports to execute in company_ry0iwbpw
[2025-08-10T17:04:28.832Z] [INFO] Scheduled reports check completed
[2025-08-10T17:04:28.835Z] [DEBUG] MongoDB connection closed
[2025-08-10T17:04:37.712Z] [INFO] Checking for scheduled reports...
[2025-08-10T17:04:38.575Z] [DEBUG] Connected to MongoDB
[2025-08-10T17:04:38.665Z] [INFO] Found 1 company databases
[2025-08-10T17:04:38.666Z] [DEBUG] Processing company database: company_ry0iwbpw
[2025-08-10T17:04:38.767Z] [DEBUG] Finding reports to execute in company_ry0iwbpw (current time: 2025-08-10T17:04:38.767Z)
[2025-08-10T17:04:38.840Z] [INFO] Found 0 reports to execute in company_ry0iwbpw
[2025-08-10T17:04:38.840Z] [INFO] Scheduled reports check completed
[2025-08-10T17:04:38.843Z] [DEBUG] MongoDB connection closed
[2025-08-10T17:04:47.713Z] [INFO] Checking for scheduled reports...
[2025-08-10T17:04:48.595Z] [DEBUG] Connected to MongoDB
[2025-08-10T17:04:48.687Z] [INFO] Found 1 company databases
[2025-08-10T17:04:48.688Z] [DEBUG] Processing company database: company_ry0iwbpw
[2025-08-10T17:04:48.760Z] [DEBUG] Finding reports to execute in company_ry0iwbpw (current time: 2025-08-10T17:04:48.760Z)
[2025-08-10T17:04:48.831Z] [INFO] Found 0 reports to execute in company_ry0iwbpw
[2025-08-10T17:04:48.832Z] [INFO] Scheduled reports check completed
[2025-08-10T17:04:48.835Z] [DEBUG] MongoDB connection closed
[2025-08-10T17:04:57.715Z] [INFO] Checking for scheduled reports...
[2025-08-10T17:04:58.555Z] [DEBUG] Connected to MongoDB
[2025-08-10T17:04:58.646Z] [INFO] Found 1 company databases
[2025-08-10T17:04:58.646Z] [DEBUG] Processing company database: company_ry0iwbpw
[2025-08-10T17:04:58.721Z] [DEBUG] Finding reports to execute in company_ry0iwbpw (current time: 2025-08-10T17:04:58.721Z)
[2025-08-10T17:04:58.794Z] [INFO] Found 0 reports to execute in company_ry0iwbpw
[2025-08-10T17:04:58.795Z] [INFO] Scheduled reports check completed
[2025-08-10T17:04:58.796Z] [DEBUG] MongoDB connection closed
[2025-08-10T17:05:07.715Z] [INFO] Checking for scheduled reports...
[2025-08-10T17:05:08.601Z] [DEBUG] Connected to MongoDB
[2025-08-10T17:05:08.682Z] [INFO] Found 1 company databases
[2025-08-10T17:05:08.683Z] [DEBUG] Processing company database: company_ry0iwbpw
[2025-08-10T17:05:08.770Z] [DEBUG] Finding reports to execute in company_ry0iwbpw (current time: 2025-08-10T17:05:08.770Z)
[2025-08-10T17:05:08.852Z] [INFO] Found 0 reports to execute in company_ry0iwbpw
[2025-08-10T17:05:08.853Z] [INFO] Scheduled reports check completed
[2025-08-10T17:05:08.855Z] [DEBUG] MongoDB connection closed
[2025-08-10T17:05:17.716Z] [INFO] Checking for scheduled reports...
[2025-08-10T17:05:18.550Z] [DEBUG] Connected to MongoDB
[2025-08-10T17:05:18.636Z] [INFO] Found 1 company databases
[2025-08-10T17:05:18.637Z] [DEBUG] Processing company database: company_ry0iwbpw
[2025-08-10T17:05:18.727Z] [DEBUG] Finding reports to execute in company_ry0iwbpw (current time: 2025-08-10T17:05:18.727Z)
[2025-08-10T17:05:18.794Z] [INFO] Found 0 reports to execute in company_ry0iwbpw
[2025-08-10T17:05:18.795Z] [INFO] Scheduled reports check completed
[2025-08-10T17:05:18.795Z] [DEBUG] MongoDB connection closed
[2025-08-10T17:05:27.717Z] [INFO] Checking for scheduled reports...
[2025-08-10T17:05:28.541Z] [DEBUG] Connected to MongoDB
[2025-08-10T17:05:28.622Z] [INFO] Found 1 company databases
[2025-08-10T17:05:28.622Z] [DEBUG] Processing company database: company_ry0iwbpw
[2025-08-10T17:05:28.690Z] [DEBUG] Finding reports to execute in company_ry0iwbpw (current time: 2025-08-10T17:05:28.690Z)
[2025-08-10T17:05:28.764Z] [INFO] Found 0 reports to execute in company_ry0iwbpw
[2025-08-10T17:05:28.764Z] [INFO] Scheduled reports check completed
[2025-08-10T17:05:28.769Z] [DEBUG] MongoDB connection closed
[2025-08-10T17:05:37.718Z] [INFO] Checking for scheduled reports...
[2025-08-10T17:05:38.604Z] [DEBUG] Connected to MongoDB
[2025-08-10T17:05:38.696Z] [INFO] Found 1 company databases
[2025-08-10T17:05:38.697Z] [DEBUG] Processing company database: company_ry0iwbpw
[2025-08-10T17:05:38.770Z] [DEBUG] Finding reports to execute in company_ry0iwbpw (current time: 2025-08-10T17:05:38.770Z)
[2025-08-10T17:05:38.843Z] [INFO] Found 0 reports to execute in company_ry0iwbpw
[2025-08-10T17:05:38.844Z] [INFO] Scheduled reports check completed
[2025-08-10T17:05:38.847Z] [DEBUG] MongoDB connection closed
[2025-08-10T17:05:47.719Z] [INFO] Checking for scheduled reports...
[2025-08-10T17:05:48.543Z] [DEBUG] Connected to MongoDB
[2025-08-10T17:05:48.629Z] [INFO] Found 1 company databases
[2025-08-10T17:05:48.630Z] [DEBUG] Processing company database: company_ry0iwbpw
[2025-08-10T17:05:48.703Z] [DEBUG] Finding reports to execute in company_ry0iwbpw (current time: 2025-08-10T17:05:48.703Z)
[2025-08-10T17:05:48.786Z] [INFO] Found 0 reports to execute in company_ry0iwbpw
[2025-08-10T17:05:48.786Z] [INFO] Scheduled reports check completed
[2025-08-10T17:05:48.789Z] [DEBUG] MongoDB connection closed
[2025-08-10T17:05:57.720Z] [INFO] Checking for scheduled reports...
[2025-08-10T17:05:58.564Z] [DEBUG] Connected to MongoDB
[2025-08-10T17:05:58.642Z] [INFO] Found 1 company databases
[2025-08-10T17:05:58.643Z] [DEBUG] Processing company database: company_ry0iwbpw
[2025-08-10T17:05:58.713Z] [DEBUG] Finding reports to execute in company_ry0iwbpw (current time: 2025-08-10T17:05:58.713Z)
[2025-08-10T17:05:58.783Z] [INFO] Found 0 reports to execute in company_ry0iwbpw
[2025-08-10T17:05:58.784Z] [INFO] Scheduled reports check completed
[2025-08-10T17:05:58.789Z] [DEBUG] MongoDB connection closed
[2025-08-10T17:06:07.722Z] [INFO] Checking for scheduled reports...
[2025-08-10T17:06:08.603Z] [DEBUG] Connected to MongoDB
[2025-08-10T17:06:08.696Z] [INFO] Found 1 company databases
[2025-08-10T17:06:08.697Z] [DEBUG] Processing company database: company_ry0iwbpw
[2025-08-10T17:06:08.770Z] [DEBUG] Finding reports to execute in company_ry0iwbpw (current time: 2025-08-10T17:06:08.770Z)
[2025-08-10T17:06:08.842Z] [INFO] Found 0 reports to execute in company_ry0iwbpw
[2025-08-10T17:06:08.843Z] [INFO] Scheduled reports check completed
[2025-08-10T17:06:08.846Z] [DEBUG] MongoDB connection closed
[2025-08-10T17:06:17.723Z] [INFO] Checking for scheduled reports...
[2025-08-10T17:06:18.609Z] [DEBUG] Connected to MongoDB
[2025-08-10T17:06:18.703Z] [INFO] Found 1 company databases
[2025-08-10T17:06:18.704Z] [DEBUG] Processing company database: company_ry0iwbpw
[2025-08-10T17:06:18.796Z] [DEBUG] Finding reports to execute in company_ry0iwbpw (current time: 2025-08-10T17:06:18.796Z)
[2025-08-10T17:06:18.870Z] [INFO] Found 0 reports to execute in company_ry0iwbpw
[2025-08-10T17:06:18.871Z] [INFO] Scheduled reports check completed
[2025-08-10T17:06:18.874Z] [DEBUG] MongoDB connection closed
[2025-08-10T17:06:27.724Z] [INFO] Checking for scheduled reports...
[2025-08-10T17:06:28.580Z] [DEBUG] Connected to MongoDB
[2025-08-10T17:06:28.668Z] [INFO] Found 1 company databases
[2025-08-10T17:06:28.669Z] [DEBUG] Processing company database: company_ry0iwbpw
[2025-08-10T17:06:28.736Z] [DEBUG] Finding reports to execute in company_ry0iwbpw (current time: 2025-08-10T17:06:28.736Z)
[2025-08-10T17:06:28.804Z] [INFO] Found 0 reports to execute in company_ry0iwbpw
[2025-08-10T17:06:28.804Z] [INFO] Scheduled reports check completed
[2025-08-10T17:06:28.805Z] [DEBUG] MongoDB connection closed
[2025-08-10T17:06:37.725Z] [INFO] Checking for scheduled reports...
[2025-08-10T17:06:38.559Z] [DEBUG] Connected to MongoDB
[2025-08-10T17:06:38.644Z] [INFO] Found 1 company databases
[2025-08-10T17:06:38.645Z] [DEBUG] Processing company database: company_ry0iwbpw
[2025-08-10T17:06:38.714Z] [DEBUG] Finding reports to execute in company_ry0iwbpw (current time: 2025-08-10T17:06:38.714Z)
[2025-08-10T17:06:38.780Z] [INFO] Found 0 reports to execute in company_ry0iwbpw
[2025-08-10T17:06:38.781Z] [INFO] Scheduled reports check completed
[2025-08-10T17:06:38.783Z] [DEBUG] MongoDB connection closed
[2025-08-10T17:06:47.726Z] [INFO] Checking for scheduled reports...
[2025-08-10T17:06:48.517Z] [DEBUG] Connected to MongoDB
[2025-08-10T17:06:48.595Z] [INFO] Found 1 company databases
[2025-08-10T17:06:48.595Z] [DEBUG] Processing company database: company_ry0iwbpw
[2025-08-10T17:06:48.667Z] [DEBUG] Finding reports to execute in company_ry0iwbpw (current time: 2025-08-10T17:06:48.667Z)
[2025-08-10T17:06:48.736Z] [INFO] Found 0 reports to execute in company_ry0iwbpw
[2025-08-10T17:06:48.737Z] [INFO] Scheduled reports check completed
[2025-08-10T17:06:48.740Z] [DEBUG] MongoDB connection closed
[2025-08-10T17:06:57.727Z] [INFO] Checking for scheduled reports...
[2025-08-10T17:06:58.551Z] [DEBUG] Connected to MongoDB
[2025-08-10T17:06:58.639Z] [INFO] Found 1 company databases
[2025-08-10T17:06:58.639Z] [DEBUG] Processing company database: company_ry0iwbpw
[2025-08-10T17:06:58.711Z] [DEBUG] Finding reports to execute in company_ry0iwbpw (current time: 2025-08-10T17:06:58.711Z)
[2025-08-10T17:06:58.780Z] [INFO] Found 0 reports to execute in company_ry0iwbpw
[2025-08-10T17:06:58.780Z] [INFO] Scheduled reports check completed
[2025-08-10T17:06:58.783Z] [DEBUG] MongoDB connection closed
[2025-08-10T17:07:07.729Z] [INFO] Checking for scheduled reports...
[2025-08-10T17:07:08.625Z] [DEBUG] Connected to MongoDB
[2025-08-10T17:07:08.717Z] [INFO] Found 1 company databases
[2025-08-10T17:07:08.718Z] [DEBUG] Processing company database: company_ry0iwbpw
[2025-08-10T17:07:08.791Z] [DEBUG] Finding reports to execute in company_ry0iwbpw (current time: 2025-08-10T17:07:08.791Z)
[2025-08-10T17:07:08.863Z] [INFO] Found 0 reports to execute in company_ry0iwbpw
[2025-08-10T17:07:08.864Z] [INFO] Scheduled reports check completed
[2025-08-10T17:07:08.866Z] [DEBUG] MongoDB connection closed
[2025-08-10T17:07:17.730Z] [INFO] Checking for scheduled reports...
[2025-08-10T17:07:18.546Z] [DEBUG] Connected to MongoDB
[2025-08-10T17:07:18.621Z] [INFO] Found 1 company databases
[2025-08-10T17:07:18.622Z] [DEBUG] Processing company database: company_ry0iwbpw
[2025-08-10T17:07:18.700Z] [DEBUG] Finding reports to execute in company_ry0iwbpw (current time: 2025-08-10T17:07:18.700Z)
[2025-08-10T17:07:18.769Z] [INFO] Found 0 reports to execute in company_ry0iwbpw
[2025-08-10T17:07:18.770Z] [INFO] Scheduled reports check completed
[2025-08-10T17:07:18.771Z] [DEBUG] MongoDB connection closed
[2025-08-10T17:07:27.730Z] [INFO] Checking for scheduled reports...
[2025-08-10T17:07:28.554Z] [DEBUG] Connected to MongoDB
[2025-08-10T17:07:28.642Z] [INFO] Found 1 company databases
[2025-08-10T17:07:28.642Z] [DEBUG] Processing company database: company_ry0iwbpw
[2025-08-10T17:07:28.724Z] [DEBUG] Finding reports to execute in company_ry0iwbpw (current time: 2025-08-10T17:07:28.724Z)
[2025-08-10T17:07:28.805Z] [INFO] Found 0 reports to execute in company_ry0iwbpw
[2025-08-10T17:07:28.806Z] [INFO] Scheduled reports check completed
[2025-08-10T17:07:28.808Z] [DEBUG] MongoDB connection closed
[2025-08-10T17:07:37.732Z] [INFO] Checking for scheduled reports...
[2025-08-10T17:07:38.584Z] [DEBUG] Connected to MongoDB
[2025-08-10T17:07:38.658Z] [INFO] Found 1 company databases
[2025-08-10T17:07:38.658Z] [DEBUG] Processing company database: company_ry0iwbpw
[2025-08-10T17:07:38.724Z] [DEBUG] Finding reports to execute in company_ry0iwbpw (current time: 2025-08-10T17:07:38.724Z)
[2025-08-10T17:07:38.791Z] [INFO] Found 0 reports to execute in company_ry0iwbpw
[2025-08-10T17:07:38.791Z] [INFO] Scheduled reports check completed
[2025-08-10T17:07:38.792Z] [DEBUG] MongoDB connection closed
[2025-08-10T17:07:47.732Z] [INFO] Checking for scheduled reports...
[2025-08-10T17:07:48.502Z] [DEBUG] Connected to MongoDB
[2025-08-10T17:07:48.578Z] [INFO] Found 1 company databases
[2025-08-10T17:07:48.578Z] [DEBUG] Processing company database: company_ry0iwbpw
[2025-08-10T17:07:48.646Z] [DEBUG] Finding reports to execute in company_ry0iwbpw (current time: 2025-08-10T17:07:48.646Z)
[2025-08-10T17:07:48.714Z] [INFO] Found 0 reports to execute in company_ry0iwbpw
[2025-08-10T17:07:48.715Z] [INFO] Scheduled reports check completed
[2025-08-10T17:07:48.717Z] [DEBUG] MongoDB connection closed
[2025-08-10T17:07:57.734Z] [INFO] Checking for scheduled reports...
[2025-08-10T17:07:58.509Z] [DEBUG] Connected to MongoDB
[2025-08-10T17:07:58.585Z] [INFO] Found 1 company databases
[2025-08-10T17:07:58.586Z] [DEBUG] Processing company database: company_ry0iwbpw
[2025-08-10T17:07:58.655Z] [DEBUG] Finding reports to execute in company_ry0iwbpw (current time: 2025-08-10T17:07:58.655Z)
[2025-08-10T17:07:58.722Z] [INFO] Found 0 reports to execute in company_ry0iwbpw
[2025-08-10T17:07:58.723Z] [INFO] Scheduled reports check completed
[2025-08-10T17:07:58.726Z] [DEBUG] MongoDB connection closed
[2025-08-10T17:08:07.735Z] [INFO] Checking for scheduled reports...
[2025-08-10T17:08:08.511Z] [DEBUG] Connected to MongoDB
[2025-08-10T17:08:08.588Z] [INFO] Found 1 company databases
[2025-08-10T17:08:08.588Z] [DEBUG] Processing company database: company_ry0iwbpw
[2025-08-10T17:08:08.656Z] [DEBUG] Finding reports to execute in company_ry0iwbpw (current time: 2025-08-10T17:08:08.656Z)
[2025-08-10T17:08:08.723Z] [INFO] Found 0 reports to execute in company_ry0iwbpw
[2025-08-10T17:08:08.724Z] [INFO] Scheduled reports check completed
[2025-08-10T17:08:08.729Z] [DEBUG] MongoDB connection closed
[2025-08-10T17:08:17.737Z] [INFO] Checking for scheduled reports...
[2025-08-10T17:08:18.525Z] [DEBUG] Connected to MongoDB
[2025-08-10T17:08:18.607Z] [INFO] Found 1 company databases
[2025-08-10T17:08:18.608Z] [DEBUG] Processing company database: company_ry0iwbpw
[2025-08-10T17:08:18.682Z] [DEBUG] Finding reports to execute in company_ry0iwbpw (current time: 2025-08-10T17:08:18.682Z)
[2025-08-10T17:08:18.756Z] [INFO] Found 0 reports to execute in company_ry0iwbpw
[2025-08-10T17:08:18.756Z] [INFO] Scheduled reports check completed
[2025-08-10T17:08:18.759Z] [DEBUG] MongoDB connection closed
[2025-08-10T17:08:27.737Z] [INFO] Checking for scheduled reports...
[2025-08-10T17:08:28.537Z] [DEBUG] Connected to MongoDB
[2025-08-10T17:08:28.621Z] [INFO] Found 1 company databases
[2025-08-10T17:08:28.623Z] [DEBUG] Processing company database: company_ry0iwbpw
[2025-08-10T17:08:28.697Z] [DEBUG] Finding reports to execute in company_ry0iwbpw (current time: 2025-08-10T17:08:28.697Z)
[2025-08-10T17:08:28.770Z] [INFO] Found 0 reports to execute in company_ry0iwbpw
[2025-08-10T17:08:28.771Z] [INFO] Scheduled reports check completed
[2025-08-10T17:08:28.773Z] [DEBUG] MongoDB connection closed
[2025-08-10T17:08:37.738Z] [INFO] Checking for scheduled reports...
[2025-08-10T17:08:38.522Z] [DEBUG] Connected to MongoDB
[2025-08-10T17:08:38.597Z] [INFO] Found 1 company databases
[2025-08-10T17:08:38.597Z] [DEBUG] Processing company database: company_ry0iwbpw
[2025-08-10T17:08:38.663Z] [DEBUG] Finding reports to execute in company_ry0iwbpw (current time: 2025-08-10T17:08:38.663Z)
[2025-08-10T17:08:38.730Z] [INFO] Found 0 reports to execute in company_ry0iwbpw
[2025-08-10T17:08:38.730Z] [INFO] Scheduled reports check completed
[2025-08-10T17:08:38.730Z] [DEBUG] MongoDB connection closed
[2025-08-10T17:08:47.739Z] [INFO] Checking for scheduled reports...
[2025-08-10T17:08:48.491Z] [DEBUG] Connected to MongoDB
[2025-08-10T17:08:48.568Z] [INFO] Found 1 company databases
[2025-08-10T17:08:48.568Z] [DEBUG] Processing company database: company_ry0iwbpw
[2025-08-10T17:08:48.636Z] [DEBUG] Finding reports to execute in company_ry0iwbpw (current time: 2025-08-10T17:08:48.636Z)
[2025-08-10T17:08:48.702Z] [INFO] Found 0 reports to execute in company_ry0iwbpw
[2025-08-10T17:08:48.702Z] [INFO] Scheduled reports check completed
[2025-08-10T17:08:48.703Z] [DEBUG] MongoDB connection closed
[2025-08-10T17:08:57.740Z] [INFO] Checking for scheduled reports...
[2025-08-10T17:08:58.522Z] [DEBUG] Connected to MongoDB
[2025-08-10T17:08:58.602Z] [INFO] Found 1 company databases
[2025-08-10T17:08:58.602Z] [DEBUG] Processing company database: company_ry0iwbpw
[2025-08-10T17:08:58.675Z] [DEBUG] Finding reports to execute in company_ry0iwbpw (current time: 2025-08-10T17:08:58.675Z)
[2025-08-10T17:08:58.747Z] [INFO] Found 0 reports to execute in company_ry0iwbpw
[2025-08-10T17:08:58.747Z] [INFO] Scheduled reports check completed
[2025-08-10T17:08:58.749Z] [DEBUG] MongoDB connection closed
[2025-08-10T17:09:07.741Z] [INFO] Checking for scheduled reports...
[2025-08-10T17:09:08.549Z] [DEBUG] Connected to MongoDB
[2025-08-10T17:09:08.630Z] [INFO] Found 1 company databases
[2025-08-10T17:09:08.630Z] [DEBUG] Processing company database: company_ry0iwbpw
[2025-08-10T17:09:08.704Z] [DEBUG] Finding reports to execute in company_ry0iwbpw (current time: 2025-08-10T17:09:08.704Z)
[2025-08-10T17:09:08.778Z] [INFO] Found 0 reports to execute in company_ry0iwbpw
[2025-08-10T17:09:08.779Z] [INFO] Scheduled reports check completed
[2025-08-10T17:09:08.781Z] [DEBUG] MongoDB connection closed
[2025-08-10T17:09:17.742Z] [INFO] Checking for scheduled reports...
[2025-08-10T17:09:18.546Z] [DEBUG] Connected to MongoDB
[2025-08-10T17:09:18.626Z] [INFO] Found 1 company databases
[2025-08-10T17:09:18.626Z] [DEBUG] Processing company database: company_ry0iwbpw
[2025-08-10T17:09:18.698Z] [DEBUG] Finding reports to execute in company_ry0iwbpw (current time: 2025-08-10T17:09:18.698Z)
[2025-08-10T17:09:18.771Z] [INFO] Found 0 reports to execute in company_ry0iwbpw
[2025-08-10T17:09:18.771Z] [INFO] Scheduled reports check completed
[2025-08-10T17:09:18.773Z] [DEBUG] MongoDB connection closed
[2025-08-10T17:09:27.743Z] [INFO] Checking for scheduled reports...
[2025-08-10T17:09:28.535Z] [DEBUG] Connected to MongoDB
[2025-08-10T17:09:28.615Z] [INFO] Found 1 company databases
[2025-08-10T17:09:28.616Z] [DEBUG] Processing company database: company_ry0iwbpw
[2025-08-10T17:09:28.689Z] [DEBUG] Finding reports to execute in company_ry0iwbpw (current time: 2025-08-10T17:09:28.688Z)
[2025-08-10T17:09:28.761Z] [INFO] Found 0 reports to execute in company_ry0iwbpw
[2025-08-10T17:09:28.761Z] [INFO] Scheduled reports check completed
[2025-08-10T17:09:28.763Z] [DEBUG] MongoDB connection closed
[2025-08-10T17:09:37.744Z] [INFO] Checking for scheduled reports...
[2025-08-10T17:09:38.522Z] [DEBUG] Connected to MongoDB
[2025-08-10T17:09:38.598Z] [INFO] Found 1 company databases
[2025-08-10T17:09:38.598Z] [DEBUG] Processing company database: company_ry0iwbpw
[2025-08-10T17:09:38.667Z] [DEBUG] Finding reports to execute in company_ry0iwbpw (current time: 2025-08-10T17:09:38.667Z)
[2025-08-10T17:09:38.735Z] [INFO] Found 0 reports to execute in company_ry0iwbpw
[2025-08-10T17:09:38.736Z] [INFO] Scheduled reports check completed
[2025-08-10T17:09:38.738Z] [DEBUG] MongoDB connection closed
[2025-08-10T17:09:47.745Z] [INFO] Checking for scheduled reports...
[2025-08-10T17:09:48.503Z] [DEBUG] Connected to MongoDB
[2025-08-10T17:09:48.579Z] [INFO] Found 1 company databases
[2025-08-10T17:09:48.579Z] [DEBUG] Processing company database: company_ry0iwbpw
[2025-08-10T17:09:48.648Z] [DEBUG] Finding reports to execute in company_ry0iwbpw (current time: 2025-08-10T17:09:48.648Z)
[2025-08-10T17:09:48.715Z] [INFO] Found 0 reports to execute in company_ry0iwbpw
[2025-08-10T17:09:48.716Z] [INFO] Scheduled reports check completed
[2025-08-10T17:09:48.719Z] [DEBUG] MongoDB connection closed
[2025-08-10T17:09:57.746Z] [INFO] Checking for scheduled reports...
[2025-08-10T17:09:58.533Z] [DEBUG] Connected to MongoDB
[2025-08-10T17:09:58.607Z] [INFO] Found 1 company databases
[2025-08-10T17:09:58.608Z] [DEBUG] Processing company database: company_ry0iwbpw
[2025-08-10T17:09:58.675Z] [DEBUG] Finding reports to execute in company_ry0iwbpw (current time: 2025-08-10T17:09:58.675Z)
[2025-08-10T17:09:58.744Z] [INFO] Found 0 reports to execute in company_ry0iwbpw
[2025-08-10T17:09:58.744Z] [INFO] Scheduled reports check completed
[2025-08-10T17:09:58.746Z] [DEBUG] MongoDB connection closed
[2025-08-10T17:10:07.747Z] [INFO] Checking for scheduled reports...
[2025-08-10T17:10:08.558Z] [DEBUG] Connected to MongoDB
[2025-08-10T17:10:08.640Z] [INFO] Found 1 company databases
[2025-08-10T17:10:08.640Z] [DEBUG] Processing company database: company_ry0iwbpw
[2025-08-10T17:10:08.713Z] [DEBUG] Finding reports to execute in company_ry0iwbpw (current time: 2025-08-10T17:10:08.713Z)
[2025-08-10T17:10:08.785Z] [INFO] Found 0 reports to execute in company_ry0iwbpw
[2025-08-10T17:10:08.786Z] [INFO] Scheduled reports check completed
[2025-08-10T17:10:08.787Z] [DEBUG] MongoDB connection closed
[2025-08-10T17:10:17.748Z] [INFO] Checking for scheduled reports...
[2025-08-10T17:10:18.549Z] [DEBUG] Connected to MongoDB
[2025-08-10T17:10:18.632Z] [INFO] Found 1 company databases
[2025-08-10T17:10:18.633Z] [DEBUG] Processing company database: company_ry0iwbpw
[2025-08-10T17:10:18.706Z] [DEBUG] Finding reports to execute in company_ry0iwbpw (current time: 2025-08-10T17:10:18.706Z)
[2025-08-10T17:10:18.779Z] [INFO] Found 0 reports to execute in company_ry0iwbpw
[2025-08-10T17:10:18.780Z] [INFO] Scheduled reports check completed
[2025-08-10T17:10:18.782Z] [DEBUG] MongoDB connection closed
[2025-08-10T17:10:27.749Z] [INFO] Checking for scheduled reports...
[2025-08-10T17:10:28.510Z] [DEBUG] Connected to MongoDB
[2025-08-10T17:10:28.585Z] [INFO] Found 1 company databases
[2025-08-10T17:10:28.586Z] [DEBUG] Processing company database: company_ry0iwbpw
[2025-08-10T17:10:28.653Z] [DEBUG] Finding reports to execute in company_ry0iwbpw (current time: 2025-08-10T17:10:28.653Z)
[2025-08-10T17:10:28.720Z] [INFO] Found 0 reports to execute in company_ry0iwbpw
[2025-08-10T17:10:28.721Z] [INFO] Scheduled reports check completed
[2025-08-10T17:10:28.723Z] [DEBUG] MongoDB connection closed
[2025-08-10T17:10:37.749Z] [INFO] Checking for scheduled reports...
[2025-08-10T17:10:38.559Z] [DEBUG] Connected to MongoDB
[2025-08-10T17:10:38.640Z] [INFO] Found 1 company databases
[2025-08-10T17:10:38.640Z] [DEBUG] Processing company database: company_ry0iwbpw
[2025-08-10T17:10:38.712Z] [DEBUG] Finding reports to execute in company_ry0iwbpw (current time: 2025-08-10T17:10:38.712Z)
[2025-08-10T17:10:38.782Z] [INFO] Found 0 reports to execute in company_ry0iwbpw
[2025-08-10T17:10:38.782Z] [INFO] Scheduled reports check completed
[2025-08-10T17:10:38.785Z] [DEBUG] MongoDB connection closed
[2025-08-10T17:10:47.751Z] [INFO] Checking for scheduled reports...
[2025-08-10T17:10:48.544Z] [DEBUG] Connected to MongoDB
[2025-08-10T17:10:48.625Z] [INFO] Found 1 company databases
[2025-08-10T17:10:48.625Z] [DEBUG] Processing company database: company_ry0iwbpw
[2025-08-10T17:10:48.697Z] [DEBUG] Finding reports to execute in company_ry0iwbpw (current time: 2025-08-10T17:10:48.697Z)
[2025-08-10T17:10:48.769Z] [INFO] Found 0 reports to execute in company_ry0iwbpw
[2025-08-10T17:10:48.769Z] [INFO] Scheduled reports check completed
[2025-08-10T17:10:48.770Z] [DEBUG] MongoDB connection closed
[2025-08-10T17:10:57.751Z] [INFO] Checking for scheduled reports...
[2025-08-10T17:10:58.499Z] [DEBUG] Connected to MongoDB
[2025-08-10T17:10:58.574Z] [INFO] Found 1 company databases
[2025-08-10T17:10:58.575Z] [DEBUG] Processing company database: company_ry0iwbpw
[2025-08-10T17:10:58.642Z] [DEBUG] Finding reports to execute in company_ry0iwbpw (current time: 2025-08-10T17:10:58.642Z)
[2025-08-10T17:10:58.709Z] [INFO] Found 0 reports to execute in company_ry0iwbpw
[2025-08-10T17:10:58.709Z] [INFO] Scheduled reports check completed
[2025-08-10T17:10:58.711Z] [DEBUG] MongoDB connection closed
[2025-08-10T17:11:07.753Z] [INFO] Checking for scheduled reports...
[2025-08-10T17:11:08.551Z] [DEBUG] Connected to MongoDB
[2025-08-10T17:11:08.631Z] [INFO] Found 1 company databases
[2025-08-10T17:11:08.631Z] [DEBUG] Processing company database: company_ry0iwbpw
[2025-08-10T17:11:08.704Z] [DEBUG] Finding reports to execute in company_ry0iwbpw (current time: 2025-08-10T17:11:08.704Z)
[2025-08-10T17:11:08.776Z] [INFO] Found 0 reports to execute in company_ry0iwbpw
[2025-08-10T17:11:08.776Z] [INFO] Scheduled reports check completed
[2025-08-10T17:11:08.778Z] [DEBUG] MongoDB connection closed
[2025-08-10T17:11:17.753Z] [INFO] Checking for scheduled reports...
[2025-08-10T17:11:18.566Z] [DEBUG] Connected to MongoDB
[2025-08-10T17:11:18.646Z] [INFO] Found 1 company databases
[2025-08-10T17:11:18.647Z] [DEBUG] Processing company database: company_ry0iwbpw
[2025-08-10T17:11:18.720Z] [DEBUG] Finding reports to execute in company_ry0iwbpw (current time: 2025-08-10T17:11:18.720Z)
[2025-08-10T17:11:18.792Z] [INFO] Found 0 reports to execute in company_ry0iwbpw
[2025-08-10T17:11:18.792Z] [INFO] Scheduled reports check completed
[2025-08-10T17:11:18.794Z] [DEBUG] MongoDB connection closed
[2025-08-10T17:11:27.754Z] [INFO] Checking for scheduled reports...
[2025-08-10T17:11:28.547Z] [DEBUG] Connected to MongoDB
[2025-08-10T17:11:28.628Z] [INFO] Found 1 company databases
[2025-08-10T17:11:28.629Z] [DEBUG] Processing company database: company_ry0iwbpw
[2025-08-10T17:11:28.702Z] [DEBUG] Finding reports to execute in company_ry0iwbpw (current time: 2025-08-10T17:11:28.702Z)
[2025-08-10T17:11:28.775Z] [INFO] Found 0 reports to execute in company_ry0iwbpw
[2025-08-10T17:11:28.775Z] [INFO] Scheduled reports check completed
[2025-08-10T17:11:28.777Z] [DEBUG] MongoDB connection closed
[2025-08-10T17:11:37.756Z] [INFO] Checking for scheduled reports...
[2025-08-10T17:11:38.562Z] [DEBUG] Connected to MongoDB
[2025-08-10T17:11:38.653Z] [INFO] Found 1 company databases
[2025-08-10T17:11:38.653Z] [DEBUG] Processing company database: company_ry0iwbpw
[2025-08-10T17:11:38.730Z] [DEBUG] Finding reports to execute in company_ry0iwbpw (current time: 2025-08-10T17:11:38.730Z)
[2025-08-10T17:11:38.808Z] [INFO] Found 0 reports to execute in company_ry0iwbpw
[2025-08-10T17:11:38.809Z] [INFO] Scheduled reports check completed
[2025-08-10T17:11:38.811Z] [DEBUG] MongoDB connection closed
[2025-08-10T17:11:47.756Z] [INFO] Checking for scheduled reports...
[2025-08-10T17:11:48.544Z] [DEBUG] Connected to MongoDB
[2025-08-10T17:11:48.624Z] [INFO] Found 1 company databases
[2025-08-10T17:11:48.625Z] [DEBUG] Processing company database: company_ry0iwbpw
[2025-08-10T17:11:48.699Z] [DEBUG] Finding reports to execute in company_ry0iwbpw (current time: 2025-08-10T17:11:48.699Z)
[2025-08-10T17:11:48.772Z] [INFO] Found 0 reports to execute in company_ry0iwbpw
[2025-08-10T17:11:48.772Z] [INFO] Scheduled reports check completed
[2025-08-10T17:11:48.774Z] [DEBUG] MongoDB connection closed
[2025-08-10T17:11:57.756Z] [INFO] Checking for scheduled reports...
[2025-08-10T17:11:58.554Z] [DEBUG] Connected to MongoDB
[2025-08-10T17:11:58.635Z] [INFO] Found 1 company databases
[2025-08-10T17:11:58.635Z] [DEBUG] Processing company database: company_ry0iwbpw
[2025-08-10T17:11:58.709Z] [DEBUG] Finding reports to execute in company_ry0iwbpw (current time: 2025-08-10T17:11:58.709Z)
[2025-08-10T17:11:58.784Z] [INFO] Found 0 reports to execute in company_ry0iwbpw
[2025-08-10T17:11:58.784Z] [INFO] Scheduled reports check completed
[2025-08-10T17:11:58.787Z] [DEBUG] MongoDB connection closed
[2025-08-10T17:12:07.757Z] [INFO] Checking for scheduled reports...
[2025-08-10T17:12:08.579Z] [DEBUG] Connected to MongoDB
[2025-08-10T17:12:08.662Z] [INFO] Found 1 company databases
[2025-08-10T17:12:08.663Z] [DEBUG] Processing company database: company_ry0iwbpw
[2025-08-10T17:12:08.736Z] [DEBUG] Finding reports to execute in company_ry0iwbpw (current time: 2025-08-10T17:12:08.736Z)
[2025-08-10T17:12:08.809Z] [INFO] Found 0 reports to execute in company_ry0iwbpw
[2025-08-10T17:12:08.809Z] [INFO] Scheduled reports check completed
[2025-08-10T17:12:08.812Z] [DEBUG] MongoDB connection closed
[2025-08-10T17:12:17.758Z] [INFO] Checking for scheduled reports...
[2025-08-10T17:12:18.511Z] [DEBUG] Connected to MongoDB
[2025-08-10T17:12:18.586Z] [INFO] Found 1 company databases
[2025-08-10T17:12:18.586Z] [DEBUG] Processing company database: company_ry0iwbpw
[2025-08-10T17:12:18.653Z] [DEBUG] Finding reports to execute in company_ry0iwbpw (current time: 2025-08-10T17:12:18.653Z)
[2025-08-10T17:12:18.720Z] [INFO] Found 0 reports to execute in company_ry0iwbpw
[2025-08-10T17:12:18.720Z] [INFO] Scheduled reports check completed
[2025-08-10T17:12:18.722Z] [DEBUG] MongoDB connection closed
[2025-08-10T17:12:27.759Z] [INFO] Checking for scheduled reports...
[2025-08-10T17:12:28.550Z] [DEBUG] Connected to MongoDB
[2025-08-10T17:12:28.632Z] [INFO] Found 1 company databases
[2025-08-10T17:12:28.633Z] [DEBUG] Processing company database: company_ry0iwbpw
[2025-08-10T17:12:28.706Z] [DEBUG] Finding reports to execute in company_ry0iwbpw (current time: 2025-08-10T17:12:28.706Z)
[2025-08-10T17:12:28.779Z] [INFO] Found 0 reports to execute in company_ry0iwbpw
[2025-08-10T17:12:28.780Z] [INFO] Scheduled reports check completed
[2025-08-10T17:12:28.782Z] [DEBUG] MongoDB connection closed
[2025-08-10T17:12:37.760Z] [INFO] Checking for scheduled reports...
[2025-08-10T17:12:38.653Z] [DEBUG] Connected to MongoDB
[2025-08-10T17:12:38.733Z] [INFO] Found 1 company databases
[2025-08-10T17:12:38.733Z] [DEBUG] Processing company database: company_ry0iwbpw
[2025-08-10T17:12:38.804Z] [DEBUG] Finding reports to execute in company_ry0iwbpw (current time: 2025-08-10T17:12:38.804Z)
[2025-08-10T17:12:38.875Z] [INFO] Found 0 reports to execute in company_ry0iwbpw
[2025-08-10T17:12:38.876Z] [INFO] Scheduled reports check completed
[2025-08-10T17:12:38.878Z] [DEBUG] MongoDB connection closed
[2025-08-10T17:12:47.761Z] [INFO] Checking for scheduled reports...
[2025-08-10T17:12:48.523Z] [DEBUG] Connected to MongoDB
[2025-08-10T17:12:48.599Z] [INFO] Found 1 company databases
[2025-08-10T17:12:48.600Z] [DEBUG] Processing company database: company_ry0iwbpw
[2025-08-10T17:12:48.673Z] [DEBUG] Finding reports to execute in company_ry0iwbpw (current time: 2025-08-10T17:12:48.673Z)
[2025-08-10T17:12:48.740Z] [INFO] Found 0 reports to execute in company_ry0iwbpw
[2025-08-10T17:12:48.741Z] [INFO] Scheduled reports check completed
[2025-08-10T17:12:48.744Z] [DEBUG] MongoDB connection closed
[2025-08-10T17:12:57.762Z] [INFO] Checking for scheduled reports...
[2025-08-10T17:12:58.536Z] [DEBUG] Connected to MongoDB
[2025-08-10T17:12:58.614Z] [INFO] Found 1 company databases
[2025-08-10T17:12:58.615Z] [DEBUG] Processing company database: company_ry0iwbpw
[2025-08-10T17:12:58.685Z] [DEBUG] Finding reports to execute in company_ry0iwbpw (current time: 2025-08-10T17:12:58.685Z)
[2025-08-10T17:12:58.754Z] [INFO] Found 0 reports to execute in company_ry0iwbpw
[2025-08-10T17:12:58.755Z] [INFO] Scheduled reports check completed
[2025-08-10T17:12:58.759Z] [DEBUG] MongoDB connection closed
[2025-08-10T17:13:07.763Z] [INFO] Checking for scheduled reports...
[2025-08-10T17:13:08.523Z] [DEBUG] Connected to MongoDB
[2025-08-10T17:13:08.599Z] [INFO] Found 1 company databases
[2025-08-10T17:13:08.599Z] [DEBUG] Processing company database: company_ry0iwbpw
[2025-08-10T17:13:08.667Z] [DEBUG] Finding reports to execute in company_ry0iwbpw (current time: 2025-08-10T17:13:08.667Z)
[2025-08-10T17:13:08.734Z] [INFO] Found 0 reports to execute in company_ry0iwbpw
[2025-08-10T17:13:08.734Z] [INFO] Scheduled reports check completed
[2025-08-10T17:13:08.737Z] [DEBUG] MongoDB connection closed
[2025-08-10T17:13:17.764Z] [INFO] Checking for scheduled reports...
[2025-08-10T17:13:18.593Z] [DEBUG] Connected to MongoDB
[2025-08-10T17:13:18.674Z] [INFO] Found 1 company databases
[2025-08-10T17:13:18.674Z] [DEBUG] Processing company database: company_ry0iwbpw
[2025-08-10T17:13:18.747Z] [DEBUG] Finding reports to execute in company_ry0iwbpw (current time: 2025-08-10T17:13:18.747Z)
[2025-08-10T17:13:18.819Z] [INFO] Found 0 reports to execute in company_ry0iwbpw
[2025-08-10T17:13:18.820Z] [INFO] Scheduled reports check completed
[2025-08-10T17:13:18.822Z] [DEBUG] MongoDB connection closed
[2025-08-10T17:13:27.764Z] [INFO] Checking for scheduled reports...
[2025-08-10T17:13:28.547Z] [DEBUG] Connected to MongoDB
[2025-08-10T17:13:28.624Z] [INFO] Found 1 company databases
[2025-08-10T17:13:28.625Z] [DEBUG] Processing company database: company_ry0iwbpw
[2025-08-10T17:13:28.694Z] [DEBUG] Finding reports to execute in company_ry0iwbpw (current time: 2025-08-10T17:13:28.694Z)
[2025-08-10T17:13:28.763Z] [INFO] Found 0 reports to execute in company_ry0iwbpw
[2025-08-10T17:13:28.764Z] [INFO] Scheduled reports check completed
[2025-08-10T17:13:28.766Z] [DEBUG] MongoDB connection closed
[2025-08-10T17:13:37.765Z] [INFO] Checking for scheduled reports...
[2025-08-10T17:13:38.533Z] [DEBUG] Connected to MongoDB
[2025-08-10T17:13:38.609Z] [INFO] Found 1 company databases
[2025-08-10T17:13:38.610Z] [DEBUG] Processing company database: company_ry0iwbpw
[2025-08-10T17:13:38.679Z] [DEBUG] Finding reports to execute in company_ry0iwbpw (current time: 2025-08-10T17:13:38.679Z)
[2025-08-10T17:13:38.746Z] [INFO] Found 0 reports to execute in company_ry0iwbpw
[2025-08-10T17:13:38.747Z] [INFO] Scheduled reports check completed
[2025-08-10T17:13:38.749Z] [DEBUG] MongoDB connection closed
[2025-08-10T17:13:47.766Z] [INFO] Checking for scheduled reports...
[2025-08-10T17:13:48.539Z] [DEBUG] Connected to MongoDB
[2025-08-10T17:13:48.616Z] [INFO] Found 1 company databases
[2025-08-10T17:13:48.617Z] [DEBUG] Processing company database: company_ry0iwbpw
[2025-08-10T17:13:48.685Z] [DEBUG] Finding reports to execute in company_ry0iwbpw (current time: 2025-08-10T17:13:48.685Z)
[2025-08-10T17:13:48.753Z] [INFO] Found 0 reports to execute in company_ry0iwbpw
[2025-08-10T17:13:48.754Z] [INFO] Scheduled reports check completed
[2025-08-10T17:13:48.757Z] [DEBUG] MongoDB connection closed
[2025-08-10T17:13:57.766Z] [INFO] Checking for scheduled reports...
[2025-08-10T17:13:58.600Z] [DEBUG] Connected to MongoDB
[2025-08-10T17:13:58.681Z] [INFO] Found 1 company databases
[2025-08-10T17:13:58.681Z] [DEBUG] Processing company database: company_ry0iwbpw
[2025-08-10T17:13:58.754Z] [DEBUG] Finding reports to execute in company_ry0iwbpw (current time: 2025-08-10T17:13:58.754Z)
[2025-08-10T17:13:58.827Z] [INFO] Found 0 reports to execute in company_ry0iwbpw
[2025-08-10T17:13:58.828Z] [INFO] Scheduled reports check completed
[2025-08-10T17:13:58.830Z] [DEBUG] MongoDB connection closed
[2025-08-10T17:14:07.766Z] [INFO] Checking for scheduled reports...
[2025-08-10T17:14:08.564Z] [DEBUG] Connected to MongoDB
[2025-08-10T17:14:08.644Z] [INFO] Found 1 company databases
[2025-08-10T17:14:08.644Z] [DEBUG] Processing company database: company_ry0iwbpw
[2025-08-10T17:14:08.717Z] [DEBUG] Finding reports to execute in company_ry0iwbpw (current time: 2025-08-10T17:14:08.717Z)
[2025-08-10T17:14:08.788Z] [INFO] Found 0 reports to execute in company_ry0iwbpw
[2025-08-10T17:14:08.790Z] [INFO] Scheduled reports check completed
[2025-08-10T17:14:08.793Z] [DEBUG] MongoDB connection closed
[2025-08-10T17:14:17.767Z] [INFO] Checking for scheduled reports...
[2025-08-10T17:14:18.561Z] [DEBUG] Connected to MongoDB
[2025-08-10T17:14:18.639Z] [INFO] Found 1 company databases
[2025-08-10T17:14:18.640Z] [DEBUG] Processing company database: company_ry0iwbpw
[2025-08-10T17:14:18.712Z] [DEBUG] Finding reports to execute in company_ry0iwbpw (current time: 2025-08-10T17:14:18.712Z)
[2025-08-10T17:14:18.783Z] [INFO] Found 0 reports to execute in company_ry0iwbpw
[2025-08-10T17:14:18.784Z] [INFO] Scheduled reports check completed
[2025-08-10T17:14:18.787Z] [DEBUG] MongoDB connection closed
[2025-08-10T17:14:27.767Z] [INFO] Checking for scheduled reports...
[2025-08-10T17:14:28.585Z] [DEBUG] Connected to MongoDB
[2025-08-10T17:14:28.666Z] [INFO] Found 1 company databases
[2025-08-10T17:14:28.666Z] [DEBUG] Processing company database: company_ry0iwbpw
[2025-08-10T17:14:28.740Z] [DEBUG] Finding reports to execute in company_ry0iwbpw (current time: 2025-08-10T17:14:28.740Z)
[2025-08-10T17:14:28.812Z] [INFO] Found 0 reports to execute in company_ry0iwbpw
[2025-08-10T17:14:28.813Z] [INFO] Scheduled reports check completed
[2025-08-10T17:14:28.814Z] [DEBUG] MongoDB connection closed
[2025-08-10T17:14:37.768Z] [INFO] Checking for scheduled reports...
[2025-08-10T17:14:38.622Z] [DEBUG] Connected to MongoDB
[2025-08-10T17:14:38.704Z] [INFO] Found 1 company databases
[2025-08-10T17:14:38.705Z] [DEBUG] Processing company database: company_ry0iwbpw
[2025-08-10T17:14:38.780Z] [DEBUG] Finding reports to execute in company_ry0iwbpw (current time: 2025-08-10T17:14:38.780Z)
[2025-08-10T17:14:38.855Z] [INFO] Found 0 reports to execute in company_ry0iwbpw
[2025-08-10T17:14:38.856Z] [INFO] Scheduled reports check completed
[2025-08-10T17:14:38.857Z] [DEBUG] MongoDB connection closed
[2025-08-10T17:14:47.769Z] [INFO] Checking for scheduled reports...
[2025-08-10T17:14:48.567Z] [DEBUG] Connected to MongoDB
[2025-08-10T17:14:48.645Z] [INFO] Found 1 company databases
[2025-08-10T17:14:48.646Z] [DEBUG] Processing company database: company_ry0iwbpw
[2025-08-10T17:14:48.715Z] [DEBUG] Finding reports to execute in company_ry0iwbpw (current time: 2025-08-10T17:14:48.715Z)
[2025-08-10T17:14:48.784Z] [INFO] Found 0 reports to execute in company_ry0iwbpw
[2025-08-10T17:14:48.784Z] [INFO] Scheduled reports check completed
[2025-08-10T17:14:48.786Z] [DEBUG] MongoDB connection closed
[2025-08-10T17:14:57.769Z] [INFO] Checking for scheduled reports...
[2025-08-10T17:14:58.676Z] [DEBUG] Connected to MongoDB
[2025-08-10T17:14:58.761Z] [INFO] Found 1 company databases
[2025-08-10T17:14:58.761Z] [DEBUG] Processing company database: company_ry0iwbpw
[2025-08-10T17:14:58.846Z] [DEBUG] Finding reports to execute in company_ry0iwbpw (current time: 2025-08-10T17:14:58.846Z)
[2025-08-10T17:14:58.925Z] [INFO] Found 0 reports to execute in company_ry0iwbpw
[2025-08-10T17:14:58.925Z] [INFO] Scheduled reports check completed
[2025-08-10T17:14:58.927Z] [DEBUG] MongoDB connection closed
[2025-08-10T17:15:07.770Z] [INFO] Checking for scheduled reports...
[2025-08-10T17:15:08.530Z] [DEBUG] Connected to MongoDB
[2025-08-10T17:15:08.607Z] [INFO] Found 1 company databases
[2025-08-10T17:15:08.607Z] [DEBUG] Processing company database: company_ry0iwbpw
[2025-08-10T17:15:08.674Z] [DEBUG] Finding reports to execute in company_ry0iwbpw (current time: 2025-08-10T17:15:08.674Z)
[2025-08-10T17:15:08.740Z] [INFO] Found 0 reports to execute in company_ry0iwbpw
[2025-08-10T17:15:08.740Z] [INFO] Scheduled reports check completed
[2025-08-10T17:15:08.741Z] [DEBUG] MongoDB connection closed
[2025-08-10T17:15:17.771Z] [INFO] Checking for scheduled reports...
[2025-08-10T17:15:18.545Z] [DEBUG] Connected to MongoDB
[2025-08-10T17:15:18.620Z] [INFO] Found 1 company databases
[2025-08-10T17:15:18.620Z] [DEBUG] Processing company database: company_ry0iwbpw
[2025-08-10T17:15:18.689Z] [DEBUG] Finding reports to execute in company_ry0iwbpw (current time: 2025-08-10T17:15:18.689Z)
[2025-08-10T17:15:18.757Z] [INFO] Found 0 reports to execute in company_ry0iwbpw
[2025-08-10T17:15:18.757Z] [INFO] Scheduled reports check completed
[2025-08-10T17:15:18.758Z] [DEBUG] MongoDB connection closed
[2025-08-10T17:15:27.773Z] [INFO] Checking for scheduled reports...
[2025-08-10T17:15:28.570Z] [DEBUG] Connected to MongoDB
[2025-08-10T17:15:28.653Z] [INFO] Found 1 company databases
[2025-08-10T17:15:28.654Z] [DEBUG] Processing company database: company_ry0iwbpw
[2025-08-10T17:15:28.726Z] [DEBUG] Finding reports to execute in company_ry0iwbpw (current time: 2025-08-10T17:15:28.726Z)
[2025-08-10T17:15:28.808Z] [INFO] Found 0 reports to execute in company_ry0iwbpw
[2025-08-10T17:15:28.809Z] [INFO] Scheduled reports check completed
[2025-08-10T17:15:28.810Z] [DEBUG] MongoDB connection closed
[2025-08-10T17:15:37.773Z] [INFO] Checking for scheduled reports...
[2025-08-10T17:15:38.513Z] [DEBUG] Connected to MongoDB
[2025-08-10T17:15:38.589Z] [INFO] Found 1 company databases
[2025-08-10T17:15:38.589Z] [DEBUG] Processing company database: company_ry0iwbpw
[2025-08-10T17:15:38.673Z] [DEBUG] Finding reports to execute in company_ry0iwbpw (current time: 2025-08-10T17:15:38.673Z)
[2025-08-10T17:15:38.739Z] [INFO] Found 0 reports to execute in company_ry0iwbpw
[2025-08-10T17:15:38.739Z] [INFO] Scheduled reports check completed
[2025-08-10T17:15:38.742Z] [DEBUG] MongoDB connection closed
[2025-08-10T17:15:47.775Z] [INFO] Checking for scheduled reports...
[2025-08-10T17:15:48.577Z] [DEBUG] Connected to MongoDB
[2025-08-10T17:15:48.657Z] [INFO] Found 1 company databases
[2025-08-10T17:15:48.657Z] [DEBUG] Processing company database: company_ry0iwbpw
[2025-08-10T17:15:48.733Z] [DEBUG] Finding reports to execute in company_ry0iwbpw (current time: 2025-08-10T17:15:48.733Z)
[2025-08-10T17:15:48.804Z] [INFO] Found 0 reports to execute in company_ry0iwbpw
[2025-08-10T17:15:48.804Z] [INFO] Scheduled reports check completed
[2025-08-10T17:15:48.806Z] [DEBUG] MongoDB connection closed
[2025-08-10T17:15:57.776Z] [INFO] Checking for scheduled reports...
[2025-08-10T17:15:58.559Z] [DEBUG] Connected to MongoDB
[2025-08-10T17:15:58.636Z] [INFO] Found 1 company databases
[2025-08-10T17:15:58.637Z] [DEBUG] Processing company database: company_ry0iwbpw
[2025-08-10T17:15:58.709Z] [DEBUG] Finding reports to execute in company_ry0iwbpw (current time: 2025-08-10T17:15:58.709Z)
[2025-08-10T17:15:58.777Z] [INFO] Found 0 reports to execute in company_ry0iwbpw
[2025-08-10T17:15:58.777Z] [INFO] Scheduled reports check completed
[2025-08-10T17:15:58.778Z] [DEBUG] MongoDB connection closed
[2025-08-10T17:16:07.776Z] [INFO] Checking for scheduled reports...
[2025-08-10T17:16:08.562Z] [DEBUG] Connected to MongoDB
[2025-08-10T17:16:08.641Z] [INFO] Found 1 company databases
[2025-08-10T17:16:08.641Z] [DEBUG] Processing company database: company_ry0iwbpw
[2025-08-10T17:16:08.711Z] [DEBUG] Finding reports to execute in company_ry0iwbpw (current time: 2025-08-10T17:16:08.711Z)
[2025-08-10T17:16:08.782Z] [INFO] Found 0 reports to execute in company_ry0iwbpw
[2025-08-10T17:16:08.782Z] [INFO] Scheduled reports check completed
[2025-08-10T17:16:08.783Z] [DEBUG] MongoDB connection closed
[2025-08-10T17:16:17.777Z] [INFO] Checking for scheduled reports...
[2025-08-10T17:16:18.567Z] [DEBUG] Connected to MongoDB
[2025-08-10T17:16:18.644Z] [INFO] Found 1 company databases
[2025-08-10T17:16:18.644Z] [DEBUG] Processing company database: company_ry0iwbpw
[2025-08-10T17:16:18.712Z] [DEBUG] Finding reports to execute in company_ry0iwbpw (current time: 2025-08-10T17:16:18.712Z)
[2025-08-10T17:16:18.780Z] [INFO] Found 0 reports to execute in company_ry0iwbpw
[2025-08-10T17:16:18.780Z] [INFO] Scheduled reports check completed
[2025-08-10T17:16:18.782Z] [DEBUG] MongoDB connection closed
[2025-08-10T17:16:27.779Z] [INFO] Checking for scheduled reports...
[2025-08-10T17:16:28.593Z] [DEBUG] Connected to MongoDB
[2025-08-10T17:16:28.675Z] [INFO] Found 1 company databases
[2025-08-10T17:16:28.675Z] [DEBUG] Processing company database: company_ry0iwbpw
[2025-08-10T17:16:28.746Z] [DEBUG] Finding reports to execute in company_ry0iwbpw (current time: 2025-08-10T17:16:28.746Z)
[2025-08-10T17:16:28.819Z] [INFO] Found 0 reports to execute in company_ry0iwbpw
[2025-08-10T17:16:28.819Z] [INFO] Scheduled reports check completed
[2025-08-10T17:16:28.820Z] [DEBUG] MongoDB connection closed
[2025-08-10T17:16:37.780Z] [INFO] Checking for scheduled reports...
[2025-08-10T17:16:38.613Z] [DEBUG] Connected to MongoDB
[2025-08-10T17:16:38.694Z] [INFO] Found 1 company databases
[2025-08-10T17:16:38.694Z] [DEBUG] Processing company database: company_ry0iwbpw
[2025-08-10T17:16:38.767Z] [DEBUG] Finding reports to execute in company_ry0iwbpw (current time: 2025-08-10T17:16:38.767Z)
[2025-08-10T17:16:38.842Z] [INFO] Found 0 reports to execute in company_ry0iwbpw
[2025-08-10T17:16:38.843Z] [INFO] Scheduled reports check completed
[2025-08-10T17:16:38.847Z] [DEBUG] MongoDB connection closed
[2025-08-10T17:16:47.781Z] [INFO] Checking for scheduled reports...
[2025-08-10T17:16:48.582Z] [DEBUG] Connected to MongoDB
[2025-08-10T17:16:48.661Z] [INFO] Found 1 company databases
[2025-08-10T17:16:48.662Z] [DEBUG] Processing company database: company_ry0iwbpw
[2025-08-10T17:16:48.733Z] [DEBUG] Finding reports to execute in company_ry0iwbpw (current time: 2025-08-10T17:16:48.733Z)
[2025-08-10T17:16:48.807Z] [INFO] Found 0 reports to execute in company_ry0iwbpw
[2025-08-10T17:16:48.808Z] [INFO] Scheduled reports check completed
[2025-08-10T17:16:48.810Z] [DEBUG] MongoDB connection closed
[2025-08-10T17:16:57.782Z] [INFO] Checking for scheduled reports...
[2025-08-10T17:16:58.586Z] [DEBUG] Connected to MongoDB
[2025-08-10T17:16:58.668Z] [INFO] Found 1 company databases
[2025-08-10T17:16:58.669Z] [DEBUG] Processing company database: company_ry0iwbpw
[2025-08-10T17:16:58.743Z] [DEBUG] Finding reports to execute in company_ry0iwbpw (current time: 2025-08-10T17:16:58.743Z)
[2025-08-10T17:16:58.816Z] [INFO] Found 0 reports to execute in company_ry0iwbpw
[2025-08-10T17:16:58.817Z] [INFO] Scheduled reports check completed
[2025-08-10T17:16:58.820Z] [DEBUG] MongoDB connection closed
[2025-08-10T17:17:07.783Z] [INFO] Checking for scheduled reports...
[2025-08-10T17:17:08.559Z] [DEBUG] Connected to MongoDB
[2025-08-10T17:17:08.639Z] [INFO] Found 1 company databases
[2025-08-10T17:17:08.640Z] [DEBUG] Processing company database: company_ry0iwbpw
[2025-08-10T17:17:08.714Z] [DEBUG] Finding reports to execute in company_ry0iwbpw (current time: 2025-08-10T17:17:08.714Z)
[2025-08-10T17:17:08.786Z] [INFO] Found 0 reports to execute in company_ry0iwbpw
[2025-08-10T17:17:08.787Z] [INFO] Scheduled reports check completed
[2025-08-10T17:17:08.789Z] [DEBUG] MongoDB connection closed
[2025-08-10T17:17:17.784Z] [INFO] Checking for scheduled reports...
[2025-08-10T17:17:18.565Z] [DEBUG] Connected to MongoDB
[2025-08-10T17:17:18.641Z] [INFO] Found 1 company databases
[2025-08-10T17:17:18.642Z] [DEBUG] Processing company database: company_ry0iwbpw
[2025-08-10T17:17:18.710Z] [DEBUG] Finding reports to execute in company_ry0iwbpw (current time: 2025-08-10T17:17:18.710Z)
[2025-08-10T17:17:18.778Z] [INFO] Found 0 reports to execute in company_ry0iwbpw
[2025-08-10T17:17:18.778Z] [INFO] Scheduled reports check completed
[2025-08-10T17:17:18.781Z] [DEBUG] MongoDB connection closed
[2025-08-10T17:17:27.785Z] [INFO] Checking for scheduled reports...
[2025-08-10T17:17:28.571Z] [DEBUG] Connected to MongoDB
[2025-08-10T17:17:28.650Z] [INFO] Found 1 company databases
[2025-08-10T17:17:28.650Z] [DEBUG] Processing company database: company_ry0iwbpw
[2025-08-10T17:17:28.720Z] [DEBUG] Finding reports to execute in company_ry0iwbpw (current time: 2025-08-10T17:17:28.720Z)
[2025-08-10T17:17:28.789Z] [INFO] Found 0 reports to execute in company_ry0iwbpw
[2025-08-10T17:17:28.790Z] [INFO] Scheduled reports check completed
[2025-08-10T17:17:28.792Z] [DEBUG] MongoDB connection closed
[2025-08-10T17:17:37.786Z] [INFO] Checking for scheduled reports...
[2025-08-10T17:17:38.542Z] [DEBUG] Connected to MongoDB
[2025-08-10T17:17:38.617Z] [INFO] Found 1 company databases
[2025-08-10T17:17:38.618Z] [DEBUG] Processing company database: company_ry0iwbpw
[2025-08-10T17:17:38.686Z] [DEBUG] Finding reports to execute in company_ry0iwbpw (current time: 2025-08-10T17:17:38.686Z)
[2025-08-10T17:17:38.754Z] [INFO] Found 0 reports to execute in company_ry0iwbpw
[2025-08-10T17:17:38.755Z] [INFO] Scheduled reports check completed
[2025-08-10T17:17:38.757Z] [DEBUG] MongoDB connection closed
[2025-08-10T17:17:47.787Z] [INFO] Checking for scheduled reports...
[2025-08-10T17:17:48.561Z] [DEBUG] Connected to MongoDB
[2025-08-10T17:17:48.637Z] [INFO] Found 1 company databases
[2025-08-10T17:17:48.638Z] [DEBUG] Processing company database: company_ry0iwbpw
[2025-08-10T17:17:48.706Z] [DEBUG] Finding reports to execute in company_ry0iwbpw (current time: 2025-08-10T17:17:48.706Z)
[2025-08-10T17:17:48.772Z] [INFO] Found 0 reports to execute in company_ry0iwbpw
[2025-08-10T17:17:48.773Z] [INFO] Scheduled reports check completed
[2025-08-10T17:17:48.775Z] [DEBUG] MongoDB connection closed
[2025-08-10T17:17:57.787Z] [INFO] Checking for scheduled reports...
[2025-08-10T17:17:58.576Z] [DEBUG] Connected to MongoDB
[2025-08-10T17:17:58.652Z] [INFO] Found 1 company databases
[2025-08-10T17:17:58.653Z] [DEBUG] Processing company database: company_ry0iwbpw
[2025-08-10T17:17:58.721Z] [DEBUG] Finding reports to execute in company_ry0iwbpw (current time: 2025-08-10T17:17:58.721Z)
[2025-08-10T17:17:58.788Z] [INFO] Found 0 reports to execute in company_ry0iwbpw
[2025-08-10T17:17:58.789Z] [INFO] Scheduled reports check completed
[2025-08-10T17:17:58.791Z] [DEBUG] MongoDB connection closed
[2025-08-10T17:18:07.788Z] [INFO] Checking for scheduled reports...
[2025-08-10T17:18:08.565Z] [DEBUG] Connected to MongoDB
[2025-08-10T17:18:08.644Z] [INFO] Found 1 company databases
[2025-08-10T17:18:08.645Z] [DEBUG] Processing company database: company_ry0iwbpw
[2025-08-10T17:18:08.717Z] [DEBUG] Finding reports to execute in company_ry0iwbpw (current time: 2025-08-10T17:18:08.717Z)
[2025-08-10T17:18:08.789Z] [INFO] Found 0 reports to execute in company_ry0iwbpw
[2025-08-10T17:18:08.790Z] [INFO] Scheduled reports check completed
[2025-08-10T17:18:08.792Z] [DEBUG] MongoDB connection closed
[2025-08-10T17:18:17.790Z] [INFO] Checking for scheduled reports...
[2025-08-10T17:18:18.582Z] [DEBUG] Connected to MongoDB
[2025-08-10T17:18:18.661Z] [INFO] Found 1 company databases
[2025-08-10T17:18:18.661Z] [DEBUG] Processing company database: company_ry0iwbpw
[2025-08-10T17:18:18.735Z] [DEBUG] Finding reports to execute in company_ry0iwbpw (current time: 2025-08-10T17:18:18.735Z)
[2025-08-10T17:18:18.807Z] [INFO] Found 0 reports to execute in company_ry0iwbpw
[2025-08-10T17:18:18.808Z] [INFO] Scheduled reports check completed
[2025-08-10T17:18:18.810Z] [DEBUG] MongoDB connection closed
[2025-08-10T17:18:27.791Z] [INFO] Checking for scheduled reports...
[2025-08-10T17:18:28.569Z] [DEBUG] Connected to MongoDB
[2025-08-10T17:18:28.645Z] [INFO] Found 1 company databases
[2025-08-10T17:18:28.645Z] [DEBUG] Processing company database: company_ry0iwbpw
[2025-08-10T17:18:28.713Z] [DEBUG] Finding reports to execute in company_ry0iwbpw (current time: 2025-08-10T17:18:28.713Z)
[2025-08-10T17:18:28.780Z] [INFO] Found 0 reports to execute in company_ry0iwbpw
[2025-08-10T17:18:28.781Z] [INFO] Scheduled reports check completed
[2025-08-10T17:18:28.783Z] [DEBUG] MongoDB connection closed
[2025-08-10T17:18:37.792Z] [INFO] Checking for scheduled reports...
[2025-08-10T17:18:38.564Z] [DEBUG] Connected to MongoDB
[2025-08-10T17:18:38.640Z] [INFO] Found 1 company databases
[2025-08-10T17:18:38.640Z] [DEBUG] Processing company database: company_ry0iwbpw
[2025-08-10T17:18:38.709Z] [DEBUG] Finding reports to execute in company_ry0iwbpw (current time: 2025-08-10T17:18:38.709Z)
[2025-08-10T17:18:38.776Z] [INFO] Found 0 reports to execute in company_ry0iwbpw
[2025-08-10T17:18:38.777Z] [INFO] Scheduled reports check completed
[2025-08-10T17:18:38.779Z] [DEBUG] MongoDB connection closed
[2025-08-10T17:18:47.792Z] [INFO] Checking for scheduled reports...
[2025-08-10T17:18:48.583Z] [DEBUG] Connected to MongoDB
[2025-08-10T17:18:48.662Z] [INFO] Found 1 company databases
[2025-08-10T17:18:48.663Z] [DEBUG] Processing company database: company_ry0iwbpw
[2025-08-10T17:18:48.735Z] [DEBUG] Finding reports to execute in company_ry0iwbpw (current time: 2025-08-10T17:18:48.735Z)
[2025-08-10T17:18:48.804Z] [INFO] Found 0 reports to execute in company_ry0iwbpw
[2025-08-10T17:18:48.804Z] [INFO] Scheduled reports check completed
[2025-08-10T17:18:48.809Z] [DEBUG] MongoDB connection closed
[2025-08-10T17:18:57.792Z] [INFO] Checking for scheduled reports...
[2025-08-10T17:18:58.586Z] [DEBUG] Connected to MongoDB
[2025-08-10T17:18:58.666Z] [INFO] Found 1 company databases
[2025-08-10T17:18:58.667Z] [DEBUG] Processing company database: company_ry0iwbpw
[2025-08-10T17:18:58.739Z] [DEBUG] Finding reports to execute in company_ry0iwbpw (current time: 2025-08-10T17:18:58.739Z)
[2025-08-10T17:18:58.811Z] [INFO] Found 0 reports to execute in company_ry0iwbpw
[2025-08-10T17:18:58.811Z] [INFO] Scheduled reports check completed
[2025-08-10T17:18:58.814Z] [DEBUG] MongoDB connection closed
[2025-08-10T17:19:07.793Z] [INFO] Checking for scheduled reports...
[2025-08-10T17:19:08.560Z] [DEBUG] Connected to MongoDB
[2025-08-10T17:19:08.635Z] [INFO] Found 1 company databases
[2025-08-10T17:19:08.636Z] [DEBUG] Processing company database: company_ry0iwbpw
[2025-08-10T17:19:08.705Z] [DEBUG] Finding reports to execute in company_ry0iwbpw (current time: 2025-08-10T17:19:08.705Z)
[2025-08-10T17:19:08.773Z] [INFO] Found 0 reports to execute in company_ry0iwbpw
[2025-08-10T17:19:08.774Z] [INFO] Scheduled reports check completed
[2025-08-10T17:19:08.776Z] [DEBUG] MongoDB connection closed
[2025-08-10T17:19:17.795Z] [INFO] Checking for scheduled reports...
[2025-08-10T17:19:18.582Z] [DEBUG] Connected to MongoDB
[2025-08-10T17:19:18.658Z] [INFO] Found 1 company databases
[2025-08-10T17:19:18.659Z] [DEBUG] Processing company database: company_ry0iwbpw
[2025-08-10T17:19:18.729Z] [DEBUG] Finding reports to execute in company_ry0iwbpw (current time: 2025-08-10T17:19:18.729Z)
[2025-08-10T17:19:18.797Z] [INFO] Found 0 reports to execute in company_ry0iwbpw
[2025-08-10T17:19:18.797Z] [INFO] Scheduled reports check completed
[2025-08-10T17:19:18.801Z] [DEBUG] MongoDB connection closed
[2025-08-10T17:19:27.796Z] [INFO] Checking for scheduled reports...
[2025-08-10T17:19:28.572Z] [DEBUG] Connected to MongoDB
[2025-08-10T17:19:28.648Z] [INFO] Found 1 company databases
[2025-08-10T17:19:28.648Z] [DEBUG] Processing company database: company_ry0iwbpw
[2025-08-10T17:19:28.718Z] [DEBUG] Finding reports to execute in company_ry0iwbpw (current time: 2025-08-10T17:19:28.718Z)
[2025-08-10T17:19:28.788Z] [INFO] Found 0 reports to execute in company_ry0iwbpw
[2025-08-10T17:19:28.788Z] [INFO] Scheduled reports check completed
[2025-08-10T17:19:28.790Z] [DEBUG] MongoDB connection closed
[2025-08-10T17:19:37.796Z] [INFO] Checking for scheduled reports...
[2025-08-10T17:19:38.543Z] [DEBUG] Connected to MongoDB
[2025-08-10T17:19:38.619Z] [INFO] Found 1 company databases
[2025-08-10T17:19:38.619Z] [DEBUG] Processing company database: company_ry0iwbpw
[2025-08-10T17:19:38.688Z] [DEBUG] Finding reports to execute in company_ry0iwbpw (current time: 2025-08-10T17:19:38.687Z)
[2025-08-10T17:19:38.756Z] [INFO] Found 0 reports to execute in company_ry0iwbpw
[2025-08-10T17:19:38.756Z] [INFO] Scheduled reports check completed
[2025-08-10T17:19:38.759Z] [DEBUG] MongoDB connection closed
[2025-08-10T17:19:47.796Z] [INFO] Checking for scheduled reports...
[2025-08-10T17:19:48.623Z] [DEBUG] Connected to MongoDB
[2025-08-10T17:19:48.705Z] [INFO] Found 1 company databases
[2025-08-10T17:19:48.705Z] [DEBUG] Processing company database: company_ry0iwbpw
[2025-08-10T17:19:48.779Z] [DEBUG] Finding reports to execute in company_ry0iwbpw (current time: 2025-08-10T17:19:48.779Z)
[2025-08-10T17:19:48.852Z] [INFO] Found 0 reports to execute in company_ry0iwbpw
[2025-08-10T17:19:48.852Z] [INFO] Scheduled reports check completed
[2025-08-10T17:19:48.855Z] [DEBUG] MongoDB connection closed
[2025-08-10T17:19:57.797Z] [INFO] Checking for scheduled reports...
[2025-08-10T17:19:58.612Z] [DEBUG] Connected to MongoDB
[2025-08-10T17:19:58.692Z] [INFO] Found 1 company databases
[2025-08-10T17:19:58.692Z] [DEBUG] Processing company database: company_ry0iwbpw
[2025-08-10T17:19:58.764Z] [DEBUG] Finding reports to execute in company_ry0iwbpw (current time: 2025-08-10T17:19:58.764Z)
[2025-08-10T17:19:58.835Z] [INFO] Found 0 reports to execute in company_ry0iwbpw
[2025-08-10T17:19:58.835Z] [INFO] Scheduled reports check completed
[2025-08-10T17:19:58.839Z] [DEBUG] MongoDB connection closed
[2025-08-10T17:20:07.799Z] [INFO] Checking for scheduled reports...
[2025-08-10T17:20:08.549Z] [DEBUG] Connected to MongoDB
[2025-08-10T17:20:08.625Z] [INFO] Found 1 company databases
[2025-08-10T17:20:08.625Z] [DEBUG] Processing company database: company_ry0iwbpw
[2025-08-10T17:20:08.695Z] [DEBUG] Finding reports to execute in company_ry0iwbpw (current time: 2025-08-10T17:20:08.695Z)
[2025-08-10T17:20:08.763Z] [INFO] Found 0 reports to execute in company_ry0iwbpw
[2025-08-10T17:20:08.764Z] [INFO] Scheduled reports check completed
[2025-08-10T17:20:08.766Z] [DEBUG] MongoDB connection closed
[2025-08-10T17:20:17.799Z] [INFO] Checking for scheduled reports...
[2025-08-10T17:20:18.611Z] [DEBUG] Connected to MongoDB
[2025-08-10T17:20:18.691Z] [INFO] Found 1 company databases
[2025-08-10T17:20:18.692Z] [DEBUG] Processing company database: company_ry0iwbpw
[2025-08-10T17:20:18.765Z] [DEBUG] Finding reports to execute in company_ry0iwbpw (current time: 2025-08-10T17:20:18.765Z)
[2025-08-10T17:20:18.837Z] [INFO] Found 0 reports to execute in company_ry0iwbpw
[2025-08-10T17:20:18.838Z] [INFO] Scheduled reports check completed
[2025-08-10T17:20:18.840Z] [DEBUG] MongoDB connection closed
[2025-08-10T17:20:27.801Z] [INFO] Checking for scheduled reports...
[2025-08-10T17:20:28.630Z] [DEBUG] Connected to MongoDB
[2025-08-10T17:20:28.711Z] [INFO] Found 1 company databases
[2025-08-10T17:20:28.711Z] [DEBUG] Processing company database: company_ry0iwbpw
[2025-08-10T17:20:28.784Z] [DEBUG] Finding reports to execute in company_ry0iwbpw (current time: 2025-08-10T17:20:28.784Z)
[2025-08-10T17:20:28.857Z] [INFO] Found 0 reports to execute in company_ry0iwbpw
[2025-08-10T17:20:28.857Z] [INFO] Scheduled reports check completed
[2025-08-10T17:20:28.860Z] [DEBUG] MongoDB connection closed
[2025-08-10T17:20:37.802Z] [INFO] Checking for scheduled reports...
[2025-08-10T17:20:38.602Z] [DEBUG] Connected to MongoDB
[2025-08-10T17:20:38.682Z] [INFO] Found 1 company databases
[2025-08-10T17:20:38.683Z] [DEBUG] Processing company database: company_ry0iwbpw
[2025-08-10T17:20:38.754Z] [DEBUG] Finding reports to execute in company_ry0iwbpw (current time: 2025-08-10T17:20:38.754Z)
[2025-08-10T17:20:38.827Z] [INFO] Found 0 reports to execute in company_ry0iwbpw
[2025-08-10T17:20:38.828Z] [INFO] Scheduled reports check completed
[2025-08-10T17:20:38.831Z] [DEBUG] MongoDB connection closed
[2025-08-10T17:20:47.803Z] [INFO] Checking for scheduled reports...
[2025-08-10T17:20:48.604Z] [DEBUG] Connected to MongoDB
[2025-08-10T17:20:48.685Z] [INFO] Found 1 company databases
[2025-08-10T17:20:48.686Z] [DEBUG] Processing company database: company_ry0iwbpw
[2025-08-10T17:20:48.758Z] [DEBUG] Finding reports to execute in company_ry0iwbpw (current time: 2025-08-10T17:20:48.758Z)
[2025-08-10T17:20:48.831Z] [INFO] Found 0 reports to execute in company_ry0iwbpw
[2025-08-10T17:20:48.832Z] [INFO] Scheduled reports check completed
[2025-08-10T17:20:48.834Z] [DEBUG] MongoDB connection closed
[2025-08-10T17:20:57.805Z] [INFO] Checking for scheduled reports...
[2025-08-10T17:20:58.599Z] [DEBUG] Connected to MongoDB
[2025-08-10T17:20:58.680Z] [INFO] Found 1 company databases
[2025-08-10T17:20:58.681Z] [DEBUG] Processing company database: company_ry0iwbpw
[2025-08-10T17:20:58.755Z] [DEBUG] Finding reports to execute in company_ry0iwbpw (current time: 2025-08-10T17:20:58.755Z)
[2025-08-10T17:20:58.826Z] [INFO] Found 0 reports to execute in company_ry0iwbpw
[2025-08-10T17:20:58.827Z] [INFO] Scheduled reports check completed
[2025-08-10T17:20:58.829Z] [DEBUG] MongoDB connection closed
[2025-08-10T17:21:07.806Z] [INFO] Checking for scheduled reports...
[2025-08-10T17:21:08.635Z] [DEBUG] Connected to MongoDB
[2025-08-10T17:21:08.716Z] [INFO] Found 1 company databases
[2025-08-10T17:21:08.716Z] [DEBUG] Processing company database: company_ry0iwbpw
[2025-08-10T17:21:08.790Z] [DEBUG] Finding reports to execute in company_ry0iwbpw (current time: 2025-08-10T17:21:08.790Z)
[2025-08-10T17:21:08.863Z] [INFO] Found 0 reports to execute in company_ry0iwbpw
[2025-08-10T17:21:08.864Z] [INFO] Scheduled reports check completed
[2025-08-10T17:21:08.866Z] [DEBUG] MongoDB connection closed
[2025-08-10T17:21:17.807Z] [INFO] Checking for scheduled reports...
[2025-08-10T17:21:18.621Z] [DEBUG] Connected to MongoDB
[2025-08-10T17:21:18.701Z] [INFO] Found 1 company databases
[2025-08-10T17:21:18.702Z] [DEBUG] Processing company database: company_ry0iwbpw
[2025-08-10T17:21:18.774Z] [DEBUG] Finding reports to execute in company_ry0iwbpw (current time: 2025-08-10T17:21:18.774Z)
[2025-08-10T17:21:18.847Z] [INFO] Found 0 reports to execute in company_ry0iwbpw
[2025-08-10T17:21:18.848Z] [INFO] Scheduled reports check completed
[2025-08-10T17:21:18.850Z] [DEBUG] MongoDB connection closed
[2025-08-10T17:21:27.808Z] [INFO] Checking for scheduled reports...
[2025-08-10T17:21:28.568Z] [DEBUG] Connected to MongoDB
[2025-08-10T17:21:28.645Z] [INFO] Found 1 company databases
[2025-08-10T17:21:28.645Z] [DEBUG] Processing company database: company_ry0iwbpw
[2025-08-10T17:21:28.714Z] [DEBUG] Finding reports to execute in company_ry0iwbpw (current time: 2025-08-10T17:21:28.714Z)
[2025-08-10T17:21:28.782Z] [INFO] Found 0 reports to execute in company_ry0iwbpw
[2025-08-10T17:21:28.783Z] [INFO] Scheduled reports check completed
[2025-08-10T17:21:28.785Z] [DEBUG] MongoDB connection closed
[2025-08-10T17:21:37.808Z] [INFO] Checking for scheduled reports...
[2025-08-10T17:21:38.596Z] [DEBUG] Connected to MongoDB
[2025-08-10T17:21:38.675Z] [INFO] Found 1 company databases
[2025-08-10T17:21:38.675Z] [DEBUG] Processing company database: company_ry0iwbpw
[2025-08-10T17:21:38.749Z] [DEBUG] Finding reports to execute in company_ry0iwbpw (current time: 2025-08-10T17:21:38.749Z)
[2025-08-10T17:21:38.820Z] [INFO] Found 0 reports to execute in company_ry0iwbpw
[2025-08-10T17:21:38.821Z] [INFO] Scheduled reports check completed
[2025-08-10T17:21:38.823Z] [DEBUG] MongoDB connection closed
[2025-08-10T17:21:47.810Z] [INFO] Checking for scheduled reports...
[2025-08-10T17:21:48.639Z] [DEBUG] Connected to MongoDB
[2025-08-10T17:21:48.718Z] [INFO] Found 1 company databases
[2025-08-10T17:21:48.718Z] [DEBUG] Processing company database: company_ry0iwbpw
[2025-08-10T17:21:48.790Z] [DEBUG] Finding reports to execute in company_ry0iwbpw (current time: 2025-08-10T17:21:48.790Z)
[2025-08-10T17:21:48.862Z] [INFO] Found 0 reports to execute in company_ry0iwbpw
[2025-08-10T17:21:48.863Z] [INFO] Scheduled reports check completed
[2025-08-10T17:21:48.865Z] [DEBUG] MongoDB connection closed
[2025-08-10T17:21:57.873Z] [INFO] Checking for scheduled reports...
[2025-08-10T17:21:58.652Z] [DEBUG] Connected to MongoDB
[2025-08-10T17:21:58.731Z] [INFO] Found 1 company databases
[2025-08-10T17:21:58.731Z] [DEBUG] Processing company database: company_ry0iwbpw
[2025-08-10T17:21:58.804Z] [DEBUG] Finding reports to execute in company_ry0iwbpw (current time: 2025-08-10T17:21:58.804Z)
[2025-08-10T17:21:58.876Z] [INFO] Found 0 reports to execute in company_ry0iwbpw
[2025-08-10T17:21:58.897Z] [INFO] Scheduled reports check completed
[2025-08-10T17:21:58.899Z] [DEBUG] MongoDB connection closed
[2025-08-10T17:22:07.876Z] [INFO] Checking for scheduled reports...
[2025-08-10T17:22:08.663Z] [DEBUG] Connected to MongoDB
[2025-08-10T17:22:08.739Z] [INFO] Found 1 company databases
[2025-08-10T17:22:08.739Z] [DEBUG] Processing company database: company_ry0iwbpw
[2025-08-10T17:22:08.809Z] [DEBUG] Finding reports to execute in company_ry0iwbpw (current time: 2025-08-10T17:22:08.809Z)
[2025-08-10T17:22:08.877Z] [INFO] Found 0 reports to execute in company_ry0iwbpw
[2025-08-10T17:22:08.877Z] [INFO] Scheduled reports check completed
[2025-08-10T17:22:08.880Z] [DEBUG] MongoDB connection closed
[2025-08-10T17:22:17.877Z] [INFO] Checking for scheduled reports...
[2025-08-10T17:22:18.688Z] [DEBUG] Connected to MongoDB
[2025-08-10T17:22:18.768Z] [INFO] Found 1 company databases
[2025-08-10T17:22:18.769Z] [DEBUG] Processing company database: company_ry0iwbpw
[2025-08-10T17:22:18.841Z] [DEBUG] Finding reports to execute in company_ry0iwbpw (current time: 2025-08-10T17:22:18.841Z)
[2025-08-10T17:22:18.913Z] [INFO] Found 0 reports to execute in company_ry0iwbpw
[2025-08-10T17:22:18.913Z] [INFO] Scheduled reports check completed
[2025-08-10T17:22:18.915Z] [DEBUG] MongoDB connection closed
[2025-08-10T17:22:27.879Z] [INFO] Checking for scheduled reports...
[2025-08-10T17:22:28.688Z] [DEBUG] Connected to MongoDB
[2025-08-10T17:22:28.768Z] [INFO] Found 1 company databases
[2025-08-10T17:22:28.769Z] [DEBUG] Processing company database: company_ry0iwbpw
[2025-08-10T17:22:28.842Z] [DEBUG] Finding reports to execute in company_ry0iwbpw (current time: 2025-08-10T17:22:28.842Z)
[2025-08-10T17:22:28.915Z] [INFO] Found 0 reports to execute in company_ry0iwbpw
[2025-08-10T17:22:28.916Z] [INFO] Scheduled reports check completed
[2025-08-10T17:22:28.918Z] [DEBUG] MongoDB connection closed
[2025-08-10T17:22:37.881Z] [INFO] Checking for scheduled reports...
[2025-08-10T17:22:38.652Z] [DEBUG] Connected to MongoDB
[2025-08-10T17:22:38.730Z] [INFO] Found 1 company databases
[2025-08-10T17:22:38.730Z] [DEBUG] Processing company database: company_ry0iwbpw
[2025-08-10T17:22:38.799Z] [DEBUG] Finding reports to execute in company_ry0iwbpw (current time: 2025-08-10T17:22:38.799Z)
[2025-08-10T17:22:38.867Z] [INFO] Found 0 reports to execute in company_ry0iwbpw
[2025-08-10T17:22:38.868Z] [INFO] Scheduled reports check completed
[2025-08-10T17:22:38.871Z] [DEBUG] MongoDB connection closed
[2025-08-10T17:22:47.883Z] [INFO] Checking for scheduled reports...
[2025-08-10T17:22:48.689Z] [DEBUG] Connected to MongoDB
[2025-08-10T17:22:48.768Z] [INFO] Found 1 company databases
[2025-08-10T17:22:48.769Z] [DEBUG] Processing company database: company_ry0iwbpw
[2025-08-10T17:22:48.841Z] [DEBUG] Finding reports to execute in company_ry0iwbpw (current time: 2025-08-10T17:22:48.841Z)
[2025-08-10T17:22:48.913Z] [INFO] Found 0 reports to execute in company_ry0iwbpw
[2025-08-10T17:22:48.913Z] [INFO] Scheduled reports check completed
[2025-08-10T17:22:48.915Z] [DEBUG] MongoDB connection closed
[2025-08-10T17:22:57.883Z] [INFO] Checking for scheduled reports...
[2025-08-10T17:22:58.636Z] [DEBUG] Connected to MongoDB
[2025-08-10T17:22:58.713Z] [INFO] Found 1 company databases
[2025-08-10T17:22:58.714Z] [DEBUG] Processing company database: company_ry0iwbpw
[2025-08-10T17:22:58.783Z] [DEBUG] Finding reports to execute in company_ry0iwbpw (current time: 2025-08-10T17:22:58.783Z)
[2025-08-10T17:22:58.852Z] [INFO] Found 0 reports to execute in company_ry0iwbpw
[2025-08-10T17:22:58.852Z] [INFO] Scheduled reports check completed
[2025-08-10T17:22:58.855Z] [DEBUG] MongoDB connection closed
[2025-08-10T17:23:07.883Z] [INFO] Checking for scheduled reports...
[2025-08-10T17:23:08.707Z] [DEBUG] Connected to MongoDB
[2025-08-10T17:23:08.787Z] [INFO] Found 1 company databases
[2025-08-10T17:23:08.788Z] [DEBUG] Processing company database: company_ry0iwbpw
[2025-08-10T17:23:08.860Z] [DEBUG] Finding reports to execute in company_ry0iwbpw (current time: 2025-08-10T17:23:08.860Z)
[2025-08-10T17:23:08.931Z] [INFO] Found 0 reports to execute in company_ry0iwbpw
[2025-08-10T17:23:08.932Z] [INFO] Scheduled reports check completed
[2025-08-10T17:23:08.935Z] [DEBUG] MongoDB connection closed
[2025-08-10T17:23:17.885Z] [INFO] Checking for scheduled reports...
[2025-08-10T17:23:18.659Z] [DEBUG] Connected to MongoDB
[2025-08-10T17:23:18.735Z] [INFO] Found 1 company databases
[2025-08-10T17:23:18.736Z] [DEBUG] Processing company database: company_ry0iwbpw
[2025-08-10T17:23:18.804Z] [DEBUG] Finding reports to execute in company_ry0iwbpw (current time: 2025-08-10T17:23:18.804Z)
[2025-08-10T17:23:18.871Z] [INFO] Found 0 reports to execute in company_ry0iwbpw
[2025-08-10T17:23:18.872Z] [INFO] Scheduled reports check completed
[2025-08-10T17:23:18.874Z] [DEBUG] MongoDB connection closed
[2025-08-10T17:23:27.887Z] [INFO] Checking for scheduled reports...
[2025-08-10T17:23:28.647Z] [DEBUG] Connected to MongoDB
[2025-08-10T17:23:28.723Z] [INFO] Found 1 company databases
[2025-08-10T17:23:28.724Z] [DEBUG] Processing company database: company_ry0iwbpw
[2025-08-10T17:23:28.793Z] [DEBUG] Finding reports to execute in company_ry0iwbpw (current time: 2025-08-10T17:23:28.793Z)
[2025-08-10T17:23:28.863Z] [INFO] Found 0 reports to execute in company_ry0iwbpw
[2025-08-10T17:23:28.863Z] [INFO] Scheduled reports check completed
[2025-08-10T17:23:28.866Z] [DEBUG] MongoDB connection closed
[2025-08-10T17:23:37.890Z] [INFO] Checking for scheduled reports...
[2025-08-10T17:23:38.675Z] [DEBUG] Connected to MongoDB
[2025-08-10T17:23:38.752Z] [INFO] Found 1 company databases
[2025-08-10T17:23:38.752Z] [DEBUG] Processing company database: company_ry0iwbpw
[2025-08-10T17:23:38.820Z] [DEBUG] Finding reports to execute in company_ry0iwbpw (current time: 2025-08-10T17:23:38.820Z)
[2025-08-10T17:23:38.888Z] [INFO] Found 0 reports to execute in company_ry0iwbpw
[2025-08-10T17:23:38.888Z] [INFO] Scheduled reports check completed
[2025-08-10T17:23:38.891Z] [DEBUG] MongoDB connection closed
[2025-08-10T17:23:47.891Z] [INFO] Checking for scheduled reports...
[2025-08-10T17:23:48.693Z] [DEBUG] Connected to MongoDB
[2025-08-10T17:23:48.768Z] [INFO] Found 1 company databases
[2025-08-10T17:23:48.769Z] [DEBUG] Processing company database: company_ry0iwbpw
[2025-08-10T17:23:48.839Z] [DEBUG] Finding reports to execute in company_ry0iwbpw (current time: 2025-08-10T17:23:48.839Z)
[2025-08-10T17:23:48.908Z] [INFO] Found 0 reports to execute in company_ry0iwbpw
[2025-08-10T17:23:48.908Z] [INFO] Scheduled reports check completed
[2025-08-10T17:23:48.911Z] [DEBUG] MongoDB connection closed
[2025-08-10T17:23:57.894Z] [INFO] Checking for scheduled reports...
[2025-08-10T17:23:58.667Z] [DEBUG] Connected to MongoDB
[2025-08-10T17:23:58.745Z] [INFO] Found 1 company databases
[2025-08-10T17:23:58.745Z] [DEBUG] Processing company database: company_ry0iwbpw
[2025-08-10T17:23:58.815Z] [DEBUG] Finding reports to execute in company_ry0iwbpw (current time: 2025-08-10T17:23:58.815Z)
[2025-08-10T17:23:58.884Z] [INFO] Found 0 reports to execute in company_ry0iwbpw
[2025-08-10T17:23:58.884Z] [INFO] Scheduled reports check completed
[2025-08-10T17:23:58.887Z] [DEBUG] MongoDB connection closed
[2025-08-10T17:24:07.895Z] [INFO] Checking for scheduled reports...
[2025-08-10T17:24:08.673Z] [DEBUG] Connected to MongoDB
[2025-08-10T17:24:08.750Z] [INFO] Found 1 company databases
[2025-08-10T17:24:08.751Z] [DEBUG] Processing company database: company_ry0iwbpw
[2025-08-10T17:24:08.819Z] [DEBUG] Finding reports to execute in company_ry0iwbpw (current time: 2025-08-10T17:24:08.819Z)
[2025-08-10T17:24:08.887Z] [INFO] Found 0 reports to execute in company_ry0iwbpw
[2025-08-10T17:24:08.887Z] [INFO] Scheduled reports check completed
[2025-08-10T17:24:08.890Z] [DEBUG] MongoDB connection closed
[2025-08-10T17:24:17.898Z] [INFO] Checking for scheduled reports...
[2025-08-10T17:24:18.694Z] [DEBUG] Connected to MongoDB
[2025-08-10T17:24:18.771Z] [INFO] Found 1 company databases
[2025-08-10T17:24:18.772Z] [DEBUG] Processing company database: company_ry0iwbpw
[2025-08-10T17:24:18.841Z] [DEBUG] Finding reports to execute in company_ry0iwbpw (current time: 2025-08-10T17:24:18.841Z)
[2025-08-10T17:24:18.911Z] [INFO] Found 0 reports to execute in company_ry0iwbpw
[2025-08-10T17:24:18.912Z] [INFO] Scheduled reports check completed
[2025-08-10T17:24:18.914Z] [DEBUG] MongoDB connection closed
[2025-08-10T17:24:27.900Z] [INFO] Checking for scheduled reports...
[2025-08-10T17:24:28.714Z] [DEBUG] Connected to MongoDB
[2025-08-10T17:24:28.794Z] [INFO] Found 1 company databases
[2025-08-10T17:24:28.795Z] [DEBUG] Processing company database: company_ry0iwbpw
[2025-08-10T17:24:28.868Z] [DEBUG] Finding reports to execute in company_ry0iwbpw (current time: 2025-08-10T17:24:28.868Z)
[2025-08-10T17:24:28.940Z] [INFO] Found 0 reports to execute in company_ry0iwbpw
[2025-08-10T17:24:28.940Z] [INFO] Scheduled reports check completed
[2025-08-10T17:24:28.942Z] [DEBUG] MongoDB connection closed
[2025-08-10T17:24:37.902Z] [INFO] Checking for scheduled reports...
[2025-08-10T17:24:38.657Z] [DEBUG] Connected to MongoDB
[2025-08-10T17:24:38.732Z] [INFO] Found 1 company databases
[2025-08-10T17:24:38.732Z] [DEBUG] Processing company database: company_ry0iwbpw
[2025-08-10T17:24:38.801Z] [DEBUG] Finding reports to execute in company_ry0iwbpw (current time: 2025-08-10T17:24:38.801Z)
[2025-08-10T17:24:38.870Z] [INFO] Found 0 reports to execute in company_ry0iwbpw
[2025-08-10T17:24:38.871Z] [INFO] Scheduled reports check completed
[2025-08-10T17:24:38.873Z] [DEBUG] MongoDB connection closed
[2025-08-10T17:24:47.905Z] [INFO] Checking for scheduled reports...
[2025-08-10T17:24:48.683Z] [DEBUG] Connected to MongoDB
[2025-08-10T17:24:48.760Z] [INFO] Found 1 company databases
[2025-08-10T17:24:48.761Z] [DEBUG] Processing company database: company_ry0iwbpw
[2025-08-10T17:24:48.829Z] [DEBUG] Finding reports to execute in company_ry0iwbpw (current time: 2025-08-10T17:24:48.829Z)
[2025-08-10T17:24:48.898Z] [INFO] Found 0 reports to execute in company_ry0iwbpw
[2025-08-10T17:24:48.899Z] [INFO] Scheduled reports check completed
[2025-08-10T17:24:48.901Z] [DEBUG] MongoDB connection closed
[2025-08-10T17:24:57.907Z] [INFO] Checking for scheduled reports...
[2025-08-10T17:24:58.725Z] [DEBUG] Connected to MongoDB
[2025-08-10T17:24:58.806Z] [INFO] Found 1 company databases
[2025-08-10T17:24:58.807Z] [DEBUG] Processing company database: company_ry0iwbpw
[2025-08-10T17:24:58.881Z] [DEBUG] Finding reports to execute in company_ry0iwbpw (current time: 2025-08-10T17:24:58.881Z)
[2025-08-10T17:24:58.957Z] [INFO] Found 0 reports to execute in company_ry0iwbpw
[2025-08-10T17:24:58.958Z] [INFO] Scheduled reports check completed
[2025-08-10T17:24:58.960Z] [DEBUG] MongoDB connection closed
[2025-08-10T17:25:07.908Z] [INFO] Checking for scheduled reports...
[2025-08-10T17:25:08.699Z] [DEBUG] Connected to MongoDB
[2025-08-10T17:25:08.787Z] [INFO] Found 1 company databases
[2025-08-10T17:25:08.788Z] [DEBUG] Processing company database: company_ry0iwbpw
[2025-08-10T17:25:08.862Z] [DEBUG] Finding reports to execute in company_ry0iwbpw (current time: 2025-08-10T17:25:08.862Z)
[2025-08-10T17:25:08.935Z] [INFO] Found 0 reports to execute in company_ry0iwbpw
[2025-08-10T17:25:08.936Z] [INFO] Scheduled reports check completed
[2025-08-10T17:25:08.938Z] [DEBUG] MongoDB connection closed
[2025-08-10T17:25:17.910Z] [INFO] Checking for scheduled reports...
[2025-08-10T17:25:18.692Z] [DEBUG] Connected to MongoDB
[2025-08-10T17:25:18.769Z] [INFO] Found 1 company databases
[2025-08-10T17:25:18.769Z] [DEBUG] Processing company database: company_ry0iwbpw
[2025-08-10T17:25:18.840Z] [DEBUG] Finding reports to execute in company_ry0iwbpw (current time: 2025-08-10T17:25:18.840Z)
[2025-08-10T17:25:18.909Z] [INFO] Found 0 reports to execute in company_ry0iwbpw
[2025-08-10T17:25:18.910Z] [INFO] Scheduled reports check completed
[2025-08-10T17:25:18.912Z] [DEBUG] MongoDB connection closed
[2025-08-10T17:25:27.912Z] [INFO] Checking for scheduled reports...
[2025-08-10T17:25:28.701Z] [DEBUG] Connected to MongoDB
[2025-08-10T17:25:28.781Z] [INFO] Found 1 company databases
[2025-08-10T17:25:28.782Z] [DEBUG] Processing company database: company_ry0iwbpw
[2025-08-10T17:25:28.854Z] [DEBUG] Finding reports to execute in company_ry0iwbpw (current time: 2025-08-10T17:25:28.854Z)
[2025-08-10T17:25:28.925Z] [INFO] Found 0 reports to execute in company_ry0iwbpw
[2025-08-10T17:25:28.926Z] [INFO] Scheduled reports check completed
[2025-08-10T17:25:28.928Z] [DEBUG] MongoDB connection closed
[2025-08-10T17:25:37.914Z] [INFO] Checking for scheduled reports...
[2025-08-10T17:25:38.711Z] [DEBUG] Connected to MongoDB
[2025-08-10T17:25:38.791Z] [INFO] Found 1 company databases
[2025-08-10T17:25:38.792Z] [DEBUG] Processing company database: company_ry0iwbpw
[2025-08-10T17:25:38.864Z] [DEBUG] Finding reports to execute in company_ry0iwbpw (current time: 2025-08-10T17:25:38.864Z)
[2025-08-10T17:25:38.936Z] [INFO] Found 0 reports to execute in company_ry0iwbpw
[2025-08-10T17:25:38.936Z] [INFO] Scheduled reports check completed
[2025-08-10T17:25:38.939Z] [DEBUG] MongoDB connection closed
[2025-08-10T17:25:47.916Z] [INFO] Checking for scheduled reports...
[2025-08-10T17:25:48.692Z] [DEBUG] Connected to MongoDB
[2025-08-10T17:25:48.767Z] [INFO] Found 1 company databases
[2025-08-10T17:25:48.768Z] [DEBUG] Processing company database: company_ry0iwbpw
[2025-08-10T17:25:48.835Z] [DEBUG] Finding reports to execute in company_ry0iwbpw (current time: 2025-08-10T17:25:48.835Z)
[2025-08-10T17:25:48.904Z] [INFO] Found 0 reports to execute in company_ry0iwbpw
[2025-08-10T17:25:48.904Z] [INFO] Scheduled reports check completed
[2025-08-10T17:25:48.906Z] [DEBUG] MongoDB connection closed
[2025-08-10T17:25:57.917Z] [INFO] Checking for scheduled reports...
[2025-08-10T17:25:58.667Z] [DEBUG] Connected to MongoDB
[2025-08-10T17:25:58.743Z] [INFO] Found 1 company databases
[2025-08-10T17:25:58.744Z] [DEBUG] Processing company database: company_ry0iwbpw
[2025-08-10T17:25:58.811Z] [DEBUG] Finding reports to execute in company_ry0iwbpw (current time: 2025-08-10T17:25:58.811Z)
[2025-08-10T17:25:58.879Z] [INFO] Found 0 reports to execute in company_ry0iwbpw
[2025-08-10T17:25:58.880Z] [INFO] Scheduled reports check completed
[2025-08-10T17:25:58.882Z] [DEBUG] MongoDB connection closed
[2025-08-10T17:26:07.920Z] [INFO] Checking for scheduled reports...
[2025-08-10T17:26:08.700Z] [DEBUG] Connected to MongoDB
[2025-08-10T17:26:08.775Z] [INFO] Found 1 company databases
[2025-08-10T17:26:08.776Z] [DEBUG] Processing company database: company_ry0iwbpw
[2025-08-10T17:26:08.844Z] [DEBUG] Finding reports to execute in company_ry0iwbpw (current time: 2025-08-10T17:26:08.844Z)
[2025-08-10T17:26:08.911Z] [INFO] Found 0 reports to execute in company_ry0iwbpw
[2025-08-10T17:26:08.912Z] [INFO] Scheduled reports check completed
[2025-08-10T17:26:08.914Z] [DEBUG] MongoDB connection closed
[2025-08-10T17:26:17.921Z] [INFO] Checking for scheduled reports...
[2025-08-10T17:26:18.725Z] [DEBUG] Connected to MongoDB
[2025-08-10T17:26:18.805Z] [INFO] Found 1 company databases
[2025-08-10T17:26:18.805Z] [DEBUG] Processing company database: company_ry0iwbpw
[2025-08-10T17:26:18.878Z] [DEBUG] Finding reports to execute in company_ry0iwbpw (current time: 2025-08-10T17:26:18.878Z)
[2025-08-10T17:26:18.950Z] [INFO] Found 0 reports to execute in company_ry0iwbpw
[2025-08-10T17:26:18.951Z] [INFO] Scheduled reports check completed
[2025-08-10T17:26:18.953Z] [DEBUG] MongoDB connection closed
[2025-08-10T17:26:27.922Z] [INFO] Checking for scheduled reports...
[2025-08-10T17:26:28.712Z] [DEBUG] Connected to MongoDB
[2025-08-10T17:26:28.791Z] [INFO] Found 1 company databases
[2025-08-10T17:26:28.792Z] [DEBUG] Processing company database: company_ry0iwbpw
[2025-08-10T17:26:28.863Z] [DEBUG] Finding reports to execute in company_ry0iwbpw (current time: 2025-08-10T17:26:28.863Z)
[2025-08-10T17:26:28.935Z] [INFO] Found 0 reports to execute in company_ry0iwbpw
[2025-08-10T17:26:28.935Z] [INFO] Scheduled reports check completed
[2025-08-10T17:26:28.937Z] [DEBUG] MongoDB connection closed
[2025-08-10T17:26:37.922Z] [INFO] Checking for scheduled reports...
[2025-08-10T17:26:38.675Z] [DEBUG] Connected to MongoDB
[2025-08-10T17:26:38.752Z] [INFO] Found 1 company databases
[2025-08-10T17:26:38.753Z] [DEBUG] Processing company database: company_ry0iwbpw
[2025-08-10T17:26:38.822Z] [DEBUG] Finding reports to execute in company_ry0iwbpw (current time: 2025-08-10T17:26:38.822Z)
[2025-08-10T17:26:38.889Z] [INFO] Found 0 reports to execute in company_ry0iwbpw
[2025-08-10T17:26:38.890Z] [INFO] Scheduled reports check completed
[2025-08-10T17:26:38.892Z] [DEBUG] MongoDB connection closed
[2025-08-10T17:26:47.924Z] [INFO] Checking for scheduled reports...
[2025-08-10T17:26:48.705Z] [DEBUG] Connected to MongoDB
[2025-08-10T17:26:48.780Z] [INFO] Found 1 company databases
[2025-08-10T17:26:48.781Z] [DEBUG] Processing company database: company_ry0iwbpw
[2025-08-10T17:26:48.849Z] [DEBUG] Finding reports to execute in company_ry0iwbpw (current time: 2025-08-10T17:26:48.849Z)
[2025-08-10T17:26:48.917Z] [INFO] Found 0 reports to execute in company_ry0iwbpw
[2025-08-10T17:26:48.917Z] [INFO] Scheduled reports check completed
[2025-08-10T17:26:48.919Z] [DEBUG] MongoDB connection closed
[2025-08-10T17:26:57.927Z] [INFO] Checking for scheduled reports...
[2025-08-10T17:26:58.725Z] [DEBUG] Connected to MongoDB
[2025-08-10T17:26:58.805Z] [INFO] Found 1 company databases
[2025-08-10T17:26:58.806Z] [DEBUG] Processing company database: company_ry0iwbpw
[2025-08-10T17:26:58.879Z] [DEBUG] Finding reports to execute in company_ry0iwbpw (current time: 2025-08-10T17:26:58.879Z)
[2025-08-10T17:26:58.951Z] [INFO] Found 0 reports to execute in company_ry0iwbpw
[2025-08-10T17:26:58.952Z] [INFO] Scheduled reports check completed
[2025-08-10T17:26:58.954Z] [DEBUG] MongoDB connection closed
[2025-08-10T17:27:07.928Z] [INFO] Checking for scheduled reports...
[2025-08-10T17:27:08.696Z] [DEBUG] Connected to MongoDB
[2025-08-10T17:27:08.772Z] [INFO] Found 1 company databases
[2025-08-10T17:27:08.773Z] [DEBUG] Processing company database: company_ry0iwbpw
[2025-08-10T17:27:08.842Z] [DEBUG] Finding reports to execute in company_ry0iwbpw (current time: 2025-08-10T17:27:08.842Z)
[2025-08-10T17:27:08.911Z] [INFO] Found 0 reports to execute in company_ry0iwbpw
[2025-08-10T17:27:08.911Z] [INFO] Scheduled reports check completed
[2025-08-10T17:27:08.914Z] [DEBUG] MongoDB connection closed
[2025-08-10T17:27:17.929Z] [INFO] Checking for scheduled reports...
[2025-08-10T17:27:18.726Z] [DEBUG] Connected to MongoDB
[2025-08-10T17:27:18.805Z] [INFO] Found 1 company databases
[2025-08-10T17:27:18.806Z] [DEBUG] Processing company database: company_ry0iwbpw
[2025-08-10T17:27:18.879Z] [DEBUG] Finding reports to execute in company_ry0iwbpw (current time: 2025-08-10T17:27:18.878Z)
[2025-08-10T17:27:18.950Z] [INFO] Found 0 reports to execute in company_ry0iwbpw
[2025-08-10T17:27:18.951Z] [INFO] Scheduled reports check completed
[2025-08-10T17:27:18.953Z] [DEBUG] MongoDB connection closed
[2025-08-10T17:27:27.931Z] [INFO] Checking for scheduled reports...
[2025-08-10T17:27:28.716Z] [DEBUG] Connected to MongoDB
[2025-08-10T17:27:28.793Z] [INFO] Found 1 company databases
[2025-08-10T17:27:28.793Z] [DEBUG] Processing company database: company_ry0iwbpw
[2025-08-10T17:27:28.863Z] [DEBUG] Finding reports to execute in company_ry0iwbpw (current time: 2025-08-10T17:27:28.863Z)
[2025-08-10T17:27:28.931Z] [INFO] Found 0 reports to execute in company_ry0iwbpw
[2025-08-10T17:27:28.931Z] [INFO] Scheduled reports check completed
[2025-08-10T17:27:28.934Z] [DEBUG] MongoDB connection closed
[2025-08-10T17:27:37.933Z] [INFO] Checking for scheduled reports...
[2025-08-10T17:27:38.713Z] [DEBUG] Connected to MongoDB
[2025-08-10T17:27:38.791Z] [INFO] Found 1 company databases
[2025-08-10T17:27:38.793Z] [DEBUG] Processing company database: company_ry0iwbpw
[2025-08-10T17:27:38.865Z] [DEBUG] Finding reports to execute in company_ry0iwbpw (current time: 2025-08-10T17:27:38.865Z)
[2025-08-10T17:27:38.935Z] [INFO] Found 0 reports to execute in company_ry0iwbpw
[2025-08-10T17:27:38.936Z] [INFO] Scheduled reports check completed
[2025-08-10T17:27:38.938Z] [DEBUG] MongoDB connection closed
[2025-08-10T17:27:47.935Z] [INFO] Checking for scheduled reports...
[2025-08-10T17:27:48.735Z] [DEBUG] Connected to MongoDB
[2025-08-10T17:27:48.815Z] [INFO] Found 1 company databases
[2025-08-10T17:27:48.815Z] [DEBUG] Processing company database: company_ry0iwbpw
[2025-08-10T17:27:48.887Z] [DEBUG] Finding reports to execute in company_ry0iwbpw (current time: 2025-08-10T17:27:48.887Z)
[2025-08-10T17:27:48.958Z] [INFO] Found 0 reports to execute in company_ry0iwbpw
[2025-08-10T17:27:48.959Z] [INFO] Scheduled reports check completed
[2025-08-10T17:27:48.962Z] [DEBUG] MongoDB connection closed
[2025-08-10T17:27:57.937Z] [INFO] Checking for scheduled reports...
[2025-08-10T17:27:58.702Z] [DEBUG] Connected to MongoDB
[2025-08-10T17:27:58.779Z] [INFO] Found 1 company databases
[2025-08-10T17:27:58.780Z] [DEBUG] Processing company database: company_ry0iwbpw
[2025-08-10T17:27:58.850Z] [DEBUG] Finding reports to execute in company_ry0iwbpw (current time: 2025-08-10T17:27:58.849Z)
[2025-08-10T17:27:58.918Z] [INFO] Found 0 reports to execute in company_ry0iwbpw
[2025-08-10T17:27:58.919Z] [INFO] Scheduled reports check completed
[2025-08-10T17:27:58.921Z] [DEBUG] MongoDB connection closed
[2025-08-10T17:28:07.938Z] [INFO] Checking for scheduled reports...
[2025-08-10T17:28:08.759Z] [DEBUG] Connected to MongoDB
[2025-08-10T17:28:08.840Z] [INFO] Found 1 company databases
[2025-08-10T17:28:08.840Z] [DEBUG] Processing company database: company_ry0iwbpw
[2025-08-10T17:28:08.913Z] [DEBUG] Finding reports to execute in company_ry0iwbpw (current time: 2025-08-10T17:28:08.913Z)
[2025-08-10T17:28:08.985Z] [INFO] Found 0 reports to execute in company_ry0iwbpw
[2025-08-10T17:28:08.986Z] [INFO] Scheduled reports check completed
[2025-08-10T17:28:08.989Z] [DEBUG] MongoDB connection closed
[2025-08-10T17:28:17.938Z] [INFO] Checking for scheduled reports...
[2025-08-10T17:28:18.713Z] [DEBUG] Connected to MongoDB
[2025-08-10T17:28:18.789Z] [INFO] Found 1 company databases
[2025-08-10T17:28:18.790Z] [DEBUG] Processing company database: company_ry0iwbpw
[2025-08-10T17:28:18.857Z] [DEBUG] Finding reports to execute in company_ry0iwbpw (current time: 2025-08-10T17:28:18.857Z)
[2025-08-10T17:28:18.926Z] [INFO] Found 0 reports to execute in company_ry0iwbpw
[2025-08-10T17:28:18.926Z] [INFO] Scheduled reports check completed
[2025-08-10T17:28:18.928Z] [DEBUG] MongoDB connection closed
[2025-08-10T17:28:27.940Z] [INFO] Checking for scheduled reports...
[2025-08-10T17:28:28.722Z] [DEBUG] Connected to MongoDB
[2025-08-10T17:28:28.796Z] [INFO] Found 1 company databases
[2025-08-10T17:28:28.797Z] [DEBUG] Processing company database: company_ry0iwbpw
[2025-08-10T17:28:28.864Z] [DEBUG] Finding reports to execute in company_ry0iwbpw (current time: 2025-08-10T17:28:28.864Z)
[2025-08-10T17:28:28.931Z] [INFO] Found 0 reports to execute in company_ry0iwbpw
[2025-08-10T17:28:28.932Z] [INFO] Scheduled reports check completed
[2025-08-10T17:28:28.934Z] [DEBUG] MongoDB connection closed
[2025-08-10T17:28:37.942Z] [INFO] Checking for scheduled reports...
[2025-08-10T17:28:38.739Z] [DEBUG] Connected to MongoDB
[2025-08-10T17:28:38.819Z] [INFO] Found 1 company databases
[2025-08-10T17:28:38.820Z] [DEBUG] Processing company database: company_ry0iwbpw
[2025-08-10T17:28:38.894Z] [DEBUG] Finding reports to execute in company_ry0iwbpw (current time: 2025-08-10T17:28:38.894Z)
[2025-08-10T17:28:38.966Z] [INFO] Found 0 reports to execute in company_ry0iwbpw
[2025-08-10T17:28:38.967Z] [INFO] Scheduled reports check completed
[2025-08-10T17:28:38.969Z] [DEBUG] MongoDB connection closed
[2025-08-10T17:28:47.945Z] [INFO] Checking for scheduled reports...
[2025-08-10T17:28:48.737Z] [DEBUG] Connected to MongoDB
[2025-08-10T17:28:48.812Z] [INFO] Found 1 company databases
[2025-08-10T17:28:48.813Z] [DEBUG] Processing company database: company_ry0iwbpw
[2025-08-10T17:28:48.881Z] [DEBUG] Finding reports to execute in company_ry0iwbpw (current time: 2025-08-10T17:28:48.881Z)
[2025-08-10T17:28:48.949Z] [INFO] Found 0 reports to execute in company_ry0iwbpw
[2025-08-10T17:28:48.950Z] [INFO] Scheduled reports check completed
[2025-08-10T17:28:48.952Z] [DEBUG] MongoDB connection closed
[2025-08-10T17:28:57.947Z] [INFO] Checking for scheduled reports...
[2025-08-10T17:28:58.769Z] [DEBUG] Connected to MongoDB
[2025-08-10T17:28:58.848Z] [INFO] Found 1 company databases
[2025-08-10T17:28:58.848Z] [DEBUG] Processing company database: company_ry0iwbpw
[2025-08-10T17:28:58.921Z] [DEBUG] Finding reports to execute in company_ry0iwbpw (current time: 2025-08-10T17:28:58.921Z)
[2025-08-10T17:28:58.992Z] [INFO] Found 0 reports to execute in company_ry0iwbpw
[2025-08-10T17:28:58.993Z] [INFO] Scheduled reports check completed
[2025-08-10T17:28:58.995Z] [DEBUG] MongoDB connection closed
[2025-08-10T17:29:07.949Z] [INFO] Checking for scheduled reports...
[2025-08-10T17:29:08.696Z] [DEBUG] Connected to MongoDB
[2025-08-10T17:29:08.773Z] [INFO] Found 1 company databases
[2025-08-10T17:29:08.773Z] [DEBUG] Processing company database: company_ry0iwbpw
[2025-08-10T17:29:08.841Z] [DEBUG] Finding reports to execute in company_ry0iwbpw (current time: 2025-08-10T17:29:08.841Z)
[2025-08-10T17:29:08.907Z] [INFO] Found 0 reports to execute in company_ry0iwbpw
[2025-08-10T17:29:08.908Z] [INFO] Scheduled reports check completed
[2025-08-10T17:29:08.910Z] [DEBUG] MongoDB connection closed
[2025-08-10T17:29:17.951Z] [INFO] Checking for scheduled reports...
[2025-08-10T17:29:18.747Z] [DEBUG] Connected to MongoDB
[2025-08-10T17:29:18.827Z] [INFO] Found 1 company databases
[2025-08-10T17:29:18.828Z] [DEBUG] Processing company database: company_ry0iwbpw
[2025-08-10T17:29:18.900Z] [DEBUG] Finding reports to execute in company_ry0iwbpw (current time: 2025-08-10T17:29:18.900Z)
[2025-08-10T17:29:18.973Z] [INFO] Found 0 reports to execute in company_ry0iwbpw
[2025-08-10T17:29:18.973Z] [INFO] Scheduled reports check completed
[2025-08-10T17:29:18.977Z] [DEBUG] MongoDB connection closed
[2025-08-10T17:29:27.953Z] [INFO] Checking for scheduled reports...
[2025-08-10T17:29:28.780Z] [DEBUG] Connected to MongoDB
[2025-08-10T17:29:28.861Z] [INFO] Found 1 company databases
[2025-08-10T17:29:28.862Z] [DEBUG] Processing company database: company_ry0iwbpw
[2025-08-10T17:29:28.936Z] [DEBUG] Finding reports to execute in company_ry0iwbpw (current time: 2025-08-10T17:29:28.936Z)
[2025-08-10T17:29:29.010Z] [INFO] Found 0 reports to execute in company_ry0iwbpw
[2025-08-10T17:29:29.010Z] [INFO] Scheduled reports check completed
[2025-08-10T17:29:29.012Z] [DEBUG] MongoDB connection closed
[2025-08-10T17:29:37.954Z] [INFO] Checking for scheduled reports...
[2025-08-10T17:29:38.726Z] [DEBUG] Connected to MongoDB
[2025-08-10T17:29:38.803Z] [INFO] Found 1 company databases
[2025-08-10T17:29:38.804Z] [DEBUG] Processing company database: company_ry0iwbpw
[2025-08-10T17:29:38.874Z] [DEBUG] Finding reports to execute in company_ry0iwbpw (current time: 2025-08-10T17:29:38.874Z)
[2025-08-10T17:29:38.943Z] [INFO] Found 0 reports to execute in company_ry0iwbpw
[2025-08-10T17:29:38.943Z] [INFO] Scheduled reports check completed
[2025-08-10T17:29:38.946Z] [DEBUG] MongoDB connection closed
[2025-08-10T17:29:47.956Z] [INFO] Checking for scheduled reports...
[2025-08-10T17:29:48.736Z] [DEBUG] Connected to MongoDB
[2025-08-10T17:29:48.813Z] [INFO] Found 1 company databases
[2025-08-10T17:29:48.813Z] [DEBUG] Processing company database: company_ry0iwbpw
[2025-08-10T17:29:48.882Z] [DEBUG] Finding reports to execute in company_ry0iwbpw (current time: 2025-08-10T17:29:48.882Z)
[2025-08-10T17:29:48.950Z] [INFO] Found 0 reports to execute in company_ry0iwbpw
[2025-08-10T17:29:48.951Z] [INFO] Scheduled reports check completed
[2025-08-10T17:29:48.953Z] [DEBUG] MongoDB connection closed
[2025-08-10T17:29:57.957Z] [INFO] Checking for scheduled reports...
[2025-08-10T17:29:58.734Z] [DEBUG] Connected to MongoDB
[2025-08-10T17:29:58.810Z] [INFO] Found 1 company databases
[2025-08-10T17:29:58.810Z] [DEBUG] Processing company database: company_ry0iwbpw
[2025-08-10T17:29:58.880Z] [DEBUG] Finding reports to execute in company_ry0iwbpw (current time: 2025-08-10T17:29:58.880Z)
[2025-08-10T17:29:58.948Z] [INFO] Found 0 reports to execute in company_ry0iwbpw
[2025-08-10T17:29:58.949Z] [INFO] Scheduled reports check completed
[2025-08-10T17:29:58.951Z] [DEBUG] MongoDB connection closed
[2025-08-10T17:30:07.960Z] [INFO] Checking for scheduled reports...
[2025-08-10T17:30:08.730Z] [DEBUG] Connected to MongoDB
[2025-08-10T17:30:08.806Z] [INFO] Found 1 company databases
[2025-08-10T17:30:08.807Z] [DEBUG] Processing company database: company_ry0iwbpw
[2025-08-10T17:30:08.876Z] [DEBUG] Finding reports to execute in company_ry0iwbpw (current time: 2025-08-10T17:30:08.876Z)
[2025-08-10T17:30:08.945Z] [INFO] Found 0 reports to execute in company_ry0iwbpw
[2025-08-10T17:30:08.945Z] [INFO] Scheduled reports check completed
[2025-08-10T17:30:08.947Z] [DEBUG] MongoDB connection closed
[2025-08-10T17:30:17.962Z] [INFO] Checking for scheduled reports...
[2025-08-10T17:30:18.774Z] [DEBUG] Connected to MongoDB
[2025-08-10T17:30:18.854Z] [INFO] Found 1 company databases
[2025-08-10T17:30:18.855Z] [DEBUG] Processing company database: company_ry0iwbpw
[2025-08-10T17:30:18.926Z] [DEBUG] Finding reports to execute in company_ry0iwbpw (current time: 2025-08-10T17:30:18.926Z)
[2025-08-10T17:30:18.998Z] [INFO] Found 0 reports to execute in company_ry0iwbpw
[2025-08-10T17:30:18.998Z] [INFO] Scheduled reports check completed
[2025-08-10T17:30:19.000Z] [DEBUG] MongoDB connection closed
[2025-08-10T17:30:27.963Z] [INFO] Checking for scheduled reports...
[2025-08-10T17:30:28.750Z] [DEBUG] Connected to MongoDB
[2025-08-10T17:30:28.831Z] [INFO] Found 1 company databases
[2025-08-10T17:30:28.831Z] [DEBUG] Processing company database: company_ry0iwbpw
[2025-08-10T17:30:28.903Z] [DEBUG] Finding reports to execute in company_ry0iwbpw (current time: 2025-08-10T17:30:28.903Z)
[2025-08-10T17:30:28.974Z] [INFO] Found 0 reports to execute in company_ry0iwbpw
[2025-08-10T17:30:28.975Z] [INFO] Scheduled reports check completed
[2025-08-10T17:30:28.977Z] [DEBUG] MongoDB connection closed
[2025-08-10T17:30:37.963Z] [INFO] Checking for scheduled reports...
[2025-08-10T17:30:38.723Z] [DEBUG] Connected to MongoDB
[2025-08-10T17:30:38.799Z] [INFO] Found 1 company databases
[2025-08-10T17:30:38.799Z] [DEBUG] Processing company database: company_ry0iwbpw
[2025-08-10T17:30:38.868Z] [DEBUG] Finding reports to execute in company_ry0iwbpw (current time: 2025-08-10T17:30:38.868Z)
[2025-08-10T17:30:38.935Z] [INFO] Found 0 reports to execute in company_ry0iwbpw
[2025-08-10T17:30:38.936Z] [INFO] Scheduled reports check completed
[2025-08-10T17:30:38.938Z] [DEBUG] MongoDB connection closed
[2025-08-10T17:30:47.965Z] [INFO] Checking for scheduled reports...
[2025-08-10T17:30:48.769Z] [DEBUG] Connected to MongoDB
[2025-08-10T17:30:48.846Z] [INFO] Found 1 company databases
[2025-08-10T17:30:48.846Z] [DEBUG] Processing company database: company_ry0iwbpw
[2025-08-10T17:30:48.915Z] [DEBUG] Finding reports to execute in company_ry0iwbpw (current time: 2025-08-10T17:30:48.915Z)
[2025-08-10T17:30:48.983Z] [INFO] Found 0 reports to execute in company_ry0iwbpw
[2025-08-10T17:30:48.983Z] [INFO] Scheduled reports check completed
[2025-08-10T17:30:48.985Z] [DEBUG] MongoDB connection closed
[2025-08-10T17:30:57.967Z] [INFO] Checking for scheduled reports...
[2025-08-10T17:30:58.768Z] [DEBUG] Connected to MongoDB
[2025-08-10T17:30:58.847Z] [INFO] Found 1 company databases
[2025-08-10T17:30:58.848Z] [DEBUG] Processing company database: company_ry0iwbpw
[2025-08-10T17:30:58.921Z] [DEBUG] Finding reports to execute in company_ry0iwbpw (current time: 2025-08-10T17:30:58.921Z)
[2025-08-10T17:30:58.993Z] [INFO] Found 0 reports to execute in company_ry0iwbpw
[2025-08-10T17:30:58.994Z] [INFO] Scheduled reports check completed
[2025-08-10T17:30:58.997Z] [DEBUG] MongoDB connection closed
[2025-08-10T17:31:07.968Z] [INFO] Checking for scheduled reports...
[2025-08-10T17:31:08.764Z] [DEBUG] Connected to MongoDB
[2025-08-10T17:31:08.844Z] [INFO] Found 1 company databases
[2025-08-10T17:31:08.844Z] [DEBUG] Processing company database: company_ry0iwbpw
[2025-08-10T17:31:08.917Z] [DEBUG] Finding reports to execute in company_ry0iwbpw (current time: 2025-08-10T17:31:08.917Z)
[2025-08-10T17:31:08.989Z] [INFO] Found 0 reports to execute in company_ry0iwbpw
[2025-08-10T17:31:08.990Z] [INFO] Scheduled reports check completed
[2025-08-10T17:31:08.992Z] [DEBUG] MongoDB connection closed
[2025-08-10T17:31:17.969Z] [INFO] Checking for scheduled reports...
[2025-08-10T17:31:18.739Z] [DEBUG] Connected to MongoDB
[2025-08-10T17:31:18.815Z] [INFO] Found 1 company databases
[2025-08-10T17:31:18.816Z] [DEBUG] Processing company database: company_ry0iwbpw
[2025-08-10T17:31:18.883Z] [DEBUG] Finding reports to execute in company_ry0iwbpw (current time: 2025-08-10T17:31:18.883Z)
[2025-08-10T17:31:18.950Z] [INFO] Found 0 reports to execute in company_ry0iwbpw
[2025-08-10T17:31:18.951Z] [INFO] Scheduled reports check completed
[2025-08-10T17:31:18.953Z] [DEBUG] MongoDB connection closed
[2025-08-10T17:31:27.969Z] [INFO] Checking for scheduled reports...
[2025-08-10T17:31:28.792Z] [DEBUG] Connected to MongoDB
[2025-08-10T17:31:28.870Z] [INFO] Found 1 company databases
[2025-08-10T17:31:28.870Z] [DEBUG] Processing company database: company_ry0iwbpw
[2025-08-10T17:31:28.942Z] [DEBUG] Finding reports to execute in company_ry0iwbpw (current time: 2025-08-10T17:31:28.942Z)
[2025-08-10T17:31:29.014Z] [INFO] Found 0 reports to execute in company_ry0iwbpw
[2025-08-10T17:31:29.015Z] [INFO] Scheduled reports check completed
[2025-08-10T17:31:29.018Z] [DEBUG] MongoDB connection closed
[2025-08-10T17:31:37.972Z] [INFO] Checking for scheduled reports...
[2025-08-10T17:31:38.729Z] [DEBUG] Connected to MongoDB
[2025-08-10T17:31:38.807Z] [INFO] Found 1 company databases
[2025-08-10T17:31:38.807Z] [DEBUG] Processing company database: company_ry0iwbpw
[2025-08-10T17:31:38.876Z] [DEBUG] Finding reports to execute in company_ry0iwbpw (current time: 2025-08-10T17:31:38.876Z)
[2025-08-10T17:31:38.944Z] [INFO] Found 0 reports to execute in company_ry0iwbpw
[2025-08-10T17:31:38.945Z] [INFO] Scheduled reports check completed
[2025-08-10T17:31:38.947Z] [DEBUG] MongoDB connection closed
[2025-08-10T17:31:47.974Z] [INFO] Checking for scheduled reports...
[2025-08-10T17:31:48.769Z] [DEBUG] Connected to MongoDB
[2025-08-10T17:31:48.848Z] [INFO] Found 1 company databases
[2025-08-10T17:31:48.849Z] [DEBUG] Processing company database: company_ry0iwbpw
[2025-08-10T17:31:48.921Z] [DEBUG] Finding reports to execute in company_ry0iwbpw (current time: 2025-08-10T17:31:48.921Z)
[2025-08-10T17:31:48.993Z] [INFO] Found 0 reports to execute in company_ry0iwbpw
[2025-08-10T17:31:48.994Z] [INFO] Scheduled reports check completed
[2025-08-10T17:31:48.997Z] [DEBUG] MongoDB connection closed
[2025-08-10T17:31:57.976Z] [INFO] Checking for scheduled reports...
[2025-08-10T17:31:58.754Z] [DEBUG] Connected to MongoDB
[2025-08-10T17:31:58.829Z] [INFO] Found 1 company databases
[2025-08-10T17:31:58.830Z] [DEBUG] Processing company database: company_ry0iwbpw
[2025-08-10T17:31:58.897Z] [DEBUG] Finding reports to execute in company_ry0iwbpw (current time: 2025-08-10T17:31:58.897Z)
[2025-08-10T17:31:58.964Z] [INFO] Found 0 reports to execute in company_ry0iwbpw
[2025-08-10T17:31:58.964Z] [INFO] Scheduled reports check completed
[2025-08-10T17:31:58.966Z] [DEBUG] MongoDB connection closed
[2025-08-10T17:32:07.978Z] [INFO] Checking for scheduled reports...
[2025-08-10T17:32:08.789Z] [DEBUG] Connected to MongoDB
[2025-08-10T17:32:08.866Z] [INFO] Found 1 company databases
[2025-08-10T17:32:08.867Z] [DEBUG] Processing company database: company_ry0iwbpw
[2025-08-10T17:32:08.943Z] [DEBUG] Finding reports to execute in company_ry0iwbpw (current time: 2025-08-10T17:32:08.943Z)
[2025-08-10T17:32:09.013Z] [INFO] Found 0 reports to execute in company_ry0iwbpw
[2025-08-10T17:32:09.013Z] [INFO] Scheduled reports check completed
[2025-08-10T17:32:09.015Z] [DEBUG] MongoDB connection closed
[2025-08-10T17:32:17.981Z] [INFO] Checking for scheduled reports...
[2025-08-10T17:32:18.734Z] [DEBUG] Connected to MongoDB
[2025-08-10T17:32:18.810Z] [INFO] Found 1 company databases
[2025-08-10T17:32:18.810Z] [DEBUG] Processing company database: company_ry0iwbpw
[2025-08-10T17:32:18.877Z] [DEBUG] Finding reports to execute in company_ry0iwbpw (current time: 2025-08-10T17:32:18.877Z)
[2025-08-10T17:32:18.944Z] [INFO] Found 0 reports to execute in company_ry0iwbpw
[2025-08-10T17:32:18.944Z] [INFO] Scheduled reports check completed
[2025-08-10T17:32:18.946Z] [DEBUG] MongoDB connection closed
[2025-08-10T17:32:27.983Z] [INFO] Checking for scheduled reports...
[2025-08-10T17:32:28.809Z] [DEBUG] Connected to MongoDB
[2025-08-10T17:32:28.889Z] [INFO] Found 1 company databases
[2025-08-10T17:32:28.890Z] [DEBUG] Processing company database: company_ry0iwbpw
[2025-08-10T17:32:28.963Z] [DEBUG] Finding reports to execute in company_ry0iwbpw (current time: 2025-08-10T17:32:28.963Z)
[2025-08-10T17:32:29.036Z] [INFO] Found 0 reports to execute in company_ry0iwbpw
[2025-08-10T17:32:29.037Z] [INFO] Scheduled reports check completed
[2025-08-10T17:32:29.039Z] [DEBUG] MongoDB connection closed
[2025-08-10T17:32:37.985Z] [INFO] Checking for scheduled reports...
[2025-08-10T17:32:38.798Z] [DEBUG] Connected to MongoDB
[2025-08-10T17:32:38.878Z] [INFO] Found 1 company databases
[2025-08-10T17:32:38.879Z] [DEBUG] Processing company database: company_ry0iwbpw
[2025-08-10T17:32:38.952Z] [DEBUG] Finding reports to execute in company_ry0iwbpw (current time: 2025-08-10T17:32:38.952Z)
[2025-08-10T17:32:39.024Z] [INFO] Found 0 reports to execute in company_ry0iwbpw
[2025-08-10T17:32:39.025Z] [INFO] Scheduled reports check completed
[2025-08-10T17:32:39.028Z] [DEBUG] MongoDB connection closed
[2025-08-10T17:32:47.987Z] [INFO] Checking for scheduled reports...
[2025-08-10T17:32:48.764Z] [DEBUG] Connected to MongoDB
[2025-08-10T17:32:48.839Z] [INFO] Found 1 company databases
[2025-08-10T17:32:48.840Z] [DEBUG] Processing company database: company_ry0iwbpw
[2025-08-10T17:32:48.907Z] [DEBUG] Finding reports to execute in company_ry0iwbpw (current time: 2025-08-10T17:32:48.907Z)
[2025-08-10T17:32:48.974Z] [INFO] Found 0 reports to execute in company_ry0iwbpw
[2025-08-10T17:32:48.975Z] [INFO] Scheduled reports check completed
[2025-08-10T17:32:48.977Z] [DEBUG] MongoDB connection closed
[2025-08-10T17:32:57.987Z] [INFO] Checking for scheduled reports...
[2025-08-10T17:32:58.797Z] [DEBUG] Connected to MongoDB
[2025-08-10T17:32:58.878Z] [INFO] Found 1 company databases
[2025-08-10T17:32:58.878Z] [DEBUG] Processing company database: company_ry0iwbpw
[2025-08-10T17:32:58.952Z] [DEBUG] Finding reports to execute in company_ry0iwbpw (current time: 2025-08-10T17:32:58.952Z)
[2025-08-10T17:32:59.024Z] [INFO] Found 0 reports to execute in company_ry0iwbpw
[2025-08-10T17:32:59.025Z] [INFO] Scheduled reports check completed
[2025-08-10T17:32:59.027Z] [DEBUG] MongoDB connection closed
[2025-08-10T17:33:07.988Z] [INFO] Checking for scheduled reports...
[2025-08-10T17:33:08.756Z] [DEBUG] Connected to MongoDB
[2025-08-10T17:33:08.830Z] [INFO] Found 1 company databases
[2025-08-10T17:33:08.831Z] [DEBUG] Processing company database: company_ry0iwbpw
[2025-08-10T17:33:08.900Z] [DEBUG] Finding reports to execute in company_ry0iwbpw (current time: 2025-08-10T17:33:08.900Z)
[2025-08-10T17:33:08.968Z] [INFO] Found 0 reports to execute in company_ry0iwbpw
[2025-08-10T17:33:08.968Z] [INFO] Scheduled reports check completed
[2025-08-10T17:33:08.971Z] [DEBUG] MongoDB connection closed
[2025-08-10T17:33:17.991Z] [INFO] Checking for scheduled reports...
[2025-08-10T17:33:18.789Z] [DEBUG] Connected to MongoDB
[2025-08-10T17:33:18.868Z] [INFO] Found 1 company databases
[2025-08-10T17:33:18.869Z] [DEBUG] Processing company database: company_ry0iwbpw
[2025-08-10T17:33:18.941Z] [DEBUG] Finding reports to execute in company_ry0iwbpw (current time: 2025-08-10T17:33:18.941Z)
[2025-08-10T17:33:19.033Z] [INFO] Found 0 reports to execute in company_ry0iwbpw
[2025-08-10T17:33:19.034Z] [INFO] Scheduled reports check completed
[2025-08-10T17:33:19.035Z] [DEBUG] MongoDB connection closed
[2025-08-10T17:33:27.993Z] [INFO] Checking for scheduled reports...
[2025-08-10T17:33:28.763Z] [DEBUG] Connected to MongoDB
[2025-08-10T17:33:28.839Z] [INFO] Found 1 company databases
[2025-08-10T17:33:28.840Z] [DEBUG] Processing company database: company_ry0iwbpw
[2025-08-10T17:33:28.909Z] [DEBUG] Finding reports to execute in company_ry0iwbpw (current time: 2025-08-10T17:33:28.909Z)
[2025-08-10T17:33:28.978Z] [INFO] Found 0 reports to execute in company_ry0iwbpw
[2025-08-10T17:33:28.979Z] [INFO] Scheduled reports check completed
[2025-08-10T17:33:28.982Z] [DEBUG] MongoDB connection closed
[2025-08-10T17:33:37.993Z] [INFO] Checking for scheduled reports...
[2025-08-10T17:33:38.798Z] [DEBUG] Connected to MongoDB
[2025-08-10T17:33:38.876Z] [INFO] Found 1 company databases
[2025-08-10T17:33:38.876Z] [DEBUG] Processing company database: company_ry0iwbpw
[2025-08-10T17:33:38.948Z] [DEBUG] Finding reports to execute in company_ry0iwbpw (current time: 2025-08-10T17:33:38.948Z)
[2025-08-10T17:33:39.019Z] [INFO] Found 0 reports to execute in company_ry0iwbpw
[2025-08-10T17:33:39.019Z] [INFO] Scheduled reports check completed
[2025-08-10T17:33:39.022Z] [DEBUG] MongoDB connection closed
[2025-08-10T17:33:47.995Z] [INFO] Checking for scheduled reports...
[2025-08-10T17:33:48.743Z] [DEBUG] Connected to MongoDB
[2025-08-10T17:33:48.818Z] [INFO] Found 1 company databases
[2025-08-10T17:33:48.819Z] [DEBUG] Processing company database: company_ry0iwbpw
[2025-08-10T17:33:48.887Z] [DEBUG] Finding reports to execute in company_ry0iwbpw (current time: 2025-08-10T17:33:48.887Z)
[2025-08-10T17:33:48.955Z] [INFO] Found 0 reports to execute in company_ry0iwbpw
[2025-08-10T17:33:48.955Z] [INFO] Scheduled reports check completed
[2025-08-10T17:33:48.957Z] [DEBUG] MongoDB connection closed
[2025-08-10T17:33:57.997Z] [INFO] Checking for scheduled reports...
[2025-08-10T17:33:58.794Z] [DEBUG] Connected to MongoDB
[2025-08-10T17:33:58.868Z] [INFO] Found 1 company databases
[2025-08-10T17:33:58.869Z] [DEBUG] Processing company database: company_ry0iwbpw
[2025-08-10T17:33:58.936Z] [DEBUG] Finding reports to execute in company_ry0iwbpw (current time: 2025-08-10T17:33:58.936Z)
[2025-08-10T17:33:59.003Z] [INFO] Found 0 reports to execute in company_ry0iwbpw
[2025-08-10T17:33:59.004Z] [INFO] Scheduled reports check completed
[2025-08-10T17:33:59.007Z] [DEBUG] MongoDB connection closed
[2025-08-10T17:34:07.999Z] [INFO] Checking for scheduled reports...
[2025-08-10T17:34:08.780Z] [DEBUG] Connected to MongoDB
[2025-08-10T17:34:08.854Z] [INFO] Found 1 company databases
[2025-08-10T17:34:08.854Z] [DEBUG] Processing company database: company_ry0iwbpw
[2025-08-10T17:34:08.922Z] [DEBUG] Finding reports to execute in company_ry0iwbpw (current time: 2025-08-10T17:34:08.922Z)
[2025-08-10T17:34:08.989Z] [INFO] Found 0 reports to execute in company_ry0iwbpw
[2025-08-10T17:34:08.990Z] [INFO] Scheduled reports check completed
[2025-08-10T17:34:08.992Z] [DEBUG] MongoDB connection closed
[2025-08-10T17:34:18.001Z] [INFO] Checking for scheduled reports...
[2025-08-10T17:34:18.775Z] [DEBUG] Connected to MongoDB
[2025-08-10T17:34:18.853Z] [INFO] Found 1 company databases
[2025-08-10T17:34:18.854Z] [DEBUG] Processing company database: company_ry0iwbpw
[2025-08-10T17:34:18.925Z] [DEBUG] Finding reports to execute in company_ry0iwbpw (current time: 2025-08-10T17:34:18.925Z)
[2025-08-10T17:34:18.996Z] [INFO] Found 0 reports to execute in company_ry0iwbpw
[2025-08-10T17:34:18.996Z] [INFO] Scheduled reports check completed
[2025-08-10T17:34:18.999Z] [DEBUG] MongoDB connection closed
[2025-08-10T17:34:28.002Z] [INFO] Checking for scheduled reports...
[2025-08-10T17:34:28.766Z] [DEBUG] Connected to MongoDB
[2025-08-10T17:34:28.842Z] [INFO] Found 1 company databases
[2025-08-10T17:34:28.843Z] [DEBUG] Processing company database: company_ry0iwbpw
[2025-08-10T17:34:28.911Z] [DEBUG] Finding reports to execute in company_ry0iwbpw (current time: 2025-08-10T17:34:28.911Z)
[2025-08-10T17:34:28.979Z] [INFO] Found 0 reports to execute in company_ry0iwbpw
[2025-08-10T17:34:28.980Z] [INFO] Scheduled reports check completed
[2025-08-10T17:34:28.982Z] [DEBUG] MongoDB connection closed
[2025-08-10T17:34:38.004Z] [INFO] Checking for scheduled reports...
[2025-08-10T17:34:38.801Z] [DEBUG] Connected to MongoDB
[2025-08-10T17:34:38.877Z] [INFO] Found 1 company databases
[2025-08-10T17:34:38.877Z] [DEBUG] Processing company database: company_ry0iwbpw
[2025-08-10T17:34:38.945Z] [DEBUG] Finding reports to execute in company_ry0iwbpw (current time: 2025-08-10T17:34:38.945Z)
[2025-08-10T17:34:39.012Z] [INFO] Found 0 reports to execute in company_ry0iwbpw
[2025-08-10T17:34:39.012Z] [INFO] Scheduled reports check completed
[2025-08-10T17:34:39.014Z] [DEBUG] MongoDB connection closed
[2025-08-10T17:34:48.006Z] [INFO] Checking for scheduled reports...
[2025-08-10T17:34:48.806Z] [DEBUG] Connected to MongoDB
[2025-08-10T17:34:48.887Z] [INFO] Found 1 company databases
[2025-08-10T17:34:48.887Z] [DEBUG] Processing company database: company_ry0iwbpw
[2025-08-10T17:34:48.960Z] [DEBUG] Finding reports to execute in company_ry0iwbpw (current time: 2025-08-10T17:34:48.960Z)
[2025-08-10T17:34:49.032Z] [INFO] Found 0 reports to execute in company_ry0iwbpw
[2025-08-10T17:34:49.033Z] [INFO] Scheduled reports check completed
[2025-08-10T17:34:49.036Z] [DEBUG] MongoDB connection closed
[2025-08-10T17:34:58.009Z] [INFO] Checking for scheduled reports...
[2025-08-10T17:34:58.778Z] [DEBUG] Connected to MongoDB
[2025-08-10T17:34:58.854Z] [INFO] Found 1 company databases
[2025-08-10T17:34:58.854Z] [DEBUG] Processing company database: company_ry0iwbpw
[2025-08-10T17:34:58.922Z] [DEBUG] Finding reports to execute in company_ry0iwbpw (current time: 2025-08-10T17:34:58.922Z)
[2025-08-10T17:34:58.989Z] [INFO] Found 0 reports to execute in company_ry0iwbpw
[2025-08-10T17:34:58.990Z] [INFO] Scheduled reports check completed
[2025-08-10T17:34:58.992Z] [DEBUG] MongoDB connection closed
[2025-08-10T17:35:08.012Z] [INFO] Checking for scheduled reports...
[2025-08-10T17:35:08.798Z] [DEBUG] Connected to MongoDB
[2025-08-10T17:35:08.875Z] [INFO] Found 1 company databases
[2025-08-10T17:35:08.876Z] [DEBUG] Processing company database: company_ry0iwbpw
[2025-08-10T17:35:08.945Z] [DEBUG] Finding reports to execute in company_ry0iwbpw (current time: 2025-08-10T17:35:08.945Z)
[2025-08-10T17:35:09.014Z] [INFO] Found 0 reports to execute in company_ry0iwbpw
[2025-08-10T17:35:09.015Z] [INFO] Scheduled reports check completed
[2025-08-10T17:35:09.017Z] [DEBUG] MongoDB connection closed
[2025-08-10T17:35:18.013Z] [INFO] Checking for scheduled reports...
[2025-08-10T17:35:18.823Z] [DEBUG] Connected to MongoDB
[2025-08-10T17:35:18.903Z] [INFO] Found 1 company databases
[2025-08-10T17:35:18.903Z] [DEBUG] Processing company database: company_ry0iwbpw
[2025-08-10T17:35:18.977Z] [DEBUG] Finding reports to execute in company_ry0iwbpw (current time: 2025-08-10T17:35:18.977Z)
[2025-08-10T17:35:19.050Z] [INFO] Found 0 reports to execute in company_ry0iwbpw
[2025-08-10T17:35:19.051Z] [INFO] Scheduled reports check completed
[2025-08-10T17:35:19.053Z] [DEBUG] MongoDB connection closed
[2025-08-10T17:35:28.016Z] [INFO] Checking for scheduled reports...
[2025-08-10T17:35:28.773Z] [DEBUG] Connected to MongoDB
[2025-08-10T17:35:28.849Z] [INFO] Found 1 company databases
[2025-08-10T17:35:28.849Z] [DEBUG] Processing company database: company_ry0iwbpw
[2025-08-10T17:35:28.918Z] [DEBUG] Finding reports to execute in company_ry0iwbpw (current time: 2025-08-10T17:35:28.918Z)
[2025-08-10T17:35:28.987Z] [INFO] Found 0 reports to execute in company_ry0iwbpw
[2025-08-10T17:35:28.987Z] [INFO] Scheduled reports check completed
[2025-08-10T17:35:28.990Z] [DEBUG] MongoDB connection closed
[2025-08-10T17:35:38.018Z] [INFO] Checking for scheduled reports...
[2025-08-10T17:35:38.787Z] [DEBUG] Connected to MongoDB
[2025-08-10T17:35:38.864Z] [INFO] Found 1 company databases
[2025-08-10T17:35:38.864Z] [DEBUG] Processing company database: company_ry0iwbpw
[2025-08-10T17:35:38.933Z] [DEBUG] Finding reports to execute in company_ry0iwbpw (current time: 2025-08-10T17:35:38.933Z)
[2025-08-10T17:35:39.003Z] [INFO] Found 0 reports to execute in company_ry0iwbpw
[2025-08-10T17:35:39.004Z] [INFO] Scheduled reports check completed
[2025-08-10T17:35:39.007Z] [DEBUG] MongoDB connection closed
[2025-08-10T17:35:48.021Z] [INFO] Checking for scheduled reports...
[2025-08-10T17:35:48.828Z] [DEBUG] Connected to MongoDB
[2025-08-10T17:35:48.909Z] [INFO] Found 1 company databases
[2025-08-10T17:35:48.909Z] [DEBUG] Processing company database: company_ry0iwbpw
[2025-08-10T17:35:48.981Z] [DEBUG] Finding reports to execute in company_ry0iwbpw (current time: 2025-08-10T17:35:48.981Z)
[2025-08-10T17:35:49.055Z] [INFO] Found 0 reports to execute in company_ry0iwbpw
[2025-08-10T17:35:49.055Z] [INFO] Scheduled reports check completed
[2025-08-10T17:35:49.057Z] [DEBUG] MongoDB connection closed
[2025-08-10T17:35:58.022Z] [INFO] Checking for scheduled reports...
[2025-08-10T17:35:58.802Z] [DEBUG] Connected to MongoDB
[2025-08-10T17:35:58.876Z] [INFO] Found 1 company databases
[2025-08-10T17:35:58.877Z] [DEBUG] Processing company database: company_ry0iwbpw
[2025-08-10T17:35:58.947Z] [DEBUG] Finding reports to execute in company_ry0iwbpw (current time: 2025-08-10T17:35:58.947Z)
[2025-08-10T17:35:59.014Z] [INFO] Found 0 reports to execute in company_ry0iwbpw
[2025-08-10T17:35:59.015Z] [INFO] Scheduled reports check completed
[2025-08-10T17:35:59.017Z] [DEBUG] MongoDB connection closed
[2025-08-10T17:36:08.025Z] [INFO] Checking for scheduled reports...
[2025-08-10T17:36:08.803Z] [DEBUG] Connected to MongoDB
[2025-08-10T17:36:08.884Z] [INFO] Found 1 company databases
[2025-08-10T17:36:08.885Z] [DEBUG] Processing company database: company_ry0iwbpw
[2025-08-10T17:36:08.956Z] [DEBUG] Finding reports to execute in company_ry0iwbpw (current time: 2025-08-10T17:36:08.956Z)
[2025-08-10T17:36:09.028Z] [INFO] Found 0 reports to execute in company_ry0iwbpw
[2025-08-10T17:36:09.028Z] [INFO] Scheduled reports check completed
[2025-08-10T17:36:09.031Z] [DEBUG] MongoDB connection closed
[2025-08-10T17:36:18.027Z] [INFO] Checking for scheduled reports...
[2025-08-10T17:36:18.815Z] [DEBUG] Connected to MongoDB
[2025-08-10T17:36:18.896Z] [INFO] Found 1 company databases
[2025-08-10T17:36:18.897Z] [DEBUG] Processing company database: company_ry0iwbpw
[2025-08-10T17:36:18.964Z] [DEBUG] Finding reports to execute in company_ry0iwbpw (current time: 2025-08-10T17:36:18.964Z)
[2025-08-10T17:36:19.031Z] [INFO] Found 0 reports to execute in company_ry0iwbpw
[2025-08-10T17:36:19.032Z] [INFO] Scheduled reports check completed
[2025-08-10T17:36:19.034Z] [DEBUG] MongoDB connection closed
[2025-08-10T17:36:28.029Z] [INFO] Checking for scheduled reports...
[2025-08-10T17:36:28.826Z] [DEBUG] Connected to MongoDB
[2025-08-10T17:36:28.906Z] [INFO] Found 1 company databases
[2025-08-10T17:36:28.906Z] [DEBUG] Processing company database: company_ry0iwbpw
[2025-08-10T17:36:28.978Z] [DEBUG] Finding reports to execute in company_ry0iwbpw (current time: 2025-08-10T17:36:28.978Z)
[2025-08-10T17:36:29.050Z] [INFO] Found 0 reports to execute in company_ry0iwbpw
[2025-08-10T17:36:29.051Z] [INFO] Scheduled reports check completed
[2025-08-10T17:36:29.053Z] [DEBUG] MongoDB connection closed
[2025-08-10T17:36:38.030Z] [INFO] Checking for scheduled reports...
[2025-08-10T17:36:38.850Z] [DEBUG] Connected to MongoDB
[2025-08-10T17:36:38.930Z] [INFO] Found 1 company databases
[2025-08-10T17:36:38.931Z] [DEBUG] Processing company database: company_ry0iwbpw
[2025-08-10T17:36:39.004Z] [DEBUG] Finding reports to execute in company_ry0iwbpw (current time: 2025-08-10T17:36:39.004Z)
[2025-08-10T17:36:39.076Z] [INFO] Found 0 reports to execute in company_ry0iwbpw
[2025-08-10T17:36:39.077Z] [INFO] Scheduled reports check completed
[2025-08-10T17:36:39.079Z] [DEBUG] MongoDB connection closed
[2025-08-10T17:36:48.033Z] [INFO] Checking for scheduled reports...
[2025-08-10T17:36:48.807Z] [DEBUG] Connected to MongoDB
[2025-08-10T17:36:48.881Z] [INFO] Found 1 company databases
[2025-08-10T17:36:48.882Z] [DEBUG] Processing company database: company_ry0iwbpw
[2025-08-10T17:36:48.949Z] [DEBUG] Finding reports to execute in company_ry0iwbpw (current time: 2025-08-10T17:36:48.949Z)
[2025-08-10T17:36:49.016Z] [INFO] Found 0 reports to execute in company_ry0iwbpw
[2025-08-10T17:36:49.016Z] [INFO] Scheduled reports check completed
[2025-08-10T17:36:49.018Z] [DEBUG] MongoDB connection closed
[2025-08-10T17:36:58.035Z] [INFO] Checking for scheduled reports...
[2025-08-10T17:36:58.862Z] [DEBUG] Connected to MongoDB
[2025-08-10T17:36:58.942Z] [INFO] Found 1 company databases
[2025-08-10T17:36:58.943Z] [DEBUG] Processing company database: company_ry0iwbpw
[2025-08-10T17:36:59.030Z] [DEBUG] Finding reports to execute in company_ry0iwbpw (current time: 2025-08-10T17:36:59.030Z)
[2025-08-10T17:36:59.102Z] [INFO] Found 0 reports to execute in company_ry0iwbpw
[2025-08-10T17:36:59.103Z] [INFO] Scheduled reports check completed
[2025-08-10T17:36:59.105Z] [DEBUG] MongoDB connection closed
[2025-08-10T17:37:08.037Z] [INFO] Checking for scheduled reports...
[2025-08-10T17:37:08.838Z] [DEBUG] Connected to MongoDB
[2025-08-10T17:37:08.918Z] [INFO] Found 1 company databases
[2025-08-10T17:37:08.919Z] [DEBUG] Processing company database: company_ry0iwbpw
[2025-08-10T17:37:08.992Z] [DEBUG] Finding reports to execute in company_ry0iwbpw (current time: 2025-08-10T17:37:08.992Z)
[2025-08-10T17:37:09.065Z] [INFO] Found 0 reports to execute in company_ry0iwbpw
[2025-08-10T17:37:09.066Z] [INFO] Scheduled reports check completed
[2025-08-10T17:37:09.068Z] [DEBUG] MongoDB connection closed
[2025-08-10T17:37:18.038Z] [INFO] Checking for scheduled reports...
[2025-08-10T17:37:18.874Z] [DEBUG] Connected to MongoDB
[2025-08-10T17:37:18.954Z] [INFO] Found 1 company databases
[2025-08-10T17:37:18.955Z] [DEBUG] Processing company database: company_ry0iwbpw
[2025-08-10T17:37:19.028Z] [DEBUG] Finding reports to execute in company_ry0iwbpw (current time: 2025-08-10T17:37:19.028Z)
[2025-08-10T17:37:19.101Z] [INFO] Found 0 reports to execute in company_ry0iwbpw
[2025-08-10T17:37:19.102Z] [INFO] Scheduled reports check completed
[2025-08-10T17:37:19.104Z] [DEBUG] MongoDB connection closed
[2025-08-10T17:37:28.040Z] [INFO] Checking for scheduled reports...
[2025-08-10T17:37:28.825Z] [DEBUG] Connected to MongoDB
[2025-08-10T17:37:28.900Z] [INFO] Found 1 company databases
[2025-08-10T17:37:28.901Z] [DEBUG] Processing company database: company_ry0iwbpw
[2025-08-10T17:37:28.968Z] [DEBUG] Finding reports to execute in company_ry0iwbpw (current time: 2025-08-10T17:37:28.968Z)
[2025-08-10T17:37:29.037Z] [INFO] Found 0 reports to execute in company_ry0iwbpw
[2025-08-10T17:37:29.037Z] [INFO] Scheduled reports check completed
[2025-08-10T17:37:29.039Z] [DEBUG] MongoDB connection closed
[2025-08-10T17:37:38.042Z] [INFO] Checking for scheduled reports...
[2025-08-10T17:37:38.805Z] [DEBUG] Connected to MongoDB
[2025-08-10T17:37:38.882Z] [INFO] Found 1 company databases
[2025-08-10T17:37:38.882Z] [DEBUG] Processing company database: company_ry0iwbpw
[2025-08-10T17:37:38.950Z] [DEBUG] Finding reports to execute in company_ry0iwbpw (current time: 2025-08-10T17:37:38.950Z)
[2025-08-10T17:37:39.018Z] [INFO] Found 0 reports to execute in company_ry0iwbpw
[2025-08-10T17:37:39.019Z] [INFO] Scheduled reports check completed
[2025-08-10T17:37:39.021Z] [DEBUG] MongoDB connection closed
[2025-08-10T17:37:48.043Z] [INFO] Checking for scheduled reports...
[2025-08-10T17:37:48.836Z] [DEBUG] Connected to MongoDB
[2025-08-10T17:37:48.915Z] [INFO] Found 1 company databases
[2025-08-10T17:37:48.915Z] [DEBUG] Processing company database: company_ry0iwbpw
[2025-08-10T17:37:48.987Z] [DEBUG] Finding reports to execute in company_ry0iwbpw (current time: 2025-08-10T17:37:48.987Z)
[2025-08-10T17:37:49.059Z] [INFO] Found 0 reports to execute in company_ry0iwbpw
[2025-08-10T17:37:49.060Z] [INFO] Scheduled reports check completed
[2025-08-10T17:37:49.062Z] [DEBUG] MongoDB connection closed
[2025-08-10T17:37:58.043Z] [INFO] Checking for scheduled reports...
[2025-08-10T17:37:58.810Z] [DEBUG] Connected to MongoDB
[2025-08-10T17:37:58.885Z] [INFO] Found 1 company databases
[2025-08-10T17:37:58.886Z] [DEBUG] Processing company database: company_ry0iwbpw
[2025-08-10T17:37:58.954Z] [DEBUG] Finding reports to execute in company_ry0iwbpw (current time: 2025-08-10T17:37:58.954Z)
[2025-08-10T17:37:59.022Z] [INFO] Found 0 reports to execute in company_ry0iwbpw
[2025-08-10T17:37:59.022Z] [INFO] Scheduled reports check completed
[2025-08-10T17:37:59.024Z] [DEBUG] MongoDB connection closed
[2025-08-10T17:38:08.044Z] [INFO] Checking for scheduled reports...
[2025-08-10T17:38:08.849Z] [DEBUG] Connected to MongoDB
[2025-08-10T17:38:08.929Z] [INFO] Found 1 company databases
[2025-08-10T17:38:08.930Z] [DEBUG] Processing company database: company_ry0iwbpw
[2025-08-10T17:38:09.002Z] [DEBUG] Finding reports to execute in company_ry0iwbpw (current time: 2025-08-10T17:38:09.002Z)
[2025-08-10T17:38:09.075Z] [INFO] Found 0 reports to execute in company_ry0iwbpw
[2025-08-10T17:38:09.075Z] [INFO] Scheduled reports check completed
[2025-08-10T17:38:09.077Z] [DEBUG] MongoDB connection closed
[2025-08-10T17:38:18.046Z] [INFO] Checking for scheduled reports...
[2025-08-10T17:38:18.859Z] [DEBUG] Connected to MongoDB
[2025-08-10T17:38:18.940Z] [INFO] Found 1 company databases
[2025-08-10T17:38:18.941Z] [DEBUG] Processing company database: company_ry0iwbpw
[2025-08-10T17:38:19.013Z] [DEBUG] Finding reports to execute in company_ry0iwbpw (current time: 2025-08-10T17:38:19.013Z)
[2025-08-10T17:38:19.084Z] [INFO] Found 0 reports to execute in company_ry0iwbpw
[2025-08-10T17:38:19.085Z] [INFO] Scheduled reports check completed
[2025-08-10T17:38:19.087Z] [DEBUG] MongoDB connection closed
[2025-08-10T17:38:28.048Z] [INFO] Checking for scheduled reports...
[2025-08-10T17:38:28.832Z] [DEBUG] Connected to MongoDB
[2025-08-10T17:38:28.913Z] [INFO] Found 1 company databases
[2025-08-10T17:38:28.913Z] [DEBUG] Processing company database: company_ry0iwbpw
[2025-08-10T17:38:28.986Z] [DEBUG] Finding reports to execute in company_ry0iwbpw (current time: 2025-08-10T17:38:28.986Z)
[2025-08-10T17:38:29.058Z] [INFO] Found 0 reports to execute in company_ry0iwbpw
[2025-08-10T17:38:29.059Z] [INFO] Scheduled reports check completed
[2025-08-10T17:38:29.061Z] [DEBUG] MongoDB connection closed
[2025-08-10T17:38:38.050Z] [INFO] Checking for scheduled reports...
[2025-08-10T17:38:38.814Z] [DEBUG] Connected to MongoDB
[2025-08-10T17:38:38.890Z] [INFO] Found 1 company databases
[2025-08-10T17:38:38.891Z] [DEBUG] Processing company database: company_ry0iwbpw
[2025-08-10T17:38:38.963Z] [DEBUG] Finding reports to execute in company_ry0iwbpw (current time: 2025-08-10T17:38:38.963Z)
[2025-08-10T17:38:39.030Z] [INFO] Found 0 reports to execute in company_ry0iwbpw
[2025-08-10T17:38:39.030Z] [INFO] Scheduled reports check completed
[2025-08-10T17:38:39.032Z] [DEBUG] MongoDB connection closed
[2025-08-10T17:38:48.052Z] [INFO] Checking for scheduled reports...
[2025-08-10T17:38:48.860Z] [DEBUG] Connected to MongoDB
[2025-08-10T17:38:48.941Z] [INFO] Found 1 company databases
[2025-08-10T17:38:48.942Z] [DEBUG] Processing company database: company_ry0iwbpw
[2025-08-10T17:38:49.015Z] [DEBUG] Finding reports to execute in company_ry0iwbpw (current time: 2025-08-10T17:38:49.015Z)
[2025-08-10T17:38:49.088Z] [INFO] Found 0 reports to execute in company_ry0iwbpw
[2025-08-10T17:38:49.088Z] [INFO] Scheduled reports check completed
[2025-08-10T17:38:49.090Z] [DEBUG] MongoDB connection closed
[2025-08-10T17:38:58.055Z] [INFO] Checking for scheduled reports...
[2025-08-10T17:38:58.890Z] [DEBUG] Connected to MongoDB
[2025-08-10T17:38:58.970Z] [INFO] Found 1 company databases
[2025-08-10T17:38:58.971Z] [DEBUG] Processing company database: company_ry0iwbpw
[2025-08-10T17:38:59.043Z] [DEBUG] Finding reports to execute in company_ry0iwbpw (current time: 2025-08-10T17:38:59.043Z)
[2025-08-10T17:38:59.115Z] [INFO] Found 0 reports to execute in company_ry0iwbpw
[2025-08-10T17:38:59.116Z] [INFO] Scheduled reports check completed
[2025-08-10T17:38:59.119Z] [DEBUG] MongoDB connection closed
[2025-08-10T17:39:08.056Z] [INFO] Checking for scheduled reports...
[2025-08-10T17:39:08.829Z] [DEBUG] Connected to MongoDB
[2025-08-10T17:39:08.907Z] [INFO] Found 1 company databases
[2025-08-10T17:39:08.907Z] [DEBUG] Processing company database: company_ry0iwbpw
[2025-08-10T17:39:08.975Z] [DEBUG] Finding reports to execute in company_ry0iwbpw (current time: 2025-08-10T17:39:08.975Z)
[2025-08-10T17:39:09.043Z] [INFO] Found 0 reports to execute in company_ry0iwbpw
[2025-08-10T17:39:09.043Z] [INFO] Scheduled reports check completed
[2025-08-10T17:39:09.045Z] [DEBUG] MongoDB connection closed
[2025-08-10T17:39:18.059Z] [INFO] Checking for scheduled reports...
[2025-08-10T17:39:18.834Z] [DEBUG] Connected to MongoDB
[2025-08-10T17:39:18.910Z] [INFO] Found 1 company databases
[2025-08-10T17:39:18.911Z] [DEBUG] Processing company database: company_ry0iwbpw
[2025-08-10T17:39:18.978Z] [DEBUG] Finding reports to execute in company_ry0iwbpw (current time: 2025-08-10T17:39:18.978Z)
[2025-08-10T17:39:19.044Z] [INFO] Found 0 reports to execute in company_ry0iwbpw
[2025-08-10T17:39:19.045Z] [INFO] Scheduled reports check completed
[2025-08-10T17:39:19.047Z] [DEBUG] MongoDB connection closed
[2025-08-10T17:39:28.060Z] [INFO] Checking for scheduled reports...
[2025-08-10T17:39:28.851Z] [DEBUG] Connected to MongoDB
[2025-08-10T17:39:28.930Z] [INFO] Found 1 company databases
[2025-08-10T17:39:28.931Z] [DEBUG] Processing company database: company_ry0iwbpw
[2025-08-10T17:39:29.002Z] [DEBUG] Finding reports to execute in company_ry0iwbpw (current time: 2025-08-10T17:39:29.002Z)
[2025-08-10T17:39:29.072Z] [INFO] Found 0 reports to execute in company_ry0iwbpw
[2025-08-10T17:39:29.073Z] [INFO] Scheduled reports check completed
[2025-08-10T17:39:29.075Z] [DEBUG] MongoDB connection closed
[2025-08-10T17:39:38.063Z] [INFO] Checking for scheduled reports...
[2025-08-10T17:39:38.845Z] [DEBUG] Connected to MongoDB
[2025-08-10T17:39:38.921Z] [INFO] Found 1 company databases
[2025-08-10T17:39:38.921Z] [DEBUG] Processing company database: company_ry0iwbpw
[2025-08-10T17:39:38.989Z] [DEBUG] Finding reports to execute in company_ry0iwbpw (current time: 2025-08-10T17:39:38.989Z)
[2025-08-10T17:39:39.057Z] [INFO] Found 0 reports to execute in company_ry0iwbpw
[2025-08-10T17:39:39.058Z] [INFO] Scheduled reports check completed
[2025-08-10T17:39:39.060Z] [DEBUG] MongoDB connection closed
[2025-08-10T17:39:48.065Z] [INFO] Checking for scheduled reports...
[2025-08-10T17:39:48.833Z] [DEBUG] Connected to MongoDB
[2025-08-10T17:39:48.908Z] [INFO] Found 1 company databases
[2025-08-10T17:39:48.908Z] [DEBUG] Processing company database: company_ry0iwbpw
[2025-08-10T17:39:48.974Z] [DEBUG] Finding reports to execute in company_ry0iwbpw (current time: 2025-08-10T17:39:48.974Z)
[2025-08-10T17:39:49.040Z] [INFO] Found 0 reports to execute in company_ry0iwbpw
[2025-08-10T17:39:49.041Z] [INFO] Scheduled reports check completed
[2025-08-10T17:39:49.043Z] [DEBUG] MongoDB connection closed
[2025-08-10T17:39:58.066Z] [INFO] Checking for scheduled reports...
[2025-08-10T17:39:58.841Z] [DEBUG] Connected to MongoDB
[2025-08-10T17:39:58.919Z] [INFO] Found 1 company databases
[2025-08-10T17:39:58.920Z] [DEBUG] Processing company database: company_ry0iwbpw
[2025-08-10T17:39:58.990Z] [DEBUG] Finding reports to execute in company_ry0iwbpw (current time: 2025-08-10T17:39:58.990Z)
[2025-08-10T17:39:59.058Z] [INFO] Found 0 reports to execute in company_ry0iwbpw
[2025-08-10T17:39:59.058Z] [INFO] Scheduled reports check completed
[2025-08-10T17:39:59.060Z] [DEBUG] MongoDB connection closed
[2025-08-10T17:40:08.068Z] [INFO] Checking for scheduled reports...
[2025-08-10T17:40:08.857Z] [DEBUG] Connected to MongoDB
[2025-08-10T17:40:08.938Z] [INFO] Found 1 company databases
[2025-08-10T17:40:08.939Z] [DEBUG] Processing company database: company_ry0iwbpw
[2025-08-10T17:40:09.010Z] [DEBUG] Finding reports to execute in company_ry0iwbpw (current time: 2025-08-10T17:40:09.010Z)
[2025-08-10T17:40:09.082Z] [INFO] Found 0 reports to execute in company_ry0iwbpw
[2025-08-10T17:40:09.083Z] [INFO] Scheduled reports check completed
[2025-08-10T17:40:09.085Z] [DEBUG] MongoDB connection closed
[2025-08-10T17:40:18.070Z] [INFO] Checking for scheduled reports...
[2025-08-10T17:40:18.888Z] [DEBUG] Connected to MongoDB
[2025-08-10T17:40:18.968Z] [INFO] Found 1 company databases
[2025-08-10T17:40:18.968Z] [DEBUG] Processing company database: company_ry0iwbpw
[2025-08-10T17:40:19.041Z] [DEBUG] Finding reports to execute in company_ry0iwbpw (current time: 2025-08-10T17:40:19.041Z)
[2025-08-10T17:40:19.112Z] [INFO] Found 0 reports to execute in company_ry0iwbpw
[2025-08-10T17:40:19.113Z] [INFO] Scheduled reports check completed
[2025-08-10T17:40:19.116Z] [DEBUG] MongoDB connection closed
[2025-08-10T17:40:28.072Z] [INFO] Checking for scheduled reports...
[2025-08-10T17:40:28.860Z] [DEBUG] Connected to MongoDB
[2025-08-10T17:40:28.939Z] [INFO] Found 1 company databases
[2025-08-10T17:40:28.940Z] [DEBUG] Processing company database: company_ry0iwbpw
[2025-08-10T17:40:29.012Z] [DEBUG] Finding reports to execute in company_ry0iwbpw (current time: 2025-08-10T17:40:29.012Z)
[2025-08-10T17:40:29.083Z] [INFO] Found 0 reports to execute in company_ry0iwbpw
[2025-08-10T17:40:29.083Z] [INFO] Scheduled reports check completed
[2025-08-10T17:40:29.085Z] [DEBUG] MongoDB connection closed
[2025-08-10T17:40:38.075Z] [INFO] Checking for scheduled reports...
[2025-08-10T17:40:38.881Z] [DEBUG] Connected to MongoDB
[2025-08-10T17:40:38.962Z] [INFO] Found 1 company databases
[2025-08-10T17:40:38.963Z] [DEBUG] Processing company database: company_ry0iwbpw
[2025-08-10T17:40:39.035Z] [DEBUG] Finding reports to execute in company_ry0iwbpw (current time: 2025-08-10T17:40:39.035Z)
[2025-08-10T17:40:39.108Z] [INFO] Found 0 reports to execute in company_ry0iwbpw
[2025-08-10T17:40:39.108Z] [INFO] Scheduled reports check completed
[2025-08-10T17:40:39.111Z] [DEBUG] MongoDB connection closed
[2025-08-10T17:40:48.077Z] [INFO] Checking for scheduled reports...
[2025-08-10T17:40:48.846Z] [DEBUG] Connected to MongoDB
[2025-08-10T17:40:48.924Z] [INFO] Found 1 company databases
[2025-08-10T17:40:48.924Z] [DEBUG] Processing company database: company_ry0iwbpw
[2025-08-10T17:40:48.993Z] [DEBUG] Finding reports to execute in company_ry0iwbpw (current time: 2025-08-10T17:40:48.993Z)
[2025-08-10T17:40:49.061Z] [INFO] Found 0 reports to execute in company_ry0iwbpw
[2025-08-10T17:40:49.061Z] [INFO] Scheduled reports check completed
[2025-08-10T17:40:49.063Z] [DEBUG] MongoDB connection closed
[2025-08-10T17:40:58.078Z] [INFO] Checking for scheduled reports...
[2025-08-10T17:40:58.827Z] [DEBUG] Connected to MongoDB
[2025-08-10T17:40:58.904Z] [INFO] Found 1 company databases
[2025-08-10T17:40:58.904Z] [DEBUG] Processing company database: company_ry0iwbpw
[2025-08-10T17:40:58.972Z] [DEBUG] Finding reports to execute in company_ry0iwbpw (current time: 2025-08-10T17:40:58.972Z)
[2025-08-10T17:40:59.039Z] [INFO] Found 0 reports to execute in company_ry0iwbpw
[2025-08-10T17:40:59.040Z] [INFO] Scheduled reports check completed
[2025-08-10T17:40:59.041Z] [DEBUG] MongoDB connection closed
[2025-08-10T17:41:08.080Z] [INFO] Checking for scheduled reports...
[2025-08-10T17:41:08.843Z] [DEBUG] Connected to MongoDB
[2025-08-10T17:41:08.918Z] [INFO] Found 1 company databases
[2025-08-10T17:41:08.919Z] [DEBUG] Processing company database: company_ry0iwbpw
[2025-08-10T17:41:08.986Z] [DEBUG] Finding reports to execute in company_ry0iwbpw (current time: 2025-08-10T17:41:08.986Z)
[2025-08-10T17:41:09.053Z] [INFO] Found 0 reports to execute in company_ry0iwbpw
[2025-08-10T17:41:09.053Z] [INFO] Scheduled reports check completed
[2025-08-10T17:41:09.055Z] [DEBUG] MongoDB connection closed
[2025-08-10T17:41:18.083Z] [INFO] Checking for scheduled reports...
[2025-08-10T17:41:18.892Z] [DEBUG] Connected to MongoDB
[2025-08-10T17:41:18.972Z] [INFO] Found 1 company databases
[2025-08-10T17:41:18.972Z] [DEBUG] Processing company database: company_ry0iwbpw
[2025-08-10T17:41:19.044Z] [DEBUG] Finding reports to execute in company_ry0iwbpw (current time: 2025-08-10T17:41:19.044Z)
[2025-08-10T17:41:19.114Z] [INFO] Found 0 reports to execute in company_ry0iwbpw
[2025-08-10T17:41:19.114Z] [INFO] Scheduled reports check completed
[2025-08-10T17:41:19.116Z] [DEBUG] MongoDB connection closed
[2025-08-10T17:41:28.085Z] [INFO] Checking for scheduled reports...
[2025-08-10T17:41:28.855Z] [DEBUG] Connected to MongoDB
[2025-08-10T17:41:28.934Z] [INFO] Found 1 company databases
[2025-08-10T17:41:28.935Z] [DEBUG] Processing company database: company_ry0iwbpw
[2025-08-10T17:41:29.008Z] [DEBUG] Finding reports to execute in company_ry0iwbpw (current time: 2025-08-10T17:41:29.008Z)
[2025-08-10T17:41:29.080Z] [INFO] Found 0 reports to execute in company_ry0iwbpw
[2025-08-10T17:41:29.081Z] [INFO] Scheduled reports check completed
[2025-08-10T17:41:29.083Z] [DEBUG] MongoDB connection closed
[2025-08-10T17:41:38.087Z] [INFO] Checking for scheduled reports...
[2025-08-10T17:41:38.876Z] [DEBUG] Connected to MongoDB
[2025-08-10T17:41:38.957Z] [INFO] Found 1 company databases
[2025-08-10T17:41:38.958Z] [DEBUG] Processing company database: company_ry0iwbpw
[2025-08-10T17:41:39.030Z] [DEBUG] Finding reports to execute in company_ry0iwbpw (current time: 2025-08-10T17:41:39.030Z)
[2025-08-10T17:41:39.101Z] [INFO] Found 0 reports to execute in company_ry0iwbpw
[2025-08-10T17:41:39.102Z] [INFO] Scheduled reports check completed
[2025-08-10T17:41:39.104Z] [DEBUG] MongoDB connection closed
[2025-08-10T17:41:48.089Z] [INFO] Checking for scheduled reports...
[2025-08-10T17:41:48.887Z] [DEBUG] Connected to MongoDB
[2025-08-10T17:41:48.968Z] [INFO] Found 1 company databases
[2025-08-10T17:41:48.969Z] [DEBUG] Processing company database: company_ry0iwbpw
[2025-08-10T17:41:49.042Z] [DEBUG] Finding reports to execute in company_ry0iwbpw (current time: 2025-08-10T17:41:49.042Z)
[2025-08-10T17:41:49.114Z] [INFO] Found 0 reports to execute in company_ry0iwbpw
[2025-08-10T17:41:49.115Z] [INFO] Scheduled reports check completed
[2025-08-10T17:41:49.117Z] [DEBUG] MongoDB connection closed
[2025-08-10T17:41:58.090Z] [INFO] Checking for scheduled reports...
[2025-08-10T17:41:58.934Z] [DEBUG] Connected to MongoDB
[2025-08-10T17:41:59.012Z] [INFO] Found 1 company databases
[2025-08-10T17:41:59.012Z] [DEBUG] Processing company database: company_ry0iwbpw
[2025-08-10T17:41:59.081Z] [DEBUG] Finding reports to execute in company_ry0iwbpw (current time: 2025-08-10T17:41:59.081Z)
[2025-08-10T17:41:59.148Z] [INFO] Found 0 reports to execute in company_ry0iwbpw
[2025-08-10T17:41:59.148Z] [INFO] Scheduled reports check completed
[2025-08-10T17:41:59.150Z] [DEBUG] MongoDB connection closed
[2025-08-10T17:42:08.093Z] [INFO] Checking for scheduled reports...
[2025-08-10T17:42:08.847Z] [DEBUG] Connected to MongoDB
[2025-08-10T17:42:08.923Z] [INFO] Found 1 company databases
[2025-08-10T17:42:08.923Z] [DEBUG] Processing company database: company_ry0iwbpw
[2025-08-10T17:42:08.992Z] [DEBUG] Finding reports to execute in company_ry0iwbpw (current time: 2025-08-10T17:42:08.992Z)
[2025-08-10T17:42:09.062Z] [INFO] Found 0 reports to execute in company_ry0iwbpw
[2025-08-10T17:42:09.063Z] [INFO] Scheduled reports check completed
[2025-08-10T17:42:09.064Z] [DEBUG] MongoDB connection closed
[2025-08-10T17:42:18.095Z] [INFO] Checking for scheduled reports...
[2025-08-10T17:42:18.897Z] [DEBUG] Connected to MongoDB
[2025-08-10T17:42:18.979Z] [INFO] Found 1 company databases
[2025-08-10T17:42:18.981Z] [DEBUG] Processing company database: company_ry0iwbpw
[2025-08-10T17:42:19.054Z] [DEBUG] Finding reports to execute in company_ry0iwbpw (current time: 2025-08-10T17:42:19.054Z)
[2025-08-10T17:42:19.126Z] [INFO] Found 0 reports to execute in company_ry0iwbpw
[2025-08-10T17:42:19.127Z] [INFO] Scheduled reports check completed
[2025-08-10T17:42:19.131Z] [DEBUG] MongoDB connection closed
[2025-08-10T17:42:28.097Z] [INFO] Checking for scheduled reports...
[2025-08-10T17:42:28.885Z] [DEBUG] Connected to MongoDB
[2025-08-10T17:42:28.961Z] [INFO] Found 1 company databases
[2025-08-10T17:42:28.962Z] [DEBUG] Processing company database: company_ry0iwbpw
[2025-08-10T17:42:29.031Z] [DEBUG] Finding reports to execute in company_ry0iwbpw (current time: 2025-08-10T17:42:29.031Z)
[2025-08-10T17:42:29.098Z] [INFO] Found 0 reports to execute in company_ry0iwbpw
[2025-08-10T17:42:29.098Z] [INFO] Scheduled reports check completed
[2025-08-10T17:42:29.100Z] [DEBUG] MongoDB connection closed
[2025-08-10T17:42:38.099Z] [INFO] Checking for scheduled reports...
[2025-08-10T17:42:38.877Z] [DEBUG] Connected to MongoDB
[2025-08-10T17:42:38.957Z] [INFO] Found 1 company databases
[2025-08-10T17:42:38.958Z] [DEBUG] Processing company database: company_ry0iwbpw
[2025-08-10T17:42:39.029Z] [DEBUG] Finding reports to execute in company_ry0iwbpw (current time: 2025-08-10T17:42:39.029Z)
[2025-08-10T17:42:39.100Z] [INFO] Found 0 reports to execute in company_ry0iwbpw
[2025-08-10T17:42:39.100Z] [INFO] Scheduled reports check completed
[2025-08-10T17:42:39.102Z] [DEBUG] MongoDB connection closed
[2025-08-10T17:42:48.101Z] [INFO] Checking for scheduled reports...
[2025-08-10T17:42:48.888Z] [DEBUG] Connected to MongoDB
[2025-08-10T17:42:48.968Z] [INFO] Found 1 company databases
[2025-08-10T17:42:48.969Z] [DEBUG] Processing company database: company_ry0iwbpw
[2025-08-10T17:42:49.042Z] [DEBUG] Finding reports to execute in company_ry0iwbpw (current time: 2025-08-10T17:42:49.042Z)
[2025-08-10T17:42:49.112Z] [INFO] Found 0 reports to execute in company_ry0iwbpw
[2025-08-10T17:42:49.113Z] [INFO] Scheduled reports check completed
[2025-08-10T17:42:49.115Z] [DEBUG] MongoDB connection closed
[2025-08-10T17:42:58.104Z] [INFO] Checking for scheduled reports...
[2025-08-10T17:42:58.906Z] [DEBUG] Connected to MongoDB
[2025-08-10T17:42:58.996Z] [INFO] Found 1 company databases
[2025-08-10T17:42:58.997Z] [DEBUG] Processing company database: company_ry0iwbpw
[2025-08-10T17:42:59.068Z] [DEBUG] Finding reports to execute in company_ry0iwbpw (current time: 2025-08-10T17:42:59.068Z)
[2025-08-10T17:42:59.139Z] [INFO] Found 0 reports to execute in company_ry0iwbpw
[2025-08-10T17:42:59.139Z] [INFO] Scheduled reports check completed
[2025-08-10T17:42:59.141Z] [DEBUG] MongoDB connection closed
[2025-08-10T17:43:08.105Z] [INFO] Checking for scheduled reports...
[2025-08-10T17:43:08.862Z] [DEBUG] Connected to MongoDB
[2025-08-10T17:43:08.939Z] [INFO] Found 1 company databases
[2025-08-10T17:43:08.939Z] [DEBUG] Processing company database: company_ry0iwbpw
[2025-08-10T17:43:09.009Z] [DEBUG] Finding reports to execute in company_ry0iwbpw (current time: 2025-08-10T17:43:09.009Z)
[2025-08-10T17:43:09.078Z] [INFO] Found 0 reports to execute in company_ry0iwbpw
[2025-08-10T17:43:09.079Z] [INFO] Scheduled reports check completed
[2025-08-10T17:43:09.081Z] [DEBUG] MongoDB connection closed
[2025-08-10T17:43:18.108Z] [INFO] Checking for scheduled reports...
[2025-08-10T17:43:18.882Z] [DEBUG] Connected to MongoDB
[2025-08-10T17:43:18.959Z] [INFO] Found 1 company databases
[2025-08-10T17:43:18.960Z] [DEBUG] Processing company database: company_ry0iwbpw
[2025-08-10T17:43:19.034Z] [DEBUG] Finding reports to execute in company_ry0iwbpw (current time: 2025-08-10T17:43:19.034Z)
[2025-08-10T17:43:19.103Z] [INFO] Found 0 reports to execute in company_ry0iwbpw
[2025-08-10T17:43:19.103Z] [INFO] Scheduled reports check completed
[2025-08-10T17:43:19.105Z] [DEBUG] MongoDB connection closed
[2025-08-10T17:43:28.110Z] [INFO] Checking for scheduled reports...
[2025-08-10T17:43:28.927Z] [DEBUG] Connected to MongoDB
[2025-08-10T17:43:29.008Z] [INFO] Found 1 company databases
[2025-08-10T17:43:29.008Z] [DEBUG] Processing company database: company_ry0iwbpw
[2025-08-10T17:43:29.081Z] [DEBUG] Finding reports to execute in company_ry0iwbpw (current time: 2025-08-10T17:43:29.081Z)
[2025-08-10T17:43:29.152Z] [INFO] Found 0 reports to execute in company_ry0iwbpw
[2025-08-10T17:43:29.153Z] [INFO] Scheduled reports check completed
[2025-08-10T17:43:29.155Z] [DEBUG] MongoDB connection closed
[2025-08-10T17:43:38.110Z] [INFO] Checking for scheduled reports...
[2025-08-10T17:43:38.925Z] [DEBUG] Connected to MongoDB
[2025-08-10T17:43:39.006Z] [INFO] Found 1 company databases
[2025-08-10T17:43:39.006Z] [DEBUG] Processing company database: company_ry0iwbpw
[2025-08-10T17:43:39.079Z] [DEBUG] Finding reports to execute in company_ry0iwbpw (current time: 2025-08-10T17:43:39.079Z)
[2025-08-10T17:43:39.152Z] [INFO] Found 0 reports to execute in company_ry0iwbpw
[2025-08-10T17:43:39.152Z] [INFO] Scheduled reports check completed
[2025-08-10T17:43:39.154Z] [DEBUG] MongoDB connection closed
[2025-08-10T17:43:48.113Z] [INFO] Checking for scheduled reports...
[2025-08-10T17:43:48.877Z] [DEBUG] Connected to MongoDB
[2025-08-10T17:43:48.951Z] [INFO] Found 1 company databases
[2025-08-10T17:43:48.952Z] [DEBUG] Processing company database: company_ry0iwbpw
[2025-08-10T17:43:49.019Z] [DEBUG] Finding reports to execute in company_ry0iwbpw (current time: 2025-08-10T17:43:49.019Z)
[2025-08-10T17:43:49.085Z] [INFO] Found 0 reports to execute in company_ry0iwbpw
[2025-08-10T17:43:49.086Z] [INFO] Scheduled reports check completed
[2025-08-10T17:43:49.087Z] [DEBUG] MongoDB connection closed
[2025-08-10T17:43:58.115Z] [INFO] Checking for scheduled reports...
[2025-08-10T17:43:58.937Z] [DEBUG] Connected to MongoDB
[2025-08-10T17:43:59.017Z] [INFO] Found 1 company databases
[2025-08-10T17:43:59.018Z] [DEBUG] Processing company database: company_ry0iwbpw
[2025-08-10T17:43:59.090Z] [DEBUG] Finding reports to execute in company_ry0iwbpw (current time: 2025-08-10T17:43:59.090Z)
[2025-08-10T17:43:59.161Z] [INFO] Found 0 reports to execute in company_ry0iwbpw
[2025-08-10T17:43:59.161Z] [INFO] Scheduled reports check completed
[2025-08-10T17:43:59.163Z] [DEBUG] MongoDB connection closed
[2025-08-10T17:44:08.117Z] [INFO] Checking for scheduled reports...
[2025-08-10T17:44:08.930Z] [DEBUG] Connected to MongoDB
[2025-08-10T17:44:09.010Z] [INFO] Found 1 company databases
[2025-08-10T17:44:09.011Z] [DEBUG] Processing company database: company_ry0iwbpw
[2025-08-10T17:44:09.084Z] [DEBUG] Finding reports to execute in company_ry0iwbpw (current time: 2025-08-10T17:44:09.084Z)
[2025-08-10T17:44:09.155Z] [INFO] Found 0 reports to execute in company_ry0iwbpw
[2025-08-10T17:44:09.155Z] [INFO] Scheduled reports check completed
[2025-08-10T17:44:09.156Z] [DEBUG] MongoDB connection closed
[2025-08-10T17:44:18.117Z] [INFO] Checking for scheduled reports...
[2025-08-10T17:44:18.871Z] [DEBUG] Connected to MongoDB
[2025-08-10T17:44:18.948Z] [INFO] Found 1 company databases
[2025-08-10T17:44:18.948Z] [DEBUG] Processing company database: company_ry0iwbpw
[2025-08-10T17:44:19.016Z] [DEBUG] Finding reports to execute in company_ry0iwbpw (current time: 2025-08-10T17:44:19.016Z)
[2025-08-10T17:44:19.083Z] [INFO] Found 0 reports to execute in company_ry0iwbpw
[2025-08-10T17:44:19.083Z] [INFO] Scheduled reports check completed
[2025-08-10T17:44:19.085Z] [DEBUG] MongoDB connection closed
[2025-08-10T17:44:28.121Z] [INFO] Checking for scheduled reports...
[2025-08-10T17:44:28.942Z] [DEBUG] Connected to MongoDB
[2025-08-10T17:44:29.024Z] [INFO] Found 1 company databases
[2025-08-10T17:44:29.024Z] [DEBUG] Processing company database: company_ry0iwbpw
[2025-08-10T17:44:29.098Z] [DEBUG] Finding reports to execute in company_ry0iwbpw (current time: 2025-08-10T17:44:29.098Z)
[2025-08-10T17:44:29.170Z] [INFO] Found 0 reports to execute in company_ry0iwbpw
[2025-08-10T17:44:29.170Z] [INFO] Scheduled reports check completed
[2025-08-10T17:44:29.173Z] [DEBUG] MongoDB connection closed
[2025-08-10T17:44:38.123Z] [INFO] Checking for scheduled reports...
[2025-08-10T17:44:38.930Z] [DEBUG] Connected to MongoDB
[2025-08-10T17:44:39.009Z] [INFO] Found 1 company databases
[2025-08-10T17:44:39.009Z] [DEBUG] Processing company database: company_ry0iwbpw
[2025-08-10T17:44:39.081Z] [DEBUG] Finding reports to execute in company_ry0iwbpw (current time: 2025-08-10T17:44:39.081Z)
[2025-08-10T17:44:39.154Z] [INFO] Found 0 reports to execute in company_ry0iwbpw
[2025-08-10T17:44:39.155Z] [INFO] Scheduled reports check completed
[2025-08-10T17:44:39.156Z] [DEBUG] MongoDB connection closed
[2025-08-10T17:44:48.124Z] [INFO] Checking for scheduled reports...
[2025-08-10T17:44:48.890Z] [DEBUG] Connected to MongoDB
[2025-08-10T17:44:48.965Z] [INFO] Found 1 company databases
[2025-08-10T17:44:48.966Z] [DEBUG] Processing company database: company_ry0iwbpw
[2025-08-10T17:44:49.034Z] [DEBUG] Finding reports to execute in company_ry0iwbpw (current time: 2025-08-10T17:44:49.034Z)
[2025-08-10T17:44:49.102Z] [INFO] Found 0 reports to execute in company_ry0iwbpw
[2025-08-10T17:44:49.102Z] [INFO] Scheduled reports check completed
[2025-08-10T17:44:49.104Z] [DEBUG] MongoDB connection closed
[2025-08-10T17:44:58.126Z] [INFO] Checking for scheduled reports...
[2025-08-10T17:44:58.907Z] [DEBUG] Connected to MongoDB
[2025-08-10T17:44:58.984Z] [INFO] Found 1 company databases
[2025-08-10T17:44:58.984Z] [DEBUG] Processing company database: company_ry0iwbpw
[2025-08-10T17:44:59.053Z] [DEBUG] Finding reports to execute in company_ry0iwbpw (current time: 2025-08-10T17:44:59.053Z)
[2025-08-10T17:44:59.122Z] [INFO] Found 0 reports to execute in company_ry0iwbpw
[2025-08-10T17:44:59.123Z] [INFO] Scheduled reports check completed
[2025-08-10T17:44:59.124Z] [DEBUG] MongoDB connection closed
[2025-08-10T17:45:08.127Z] [INFO] Checking for scheduled reports...
[2025-08-10T17:45:08.944Z] [DEBUG] Connected to MongoDB
[2025-08-10T17:45:09.024Z] [INFO] Found 1 company databases
[2025-08-10T17:45:09.025Z] [DEBUG] Processing company database: company_ry0iwbpw
[2025-08-10T17:45:09.098Z] [DEBUG] Finding reports to execute in company_ry0iwbpw (current time: 2025-08-10T17:45:09.098Z)
[2025-08-10T17:45:09.170Z] [INFO] Found 0 reports to execute in company_ry0iwbpw
[2025-08-10T17:45:09.170Z] [INFO] Scheduled reports check completed
[2025-08-10T17:45:09.171Z] [DEBUG] MongoDB connection closed
[2025-08-10T17:45:18.129Z] [INFO] Checking for scheduled reports...
[2025-08-10T17:45:18.891Z] [DEBUG] Connected to MongoDB
[2025-08-10T17:45:18.966Z] [INFO] Found 1 company databases
[2025-08-10T17:45:18.967Z] [DEBUG] Processing company database: company_ry0iwbpw
[2025-08-10T17:45:19.036Z] [DEBUG] Finding reports to execute in company_ry0iwbpw (current time: 2025-08-10T17:45:19.036Z)
[2025-08-10T17:45:19.103Z] [INFO] Found 0 reports to execute in company_ry0iwbpw
[2025-08-10T17:45:19.104Z] [INFO] Scheduled reports check completed
[2025-08-10T17:45:19.106Z] [DEBUG] MongoDB connection closed
[2025-08-10T17:45:28.130Z] [INFO] Checking for scheduled reports...
[2025-08-10T17:45:29.012Z] [DEBUG] Connected to MongoDB
[2025-08-10T17:45:29.091Z] [INFO] Found 1 company databases
[2025-08-10T17:45:29.092Z] [DEBUG] Processing company database: company_ry0iwbpw
[2025-08-10T17:45:29.163Z] [DEBUG] Finding reports to execute in company_ry0iwbpw (current time: 2025-08-10T17:45:29.163Z)
[2025-08-10T17:45:29.234Z] [INFO] Found 0 reports to execute in company_ry0iwbpw
[2025-08-10T17:45:29.234Z] [INFO] Scheduled reports check completed
[2025-08-10T17:45:29.236Z] [DEBUG] MongoDB connection closed
[2025-08-10T17:45:38.131Z] [INFO] Checking for scheduled reports...
[2025-08-10T17:45:38.901Z] [DEBUG] Connected to MongoDB
[2025-08-10T17:45:38.977Z] [INFO] Found 1 company databases
[2025-08-10T17:45:38.977Z] [DEBUG] Processing company database: company_ry0iwbpw
[2025-08-10T17:45:39.046Z] [DEBUG] Finding reports to execute in company_ry0iwbpw (current time: 2025-08-10T17:45:39.046Z)
[2025-08-10T17:45:39.114Z] [INFO] Found 0 reports to execute in company_ry0iwbpw
[2025-08-10T17:45:39.114Z] [INFO] Scheduled reports check completed
[2025-08-10T17:45:39.116Z] [DEBUG] MongoDB connection closed
[2025-08-10T17:45:48.132Z] [INFO] Checking for scheduled reports...
[2025-08-10T17:45:48.907Z] [DEBUG] Connected to MongoDB
[2025-08-10T17:45:48.984Z] [INFO] Found 1 company databases
[2025-08-10T17:45:48.985Z] [DEBUG] Processing company database: company_ry0iwbpw
[2025-08-10T17:45:49.053Z] [DEBUG] Finding reports to execute in company_ry0iwbpw (current time: 2025-08-10T17:45:49.053Z)
[2025-08-10T17:45:49.123Z] [INFO] Found 0 reports to execute in company_ry0iwbpw
[2025-08-10T17:45:49.124Z] [INFO] Scheduled reports check completed
[2025-08-10T17:45:49.125Z] [DEBUG] MongoDB connection closed
[2025-08-10T17:45:58.132Z] [INFO] Checking for scheduled reports...
[2025-08-10T17:45:58.939Z] [DEBUG] Connected to MongoDB
[2025-08-10T17:45:59.019Z] [INFO] Found 1 company databases
[2025-08-10T17:45:59.019Z] [DEBUG] Processing company database: company_ry0iwbpw
[2025-08-10T17:45:59.091Z] [DEBUG] Finding reports to execute in company_ry0iwbpw (current time: 2025-08-10T17:45:59.091Z)
[2025-08-10T17:45:59.163Z] [INFO] Found 0 reports to execute in company_ry0iwbpw
[2025-08-10T17:45:59.163Z] [INFO] Scheduled reports check completed
[2025-08-10T17:45:59.166Z] [DEBUG] MongoDB connection closed
[2025-08-10T17:46:08.134Z] [INFO] Checking for scheduled reports...
[2025-08-10T17:46:08.909Z] [DEBUG] Connected to MongoDB
[2025-08-10T17:46:08.986Z] [INFO] Found 1 company databases
[2025-08-10T17:46:08.986Z] [DEBUG] Processing company database: company_ry0iwbpw
[2025-08-10T17:46:09.056Z] [DEBUG] Finding reports to execute in company_ry0iwbpw (current time: 2025-08-10T17:46:09.056Z)
[2025-08-10T17:46:09.124Z] [INFO] Found 0 reports to execute in company_ry0iwbpw
[2025-08-10T17:46:09.125Z] [INFO] Scheduled reports check completed
[2025-08-10T17:46:09.128Z] [DEBUG] MongoDB connection closed
[2025-08-10T17:46:18.136Z] [INFO] Checking for scheduled reports...
[2025-08-10T17:46:18.928Z] [DEBUG] Connected to MongoDB
[2025-08-10T17:46:19.008Z] [INFO] Found 1 company databases
[2025-08-10T17:46:19.008Z] [DEBUG] Processing company database: company_ry0iwbpw
[2025-08-10T17:46:19.082Z] [DEBUG] Finding reports to execute in company_ry0iwbpw (current time: 2025-08-10T17:46:19.082Z)
[2025-08-10T17:46:19.154Z] [INFO] Found 0 reports to execute in company_ry0iwbpw
[2025-08-10T17:46:19.154Z] [INFO] Scheduled reports check completed
[2025-08-10T17:46:19.155Z] [DEBUG] MongoDB connection closed
[2025-08-10T17:46:28.138Z] [INFO] Checking for scheduled reports...
[2025-08-10T17:46:28.935Z] [DEBUG] Connected to MongoDB
[2025-08-10T17:46:29.011Z] [INFO] Found 1 company databases
[2025-08-10T17:46:29.012Z] [DEBUG] Processing company database: company_ry0iwbpw
[2025-08-10T17:46:29.081Z] [DEBUG] Finding reports to execute in company_ry0iwbpw (current time: 2025-08-10T17:46:29.081Z)
[2025-08-10T17:46:29.150Z] [INFO] Found 0 reports to execute in company_ry0iwbpw
[2025-08-10T17:46:29.150Z] [INFO] Scheduled reports check completed
[2025-08-10T17:46:29.152Z] [DEBUG] MongoDB connection closed
[2025-08-10T17:46:38.140Z] [INFO] Checking for scheduled reports...
[2025-08-10T17:46:38.936Z] [DEBUG] Connected to MongoDB
[2025-08-10T17:46:39.016Z] [INFO] Found 1 company databases
[2025-08-10T17:46:39.017Z] [DEBUG] Processing company database: company_ry0iwbpw
[2025-08-10T17:46:39.090Z] [DEBUG] Finding reports to execute in company_ry0iwbpw (current time: 2025-08-10T17:46:39.090Z)
[2025-08-10T17:46:39.162Z] [INFO] Found 0 reports to execute in company_ry0iwbpw
[2025-08-10T17:46:39.162Z] [INFO] Scheduled reports check completed
[2025-08-10T17:46:39.164Z] [DEBUG] MongoDB connection closed
[2025-08-10T17:46:48.141Z] [INFO] Checking for scheduled reports...
[2025-08-10T17:46:48.891Z] [DEBUG] Connected to MongoDB
[2025-08-10T17:46:48.966Z] [INFO] Found 1 company databases
[2025-08-10T17:46:48.967Z] [DEBUG] Processing company database: company_ry0iwbpw
[2025-08-10T17:46:49.035Z] [DEBUG] Finding reports to execute in company_ry0iwbpw (current time: 2025-08-10T17:46:49.035Z)
[2025-08-10T17:46:49.118Z] [INFO] Found 0 reports to execute in company_ry0iwbpw
[2025-08-10T17:46:49.119Z] [INFO] Scheduled reports check completed
[2025-08-10T17:46:49.120Z] [DEBUG] MongoDB connection closed
[2025-08-10T17:46:58.141Z] [INFO] Checking for scheduled reports...
[2025-08-10T17:46:58.905Z] [DEBUG] Connected to MongoDB
[2025-08-10T17:46:58.980Z] [INFO] Found 1 company databases
[2025-08-10T17:46:58.981Z] [DEBUG] Processing company database: company_ry0iwbpw
[2025-08-10T17:46:59.049Z] [DEBUG] Finding reports to execute in company_ry0iwbpw (current time: 2025-08-10T17:46:59.049Z)
[2025-08-10T17:46:59.117Z] [INFO] Found 0 reports to execute in company_ry0iwbpw
[2025-08-10T17:46:59.117Z] [INFO] Scheduled reports check completed
[2025-08-10T17:46:59.120Z] [DEBUG] MongoDB connection closed
[2025-08-10T17:47:08.143Z] [INFO] Checking for scheduled reports...
[2025-08-10T17:47:08.935Z] [DEBUG] Connected to MongoDB
[2025-08-10T17:47:09.011Z] [INFO] Found 1 company databases
[2025-08-10T17:47:09.012Z] [DEBUG] Processing company database: company_ry0iwbpw
[2025-08-10T17:47:09.081Z] [DEBUG] Finding reports to execute in company_ry0iwbpw (current time: 2025-08-10T17:47:09.081Z)
[2025-08-10T17:47:09.150Z] [INFO] Found 0 reports to execute in company_ry0iwbpw
[2025-08-10T17:47:09.151Z] [INFO] Scheduled reports check completed
[2025-08-10T17:47:09.152Z] [DEBUG] MongoDB connection closed
[2025-08-10T17:47:18.146Z] [INFO] Checking for scheduled reports...
[2025-08-10T17:47:18.891Z] [DEBUG] Connected to MongoDB
[2025-08-10T17:47:18.966Z] [INFO] Found 1 company databases
[2025-08-10T17:47:18.967Z] [DEBUG] Processing company database: company_ry0iwbpw
[2025-08-10T17:47:19.034Z] [DEBUG] Finding reports to execute in company_ry0iwbpw (current time: 2025-08-10T17:47:19.034Z)
[2025-08-10T17:47:19.100Z] [INFO] Found 0 reports to execute in company_ry0iwbpw
[2025-08-10T17:47:19.101Z] [INFO] Scheduled reports check completed
[2025-08-10T17:47:19.103Z] [DEBUG] MongoDB connection closed
[2025-08-10T17:47:28.147Z] [INFO] Checking for scheduled reports...
[2025-08-10T17:47:28.955Z] [DEBUG] Connected to MongoDB
[2025-08-10T17:47:29.036Z] [INFO] Found 1 company databases
[2025-08-10T17:47:29.036Z] [DEBUG] Processing company database: company_ry0iwbpw
[2025-08-10T17:47:29.109Z] [DEBUG] Finding reports to execute in company_ry0iwbpw (current time: 2025-08-10T17:47:29.109Z)
[2025-08-10T17:47:29.181Z] [INFO] Found 0 reports to execute in company_ry0iwbpw
[2025-08-10T17:47:29.182Z] [INFO] Scheduled reports check completed
[2025-08-10T17:47:29.184Z] [DEBUG] MongoDB connection closed
[2025-08-10T17:47:38.150Z] [INFO] Checking for scheduled reports...
[2025-08-10T17:47:38.951Z] [DEBUG] Connected to MongoDB
[2025-08-10T17:47:39.032Z] [INFO] Found 1 company databases
[2025-08-10T17:47:39.032Z] [DEBUG] Processing company database: company_ry0iwbpw
[2025-08-10T17:47:39.105Z] [DEBUG] Finding reports to execute in company_ry0iwbpw (current time: 2025-08-10T17:47:39.105Z)
[2025-08-10T17:47:39.178Z] [INFO] Found 0 reports to execute in company_ry0iwbpw
[2025-08-10T17:47:39.179Z] [INFO] Scheduled reports check completed
[2025-08-10T17:47:39.183Z] [DEBUG] MongoDB connection closed
[2025-08-10T17:47:48.152Z] [INFO] Checking for scheduled reports...
[2025-08-10T17:47:48.972Z] [DEBUG] Connected to MongoDB
[2025-08-10T17:47:49.053Z] [INFO] Found 1 company databases
[2025-08-10T17:47:49.053Z] [DEBUG] Processing company database: company_ry0iwbpw
[2025-08-10T17:47:49.126Z] [DEBUG] Finding reports to execute in company_ry0iwbpw (current time: 2025-08-10T17:47:49.126Z)
[2025-08-10T17:47:49.197Z] [INFO] Found 0 reports to execute in company_ry0iwbpw
[2025-08-10T17:47:49.198Z] [INFO] Scheduled reports check completed
[2025-08-10T17:47:49.200Z] [DEBUG] MongoDB connection closed
[2025-08-10T17:47:58.153Z] [INFO] Checking for scheduled reports...
[2025-08-10T17:47:58.962Z] [DEBUG] Connected to MongoDB
[2025-08-10T17:47:59.038Z] [INFO] Found 1 company databases
[2025-08-10T17:47:59.039Z] [DEBUG] Processing company database: company_ry0iwbpw
[2025-08-10T17:47:59.108Z] [DEBUG] Finding reports to execute in company_ry0iwbpw (current time: 2025-08-10T17:47:59.108Z)
[2025-08-10T17:47:59.177Z] [INFO] Found 0 reports to execute in company_ry0iwbpw
[2025-08-10T17:47:59.178Z] [INFO] Scheduled reports check completed
[2025-08-10T17:47:59.181Z] [DEBUG] MongoDB connection closed
[2025-08-10T17:48:08.156Z] [INFO] Checking for scheduled reports...
[2025-08-10T17:48:08.963Z] [DEBUG] Connected to MongoDB
[2025-08-10T17:48:09.044Z] [INFO] Found 1 company databases
[2025-08-10T17:48:09.045Z] [DEBUG] Processing company database: company_ry0iwbpw
[2025-08-10T17:48:09.118Z] [DEBUG] Finding reports to execute in company_ry0iwbpw (current time: 2025-08-10T17:48:09.118Z)
[2025-08-10T17:48:09.190Z] [INFO] Found 0 reports to execute in company_ry0iwbpw
[2025-08-10T17:48:09.191Z] [INFO] Scheduled reports check completed
[2025-08-10T17:48:09.194Z] [DEBUG] MongoDB connection closed
[2025-08-10T17:48:18.157Z] [INFO] Checking for scheduled reports...
[2025-08-10T17:48:18.919Z] [DEBUG] Connected to MongoDB
[2025-08-10T17:48:18.997Z] [INFO] Found 1 company databases
[2025-08-10T17:48:18.998Z] [DEBUG] Processing company database: company_ry0iwbpw
[2025-08-10T17:48:19.067Z] [DEBUG] Finding reports to execute in company_ry0iwbpw (current time: 2025-08-10T17:48:19.067Z)
[2025-08-10T17:48:19.136Z] [INFO] Found 0 reports to execute in company_ry0iwbpw
[2025-08-10T17:48:19.136Z] [INFO] Scheduled reports check completed
[2025-08-10T17:48:19.139Z] [DEBUG] MongoDB connection closed
[2025-08-10T17:48:28.157Z] [INFO] Checking for scheduled reports...
[2025-08-10T17:48:28.944Z] [DEBUG] Connected to MongoDB
[2025-08-10T17:48:29.018Z] [INFO] Found 1 company databases
[2025-08-10T17:48:29.019Z] [DEBUG] Processing company database: company_ry0iwbpw
[2025-08-10T17:48:29.086Z] [DEBUG] Finding reports to execute in company_ry0iwbpw (current time: 2025-08-10T17:48:29.086Z)
[2025-08-10T17:48:29.154Z] [INFO] Found 0 reports to execute in company_ry0iwbpw
[2025-08-10T17:48:29.154Z] [INFO] Scheduled reports check completed
[2025-08-10T17:48:29.157Z] [DEBUG] MongoDB connection closed
[2025-08-10T17:48:38.157Z] [INFO] Checking for scheduled reports...
[2025-08-10T17:48:38.944Z] [DEBUG] Connected to MongoDB
[2025-08-10T17:48:39.021Z] [INFO] Found 1 company databases
[2025-08-10T17:48:39.021Z] [DEBUG] Processing company database: company_ry0iwbpw
[2025-08-10T17:48:39.091Z] [DEBUG] Finding reports to execute in company_ry0iwbpw (current time: 2025-08-10T17:48:39.091Z)
[2025-08-10T17:48:39.161Z] [INFO] Found 0 reports to execute in company_ry0iwbpw
[2025-08-10T17:48:39.162Z] [INFO] Scheduled reports check completed
[2025-08-10T17:48:39.165Z] [DEBUG] MongoDB connection closed
[2025-08-10T17:48:48.161Z] [INFO] Checking for scheduled reports...
[2025-08-10T17:48:48.914Z] [DEBUG] Connected to MongoDB
[2025-08-10T17:48:48.990Z] [INFO] Found 1 company databases
[2025-08-10T17:48:48.991Z] [DEBUG] Processing company database: company_ry0iwbpw
[2025-08-10T17:48:49.059Z] [DEBUG] Finding reports to execute in company_ry0iwbpw (current time: 2025-08-10T17:48:49.059Z)
[2025-08-10T17:48:49.126Z] [INFO] Found 0 reports to execute in company_ry0iwbpw
[2025-08-10T17:48:49.127Z] [INFO] Scheduled reports check completed
[2025-08-10T17:48:49.130Z] [DEBUG] MongoDB connection closed
[2025-08-10T17:48:58.164Z] [INFO] Checking for scheduled reports...
[2025-08-10T17:48:58.943Z] [DEBUG] Connected to MongoDB
[2025-08-10T17:48:59.018Z] [INFO] Found 1 company databases
[2025-08-10T17:48:59.019Z] [DEBUG] Processing company database: company_ry0iwbpw
[2025-08-10T17:48:59.087Z] [DEBUG] Finding reports to execute in company_ry0iwbpw (current time: 2025-08-10T17:48:59.087Z)
[2025-08-10T17:48:59.154Z] [INFO] Found 0 reports to execute in company_ry0iwbpw
[2025-08-10T17:48:59.155Z] [INFO] Scheduled reports check completed
[2025-08-10T17:48:59.157Z] [DEBUG] MongoDB connection closed
[2025-08-10T17:49:08.165Z] [INFO] Checking for scheduled reports...
[2025-08-10T17:49:08.994Z] [DEBUG] Connected to MongoDB
[2025-08-10T17:49:09.075Z] [INFO] Found 1 company databases
[2025-08-10T17:49:09.076Z] [DEBUG] Processing company database: company_ry0iwbpw
[2025-08-10T17:49:09.149Z] [DEBUG] Finding reports to execute in company_ry0iwbpw (current time: 2025-08-10T17:49:09.149Z)
[2025-08-10T17:49:09.222Z] [INFO] Found 0 reports to execute in company_ry0iwbpw
[2025-08-10T17:49:09.223Z] [INFO] Scheduled reports check completed
[2025-08-10T17:49:09.230Z] [DEBUG] MongoDB connection closed
[2025-08-10T17:49:18.167Z] [INFO] Checking for scheduled reports...
[2025-08-10T17:49:18.970Z] [DEBUG] Connected to MongoDB
[2025-08-10T17:49:19.052Z] [INFO] Found 1 company databases
[2025-08-10T17:49:19.052Z] [DEBUG] Processing company database: company_ry0iwbpw
[2025-08-10T17:49:19.126Z] [DEBUG] Finding reports to execute in company_ry0iwbpw (current time: 2025-08-10T17:49:19.126Z)
[2025-08-10T17:49:19.198Z] [INFO] Found 0 reports to execute in company_ry0iwbpw
[2025-08-10T17:49:19.199Z] [INFO] Scheduled reports check completed
[2025-08-10T17:49:19.202Z] [DEBUG] MongoDB connection closed
[2025-08-10T17:49:28.170Z] [INFO] Checking for scheduled reports...
[2025-08-10T17:49:28.943Z] [DEBUG] Connected to MongoDB
[2025-08-10T17:49:29.019Z] [INFO] Found 1 company databases
[2025-08-10T17:49:29.020Z] [DEBUG] Processing company database: company_ry0iwbpw
[2025-08-10T17:49:29.088Z] [DEBUG] Finding reports to execute in company_ry0iwbpw (current time: 2025-08-10T17:49:29.088Z)
[2025-08-10T17:49:29.155Z] [INFO] Found 0 reports to execute in company_ry0iwbpw
[2025-08-10T17:49:29.156Z] [INFO] Scheduled reports check completed
[2025-08-10T17:49:29.158Z] [DEBUG] MongoDB connection closed
[2025-08-10T17:49:38.172Z] [INFO] Checking for scheduled reports...
[2025-08-10T17:49:38.961Z] [DEBUG] Connected to MongoDB
[2025-08-10T17:49:39.040Z] [INFO] Found 1 company databases
[2025-08-10T17:49:39.040Z] [DEBUG] Processing company database: company_ry0iwbpw
[2025-08-10T17:49:39.111Z] [DEBUG] Finding reports to execute in company_ry0iwbpw (current time: 2025-08-10T17:49:39.111Z)
[2025-08-10T17:49:39.183Z] [INFO] Found 0 reports to execute in company_ry0iwbpw
[2025-08-10T17:49:39.184Z] [INFO] Scheduled reports check completed
[2025-08-10T17:49:39.186Z] [DEBUG] MongoDB connection closed
[2025-08-10T17:49:48.175Z] [INFO] Checking for scheduled reports...
[2025-08-10T17:49:48.990Z] [DEBUG] Connected to MongoDB
[2025-08-10T17:49:49.069Z] [INFO] Found 1 company databases
[2025-08-10T17:49:49.070Z] [DEBUG] Processing company database: company_ry0iwbpw
[2025-08-10T17:49:49.142Z] [DEBUG] Finding reports to execute in company_ry0iwbpw (current time: 2025-08-10T17:49:49.142Z)
[2025-08-10T17:49:49.213Z] [INFO] Found 0 reports to execute in company_ry0iwbpw
[2025-08-10T17:49:49.214Z] [INFO] Scheduled reports check completed
[2025-08-10T17:49:49.217Z] [DEBUG] MongoDB connection closed
[2025-08-10T17:49:58.178Z] [INFO] Checking for scheduled reports...
[2025-08-10T17:49:58.980Z] [DEBUG] Connected to MongoDB
[2025-08-10T17:49:59.060Z] [INFO] Found 1 company databases
[2025-08-10T17:49:59.061Z] [DEBUG] Processing company database: company_ry0iwbpw
[2025-08-10T17:49:59.133Z] [DEBUG] Finding reports to execute in company_ry0iwbpw (current time: 2025-08-10T17:49:59.133Z)
[2025-08-10T17:49:59.204Z] [INFO] Found 0 reports to execute in company_ry0iwbpw
[2025-08-10T17:49:59.204Z] [INFO] Scheduled reports check completed
[2025-08-10T17:49:59.207Z] [DEBUG] MongoDB connection closed
[2025-08-10T17:50:08.179Z] [INFO] Checking for scheduled reports...
[2025-08-10T17:50:08.977Z] [DEBUG] Connected to MongoDB
[2025-08-10T17:50:09.057Z] [INFO] Found 1 company databases
[2025-08-10T17:50:09.058Z] [DEBUG] Processing company database: company_ry0iwbpw
[2025-08-10T17:50:09.129Z] [DEBUG] Finding reports to execute in company_ry0iwbpw (current time: 2025-08-10T17:50:09.129Z)
[2025-08-10T17:50:09.200Z] [INFO] Found 0 reports to execute in company_ry0iwbpw
[2025-08-10T17:50:09.200Z] [INFO] Scheduled reports check completed
[2025-08-10T17:50:09.203Z] [DEBUG] MongoDB connection closed
[2025-08-10T17:50:18.182Z] [INFO] Checking for scheduled reports...
[2025-08-10T17:50:18.972Z] [DEBUG] Connected to MongoDB
[2025-08-10T17:50:19.050Z] [INFO] Found 1 company databases
[2025-08-10T17:50:19.050Z] [DEBUG] Processing company database: company_ry0iwbpw
[2025-08-10T17:50:19.119Z] [DEBUG] Finding reports to execute in company_ry0iwbpw (current time: 2025-08-10T17:50:19.119Z)
[2025-08-10T17:50:19.188Z] [INFO] Found 0 reports to execute in company_ry0iwbpw
[2025-08-10T17:50:19.189Z] [INFO] Scheduled reports check completed
[2025-08-10T17:50:19.191Z] [DEBUG] MongoDB connection closed
[2025-08-10T17:50:28.184Z] [INFO] Checking for scheduled reports...
[2025-08-10T17:50:28.979Z] [DEBUG] Connected to MongoDB
[2025-08-10T17:50:29.058Z] [INFO] Found 1 company databases
[2025-08-10T17:50:29.059Z] [DEBUG] Processing company database: company_ry0iwbpw
[2025-08-10T17:50:29.130Z] [DEBUG] Finding reports to execute in company_ry0iwbpw (current time: 2025-08-10T17:50:29.130Z)
[2025-08-10T17:50:29.201Z] [INFO] Found 0 reports to execute in company_ry0iwbpw
[2025-08-10T17:50:29.201Z] [INFO] Scheduled reports check completed
[2025-08-10T17:50:29.204Z] [DEBUG] MongoDB connection closed
[2025-08-10T17:50:38.186Z] [INFO] Checking for scheduled reports...
[2025-08-10T17:50:38.980Z] [DEBUG] Connected to MongoDB
[2025-08-10T17:50:39.060Z] [INFO] Found 1 company databases
[2025-08-10T17:50:39.061Z] [DEBUG] Processing company database: company_ry0iwbpw
[2025-08-10T17:50:39.132Z] [DEBUG] Finding reports to execute in company_ry0iwbpw (current time: 2025-08-10T17:50:39.132Z)
[2025-08-10T17:50:39.203Z] [INFO] Found 0 reports to execute in company_ry0iwbpw
[2025-08-10T17:50:39.203Z] [INFO] Scheduled reports check completed
[2025-08-10T17:50:39.206Z] [DEBUG] MongoDB connection closed
[2025-08-10T17:50:48.186Z] [INFO] Checking for scheduled reports...
[2025-08-10T17:50:48.987Z] [DEBUG] Connected to MongoDB
[2025-08-10T17:50:49.068Z] [INFO] Found 1 company databases
[2025-08-10T17:50:49.068Z] [DEBUG] Processing company database: company_ry0iwbpw
[2025-08-10T17:50:49.140Z] [DEBUG] Finding reports to execute in company_ry0iwbpw (current time: 2025-08-10T17:50:49.140Z)
[2025-08-10T17:50:49.212Z] [INFO] Found 0 reports to execute in company_ry0iwbpw
[2025-08-10T17:50:49.212Z] [INFO] Scheduled reports check completed
[2025-08-10T17:50:49.217Z] [DEBUG] MongoDB connection closed
[2025-08-10T17:50:58.188Z] [INFO] Checking for scheduled reports...
[2025-08-10T17:50:59.023Z] [DEBUG] Connected to MongoDB
[2025-08-10T17:50:59.104Z] [INFO] Found 1 company databases
[2025-08-10T17:50:59.105Z] [DEBUG] Processing company database: company_ry0iwbpw
[2025-08-10T17:50:59.178Z] [DEBUG] Finding reports to execute in company_ry0iwbpw (current time: 2025-08-10T17:50:59.178Z)
[2025-08-10T17:50:59.251Z] [INFO] Found 0 reports to execute in company_ry0iwbpw
[2025-08-10T17:50:59.252Z] [INFO] Scheduled reports check completed
[2025-08-10T17:50:59.254Z] [DEBUG] MongoDB connection closed
[2025-08-10T17:51:08.190Z] [INFO] Checking for scheduled reports...
[2025-08-10T17:51:08.977Z] [DEBUG] Connected to MongoDB
[2025-08-10T17:51:09.057Z] [INFO] Found 1 company databases
[2025-08-10T17:51:09.057Z] [DEBUG] Processing company database: company_ry0iwbpw
[2025-08-10T17:51:09.131Z] [DEBUG] Finding reports to execute in company_ry0iwbpw (current time: 2025-08-10T17:51:09.131Z)
[2025-08-10T17:51:09.204Z] [INFO] Found 0 reports to execute in company_ry0iwbpw
[2025-08-10T17:51:09.205Z] [INFO] Scheduled reports check completed
[2025-08-10T17:51:09.207Z] [DEBUG] MongoDB connection closed
[2025-08-10T17:51:18.193Z] [INFO] Checking for scheduled reports...
[2025-08-10T17:51:18.964Z] [DEBUG] Connected to MongoDB
[2025-08-10T17:51:19.039Z] [INFO] Found 1 company databases
[2025-08-10T17:51:19.040Z] [DEBUG] Processing company database: company_ry0iwbpw
[2025-08-10T17:51:19.108Z] [DEBUG] Finding reports to execute in company_ry0iwbpw (current time: 2025-08-10T17:51:19.108Z)
[2025-08-10T17:51:19.175Z] [INFO] Found 0 reports to execute in company_ry0iwbpw
[2025-08-10T17:51:19.176Z] [INFO] Scheduled reports check completed
[2025-08-10T17:51:19.178Z] [DEBUG] MongoDB connection closed
[2025-08-10T17:51:28.195Z] [INFO] Checking for scheduled reports...
[2025-08-10T17:51:29.011Z] [DEBUG] Connected to MongoDB
[2025-08-10T17:51:29.091Z] [INFO] Found 1 company databases
[2025-08-10T17:51:29.091Z] [DEBUG] Processing company database: company_ry0iwbpw
[2025-08-10T17:51:29.163Z] [DEBUG] Finding reports to execute in company_ry0iwbpw (current time: 2025-08-10T17:51:29.163Z)
[2025-08-10T17:51:29.234Z] [INFO] Found 0 reports to execute in company_ry0iwbpw
[2025-08-10T17:51:29.235Z] [INFO] Scheduled reports check completed
[2025-08-10T17:51:29.237Z] [DEBUG] MongoDB connection closed
[2025-08-10T17:51:38.197Z] [INFO] Checking for scheduled reports...
[2025-08-10T17:51:38.957Z] [DEBUG] Connected to MongoDB
[2025-08-10T17:51:39.033Z] [INFO] Found 1 company databases
[2025-08-10T17:51:39.034Z] [DEBUG] Processing company database: company_ry0iwbpw
[2025-08-10T17:51:39.103Z] [DEBUG] Finding reports to execute in company_ry0iwbpw (current time: 2025-08-10T17:51:39.103Z)
[2025-08-10T17:51:39.169Z] [INFO] Found 0 reports to execute in company_ry0iwbpw
[2025-08-10T17:51:39.170Z] [INFO] Scheduled reports check completed
[2025-08-10T17:51:39.172Z] [DEBUG] MongoDB connection closed
[2025-08-10T17:51:48.199Z] [INFO] Checking for scheduled reports...
[2025-08-10T17:51:48.975Z] [DEBUG] Connected to MongoDB
[2025-08-10T17:51:49.051Z] [INFO] Found 1 company databases
[2025-08-10T17:51:49.051Z] [DEBUG] Processing company database: company_ry0iwbpw
[2025-08-10T17:51:49.119Z] [DEBUG] Finding reports to execute in company_ry0iwbpw (current time: 2025-08-10T17:51:49.119Z)
[2025-08-10T17:51:49.186Z] [INFO] Found 0 reports to execute in company_ry0iwbpw
[2025-08-10T17:51:49.186Z] [INFO] Scheduled reports check completed
[2025-08-10T17:51:49.189Z] [DEBUG] MongoDB connection closed
[2025-08-10T17:51:58.202Z] [INFO] Checking for scheduled reports...
[2025-08-10T17:51:59.023Z] [DEBUG] Connected to MongoDB
[2025-08-10T17:51:59.104Z] [INFO] Found 1 company databases
[2025-08-10T17:51:59.105Z] [DEBUG] Processing company database: company_ry0iwbpw
[2025-08-10T17:51:59.178Z] [DEBUG] Finding reports to execute in company_ry0iwbpw (current time: 2025-08-10T17:51:59.178Z)
[2025-08-10T17:51:59.252Z] [INFO] Found 0 reports to execute in company_ry0iwbpw
[2025-08-10T17:51:59.252Z] [INFO] Scheduled reports check completed
[2025-08-10T17:51:59.255Z] [DEBUG] MongoDB connection closed
[2025-08-10T17:52:08.204Z] [INFO] Checking for scheduled reports...
[2025-08-10T17:52:09.026Z] [DEBUG] Connected to MongoDB
[2025-08-10T17:52:09.107Z] [INFO] Found 1 company databases
[2025-08-10T17:52:09.108Z] [DEBUG] Processing company database: company_ry0iwbpw
[2025-08-10T17:52:09.181Z] [DEBUG] Finding reports to execute in company_ry0iwbpw (current time: 2025-08-10T17:52:09.181Z)
[2025-08-10T17:52:09.253Z] [INFO] Found 0 reports to execute in company_ry0iwbpw
[2025-08-10T17:52:09.254Z] [INFO] Scheduled reports check completed
[2025-08-10T17:52:09.256Z] [DEBUG] MongoDB connection closed
[2025-08-10T17:52:18.206Z] [INFO] Checking for scheduled reports...
[2025-08-10T17:52:18.997Z] [DEBUG] Connected to MongoDB
[2025-08-10T17:52:19.073Z] [INFO] Found 1 company databases
[2025-08-10T17:52:19.073Z] [DEBUG] Processing company database: company_ry0iwbpw
[2025-08-10T17:52:19.142Z] [DEBUG] Finding reports to execute in company_ry0iwbpw (current time: 2025-08-10T17:52:19.142Z)
[2025-08-10T17:52:19.209Z] [INFO] Found 0 reports to execute in company_ry0iwbpw
[2025-08-10T17:52:19.210Z] [INFO] Scheduled reports check completed
[2025-08-10T17:52:19.212Z] [DEBUG] MongoDB connection closed
[2025-08-10T17:52:28.207Z] [INFO] Checking for scheduled reports...
[2025-08-10T17:52:28.989Z] [DEBUG] Connected to MongoDB
[2025-08-10T17:52:29.069Z] [INFO] Found 1 company databases
[2025-08-10T17:52:29.070Z] [DEBUG] Processing company database: company_ry0iwbpw
[2025-08-10T17:52:29.143Z] [DEBUG] Finding reports to execute in company_ry0iwbpw (current time: 2025-08-10T17:52:29.142Z)
[2025-08-10T17:52:29.215Z] [INFO] Found 0 reports to execute in company_ry0iwbpw
[2025-08-10T17:52:29.215Z] [INFO] Scheduled reports check completed
[2025-08-10T17:52:29.218Z] [DEBUG] MongoDB connection closed
[2025-08-10T17:52:38.209Z] [INFO] Checking for scheduled reports...
[2025-08-10T17:52:39.000Z] [DEBUG] Connected to MongoDB
[2025-08-10T17:52:39.078Z] [INFO] Found 1 company databases
[2025-08-10T17:52:39.078Z] [DEBUG] Processing company database: company_ry0iwbpw
[2025-08-10T17:52:39.148Z] [DEBUG] Finding reports to execute in company_ry0iwbpw (current time: 2025-08-10T17:52:39.148Z)
[2025-08-10T17:52:39.216Z] [INFO] Found 0 reports to execute in company_ry0iwbpw
[2025-08-10T17:52:39.217Z] [INFO] Scheduled reports check completed
[2025-08-10T17:52:39.219Z] [DEBUG] MongoDB connection closed
[2025-08-10T17:52:48.211Z] [INFO] Checking for scheduled reports...
[2025-08-10T17:52:49.044Z] [DEBUG] Connected to MongoDB
[2025-08-10T17:52:49.124Z] [INFO] Found 1 company databases
[2025-08-10T17:52:49.125Z] [DEBUG] Processing company database: company_ry0iwbpw
[2025-08-10T17:52:49.196Z] [DEBUG] Finding reports to execute in company_ry0iwbpw (current time: 2025-08-10T17:52:49.196Z)
[2025-08-10T17:52:49.268Z] [INFO] Found 0 reports to execute in company_ry0iwbpw
[2025-08-10T17:52:49.268Z] [INFO] Scheduled reports check completed
[2025-08-10T17:52:49.270Z] [DEBUG] MongoDB connection closed
[2025-08-10T17:52:58.213Z] [INFO] Checking for scheduled reports...
[2025-08-10T17:52:58.995Z] [DEBUG] Connected to MongoDB
[2025-08-10T17:52:59.076Z] [INFO] Found 1 company databases
[2025-08-10T17:52:59.077Z] [DEBUG] Processing company database: company_ry0iwbpw
[2025-08-10T17:52:59.150Z] [DEBUG] Finding reports to execute in company_ry0iwbpw (current time: 2025-08-10T17:52:59.150Z)
[2025-08-10T17:52:59.224Z] [INFO] Found 0 reports to execute in company_ry0iwbpw
[2025-08-10T17:52:59.225Z] [INFO] Scheduled reports check completed
[2025-08-10T17:52:59.227Z] [DEBUG] MongoDB connection closed
[2025-08-10T17:53:08.215Z] [INFO] Checking for scheduled reports...
[2025-08-10T17:53:08.995Z] [DEBUG] Connected to MongoDB
[2025-08-10T17:53:09.072Z] [INFO] Found 1 company databases
[2025-08-10T17:53:09.072Z] [DEBUG] Processing company database: company_ry0iwbpw
[2025-08-10T17:53:09.142Z] [DEBUG] Finding reports to execute in company_ry0iwbpw (current time: 2025-08-10T17:53:09.141Z)
[2025-08-10T17:53:09.210Z] [INFO] Found 0 reports to execute in company_ry0iwbpw
[2025-08-10T17:53:09.210Z] [INFO] Scheduled reports check completed
[2025-08-10T17:53:09.213Z] [DEBUG] MongoDB connection closed
[2025-08-10T17:53:18.218Z] [INFO] Checking for scheduled reports...
[2025-08-10T17:53:19.035Z] [DEBUG] Connected to MongoDB
[2025-08-10T17:53:19.116Z] [INFO] Found 1 company databases
[2025-08-10T17:53:19.116Z] [DEBUG] Processing company database: company_ry0iwbpw
[2025-08-10T17:53:19.189Z] [DEBUG] Finding reports to execute in company_ry0iwbpw (current time: 2025-08-10T17:53:19.189Z)
[2025-08-10T17:53:19.261Z] [INFO] Found 0 reports to execute in company_ry0iwbpw
[2025-08-10T17:53:19.262Z] [INFO] Scheduled reports check completed
[2025-08-10T17:53:19.265Z] [DEBUG] MongoDB connection closed
[2025-08-10T17:53:28.218Z] [INFO] Checking for scheduled reports...
[2025-08-10T17:53:29.051Z] [DEBUG] Connected to MongoDB
[2025-08-10T17:53:29.132Z] [INFO] Found 1 company databases
[2025-08-10T17:53:29.132Z] [DEBUG] Processing company database: company_ry0iwbpw
[2025-08-10T17:53:29.204Z] [DEBUG] Finding reports to execute in company_ry0iwbpw (current time: 2025-08-10T17:53:29.204Z)
[2025-08-10T17:53:29.275Z] [INFO] Found 0 reports to execute in company_ry0iwbpw
[2025-08-10T17:53:29.276Z] [INFO] Scheduled reports check completed
[2025-08-10T17:53:29.278Z] [DEBUG] MongoDB connection closed
[2025-08-10T17:53:38.219Z] [INFO] Checking for scheduled reports...
[2025-08-10T17:53:39.026Z] [DEBUG] Connected to MongoDB
[2025-08-10T17:53:39.107Z] [INFO] Found 1 company databases
[2025-08-10T17:53:39.107Z] [DEBUG] Processing company database: company_ry0iwbpw
[2025-08-10T17:53:39.180Z] [DEBUG] Finding reports to execute in company_ry0iwbpw (current time: 2025-08-10T17:53:39.180Z)
[2025-08-10T17:53:39.251Z] [INFO] Found 0 reports to execute in company_ry0iwbpw
[2025-08-10T17:53:39.251Z] [INFO] Scheduled reports check completed
[2025-08-10T17:53:39.254Z] [DEBUG] MongoDB connection closed
[2025-08-10T17:53:48.222Z] [INFO] Checking for scheduled reports...
[2025-08-10T17:53:48.991Z] [DEBUG] Connected to MongoDB
[2025-08-10T17:53:49.068Z] [INFO] Found 1 company databases
[2025-08-10T17:53:49.069Z] [DEBUG] Processing company database: company_ry0iwbpw
[2025-08-10T17:53:49.137Z] [DEBUG] Finding reports to execute in company_ry0iwbpw (current time: 2025-08-10T17:53:49.137Z)
[2025-08-10T17:53:49.204Z] [INFO] Found 0 reports to execute in company_ry0iwbpw
[2025-08-10T17:53:49.204Z] [INFO] Scheduled reports check completed
[2025-08-10T17:53:49.206Z] [DEBUG] MongoDB connection closed
[2025-08-10T17:53:58.224Z] [INFO] Checking for scheduled reports...
[2025-08-10T17:53:59.013Z] [DEBUG] Connected to MongoDB
[2025-08-10T17:53:59.091Z] [INFO] Found 1 company databases
[2025-08-10T17:53:59.091Z] [DEBUG] Processing company database: company_ry0iwbpw
[2025-08-10T17:53:59.160Z] [DEBUG] Finding reports to execute in company_ry0iwbpw (current time: 2025-08-10T17:53:59.160Z)
[2025-08-10T17:53:59.228Z] [INFO] Found 0 reports to execute in company_ry0iwbpw
[2025-08-10T17:53:59.228Z] [INFO] Scheduled reports check completed
[2025-08-10T17:53:59.231Z] [DEBUG] MongoDB connection closed
[2025-08-10T17:54:08.226Z] [INFO] Checking for scheduled reports...
[2025-08-10T17:54:09.058Z] [DEBUG] Connected to MongoDB
[2025-08-10T17:54:09.141Z] [INFO] Found 1 company databases
[2025-08-10T17:54:09.142Z] [DEBUG] Processing company database: company_ry0iwbpw
[2025-08-10T17:54:09.214Z] [DEBUG] Finding reports to execute in company_ry0iwbpw (current time: 2025-08-10T17:54:09.214Z)
[2025-08-10T17:54:09.287Z] [INFO] Found 0 reports to execute in company_ry0iwbpw
[2025-08-10T17:54:09.288Z] [INFO] Scheduled reports check completed
[2025-08-10T17:54:09.290Z] [DEBUG] MongoDB connection closed
[2025-08-10T17:54:18.227Z] [INFO] Checking for scheduled reports...
[2025-08-10T17:54:19.006Z] [DEBUG] Connected to MongoDB
[2025-08-10T17:54:19.084Z] [INFO] Found 1 company databases
[2025-08-10T17:54:19.084Z] [DEBUG] Processing company database: company_ry0iwbpw
[2025-08-10T17:54:19.154Z] [DEBUG] Finding reports to execute in company_ry0iwbpw (current time: 2025-08-10T17:54:19.154Z)
[2025-08-10T17:54:19.223Z] [INFO] Found 0 reports to execute in company_ry0iwbpw
[2025-08-10T17:54:19.223Z] [INFO] Scheduled reports check completed
[2025-08-10T17:54:19.225Z] [DEBUG] MongoDB connection closed
[2025-08-10T17:54:28.230Z] [INFO] Checking for scheduled reports...
[2025-08-10T17:54:29.035Z] [DEBUG] Connected to MongoDB
[2025-08-10T17:54:29.115Z] [INFO] Found 1 company databases
[2025-08-10T17:54:29.116Z] [DEBUG] Processing company database: company_ry0iwbpw
[2025-08-10T17:54:29.188Z] [DEBUG] Finding reports to execute in company_ry0iwbpw (current time: 2025-08-10T17:54:29.188Z)
[2025-08-10T17:54:29.261Z] [INFO] Found 0 reports to execute in company_ry0iwbpw
[2025-08-10T17:54:29.262Z] [INFO] Scheduled reports check completed
[2025-08-10T17:54:29.265Z] [DEBUG] MongoDB connection closed
[2025-08-10T17:54:38.232Z] [INFO] Checking for scheduled reports...
[2025-08-10T17:54:38.998Z] [DEBUG] Connected to MongoDB
[2025-08-10T17:54:39.075Z] [INFO] Found 1 company databases
[2025-08-10T17:54:39.075Z] [DEBUG] Processing company database: company_ry0iwbpw
[2025-08-10T17:54:39.144Z] [DEBUG] Finding reports to execute in company_ry0iwbpw (current time: 2025-08-10T17:54:39.144Z)
[2025-08-10T17:54:39.212Z] [INFO] Found 0 reports to execute in company_ry0iwbpw
[2025-08-10T17:54:39.213Z] [INFO] Scheduled reports check completed
[2025-08-10T17:54:39.215Z] [DEBUG] MongoDB connection closed
[2025-08-10T17:54:48.234Z] [INFO] Checking for scheduled reports...
[2025-08-10T17:54:49.049Z] [DEBUG] Connected to MongoDB
[2025-08-10T17:54:49.130Z] [INFO] Found 1 company databases
[2025-08-10T17:54:49.130Z] [DEBUG] Processing company database: company_ry0iwbpw
[2025-08-10T17:54:49.203Z] [DEBUG] Finding reports to execute in company_ry0iwbpw (current time: 2025-08-10T17:54:49.203Z)
[2025-08-10T17:54:49.275Z] [INFO] Found 0 reports to execute in company_ry0iwbpw
[2025-08-10T17:54:49.276Z] [INFO] Scheduled reports check completed
[2025-08-10T17:54:49.279Z] [DEBUG] MongoDB connection closed
[2025-08-10T17:54:58.235Z] [INFO] Checking for scheduled reports...
[2025-08-10T17:54:58.999Z] [DEBUG] Connected to MongoDB
[2025-08-10T17:54:59.075Z] [INFO] Found 1 company databases
[2025-08-10T17:54:59.076Z] [DEBUG] Processing company database: company_ry0iwbpw
[2025-08-10T17:54:59.145Z] [DEBUG] Finding reports to execute in company_ry0iwbpw (current time: 2025-08-10T17:54:59.145Z)
[2025-08-10T17:54:59.214Z] [INFO] Found 0 reports to execute in company_ry0iwbpw
[2025-08-10T17:54:59.214Z] [INFO] Scheduled reports check completed
[2025-08-10T17:54:59.216Z] [DEBUG] MongoDB connection closed
[2025-08-10T17:55:08.236Z] [INFO] Checking for scheduled reports...
[2025-08-10T17:55:09.001Z] [DEBUG] Connected to MongoDB
[2025-08-10T17:55:09.077Z] [INFO] Found 1 company databases
[2025-08-10T17:55:09.078Z] [DEBUG] Processing company database: company_ry0iwbpw
[2025-08-10T17:55:09.146Z] [DEBUG] Finding reports to execute in company_ry0iwbpw (current time: 2025-08-10T17:55:09.146Z)
[2025-08-10T17:55:09.214Z] [INFO] Found 0 reports to execute in company_ry0iwbpw
[2025-08-10T17:55:09.215Z] [INFO] Scheduled reports check completed
[2025-08-10T17:55:09.217Z] [DEBUG] MongoDB connection closed
[2025-08-10T17:55:18.239Z] [INFO] Checking for scheduled reports...
[2025-08-10T17:55:19.063Z] [DEBUG] Connected to MongoDB
[2025-08-10T17:55:19.144Z] [INFO] Found 1 company databases
[2025-08-10T17:55:19.145Z] [DEBUG] Processing company database: company_ry0iwbpw
[2025-08-10T17:55:19.218Z] [DEBUG] Finding reports to execute in company_ry0iwbpw (current time: 2025-08-10T17:55:19.218Z)
[2025-08-10T17:55:19.291Z] [INFO] Found 0 reports to execute in company_ry0iwbpw
[2025-08-10T17:55:19.291Z] [INFO] Scheduled reports check completed
[2025-08-10T17:55:19.294Z] [DEBUG] MongoDB connection closed
[2025-08-10T17:55:28.241Z] [INFO] Checking for scheduled reports...
[2025-08-10T17:55:29.033Z] [DEBUG] Connected to MongoDB
[2025-08-10T17:55:29.110Z] [INFO] Found 1 company databases
[2025-08-10T17:55:29.111Z] [DEBUG] Processing company database: company_ry0iwbpw
[2025-08-10T17:55:29.180Z] [DEBUG] Finding reports to execute in company_ry0iwbpw (current time: 2025-08-10T17:55:29.180Z)
[2025-08-10T17:55:29.248Z] [INFO] Found 0 reports to execute in company_ry0iwbpw
[2025-08-10T17:55:29.249Z] [INFO] Scheduled reports check completed
[2025-08-10T17:55:29.252Z] [DEBUG] MongoDB connection closed
[2025-08-10T17:55:38.242Z] [INFO] Checking for scheduled reports...
[2025-08-10T17:55:39.055Z] [DEBUG] Connected to MongoDB
[2025-08-10T17:55:39.135Z] [INFO] Found 1 company databases
[2025-08-10T17:55:39.135Z] [DEBUG] Processing company database: company_ry0iwbpw
[2025-08-10T17:55:39.207Z] [DEBUG] Finding reports to execute in company_ry0iwbpw (current time: 2025-08-10T17:55:39.207Z)
[2025-08-10T17:55:39.278Z] [INFO] Found 0 reports to execute in company_ry0iwbpw
[2025-08-10T17:55:39.279Z] [INFO] Scheduled reports check completed
[2025-08-10T17:55:39.281Z] [DEBUG] MongoDB connection closed
[2025-08-10T17:55:48.245Z] [INFO] Checking for scheduled reports...
[2025-08-10T17:55:49.030Z] [DEBUG] Connected to MongoDB
[2025-08-10T17:55:49.111Z] [INFO] Found 1 company databases
[2025-08-10T17:55:49.111Z] [DEBUG] Processing company database: company_ry0iwbpw
[2025-08-10T17:55:49.185Z] [DEBUG] Finding reports to execute in company_ry0iwbpw (current time: 2025-08-10T17:55:49.185Z)
[2025-08-10T17:55:49.257Z] [INFO] Found 0 reports to execute in company_ry0iwbpw
[2025-08-10T17:55:49.258Z] [INFO] Scheduled reports check completed
[2025-08-10T17:55:49.261Z] [DEBUG] MongoDB connection closed
[2025-08-10T17:55:58.248Z] [INFO] Checking for scheduled reports...
[2025-08-10T17:55:59.044Z] [DEBUG] Connected to MongoDB
[2025-08-10T17:55:59.119Z] [INFO] Found 1 company databases
[2025-08-10T17:55:59.119Z] [DEBUG] Processing company database: company_ry0iwbpw
[2025-08-10T17:55:59.188Z] [DEBUG] Finding reports to execute in company_ry0iwbpw (current time: 2025-08-10T17:55:59.188Z)
[2025-08-10T17:55:59.255Z] [INFO] Found 0 reports to execute in company_ry0iwbpw
[2025-08-10T17:55:59.256Z] [INFO] Scheduled reports check completed
[2025-08-10T17:55:59.258Z] [DEBUG] MongoDB connection closed
[2025-08-10T17:56:08.249Z] [INFO] Checking for scheduled reports...
[2025-08-10T17:56:09.043Z] [DEBUG] Connected to MongoDB
[2025-08-10T17:56:09.123Z] [INFO] Found 1 company databases
[2025-08-10T17:56:09.123Z] [DEBUG] Processing company database: company_ry0iwbpw
[2025-08-10T17:56:09.196Z] [DEBUG] Finding reports to execute in company_ry0iwbpw (current time: 2025-08-10T17:56:09.196Z)
[2025-08-10T17:56:09.267Z] [INFO] Found 0 reports to execute in company_ry0iwbpw
[2025-08-10T17:56:09.268Z] [INFO] Scheduled reports check completed
[2025-08-10T17:56:09.270Z] [DEBUG] MongoDB connection closed
[2025-08-10T17:56:18.252Z] [INFO] Checking for scheduled reports...
[2025-08-10T17:56:19.195Z] [DEBUG] Connected to MongoDB
[2025-08-10T17:56:19.276Z] [INFO] Found 1 company databases
[2025-08-10T17:56:19.276Z] [DEBUG] Processing company database: company_ry0iwbpw
[2025-08-10T17:56:19.349Z] [DEBUG] Finding reports to execute in company_ry0iwbpw (current time: 2025-08-10T17:56:19.349Z)
[2025-08-10T17:56:19.422Z] [INFO] Found 0 reports to execute in company_ry0iwbpw
[2025-08-10T17:56:19.422Z] [INFO] Scheduled reports check completed
[2025-08-10T17:56:19.424Z] [DEBUG] MongoDB connection closed
[2025-08-10T17:56:28.253Z] [INFO] Checking for scheduled reports...
[2025-08-10T17:56:29.003Z] [DEBUG] Connected to MongoDB
[2025-08-10T17:56:29.078Z] [INFO] Found 1 company databases
[2025-08-10T17:56:29.079Z] [DEBUG] Processing company database: company_ry0iwbpw
[2025-08-10T17:56:29.147Z] [DEBUG] Finding reports to execute in company_ry0iwbpw (current time: 2025-08-10T17:56:29.147Z)
[2025-08-10T17:56:29.213Z] [INFO] Found 0 reports to execute in company_ry0iwbpw
[2025-08-10T17:56:29.214Z] [INFO] Scheduled reports check completed
[2025-08-10T17:56:29.216Z] [DEBUG] MongoDB connection closed
[2025-08-10T17:56:38.256Z] [INFO] Checking for scheduled reports...
[2025-08-10T17:56:39.069Z] [DEBUG] Connected to MongoDB
[2025-08-10T17:56:39.149Z] [INFO] Found 1 company databases
[2025-08-10T17:56:39.150Z] [DEBUG] Processing company database: company_ry0iwbpw
[2025-08-10T17:56:39.221Z] [DEBUG] Finding reports to execute in company_ry0iwbpw (current time: 2025-08-10T17:56:39.221Z)
[2025-08-10T17:56:39.292Z] [INFO] Found 0 reports to execute in company_ry0iwbpw
[2025-08-10T17:56:39.293Z] [INFO] Scheduled reports check completed
[2025-08-10T17:56:39.295Z] [DEBUG] MongoDB connection closed
[2025-08-10T17:56:48.258Z] [INFO] Checking for scheduled reports...
[2025-08-10T17:56:49.078Z] [DEBUG] Connected to MongoDB
[2025-08-10T17:56:49.159Z] [INFO] Found 1 company databases
[2025-08-10T17:56:49.160Z] [DEBUG] Processing company database: company_ry0iwbpw
[2025-08-10T17:56:49.232Z] [DEBUG] Finding reports to execute in company_ry0iwbpw (current time: 2025-08-10T17:56:49.232Z)
[2025-08-10T17:56:49.305Z] [INFO] Found 0 reports to execute in company_ry0iwbpw
[2025-08-10T17:56:49.306Z] [INFO] Scheduled reports check completed
[2025-08-10T17:56:49.309Z] [DEBUG] MongoDB connection closed
[2025-08-10T17:56:58.261Z] [INFO] Checking for scheduled reports...
[2025-08-10T17:56:59.069Z] [DEBUG] Connected to MongoDB
[2025-08-10T17:56:59.148Z] [INFO] Found 1 company databases
[2025-08-10T17:56:59.149Z] [DEBUG] Processing company database: company_ry0iwbpw
[2025-08-10T17:56:59.232Z] [DEBUG] Finding reports to execute in company_ry0iwbpw (current time: 2025-08-10T17:56:59.232Z)
[2025-08-10T17:56:59.306Z] [INFO] Found 0 reports to execute in company_ry0iwbpw
[2025-08-10T17:56:59.306Z] [INFO] Scheduled reports check completed
[2025-08-10T17:56:59.308Z] [DEBUG] MongoDB connection closed
[2025-08-10T17:57:08.263Z] [INFO] Checking for scheduled reports...
[2025-08-10T17:57:09.061Z] [DEBUG] Connected to MongoDB
[2025-08-10T17:57:09.143Z] [INFO] Found 1 company databases
[2025-08-10T17:57:09.144Z] [DEBUG] Processing company database: company_ry0iwbpw
[2025-08-10T17:57:09.217Z] [DEBUG] Finding reports to execute in company_ry0iwbpw (current time: 2025-08-10T17:57:09.217Z)
[2025-08-10T17:57:09.290Z] [INFO] Found 0 reports to execute in company_ry0iwbpw
[2025-08-10T17:57:09.290Z] [INFO] Scheduled reports check completed
[2025-08-10T17:57:09.293Z] [DEBUG] MongoDB connection closed
[2025-08-10T17:57:18.266Z] [INFO] Checking for scheduled reports...
[2025-08-10T17:57:19.083Z] [DEBUG] Connected to MongoDB
[2025-08-10T17:57:19.163Z] [INFO] Found 1 company databases
[2025-08-10T17:57:19.164Z] [DEBUG] Processing company database: company_ry0iwbpw
[2025-08-10T17:57:19.302Z] [DEBUG] Finding reports to execute in company_ry0iwbpw (current time: 2025-08-10T17:57:19.302Z)
[2025-08-10T17:57:19.374Z] [INFO] Found 0 reports to execute in company_ry0iwbpw
[2025-08-10T17:57:19.374Z] [INFO] Scheduled reports check completed
[2025-08-10T17:57:19.376Z] [DEBUG] MongoDB connection closed
[2025-08-10T17:57:28.267Z] [INFO] Checking for scheduled reports...
[2025-08-10T17:57:29.045Z] [DEBUG] Connected to MongoDB
[2025-08-10T17:57:29.125Z] [INFO] Found 1 company databases
[2025-08-10T17:57:29.125Z] [DEBUG] Processing company database: company_ry0iwbpw
[2025-08-10T17:57:29.198Z] [DEBUG] Finding reports to execute in company_ry0iwbpw (current time: 2025-08-10T17:57:29.198Z)
[2025-08-10T17:57:29.269Z] [INFO] Found 0 reports to execute in company_ry0iwbpw
[2025-08-10T17:57:29.270Z] [INFO] Scheduled reports check completed
[2025-08-10T17:57:29.272Z] [DEBUG] MongoDB connection closed
[2025-08-10T17:57:38.269Z] [INFO] Checking for scheduled reports...
[2025-08-10T17:57:39.068Z] [DEBUG] Connected to MongoDB
[2025-08-10T17:57:39.147Z] [INFO] Found 1 company databases
[2025-08-10T17:57:39.148Z] [DEBUG] Processing company database: company_ry0iwbpw
[2025-08-10T17:57:39.220Z] [DEBUG] Finding reports to execute in company_ry0iwbpw (current time: 2025-08-10T17:57:39.220Z)
[2025-08-10T17:57:39.291Z] [INFO] Found 0 reports to execute in company_ry0iwbpw
[2025-08-10T17:57:39.292Z] [INFO] Scheduled reports check completed
[2025-08-10T17:57:39.294Z] [DEBUG] MongoDB connection closed
[2025-08-10T17:57:48.272Z] [INFO] Checking for scheduled reports...
[2025-08-10T17:57:49.079Z] [DEBUG] Connected to MongoDB
[2025-08-10T17:57:49.159Z] [INFO] Found 1 company databases
[2025-08-10T17:57:49.160Z] [DEBUG] Processing company database: company_ry0iwbpw
[2025-08-10T17:57:49.232Z] [DEBUG] Finding reports to execute in company_ry0iwbpw (current time: 2025-08-10T17:57:49.232Z)
[2025-08-10T17:57:49.305Z] [INFO] Found 0 reports to execute in company_ry0iwbpw
[2025-08-10T17:57:49.305Z] [INFO] Scheduled reports check completed
[2025-08-10T17:57:49.307Z] [DEBUG] MongoDB connection closed
[2025-08-10T17:57:58.273Z] [INFO] Checking for scheduled reports...
[2025-08-10T17:57:59.023Z] [DEBUG] Connected to MongoDB
[2025-08-10T17:57:59.099Z] [INFO] Found 1 company databases
[2025-08-10T17:57:59.099Z] [DEBUG] Processing company database: company_ry0iwbpw
[2025-08-10T17:57:59.168Z] [DEBUG] Finding reports to execute in company_ry0iwbpw (current time: 2025-08-10T17:57:59.168Z)
[2025-08-10T17:57:59.236Z] [INFO] Found 0 reports to execute in company_ry0iwbpw
[2025-08-10T17:57:59.237Z] [INFO] Scheduled reports check completed
[2025-08-10T17:57:59.239Z] [DEBUG] MongoDB connection closed
[2025-08-10T17:58:08.274Z] [INFO] Checking for scheduled reports...
[2025-08-10T17:58:09.064Z] [DEBUG] Connected to MongoDB
[2025-08-10T17:58:09.140Z] [INFO] Found 1 company databases
[2025-08-10T17:58:09.141Z] [DEBUG] Processing company database: company_ry0iwbpw
[2025-08-10T17:58:09.210Z] [DEBUG] Finding reports to execute in company_ry0iwbpw (current time: 2025-08-10T17:58:09.210Z)
[2025-08-10T17:58:09.278Z] [INFO] Found 0 reports to execute in company_ry0iwbpw
[2025-08-10T17:58:09.279Z] [INFO] Scheduled reports check completed
[2025-08-10T17:58:09.282Z] [DEBUG] MongoDB connection closed
[2025-08-10T17:58:18.276Z] [INFO] Checking for scheduled reports...
[2025-08-10T17:58:19.063Z] [DEBUG] Connected to MongoDB
[2025-08-10T17:58:19.140Z] [INFO] Found 1 company databases
[2025-08-10T17:58:19.141Z] [DEBUG] Processing company database: company_ry0iwbpw
[2025-08-10T17:58:19.211Z] [DEBUG] Finding reports to execute in company_ry0iwbpw (current time: 2025-08-10T17:58:19.211Z)
[2025-08-10T17:58:19.279Z] [INFO] Found 0 reports to execute in company_ry0iwbpw
[2025-08-10T17:58:19.280Z] [INFO] Scheduled reports check completed
[2025-08-10T17:58:19.283Z] [DEBUG] MongoDB connection closed
[2025-08-10T17:58:28.276Z] [INFO] Checking for scheduled reports...
[2025-08-10T17:58:29.058Z] [DEBUG] Connected to MongoDB
[2025-08-10T17:58:29.134Z] [INFO] Found 1 company databases
[2025-08-10T17:58:29.135Z] [DEBUG] Processing company database: company_ry0iwbpw
[2025-08-10T17:58:29.203Z] [DEBUG] Finding reports to execute in company_ry0iwbpw (current time: 2025-08-10T17:58:29.203Z)
[2025-08-10T17:58:29.269Z] [INFO] Found 0 reports to execute in company_ry0iwbpw
[2025-08-10T17:58:29.270Z] [INFO] Scheduled reports check completed
[2025-08-10T17:58:29.272Z] [DEBUG] MongoDB connection closed
[2025-08-10T17:58:38.278Z] [INFO] Checking for scheduled reports...
[2025-08-10T17:58:39.094Z] [DEBUG] Connected to MongoDB
[2025-08-10T17:58:39.189Z] [INFO] Found 1 company databases
[2025-08-10T17:58:39.189Z] [DEBUG] Processing company database: company_ry0iwbpw
[2025-08-10T17:58:39.262Z] [DEBUG] Finding reports to execute in company_ry0iwbpw (current time: 2025-08-10T17:58:39.262Z)
[2025-08-10T17:58:39.334Z] [INFO] Found 0 reports to execute in company_ry0iwbpw
[2025-08-10T17:58:39.335Z] [INFO] Scheduled reports check completed
[2025-08-10T17:58:39.338Z] [DEBUG] MongoDB connection closed
[2025-08-10T17:58:48.281Z] [INFO] Checking for scheduled reports...
[2025-08-10T17:58:49.053Z] [DEBUG] Connected to MongoDB
[2025-08-10T17:58:49.128Z] [INFO] Found 1 company databases
[2025-08-10T17:58:49.129Z] [DEBUG] Processing company database: company_ry0iwbpw
[2025-08-10T17:58:49.196Z] [DEBUG] Finding reports to execute in company_ry0iwbpw (current time: 2025-08-10T17:58:49.196Z)
[2025-08-10T17:58:49.263Z] [INFO] Found 0 reports to execute in company_ry0iwbpw
[2025-08-10T17:58:49.264Z] [INFO] Scheduled reports check completed
[2025-08-10T17:58:49.266Z] [DEBUG] MongoDB connection closed
[2025-08-10T17:58:58.282Z] [INFO] Checking for scheduled reports...
[2025-08-10T17:58:59.094Z] [DEBUG] Connected to MongoDB
[2025-08-10T17:58:59.176Z] [INFO] Found 1 company databases
[2025-08-10T17:58:59.176Z] [DEBUG] Processing company database: company_ry0iwbpw
[2025-08-10T17:58:59.249Z] [DEBUG] Finding reports to execute in company_ry0iwbpw (current time: 2025-08-10T17:58:59.249Z)
[2025-08-10T17:58:59.324Z] [INFO] Found 0 reports to execute in company_ry0iwbpw
[2025-08-10T17:58:59.325Z] [INFO] Scheduled reports check completed
[2025-08-10T17:58:59.327Z] [DEBUG] MongoDB connection closed
[2025-08-10T17:59:08.285Z] [INFO] Checking for scheduled reports...
[2025-08-10T17:59:09.101Z] [DEBUG] Connected to MongoDB
[2025-08-10T17:59:09.181Z] [INFO] Found 1 company databases
[2025-08-10T17:59:09.182Z] [DEBUG] Processing company database: company_ry0iwbpw
[2025-08-10T17:59:09.254Z] [DEBUG] Finding reports to execute in company_ry0iwbpw (current time: 2025-08-10T17:59:09.254Z)
[2025-08-10T17:59:09.327Z] [INFO] Found 0 reports to execute in company_ry0iwbpw
[2025-08-10T17:59:09.328Z] [INFO] Scheduled reports check completed
[2025-08-10T17:59:09.330Z] [DEBUG] MongoDB connection closed
[2025-08-10T17:59:18.286Z] [INFO] Checking for scheduled reports...
[2025-08-10T17:59:19.082Z] [DEBUG] Connected to MongoDB
[2025-08-10T17:59:19.162Z] [INFO] Found 1 company databases
[2025-08-10T17:59:19.162Z] [DEBUG] Processing company database: company_ry0iwbpw
[2025-08-10T17:59:19.234Z] [DEBUG] Finding reports to execute in company_ry0iwbpw (current time: 2025-08-10T17:59:19.234Z)
[2025-08-10T17:59:19.305Z] [INFO] Found 0 reports to execute in company_ry0iwbpw
[2025-08-10T17:59:19.306Z] [INFO] Scheduled reports check completed
[2025-08-10T17:59:19.308Z] [DEBUG] MongoDB connection closed
[2025-08-10T17:59:28.286Z] [INFO] Checking for scheduled reports...
[2025-08-10T17:59:29.059Z] [DEBUG] Connected to MongoDB
[2025-08-10T17:59:29.137Z] [INFO] Found 1 company databases
[2025-08-10T17:59:29.137Z] [DEBUG] Processing company database: company_ry0iwbpw
[2025-08-10T17:59:29.206Z] [DEBUG] Finding reports to execute in company_ry0iwbpw (current time: 2025-08-10T17:59:29.206Z)
[2025-08-10T17:59:29.274Z] [INFO] Found 0 reports to execute in company_ry0iwbpw
[2025-08-10T17:59:29.275Z] [INFO] Scheduled reports check completed
[2025-08-10T17:59:29.277Z] [DEBUG] MongoDB connection closed
[2025-08-10T17:59:38.286Z] [INFO] Checking for scheduled reports...
[2025-08-10T17:59:39.062Z] [DEBUG] Connected to MongoDB
[2025-08-10T17:59:39.137Z] [INFO] Found 1 company databases
[2025-08-10T17:59:39.138Z] [DEBUG] Processing company database: company_ry0iwbpw
[2025-08-10T17:59:39.205Z] [DEBUG] Finding reports to execute in company_ry0iwbpw (current time: 2025-08-10T17:59:39.205Z)
[2025-08-10T17:59:39.273Z] [INFO] Found 0 reports to execute in company_ry0iwbpw
[2025-08-10T17:59:39.273Z] [INFO] Scheduled reports check completed
[2025-08-10T17:59:39.275Z] [DEBUG] MongoDB connection closed
[2025-08-10T17:59:48.286Z] [INFO] Checking for scheduled reports...
[2025-08-10T17:59:49.107Z] [DEBUG] Connected to MongoDB
[2025-08-10T17:59:49.187Z] [INFO] Found 1 company databases
[2025-08-10T17:59:49.188Z] [DEBUG] Processing company database: company_ry0iwbpw
[2025-08-10T17:59:49.260Z] [DEBUG] Finding reports to execute in company_ry0iwbpw (current time: 2025-08-10T17:59:49.260Z)
[2025-08-10T17:59:49.331Z] [INFO] Found 0 reports to execute in company_ry0iwbpw
[2025-08-10T17:59:49.332Z] [INFO] Scheduled reports check completed
[2025-08-10T17:59:49.334Z] [DEBUG] MongoDB connection closed
[2025-08-10T17:59:58.289Z] [INFO] Checking for scheduled reports...
[2025-08-10T17:59:59.095Z] [DEBUG] Connected to MongoDB
[2025-08-10T17:59:59.175Z] [INFO] Found 1 company databases
[2025-08-10T17:59:59.176Z] [DEBUG] Processing company database: company_ry0iwbpw
[2025-08-10T17:59:59.249Z] [DEBUG] Finding reports to execute in company_ry0iwbpw (current time: 2025-08-10T17:59:59.249Z)
[2025-08-10T17:59:59.325Z] [INFO] Found 0 reports to execute in company_ry0iwbpw
[2025-08-10T17:59:59.326Z] [INFO] Scheduled reports check completed
[2025-08-10T17:59:59.329Z] [DEBUG] MongoDB connection closed
[2025-08-10T18:00:08.291Z] [INFO] Checking for scheduled reports...
[2025-08-10T18:00:09.082Z] [DEBUG] Connected to MongoDB
[2025-08-10T18:00:09.158Z] [INFO] Found 1 company databases
[2025-08-10T18:00:09.159Z] [DEBUG] Processing company database: company_ry0iwbpw
[2025-08-10T18:00:09.228Z] [DEBUG] Finding reports to execute in company_ry0iwbpw (current time: 2025-08-10T18:00:09.228Z)
[2025-08-10T18:00:09.297Z] [INFO] Found 0 reports to execute in company_ry0iwbpw
[2025-08-10T18:00:09.297Z] [INFO] Scheduled reports check completed
[2025-08-10T18:00:09.299Z] [DEBUG] MongoDB connection closed
[2025-08-10T18:00:18.293Z] [INFO] Checking for scheduled reports...
[2025-08-10T18:00:19.109Z] [DEBUG] Connected to MongoDB
[2025-08-10T18:00:19.189Z] [INFO] Found 1 company databases
[2025-08-10T18:00:19.190Z] [DEBUG] Processing company database: company_ry0iwbpw
[2025-08-10T18:00:19.263Z] [DEBUG] Finding reports to execute in company_ry0iwbpw (current time: 2025-08-10T18:00:19.263Z)
[2025-08-10T18:00:19.335Z] [INFO] Found 0 reports to execute in company_ry0iwbpw
[2025-08-10T18:00:19.336Z] [INFO] Scheduled reports check completed
[2025-08-10T18:00:19.339Z] [DEBUG] MongoDB connection closed
[2025-08-10T18:00:28.295Z] [INFO] Checking for scheduled reports...
[2025-08-10T18:00:29.055Z] [DEBUG] Connected to MongoDB
[2025-08-10T18:00:29.132Z] [INFO] Found 1 company databases
[2025-08-10T18:00:29.133Z] [DEBUG] Processing company database: company_ry0iwbpw
[2025-08-10T18:00:29.202Z] [DEBUG] Finding reports to execute in company_ry0iwbpw (current time: 2025-08-10T18:00:29.202Z)
[2025-08-10T18:00:29.269Z] [INFO] Found 0 reports to execute in company_ry0iwbpw
[2025-08-10T18:00:29.270Z] [INFO] Scheduled reports check completed
[2025-08-10T18:00:29.271Z] [DEBUG] MongoDB connection closed
[2025-08-10T18:00:38.295Z] [INFO] Checking for scheduled reports...
[2025-08-10T18:00:39.097Z] [DEBUG] Connected to MongoDB
[2025-08-10T18:00:39.177Z] [INFO] Found 1 company databases
[2025-08-10T18:00:39.178Z] [DEBUG] Processing company database: company_ry0iwbpw
[2025-08-10T18:00:39.251Z] [DEBUG] Finding reports to execute in company_ry0iwbpw (current time: 2025-08-10T18:00:39.251Z)
[2025-08-10T18:00:39.323Z] [INFO] Found 0 reports to execute in company_ry0iwbpw
[2025-08-10T18:00:39.323Z] [INFO] Scheduled reports check completed
[2025-08-10T18:00:39.326Z] [DEBUG] MongoDB connection closed
[2025-08-10T18:00:48.296Z] [INFO] Checking for scheduled reports...
[2025-08-10T18:00:49.056Z] [DEBUG] Connected to MongoDB
[2025-08-10T18:00:49.133Z] [INFO] Found 1 company databases
[2025-08-10T18:00:49.134Z] [DEBUG] Processing company database: company_ry0iwbpw
[2025-08-10T18:00:49.203Z] [DEBUG] Finding reports to execute in company_ry0iwbpw (current time: 2025-08-10T18:00:49.203Z)
[2025-08-10T18:00:49.272Z] [INFO] Found 0 reports to execute in company_ry0iwbpw
[2025-08-10T18:00:49.273Z] [INFO] Scheduled reports check completed
[2025-08-10T18:00:49.275Z] [DEBUG] MongoDB connection closed
[2025-08-10T18:00:58.298Z] [INFO] Checking for scheduled reports...
[2025-08-10T18:00:59.123Z] [DEBUG] Connected to MongoDB
[2025-08-10T18:00:59.204Z] [INFO] Found 1 company databases
[2025-08-10T18:00:59.205Z] [DEBUG] Processing company database: company_ry0iwbpw
[2025-08-10T18:00:59.280Z] [DEBUG] Finding reports to execute in company_ry0iwbpw (current time: 2025-08-10T18:00:59.280Z)
[2025-08-10T18:00:59.352Z] [INFO] Found 0 reports to execute in company_ry0iwbpw
[2025-08-10T18:00:59.353Z] [INFO] Scheduled reports check completed
[2025-08-10T18:00:59.355Z] [DEBUG] MongoDB connection closed
[2025-08-10T18:01:08.300Z] [INFO] Checking for scheduled reports...
[2025-08-10T18:01:09.110Z] [DEBUG] Connected to MongoDB
[2025-08-10T18:01:09.191Z] [INFO] Found 1 company databases
[2025-08-10T18:01:09.192Z] [DEBUG] Processing company database: company_ry0iwbpw
[2025-08-10T18:01:09.267Z] [DEBUG] Finding reports to execute in company_ry0iwbpw (current time: 2025-08-10T18:01:09.267Z)
[2025-08-10T18:01:09.339Z] [INFO] Found 0 reports to execute in company_ry0iwbpw
[2025-08-10T18:01:09.340Z] [INFO] Scheduled reports check completed
[2025-08-10T18:01:09.342Z] [DEBUG] MongoDB connection closed
[2025-08-10T18:01:18.302Z] [INFO] Checking for scheduled reports...
[2025-08-10T18:01:19.049Z] [DEBUG] Connected to MongoDB
[2025-08-10T18:01:19.126Z] [INFO] Found 1 company databases
[2025-08-10T18:01:19.127Z] [DEBUG] Processing company database: company_ry0iwbpw
[2025-08-10T18:01:19.194Z] [DEBUG] Finding reports to execute in company_ry0iwbpw (current time: 2025-08-10T18:01:19.194Z)
[2025-08-10T18:01:19.261Z] [INFO] Found 0 reports to execute in company_ry0iwbpw
[2025-08-10T18:01:19.262Z] [INFO] Scheduled reports check completed
[2025-08-10T18:01:19.264Z] [DEBUG] MongoDB connection closed
[2025-08-10T18:01:28.304Z] [INFO] Checking for scheduled reports...
[2025-08-10T18:01:29.083Z] [DEBUG] Connected to MongoDB
[2025-08-10T18:01:29.159Z] [INFO] Found 1 company databases
[2025-08-10T18:01:29.160Z] [DEBUG] Processing company database: company_ry0iwbpw
[2025-08-10T18:01:29.227Z] [DEBUG] Finding reports to execute in company_ry0iwbpw (current time: 2025-08-10T18:01:29.227Z)
[2025-08-10T18:01:29.295Z] [INFO] Found 0 reports to execute in company_ry0iwbpw
[2025-08-10T18:01:29.296Z] [INFO] Scheduled reports check completed
[2025-08-10T18:01:29.298Z] [DEBUG] MongoDB connection closed
[2025-08-10T18:01:38.307Z] [INFO] Checking for scheduled reports...
[2025-08-10T18:01:39.080Z] [DEBUG] Connected to MongoDB
[2025-08-10T18:01:39.157Z] [INFO] Found 1 company databases
[2025-08-10T18:01:39.158Z] [DEBUG] Processing company database: company_ry0iwbpw
[2025-08-10T18:01:39.227Z] [DEBUG] Finding reports to execute in company_ry0iwbpw (current time: 2025-08-10T18:01:39.227Z)
[2025-08-10T18:01:39.294Z] [INFO] Found 0 reports to execute in company_ry0iwbpw
[2025-08-10T18:01:39.295Z] [INFO] Scheduled reports check completed
[2025-08-10T18:01:39.297Z] [DEBUG] MongoDB connection closed
[2025-08-10T18:01:48.308Z] [INFO] Checking for scheduled reports...
[2025-08-10T18:01:49.102Z] [DEBUG] Connected to MongoDB
[2025-08-10T18:01:49.186Z] [INFO] Found 1 company databases
[2025-08-10T18:01:49.187Z] [DEBUG] Processing company database: company_ry0iwbpw
[2025-08-10T18:01:49.260Z] [DEBUG] Finding reports to execute in company_ry0iwbpw (current time: 2025-08-10T18:01:49.260Z)
[2025-08-10T18:01:49.333Z] [INFO] Found 0 reports to execute in company_ry0iwbpw
[2025-08-10T18:01:49.334Z] [INFO] Scheduled reports check completed
[2025-08-10T18:01:49.336Z] [DEBUG] MongoDB connection closed
[2025-08-10T18:01:58.310Z] [INFO] Checking for scheduled reports...
[2025-08-10T18:01:59.118Z] [DEBUG] Connected to MongoDB
[2025-08-10T18:01:59.199Z] [INFO] Found 1 company databases
[2025-08-10T18:01:59.199Z] [DEBUG] Processing company database: company_ry0iwbpw
[2025-08-10T18:01:59.274Z] [DEBUG] Finding reports to execute in company_ry0iwbpw (current time: 2025-08-10T18:01:59.274Z)
[2025-08-10T18:01:59.348Z] [INFO] Found 0 reports to execute in company_ry0iwbpw
[2025-08-10T18:01:59.349Z] [INFO] Scheduled reports check completed
[2025-08-10T18:01:59.351Z] [DEBUG] MongoDB connection closed
[2025-08-10T18:02:08.312Z] [INFO] Checking for scheduled reports...
[2025-08-10T18:02:09.092Z] [DEBUG] Connected to MongoDB
[2025-08-10T18:02:09.168Z] [INFO] Found 1 company databases
[2025-08-10T18:02:09.168Z] [DEBUG] Processing company database: company_ry0iwbpw
[2025-08-10T18:02:09.237Z] [DEBUG] Finding reports to execute in company_ry0iwbpw (current time: 2025-08-10T18:02:09.237Z)
[2025-08-10T18:02:09.306Z] [INFO] Found 0 reports to execute in company_ry0iwbpw
[2025-08-10T18:02:09.307Z] [INFO] Scheduled reports check completed
[2025-08-10T18:02:09.309Z] [DEBUG] MongoDB connection closed
[2025-08-10T18:02:18.314Z] [INFO] Checking for scheduled reports...
[2025-08-10T18:02:19.125Z] [DEBUG] Connected to MongoDB
[2025-08-10T18:02:19.206Z] [INFO] Found 1 company databases
[2025-08-10T18:02:19.206Z] [DEBUG] Processing company database: company_ry0iwbpw
[2025-08-10T18:02:19.279Z] [DEBUG] Finding reports to execute in company_ry0iwbpw (current time: 2025-08-10T18:02:19.279Z)
[2025-08-10T18:02:19.352Z] [INFO] Found 0 reports to execute in company_ry0iwbpw
[2025-08-10T18:02:19.352Z] [INFO] Scheduled reports check completed
[2025-08-10T18:02:19.355Z] [DEBUG] MongoDB connection closed
[2025-08-10T18:02:28.316Z] [INFO] Checking for scheduled reports...
[2025-08-10T18:02:29.116Z] [DEBUG] Connected to MongoDB
[2025-08-10T18:02:29.198Z] [INFO] Found 1 company databases
[2025-08-10T18:02:29.198Z] [DEBUG] Processing company database: company_ry0iwbpw
[2025-08-10T18:02:29.272Z] [DEBUG] Finding reports to execute in company_ry0iwbpw (current time: 2025-08-10T18:02:29.272Z)
[2025-08-10T18:02:29.343Z] [INFO] Found 0 reports to execute in company_ry0iwbpw
[2025-08-10T18:02:29.344Z] [INFO] Scheduled reports check completed
[2025-08-10T18:02:29.346Z] [DEBUG] MongoDB connection closed
[2025-08-10T18:02:38.316Z] [INFO] Checking for scheduled reports...
[2025-08-10T18:02:39.088Z] [DEBUG] Connected to MongoDB
[2025-08-10T18:02:39.163Z] [INFO] Found 1 company databases
[2025-08-10T18:02:39.164Z] [DEBUG] Processing company database: company_ry0iwbpw
[2025-08-10T18:02:39.231Z] [DEBUG] Finding reports to execute in company_ry0iwbpw (current time: 2025-08-10T18:02:39.231Z)
[2025-08-10T18:02:39.298Z] [INFO] Found 0 reports to execute in company_ry0iwbpw
[2025-08-10T18:02:39.299Z] [INFO] Scheduled reports check completed
[2025-08-10T18:02:39.301Z] [DEBUG] MongoDB connection closed
[2025-08-10T18:02:48.318Z] [INFO] Checking for scheduled reports...
[2025-08-10T18:02:49.136Z] [DEBUG] Connected to MongoDB
[2025-08-10T18:02:49.217Z] [INFO] Found 1 company databases
[2025-08-10T18:02:49.217Z] [DEBUG] Processing company database: company_ry0iwbpw
[2025-08-10T18:02:49.290Z] [DEBUG] Finding reports to execute in company_ry0iwbpw (current time: 2025-08-10T18:02:49.290Z)
[2025-08-10T18:02:49.363Z] [INFO] Found 0 reports to execute in company_ry0iwbpw
[2025-08-10T18:02:49.364Z] [INFO] Scheduled reports check completed
[2025-08-10T18:02:49.366Z] [DEBUG] MongoDB connection closed
[2025-08-10T18:02:58.320Z] [INFO] Checking for scheduled reports...
[2025-08-10T18:02:59.122Z] [DEBUG] Connected to MongoDB
[2025-08-10T18:02:59.203Z] [INFO] Found 1 company databases
[2025-08-10T18:02:59.204Z] [DEBUG] Processing company database: company_ry0iwbpw
[2025-08-10T18:02:59.278Z] [DEBUG] Finding reports to execute in company_ry0iwbpw (current time: 2025-08-10T18:02:59.278Z)
[2025-08-10T18:02:59.349Z] [INFO] Found 0 reports to execute in company_ry0iwbpw
[2025-08-10T18:02:59.350Z] [INFO] Scheduled reports check completed
[2025-08-10T18:02:59.352Z] [DEBUG] MongoDB connection closed
[2025-08-10T18:03:08.321Z] [INFO] Checking for scheduled reports...
[2025-08-10T18:03:09.126Z] [DEBUG] Connected to MongoDB
[2025-08-10T18:03:09.207Z] [INFO] Found 1 company databases
[2025-08-10T18:03:09.208Z] [DEBUG] Processing company database: company_ry0iwbpw
[2025-08-10T18:03:09.280Z] [DEBUG] Finding reports to execute in company_ry0iwbpw (current time: 2025-08-10T18:03:09.280Z)
[2025-08-10T18:03:09.351Z] [INFO] Found 0 reports to execute in company_ry0iwbpw
[2025-08-10T18:03:09.352Z] [INFO] Scheduled reports check completed
[2025-08-10T18:03:09.354Z] [DEBUG] MongoDB connection closed
[2025-08-10T18:03:18.322Z] [INFO] Checking for scheduled reports...
[2025-08-10T18:03:19.137Z] [DEBUG] Connected to MongoDB
[2025-08-10T18:03:19.217Z] [INFO] Found 1 company databases
[2025-08-10T18:03:19.218Z] [DEBUG] Processing company database: company_ry0iwbpw
[2025-08-10T18:03:19.289Z] [DEBUG] Finding reports to execute in company_ry0iwbpw (current time: 2025-08-10T18:03:19.289Z)
[2025-08-10T18:03:19.361Z] [INFO] Found 0 reports to execute in company_ry0iwbpw
[2025-08-10T18:03:19.361Z] [INFO] Scheduled reports check completed
[2025-08-10T18:03:19.363Z] [DEBUG] MongoDB connection closed
[2025-08-10T18:03:28.325Z] [INFO] Checking for scheduled reports...
[2025-08-10T18:03:29.125Z] [DEBUG] Connected to MongoDB
[2025-08-10T18:03:29.206Z] [INFO] Found 1 company databases
[2025-08-10T18:03:29.207Z] [DEBUG] Processing company database: company_ry0iwbpw
[2025-08-10T18:03:29.280Z] [DEBUG] Finding reports to execute in company_ry0iwbpw (current time: 2025-08-10T18:03:29.280Z)
[2025-08-10T18:03:29.352Z] [INFO] Found 0 reports to execute in company_ry0iwbpw
[2025-08-10T18:03:29.353Z] [INFO] Scheduled reports check completed
[2025-08-10T18:03:29.355Z] [DEBUG] MongoDB connection closed
[2025-08-10T18:03:38.328Z] [INFO] Checking for scheduled reports...
[2025-08-10T18:03:39.129Z] [DEBUG] Connected to MongoDB
[2025-08-10T18:03:39.208Z] [INFO] Found 1 company databases
[2025-08-10T18:03:39.209Z] [DEBUG] Processing company database: company_ry0iwbpw
[2025-08-10T18:03:39.285Z] [DEBUG] Finding reports to execute in company_ry0iwbpw (current time: 2025-08-10T18:03:39.285Z)
[2025-08-10T18:03:39.356Z] [INFO] Found 0 reports to execute in company_ry0iwbpw
[2025-08-10T18:03:39.357Z] [INFO] Scheduled reports check completed
[2025-08-10T18:03:39.360Z] [DEBUG] MongoDB connection closed
[2025-08-10T18:03:48.329Z] [INFO] Checking for scheduled reports...
[2025-08-10T18:03:49.143Z] [DEBUG] Connected to MongoDB
[2025-08-10T18:03:49.224Z] [INFO] Found 1 company databases
[2025-08-10T18:03:49.225Z] [DEBUG] Processing company database: company_ry0iwbpw
[2025-08-10T18:03:49.297Z] [DEBUG] Finding reports to execute in company_ry0iwbpw (current time: 2025-08-10T18:03:49.297Z)
[2025-08-10T18:03:49.371Z] [INFO] Found 0 reports to execute in company_ry0iwbpw
[2025-08-10T18:03:49.372Z] [INFO] Scheduled reports check completed
[2025-08-10T18:03:49.374Z] [DEBUG] MongoDB connection closed
[2025-08-10T18:03:58.331Z] [INFO] Checking for scheduled reports...
[2025-08-10T18:03:59.119Z] [DEBUG] Connected to MongoDB
[2025-08-10T18:03:59.200Z] [INFO] Found 1 company databases
[2025-08-10T18:03:59.200Z] [DEBUG] Processing company database: company_ry0iwbpw
[2025-08-10T18:03:59.272Z] [DEBUG] Finding reports to execute in company_ry0iwbpw (current time: 2025-08-10T18:03:59.272Z)
[2025-08-10T18:03:59.344Z] [INFO] Found 0 reports to execute in company_ry0iwbpw
[2025-08-10T18:03:59.345Z] [INFO] Scheduled reports check completed
[2025-08-10T18:03:59.348Z] [DEBUG] MongoDB connection closed
[2025-08-10T18:04:08.334Z] [INFO] Checking for scheduled reports...
[2025-08-10T18:04:09.167Z] [DEBUG] Connected to MongoDB
[2025-08-10T18:04:09.248Z] [INFO] Found 1 company databases
[2025-08-10T18:04:09.248Z] [DEBUG] Processing company database: company_ry0iwbpw
[2025-08-10T18:04:09.323Z] [DEBUG] Finding reports to execute in company_ry0iwbpw (current time: 2025-08-10T18:04:09.323Z)
[2025-08-10T18:04:09.394Z] [INFO] Found 0 reports to execute in company_ry0iwbpw
[2025-08-10T18:04:09.395Z] [INFO] Scheduled reports check completed
[2025-08-10T18:04:09.397Z] [DEBUG] MongoDB connection closed
[2025-08-10T18:04:18.336Z] [INFO] Checking for scheduled reports...
[2025-08-10T18:04:19.155Z] [DEBUG] Connected to MongoDB
[2025-08-10T18:04:19.235Z] [INFO] Found 1 company databases
[2025-08-10T18:04:19.235Z] [DEBUG] Processing company database: company_ry0iwbpw
[2025-08-10T18:04:19.309Z] [DEBUG] Finding reports to execute in company_ry0iwbpw (current time: 2025-08-10T18:04:19.309Z)
[2025-08-10T18:04:19.381Z] [INFO] Found 0 reports to execute in company_ry0iwbpw
[2025-08-10T18:04:19.382Z] [INFO] Scheduled reports check completed
[2025-08-10T18:04:19.385Z] [DEBUG] MongoDB connection closed
[2025-08-10T18:04:28.337Z] [INFO] Checking for scheduled reports...
[2025-08-10T18:04:29.108Z] [DEBUG] Connected to MongoDB
[2025-08-10T18:04:29.188Z] [INFO] Found 1 company databases
[2025-08-10T18:04:29.189Z] [DEBUG] Processing company database: company_ry0iwbpw
[2025-08-10T18:04:29.261Z] [DEBUG] Finding reports to execute in company_ry0iwbpw (current time: 2025-08-10T18:04:29.261Z)
[2025-08-10T18:04:29.331Z] [INFO] Found 0 reports to execute in company_ry0iwbpw
[2025-08-10T18:04:29.332Z] [INFO] Scheduled reports check completed
[2025-08-10T18:04:29.335Z] [DEBUG] MongoDB connection closed
[2025-08-10T18:04:38.339Z] [INFO] Checking for scheduled reports...
[2025-08-10T18:04:39.102Z] [DEBUG] Connected to MongoDB
[2025-08-10T18:04:39.178Z] [INFO] Found 1 company databases
[2025-08-10T18:04:39.178Z] [DEBUG] Processing company database: company_ry0iwbpw
[2025-08-10T18:04:39.246Z] [DEBUG] Finding reports to execute in company_ry0iwbpw (current time: 2025-08-10T18:04:39.246Z)
[2025-08-10T18:04:39.313Z] [INFO] Found 0 reports to execute in company_ry0iwbpw
[2025-08-10T18:04:39.313Z] [INFO] Scheduled reports check completed
[2025-08-10T18:04:39.315Z] [DEBUG] MongoDB connection closed
[2025-08-10T18:04:48.340Z] [INFO] Checking for scheduled reports...
[2025-08-10T18:04:49.148Z] [DEBUG] Connected to MongoDB
[2025-08-10T18:04:49.227Z] [INFO] Found 1 company databases
[2025-08-10T18:04:49.228Z] [DEBUG] Processing company database: company_ry0iwbpw
[2025-08-10T18:04:49.300Z] [DEBUG] Finding reports to execute in company_ry0iwbpw (current time: 2025-08-10T18:04:49.300Z)
[2025-08-10T18:04:49.371Z] [INFO] Found 0 reports to execute in company_ry0iwbpw
[2025-08-10T18:04:49.371Z] [INFO] Scheduled reports check completed
[2025-08-10T18:04:49.373Z] [DEBUG] MongoDB connection closed
[2025-08-10T18:04:58.340Z] [INFO] Checking for scheduled reports...
[2025-08-10T18:04:59.156Z] [DEBUG] Connected to MongoDB
[2025-08-10T18:04:59.237Z] [INFO] Found 1 company databases
[2025-08-10T18:04:59.237Z] [DEBUG] Processing company database: company_ry0iwbpw
[2025-08-10T18:04:59.310Z] [DEBUG] Finding reports to execute in company_ry0iwbpw (current time: 2025-08-10T18:04:59.310Z)
[2025-08-10T18:04:59.383Z] [INFO] Found 0 reports to execute in company_ry0iwbpw
[2025-08-10T18:04:59.384Z] [INFO] Scheduled reports check completed
[2025-08-10T18:04:59.386Z] [DEBUG] MongoDB connection closed
[2025-08-10T18:05:08.341Z] [INFO] Checking for scheduled reports...
[2025-08-10T18:05:09.121Z] [DEBUG] Connected to MongoDB
[2025-08-10T18:05:09.196Z] [INFO] Found 1 company databases
[2025-08-10T18:05:09.197Z] [DEBUG] Processing company database: company_ry0iwbpw
[2025-08-10T18:05:09.265Z] [DEBUG] Finding reports to execute in company_ry0iwbpw (current time: 2025-08-10T18:05:09.265Z)
[2025-08-10T18:05:09.331Z] [INFO] Found 0 reports to execute in company_ry0iwbpw
[2025-08-10T18:05:09.332Z] [INFO] Scheduled reports check completed
[2025-08-10T18:05:09.334Z] [DEBUG] MongoDB connection closed
[2025-08-10T18:05:18.344Z] [INFO] Checking for scheduled reports...
[2025-08-10T18:05:19.146Z] [DEBUG] Connected to MongoDB
[2025-08-10T18:05:19.226Z] [INFO] Found 1 company databases
[2025-08-10T18:05:19.227Z] [DEBUG] Processing company database: company_ry0iwbpw
[2025-08-10T18:05:19.301Z] [DEBUG] Finding reports to execute in company_ry0iwbpw (current time: 2025-08-10T18:05:19.300Z)
[2025-08-10T18:05:19.374Z] [INFO] Found 0 reports to execute in company_ry0iwbpw
[2025-08-10T18:05:19.375Z] [INFO] Scheduled reports check completed
[2025-08-10T18:05:19.377Z] [DEBUG] MongoDB connection closed
[2025-08-10T18:05:28.347Z] [INFO] Checking for scheduled reports...
[2025-08-10T18:05:29.166Z] [DEBUG] Connected to MongoDB
[2025-08-10T18:05:29.245Z] [INFO] Found 1 company databases
[2025-08-10T18:05:29.246Z] [DEBUG] Processing company database: company_ry0iwbpw
[2025-08-10T18:05:29.317Z] [DEBUG] Finding reports to execute in company_ry0iwbpw (current time: 2025-08-10T18:05:29.317Z)
[2025-08-10T18:05:29.387Z] [INFO] Found 0 reports to execute in company_ry0iwbpw
[2025-08-10T18:05:29.388Z] [INFO] Scheduled reports check completed
[2025-08-10T18:05:29.390Z] [DEBUG] MongoDB connection closed
[2025-08-10T18:05:38.349Z] [INFO] Checking for scheduled reports...
[2025-08-10T18:05:39.154Z] [DEBUG] Connected to MongoDB
[2025-08-10T18:05:39.231Z] [INFO] Found 1 company databases
[2025-08-10T18:05:39.232Z] [DEBUG] Processing company database: company_ry0iwbpw
[2025-08-10T18:05:39.302Z] [DEBUG] Finding reports to execute in company_ry0iwbpw (current time: 2025-08-10T18:05:39.302Z)
[2025-08-10T18:05:39.370Z] [INFO] Found 0 reports to execute in company_ry0iwbpw
[2025-08-10T18:05:39.371Z] [INFO] Scheduled reports check completed
[2025-08-10T18:05:39.373Z] [DEBUG] MongoDB connection closed
[2025-08-10T18:05:48.350Z] [INFO] Checking for scheduled reports...
[2025-08-10T18:05:49.152Z] [DEBUG] Connected to MongoDB
[2025-08-10T18:05:49.233Z] [INFO] Found 1 company databases
[2025-08-10T18:05:49.233Z] [DEBUG] Processing company database: company_ry0iwbpw
[2025-08-10T18:05:49.306Z] [DEBUG] Finding reports to execute in company_ry0iwbpw (current time: 2025-08-10T18:05:49.306Z)
[2025-08-10T18:05:49.378Z] [INFO] Found 0 reports to execute in company_ry0iwbpw
[2025-08-10T18:05:49.378Z] [INFO] Scheduled reports check completed
[2025-08-10T18:05:49.380Z] [DEBUG] MongoDB connection closed
[2025-08-10T18:05:58.351Z] [INFO] Checking for scheduled reports...
[2025-08-10T18:05:59.128Z] [DEBUG] Connected to MongoDB
[2025-08-10T18:05:59.204Z] [INFO] Found 1 company databases
[2025-08-10T18:05:59.205Z] [DEBUG] Processing company database: company_ry0iwbpw
[2025-08-10T18:05:59.273Z] [DEBUG] Finding reports to execute in company_ry0iwbpw (current time: 2025-08-10T18:05:59.273Z)
[2025-08-10T18:05:59.342Z] [INFO] Found 0 reports to execute in company_ry0iwbpw
[2025-08-10T18:05:59.342Z] [INFO] Scheduled reports check completed
[2025-08-10T18:05:59.344Z] [DEBUG] MongoDB connection closed
[2025-08-10T18:06:08.352Z] [INFO] Checking for scheduled reports...
[2025-08-10T18:06:09.127Z] [DEBUG] Connected to MongoDB
[2025-08-10T18:06:09.204Z] [INFO] Found 1 company databases
[2025-08-10T18:06:09.204Z] [DEBUG] Processing company database: company_ry0iwbpw
[2025-08-10T18:06:09.273Z] [DEBUG] Finding reports to execute in company_ry0iwbpw (current time: 2025-08-10T18:06:09.273Z)
[2025-08-10T18:06:09.341Z] [INFO] Found 0 reports to execute in company_ry0iwbpw
[2025-08-10T18:06:09.341Z] [INFO] Scheduled reports check completed
[2025-08-10T18:06:09.343Z] [DEBUG] MongoDB connection closed
[2025-08-10T18:06:18.354Z] [INFO] Checking for scheduled reports...
[2025-08-10T18:06:19.158Z] [DEBUG] Connected to MongoDB
[2025-08-10T18:06:19.240Z] [INFO] Found 1 company databases
[2025-08-10T18:06:19.240Z] [DEBUG] Processing company database: company_ry0iwbpw
[2025-08-10T18:06:19.315Z] [DEBUG] Finding reports to execute in company_ry0iwbpw (current time: 2025-08-10T18:06:19.315Z)
[2025-08-10T18:06:19.387Z] [INFO] Found 0 reports to execute in company_ry0iwbpw
[2025-08-10T18:06:19.388Z] [INFO] Scheduled reports check completed
[2025-08-10T18:06:19.390Z] [DEBUG] MongoDB connection closed
[2025-08-10T18:06:28.357Z] [INFO] Checking for scheduled reports...
[2025-08-10T18:06:29.225Z] [DEBUG] Connected to MongoDB
[2025-08-10T18:06:29.301Z] [INFO] Found 1 company databases
[2025-08-10T18:06:29.302Z] [DEBUG] Processing company database: company_ry0iwbpw
[2025-08-10T18:06:29.372Z] [DEBUG] Finding reports to execute in company_ry0iwbpw (current time: 2025-08-10T18:06:29.372Z)
[2025-08-10T18:06:29.441Z] [INFO] Found 0 reports to execute in company_ry0iwbpw
[2025-08-10T18:06:29.441Z] [INFO] Scheduled reports check completed
[2025-08-10T18:06:29.444Z] [DEBUG] MongoDB connection closed
[2025-08-10T18:06:38.359Z] [INFO] Checking for scheduled reports...
[2025-08-10T18:06:39.157Z] [DEBUG] Connected to MongoDB
[2025-08-10T18:06:39.232Z] [INFO] Found 1 company databases
[2025-08-10T18:06:39.233Z] [DEBUG] Processing company database: company_ry0iwbpw
[2025-08-10T18:06:39.301Z] [DEBUG] Finding reports to execute in company_ry0iwbpw (current time: 2025-08-10T18:06:39.301Z)
[2025-08-10T18:06:39.369Z] [INFO] Found 0 reports to execute in company_ry0iwbpw
[2025-08-10T18:06:39.369Z] [INFO] Scheduled reports check completed
[2025-08-10T18:06:39.372Z] [DEBUG] MongoDB connection closed
[2025-08-10T18:06:48.361Z] [INFO] Checking for scheduled reports...
[2025-08-10T18:06:49.147Z] [DEBUG] Connected to MongoDB
[2025-08-10T18:06:49.223Z] [INFO] Found 1 company databases
[2025-08-10T18:06:49.224Z] [DEBUG] Processing company database: company_ry0iwbpw
[2025-08-10T18:06:49.291Z] [DEBUG] Finding reports to execute in company_ry0iwbpw (current time: 2025-08-10T18:06:49.291Z)
[2025-08-10T18:06:49.358Z] [INFO] Found 0 reports to execute in company_ry0iwbpw
[2025-08-10T18:06:49.359Z] [INFO] Scheduled reports check completed
[2025-08-10T18:06:49.361Z] [DEBUG] MongoDB connection closed
[2025-08-10T18:06:58.364Z] [INFO] Checking for scheduled reports...
[2025-08-10T18:06:59.186Z] [DEBUG] Connected to MongoDB
[2025-08-10T18:06:59.265Z] [INFO] Found 1 company databases
[2025-08-10T18:06:59.266Z] [DEBUG] Processing company database: company_ry0iwbpw
[2025-08-10T18:06:59.337Z] [DEBUG] Finding reports to execute in company_ry0iwbpw (current time: 2025-08-10T18:06:59.337Z)
[2025-08-10T18:06:59.407Z] [INFO] Found 0 reports to execute in company_ry0iwbpw
[2025-08-10T18:06:59.408Z] [INFO] Scheduled reports check completed
[2025-08-10T18:06:59.411Z] [DEBUG] MongoDB connection closed
[2025-08-10T18:07:08.365Z] [INFO] Checking for scheduled reports...
[2025-08-10T18:07:09.146Z] [DEBUG] Connected to MongoDB
[2025-08-10T18:07:09.226Z] [INFO] Found 1 company databases
[2025-08-10T18:07:09.227Z] [DEBUG] Processing company database: company_ry0iwbpw
[2025-08-10T18:07:09.299Z] [DEBUG] Finding reports to execute in company_ry0iwbpw (current time: 2025-08-10T18:07:09.299Z)
[2025-08-10T18:07:09.371Z] [INFO] Found 0 reports to execute in company_ry0iwbpw
[2025-08-10T18:07:09.371Z] [INFO] Scheduled reports check completed
[2025-08-10T18:07:09.374Z] [DEBUG] MongoDB connection closed
[2025-08-10T18:07:18.366Z] [INFO] Checking for scheduled reports...
[2025-08-10T18:07:19.182Z] [DEBUG] Connected to MongoDB
[2025-08-10T18:07:19.263Z] [INFO] Found 1 company databases
[2025-08-10T18:07:19.264Z] [DEBUG] Processing company database: company_ry0iwbpw
[2025-08-10T18:07:19.338Z] [DEBUG] Finding reports to execute in company_ry0iwbpw (current time: 2025-08-10T18:07:19.338Z)
[2025-08-10T18:07:19.410Z] [INFO] Found 0 reports to execute in company_ry0iwbpw
[2025-08-10T18:07:19.410Z] [INFO] Scheduled reports check completed
[2025-08-10T18:07:19.413Z] [DEBUG] MongoDB connection closed
[2025-08-10T18:07:28.368Z] [INFO] Checking for scheduled reports...
[2025-08-10T18:07:29.158Z] [DEBUG] Connected to MongoDB
[2025-08-10T18:07:29.237Z] [INFO] Found 1 company databases
[2025-08-10T18:07:29.238Z] [DEBUG] Processing company database: company_ry0iwbpw
[2025-08-10T18:07:29.310Z] [DEBUG] Finding reports to execute in company_ry0iwbpw (current time: 2025-08-10T18:07:29.310Z)
[2025-08-10T18:07:29.382Z] [INFO] Found 0 reports to execute in company_ry0iwbpw
[2025-08-10T18:07:29.382Z] [INFO] Scheduled reports check completed
[2025-08-10T18:07:29.384Z] [DEBUG] MongoDB connection closed
[2025-08-10T18:07:38.371Z] [INFO] Checking for scheduled reports...
[2025-08-10T18:07:39.129Z] [DEBUG] Connected to MongoDB
[2025-08-10T18:07:39.206Z] [INFO] Found 1 company databases
[2025-08-10T18:07:39.206Z] [DEBUG] Processing company database: company_ry0iwbpw
[2025-08-10T18:07:39.275Z] [DEBUG] Finding reports to execute in company_ry0iwbpw (current time: 2025-08-10T18:07:39.275Z)
[2025-08-10T18:07:39.343Z] [INFO] Found 0 reports to execute in company_ry0iwbpw
[2025-08-10T18:07:39.343Z] [INFO] Scheduled reports check completed
[2025-08-10T18:07:39.345Z] [DEBUG] MongoDB connection closed
[2025-08-10T18:07:48.371Z] [INFO] Checking for scheduled reports...
[2025-08-10T18:07:49.168Z] [DEBUG] Connected to MongoDB
[2025-08-10T18:07:49.247Z] [INFO] Found 1 company databases
[2025-08-10T18:07:49.247Z] [DEBUG] Processing company database: company_ry0iwbpw
[2025-08-10T18:07:49.320Z] [DEBUG] Finding reports to execute in company_ry0iwbpw (current time: 2025-08-10T18:07:49.320Z)
[2025-08-10T18:07:49.391Z] [INFO] Found 0 reports to execute in company_ry0iwbpw
[2025-08-10T18:07:49.392Z] [INFO] Scheduled reports check completed
[2025-08-10T18:07:49.394Z] [DEBUG] MongoDB connection closed
[2025-08-10T18:07:58.372Z] [INFO] Checking for scheduled reports...
[2025-08-10T18:07:59.170Z] [DEBUG] Connected to MongoDB
[2025-08-10T18:07:59.246Z] [INFO] Found 1 company databases
[2025-08-10T18:07:59.246Z] [DEBUG] Processing company database: company_ry0iwbpw
[2025-08-10T18:07:59.314Z] [DEBUG] Finding reports to execute in company_ry0iwbpw (current time: 2025-08-10T18:07:59.314Z)
[2025-08-10T18:07:59.384Z] [INFO] Found 0 reports to execute in company_ry0iwbpw
[2025-08-10T18:07:59.384Z] [INFO] Scheduled reports check completed
[2025-08-10T18:07:59.386Z] [DEBUG] MongoDB connection closed
[2025-08-10T18:08:08.375Z] [INFO] Checking for scheduled reports...
[2025-08-10T18:08:09.145Z] [DEBUG] Connected to MongoDB
[2025-08-10T18:08:09.222Z] [INFO] Found 1 company databases
[2025-08-10T18:08:09.222Z] [DEBUG] Processing company database: company_ry0iwbpw
[2025-08-10T18:08:09.290Z] [DEBUG] Finding reports to execute in company_ry0iwbpw (current time: 2025-08-10T18:08:09.290Z)
[2025-08-10T18:08:09.358Z] [INFO] Found 0 reports to execute in company_ry0iwbpw
[2025-08-10T18:08:09.359Z] [INFO] Scheduled reports check completed
[2025-08-10T18:08:09.361Z] [DEBUG] MongoDB connection closed
[2025-08-10T18:08:18.376Z] [INFO] Checking for scheduled reports...
[2025-08-10T18:08:19.184Z] [DEBUG] Connected to MongoDB
[2025-08-10T18:08:19.265Z] [INFO] Found 1 company databases
[2025-08-10T18:08:19.266Z] [DEBUG] Processing company database: company_ry0iwbpw
[2025-08-10T18:08:19.339Z] [DEBUG] Finding reports to execute in company_ry0iwbpw (current time: 2025-08-10T18:08:19.339Z)
[2025-08-10T18:08:19.412Z] [INFO] Found 0 reports to execute in company_ry0iwbpw
[2025-08-10T18:08:19.412Z] [INFO] Scheduled reports check completed
[2025-08-10T18:08:19.414Z] [DEBUG] MongoDB connection closed
[2025-08-10T18:08:28.379Z] [INFO] Checking for scheduled reports...
[2025-08-10T18:08:29.194Z] [DEBUG] Connected to MongoDB
[2025-08-10T18:08:29.276Z] [INFO] Found 1 company databases
[2025-08-10T18:08:29.277Z] [DEBUG] Processing company database: company_ry0iwbpw
[2025-08-10T18:08:29.350Z] [DEBUG] Finding reports to execute in company_ry0iwbpw (current time: 2025-08-10T18:08:29.350Z)
[2025-08-10T18:08:29.422Z] [INFO] Found 0 reports to execute in company_ry0iwbpw
[2025-08-10T18:08:29.423Z] [INFO] Scheduled reports check completed
[2025-08-10T18:08:29.425Z] [DEBUG] MongoDB connection closed
[2025-08-10T18:08:38.380Z] [INFO] Checking for scheduled reports...
[2025-08-10T18:08:39.166Z] [DEBUG] Connected to MongoDB
[2025-08-10T18:08:39.247Z] [INFO] Found 1 company databases
[2025-08-10T18:08:39.247Z] [DEBUG] Processing company database: company_ry0iwbpw
[2025-08-10T18:08:39.319Z] [DEBUG] Finding reports to execute in company_ry0iwbpw (current time: 2025-08-10T18:08:39.319Z)
[2025-08-10T18:08:39.390Z] [INFO] Found 0 reports to execute in company_ry0iwbpw
[2025-08-10T18:08:39.391Z] [INFO] Scheduled reports check completed
[2025-08-10T18:08:39.393Z] [DEBUG] MongoDB connection closed
[2025-08-10T18:08:48.383Z] [INFO] Checking for scheduled reports...
[2025-08-10T18:08:49.169Z] [DEBUG] Connected to MongoDB
[2025-08-10T18:08:49.246Z] [INFO] Found 1 company databases
[2025-08-10T18:08:49.246Z] [DEBUG] Processing company database: company_ry0iwbpw
[2025-08-10T18:08:49.316Z] [DEBUG] Finding reports to execute in company_ry0iwbpw (current time: 2025-08-10T18:08:49.315Z)
[2025-08-10T18:08:49.384Z] [INFO] Found 0 reports to execute in company_ry0iwbpw
[2025-08-10T18:08:49.385Z] [INFO] Scheduled reports check completed
[2025-08-10T18:08:49.387Z] [DEBUG] MongoDB connection closed
[2025-08-10T18:08:58.385Z] [INFO] Checking for scheduled reports...
[2025-08-10T18:08:59.166Z] [DEBUG] Connected to MongoDB
[2025-08-10T18:08:59.243Z] [INFO] Found 1 company databases
[2025-08-10T18:08:59.243Z] [DEBUG] Processing company database: company_ry0iwbpw
[2025-08-10T18:08:59.311Z] [DEBUG] Finding reports to execute in company_ry0iwbpw (current time: 2025-08-10T18:08:59.311Z)
[2025-08-10T18:08:59.379Z] [INFO] Found 0 reports to execute in company_ry0iwbpw
[2025-08-10T18:08:59.380Z] [INFO] Scheduled reports check completed
[2025-08-10T18:08:59.382Z] [DEBUG] MongoDB connection closed
[2025-08-10T18:09:08.388Z] [INFO] Checking for scheduled reports...
[2025-08-10T18:09:09.150Z] [DEBUG] Connected to MongoDB
[2025-08-10T18:09:09.226Z] [INFO] Found 1 company databases
[2025-08-10T18:09:09.226Z] [DEBUG] Processing company database: company_ry0iwbpw
[2025-08-10T18:09:09.294Z] [DEBUG] Finding reports to execute in company_ry0iwbpw (current time: 2025-08-10T18:09:09.294Z)
[2025-08-10T18:09:09.361Z] [INFO] Found 0 reports to execute in company_ry0iwbpw
[2025-08-10T18:09:09.362Z] [INFO] Scheduled reports check completed
[2025-08-10T18:09:09.364Z] [DEBUG] MongoDB connection closed
[2025-08-10T18:09:18.389Z] [INFO] Checking for scheduled reports...
[2025-08-10T18:09:19.193Z] [DEBUG] Connected to MongoDB
[2025-08-10T18:09:19.272Z] [INFO] Found 1 company databases
[2025-08-10T18:09:19.273Z] [DEBUG] Processing company database: company_ry0iwbpw
[2025-08-10T18:09:19.344Z] [DEBUG] Finding reports to execute in company_ry0iwbpw (current time: 2025-08-10T18:09:19.344Z)
[2025-08-10T18:09:19.416Z] [INFO] Found 0 reports to execute in company_ry0iwbpw
[2025-08-10T18:09:19.416Z] [INFO] Scheduled reports check completed
[2025-08-10T18:09:19.419Z] [DEBUG] MongoDB connection closed
[2025-08-10T18:09:28.391Z] [INFO] Checking for scheduled reports...
[2025-08-10T18:09:29.178Z] [DEBUG] Connected to MongoDB
[2025-08-10T18:09:29.255Z] [INFO] Found 1 company databases
[2025-08-10T18:09:29.256Z] [DEBUG] Processing company database: company_ry0iwbpw
[2025-08-10T18:09:29.324Z] [DEBUG] Finding reports to execute in company_ry0iwbpw (current time: 2025-08-10T18:09:29.324Z)
[2025-08-10T18:09:29.392Z] [INFO] Found 0 reports to execute in company_ry0iwbpw
[2025-08-10T18:09:29.393Z] [INFO] Scheduled reports check completed
[2025-08-10T18:09:29.395Z] [DEBUG] MongoDB connection closed
[2025-08-10T18:09:38.392Z] [INFO] Checking for scheduled reports...
[2025-08-10T18:09:39.169Z] [DEBUG] Connected to MongoDB
[2025-08-10T18:09:39.248Z] [INFO] Found 1 company databases
[2025-08-10T18:09:39.248Z] [DEBUG] Processing company database: company_ry0iwbpw
[2025-08-10T18:09:39.318Z] [DEBUG] Finding reports to execute in company_ry0iwbpw (current time: 2025-08-10T18:09:39.318Z)
[2025-08-10T18:09:39.386Z] [INFO] Found 0 reports to execute in company_ry0iwbpw
[2025-08-10T18:09:39.387Z] [INFO] Scheduled reports check completed
[2025-08-10T18:09:39.389Z] [DEBUG] MongoDB connection closed
[2025-08-10T18:09:48.394Z] [INFO] Checking for scheduled reports...
[2025-08-10T18:09:49.220Z] [DEBUG] Connected to MongoDB
[2025-08-10T18:09:49.300Z] [INFO] Found 1 company databases
[2025-08-10T18:09:49.301Z] [DEBUG] Processing company database: company_ry0iwbpw
[2025-08-10T18:09:49.375Z] [DEBUG] Finding reports to execute in company_ry0iwbpw (current time: 2025-08-10T18:09:49.375Z)
[2025-08-10T18:09:49.450Z] [INFO] Found 0 reports to execute in company_ry0iwbpw
[2025-08-10T18:09:49.450Z] [INFO] Scheduled reports check completed
[2025-08-10T18:09:49.452Z] [DEBUG] MongoDB connection closed
[2025-08-10T18:09:58.395Z] [INFO] Checking for scheduled reports...
[2025-08-10T18:09:59.201Z] [DEBUG] Connected to MongoDB
[2025-08-10T18:09:59.279Z] [INFO] Found 1 company databases
[2025-08-10T18:09:59.280Z] [DEBUG] Processing company database: company_ry0iwbpw
[2025-08-10T18:09:59.351Z] [DEBUG] Finding reports to execute in company_ry0iwbpw (current time: 2025-08-10T18:09:59.351Z)
[2025-08-10T18:09:59.422Z] [INFO] Found 0 reports to execute in company_ry0iwbpw
[2025-08-10T18:09:59.423Z] [INFO] Scheduled reports check completed
[2025-08-10T18:09:59.425Z] [DEBUG] MongoDB connection closed
[2025-08-10T18:10:08.397Z] [INFO] Checking for scheduled reports...
[2025-08-10T18:10:09.147Z] [DEBUG] Connected to MongoDB
[2025-08-10T18:10:09.222Z] [INFO] Found 1 company databases
[2025-08-10T18:10:09.222Z] [DEBUG] Processing company database: company_ry0iwbpw
[2025-08-10T18:10:09.290Z] [DEBUG] Finding reports to execute in company_ry0iwbpw (current time: 2025-08-10T18:10:09.290Z)
[2025-08-10T18:10:09.357Z] [INFO] Found 0 reports to execute in company_ry0iwbpw
[2025-08-10T18:10:09.358Z] [INFO] Scheduled reports check completed
[2025-08-10T18:10:09.360Z] [DEBUG] MongoDB connection closed
[2025-08-10T18:10:18.399Z] [INFO] Checking for scheduled reports...
[2025-08-10T18:10:19.220Z] [DEBUG] Connected to MongoDB
[2025-08-10T18:10:19.300Z] [INFO] Found 1 company databases
[2025-08-10T18:10:19.300Z] [DEBUG] Processing company database: company_ry0iwbpw
[2025-08-10T18:10:19.372Z] [DEBUG] Finding reports to execute in company_ry0iwbpw (current time: 2025-08-10T18:10:19.372Z)
[2025-08-10T18:10:19.444Z] [INFO] Found 0 reports to execute in company_ry0iwbpw
[2025-08-10T18:10:19.445Z] [INFO] Scheduled reports check completed
[2025-08-10T18:10:19.447Z] [DEBUG] MongoDB connection closed
[2025-08-10T18:10:28.401Z] [INFO] Checking for scheduled reports...
[2025-08-10T18:10:29.235Z] [DEBUG] Connected to MongoDB
[2025-08-10T18:10:29.315Z] [INFO] Found 1 company databases
[2025-08-10T18:10:29.316Z] [DEBUG] Processing company database: company_ry0iwbpw
[2025-08-10T18:10:29.389Z] [DEBUG] Finding reports to execute in company_ry0iwbpw (current time: 2025-08-10T18:10:29.389Z)
[2025-08-10T18:10:29.462Z] [INFO] Found 0 reports to execute in company_ry0iwbpw
[2025-08-10T18:10:29.462Z] [INFO] Scheduled reports check completed
[2025-08-10T18:10:29.465Z] [DEBUG] MongoDB connection closed
[2025-08-10T18:10:38.401Z] [INFO] Checking for scheduled reports...
[2025-08-10T18:10:39.172Z] [DEBUG] Connected to MongoDB
[2025-08-10T18:10:39.249Z] [INFO] Found 1 company databases
[2025-08-10T18:10:39.250Z] [DEBUG] Processing company database: company_ry0iwbpw
[2025-08-10T18:10:39.319Z] [DEBUG] Finding reports to execute in company_ry0iwbpw (current time: 2025-08-10T18:10:39.319Z)
[2025-08-10T18:10:39.389Z] [INFO] Found 0 reports to execute in company_ry0iwbpw
[2025-08-10T18:10:39.390Z] [INFO] Scheduled reports check completed
[2025-08-10T18:10:39.392Z] [DEBUG] MongoDB connection closed
[2025-08-10T18:10:48.403Z] [INFO] Checking for scheduled reports...
[2025-08-10T18:10:49.223Z] [DEBUG] Connected to MongoDB
[2025-08-10T18:10:49.304Z] [INFO] Found 1 company databases
[2025-08-10T18:10:49.304Z] [DEBUG] Processing company database: company_ry0iwbpw
[2025-08-10T18:10:49.376Z] [DEBUG] Finding reports to execute in company_ry0iwbpw (current time: 2025-08-10T18:10:49.376Z)
[2025-08-10T18:10:49.449Z] [INFO] Found 0 reports to execute in company_ry0iwbpw
[2025-08-10T18:10:49.450Z] [INFO] Scheduled reports check completed
[2025-08-10T18:10:49.452Z] [DEBUG] MongoDB connection closed
[2025-08-10T18:10:58.403Z] [INFO] Checking for scheduled reports...
[2025-08-10T18:10:59.190Z] [DEBUG] Connected to MongoDB
[2025-08-10T18:10:59.268Z] [INFO] Found 1 company databases
[2025-08-10T18:10:59.269Z] [DEBUG] Processing company database: company_ry0iwbpw
[2025-08-10T18:10:59.337Z] [DEBUG] Finding reports to execute in company_ry0iwbpw (current time: 2025-08-10T18:10:59.337Z)
[2025-08-10T18:10:59.403Z] [INFO] Found 0 reports to execute in company_ry0iwbpw
[2025-08-10T18:10:59.404Z] [INFO] Scheduled reports check completed
[2025-08-10T18:10:59.404Z] [DEBUG] MongoDB connection closed
[2025-08-10T18:11:08.405Z] [INFO] Checking for scheduled reports...
[2025-08-10T18:11:09.226Z] [DEBUG] Connected to MongoDB
[2025-08-10T18:11:09.308Z] [INFO] Found 1 company databases
[2025-08-10T18:11:09.309Z] [DEBUG] Processing company database: company_ry0iwbpw
[2025-08-10T18:11:09.383Z] [DEBUG] Finding reports to execute in company_ry0iwbpw (current time: 2025-08-10T18:11:09.383Z)
[2025-08-10T18:11:09.456Z] [INFO] Found 0 reports to execute in company_ry0iwbpw
[2025-08-10T18:11:09.456Z] [INFO] Scheduled reports check completed
[2025-08-10T18:11:09.458Z] [DEBUG] MongoDB connection closed
[2025-08-10T18:11:18.405Z] [INFO] Checking for scheduled reports...
[2025-08-10T18:11:19.218Z] [DEBUG] Connected to MongoDB
[2025-08-10T18:11:19.298Z] [INFO] Found 1 company databases
[2025-08-10T18:11:19.299Z] [DEBUG] Processing company database: company_ry0iwbpw
[2025-08-10T18:11:19.370Z] [DEBUG] Finding reports to execute in company_ry0iwbpw (current time: 2025-08-10T18:11:19.370Z)
[2025-08-10T18:11:19.441Z] [INFO] Found 0 reports to execute in company_ry0iwbpw
[2025-08-10T18:11:19.442Z] [INFO] Scheduled reports check completed
[2025-08-10T18:11:19.444Z] [DEBUG] MongoDB connection closed
[2025-08-10T18:11:28.405Z] [INFO] Checking for scheduled reports...
[2025-08-10T18:11:29.228Z] [DEBUG] Connected to MongoDB
[2025-08-10T18:11:29.309Z] [INFO] Found 1 company databases
[2025-08-10T18:11:29.310Z] [DEBUG] Processing company database: company_ry0iwbpw
[2025-08-10T18:11:29.382Z] [DEBUG] Finding reports to execute in company_ry0iwbpw (current time: 2025-08-10T18:11:29.382Z)
[2025-08-10T18:11:29.454Z] [INFO] Found 0 reports to execute in company_ry0iwbpw
[2025-08-10T18:11:29.455Z] [INFO] Scheduled reports check completed
[2025-08-10T18:11:29.457Z] [DEBUG] MongoDB connection closed
[2025-08-10T18:11:38.405Z] [INFO] Checking for scheduled reports...
[2025-08-10T18:11:39.188Z] [DEBUG] Connected to MongoDB
[2025-08-10T18:11:39.264Z] [INFO] Found 1 company databases
[2025-08-10T18:11:39.265Z] [DEBUG] Processing company database: company_ry0iwbpw
[2025-08-10T18:11:39.332Z] [DEBUG] Finding reports to execute in company_ry0iwbpw (current time: 2025-08-10T18:11:39.332Z)
[2025-08-10T18:11:39.399Z] [INFO] Found 0 reports to execute in company_ry0iwbpw
[2025-08-10T18:11:39.399Z] [INFO] Scheduled reports check completed
[2025-08-10T18:11:39.401Z] [DEBUG] MongoDB connection closed
[2025-08-10T18:11:48.406Z] [INFO] Checking for scheduled reports...
[2025-08-10T18:11:49.210Z] [DEBUG] Connected to MongoDB
[2025-08-10T18:11:49.289Z] [INFO] Found 1 company databases
[2025-08-10T18:11:49.290Z] [DEBUG] Processing company database: company_ry0iwbpw
[2025-08-10T18:11:49.362Z] [DEBUG] Finding reports to execute in company_ry0iwbpw (current time: 2025-08-10T18:11:49.362Z)
[2025-08-10T18:11:49.434Z] [INFO] Found 0 reports to execute in company_ry0iwbpw
[2025-08-10T18:11:49.434Z] [INFO] Scheduled reports check completed
[2025-08-10T18:11:49.437Z] [DEBUG] MongoDB connection closed
[2025-08-10T18:11:58.406Z] [INFO] Checking for scheduled reports...
[2025-08-10T18:11:59.222Z] [DEBUG] Connected to MongoDB
[2025-08-10T18:11:59.303Z] [INFO] Found 1 company databases
[2025-08-10T18:11:59.303Z] [DEBUG] Processing company database: company_ry0iwbpw
[2025-08-10T18:11:59.376Z] [DEBUG] Finding reports to execute in company_ry0iwbpw (current time: 2025-08-10T18:11:59.376Z)
[2025-08-10T18:11:59.448Z] [INFO] Found 0 reports to execute in company_ry0iwbpw
[2025-08-10T18:11:59.449Z] [INFO] Scheduled reports check completed
[2025-08-10T18:11:59.451Z] [DEBUG] MongoDB connection closed
[2025-08-10T18:12:08.408Z] [INFO] Checking for scheduled reports...
[2025-08-10T18:12:09.163Z] [DEBUG] Connected to MongoDB
[2025-08-10T18:12:09.238Z] [INFO] Found 1 company databases
[2025-08-10T18:12:09.239Z] [DEBUG] Processing company database: company_ry0iwbpw
[2025-08-10T18:12:09.306Z] [DEBUG] Finding reports to execute in company_ry0iwbpw (current time: 2025-08-10T18:12:09.306Z)
[2025-08-10T18:12:09.372Z] [INFO] Found 0 reports to execute in company_ry0iwbpw
[2025-08-10T18:12:09.373Z] [INFO] Scheduled reports check completed
[2025-08-10T18:12:09.375Z] [DEBUG] MongoDB connection closed
[2025-08-10T18:12:18.408Z] [INFO] Checking for scheduled reports...
[2025-08-10T18:12:19.196Z] [DEBUG] Connected to MongoDB
[2025-08-10T18:12:19.275Z] [INFO] Found 1 company databases
[2025-08-10T18:12:19.276Z] [DEBUG] Processing company database: company_ry0iwbpw
[2025-08-10T18:12:19.345Z] [DEBUG] Finding reports to execute in company_ry0iwbpw (current time: 2025-08-10T18:12:19.345Z)
[2025-08-10T18:12:19.413Z] [INFO] Found 0 reports to execute in company_ry0iwbpw
[2025-08-10T18:12:19.413Z] [INFO] Scheduled reports check completed
[2025-08-10T18:12:19.416Z] [DEBUG] MongoDB connection closed
[2025-08-10T18:12:28.408Z] [INFO] Checking for scheduled reports...
[2025-08-10T18:12:29.171Z] [DEBUG] Connected to MongoDB
[2025-08-10T18:12:29.246Z] [INFO] Found 1 company databases
[2025-08-10T18:12:29.246Z] [DEBUG] Processing company database: company_ry0iwbpw
[2025-08-10T18:12:29.314Z] [DEBUG] Finding reports to execute in company_ry0iwbpw (current time: 2025-08-10T18:12:29.314Z)
[2025-08-10T18:12:29.381Z] [INFO] Found 0 reports to execute in company_ry0iwbpw
[2025-08-10T18:12:29.382Z] [INFO] Scheduled reports check completed
[2025-08-10T18:12:29.383Z] [DEBUG] MongoDB connection closed
[2025-08-10T18:12:38.408Z] [INFO] Checking for scheduled reports...
[2025-08-10T18:12:39.163Z] [DEBUG] Connected to MongoDB
[2025-08-10T18:12:39.239Z] [INFO] Found 1 company databases
[2025-08-10T18:12:39.240Z] [DEBUG] Processing company database: company_ry0iwbpw
[2025-08-10T18:12:39.309Z] [DEBUG] Finding reports to execute in company_ry0iwbpw (current time: 2025-08-10T18:12:39.309Z)
[2025-08-10T18:12:39.379Z] [INFO] Found 0 reports to execute in company_ry0iwbpw
[2025-08-10T18:12:39.379Z] [INFO] Scheduled reports check completed
[2025-08-10T18:12:39.381Z] [DEBUG] MongoDB connection closed
[2025-08-10T18:12:48.409Z] [INFO] Checking for scheduled reports...
[2025-08-10T18:12:49.184Z] [DEBUG] Connected to MongoDB
[2025-08-10T18:12:49.264Z] [INFO] Found 1 company databases
[2025-08-10T18:12:49.264Z] [DEBUG] Processing company database: company_ry0iwbpw
[2025-08-10T18:12:49.336Z] [DEBUG] Finding reports to execute in company_ry0iwbpw (current time: 2025-08-10T18:12:49.336Z)
[2025-08-10T18:12:49.407Z] [INFO] Found 0 reports to execute in company_ry0iwbpw
[2025-08-10T18:12:49.407Z] [INFO] Scheduled reports check completed
[2025-08-10T18:12:49.409Z] [DEBUG] MongoDB connection closed
[2025-08-10T18:12:58.411Z] [INFO] Checking for scheduled reports...
[2025-08-10T18:12:59.237Z] [DEBUG] Connected to MongoDB
[2025-08-10T18:12:59.318Z] [INFO] Found 1 company databases
[2025-08-10T18:12:59.318Z] [DEBUG] Processing company database: company_ry0iwbpw
[2025-08-10T18:12:59.391Z] [DEBUG] Finding reports to execute in company_ry0iwbpw (current time: 2025-08-10T18:12:59.391Z)
[2025-08-10T18:12:59.464Z] [INFO] Found 0 reports to execute in company_ry0iwbpw
[2025-08-10T18:12:59.465Z] [INFO] Scheduled reports check completed
[2025-08-10T18:12:59.467Z] [DEBUG] MongoDB connection closed
[2025-08-10T18:13:08.413Z] [INFO] Checking for scheduled reports...
[2025-08-10T18:13:09.172Z] [DEBUG] Connected to MongoDB
[2025-08-10T18:13:09.249Z] [INFO] Found 1 company databases
[2025-08-10T18:13:09.250Z] [DEBUG] Processing company database: company_ry0iwbpw
[2025-08-10T18:13:09.319Z] [DEBUG] Finding reports to execute in company_ry0iwbpw (current time: 2025-08-10T18:13:09.318Z)
[2025-08-10T18:13:09.387Z] [INFO] Found 0 reports to execute in company_ry0iwbpw
[2025-08-10T18:13:09.387Z] [INFO] Scheduled reports check completed
[2025-08-10T18:13:09.390Z] [DEBUG] MongoDB connection closed
[2025-08-10T18:13:18.414Z] [INFO] Checking for scheduled reports...
[2025-08-10T18:13:19.173Z] [DEBUG] Connected to MongoDB
[2025-08-10T18:13:19.248Z] [INFO] Found 1 company databases
[2025-08-10T18:13:19.248Z] [DEBUG] Processing company database: company_ry0iwbpw
[2025-08-10T18:13:19.315Z] [DEBUG] Finding reports to execute in company_ry0iwbpw (current time: 2025-08-10T18:13:19.315Z)
[2025-08-10T18:13:19.382Z] [INFO] Found 0 reports to execute in company_ry0iwbpw
[2025-08-10T18:13:19.382Z] [INFO] Scheduled reports check completed
[2025-08-10T18:13:19.385Z] [DEBUG] MongoDB connection closed
[2025-08-10T18:13:28.415Z] [INFO] Checking for scheduled reports...
[2025-08-10T18:13:29.183Z] [DEBUG] Connected to MongoDB
[2025-08-10T18:13:29.259Z] [INFO] Found 1 company databases
[2025-08-10T18:13:29.260Z] [DEBUG] Processing company database: company_ry0iwbpw
[2025-08-10T18:13:29.328Z] [DEBUG] Finding reports to execute in company_ry0iwbpw (current time: 2025-08-10T18:13:29.328Z)
[2025-08-10T18:13:29.407Z] [INFO] Found 0 reports to execute in company_ry0iwbpw
[2025-08-10T18:13:29.407Z] [INFO] Scheduled reports check completed
[2025-08-10T18:13:29.409Z] [DEBUG] MongoDB connection closed
[2025-08-10T18:13:38.415Z] [INFO] Checking for scheduled reports...
[2025-08-10T18:13:39.210Z] [DEBUG] Connected to MongoDB
[2025-08-10T18:13:39.287Z] [INFO] Found 1 company databases
[2025-08-10T18:13:39.288Z] [DEBUG] Processing company database: company_ry0iwbpw
[2025-08-10T18:13:39.357Z] [DEBUG] Finding reports to execute in company_ry0iwbpw (current time: 2025-08-10T18:13:39.357Z)
[2025-08-10T18:13:39.425Z] [INFO] Found 0 reports to execute in company_ry0iwbpw
[2025-08-10T18:13:39.426Z] [INFO] Scheduled reports check completed
[2025-08-10T18:13:39.428Z] [DEBUG] MongoDB connection closed
[2025-08-10T18:13:48.417Z] [INFO] Checking for scheduled reports...
[2025-08-10T18:13:49.216Z] [DEBUG] Connected to MongoDB
[2025-08-10T18:13:49.298Z] [INFO] Found 1 company databases
[2025-08-10T18:13:49.298Z] [DEBUG] Processing company database: company_ry0iwbpw
[2025-08-10T18:13:49.371Z] [DEBUG] Finding reports to execute in company_ry0iwbpw (current time: 2025-08-10T18:13:49.371Z)
[2025-08-10T18:13:49.444Z] [INFO] Found 0 reports to execute in company_ry0iwbpw
[2025-08-10T18:13:49.444Z] [INFO] Scheduled reports check completed
[2025-08-10T18:13:49.446Z] [DEBUG] MongoDB connection closed
[2025-08-10T18:13:58.418Z] [INFO] Checking for scheduled reports...
[2025-08-10T18:13:59.220Z] [DEBUG] Connected to MongoDB
[2025-08-10T18:13:59.300Z] [INFO] Found 1 company databases
[2025-08-10T18:13:59.300Z] [DEBUG] Processing company database: company_ry0iwbpw
[2025-08-10T18:13:59.371Z] [DEBUG] Finding reports to execute in company_ry0iwbpw (current time: 2025-08-10T18:13:59.371Z)
[2025-08-10T18:13:59.442Z] [INFO] Found 0 reports to execute in company_ry0iwbpw
[2025-08-10T18:13:59.443Z] [INFO] Scheduled reports check completed
[2025-08-10T18:13:59.445Z] [DEBUG] MongoDB connection closed
[2025-08-10T18:14:08.420Z] [INFO] Checking for scheduled reports...
[2025-08-10T18:14:09.182Z] [DEBUG] Connected to MongoDB
[2025-08-10T18:14:09.257Z] [INFO] Found 1 company databases
[2025-08-10T18:14:09.258Z] [DEBUG] Processing company database: company_ry0iwbpw
[2025-08-10T18:14:09.325Z] [DEBUG] Finding reports to execute in company_ry0iwbpw (current time: 2025-08-10T18:14:09.325Z)
[2025-08-10T18:14:09.392Z] [INFO] Found 0 reports to execute in company_ry0iwbpw
[2025-08-10T18:14:09.392Z] [INFO] Scheduled reports check completed
[2025-08-10T18:14:09.394Z] [DEBUG] MongoDB connection closed
[2025-08-10T18:14:18.421Z] [INFO] Checking for scheduled reports...
[2025-08-10T18:14:19.239Z] [DEBUG] Connected to MongoDB
[2025-08-10T18:14:19.333Z] [INFO] Found 1 company databases
[2025-08-10T18:14:19.333Z] [DEBUG] Processing company database: company_ry0iwbpw
[2025-08-10T18:14:19.406Z] [DEBUG] Finding reports to execute in company_ry0iwbpw (current time: 2025-08-10T18:14:19.406Z)
[2025-08-10T18:14:19.478Z] [INFO] Found 0 reports to execute in company_ry0iwbpw
[2025-08-10T18:14:19.479Z] [INFO] Scheduled reports check completed
[2025-08-10T18:14:19.481Z] [DEBUG] MongoDB connection closed
[2025-08-10T18:14:28.422Z] [INFO] Checking for scheduled reports...
[2025-08-10T18:14:29.197Z] [DEBUG] Connected to MongoDB
[2025-08-10T18:14:29.272Z] [INFO] Found 1 company databases
[2025-08-10T18:14:29.272Z] [DEBUG] Processing company database: company_ry0iwbpw
[2025-08-10T18:14:29.339Z] [DEBUG] Finding reports to execute in company_ry0iwbpw (current time: 2025-08-10T18:14:29.339Z)
[2025-08-10T18:14:29.406Z] [INFO] Found 0 reports to execute in company_ry0iwbpw
[2025-08-10T18:14:29.407Z] [INFO] Scheduled reports check completed
[2025-08-10T18:14:29.409Z] [DEBUG] MongoDB connection closed
[2025-08-10T18:14:38.422Z] [INFO] Checking for scheduled reports...
[2025-08-10T18:14:39.247Z] [DEBUG] Connected to MongoDB
[2025-08-10T18:14:39.328Z] [INFO] Found 1 company databases
[2025-08-10T18:14:39.328Z] [DEBUG] Processing company database: company_ry0iwbpw
[2025-08-10T18:14:39.401Z] [DEBUG] Finding reports to execute in company_ry0iwbpw (current time: 2025-08-10T18:14:39.401Z)
[2025-08-10T18:14:39.474Z] [INFO] Found 0 reports to execute in company_ry0iwbpw
[2025-08-10T18:14:39.474Z] [INFO] Scheduled reports check completed
[2025-08-10T18:14:39.477Z] [DEBUG] MongoDB connection closed
[2025-08-10T18:14:48.423Z] [INFO] Checking for scheduled reports...
[2025-08-10T18:14:49.211Z] [DEBUG] Connected to MongoDB
[2025-08-10T18:14:49.292Z] [INFO] Found 1 company databases
[2025-08-10T18:14:49.292Z] [DEBUG] Processing company database: company_ry0iwbpw
[2025-08-10T18:14:49.365Z] [DEBUG] Finding reports to execute in company_ry0iwbpw (current time: 2025-08-10T18:14:49.365Z)
[2025-08-10T18:14:49.437Z] [INFO] Found 0 reports to execute in company_ry0iwbpw
[2025-08-10T18:14:49.438Z] [INFO] Scheduled reports check completed
[2025-08-10T18:14:49.441Z] [DEBUG] MongoDB connection closed
[2025-08-10T18:14:58.424Z] [INFO] Checking for scheduled reports...
[2025-08-10T18:14:59.223Z] [DEBUG] Connected to MongoDB
[2025-08-10T18:14:59.298Z] [INFO] Found 1 company databases
[2025-08-10T18:14:59.299Z] [DEBUG] Processing company database: company_ry0iwbpw
[2025-08-10T18:14:59.367Z] [DEBUG] Finding reports to execute in company_ry0iwbpw (current time: 2025-08-10T18:14:59.367Z)
[2025-08-10T18:14:59.434Z] [INFO] Found 0 reports to execute in company_ry0iwbpw
[2025-08-10T18:14:59.435Z] [INFO] Scheduled reports check completed
[2025-08-10T18:14:59.437Z] [DEBUG] MongoDB connection closed
[2025-08-10T18:15:08.424Z] [INFO] Checking for scheduled reports...
[2025-08-10T18:15:09.205Z] [DEBUG] Connected to MongoDB
[2025-08-10T18:15:09.280Z] [INFO] Found 1 company databases
[2025-08-10T18:15:09.281Z] [DEBUG] Processing company database: company_ry0iwbpw
[2025-08-10T18:15:09.348Z] [DEBUG] Finding reports to execute in company_ry0iwbpw (current time: 2025-08-10T18:15:09.348Z)
[2025-08-10T18:15:09.415Z] [INFO] Found 0 reports to execute in company_ry0iwbpw
[2025-08-10T18:15:09.416Z] [INFO] Scheduled reports check completed
[2025-08-10T18:15:09.418Z] [DEBUG] MongoDB connection closed
[2025-08-10T18:15:18.425Z] [INFO] Checking for scheduled reports...
[2025-08-10T18:15:19.185Z] [DEBUG] Connected to MongoDB
[2025-08-10T18:15:19.261Z] [INFO] Found 1 company databases
[2025-08-10T18:15:19.261Z] [DEBUG] Processing company database: company_ry0iwbpw
[2025-08-10T18:15:19.329Z] [DEBUG] Finding reports to execute in company_ry0iwbpw (current time: 2025-08-10T18:15:19.329Z)
[2025-08-10T18:15:19.396Z] [INFO] Found 0 reports to execute in company_ry0iwbpw
[2025-08-10T18:15:19.397Z] [INFO] Scheduled reports check completed
[2025-08-10T18:15:19.399Z] [DEBUG] MongoDB connection closed
[2025-08-10T18:15:28.426Z] [INFO] Checking for scheduled reports...
[2025-08-10T18:15:29.217Z] [DEBUG] Connected to MongoDB
[2025-08-10T18:15:29.297Z] [INFO] Found 1 company databases
[2025-08-10T18:15:29.298Z] [DEBUG] Processing company database: company_ry0iwbpw
[2025-08-10T18:15:29.369Z] [DEBUG] Finding reports to execute in company_ry0iwbpw (current time: 2025-08-10T18:15:29.369Z)
[2025-08-10T18:15:29.440Z] [INFO] Found 0 reports to execute in company_ry0iwbpw
[2025-08-10T18:15:29.441Z] [INFO] Scheduled reports check completed
[2025-08-10T18:15:29.443Z] [DEBUG] MongoDB connection closed
[2025-08-10T18:15:38.426Z] [INFO] Checking for scheduled reports...
[2025-08-10T18:15:39.220Z] [DEBUG] Connected to MongoDB
[2025-08-10T18:15:39.299Z] [INFO] Found 1 company databases
[2025-08-10T18:15:39.299Z] [DEBUG] Processing company database: company_ry0iwbpw
[2025-08-10T18:15:39.369Z] [DEBUG] Finding reports to execute in company_ry0iwbpw (current time: 2025-08-10T18:15:39.369Z)
[2025-08-10T18:15:39.439Z] [INFO] Found 0 reports to execute in company_ry0iwbpw
[2025-08-10T18:15:39.440Z] [INFO] Scheduled reports check completed
[2025-08-10T18:15:39.442Z] [DEBUG] MongoDB connection closed
[2025-08-10T18:15:48.428Z] [INFO] Checking for scheduled reports...
[2025-08-10T18:15:49.225Z] [DEBUG] Connected to MongoDB
[2025-08-10T18:15:49.306Z] [INFO] Found 1 company databases
[2025-08-10T18:15:49.306Z] [DEBUG] Processing company database: company_ry0iwbpw
[2025-08-10T18:15:49.379Z] [DEBUG] Finding reports to execute in company_ry0iwbpw (current time: 2025-08-10T18:15:49.379Z)
[2025-08-10T18:15:49.451Z] [INFO] Found 0 reports to execute in company_ry0iwbpw
[2025-08-10T18:15:49.451Z] [INFO] Scheduled reports check completed
[2025-08-10T18:15:49.453Z] [DEBUG] MongoDB connection closed
[2025-08-10T18:15:58.429Z] [INFO] Checking for scheduled reports...
[2025-08-10T18:15:59.242Z] [DEBUG] Connected to MongoDB
[2025-08-10T18:15:59.322Z] [INFO] Found 1 company databases
[2025-08-10T18:15:59.323Z] [DEBUG] Processing company database: company_ry0iwbpw
[2025-08-10T18:15:59.395Z] [DEBUG] Finding reports to execute in company_ry0iwbpw (current time: 2025-08-10T18:15:59.395Z)
[2025-08-10T18:15:59.470Z] [INFO] Found 0 reports to execute in company_ry0iwbpw
[2025-08-10T18:15:59.470Z] [INFO] Scheduled reports check completed
[2025-08-10T18:15:59.473Z] [DEBUG] MongoDB connection closed
[2025-08-10T18:16:08.430Z] [INFO] Checking for scheduled reports...
[2025-08-10T18:16:09.219Z] [DEBUG] Connected to MongoDB
[2025-08-10T18:16:09.297Z] [INFO] Found 1 company databases
[2025-08-10T18:16:09.297Z] [DEBUG] Processing company database: company_ry0iwbpw
[2025-08-10T18:16:09.366Z] [DEBUG] Finding reports to execute in company_ry0iwbpw (current time: 2025-08-10T18:16:09.366Z)
[2025-08-10T18:16:09.434Z] [INFO] Found 0 reports to execute in company_ry0iwbpw
[2025-08-10T18:16:09.435Z] [INFO] Scheduled reports check completed
[2025-08-10T18:16:09.437Z] [DEBUG] MongoDB connection closed
[2025-08-10T18:16:18.430Z] [INFO] Checking for scheduled reports...
[2025-08-10T18:16:19.215Z] [DEBUG] Connected to MongoDB
[2025-08-10T18:16:19.291Z] [INFO] Found 1 company databases
[2025-08-10T18:16:19.291Z] [DEBUG] Processing company database: company_ry0iwbpw
[2025-08-10T18:16:19.360Z] [DEBUG] Finding reports to execute in company_ry0iwbpw (current time: 2025-08-10T18:16:19.360Z)
[2025-08-10T18:16:19.429Z] [INFO] Found 0 reports to execute in company_ry0iwbpw
[2025-08-10T18:16:19.429Z] [INFO] Scheduled reports check completed
[2025-08-10T18:16:19.431Z] [DEBUG] MongoDB connection closed
[2025-08-10T18:16:28.430Z] [INFO] Checking for scheduled reports...
[2025-08-10T18:16:29.244Z] [DEBUG] Connected to MongoDB
[2025-08-10T18:16:29.325Z] [INFO] Found 1 company databases
[2025-08-10T18:16:29.325Z] [DEBUG] Processing company database: company_ry0iwbpw
[2025-08-10T18:16:29.397Z] [DEBUG] Finding reports to execute in company_ry0iwbpw (current time: 2025-08-10T18:16:29.397Z)
[2025-08-10T18:16:29.468Z] [INFO] Found 0 reports to execute in company_ry0iwbpw
[2025-08-10T18:16:29.468Z] [INFO] Scheduled reports check completed
[2025-08-10T18:16:29.470Z] [DEBUG] MongoDB connection closed
[2025-08-10T18:16:38.430Z] [INFO] Checking for scheduled reports...
[2025-08-10T18:16:39.241Z] [DEBUG] Connected to MongoDB
[2025-08-10T18:16:39.321Z] [INFO] Found 1 company databases
[2025-08-10T18:16:39.322Z] [DEBUG] Processing company database: company_ry0iwbpw
[2025-08-10T18:16:39.395Z] [DEBUG] Finding reports to execute in company_ry0iwbpw (current time: 2025-08-10T18:16:39.395Z)
[2025-08-10T18:16:39.467Z] [INFO] Found 0 reports to execute in company_ry0iwbpw
[2025-08-10T18:16:39.468Z] [INFO] Scheduled reports check completed
[2025-08-10T18:16:39.470Z] [DEBUG] MongoDB connection closed
[2025-08-10T18:16:48.418Z] [INFO] Checking for scheduled reports...
[2025-08-10T18:16:49.192Z] [DEBUG] Connected to MongoDB
[2025-08-10T18:16:49.269Z] [INFO] Found 1 company databases
[2025-08-10T18:16:49.269Z] [DEBUG] Processing company database: company_ry0iwbpw
[2025-08-10T18:16:49.338Z] [DEBUG] Finding reports to execute in company_ry0iwbpw (current time: 2025-08-10T18:16:49.338Z)
[2025-08-10T18:16:49.406Z] [INFO] Found 0 reports to execute in company_ry0iwbpw
[2025-08-10T18:16:49.406Z] [INFO] Scheduled reports check completed
[2025-08-10T18:16:49.408Z] [DEBUG] MongoDB connection closed
[2025-08-10T18:16:58.410Z] [INFO] Checking for scheduled reports...
[2025-08-10T18:16:59.195Z] [DEBUG] Connected to MongoDB
[2025-08-10T18:16:59.272Z] [INFO] Found 1 company databases
[2025-08-10T18:16:59.272Z] [DEBUG] Processing company database: company_ry0iwbpw
[2025-08-10T18:16:59.342Z] [DEBUG] Finding reports to execute in company_ry0iwbpw (current time: 2025-08-10T18:16:59.342Z)
[2025-08-10T18:16:59.410Z] [INFO] Found 0 reports to execute in company_ry0iwbpw
[2025-08-10T18:16:59.411Z] [INFO] Scheduled reports check completed
[2025-08-10T18:16:59.413Z] [DEBUG] MongoDB connection closed
[2025-08-10T18:17:08.405Z] [INFO] Checking for scheduled reports...
[2025-08-10T18:17:09.208Z] [DEBUG] Connected to MongoDB
[2025-08-10T18:17:09.300Z] [INFO] Found 1 company databases
[2025-08-10T18:17:09.301Z] [DEBUG] Processing company database: company_ry0iwbpw
[2025-08-10T18:17:09.374Z] [DEBUG] Finding reports to execute in company_ry0iwbpw (current time: 2025-08-10T18:17:09.374Z)
[2025-08-10T18:17:09.447Z] [INFO] Found 0 reports to execute in company_ry0iwbpw
[2025-08-10T18:17:09.447Z] [INFO] Scheduled reports check completed
[2025-08-10T18:17:09.449Z] [DEBUG] MongoDB connection closed
[2025-08-10T18:17:18.405Z] [INFO] Checking for scheduled reports...
[2025-08-10T18:17:19.184Z] [DEBUG] Connected to MongoDB
[2025-08-10T18:17:19.264Z] [INFO] Found 1 company databases
[2025-08-10T18:17:19.265Z] [DEBUG] Processing company database: company_ry0iwbpw
[2025-08-10T18:17:19.336Z] [DEBUG] Finding reports to execute in company_ry0iwbpw (current time: 2025-08-10T18:17:19.336Z)
[2025-08-10T18:17:19.407Z] [INFO] Found 0 reports to execute in company_ry0iwbpw
[2025-08-10T18:17:19.407Z] [INFO] Scheduled reports check completed
[2025-08-10T18:17:19.409Z] [DEBUG] MongoDB connection closed
[2025-08-10T18:17:28.406Z] [INFO] Checking for scheduled reports...
[2025-08-10T18:17:29.216Z] [DEBUG] Connected to MongoDB
[2025-08-10T18:17:29.295Z] [INFO] Found 1 company databases
[2025-08-10T18:17:29.296Z] [DEBUG] Processing company database: company_ry0iwbpw
[2025-08-10T18:17:29.367Z] [DEBUG] Finding reports to execute in company_ry0iwbpw (current time: 2025-08-10T18:17:29.367Z)
[2025-08-10T18:17:29.438Z] [INFO] Found 0 reports to execute in company_ry0iwbpw
[2025-08-10T18:17:29.438Z] [INFO] Scheduled reports check completed
[2025-08-10T18:17:29.441Z] [DEBUG] MongoDB connection closed
[2025-08-10T18:17:38.407Z] [INFO] Checking for scheduled reports...
[2025-08-10T18:17:39.211Z] [DEBUG] Connected to MongoDB
[2025-08-10T18:17:39.290Z] [INFO] Found 1 company databases
[2025-08-10T18:17:39.290Z] [DEBUG] Processing company database: company_ry0iwbpw
[2025-08-10T18:17:39.362Z] [DEBUG] Finding reports to execute in company_ry0iwbpw (current time: 2025-08-10T18:17:39.362Z)
[2025-08-10T18:17:39.433Z] [INFO] Found 0 reports to execute in company_ry0iwbpw
[2025-08-10T18:17:39.434Z] [INFO] Scheduled reports check completed
[2025-08-10T18:17:39.438Z] [DEBUG] MongoDB connection closed
[2025-08-10T18:17:48.408Z] [INFO] Checking for scheduled reports...
[2025-08-10T18:17:49.173Z] [DEBUG] Connected to MongoDB
[2025-08-10T18:17:49.249Z] [INFO] Found 1 company databases
[2025-08-10T18:17:49.249Z] [DEBUG] Processing company database: company_ry0iwbpw
[2025-08-10T18:17:49.318Z] [DEBUG] Finding reports to execute in company_ry0iwbpw (current time: 2025-08-10T18:17:49.318Z)
[2025-08-10T18:17:49.385Z] [INFO] Found 0 reports to execute in company_ry0iwbpw
[2025-08-10T18:17:49.386Z] [INFO] Scheduled reports check completed
[2025-08-10T18:17:49.388Z] [DEBUG] MongoDB connection closed
[2025-08-10T18:17:58.408Z] [INFO] Checking for scheduled reports...
[2025-08-10T18:17:59.216Z] [DEBUG] Connected to MongoDB
[2025-08-10T18:17:59.295Z] [INFO] Found 1 company databases
[2025-08-10T18:17:59.296Z] [DEBUG] Processing company database: company_ry0iwbpw
[2025-08-10T18:17:59.367Z] [DEBUG] Finding reports to execute in company_ry0iwbpw (current time: 2025-08-10T18:17:59.367Z)
[2025-08-10T18:17:59.438Z] [INFO] Found 0 reports to execute in company_ry0iwbpw
[2025-08-10T18:17:59.439Z] [INFO] Scheduled reports check completed
[2025-08-10T18:17:59.441Z] [DEBUG] MongoDB connection closed
[2025-08-10T18:18:08.410Z] [INFO] Checking for scheduled reports...
[2025-08-10T18:18:09.202Z] [DEBUG] Connected to MongoDB
[2025-08-10T18:18:09.277Z] [INFO] Found 1 company databases
[2025-08-10T18:18:09.278Z] [DEBUG] Processing company database: company_ry0iwbpw
[2025-08-10T18:18:09.345Z] [DEBUG] Finding reports to execute in company_ry0iwbpw (current time: 2025-08-10T18:18:09.345Z)
[2025-08-10T18:18:09.414Z] [INFO] Found 0 reports to execute in company_ry0iwbpw
[2025-08-10T18:18:09.414Z] [INFO] Scheduled reports check completed
[2025-08-10T18:18:09.416Z] [DEBUG] MongoDB connection closed
[2025-08-10T18:18:18.411Z] [INFO] Checking for scheduled reports...
[2025-08-10T18:18:19.168Z] [DEBUG] Connected to MongoDB
[2025-08-10T18:18:19.244Z] [INFO] Found 1 company databases
[2025-08-10T18:18:19.245Z] [DEBUG] Processing company database: company_ry0iwbpw
[2025-08-10T18:18:19.314Z] [DEBUG] Finding reports to execute in company_ry0iwbpw (current time: 2025-08-10T18:18:19.314Z)
[2025-08-10T18:18:19.383Z] [INFO] Found 0 reports to execute in company_ry0iwbpw
[2025-08-10T18:18:19.383Z] [INFO] Scheduled reports check completed
[2025-08-10T18:18:19.386Z] [DEBUG] MongoDB connection closed
[2025-08-10T18:18:28.414Z] [INFO] Checking for scheduled reports...
[2025-08-10T18:18:29.233Z] [DEBUG] Connected to MongoDB
[2025-08-10T18:18:29.314Z] [INFO] Found 1 company databases
[2025-08-10T18:18:29.315Z] [DEBUG] Processing company database: company_ry0iwbpw
[2025-08-10T18:18:29.387Z] [DEBUG] Finding reports to execute in company_ry0iwbpw (current time: 2025-08-10T18:18:29.387Z)
[2025-08-10T18:18:29.459Z] [INFO] Found 0 reports to execute in company_ry0iwbpw
[2025-08-10T18:18:29.460Z] [INFO] Scheduled reports check completed
[2025-08-10T18:18:29.461Z] [DEBUG] MongoDB connection closed
[2025-08-10T18:18:38.415Z] [INFO] Checking for scheduled reports...
[2025-08-10T18:18:39.212Z] [DEBUG] Connected to MongoDB
[2025-08-10T18:18:39.292Z] [INFO] Found 1 company databases
[2025-08-10T18:18:39.293Z] [DEBUG] Processing company database: company_ry0iwbpw
[2025-08-10T18:18:39.365Z] [DEBUG] Finding reports to execute in company_ry0iwbpw (current time: 2025-08-10T18:18:39.365Z)
[2025-08-10T18:18:39.436Z] [INFO] Found 0 reports to execute in company_ry0iwbpw
[2025-08-10T18:18:39.437Z] [INFO] Scheduled reports check completed
[2025-08-10T18:18:39.439Z] [DEBUG] MongoDB connection closed
[2025-08-10T18:18:48.417Z] [INFO] Checking for scheduled reports...
[2025-08-10T18:18:49.229Z] [DEBUG] Connected to MongoDB
[2025-08-10T18:18:49.308Z] [INFO] Found 1 company databases
[2025-08-10T18:18:49.309Z] [DEBUG] Processing company database: company_ry0iwbpw
[2025-08-10T18:18:49.380Z] [DEBUG] Finding reports to execute in company_ry0iwbpw (current time: 2025-08-10T18:18:49.380Z)
[2025-08-10T18:18:49.453Z] [INFO] Found 0 reports to execute in company_ry0iwbpw
[2025-08-10T18:18:49.454Z] [INFO] Scheduled reports check completed
[2025-08-10T18:18:49.456Z] [DEBUG] MongoDB connection closed
[2025-08-10T18:18:58.418Z] [INFO] Checking for scheduled reports...
[2025-08-10T18:18:59.217Z] [DEBUG] Connected to MongoDB
[2025-08-10T18:18:59.294Z] [INFO] Found 1 company databases
[2025-08-10T18:18:59.294Z] [DEBUG] Processing company database: company_ry0iwbpw
[2025-08-10T18:18:59.363Z] [DEBUG] Finding reports to execute in company_ry0iwbpw (current time: 2025-08-10T18:18:59.363Z)
[2025-08-10T18:18:59.432Z] [INFO] Found 0 reports to execute in company_ry0iwbpw
[2025-08-10T18:18:59.433Z] [INFO] Scheduled reports check completed
[2025-08-10T18:18:59.435Z] [DEBUG] MongoDB connection closed
[2025-08-10T18:19:08.419Z] [INFO] Checking for scheduled reports...
[2025-08-10T18:19:09.197Z] [DEBUG] Connected to MongoDB
[2025-08-10T18:19:09.274Z] [INFO] Found 1 company databases
[2025-08-10T18:19:09.275Z] [DEBUG] Processing company database: company_ry0iwbpw
[2025-08-10T18:19:09.344Z] [DEBUG] Finding reports to execute in company_ry0iwbpw (current time: 2025-08-10T18:19:09.344Z)
[2025-08-10T18:19:09.413Z] [INFO] Found 0 reports to execute in company_ry0iwbpw
[2025-08-10T18:19:09.413Z] [INFO] Scheduled reports check completed
[2025-08-10T18:19:09.415Z] [DEBUG] MongoDB connection closed
[2025-08-10T18:19:18.421Z] [INFO] Checking for scheduled reports...
[2025-08-10T18:19:19.210Z] [DEBUG] Connected to MongoDB
[2025-08-10T18:19:19.289Z] [INFO] Found 1 company databases
[2025-08-10T18:19:19.289Z] [DEBUG] Processing company database: company_ry0iwbpw
[2025-08-10T18:19:19.361Z] [DEBUG] Finding reports to execute in company_ry0iwbpw (current time: 2025-08-10T18:19:19.361Z)
[2025-08-10T18:19:19.432Z] [INFO] Found 0 reports to execute in company_ry0iwbpw
[2025-08-10T18:19:19.433Z] [INFO] Scheduled reports check completed
[2025-08-10T18:19:19.435Z] [DEBUG] MongoDB connection closed
[2025-08-10T18:19:28.423Z] [INFO] Checking for scheduled reports...
[2025-08-10T18:19:29.223Z] [DEBUG] Connected to MongoDB
[2025-08-10T18:19:29.300Z] [INFO] Found 1 company databases
[2025-08-10T18:19:29.301Z] [DEBUG] Processing company database: company_ry0iwbpw
[2025-08-10T18:19:29.370Z] [DEBUG] Finding reports to execute in company_ry0iwbpw (current time: 2025-08-10T18:19:29.370Z)
[2025-08-10T18:19:29.438Z] [INFO] Found 0 reports to execute in company_ry0iwbpw
[2025-08-10T18:19:29.439Z] [INFO] Scheduled reports check completed
[2025-08-10T18:19:29.441Z] [DEBUG] MongoDB connection closed
[2025-08-10T18:19:38.423Z] [INFO] Checking for scheduled reports...
[2025-08-10T18:19:39.198Z] [DEBUG] Connected to MongoDB
[2025-08-10T18:19:39.272Z] [INFO] Found 1 company databases
[2025-08-10T18:19:39.273Z] [DEBUG] Processing company database: company_ry0iwbpw
[2025-08-10T18:19:39.341Z] [DEBUG] Finding reports to execute in company_ry0iwbpw (current time: 2025-08-10T18:19:39.341Z)
[2025-08-10T18:19:39.408Z] [INFO] Found 0 reports to execute in company_ry0iwbpw
[2025-08-10T18:19:39.409Z] [INFO] Scheduled reports check completed
[2025-08-10T18:19:39.411Z] [DEBUG] MongoDB connection closed
[2025-08-10T18:19:48.426Z] [INFO] Checking for scheduled reports...
[2025-08-10T18:19:49.220Z] [DEBUG] Connected to MongoDB
[2025-08-10T18:19:49.299Z] [INFO] Found 1 company databases
[2025-08-10T18:19:49.300Z] [DEBUG] Processing company database: company_ry0iwbpw
[2025-08-10T18:19:49.372Z] [DEBUG] Finding reports to execute in company_ry0iwbpw (current time: 2025-08-10T18:19:49.372Z)
[2025-08-10T18:19:49.443Z] [INFO] Found 0 reports to execute in company_ry0iwbpw
[2025-08-10T18:19:49.443Z] [INFO] Scheduled reports check completed
[2025-08-10T18:19:49.445Z] [DEBUG] MongoDB connection closed
[2025-08-10T18:19:58.427Z] [INFO] Checking for scheduled reports...
[2025-08-10T18:19:59.238Z] [DEBUG] Connected to MongoDB
[2025-08-10T18:19:59.318Z] [INFO] Found 1 company databases
[2025-08-10T18:19:59.318Z] [DEBUG] Processing company database: company_ry0iwbpw
[2025-08-10T18:19:59.391Z] [DEBUG] Finding reports to execute in company_ry0iwbpw (current time: 2025-08-10T18:19:59.391Z)
[2025-08-10T18:19:59.463Z] [INFO] Found 0 reports to execute in company_ry0iwbpw
[2025-08-10T18:19:59.464Z] [INFO] Scheduled reports check completed
[2025-08-10T18:19:59.466Z] [DEBUG] MongoDB connection closed
[2025-08-10T18:20:08.428Z] [INFO] Checking for scheduled reports...
[2025-08-10T18:20:09.210Z] [DEBUG] Connected to MongoDB
[2025-08-10T18:20:09.285Z] [INFO] Found 1 company databases
[2025-08-10T18:20:09.286Z] [DEBUG] Processing company database: company_ry0iwbpw
[2025-08-10T18:20:09.353Z] [DEBUG] Finding reports to execute in company_ry0iwbpw (current time: 2025-08-10T18:20:09.353Z)
[2025-08-10T18:20:09.419Z] [INFO] Found 0 reports to execute in company_ry0iwbpw
[2025-08-10T18:20:09.419Z] [INFO] Scheduled reports check completed
[2025-08-10T18:20:09.421Z] [DEBUG] MongoDB connection closed
[2025-08-10T18:20:18.428Z] [INFO] Checking for scheduled reports...
[2025-08-10T18:20:19.240Z] [DEBUG] Connected to MongoDB
[2025-08-10T18:20:19.320Z] [INFO] Found 1 company databases
[2025-08-10T18:20:19.321Z] [DEBUG] Processing company database: company_ry0iwbpw
[2025-08-10T18:20:19.393Z] [DEBUG] Finding reports to execute in company_ry0iwbpw (current time: 2025-08-10T18:20:19.393Z)
[2025-08-10T18:20:19.465Z] [INFO] Found 0 reports to execute in company_ry0iwbpw
[2025-08-10T18:20:19.465Z] [INFO] Scheduled reports check completed
[2025-08-10T18:20:19.467Z] [DEBUG] MongoDB connection closed
[2025-08-10T18:20:28.430Z] [INFO] Checking for scheduled reports...
[2025-08-10T18:20:29.244Z] [DEBUG] Connected to MongoDB
[2025-08-10T18:20:29.324Z] [INFO] Found 1 company databases
[2025-08-10T18:20:29.325Z] [DEBUG] Processing company database: company_ry0iwbpw
[2025-08-10T18:20:29.398Z] [DEBUG] Finding reports to execute in company_ry0iwbpw (current time: 2025-08-10T18:20:29.398Z)
[2025-08-10T18:20:29.470Z] [INFO] Found 0 reports to execute in company_ry0iwbpw
[2025-08-10T18:20:29.470Z] [INFO] Scheduled reports check completed
[2025-08-10T18:20:29.472Z] [DEBUG] MongoDB connection closed
[2025-08-10T18:20:38.431Z] [INFO] Checking for scheduled reports...
[2025-08-10T18:20:39.181Z] [DEBUG] Connected to MongoDB
[2025-08-10T18:20:39.257Z] [INFO] Found 1 company databases
[2025-08-10T18:20:39.257Z] [DEBUG] Processing company database: company_ry0iwbpw
[2025-08-10T18:20:39.325Z] [DEBUG] Finding reports to execute in company_ry0iwbpw (current time: 2025-08-10T18:20:39.325Z)
[2025-08-10T18:20:39.392Z] [INFO] Found 0 reports to execute in company_ry0iwbpw
[2025-08-10T18:20:39.393Z] [INFO] Scheduled reports check completed
[2025-08-10T18:20:39.395Z] [DEBUG] MongoDB connection closed
[2025-08-10T18:20:48.433Z] [INFO] Checking for scheduled reports...
[2025-08-10T18:20:49.232Z] [DEBUG] Connected to MongoDB
[2025-08-10T18:20:49.308Z] [INFO] Found 1 company databases
[2025-08-10T18:20:49.309Z] [DEBUG] Processing company database: company_ry0iwbpw
[2025-08-10T18:20:49.378Z] [DEBUG] Finding reports to execute in company_ry0iwbpw (current time: 2025-08-10T18:20:49.378Z)
[2025-08-10T18:20:49.446Z] [INFO] Found 0 reports to execute in company_ry0iwbpw
[2025-08-10T18:20:49.447Z] [INFO] Scheduled reports check completed
[2025-08-10T18:20:49.449Z] [DEBUG] MongoDB connection closed
[2025-08-10T18:20:58.436Z] [INFO] Checking for scheduled reports...
[2025-08-10T18:20:59.216Z] [DEBUG] Connected to MongoDB
[2025-08-10T18:20:59.292Z] [INFO] Found 1 company databases
[2025-08-10T18:20:59.292Z] [DEBUG] Processing company database: company_ry0iwbpw
[2025-08-10T18:20:59.362Z] [DEBUG] Finding reports to execute in company_ry0iwbpw (current time: 2025-08-10T18:20:59.362Z)
[2025-08-10T18:20:59.433Z] [INFO] Found 0 reports to execute in company_ry0iwbpw
[2025-08-10T18:20:59.433Z] [INFO] Scheduled reports check completed
[2025-08-10T18:20:59.435Z] [DEBUG] MongoDB connection closed
[2025-08-10T18:21:08.438Z] [INFO] Checking for scheduled reports...
[2025-08-10T18:21:09.227Z] [DEBUG] Connected to MongoDB
[2025-08-10T18:21:09.308Z] [INFO] Found 1 company databases
[2025-08-10T18:21:09.308Z] [DEBUG] Processing company database: company_ry0iwbpw
[2025-08-10T18:21:09.382Z] [DEBUG] Finding reports to execute in company_ry0iwbpw (current time: 2025-08-10T18:21:09.382Z)
[2025-08-10T18:21:09.455Z] [INFO] Found 0 reports to execute in company_ry0iwbpw
[2025-08-10T18:21:09.455Z] [INFO] Scheduled reports check completed
[2025-08-10T18:21:09.458Z] [DEBUG] MongoDB connection closed
[2025-08-10T18:21:18.441Z] [INFO] Checking for scheduled reports...
[2025-08-10T18:21:19.263Z] [DEBUG] Connected to MongoDB
[2025-08-10T18:21:19.342Z] [INFO] Found 1 company databases
[2025-08-10T18:21:19.343Z] [DEBUG] Processing company database: company_ry0iwbpw
[2025-08-10T18:21:19.415Z] [DEBUG] Finding reports to execute in company_ry0iwbpw (current time: 2025-08-10T18:21:19.415Z)
[2025-08-10T18:21:19.486Z] [INFO] Found 0 reports to execute in company_ry0iwbpw
[2025-08-10T18:21:19.486Z] [INFO] Scheduled reports check completed
[2025-08-10T18:21:19.489Z] [DEBUG] MongoDB connection closed
[2025-08-10T18:21:28.441Z] [INFO] Checking for scheduled reports...
[2025-08-10T18:21:29.269Z] [DEBUG] Connected to MongoDB
[2025-08-10T18:21:29.349Z] [INFO] Found 1 company databases
[2025-08-10T18:21:29.350Z] [DEBUG] Processing company database: company_ry0iwbpw
[2025-08-10T18:21:29.423Z] [DEBUG] Finding reports to execute in company_ry0iwbpw (current time: 2025-08-10T18:21:29.423Z)
[2025-08-10T18:21:29.495Z] [INFO] Found 0 reports to execute in company_ry0iwbpw
[2025-08-10T18:21:29.495Z] [INFO] Scheduled reports check completed
[2025-08-10T18:21:29.497Z] [DEBUG] MongoDB connection closed
[2025-08-10T18:21:38.443Z] [INFO] Checking for scheduled reports...
[2025-08-10T18:21:39.227Z] [DEBUG] Connected to MongoDB
[2025-08-10T18:21:39.307Z] [INFO] Found 1 company databases
[2025-08-10T18:21:39.308Z] [DEBUG] Processing company database: company_ry0iwbpw
[2025-08-10T18:21:39.381Z] [DEBUG] Finding reports to execute in company_ry0iwbpw (current time: 2025-08-10T18:21:39.381Z)
[2025-08-10T18:21:39.453Z] [INFO] Found 0 reports to execute in company_ry0iwbpw
[2025-08-10T18:21:39.453Z] [INFO] Scheduled reports check completed
[2025-08-10T18:21:39.455Z] [DEBUG] MongoDB connection closed
[2025-08-10T18:21:48.443Z] [INFO] Checking for scheduled reports...
[2025-08-10T18:21:49.220Z] [DEBUG] Connected to MongoDB
[2025-08-10T18:21:49.296Z] [INFO] Found 1 company databases
[2025-08-10T18:21:49.296Z] [DEBUG] Processing company database: company_ry0iwbpw
[2025-08-10T18:21:49.364Z] [DEBUG] Finding reports to execute in company_ry0iwbpw (current time: 2025-08-10T18:21:49.364Z)
[2025-08-10T18:21:49.430Z] [INFO] Found 0 reports to execute in company_ry0iwbpw
[2025-08-10T18:21:49.431Z] [INFO] Scheduled reports check completed
[2025-08-10T18:21:49.433Z] [DEBUG] MongoDB connection closed
[2025-08-10T18:21:58.445Z] [INFO] Checking for scheduled reports...
[2025-08-10T18:21:59.225Z] [DEBUG] Connected to MongoDB
[2025-08-10T18:21:59.299Z] [INFO] Found 1 company databases
[2025-08-10T18:21:59.300Z] [DEBUG] Processing company database: company_ry0iwbpw
[2025-08-10T18:21:59.367Z] [DEBUG] Finding reports to execute in company_ry0iwbpw (current time: 2025-08-10T18:21:59.367Z)
[2025-08-10T18:21:59.434Z] [INFO] Found 0 reports to execute in company_ry0iwbpw
[2025-08-10T18:21:59.435Z] [INFO] Scheduled reports check completed
[2025-08-10T18:21:59.437Z] [DEBUG] MongoDB connection closed
[2025-08-10T18:22:08.447Z] [INFO] Checking for scheduled reports...
[2025-08-10T18:22:09.220Z] [DEBUG] Connected to MongoDB
[2025-08-10T18:22:09.296Z] [INFO] Found 1 company databases
[2025-08-10T18:22:09.296Z] [DEBUG] Processing company database: company_ry0iwbpw
[2025-08-10T18:22:09.429Z] [DEBUG] Finding reports to execute in company_ry0iwbpw (current time: 2025-08-10T18:22:09.429Z)
[2025-08-10T18:22:09.498Z] [INFO] Found 0 reports to execute in company_ry0iwbpw
[2025-08-10T18:22:09.498Z] [INFO] Scheduled reports check completed
[2025-08-10T18:22:09.500Z] [DEBUG] MongoDB connection closed
[2025-08-10T18:22:18.447Z] [INFO] Checking for scheduled reports...
[2025-08-10T18:22:19.265Z] [DEBUG] Connected to MongoDB
[2025-08-10T18:22:19.346Z] [INFO] Found 1 company databases
[2025-08-10T18:22:19.346Z] [DEBUG] Processing company database: company_ry0iwbpw
[2025-08-10T18:22:19.419Z] [DEBUG] Finding reports to execute in company_ry0iwbpw (current time: 2025-08-10T18:22:19.419Z)
[2025-08-10T18:22:19.491Z] [INFO] Found 0 reports to execute in company_ry0iwbpw
[2025-08-10T18:22:19.491Z] [INFO] Scheduled reports check completed
[2025-08-10T18:22:19.493Z] [DEBUG] MongoDB connection closed
[2025-08-10T18:22:28.448Z] [INFO] Checking for scheduled reports...
[2025-08-10T18:22:29.255Z] [DEBUG] Connected to MongoDB
[2025-08-10T18:22:29.335Z] [INFO] Found 1 company databases
[2025-08-10T18:22:29.336Z] [DEBUG] Processing company database: company_ry0iwbpw
[2025-08-10T18:22:29.406Z] [DEBUG] Finding reports to execute in company_ry0iwbpw (current time: 2025-08-10T18:22:29.406Z)
[2025-08-10T18:22:29.478Z] [INFO] Found 0 reports to execute in company_ry0iwbpw
[2025-08-10T18:22:29.478Z] [INFO] Scheduled reports check completed
[2025-08-10T18:22:29.481Z] [DEBUG] MongoDB connection closed
[2025-08-10T18:22:38.449Z] [INFO] Checking for scheduled reports...
[2025-08-10T18:22:39.234Z] [DEBUG] Connected to MongoDB
[2025-08-10T18:22:39.312Z] [INFO] Found 1 company databases
[2025-08-10T18:22:39.313Z] [DEBUG] Processing company database: company_ry0iwbpw
[2025-08-10T18:22:39.384Z] [DEBUG] Finding reports to execute in company_ry0iwbpw (current time: 2025-08-10T18:22:39.384Z)
[2025-08-10T18:22:39.455Z] [INFO] Found 0 reports to execute in company_ry0iwbpw
[2025-08-10T18:22:39.455Z] [INFO] Scheduled reports check completed
[2025-08-10T18:22:39.457Z] [DEBUG] MongoDB connection closed
[2025-08-10T18:22:48.451Z] [INFO] Checking for scheduled reports...
[2025-08-10T18:22:49.272Z] [DEBUG] Connected to MongoDB
[2025-08-10T18:22:49.353Z] [INFO] Found 1 company databases
[2025-08-10T18:22:49.353Z] [DEBUG] Processing company database: company_ry0iwbpw
[2025-08-10T18:22:49.425Z] [DEBUG] Finding reports to execute in company_ry0iwbpw (current time: 2025-08-10T18:22:49.425Z)
[2025-08-10T18:22:49.496Z] [INFO] Found 0 reports to execute in company_ry0iwbpw
[2025-08-10T18:22:49.497Z] [INFO] Scheduled reports check completed
[2025-08-10T18:22:49.499Z] [DEBUG] MongoDB connection closed
[2025-08-10T18:22:58.452Z] [INFO] Checking for scheduled reports...
[2025-08-10T18:22:59.230Z] [DEBUG] Connected to MongoDB
[2025-08-10T18:22:59.305Z] [INFO] Found 1 company databases
[2025-08-10T18:22:59.306Z] [DEBUG] Processing company database: company_ry0iwbpw
[2025-08-10T18:22:59.374Z] [DEBUG] Finding reports to execute in company_ry0iwbpw (current time: 2025-08-10T18:22:59.374Z)
[2025-08-10T18:22:59.441Z] [INFO] Found 0 reports to execute in company_ry0iwbpw
[2025-08-10T18:22:59.441Z] [INFO] Scheduled reports check completed
[2025-08-10T18:22:59.444Z] [DEBUG] MongoDB connection closed
[2025-08-10T18:23:08.454Z] [INFO] Checking for scheduled reports...
[2025-08-10T18:23:09.225Z] [DEBUG] Connected to MongoDB
[2025-08-10T18:23:09.302Z] [INFO] Found 1 company databases
[2025-08-10T18:23:09.302Z] [DEBUG] Processing company database: company_ry0iwbpw
[2025-08-10T18:23:09.371Z] [DEBUG] Finding reports to execute in company_ry0iwbpw (current time: 2025-08-10T18:23:09.371Z)
[2025-08-10T18:23:09.439Z] [INFO] Found 0 reports to execute in company_ry0iwbpw
[2025-08-10T18:23:09.440Z] [INFO] Scheduled reports check completed
[2025-08-10T18:23:09.442Z] [DEBUG] MongoDB connection closed
[2025-08-10T18:23:18.455Z] [INFO] Checking for scheduled reports...
[2025-08-10T18:23:19.250Z] [DEBUG] Connected to MongoDB
[2025-08-10T18:23:19.330Z] [INFO] Found 1 company databases
[2025-08-10T18:23:19.331Z] [DEBUG] Processing company database: company_ry0iwbpw
[2025-08-10T18:23:19.403Z] [DEBUG] Finding reports to execute in company_ry0iwbpw (current time: 2025-08-10T18:23:19.403Z)
[2025-08-10T18:23:19.474Z] [INFO] Found 0 reports to execute in company_ry0iwbpw
[2025-08-10T18:23:19.475Z] [INFO] Scheduled reports check completed
[2025-08-10T18:23:19.477Z] [DEBUG] MongoDB connection closed
[2025-08-10T18:23:28.458Z] [INFO] Checking for scheduled reports...
[2025-08-10T18:23:29.271Z] [DEBUG] Connected to MongoDB
[2025-08-10T18:23:29.350Z] [INFO] Found 1 company databases
[2025-08-10T18:23:29.351Z] [DEBUG] Processing company database: company_ry0iwbpw
[2025-08-10T18:23:29.424Z] [DEBUG] Finding reports to execute in company_ry0iwbpw (current time: 2025-08-10T18:23:29.424Z)
[2025-08-10T18:23:29.495Z] [INFO] Found 0 reports to execute in company_ry0iwbpw
[2025-08-10T18:23:29.496Z] [INFO] Scheduled reports check completed
[2025-08-10T18:23:29.498Z] [DEBUG] MongoDB connection closed
[2025-08-10T18:23:38.460Z] [INFO] Checking for scheduled reports...
[2025-08-10T18:23:39.257Z] [DEBUG] Connected to MongoDB
[2025-08-10T18:23:39.338Z] [INFO] Found 1 company databases
[2025-08-10T18:23:39.338Z] [DEBUG] Processing company database: company_ry0iwbpw
[2025-08-10T18:23:39.411Z] [DEBUG] Finding reports to execute in company_ry0iwbpw (current time: 2025-08-10T18:23:39.411Z)
[2025-08-10T18:23:39.483Z] [INFO] Found 0 reports to execute in company_ry0iwbpw
[2025-08-10T18:23:39.484Z] [INFO] Scheduled reports check completed
[2025-08-10T18:23:39.486Z] [DEBUG] MongoDB connection closed
[2025-08-10T18:23:48.462Z] [INFO] Checking for scheduled reports...
[2025-08-10T18:23:49.243Z] [DEBUG] Connected to MongoDB
[2025-08-10T18:23:49.318Z] [INFO] Found 1 company databases
[2025-08-10T18:23:49.319Z] [DEBUG] Processing company database: company_ry0iwbpw
[2025-08-10T18:23:49.389Z] [DEBUG] Finding reports to execute in company_ry0iwbpw (current time: 2025-08-10T18:23:49.389Z)
[2025-08-10T18:23:49.456Z] [INFO] Found 0 reports to execute in company_ry0iwbpw
[2025-08-10T18:23:49.457Z] [INFO] Scheduled reports check completed
[2025-08-10T18:23:49.459Z] [DEBUG] MongoDB connection closed
[2025-08-10T18:23:58.464Z] [INFO] Checking for scheduled reports...
[2025-08-10T18:23:59.252Z] [DEBUG] Connected to MongoDB
[2025-08-10T18:23:59.334Z] [INFO] Found 1 company databases
[2025-08-10T18:23:59.334Z] [DEBUG] Processing company database: company_ry0iwbpw
[2025-08-10T18:23:59.407Z] [DEBUG] Finding reports to execute in company_ry0iwbpw (current time: 2025-08-10T18:23:59.407Z)
[2025-08-10T18:23:59.481Z] [INFO] Found 0 reports to execute in company_ry0iwbpw
[2025-08-10T18:23:59.481Z] [INFO] Scheduled reports check completed
[2025-08-10T18:23:59.483Z] [DEBUG] MongoDB connection closed
[2025-08-10T18:24:08.464Z] [INFO] Checking for scheduled reports...
[2025-08-10T18:24:09.231Z] [DEBUG] Connected to MongoDB
[2025-08-10T18:24:09.307Z] [INFO] Found 1 company databases
[2025-08-10T18:24:09.308Z] [DEBUG] Processing company database: company_ry0iwbpw
[2025-08-10T18:24:09.376Z] [DEBUG] Finding reports to execute in company_ry0iwbpw (current time: 2025-08-10T18:24:09.376Z)
[2025-08-10T18:24:09.443Z] [INFO] Found 0 reports to execute in company_ry0iwbpw
[2025-08-10T18:24:09.444Z] [INFO] Scheduled reports check completed
[2025-08-10T18:24:09.446Z] [DEBUG] MongoDB connection closed
[2025-08-10T18:24:18.464Z] [INFO] Checking for scheduled reports...
[2025-08-10T18:24:19.265Z] [DEBUG] Connected to MongoDB
[2025-08-10T18:24:19.345Z] [INFO] Found 1 company databases
[2025-08-10T18:24:19.345Z] [DEBUG] Processing company database: company_ry0iwbpw
[2025-08-10T18:24:19.417Z] [DEBUG] Finding reports to execute in company_ry0iwbpw (current time: 2025-08-10T18:24:19.417Z)
[2025-08-10T18:24:19.489Z] [INFO] Found 0 reports to execute in company_ry0iwbpw
[2025-08-10T18:24:19.489Z] [INFO] Scheduled reports check completed
[2025-08-10T18:24:19.491Z] [DEBUG] MongoDB connection closed
[2025-08-10T18:24:28.464Z] [INFO] Checking for scheduled reports...
[2025-08-10T18:24:29.268Z] [DEBUG] Connected to MongoDB
[2025-08-10T18:24:29.348Z] [INFO] Found 1 company databases
[2025-08-10T18:24:29.348Z] [DEBUG] Processing company database: company_ry0iwbpw
[2025-08-10T18:24:29.420Z] [DEBUG] Finding reports to execute in company_ry0iwbpw (current time: 2025-08-10T18:24:29.420Z)
[2025-08-10T18:24:29.490Z] [INFO] Found 0 reports to execute in company_ry0iwbpw
[2025-08-10T18:24:29.491Z] [INFO] Scheduled reports check completed
[2025-08-10T18:24:29.493Z] [DEBUG] MongoDB connection closed
[2025-08-10T18:24:38.464Z] [INFO] Checking for scheduled reports...
[2025-08-10T18:24:39.231Z] [DEBUG] Connected to MongoDB
[2025-08-10T18:24:39.306Z] [INFO] Found 1 company databases
[2025-08-10T18:24:39.307Z] [DEBUG] Processing company database: company_ry0iwbpw
[2025-08-10T18:24:39.374Z] [DEBUG] Finding reports to execute in company_ry0iwbpw (current time: 2025-08-10T18:24:39.374Z)
[2025-08-10T18:24:39.442Z] [INFO] Found 0 reports to execute in company_ry0iwbpw
[2025-08-10T18:24:39.442Z] [INFO] Scheduled reports check completed
[2025-08-10T18:24:39.444Z] [DEBUG] MongoDB connection closed
[2025-08-10T18:24:48.464Z] [INFO] Checking for scheduled reports...
[2025-08-10T18:24:49.261Z] [DEBUG] Connected to MongoDB
[2025-08-10T18:24:49.337Z] [INFO] Found 1 company databases
[2025-08-10T18:24:49.338Z] [DEBUG] Processing company database: company_ry0iwbpw
[2025-08-10T18:24:49.407Z] [DEBUG] Finding reports to execute in company_ry0iwbpw (current time: 2025-08-10T18:24:49.407Z)
[2025-08-10T18:24:49.475Z] [INFO] Found 0 reports to execute in company_ry0iwbpw
[2025-08-10T18:24:49.476Z] [INFO] Scheduled reports check completed
[2025-08-10T18:24:49.479Z] [DEBUG] MongoDB connection closed
[2025-08-10T18:24:58.467Z] [INFO] Checking for scheduled reports...
[2025-08-10T18:24:59.267Z] [DEBUG] Connected to MongoDB
[2025-08-10T18:24:59.347Z] [INFO] Found 1 company databases
[2025-08-10T18:24:59.348Z] [DEBUG] Processing company database: company_ry0iwbpw
[2025-08-10T18:24:59.420Z] [DEBUG] Finding reports to execute in company_ry0iwbpw (current time: 2025-08-10T18:24:59.420Z)
[2025-08-10T18:24:59.493Z] [INFO] Found 0 reports to execute in company_ry0iwbpw
[2025-08-10T18:24:59.493Z] [INFO] Scheduled reports check completed
[2025-08-10T18:24:59.495Z] [DEBUG] MongoDB connection closed
[2025-08-10T18:25:08.467Z] [INFO] Checking for scheduled reports...
[2025-08-10T18:25:09.252Z] [DEBUG] Connected to MongoDB
[2025-08-10T18:25:09.332Z] [INFO] Found 1 company databases
[2025-08-10T18:25:09.333Z] [DEBUG] Processing company database: company_ry0iwbpw
[2025-08-10T18:25:09.406Z] [DEBUG] Finding reports to execute in company_ry0iwbpw (current time: 2025-08-10T18:25:09.406Z)
[2025-08-10T18:25:09.478Z] [INFO] Found 0 reports to execute in company_ry0iwbpw
[2025-08-10T18:25:09.479Z] [INFO] Scheduled reports check completed
[2025-08-10T18:25:09.481Z] [DEBUG] MongoDB connection closed
[2025-08-10T18:25:18.470Z] [INFO] Checking for scheduled reports...
[2025-08-10T18:25:19.288Z] [DEBUG] Connected to MongoDB
[2025-08-10T18:25:19.369Z] [INFO] Found 1 company databases
[2025-08-10T18:25:19.370Z] [DEBUG] Processing company database: company_ry0iwbpw
[2025-08-10T18:25:19.443Z] [DEBUG] Finding reports to execute in company_ry0iwbpw (current time: 2025-08-10T18:25:19.443Z)
[2025-08-10T18:25:19.515Z] [INFO] Found 0 reports to execute in company_ry0iwbpw
[2025-08-10T18:25:19.516Z] [INFO] Scheduled reports check completed
[2025-08-10T18:25:19.518Z] [DEBUG] MongoDB connection closed
[2025-08-10T18:25:28.471Z] [INFO] Checking for scheduled reports...
[2025-08-10T18:25:29.290Z] [DEBUG] Connected to MongoDB
[2025-08-10T18:25:29.372Z] [INFO] Found 1 company databases
[2025-08-10T18:25:29.372Z] [DEBUG] Processing company database: company_ry0iwbpw
[2025-08-10T18:25:29.447Z] [DEBUG] Finding reports to execute in company_ry0iwbpw (current time: 2025-08-10T18:25:29.447Z)
[2025-08-10T18:25:29.520Z] [INFO] Found 0 reports to execute in company_ry0iwbpw
[2025-08-10T18:25:29.520Z] [INFO] Scheduled reports check completed
[2025-08-10T18:25:29.523Z] [DEBUG] MongoDB connection closed
[2025-08-10T18:25:38.471Z] [INFO] Checking for scheduled reports...
[2025-08-10T18:25:39.252Z] [DEBUG] Connected to MongoDB
[2025-08-10T18:25:39.332Z] [INFO] Found 1 company databases
[2025-08-10T18:25:39.332Z] [DEBUG] Processing company database: company_ry0iwbpw
[2025-08-10T18:25:39.404Z] [DEBUG] Finding reports to execute in company_ry0iwbpw (current time: 2025-08-10T18:25:39.404Z)
[2025-08-10T18:25:39.475Z] [INFO] Found 0 reports to execute in company_ry0iwbpw
[2025-08-10T18:25:39.476Z] [INFO] Scheduled reports check completed
[2025-08-10T18:25:39.478Z] [DEBUG] MongoDB connection closed
[2025-08-10T18:25:48.471Z] [INFO] Checking for scheduled reports...
[2025-08-10T18:25:49.247Z] [DEBUG] Connected to MongoDB
[2025-08-10T18:25:49.323Z] [INFO] Found 1 company databases
[2025-08-10T18:25:49.324Z] [DEBUG] Processing company database: company_ry0iwbpw
[2025-08-10T18:25:49.392Z] [DEBUG] Finding reports to execute in company_ry0iwbpw (current time: 2025-08-10T18:25:49.392Z)
[2025-08-10T18:25:49.461Z] [INFO] Found 0 reports to execute in company_ry0iwbpw
[2025-08-10T18:25:49.461Z] [INFO] Scheduled reports check completed
[2025-08-10T18:25:49.464Z] [DEBUG] MongoDB connection closed
[2025-08-10T18:25:58.473Z] [INFO] Checking for scheduled reports...
[2025-08-10T18:25:59.278Z] [DEBUG] Connected to MongoDB
[2025-08-10T18:25:59.356Z] [INFO] Found 1 company databases
[2025-08-10T18:25:59.357Z] [DEBUG] Processing company database: company_ry0iwbpw
[2025-08-10T18:25:59.428Z] [DEBUG] Finding reports to execute in company_ry0iwbpw (current time: 2025-08-10T18:25:59.428Z)
[2025-08-10T18:25:59.499Z] [INFO] Found 0 reports to execute in company_ry0iwbpw
[2025-08-10T18:25:59.499Z] [INFO] Scheduled reports check completed
[2025-08-10T18:25:59.501Z] [DEBUG] MongoDB connection closed
[2025-08-10T18:26:08.476Z] [INFO] Checking for scheduled reports...
[2025-08-10T18:26:09.247Z] [DEBUG] Connected to MongoDB
[2025-08-10T18:26:09.322Z] [INFO] Found 1 company databases
[2025-08-10T18:26:09.323Z] [DEBUG] Processing company database: company_ry0iwbpw
[2025-08-10T18:26:09.393Z] [DEBUG] Finding reports to execute in company_ry0iwbpw (current time: 2025-08-10T18:26:09.393Z)
[2025-08-10T18:26:09.460Z] [INFO] Found 0 reports to execute in company_ry0iwbpw
[2025-08-10T18:26:09.461Z] [INFO] Scheduled reports check completed
[2025-08-10T18:26:09.463Z] [DEBUG] MongoDB connection closed
[2025-08-10T18:26:18.478Z] [INFO] Checking for scheduled reports...
[2025-08-10T18:26:19.253Z] [DEBUG] Connected to MongoDB
[2025-08-10T18:26:19.328Z] [INFO] Found 1 company databases
[2025-08-10T18:26:19.329Z] [DEBUG] Processing company database: company_ry0iwbpw
[2025-08-10T18:26:19.396Z] [DEBUG] Finding reports to execute in company_ry0iwbpw (current time: 2025-08-10T18:26:19.396Z)
[2025-08-10T18:26:19.464Z] [INFO] Found 0 reports to execute in company_ry0iwbpw
[2025-08-10T18:26:19.465Z] [INFO] Scheduled reports check completed
[2025-08-10T18:26:19.466Z] [DEBUG] MongoDB connection closed
[2025-08-10T18:26:28.480Z] [INFO] Checking for scheduled reports...
[2025-08-10T18:26:29.260Z] [DEBUG] Connected to MongoDB
[2025-08-10T18:26:29.336Z] [INFO] Found 1 company databases
[2025-08-10T18:26:29.336Z] [DEBUG] Processing company database: company_ry0iwbpw
[2025-08-10T18:26:29.404Z] [DEBUG] Finding reports to execute in company_ry0iwbpw (current time: 2025-08-10T18:26:29.404Z)
[2025-08-10T18:26:29.472Z] [INFO] Found 0 reports to execute in company_ry0iwbpw
[2025-08-10T18:26:29.472Z] [INFO] Scheduled reports check completed
[2025-08-10T18:26:29.474Z] [DEBUG] MongoDB connection closed
[2025-08-10T18:26:38.481Z] [INFO] Checking for scheduled reports...
[2025-08-10T18:26:39.238Z] [DEBUG] Connected to MongoDB
[2025-08-10T18:26:39.313Z] [INFO] Found 1 company databases
[2025-08-10T18:26:39.313Z] [DEBUG] Processing company database: company_ry0iwbpw
[2025-08-10T18:26:39.381Z] [DEBUG] Finding reports to execute in company_ry0iwbpw (current time: 2025-08-10T18:26:39.381Z)
[2025-08-10T18:26:39.449Z] [INFO] Found 0 reports to execute in company_ry0iwbpw
[2025-08-10T18:26:39.449Z] [INFO] Scheduled reports check completed
[2025-08-10T18:26:39.451Z] [DEBUG] MongoDB connection closed
[2025-08-10T18:26:48.480Z] [INFO] Checking for scheduled reports...
[2025-08-10T18:26:49.333Z] [DEBUG] Connected to MongoDB
[2025-08-10T18:26:49.413Z] [INFO] Found 1 company databases
[2025-08-10T18:26:49.414Z] [DEBUG] Processing company database: company_ry0iwbpw
[2025-08-10T18:26:49.488Z] [DEBUG] Finding reports to execute in company_ry0iwbpw (current time: 2025-08-10T18:26:49.488Z)
[2025-08-10T18:26:49.562Z] [INFO] Found 0 reports to execute in company_ry0iwbpw
[2025-08-10T18:26:49.562Z] [INFO] Scheduled reports check completed
[2025-08-10T18:26:49.564Z] [DEBUG] MongoDB connection closed
[2025-08-10T18:26:58.480Z] [INFO] Checking for scheduled reports...
[2025-08-10T18:26:59.269Z] [DEBUG] Connected to MongoDB
[2025-08-10T18:26:59.346Z] [INFO] Found 1 company databases
[2025-08-10T18:26:59.347Z] [DEBUG] Processing company database: company_ry0iwbpw
[2025-08-10T18:26:59.416Z] [DEBUG] Finding reports to execute in company_ry0iwbpw (current time: 2025-08-10T18:26:59.416Z)
[2025-08-10T18:26:59.485Z] [INFO] Found 0 reports to execute in company_ry0iwbpw
[2025-08-10T18:26:59.485Z] [INFO] Scheduled reports check completed
[2025-08-10T18:26:59.488Z] [DEBUG] MongoDB connection closed
[2025-08-10T18:27:08.482Z] [INFO] Checking for scheduled reports...
[2025-08-10T18:27:09.252Z] [DEBUG] Connected to MongoDB
[2025-08-10T18:27:09.331Z] [INFO] Found 1 company databases
[2025-08-10T18:27:09.331Z] [DEBUG] Processing company database: company_ry0iwbpw
[2025-08-10T18:27:09.402Z] [DEBUG] Finding reports to execute in company_ry0iwbpw (current time: 2025-08-10T18:27:09.402Z)
[2025-08-10T18:27:09.473Z] [INFO] Found 0 reports to execute in company_ry0iwbpw
[2025-08-10T18:27:09.474Z] [INFO] Scheduled reports check completed
[2025-08-10T18:27:09.476Z] [DEBUG] MongoDB connection closed
[2025-08-10T18:27:18.482Z] [INFO] Checking for scheduled reports...
[2025-08-10T18:27:19.312Z] [DEBUG] Connected to MongoDB
[2025-08-10T18:27:19.391Z] [INFO] Found 1 company databases
[2025-08-10T18:27:19.392Z] [DEBUG] Processing company database: company_ry0iwbpw
[2025-08-10T18:27:19.465Z] [DEBUG] Finding reports to execute in company_ry0iwbpw (current time: 2025-08-10T18:27:19.465Z)
[2025-08-10T18:27:19.537Z] [INFO] Found 0 reports to execute in company_ry0iwbpw
[2025-08-10T18:27:19.538Z] [INFO] Scheduled reports check completed
[2025-08-10T18:27:19.540Z] [DEBUG] MongoDB connection closed
[2025-08-10T18:27:28.482Z] [INFO] Checking for scheduled reports...
[2025-08-10T18:27:29.257Z] [DEBUG] Connected to MongoDB
[2025-08-10T18:27:29.333Z] [INFO] Found 1 company databases
[2025-08-10T18:27:29.334Z] [DEBUG] Processing company database: company_ry0iwbpw
[2025-08-10T18:27:29.403Z] [DEBUG] Finding reports to execute in company_ry0iwbpw (current time: 2025-08-10T18:27:29.403Z)
[2025-08-10T18:27:29.472Z] [INFO] Found 0 reports to execute in company_ry0iwbpw
[2025-08-10T18:27:29.472Z] [INFO] Scheduled reports check completed
[2025-08-10T18:27:29.474Z] [DEBUG] MongoDB connection closed
[2025-08-10T18:27:38.484Z] [INFO] Checking for scheduled reports...
[2025-08-10T18:27:39.236Z] [DEBUG] Connected to MongoDB
[2025-08-10T18:27:39.313Z] [INFO] Found 1 company databases
[2025-08-10T18:27:39.313Z] [DEBUG] Processing company database: company_ry0iwbpw
[2025-08-10T18:27:39.381Z] [DEBUG] Finding reports to execute in company_ry0iwbpw (current time: 2025-08-10T18:27:39.381Z)
[2025-08-10T18:27:39.449Z] [INFO] Found 0 reports to execute in company_ry0iwbpw
[2025-08-10T18:27:39.450Z] [INFO] Scheduled reports check completed
[2025-08-10T18:27:39.452Z] [DEBUG] MongoDB connection closed
[2025-08-10T18:27:48.487Z] [INFO] Checking for scheduled reports...
[2025-08-10T18:27:49.288Z] [DEBUG] Connected to MongoDB
[2025-08-10T18:27:49.367Z] [INFO] Found 1 company databases
[2025-08-10T18:27:49.368Z] [DEBUG] Processing company database: company_ry0iwbpw
[2025-08-10T18:27:49.441Z] [DEBUG] Finding reports to execute in company_ry0iwbpw (current time: 2025-08-10T18:27:49.441Z)
[2025-08-10T18:27:49.515Z] [INFO] Found 0 reports to execute in company_ry0iwbpw
[2025-08-10T18:27:49.515Z] [INFO] Scheduled reports check completed
[2025-08-10T18:27:49.518Z] [DEBUG] MongoDB connection closed
[2025-08-10T18:27:58.488Z] [INFO] Checking for scheduled reports...
[2025-08-10T18:27:59.294Z] [DEBUG] Connected to MongoDB
[2025-08-10T18:27:59.371Z] [INFO] Found 1 company databases
[2025-08-10T18:27:59.371Z] [DEBUG] Processing company database: company_ry0iwbpw
[2025-08-10T18:27:59.440Z] [DEBUG] Finding reports to execute in company_ry0iwbpw (current time: 2025-08-10T18:27:59.440Z)
[2025-08-10T18:27:59.508Z] [INFO] Found 0 reports to execute in company_ry0iwbpw
[2025-08-10T18:27:59.508Z] [INFO] Scheduled reports check completed
[2025-08-10T18:27:59.510Z] [DEBUG] MongoDB connection closed
[2025-08-10T18:28:08.488Z] [INFO] Checking for scheduled reports...
[2025-08-10T18:28:09.237Z] [DEBUG] Connected to MongoDB
[2025-08-10T18:28:09.312Z] [INFO] Found 1 company databases
[2025-08-10T18:28:09.313Z] [DEBUG] Processing company database: company_ry0iwbpw
[2025-08-10T18:28:09.380Z] [DEBUG] Finding reports to execute in company_ry0iwbpw (current time: 2025-08-10T18:28:09.380Z)
[2025-08-10T18:28:09.448Z] [INFO] Found 0 reports to execute in company_ry0iwbpw
[2025-08-10T18:28:09.449Z] [INFO] Scheduled reports check completed
[2025-08-10T18:28:09.451Z] [DEBUG] MongoDB connection closed
[2025-08-10T18:28:18.490Z] [INFO] Checking for scheduled reports...
[2025-08-10T18:28:19.286Z] [DEBUG] Connected to MongoDB
[2025-08-10T18:28:19.363Z] [INFO] Found 1 company databases
[2025-08-10T18:28:19.363Z] [DEBUG] Processing company database: company_ry0iwbpw
[2025-08-10T18:28:19.432Z] [DEBUG] Finding reports to execute in company_ry0iwbpw (current time: 2025-08-10T18:28:19.432Z)
[2025-08-10T18:28:19.500Z] [INFO] Found 0 reports to execute in company_ry0iwbpw
[2025-08-10T18:28:19.501Z] [INFO] Scheduled reports check completed
[2025-08-10T18:28:19.503Z] [DEBUG] MongoDB connection closed
[2025-08-10T18:28:28.493Z] [INFO] Checking for scheduled reports...
[2025-08-10T18:28:29.313Z] [DEBUG] Connected to MongoDB
[2025-08-10T18:28:29.391Z] [INFO] Found 1 company databases
[2025-08-10T18:28:29.392Z] [DEBUG] Processing company database: company_ry0iwbpw
[2025-08-10T18:28:29.465Z] [DEBUG] Finding reports to execute in company_ry0iwbpw (current time: 2025-08-10T18:28:29.465Z)
[2025-08-10T18:28:29.535Z] [INFO] Found 0 reports to execute in company_ry0iwbpw
[2025-08-10T18:28:29.535Z] [INFO] Scheduled reports check completed
[2025-08-10T18:28:29.538Z] [DEBUG] MongoDB connection closed
[2025-08-10T18:28:38.494Z] [INFO] Checking for scheduled reports...
[2025-08-10T18:28:39.276Z] [DEBUG] Connected to MongoDB
[2025-08-10T18:28:39.352Z] [INFO] Found 1 company databases
[2025-08-10T18:28:39.352Z] [DEBUG] Processing company database: company_ry0iwbpw
[2025-08-10T18:28:39.421Z] [DEBUG] Finding reports to execute in company_ry0iwbpw (current time: 2025-08-10T18:28:39.421Z)
[2025-08-10T18:28:39.490Z] [INFO] Found 0 reports to execute in company_ry0iwbpw
[2025-08-10T18:28:39.490Z] [INFO] Scheduled reports check completed
[2025-08-10T18:28:39.492Z] [DEBUG] MongoDB connection closed
[2025-08-10T18:28:48.496Z] [INFO] Checking for scheduled reports...
[2025-08-10T18:28:49.301Z] [DEBUG] Connected to MongoDB
[2025-08-10T18:28:49.380Z] [INFO] Found 1 company databases
[2025-08-10T18:28:49.380Z] [DEBUG] Processing company database: company_ry0iwbpw
[2025-08-10T18:28:49.452Z] [DEBUG] Finding reports to execute in company_ry0iwbpw (current time: 2025-08-10T18:28:49.452Z)
[2025-08-10T18:28:49.523Z] [INFO] Found 0 reports to execute in company_ry0iwbpw
[2025-08-10T18:28:49.523Z] [INFO] Scheduled reports check completed
[2025-08-10T18:28:49.525Z] [DEBUG] MongoDB connection closed
[2025-08-10T18:28:58.496Z] [INFO] Checking for scheduled reports...
[2025-08-10T18:28:59.285Z] [DEBUG] Connected to MongoDB
[2025-08-10T18:28:59.365Z] [INFO] Found 1 company databases
[2025-08-10T18:28:59.365Z] [DEBUG] Processing company database: company_ry0iwbpw
[2025-08-10T18:28:59.436Z] [DEBUG] Finding reports to execute in company_ry0iwbpw (current time: 2025-08-10T18:28:59.436Z)
[2025-08-10T18:28:59.507Z] [INFO] Found 0 reports to execute in company_ry0iwbpw
[2025-08-10T18:28:59.508Z] [INFO] Scheduled reports check completed
[2025-08-10T18:28:59.511Z] [DEBUG] MongoDB connection closed
[2025-08-10T18:29:08.498Z] [INFO] Checking for scheduled reports...
[2025-08-10T18:29:09.261Z] [DEBUG] Connected to MongoDB
[2025-08-10T18:29:09.336Z] [INFO] Found 1 company databases
[2025-08-10T18:29:09.337Z] [DEBUG] Processing company database: company_ry0iwbpw
[2025-08-10T18:29:09.404Z] [DEBUG] Finding reports to execute in company_ry0iwbpw (current time: 2025-08-10T18:29:09.404Z)
[2025-08-10T18:29:09.471Z] [INFO] Found 0 reports to execute in company_ry0iwbpw
[2025-08-10T18:29:09.471Z] [INFO] Scheduled reports check completed
[2025-08-10T18:29:09.474Z] [DEBUG] MongoDB connection closed
[2025-08-10T18:29:18.500Z] [INFO] Checking for scheduled reports...
[2025-08-10T18:29:19.312Z] [DEBUG] Connected to MongoDB
[2025-08-10T18:29:19.392Z] [INFO] Found 1 company databases
[2025-08-10T18:29:19.392Z] [DEBUG] Processing company database: company_ry0iwbpw
[2025-08-10T18:29:19.467Z] [DEBUG] Finding reports to execute in company_ry0iwbpw (current time: 2025-08-10T18:29:19.467Z)
[2025-08-10T18:29:19.540Z] [INFO] Found 0 reports to execute in company_ry0iwbpw
[2025-08-10T18:29:19.540Z] [INFO] Scheduled reports check completed
[2025-08-10T18:29:19.542Z] [DEBUG] MongoDB connection closed
[2025-08-10T18:29:28.501Z] [INFO] Checking for scheduled reports...
[2025-08-10T18:29:29.277Z] [DEBUG] Connected to MongoDB
[2025-08-10T18:29:29.354Z] [INFO] Found 1 company databases
[2025-08-10T18:29:29.354Z] [DEBUG] Processing company database: company_ry0iwbpw
[2025-08-10T18:29:29.423Z] [DEBUG] Finding reports to execute in company_ry0iwbpw (current time: 2025-08-10T18:29:29.423Z)
[2025-08-10T18:29:29.490Z] [INFO] Found 0 reports to execute in company_ry0iwbpw
[2025-08-10T18:29:29.491Z] [INFO] Scheduled reports check completed
[2025-08-10T18:29:29.493Z] [DEBUG] MongoDB connection closed
[2025-08-10T18:29:38.502Z] [INFO] Checking for scheduled reports...
[2025-08-10T18:29:39.289Z] [DEBUG] Connected to MongoDB
[2025-08-10T18:29:39.365Z] [INFO] Found 1 company databases
[2025-08-10T18:29:39.366Z] [DEBUG] Processing company database: company_ry0iwbpw
[2025-08-10T18:29:39.435Z] [DEBUG] Finding reports to execute in company_ry0iwbpw (current time: 2025-08-10T18:29:39.435Z)
[2025-08-10T18:29:39.503Z] [INFO] Found 0 reports to execute in company_ry0iwbpw
[2025-08-10T18:29:39.504Z] [INFO] Scheduled reports check completed
[2025-08-10T18:29:39.506Z] [DEBUG] MongoDB connection closed
[2025-08-10T18:29:48.505Z] [INFO] Checking for scheduled reports...
[2025-08-10T18:29:49.342Z] [DEBUG] Connected to MongoDB
[2025-08-10T18:29:49.422Z] [INFO] Found 1 company databases
[2025-08-10T18:29:49.423Z] [DEBUG] Processing company database: company_ry0iwbpw
[2025-08-10T18:29:49.495Z] [DEBUG] Finding reports to execute in company_ry0iwbpw (current time: 2025-08-10T18:29:49.495Z)
[2025-08-10T18:29:49.568Z] [INFO] Found 0 reports to execute in company_ry0iwbpw
[2025-08-10T18:29:49.568Z] [INFO] Scheduled reports check completed
[2025-08-10T18:29:49.570Z] [DEBUG] MongoDB connection closed
[2025-08-10T18:29:58.505Z] [INFO] Checking for scheduled reports...
[2025-08-10T18:29:59.271Z] [DEBUG] Connected to MongoDB
[2025-08-10T18:29:59.346Z] [INFO] Found 1 company databases
[2025-08-10T18:29:59.346Z] [DEBUG] Processing company database: company_ry0iwbpw
[2025-08-10T18:29:59.414Z] [DEBUG] Finding reports to execute in company_ry0iwbpw (current time: 2025-08-10T18:29:59.414Z)
[2025-08-10T18:29:59.481Z] [INFO] Found 0 reports to execute in company_ry0iwbpw
[2025-08-10T18:29:59.481Z] [INFO] Scheduled reports check completed
[2025-08-10T18:29:59.483Z] [DEBUG] MongoDB connection closed
[2025-08-10T18:30:08.508Z] [INFO] Checking for scheduled reports...
[2025-08-10T18:30:09.282Z] [DEBUG] Connected to MongoDB
[2025-08-10T18:30:09.361Z] [INFO] Found 1 company databases
[2025-08-10T18:30:09.362Z] [DEBUG] Processing company database: company_ry0iwbpw
[2025-08-10T18:30:09.435Z] [DEBUG] Finding reports to execute in company_ry0iwbpw (current time: 2025-08-10T18:30:09.435Z)
[2025-08-10T18:30:09.506Z] [INFO] Found 0 reports to execute in company_ry0iwbpw
[2025-08-10T18:30:09.507Z] [INFO] Scheduled reports check completed
[2025-08-10T18:30:09.509Z] [DEBUG] MongoDB connection closed
[2025-08-10T18:30:18.509Z] [INFO] Checking for scheduled reports...
[2025-08-10T18:30:19.328Z] [DEBUG] Connected to MongoDB
[2025-08-10T18:30:19.407Z] [INFO] Found 1 company databases
[2025-08-10T18:30:19.408Z] [DEBUG] Processing company database: company_ry0iwbpw
[2025-08-10T18:30:19.480Z] [DEBUG] Finding reports to execute in company_ry0iwbpw (current time: 2025-08-10T18:30:19.480Z)
[2025-08-10T18:30:19.551Z] [INFO] Found 0 reports to execute in company_ry0iwbpw
[2025-08-10T18:30:19.551Z] [INFO] Scheduled reports check completed
[2025-08-10T18:30:19.554Z] [DEBUG] MongoDB connection closed
[2025-08-10T18:30:28.511Z] [INFO] Checking for scheduled reports...
[2025-08-10T18:30:29.343Z] [DEBUG] Connected to MongoDB
[2025-08-10T18:30:29.424Z] [INFO] Found 1 company databases
[2025-08-10T18:30:29.424Z] [DEBUG] Processing company database: company_ry0iwbpw
[2025-08-10T18:30:29.497Z] [DEBUG] Finding reports to execute in company_ry0iwbpw (current time: 2025-08-10T18:30:29.497Z)
[2025-08-10T18:30:29.570Z] [INFO] Found 0 reports to execute in company_ry0iwbpw
[2025-08-10T18:30:29.570Z] [INFO] Scheduled reports check completed
[2025-08-10T18:30:29.572Z] [DEBUG] MongoDB connection closed
[2025-08-10T18:30:38.513Z] [INFO] Checking for scheduled reports...
[2025-08-10T18:30:39.271Z] [DEBUG] Connected to MongoDB
[2025-08-10T18:30:39.347Z] [INFO] Found 1 company databases
[2025-08-10T18:30:39.348Z] [DEBUG] Processing company database: company_ry0iwbpw
[2025-08-10T18:30:39.416Z] [DEBUG] Finding reports to execute in company_ry0iwbpw (current time: 2025-08-10T18:30:39.416Z)
[2025-08-10T18:30:39.484Z] [INFO] Found 0 reports to execute in company_ry0iwbpw
[2025-08-10T18:30:39.485Z] [INFO] Scheduled reports check completed
[2025-08-10T18:30:39.487Z] [DEBUG] MongoDB connection closed
[2025-08-10T18:30:48.515Z] [INFO] Checking for scheduled reports...
[2025-08-10T18:30:49.338Z] [DEBUG] Connected to MongoDB
[2025-08-10T18:30:49.418Z] [INFO] Found 1 company databases
[2025-08-10T18:30:49.418Z] [DEBUG] Processing company database: company_ry0iwbpw
[2025-08-10T18:30:49.492Z] [DEBUG] Finding reports to execute in company_ry0iwbpw (current time: 2025-08-10T18:30:49.492Z)
[2025-08-10T18:30:49.563Z] [INFO] Found 0 reports to execute in company_ry0iwbpw
[2025-08-10T18:30:49.564Z] [INFO] Scheduled reports check completed
[2025-08-10T18:30:49.566Z] [DEBUG] MongoDB connection closed
[2025-08-10T18:30:58.517Z] [INFO] Checking for scheduled reports...
[2025-08-10T18:30:59.290Z] [DEBUG] Connected to MongoDB
[2025-08-10T18:30:59.365Z] [INFO] Found 1 company databases
[2025-08-10T18:30:59.366Z] [DEBUG] Processing company database: company_ry0iwbpw
[2025-08-10T18:30:59.434Z] [DEBUG] Finding reports to execute in company_ry0iwbpw (current time: 2025-08-10T18:30:59.434Z)
[2025-08-10T18:30:59.503Z] [INFO] Found 0 reports to execute in company_ry0iwbpw
[2025-08-10T18:30:59.503Z] [INFO] Scheduled reports check completed
[2025-08-10T18:30:59.505Z] [DEBUG] MongoDB connection closed
[2025-08-10T18:31:08.520Z] [INFO] Checking for scheduled reports...
[2025-08-10T18:31:09.286Z] [DEBUG] Connected to MongoDB
[2025-08-10T18:31:09.361Z] [INFO] Found 1 company databases
[2025-08-10T18:31:09.362Z] [DEBUG] Processing company database: company_ry0iwbpw
[2025-08-10T18:31:09.429Z] [DEBUG] Finding reports to execute in company_ry0iwbpw (current time: 2025-08-10T18:31:09.429Z)
[2025-08-10T18:31:09.497Z] [INFO] Found 0 reports to execute in company_ry0iwbpw
[2025-08-10T18:31:09.498Z] [INFO] Scheduled reports check completed
[2025-08-10T18:31:09.500Z] [DEBUG] MongoDB connection closed
[2025-08-10T18:31:18.520Z] [INFO] Checking for scheduled reports...
[2025-08-10T18:31:19.286Z] [DEBUG] Connected to MongoDB
[2025-08-10T18:31:19.361Z] [INFO] Found 1 company databases
[2025-08-10T18:31:19.362Z] [DEBUG] Processing company database: company_ry0iwbpw
[2025-08-10T18:31:19.430Z] [DEBUG] Finding reports to execute in company_ry0iwbpw (current time: 2025-08-10T18:31:19.430Z)
[2025-08-10T18:31:19.498Z] [INFO] Found 0 reports to execute in company_ry0iwbpw
[2025-08-10T18:31:19.499Z] [INFO] Scheduled reports check completed
[2025-08-10T18:31:19.501Z] [DEBUG] MongoDB connection closed
[2025-08-10T18:31:28.523Z] [INFO] Checking for scheduled reports...
[2025-08-10T18:31:29.319Z] [DEBUG] Connected to MongoDB
[2025-08-10T18:31:29.398Z] [INFO] Found 1 company databases
[2025-08-10T18:31:29.399Z] [DEBUG] Processing company database: company_ry0iwbpw
[2025-08-10T18:31:29.471Z] [DEBUG] Finding reports to execute in company_ry0iwbpw (current time: 2025-08-10T18:31:29.471Z)
[2025-08-10T18:31:29.543Z] [INFO] Found 0 reports to execute in company_ry0iwbpw
[2025-08-10T18:31:29.544Z] [INFO] Scheduled reports check completed
[2025-08-10T18:31:29.546Z] [DEBUG] MongoDB connection closed
[2025-08-10T18:31:38.523Z] [INFO] Checking for scheduled reports...
[2025-08-10T18:31:39.284Z] [DEBUG] Connected to MongoDB
[2025-08-10T18:31:39.359Z] [INFO] Found 1 company databases
[2025-08-10T18:31:39.360Z] [DEBUG] Processing company database: company_ry0iwbpw
[2025-08-10T18:31:39.427Z] [DEBUG] Finding reports to execute in company_ry0iwbpw (current time: 2025-08-10T18:31:39.427Z)
[2025-08-10T18:31:39.495Z] [INFO] Found 0 reports to execute in company_ry0iwbpw
[2025-08-10T18:31:39.496Z] [INFO] Scheduled reports check completed
[2025-08-10T18:31:39.497Z] [DEBUG] MongoDB connection closed
[2025-08-10T18:31:48.523Z] [INFO] Checking for scheduled reports...
[2025-08-10T18:31:49.332Z] [DEBUG] Connected to MongoDB
[2025-08-10T18:31:49.411Z] [INFO] Found 1 company databases
[2025-08-10T18:31:49.412Z] [DEBUG] Processing company database: company_ry0iwbpw
[2025-08-10T18:31:49.483Z] [DEBUG] Finding reports to execute in company_ry0iwbpw (current time: 2025-08-10T18:31:49.483Z)
[2025-08-10T18:31:49.555Z] [INFO] Found 0 reports to execute in company_ry0iwbpw
[2025-08-10T18:31:49.555Z] [INFO] Scheduled reports check completed
[2025-08-10T18:31:49.557Z] [DEBUG] MongoDB connection closed
[2025-08-10T18:31:58.524Z] [INFO] Checking for scheduled reports...
[2025-08-10T18:31:59.339Z] [DEBUG] Connected to MongoDB
[2025-08-10T18:31:59.421Z] [INFO] Found 1 company databases
[2025-08-10T18:31:59.421Z] [DEBUG] Processing company database: company_ry0iwbpw
[2025-08-10T18:31:59.495Z] [DEBUG] Finding reports to execute in company_ry0iwbpw (current time: 2025-08-10T18:31:59.495Z)
[2025-08-10T18:31:59.567Z] [INFO] Found 0 reports to execute in company_ry0iwbpw
[2025-08-10T18:31:59.568Z] [INFO] Scheduled reports check completed
[2025-08-10T18:31:59.571Z] [DEBUG] MongoDB connection closed
[2025-08-10T18:32:08.527Z] [INFO] Checking for scheduled reports...
[2025-08-10T18:32:09.327Z] [DEBUG] Connected to MongoDB
[2025-08-10T18:32:09.407Z] [INFO] Found 1 company databases
[2025-08-10T18:32:09.408Z] [DEBUG] Processing company database: company_ry0iwbpw
[2025-08-10T18:32:09.480Z] [DEBUG] Finding reports to execute in company_ry0iwbpw (current time: 2025-08-10T18:32:09.480Z)
[2025-08-10T18:32:09.552Z] [INFO] Found 0 reports to execute in company_ry0iwbpw
[2025-08-10T18:32:09.553Z] [INFO] Scheduled reports check completed
[2025-08-10T18:32:09.555Z] [DEBUG] MongoDB connection closed
[2025-08-10T18:32:18.528Z] [INFO] Checking for scheduled reports...
[2025-08-10T18:32:19.278Z] [DEBUG] Connected to MongoDB
[2025-08-10T18:32:19.354Z] [INFO] Found 1 company databases
[2025-08-10T18:32:19.354Z] [DEBUG] Processing company database: company_ry0iwbpw
[2025-08-10T18:32:19.423Z] [DEBUG] Finding reports to execute in company_ry0iwbpw (current time: 2025-08-10T18:32:19.423Z)
[2025-08-10T18:32:19.491Z] [INFO] Found 0 reports to execute in company_ry0iwbpw
[2025-08-10T18:32:19.491Z] [INFO] Scheduled reports check completed
[2025-08-10T18:32:19.493Z] [DEBUG] MongoDB connection closed
[2025-08-10T18:32:28.531Z] [INFO] Checking for scheduled reports...
[2025-08-10T18:32:29.334Z] [DEBUG] Connected to MongoDB
[2025-08-10T18:32:29.411Z] [INFO] Found 1 company databases
[2025-08-10T18:32:29.412Z] [DEBUG] Processing company database: company_ry0iwbpw
[2025-08-10T18:32:29.481Z] [DEBUG] Finding reports to execute in company_ry0iwbpw (current time: 2025-08-10T18:32:29.481Z)
[2025-08-10T18:32:29.549Z] [INFO] Found 0 reports to execute in company_ry0iwbpw
[2025-08-10T18:32:29.550Z] [INFO] Scheduled reports check completed
[2025-08-10T18:32:29.552Z] [DEBUG] MongoDB connection closed
[2025-08-10T18:32:38.533Z] [INFO] Checking for scheduled reports...
[2025-08-10T18:32:39.321Z] [DEBUG] Connected to MongoDB
[2025-08-10T18:32:39.401Z] [INFO] Found 1 company databases
[2025-08-10T18:32:39.402Z] [DEBUG] Processing company database: company_ry0iwbpw
[2025-08-10T18:32:39.475Z] [DEBUG] Finding reports to execute in company_ry0iwbpw (current time: 2025-08-10T18:32:39.475Z)
[2025-08-10T18:32:39.546Z] [INFO] Found 0 reports to execute in company_ry0iwbpw
[2025-08-10T18:32:39.547Z] [INFO] Scheduled reports check completed
[2025-08-10T18:32:39.549Z] [DEBUG] MongoDB connection closed
[2025-08-10T18:32:48.533Z] [INFO] Checking for scheduled reports...
[2025-08-10T18:32:49.302Z] [DEBUG] Connected to MongoDB
[2025-08-10T18:32:49.381Z] [INFO] Found 1 company databases
[2025-08-10T18:32:49.382Z] [DEBUG] Processing company database: company_ry0iwbpw
[2025-08-10T18:32:49.453Z] [DEBUG] Finding reports to execute in company_ry0iwbpw (current time: 2025-08-10T18:32:49.453Z)
[2025-08-10T18:32:49.524Z] [INFO] Found 0 reports to execute in company_ry0iwbpw
[2025-08-10T18:32:49.525Z] [INFO] Scheduled reports check completed
[2025-08-10T18:32:49.527Z] [DEBUG] MongoDB connection closed
[2025-08-10T18:32:58.535Z] [INFO] Checking for scheduled reports...
[2025-08-10T18:32:59.322Z] [DEBUG] Connected to MongoDB
[2025-08-10T18:32:59.399Z] [INFO] Found 1 company databases
[2025-08-10T18:32:59.400Z] [DEBUG] Processing company database: company_ry0iwbpw
[2025-08-10T18:32:59.469Z] [DEBUG] Finding reports to execute in company_ry0iwbpw (current time: 2025-08-10T18:32:59.469Z)
[2025-08-10T18:32:59.537Z] [INFO] Found 0 reports to execute in company_ry0iwbpw
[2025-08-10T18:32:59.537Z] [INFO] Scheduled reports check completed
[2025-08-10T18:32:59.539Z] [DEBUG] MongoDB connection closed
[2025-08-10T18:33:08.536Z] [INFO] Checking for scheduled reports...
[2025-08-10T18:33:09.341Z] [DEBUG] Connected to MongoDB
[2025-08-10T18:33:09.417Z] [INFO] Found 1 company databases
[2025-08-10T18:33:09.418Z] [DEBUG] Processing company database: company_ry0iwbpw
[2025-08-10T18:33:09.486Z] [DEBUG] Finding reports to execute in company_ry0iwbpw (current time: 2025-08-10T18:33:09.486Z)
[2025-08-10T18:33:09.554Z] [INFO] Found 0 reports to execute in company_ry0iwbpw
[2025-08-10T18:33:09.555Z] [INFO] Scheduled reports check completed
[2025-08-10T18:33:09.557Z] [DEBUG] MongoDB connection closed
[2025-08-10T18:33:18.539Z] [INFO] Checking for scheduled reports...
[2025-08-10T18:33:19.280Z] [DEBUG] Connected to MongoDB
[2025-08-10T18:33:19.355Z] [INFO] Found 1 company databases
[2025-08-10T18:33:19.356Z] [DEBUG] Processing company database: company_ry0iwbpw
[2025-08-10T18:33:19.423Z] [DEBUG] Finding reports to execute in company_ry0iwbpw (current time: 2025-08-10T18:33:19.423Z)
[2025-08-10T18:33:19.489Z] [INFO] Found 0 reports to execute in company_ry0iwbpw
[2025-08-10T18:33:19.490Z] [INFO] Scheduled reports check completed
[2025-08-10T18:33:19.492Z] [DEBUG] MongoDB connection closed
[2025-08-10T18:33:28.540Z] [INFO] Checking for scheduled reports...
[2025-08-10T18:33:29.346Z] [DEBUG] Connected to MongoDB
[2025-08-10T18:33:29.426Z] [INFO] Found 1 company databases
[2025-08-10T18:33:29.426Z] [DEBUG] Processing company database: company_ry0iwbpw
[2025-08-10T18:33:29.500Z] [DEBUG] Finding reports to execute in company_ry0iwbpw (current time: 2025-08-10T18:33:29.500Z)
[2025-08-10T18:33:29.572Z] [INFO] Found 0 reports to execute in company_ry0iwbpw
[2025-08-10T18:33:29.572Z] [INFO] Scheduled reports check completed
[2025-08-10T18:33:29.574Z] [DEBUG] MongoDB connection closed
[2025-08-10T18:33:38.542Z] [INFO] Checking for scheduled reports...
[2025-08-10T18:33:39.340Z] [DEBUG] Connected to MongoDB
[2025-08-10T18:33:39.420Z] [INFO] Found 1 company databases
[2025-08-10T18:33:39.420Z] [DEBUG] Processing company database: company_ry0iwbpw
[2025-08-10T18:33:39.492Z] [DEBUG] Finding reports to execute in company_ry0iwbpw (current time: 2025-08-10T18:33:39.492Z)
[2025-08-10T18:33:39.564Z] [INFO] Found 0 reports to execute in company_ry0iwbpw
[2025-08-10T18:33:39.565Z] [INFO] Scheduled reports check completed
[2025-08-10T18:33:39.568Z] [DEBUG] MongoDB connection closed
[2025-08-10T18:33:48.544Z] [INFO] Checking for scheduled reports...
[2025-08-10T18:33:49.342Z] [DEBUG] Connected to MongoDB
[2025-08-10T18:33:49.423Z] [INFO] Found 1 company databases
[2025-08-10T18:33:49.423Z] [DEBUG] Processing company database: company_ry0iwbpw
[2025-08-10T18:33:49.495Z] [DEBUG] Finding reports to execute in company_ry0iwbpw (current time: 2025-08-10T18:33:49.495Z)
[2025-08-10T18:33:49.565Z] [INFO] Found 0 reports to execute in company_ry0iwbpw
[2025-08-10T18:33:49.566Z] [INFO] Scheduled reports check completed
[2025-08-10T18:33:49.568Z] [DEBUG] MongoDB connection closed
[2025-08-10T18:33:58.546Z] [INFO] Checking for scheduled reports...
[2025-08-10T18:33:59.369Z] [DEBUG] Connected to MongoDB
[2025-08-10T18:33:59.449Z] [INFO] Found 1 company databases
[2025-08-10T18:33:59.450Z] [DEBUG] Processing company database: company_ry0iwbpw
[2025-08-10T18:33:59.523Z] [DEBUG] Finding reports to execute in company_ry0iwbpw (current time: 2025-08-10T18:33:59.523Z)
[2025-08-10T18:33:59.595Z] [INFO] Found 0 reports to execute in company_ry0iwbpw
[2025-08-10T18:33:59.595Z] [INFO] Scheduled reports check completed
[2025-08-10T18:33:59.597Z] [DEBUG] MongoDB connection closed
[2025-08-10T18:34:08.548Z] [INFO] Checking for scheduled reports...
[2025-08-10T18:34:09.359Z] [DEBUG] Connected to MongoDB
[2025-08-10T18:34:09.439Z] [INFO] Found 1 company databases
[2025-08-10T18:34:09.439Z] [DEBUG] Processing company database: company_ry0iwbpw
[2025-08-10T18:34:09.512Z] [DEBUG] Finding reports to execute in company_ry0iwbpw (current time: 2025-08-10T18:34:09.512Z)
[2025-08-10T18:34:09.585Z] [INFO] Found 0 reports to execute in company_ry0iwbpw
[2025-08-10T18:34:09.585Z] [INFO] Scheduled reports check completed
[2025-08-10T18:34:09.587Z] [DEBUG] MongoDB connection closed
[2025-08-10T18:34:18.551Z] [INFO] Checking for scheduled reports...
[2025-08-10T18:34:19.303Z] [DEBUG] Connected to MongoDB
[2025-08-10T18:34:19.379Z] [INFO] Found 1 company databases
[2025-08-10T18:34:19.379Z] [DEBUG] Processing company database: company_ry0iwbpw
[2025-08-10T18:34:19.448Z] [DEBUG] Finding reports to execute in company_ry0iwbpw (current time: 2025-08-10T18:34:19.448Z)
[2025-08-10T18:34:19.516Z] [INFO] Found 0 reports to execute in company_ry0iwbpw
[2025-08-10T18:34:19.516Z] [INFO] Scheduled reports check completed
[2025-08-10T18:34:19.518Z] [DEBUG] MongoDB connection closed
[2025-08-10T18:34:28.553Z] [INFO] Checking for scheduled reports...
[2025-08-10T18:34:29.365Z] [DEBUG] Connected to MongoDB
[2025-08-10T18:34:29.446Z] [INFO] Found 1 company databases
[2025-08-10T18:34:29.446Z] [DEBUG] Processing company database: company_ry0iwbpw
[2025-08-10T18:34:29.519Z] [DEBUG] Finding reports to execute in company_ry0iwbpw (current time: 2025-08-10T18:34:29.519Z)
[2025-08-10T18:34:29.591Z] [INFO] Found 0 reports to execute in company_ry0iwbpw
[2025-08-10T18:34:29.592Z] [INFO] Scheduled reports check completed
[2025-08-10T18:34:29.594Z] [DEBUG] MongoDB connection closed
[2025-08-10T18:34:38.553Z] [INFO] Checking for scheduled reports...
[2025-08-10T18:34:39.345Z] [DEBUG] Connected to MongoDB
[2025-08-10T18:34:39.424Z] [INFO] Found 1 company databases
[2025-08-10T18:34:39.424Z] [DEBUG] Processing company database: company_ry0iwbpw
[2025-08-10T18:34:39.496Z] [DEBUG] Finding reports to execute in company_ry0iwbpw (current time: 2025-08-10T18:34:39.496Z)
[2025-08-10T18:34:39.566Z] [INFO] Found 0 reports to execute in company_ry0iwbpw
[2025-08-10T18:34:39.567Z] [INFO] Scheduled reports check completed
[2025-08-10T18:34:39.569Z] [DEBUG] MongoDB connection closed
[2025-08-10T18:34:48.554Z] [INFO] Checking for scheduled reports...
[2025-08-10T18:34:49.324Z] [DEBUG] Connected to MongoDB
[2025-08-10T18:34:49.400Z] [INFO] Found 1 company databases
[2025-08-10T18:34:49.401Z] [DEBUG] Processing company database: company_ry0iwbpw
[2025-08-10T18:34:49.468Z] [DEBUG] Finding reports to execute in company_ry0iwbpw (current time: 2025-08-10T18:34:49.468Z)
[2025-08-10T18:34:49.537Z] [INFO] Found 0 reports to execute in company_ry0iwbpw
[2025-08-10T18:34:49.537Z] [INFO] Scheduled reports check completed
[2025-08-10T18:34:49.539Z] [DEBUG] MongoDB connection closed
[2025-08-10T18:34:58.554Z] [INFO] Checking for scheduled reports...
[2025-08-10T18:34:59.441Z] [DEBUG] Connected to MongoDB
[2025-08-10T18:34:59.523Z] [INFO] Found 1 company databases
[2025-08-10T18:34:59.523Z] [DEBUG] Processing company database: company_ry0iwbpw
[2025-08-10T18:34:59.596Z] [DEBUG] Finding reports to execute in company_ry0iwbpw (current time: 2025-08-10T18:34:59.596Z)
[2025-08-10T18:34:59.669Z] [INFO] Found 0 reports to execute in company_ry0iwbpw
[2025-08-10T18:34:59.670Z] [INFO] Scheduled reports check completed
[2025-08-10T18:34:59.672Z] [DEBUG] MongoDB connection closed
[2025-08-10T18:35:08.557Z] [INFO] Checking for scheduled reports...
[2025-08-10T18:35:09.391Z] [DEBUG] Connected to MongoDB
[2025-08-10T18:35:09.472Z] [INFO] Found 1 company databases
[2025-08-10T18:35:09.472Z] [DEBUG] Processing company database: company_ry0iwbpw
[2025-08-10T18:35:09.545Z] [DEBUG] Finding reports to execute in company_ry0iwbpw (current time: 2025-08-10T18:35:09.545Z)
[2025-08-10T18:35:09.618Z] [INFO] Found 0 reports to execute in company_ry0iwbpw
[2025-08-10T18:35:09.619Z] [INFO] Scheduled reports check completed
[2025-08-10T18:35:09.622Z] [DEBUG] MongoDB connection closed
[2025-08-10T18:35:18.558Z] [INFO] Checking for scheduled reports...
[2025-08-10T18:35:19.314Z] [DEBUG] Connected to MongoDB
[2025-08-10T18:35:19.389Z] [INFO] Found 1 company databases
[2025-08-10T18:35:19.390Z] [DEBUG] Processing company database: company_ry0iwbpw
[2025-08-10T18:35:19.456Z] [DEBUG] Finding reports to execute in company_ry0iwbpw (current time: 2025-08-10T18:35:19.456Z)
[2025-08-10T18:35:19.522Z] [INFO] Found 0 reports to execute in company_ry0iwbpw
[2025-08-10T18:35:19.523Z] [INFO] Scheduled reports check completed
[2025-08-10T18:35:19.525Z] [DEBUG] MongoDB connection closed
[2025-08-10T18:35:28.560Z] [INFO] Checking for scheduled reports...
[2025-08-10T18:35:29.324Z] [DEBUG] Connected to MongoDB
[2025-08-10T18:35:29.399Z] [INFO] Found 1 company databases
[2025-08-10T18:35:29.400Z] [DEBUG] Processing company database: company_ry0iwbpw
[2025-08-10T18:35:29.468Z] [DEBUG] Finding reports to execute in company_ry0iwbpw (current time: 2025-08-10T18:35:29.468Z)
[2025-08-10T18:35:29.535Z] [INFO] Found 0 reports to execute in company_ry0iwbpw
[2025-08-10T18:35:29.536Z] [INFO] Scheduled reports check completed
[2025-08-10T18:35:29.538Z] [DEBUG] MongoDB connection closed
[2025-08-10T18:35:38.561Z] [INFO] Checking for scheduled reports...
[2025-08-10T18:35:39.361Z] [DEBUG] Connected to MongoDB
[2025-08-10T18:35:39.439Z] [INFO] Found 1 company databases
[2025-08-10T18:35:39.440Z] [DEBUG] Processing company database: company_ry0iwbpw
[2025-08-10T18:35:39.511Z] [DEBUG] Finding reports to execute in company_ry0iwbpw (current time: 2025-08-10T18:35:39.511Z)
[2025-08-10T18:35:39.582Z] [INFO] Found 0 reports to execute in company_ry0iwbpw
[2025-08-10T18:35:39.582Z] [INFO] Scheduled reports check completed
[2025-08-10T18:35:39.584Z] [DEBUG] MongoDB connection closed
[2025-08-10T18:35:48.564Z] [INFO] Checking for scheduled reports...
[2025-08-10T18:35:49.364Z] [DEBUG] Connected to MongoDB
[2025-08-10T18:35:49.439Z] [INFO] Found 1 company databases
[2025-08-10T18:35:49.439Z] [DEBUG] Processing company database: company_ry0iwbpw
[2025-08-10T18:35:49.507Z] [DEBUG] Finding reports to execute in company_ry0iwbpw (current time: 2025-08-10T18:35:49.507Z)
[2025-08-10T18:35:49.574Z] [INFO] Found 0 reports to execute in company_ry0iwbpw
[2025-08-10T18:35:49.575Z] [INFO] Scheduled reports check completed
[2025-08-10T18:35:49.577Z] [DEBUG] MongoDB connection closed
[2025-08-10T18:35:58.566Z] [INFO] Checking for scheduled reports...
[2025-08-10T18:35:59.344Z] [DEBUG] Connected to MongoDB
[2025-08-10T18:35:59.425Z] [INFO] Found 1 company databases
[2025-08-10T18:35:59.426Z] [DEBUG] Processing company database: company_ry0iwbpw
[2025-08-10T18:35:59.497Z] [DEBUG] Finding reports to execute in company_ry0iwbpw (current time: 2025-08-10T18:35:59.497Z)
[2025-08-10T18:35:59.568Z] [INFO] Found 0 reports to execute in company_ry0iwbpw
[2025-08-10T18:35:59.569Z] [INFO] Scheduled reports check completed
[2025-08-10T18:35:59.571Z] [DEBUG] MongoDB connection closed
[2025-08-10T18:36:08.566Z] [INFO] Checking for scheduled reports...
[2025-08-10T18:36:09.348Z] [DEBUG] Connected to MongoDB
[2025-08-10T18:36:09.423Z] [INFO] Found 1 company databases
[2025-08-10T18:36:09.424Z] [DEBUG] Processing company database: company_ry0iwbpw
[2025-08-10T18:36:09.492Z] [DEBUG] Finding reports to execute in company_ry0iwbpw (current time: 2025-08-10T18:36:09.492Z)
[2025-08-10T18:36:09.560Z] [INFO] Found 0 reports to execute in company_ry0iwbpw
[2025-08-10T18:36:09.561Z] [INFO] Scheduled reports check completed
[2025-08-10T18:36:09.563Z] [DEBUG] MongoDB connection closed
[2025-08-10T18:36:18.567Z] [INFO] Checking for scheduled reports...
[2025-08-10T18:36:19.388Z] [DEBUG] Connected to MongoDB
[2025-08-10T18:36:19.468Z] [INFO] Found 1 company databases
[2025-08-10T18:36:19.469Z] [DEBUG] Processing company database: company_ry0iwbpw
[2025-08-10T18:36:19.543Z] [DEBUG] Finding reports to execute in company_ry0iwbpw (current time: 2025-08-10T18:36:19.543Z)
[2025-08-10T18:36:19.615Z] [INFO] Found 0 reports to execute in company_ry0iwbpw
[2025-08-10T18:36:19.616Z] [INFO] Scheduled reports check completed
[2025-08-10T18:36:19.618Z] [DEBUG] MongoDB connection closed
[2025-08-10T18:36:28.569Z] [INFO] Checking for scheduled reports...
[2025-08-10T18:36:29.334Z] [DEBUG] Connected to MongoDB
[2025-08-10T18:36:29.409Z] [INFO] Found 1 company databases
[2025-08-10T18:36:29.409Z] [DEBUG] Processing company database: company_ry0iwbpw
[2025-08-10T18:36:29.477Z] [DEBUG] Finding reports to execute in company_ry0iwbpw (current time: 2025-08-10T18:36:29.477Z)
[2025-08-10T18:36:29.545Z] [INFO] Found 0 reports to execute in company_ry0iwbpw
[2025-08-10T18:36:29.545Z] [INFO] Scheduled reports check completed
[2025-08-10T18:36:29.548Z] [DEBUG] MongoDB connection closed
[2025-08-10T18:36:38.570Z] [INFO] Checking for scheduled reports...
[2025-08-10T18:36:39.372Z] [DEBUG] Connected to MongoDB
[2025-08-10T18:36:39.453Z] [INFO] Found 1 company databases
[2025-08-10T18:36:39.453Z] [DEBUG] Processing company database: company_ry0iwbpw
[2025-08-10T18:36:39.526Z] [DEBUG] Finding reports to execute in company_ry0iwbpw (current time: 2025-08-10T18:36:39.526Z)
[2025-08-10T18:36:39.598Z] [INFO] Found 0 reports to execute in company_ry0iwbpw
[2025-08-10T18:36:39.599Z] [INFO] Scheduled reports check completed
[2025-08-10T18:36:39.601Z] [DEBUG] MongoDB connection closed
[2025-08-10T18:36:48.572Z] [INFO] Checking for scheduled reports...
[2025-08-10T18:36:49.383Z] [DEBUG] Connected to MongoDB
[2025-08-10T18:36:49.462Z] [INFO] Found 1 company databases
[2025-08-10T18:36:49.463Z] [DEBUG] Processing company database: company_ry0iwbpw
[2025-08-10T18:36:49.535Z] [DEBUG] Finding reports to execute in company_ry0iwbpw (current time: 2025-08-10T18:36:49.535Z)
[2025-08-10T18:36:49.606Z] [INFO] Found 0 reports to execute in company_ry0iwbpw
[2025-08-10T18:36:49.607Z] [INFO] Scheduled reports check completed
[2025-08-10T18:36:49.609Z] [DEBUG] MongoDB connection closed
[2025-08-10T18:36:58.574Z] [INFO] Checking for scheduled reports...
[2025-08-10T18:36:59.448Z] [DEBUG] Connected to MongoDB
[2025-08-10T18:36:59.529Z] [INFO] Found 1 company databases
[2025-08-10T18:36:59.530Z] [DEBUG] Processing company database: company_ry0iwbpw
[2025-08-10T18:36:59.603Z] [DEBUG] Finding reports to execute in company_ry0iwbpw (current time: 2025-08-10T18:36:59.603Z)
[2025-08-10T18:36:59.675Z] [INFO] Found 0 reports to execute in company_ry0iwbpw
[2025-08-10T18:36:59.676Z] [INFO] Scheduled reports check completed
[2025-08-10T18:36:59.678Z] [DEBUG] MongoDB connection closed
[2025-08-10T18:37:08.576Z] [INFO] Checking for scheduled reports...
[2025-08-10T18:37:09.351Z] [DEBUG] Connected to MongoDB
[2025-08-10T18:37:09.427Z] [INFO] Found 1 company databases
[2025-08-10T18:37:09.428Z] [DEBUG] Processing company database: company_ry0iwbpw
[2025-08-10T18:37:09.495Z] [DEBUG] Finding reports to execute in company_ry0iwbpw (current time: 2025-08-10T18:37:09.495Z)
[2025-08-10T18:37:09.567Z] [INFO] Found 0 reports to execute in company_ry0iwbpw
[2025-08-10T18:37:09.568Z] [INFO] Scheduled reports check completed
[2025-08-10T18:37:09.570Z] [DEBUG] MongoDB connection closed
[2025-08-10T18:37:18.577Z] [INFO] Checking for scheduled reports...
[2025-08-10T18:37:19.410Z] [DEBUG] Connected to MongoDB
[2025-08-10T18:37:19.485Z] [INFO] Found 1 company databases
[2025-08-10T18:37:19.486Z] [DEBUG] Processing company database: company_ry0iwbpw
[2025-08-10T18:37:19.553Z] [DEBUG] Finding reports to execute in company_ry0iwbpw (current time: 2025-08-10T18:37:19.553Z)
[2025-08-10T18:37:19.620Z] [INFO] Found 0 reports to execute in company_ry0iwbpw
[2025-08-10T18:37:19.620Z] [INFO] Scheduled reports check completed
[2025-08-10T18:37:19.622Z] [DEBUG] MongoDB connection closed
[2025-08-10T18:37:28.579Z] [INFO] Checking for scheduled reports...
[2025-08-10T18:37:29.356Z] [DEBUG] Connected to MongoDB
[2025-08-10T18:37:29.433Z] [INFO] Found 1 company databases
[2025-08-10T18:37:29.433Z] [DEBUG] Processing company database: company_ry0iwbpw
[2025-08-10T18:37:29.502Z] [DEBUG] Finding reports to execute in company_ry0iwbpw (current time: 2025-08-10T18:37:29.502Z)
[2025-08-10T18:37:29.571Z] [INFO] Found 0 reports to execute in company_ry0iwbpw
[2025-08-10T18:37:29.571Z] [INFO] Scheduled reports check completed
[2025-08-10T18:37:29.573Z] [DEBUG] MongoDB connection closed
[2025-08-10T18:37:38.581Z] [INFO] Checking for scheduled reports...
[2025-08-10T18:37:39.395Z] [DEBUG] Connected to MongoDB
[2025-08-10T18:37:39.476Z] [INFO] Found 1 company databases
[2025-08-10T18:37:39.477Z] [DEBUG] Processing company database: company_ry0iwbpw
[2025-08-10T18:37:39.550Z] [DEBUG] Finding reports to execute in company_ry0iwbpw (current time: 2025-08-10T18:37:39.550Z)
[2025-08-10T18:37:39.622Z] [INFO] Found 0 reports to execute in company_ry0iwbpw
[2025-08-10T18:37:39.623Z] [INFO] Scheduled reports check completed
[2025-08-10T18:37:39.625Z] [DEBUG] MongoDB connection closed
[2025-08-10T18:37:48.581Z] [INFO] Checking for scheduled reports...
[2025-08-10T18:37:49.359Z] [DEBUG] Connected to MongoDB
[2025-08-10T18:37:49.433Z] [INFO] Found 1 company databases
[2025-08-10T18:37:49.434Z] [DEBUG] Processing company database: company_ry0iwbpw
[2025-08-10T18:37:49.502Z] [DEBUG] Finding reports to execute in company_ry0iwbpw (current time: 2025-08-10T18:37:49.502Z)
[2025-08-10T18:37:49.569Z] [INFO] Found 0 reports to execute in company_ry0iwbpw
[2025-08-10T18:37:49.570Z] [INFO] Scheduled reports check completed
[2025-08-10T18:37:49.572Z] [DEBUG] MongoDB connection closed
[2025-08-10T18:37:58.584Z] [INFO] Checking for scheduled reports...
[2025-08-10T18:37:59.339Z] [DEBUG] Connected to MongoDB
[2025-08-10T18:37:59.415Z] [INFO] Found 1 company databases
[2025-08-10T18:37:59.415Z] [DEBUG] Processing company database: company_ry0iwbpw
[2025-08-10T18:37:59.484Z] [DEBUG] Finding reports to execute in company_ry0iwbpw (current time: 2025-08-10T18:37:59.484Z)
[2025-08-10T18:37:59.552Z] [INFO] Found 0 reports to execute in company_ry0iwbpw
[2025-08-10T18:37:59.552Z] [INFO] Scheduled reports check completed
[2025-08-10T18:37:59.555Z] [DEBUG] MongoDB connection closed
[2025-08-10T18:38:08.585Z] [INFO] Checking for scheduled reports...
[2025-08-10T18:38:09.357Z] [DEBUG] Connected to MongoDB
[2025-08-10T18:38:09.434Z] [INFO] Found 1 company databases
[2025-08-10T18:38:09.434Z] [DEBUG] Processing company database: company_ry0iwbpw
[2025-08-10T18:38:09.503Z] [DEBUG] Finding reports to execute in company_ry0iwbpw (current time: 2025-08-10T18:38:09.503Z)
[2025-08-10T18:38:09.571Z] [INFO] Found 0 reports to execute in company_ry0iwbpw
[2025-08-10T18:38:09.572Z] [INFO] Scheduled reports check completed
[2025-08-10T18:38:09.574Z] [DEBUG] MongoDB connection closed
[2025-08-10T18:38:18.585Z] [INFO] Checking for scheduled reports...
[2025-08-10T18:38:19.411Z] [DEBUG] Connected to MongoDB
[2025-08-10T18:38:19.492Z] [INFO] Found 1 company databases
[2025-08-10T18:38:19.492Z] [DEBUG] Processing company database: company_ry0iwbpw
[2025-08-10T18:38:19.566Z] [DEBUG] Finding reports to execute in company_ry0iwbpw (current time: 2025-08-10T18:38:19.566Z)
[2025-08-10T18:38:19.638Z] [INFO] Found 0 reports to execute in company_ry0iwbpw
[2025-08-10T18:38:19.639Z] [INFO] Scheduled reports check completed
[2025-08-10T18:38:19.641Z] [DEBUG] MongoDB connection closed
[2025-08-10T18:38:28.587Z] [INFO] Checking for scheduled reports...
[2025-08-10T18:38:29.345Z] [DEBUG] Connected to MongoDB
[2025-08-10T18:38:29.423Z] [INFO] Found 1 company databases
[2025-08-10T18:38:29.424Z] [DEBUG] Processing company database: company_ry0iwbpw
[2025-08-10T18:38:29.493Z] [DEBUG] Finding reports to execute in company_ry0iwbpw (current time: 2025-08-10T18:38:29.493Z)
[2025-08-10T18:38:29.561Z] [INFO] Found 0 reports to execute in company_ry0iwbpw
[2025-08-10T18:38:29.561Z] [INFO] Scheduled reports check completed
[2025-08-10T18:38:29.563Z] [DEBUG] MongoDB connection closed
[2025-08-10T18:38:38.587Z] [INFO] Checking for scheduled reports...
[2025-08-10T18:38:39.360Z] [DEBUG] Connected to MongoDB
[2025-08-10T18:38:39.437Z] [INFO] Found 1 company databases
[2025-08-10T18:38:39.437Z] [DEBUG] Processing company database: company_ry0iwbpw
[2025-08-10T18:38:39.504Z] [DEBUG] Finding reports to execute in company_ry0iwbpw (current time: 2025-08-10T18:38:39.504Z)
[2025-08-10T18:38:39.572Z] [INFO] Found 0 reports to execute in company_ry0iwbpw
[2025-08-10T18:38:39.573Z] [INFO] Scheduled reports check completed
[2025-08-10T18:38:39.575Z] [DEBUG] MongoDB connection closed
[2025-08-10T18:38:48.587Z] [INFO] Checking for scheduled reports...
[2025-08-10T18:38:49.375Z] [DEBUG] Connected to MongoDB
[2025-08-10T18:38:49.451Z] [INFO] Found 1 company databases
[2025-08-10T18:38:49.452Z] [DEBUG] Processing company database: company_ry0iwbpw
[2025-08-10T18:38:49.520Z] [DEBUG] Finding reports to execute in company_ry0iwbpw (current time: 2025-08-10T18:38:49.520Z)
[2025-08-10T18:38:49.588Z] [INFO] Found 0 reports to execute in company_ry0iwbpw
[2025-08-10T18:38:49.589Z] [INFO] Scheduled reports check completed
[2025-08-10T18:38:49.591Z] [DEBUG] MongoDB connection closed
[2025-08-10T18:38:58.587Z] [INFO] Checking for scheduled reports...
[2025-08-10T18:38:59.367Z] [DEBUG] Connected to MongoDB
[2025-08-10T18:38:59.447Z] [INFO] Found 1 company databases
[2025-08-10T18:38:59.448Z] [DEBUG] Processing company database: company_ry0iwbpw
[2025-08-10T18:38:59.518Z] [DEBUG] Finding reports to execute in company_ry0iwbpw (current time: 2025-08-10T18:38:59.518Z)
[2025-08-10T18:38:59.590Z] [INFO] Found 0 reports to execute in company_ry0iwbpw
[2025-08-10T18:38:59.590Z] [INFO] Scheduled reports check completed
[2025-08-10T18:38:59.592Z] [DEBUG] MongoDB connection closed
[2025-08-10T18:39:08.588Z] [INFO] Checking for scheduled reports...
[2025-08-10T18:39:09.353Z] [DEBUG] Connected to MongoDB
[2025-08-10T18:39:09.428Z] [INFO] Found 1 company databases
[2025-08-10T18:39:09.428Z] [DEBUG] Processing company database: company_ry0iwbpw
[2025-08-10T18:39:09.495Z] [DEBUG] Finding reports to execute in company_ry0iwbpw (current time: 2025-08-10T18:39:09.495Z)
[2025-08-10T18:39:09.561Z] [INFO] Found 0 reports to execute in company_ry0iwbpw
[2025-08-10T18:39:09.562Z] [INFO] Scheduled reports check completed
[2025-08-10T18:39:09.564Z] [DEBUG] MongoDB connection closed
[2025-08-10T18:39:18.589Z] [INFO] Checking for scheduled reports...
[2025-08-10T18:39:19.377Z] [DEBUG] Connected to MongoDB
[2025-08-10T18:39:19.453Z] [INFO] Found 1 company databases
[2025-08-10T18:39:19.453Z] [DEBUG] Processing company database: company_ry0iwbpw
[2025-08-10T18:39:19.522Z] [DEBUG] Finding reports to execute in company_ry0iwbpw (current time: 2025-08-10T18:39:19.522Z)
[2025-08-10T18:39:19.589Z] [INFO] Found 0 reports to execute in company_ry0iwbpw
[2025-08-10T18:39:19.590Z] [INFO] Scheduled reports check completed
[2025-08-10T18:39:19.591Z] [DEBUG] MongoDB connection closed
[2025-08-10T18:39:28.590Z] [INFO] Checking for scheduled reports...
[2025-08-10T18:39:29.412Z] [DEBUG] Connected to MongoDB
[2025-08-10T18:39:29.492Z] [INFO] Found 1 company databases
[2025-08-10T18:39:29.492Z] [DEBUG] Processing company database: company_ry0iwbpw
[2025-08-10T18:39:29.565Z] [DEBUG] Finding reports to execute in company_ry0iwbpw (current time: 2025-08-10T18:39:29.565Z)
[2025-08-10T18:39:29.636Z] [INFO] Found 0 reports to execute in company_ry0iwbpw
[2025-08-10T18:39:29.637Z] [INFO] Scheduled reports check completed
[2025-08-10T18:39:29.638Z] [DEBUG] MongoDB connection closed
[2025-08-10T18:39:38.591Z] [INFO] Checking for scheduled reports...
[2025-08-10T18:39:39.384Z] [DEBUG] Connected to MongoDB
[2025-08-10T18:39:39.463Z] [INFO] Found 1 company databases
[2025-08-10T18:39:39.464Z] [DEBUG] Processing company database: company_ry0iwbpw
[2025-08-10T18:39:39.533Z] [DEBUG] Finding reports to execute in company_ry0iwbpw (current time: 2025-08-10T18:39:39.533Z)
[2025-08-10T18:39:39.729Z] [INFO] Found 0 reports to execute in company_ry0iwbpw
[2025-08-10T18:39:39.729Z] [INFO] Scheduled reports check completed
[2025-08-10T18:39:39.730Z] [DEBUG] MongoDB connection closed
[2025-08-10T18:39:48.592Z] [INFO] Checking for scheduled reports...
[2025-08-10T18:39:49.373Z] [DEBUG] Connected to MongoDB
[2025-08-10T18:39:49.448Z] [INFO] Found 1 company databases
[2025-08-10T18:39:49.449Z] [DEBUG] Processing company database: company_ry0iwbpw
[2025-08-10T18:39:49.518Z] [DEBUG] Finding reports to execute in company_ry0iwbpw (current time: 2025-08-10T18:39:49.518Z)
[2025-08-10T18:39:49.585Z] [INFO] Found 0 reports to execute in company_ry0iwbpw
[2025-08-10T18:39:49.586Z] [INFO] Scheduled reports check completed
[2025-08-10T18:39:49.588Z] [DEBUG] MongoDB connection closed
[2025-08-10T18:39:58.593Z] [INFO] Checking for scheduled reports...
[2025-08-10T18:39:59.382Z] [DEBUG] Connected to MongoDB
[2025-08-10T18:39:59.459Z] [INFO] Found 1 company databases
[2025-08-10T18:39:59.459Z] [DEBUG] Processing company database: company_ry0iwbpw
[2025-08-10T18:39:59.528Z] [DEBUG] Finding reports to execute in company_ry0iwbpw (current time: 2025-08-10T18:39:59.528Z)
[2025-08-10T18:39:59.597Z] [INFO] Found 0 reports to execute in company_ry0iwbpw
[2025-08-10T18:39:59.597Z] [INFO] Scheduled reports check completed
[2025-08-10T18:39:59.598Z] [DEBUG] MongoDB connection closed
[2025-08-10T18:40:08.594Z] [INFO] Checking for scheduled reports...
[2025-08-10T18:40:09.427Z] [DEBUG] Connected to MongoDB
[2025-08-10T18:40:09.507Z] [INFO] Found 1 company databases
[2025-08-10T18:40:09.508Z] [DEBUG] Processing company database: company_ry0iwbpw
[2025-08-10T18:40:09.580Z] [DEBUG] Finding reports to execute in company_ry0iwbpw (current time: 2025-08-10T18:40:09.580Z)
[2025-08-10T18:40:09.651Z] [INFO] Found 0 reports to execute in company_ry0iwbpw
[2025-08-10T18:40:09.652Z] [INFO] Scheduled reports check completed
[2025-08-10T18:40:09.654Z] [DEBUG] MongoDB connection closed
[2025-08-10T18:40:18.595Z] [INFO] Checking for scheduled reports...
[2025-08-10T18:40:19.420Z] [DEBUG] Connected to MongoDB
[2025-08-10T18:40:19.504Z] [INFO] Found 1 company databases
[2025-08-10T18:40:19.504Z] [DEBUG] Processing company database: company_ry0iwbpw
[2025-08-10T18:40:19.578Z] [DEBUG] Finding reports to execute in company_ry0iwbpw (current time: 2025-08-10T18:40:19.578Z)
[2025-08-10T18:40:19.651Z] [INFO] Found 0 reports to execute in company_ry0iwbpw
[2025-08-10T18:40:19.651Z] [INFO] Scheduled reports check completed
[2025-08-10T18:40:19.653Z] [DEBUG] MongoDB connection closed
[2025-08-10T18:40:28.597Z] [INFO] Checking for scheduled reports...
[2025-08-10T18:40:29.403Z] [DEBUG] Connected to MongoDB
[2025-08-10T18:40:29.483Z] [INFO] Found 1 company databases
[2025-08-10T18:40:29.484Z] [DEBUG] Processing company database: company_ry0iwbpw
[2025-08-10T18:40:29.556Z] [DEBUG] Finding reports to execute in company_ry0iwbpw (current time: 2025-08-10T18:40:29.556Z)
[2025-08-10T18:40:29.630Z] [INFO] Found 0 reports to execute in company_ry0iwbpw
[2025-08-10T18:40:29.630Z] [INFO] Scheduled reports check completed
[2025-08-10T18:40:29.633Z] [DEBUG] MongoDB connection closed
[2025-08-10T18:40:38.598Z] [INFO] Checking for scheduled reports...
[2025-08-10T18:40:39.395Z] [DEBUG] Connected to MongoDB
[2025-08-10T18:40:39.474Z] [INFO] Found 1 company databases
[2025-08-10T18:40:39.475Z] [DEBUG] Processing company database: company_ry0iwbpw
[2025-08-10T18:40:39.547Z] [DEBUG] Finding reports to execute in company_ry0iwbpw (current time: 2025-08-10T18:40:39.547Z)
[2025-08-10T18:40:39.619Z] [INFO] Found 0 reports to execute in company_ry0iwbpw
[2025-08-10T18:40:39.620Z] [INFO] Scheduled reports check completed
[2025-08-10T18:40:39.621Z] [DEBUG] MongoDB connection closed
[2025-08-10T18:40:48.598Z] [INFO] Checking for scheduled reports...
[2025-08-10T18:40:49.424Z] [DEBUG] Connected to MongoDB
[2025-08-10T18:40:49.502Z] [INFO] Found 1 company databases
[2025-08-10T18:40:49.502Z] [DEBUG] Processing company database: company_ry0iwbpw
[2025-08-10T18:40:49.574Z] [DEBUG] Finding reports to execute in company_ry0iwbpw (current time: 2025-08-10T18:40:49.574Z)
[2025-08-10T18:40:49.644Z] [INFO] Found 0 reports to execute in company_ry0iwbpw
[2025-08-10T18:40:49.644Z] [INFO] Scheduled reports check completed
[2025-08-10T18:40:49.648Z] [DEBUG] MongoDB connection closed
[2025-08-10T18:40:58.599Z] [INFO] Checking for scheduled reports...
[2025-08-10T18:40:59.375Z] [DEBUG] Connected to MongoDB
[2025-08-10T18:40:59.455Z] [INFO] Found 1 company databases
[2025-08-10T18:40:59.455Z] [DEBUG] Processing company database: company_ry0iwbpw
[2025-08-10T18:40:59.525Z] [DEBUG] Finding reports to execute in company_ry0iwbpw (current time: 2025-08-10T18:40:59.525Z)
[2025-08-10T18:40:59.593Z] [INFO] Found 0 reports to execute in company_ry0iwbpw
[2025-08-10T18:40:59.593Z] [INFO] Scheduled reports check completed
[2025-08-10T18:40:59.596Z] [DEBUG] MongoDB connection closed
[2025-08-10T18:41:08.600Z] [INFO] Checking for scheduled reports...
[2025-08-10T18:41:09.402Z] [DEBUG] Connected to MongoDB
[2025-08-10T18:41:09.482Z] [INFO] Found 1 company databases
[2025-08-10T18:41:09.482Z] [DEBUG] Processing company database: company_ry0iwbpw
[2025-08-10T18:41:09.555Z] [DEBUG] Finding reports to execute in company_ry0iwbpw (current time: 2025-08-10T18:41:09.555Z)
[2025-08-10T18:41:09.627Z] [INFO] Found 0 reports to execute in company_ry0iwbpw
[2025-08-10T18:41:09.628Z] [INFO] Scheduled reports check completed
[2025-08-10T18:41:09.630Z] [DEBUG] MongoDB connection closed
[2025-08-10T18:41:18.601Z] [INFO] Checking for scheduled reports...
[2025-08-10T18:41:19.384Z] [DEBUG] Connected to MongoDB
[2025-08-10T18:41:19.460Z] [INFO] Found 1 company databases
[2025-08-10T18:41:19.460Z] [DEBUG] Processing company database: company_ry0iwbpw
[2025-08-10T18:41:19.532Z] [DEBUG] Finding reports to execute in company_ry0iwbpw (current time: 2025-08-10T18:41:19.532Z)
[2025-08-10T18:41:19.599Z] [INFO] Found 0 reports to execute in company_ry0iwbpw
[2025-08-10T18:41:19.599Z] [INFO] Scheduled reports check completed
[2025-08-10T18:41:19.602Z] [DEBUG] MongoDB connection closed
[2025-08-10T18:41:28.601Z] [INFO] Checking for scheduled reports...
[2025-08-10T18:41:29.377Z] [DEBUG] Connected to MongoDB
[2025-08-10T18:41:29.453Z] [INFO] Found 1 company databases
[2025-08-10T18:41:29.453Z] [DEBUG] Processing company database: company_ry0iwbpw
[2025-08-10T18:41:29.520Z] [DEBUG] Finding reports to execute in company_ry0iwbpw (current time: 2025-08-10T18:41:29.520Z)
[2025-08-10T18:41:29.587Z] [INFO] Found 0 reports to execute in company_ry0iwbpw
[2025-08-10T18:41:29.587Z] [INFO] Scheduled reports check completed
[2025-08-10T18:41:29.589Z] [DEBUG] MongoDB connection closed
[2025-08-10T18:41:38.602Z] [INFO] Checking for scheduled reports...
[2025-08-10T18:41:39.405Z] [DEBUG] Connected to MongoDB
[2025-08-10T18:41:39.484Z] [INFO] Found 1 company databases
[2025-08-10T18:41:39.484Z] [DEBUG] Processing company database: company_ry0iwbpw
[2025-08-10T18:41:39.556Z] [DEBUG] Finding reports to execute in company_ry0iwbpw (current time: 2025-08-10T18:41:39.556Z)
[2025-08-10T18:41:39.626Z] [INFO] Found 0 reports to execute in company_ry0iwbpw
[2025-08-10T18:41:39.627Z] [INFO] Scheduled reports check completed
[2025-08-10T18:41:39.628Z] [DEBUG] MongoDB connection closed
[2025-08-10T18:41:48.603Z] [INFO] Checking for scheduled reports...
[2025-08-10T18:41:49.401Z] [DEBUG] Connected to MongoDB
[2025-08-10T18:41:49.481Z] [INFO] Found 1 company databases
[2025-08-10T18:41:49.482Z] [DEBUG] Processing company database: company_ry0iwbpw
[2025-08-10T18:41:49.553Z] [DEBUG] Finding reports to execute in company_ry0iwbpw (current time: 2025-08-10T18:41:49.553Z)
[2025-08-10T18:41:49.625Z] [INFO] Found 0 reports to execute in company_ry0iwbpw
[2025-08-10T18:41:49.626Z] [INFO] Scheduled reports check completed
[2025-08-10T18:41:49.627Z] [DEBUG] MongoDB connection closed
[2025-08-10T18:41:58.604Z] [INFO] Checking for scheduled reports...
[2025-08-10T18:41:59.346Z] [DEBUG] Connected to MongoDB
[2025-08-10T18:41:59.421Z] [INFO] Found 1 company databases
[2025-08-10T18:41:59.422Z] [DEBUG] Processing company database: company_ry0iwbpw
[2025-08-10T18:41:59.489Z] [DEBUG] Finding reports to execute in company_ry0iwbpw (current time: 2025-08-10T18:41:59.489Z)
[2025-08-10T18:41:59.556Z] [INFO] Found 0 reports to execute in company_ry0iwbpw
[2025-08-10T18:41:59.557Z] [INFO] Scheduled reports check completed
[2025-08-10T18:41:59.558Z] [DEBUG] MongoDB connection closed
[2025-08-10T18:42:08.608Z] [INFO] Checking for scheduled reports...
[2025-08-10T18:42:09.456Z] [DEBUG] Connected to MongoDB
[2025-08-10T18:42:09.536Z] [INFO] Found 1 company databases
[2025-08-10T18:42:09.536Z] [DEBUG] Processing company database: company_ry0iwbpw
[2025-08-10T18:42:09.608Z] [DEBUG] Finding reports to execute in company_ry0iwbpw (current time: 2025-08-10T18:42:09.608Z)
[2025-08-10T18:42:09.679Z] [INFO] Found 0 reports to execute in company_ry0iwbpw
[2025-08-10T18:42:09.680Z] [INFO] Scheduled reports check completed
[2025-08-10T18:42:09.681Z] [DEBUG] MongoDB connection closed
[2025-08-10T18:42:18.608Z] [INFO] Checking for scheduled reports...
[2025-08-10T18:42:19.387Z] [DEBUG] Connected to MongoDB
[2025-08-10T18:42:19.464Z] [INFO] Found 1 company databases
[2025-08-10T18:42:19.465Z] [DEBUG] Processing company database: company_ry0iwbpw
[2025-08-10T18:42:19.534Z] [DEBUG] Finding reports to execute in company_ry0iwbpw (current time: 2025-08-10T18:42:19.534Z)
[2025-08-10T18:42:19.603Z] [INFO] Found 0 reports to execute in company_ry0iwbpw
[2025-08-10T18:42:19.603Z] [INFO] Scheduled reports check completed
[2025-08-10T18:42:19.605Z] [DEBUG] MongoDB connection closed
[2025-08-10T18:42:28.609Z] [INFO] Checking for scheduled reports...
[2025-08-10T18:42:29.381Z] [DEBUG] Connected to MongoDB
[2025-08-10T18:42:29.458Z] [INFO] Found 1 company databases
[2025-08-10T18:42:29.459Z] [DEBUG] Processing company database: company_ry0iwbpw
[2025-08-10T18:42:29.529Z] [DEBUG] Finding reports to execute in company_ry0iwbpw (current time: 2025-08-10T18:42:29.529Z)
[2025-08-10T18:42:29.597Z] [INFO] Found 0 reports to execute in company_ry0iwbpw
[2025-08-10T18:42:29.597Z] [INFO] Scheduled reports check completed
[2025-08-10T18:42:29.600Z] [DEBUG] MongoDB connection closed
[2025-08-10T18:42:38.611Z] [INFO] Checking for scheduled reports...
[2025-08-10T18:42:39.417Z] [DEBUG] Connected to MongoDB
[2025-08-10T18:42:39.498Z] [INFO] Found 1 company databases
[2025-08-10T18:42:39.499Z] [DEBUG] Processing company database: company_ry0iwbpw
[2025-08-10T18:42:39.571Z] [DEBUG] Finding reports to execute in company_ry0iwbpw (current time: 2025-08-10T18:42:39.571Z)
[2025-08-10T18:42:39.644Z] [INFO] Found 0 reports to execute in company_ry0iwbpw
[2025-08-10T18:42:39.644Z] [INFO] Scheduled reports check completed
[2025-08-10T18:42:39.646Z] [DEBUG] MongoDB connection closed
[2025-08-10T18:42:48.611Z] [INFO] Checking for scheduled reports...
[2025-08-10T18:42:49.417Z] [DEBUG] Connected to MongoDB
[2025-08-10T18:42:49.493Z] [INFO] Found 1 company databases
[2025-08-10T18:42:49.494Z] [DEBUG] Processing company database: company_ry0iwbpw
[2025-08-10T18:42:49.563Z] [DEBUG] Finding reports to execute in company_ry0iwbpw (current time: 2025-08-10T18:42:49.563Z)
[2025-08-10T18:42:49.634Z] [INFO] Found 0 reports to execute in company_ry0iwbpw
[2025-08-10T18:42:49.635Z] [INFO] Scheduled reports check completed
[2025-08-10T18:42:49.637Z] [DEBUG] MongoDB connection closed
[2025-08-10T18:42:58.611Z] [INFO] Checking for scheduled reports...
[2025-08-10T18:42:59.399Z] [DEBUG] Connected to MongoDB
[2025-08-10T18:42:59.479Z] [INFO] Found 1 company databases
[2025-08-10T18:42:59.479Z] [DEBUG] Processing company database: company_ry0iwbpw
[2025-08-10T18:42:59.551Z] [DEBUG] Finding reports to execute in company_ry0iwbpw (current time: 2025-08-10T18:42:59.551Z)
[2025-08-10T18:42:59.622Z] [INFO] Found 0 reports to execute in company_ry0iwbpw
[2025-08-10T18:42:59.623Z] [INFO] Scheduled reports check completed
[2025-08-10T18:42:59.625Z] [DEBUG] MongoDB connection closed
[2025-08-10T18:43:08.612Z] [INFO] Checking for scheduled reports...
[2025-08-10T18:43:09.396Z] [DEBUG] Connected to MongoDB
[2025-08-10T18:43:09.472Z] [INFO] Found 1 company databases
[2025-08-10T18:43:09.472Z] [DEBUG] Processing company database: company_ry0iwbpw
[2025-08-10T18:43:09.541Z] [DEBUG] Finding reports to execute in company_ry0iwbpw (current time: 2025-08-10T18:43:09.541Z)
[2025-08-10T18:43:09.608Z] [INFO] Found 0 reports to execute in company_ry0iwbpw
[2025-08-10T18:43:09.608Z] [INFO] Scheduled reports check completed
[2025-08-10T18:43:09.610Z] [DEBUG] MongoDB connection closed
[2025-08-10T18:43:18.612Z] [INFO] Checking for scheduled reports...
[2025-08-10T18:43:19.387Z] [DEBUG] Connected to MongoDB
[2025-08-10T18:43:19.463Z] [INFO] Found 1 company databases
[2025-08-10T18:43:19.464Z] [DEBUG] Processing company database: company_ry0iwbpw
[2025-08-10T18:43:19.533Z] [DEBUG] Finding reports to execute in company_ry0iwbpw (current time: 2025-08-10T18:43:19.533Z)
[2025-08-10T18:43:19.601Z] [INFO] Found 0 reports to execute in company_ry0iwbpw
[2025-08-10T18:43:19.602Z] [INFO] Scheduled reports check completed
[2025-08-10T18:43:19.605Z] [DEBUG] MongoDB connection closed
[2025-08-10T18:43:28.614Z] [INFO] Checking for scheduled reports...
[2025-08-10T18:43:29.380Z] [DEBUG] Connected to MongoDB
[2025-08-10T18:43:29.456Z] [INFO] Found 1 company databases
[2025-08-10T18:43:29.457Z] [DEBUG] Processing company database: company_ry0iwbpw
[2025-08-10T18:43:29.524Z] [DEBUG] Finding reports to execute in company_ry0iwbpw (current time: 2025-08-10T18:43:29.524Z)
[2025-08-10T18:43:29.591Z] [INFO] Found 0 reports to execute in company_ry0iwbpw
[2025-08-10T18:43:29.592Z] [INFO] Scheduled reports check completed
[2025-08-10T18:43:29.594Z] [DEBUG] MongoDB connection closed
[2025-08-10T18:43:38.614Z] [INFO] Checking for scheduled reports...
[2025-08-10T18:43:39.369Z] [DEBUG] Connected to MongoDB
[2025-08-10T18:43:39.445Z] [INFO] Found 1 company databases
[2025-08-10T18:43:39.446Z] [DEBUG] Processing company database: company_ry0iwbpw
[2025-08-10T18:43:39.514Z] [DEBUG] Finding reports to execute in company_ry0iwbpw (current time: 2025-08-10T18:43:39.514Z)
[2025-08-10T18:43:39.585Z] [INFO] Found 0 reports to execute in company_ry0iwbpw
[2025-08-10T18:43:39.586Z] [INFO] Scheduled reports check completed
[2025-08-10T18:43:39.591Z] [DEBUG] MongoDB connection closed
[2025-08-10T18:43:48.614Z] [INFO] Checking for scheduled reports...
[2025-08-10T18:43:49.524Z] [DEBUG] Connected to MongoDB
[2025-08-10T18:43:49.605Z] [INFO] Found 1 company databases
[2025-08-10T18:43:49.607Z] [DEBUG] Processing company database: company_ry0iwbpw
[2025-08-10T18:43:49.680Z] [DEBUG] Finding reports to execute in company_ry0iwbpw (current time: 2025-08-10T18:43:49.680Z)
[2025-08-10T18:43:49.753Z] [INFO] Found 0 reports to execute in company_ry0iwbpw
[2025-08-10T18:43:49.753Z] [INFO] Scheduled reports check completed
[2025-08-10T18:43:49.755Z] [DEBUG] MongoDB connection closed
[2025-08-10T18:43:58.614Z] [INFO] Checking for scheduled reports...
[2025-08-10T18:43:59.410Z] [DEBUG] Connected to MongoDB
[2025-08-10T18:43:59.491Z] [INFO] Found 1 company databases
[2025-08-10T18:43:59.492Z] [DEBUG] Processing company database: company_ry0iwbpw
[2025-08-10T18:43:59.565Z] [DEBUG] Finding reports to execute in company_ry0iwbpw (current time: 2025-08-10T18:43:59.565Z)
[2025-08-10T18:43:59.638Z] [INFO] Found 0 reports to execute in company_ry0iwbpw
[2025-08-10T18:43:59.639Z] [INFO] Scheduled reports check completed
[2025-08-10T18:43:59.641Z] [DEBUG] MongoDB connection closed
[2025-08-10T18:44:08.615Z] [INFO] Checking for scheduled reports...
[2025-08-10T18:44:09.410Z] [DEBUG] Connected to MongoDB
[2025-08-10T18:44:09.486Z] [INFO] Found 1 company databases
[2025-08-10T18:44:09.487Z] [DEBUG] Processing company database: company_ry0iwbpw
[2025-08-10T18:44:09.557Z] [DEBUG] Finding reports to execute in company_ry0iwbpw (current time: 2025-08-10T18:44:09.557Z)
[2025-08-10T18:44:09.625Z] [INFO] Found 0 reports to execute in company_ry0iwbpw
[2025-08-10T18:44:09.626Z] [INFO] Scheduled reports check completed
[2025-08-10T18:44:09.628Z] [DEBUG] MongoDB connection closed
[2025-08-10T18:44:18.615Z] [INFO] Checking for scheduled reports...
[2025-08-10T18:44:19.394Z] [DEBUG] Connected to MongoDB
[2025-08-10T18:44:19.468Z] [INFO] Found 1 company databases
[2025-08-10T18:44:19.469Z] [DEBUG] Processing company database: company_ry0iwbpw
[2025-08-10T18:44:19.538Z] [DEBUG] Finding reports to execute in company_ry0iwbpw (current time: 2025-08-10T18:44:19.538Z)
[2025-08-10T18:44:19.608Z] [INFO] Found 0 reports to execute in company_ry0iwbpw
[2025-08-10T18:44:19.609Z] [INFO] Scheduled reports check completed
[2025-08-10T18:44:19.614Z] [DEBUG] MongoDB connection closed
[2025-08-10T18:44:28.615Z] [INFO] Checking for scheduled reports...
[2025-08-10T18:44:29.410Z] [DEBUG] Connected to MongoDB
[2025-08-10T18:44:29.489Z] [INFO] Found 1 company databases
[2025-08-10T18:44:29.490Z] [DEBUG] Processing company database: company_ry0iwbpw
[2025-08-10T18:44:29.562Z] [DEBUG] Finding reports to execute in company_ry0iwbpw (current time: 2025-08-10T18:44:29.562Z)
[2025-08-10T18:44:29.636Z] [INFO] Found 0 reports to execute in company_ry0iwbpw
[2025-08-10T18:44:29.637Z] [INFO] Scheduled reports check completed
[2025-08-10T18:44:29.640Z] [DEBUG] MongoDB connection closed
[2025-08-10T18:44:38.615Z] [INFO] Checking for scheduled reports...
[2025-08-10T18:44:39.394Z] [DEBUG] Connected to MongoDB
[2025-08-10T18:44:39.470Z] [INFO] Found 1 company databases
[2025-08-10T18:44:39.470Z] [DEBUG] Processing company database: company_ry0iwbpw
[2025-08-10T18:44:39.538Z] [DEBUG] Finding reports to execute in company_ry0iwbpw (current time: 2025-08-10T18:44:39.538Z)
[2025-08-10T18:44:39.605Z] [INFO] Found 0 reports to execute in company_ry0iwbpw
[2025-08-10T18:44:39.605Z] [INFO] Scheduled reports check completed
[2025-08-10T18:44:39.606Z] [DEBUG] MongoDB connection closed
[2025-08-10T18:44:48.617Z] [INFO] Checking for scheduled reports...
[2025-08-10T18:44:49.430Z] [DEBUG] Connected to MongoDB
[2025-08-10T18:44:49.510Z] [INFO] Found 1 company databases
[2025-08-10T18:44:49.511Z] [DEBUG] Processing company database: company_ry0iwbpw
[2025-08-10T18:44:49.583Z] [DEBUG] Finding reports to execute in company_ry0iwbpw (current time: 2025-08-10T18:44:49.583Z)
[2025-08-10T18:44:49.656Z] [INFO] Found 0 reports to execute in company_ry0iwbpw
[2025-08-10T18:44:49.657Z] [INFO] Scheduled reports check completed
[2025-08-10T18:44:49.659Z] [DEBUG] MongoDB connection closed
[2025-08-10T18:44:58.618Z] [INFO] Checking for scheduled reports...
[2025-08-10T18:44:59.415Z] [DEBUG] Connected to MongoDB
[2025-08-10T18:44:59.496Z] [INFO] Found 1 company databases
[2025-08-10T18:44:59.496Z] [DEBUG] Processing company database: company_ry0iwbpw
[2025-08-10T18:44:59.569Z] [DEBUG] Finding reports to execute in company_ry0iwbpw (current time: 2025-08-10T18:44:59.569Z)
[2025-08-10T18:44:59.645Z] [INFO] Found 0 reports to execute in company_ry0iwbpw
[2025-08-10T18:44:59.645Z] [INFO] Scheduled reports check completed
[2025-08-10T18:44:59.647Z] [DEBUG] MongoDB connection closed
[2025-08-10T18:45:08.619Z] [INFO] Checking for scheduled reports...
[2025-08-10T18:45:09.401Z] [DEBUG] Connected to MongoDB
[2025-08-10T18:45:09.478Z] [INFO] Found 1 company databases
[2025-08-10T18:45:09.478Z] [DEBUG] Processing company database: company_ry0iwbpw
[2025-08-10T18:45:09.547Z] [DEBUG] Finding reports to execute in company_ry0iwbpw (current time: 2025-08-10T18:45:09.547Z)
[2025-08-10T18:45:09.616Z] [INFO] Found 0 reports to execute in company_ry0iwbpw
[2025-08-10T18:45:09.617Z] [INFO] Scheduled reports check completed
[2025-08-10T18:45:09.619Z] [DEBUG] MongoDB connection closed
[2025-08-10T18:45:18.620Z] [INFO] Checking for scheduled reports...
[2025-08-10T18:45:19.424Z] [DEBUG] Connected to MongoDB
[2025-08-10T18:45:19.499Z] [INFO] Found 1 company databases
[2025-08-10T18:45:19.500Z] [DEBUG] Processing company database: company_ry0iwbpw
[2025-08-10T18:45:19.570Z] [DEBUG] Finding reports to execute in company_ry0iwbpw (current time: 2025-08-10T18:45:19.570Z)
[2025-08-10T18:45:19.638Z] [INFO] Found 0 reports to execute in company_ry0iwbpw
[2025-08-10T18:45:19.639Z] [INFO] Scheduled reports check completed
[2025-08-10T18:45:19.643Z] [DEBUG] MongoDB connection closed
[2025-08-10T18:45:28.620Z] [INFO] Checking for scheduled reports...
[2025-08-10T18:45:29.408Z] [DEBUG] Connected to MongoDB
[2025-08-10T18:45:29.487Z] [INFO] Found 1 company databases
[2025-08-10T18:45:29.488Z] [DEBUG] Processing company database: company_ry0iwbpw
[2025-08-10T18:45:29.560Z] [DEBUG] Finding reports to execute in company_ry0iwbpw (current time: 2025-08-10T18:45:29.560Z)
[2025-08-10T18:45:29.631Z] [INFO] Found 0 reports to execute in company_ry0iwbpw
[2025-08-10T18:45:29.631Z] [INFO] Scheduled reports check completed
[2025-08-10T18:45:29.633Z] [DEBUG] MongoDB connection closed
[2025-08-10T18:45:38.621Z] [INFO] Checking for scheduled reports...
[2025-08-10T18:45:39.402Z] [DEBUG] Connected to MongoDB
[2025-08-10T18:45:39.478Z] [INFO] Found 1 company databases
[2025-08-10T18:45:39.479Z] [DEBUG] Processing company database: company_ry0iwbpw
[2025-08-10T18:45:39.557Z] [DEBUG] Finding reports to execute in company_ry0iwbpw (current time: 2025-08-10T18:45:39.557Z)
[2025-08-10T18:45:39.629Z] [INFO] Found 0 reports to execute in company_ry0iwbpw
[2025-08-10T18:45:39.629Z] [INFO] Scheduled reports check completed
[2025-08-10T18:45:39.632Z] [DEBUG] MongoDB connection closed
[2025-08-10T18:45:48.622Z] [INFO] Checking for scheduled reports...
[2025-08-10T18:45:49.429Z] [DEBUG] Connected to MongoDB
[2025-08-10T18:45:49.509Z] [INFO] Found 1 company databases
[2025-08-10T18:45:49.509Z] [DEBUG] Processing company database: company_ry0iwbpw
[2025-08-10T18:45:49.580Z] [DEBUG] Finding reports to execute in company_ry0iwbpw (current time: 2025-08-10T18:45:49.580Z)
[2025-08-10T18:45:49.651Z] [INFO] Found 0 reports to execute in company_ry0iwbpw
[2025-08-10T18:45:49.652Z] [INFO] Scheduled reports check completed
[2025-08-10T18:45:49.654Z] [DEBUG] MongoDB connection closed
[2025-08-10T18:45:58.623Z] [INFO] Checking for scheduled reports...
[2025-08-10T18:45:59.380Z] [DEBUG] Connected to MongoDB
[2025-08-10T18:45:59.457Z] [INFO] Found 1 company databases
[2025-08-10T18:45:59.458Z] [DEBUG] Processing company database: company_ry0iwbpw
[2025-08-10T18:45:59.525Z] [DEBUG] Finding reports to execute in company_ry0iwbpw (current time: 2025-08-10T18:45:59.525Z)
[2025-08-10T18:45:59.592Z] [INFO] Found 0 reports to execute in company_ry0iwbpw
[2025-08-10T18:45:59.592Z] [INFO] Scheduled reports check completed
[2025-08-10T18:45:59.594Z] [DEBUG] MongoDB connection closed
[2025-08-10T18:46:08.624Z] [INFO] Checking for scheduled reports...
[2025-08-10T18:46:09.403Z] [DEBUG] Connected to MongoDB
[2025-08-10T18:46:09.481Z] [INFO] Found 1 company databases
[2025-08-10T18:46:09.482Z] [DEBUG] Processing company database: company_ry0iwbpw
[2025-08-10T18:46:09.556Z] [DEBUG] Finding reports to execute in company_ry0iwbpw (current time: 2025-08-10T18:46:09.556Z)
[2025-08-10T18:46:09.625Z] [INFO] Found 0 reports to execute in company_ry0iwbpw
[2025-08-10T18:46:09.626Z] [INFO] Scheduled reports check completed
[2025-08-10T18:46:09.628Z] [DEBUG] MongoDB connection closed
[2025-08-10T18:46:18.625Z] [INFO] Checking for scheduled reports...
[2025-08-10T18:46:19.411Z] [DEBUG] Connected to MongoDB
[2025-08-10T18:46:19.487Z] [INFO] Found 1 company databases
[2025-08-10T18:46:19.488Z] [DEBUG] Processing company database: company_ry0iwbpw
[2025-08-10T18:46:19.557Z] [DEBUG] Finding reports to execute in company_ry0iwbpw (current time: 2025-08-10T18:46:19.557Z)
[2025-08-10T18:46:19.626Z] [INFO] Found 0 reports to execute in company_ry0iwbpw
[2025-08-10T18:46:19.626Z] [INFO] Scheduled reports check completed
[2025-08-10T18:46:19.628Z] [DEBUG] MongoDB connection closed
[2025-08-10T18:46:28.625Z] [INFO] Checking for scheduled reports...
[2025-08-10T18:46:29.399Z] [DEBUG] Connected to MongoDB
[2025-08-10T18:46:29.480Z] [INFO] Found 1 company databases
[2025-08-10T18:46:29.480Z] [DEBUG] Processing company database: company_ry0iwbpw
[2025-08-10T18:46:29.561Z] [DEBUG] Finding reports to execute in company_ry0iwbpw (current time: 2025-08-10T18:46:29.561Z)
[2025-08-10T18:46:29.633Z] [INFO] Found 0 reports to execute in company_ry0iwbpw
[2025-08-10T18:46:29.634Z] [INFO] Scheduled reports check completed
[2025-08-10T18:46:29.636Z] [DEBUG] MongoDB connection closed
[2025-08-10T18:46:38.626Z] [INFO] Checking for scheduled reports...
[2025-08-10T18:46:39.404Z] [DEBUG] Connected to MongoDB
[2025-08-10T18:46:39.481Z] [INFO] Found 1 company databases
[2025-08-10T18:46:39.481Z] [DEBUG] Processing company database: company_ry0iwbpw
[2025-08-10T18:46:39.549Z] [DEBUG] Finding reports to execute in company_ry0iwbpw (current time: 2025-08-10T18:46:39.549Z)
[2025-08-10T18:46:39.616Z] [INFO] Found 0 reports to execute in company_ry0iwbpw
[2025-08-10T18:46:39.617Z] [INFO] Scheduled reports check completed
[2025-08-10T18:46:39.619Z] [DEBUG] MongoDB connection closed
[2025-08-10T18:46:48.627Z] [INFO] Checking for scheduled reports...
[2025-08-10T18:46:49.390Z] [DEBUG] Connected to MongoDB
[2025-08-10T18:46:49.465Z] [INFO] Found 1 company databases
[2025-08-10T18:46:49.465Z] [DEBUG] Processing company database: company_ry0iwbpw
[2025-08-10T18:46:49.533Z] [DEBUG] Finding reports to execute in company_ry0iwbpw (current time: 2025-08-10T18:46:49.533Z)
[2025-08-10T18:46:49.602Z] [INFO] Found 0 reports to execute in company_ry0iwbpw
[2025-08-10T18:46:49.603Z] [INFO] Scheduled reports check completed
[2025-08-10T18:46:49.605Z] [DEBUG] MongoDB connection closed
[2025-08-10T18:46:58.628Z] [INFO] Checking for scheduled reports...
[2025-08-10T18:46:59.389Z] [DEBUG] Connected to MongoDB
[2025-08-10T18:46:59.466Z] [INFO] Found 1 company databases
[2025-08-10T18:46:59.466Z] [DEBUG] Processing company database: company_ry0iwbpw
[2025-08-10T18:46:59.535Z] [DEBUG] Finding reports to execute in company_ry0iwbpw (current time: 2025-08-10T18:46:59.535Z)
[2025-08-10T18:46:59.603Z] [INFO] Found 0 reports to execute in company_ry0iwbpw
[2025-08-10T18:46:59.603Z] [INFO] Scheduled reports check completed
[2025-08-10T18:46:59.606Z] [DEBUG] MongoDB connection closed
[2025-08-10T18:47:08.629Z] [INFO] Checking for scheduled reports...
[2025-08-10T18:47:09.496Z] [DEBUG] Connected to MongoDB
[2025-08-10T18:47:09.575Z] [INFO] Found 1 company databases
[2025-08-10T18:47:09.575Z] [DEBUG] Processing company database: company_ry0iwbpw
[2025-08-10T18:47:09.648Z] [DEBUG] Finding reports to execute in company_ry0iwbpw (current time: 2025-08-10T18:47:09.648Z)
[2025-08-10T18:47:09.720Z] [INFO] Found 0 reports to execute in company_ry0iwbpw
[2025-08-10T18:47:09.720Z] [INFO] Scheduled reports check completed
[2025-08-10T18:47:09.724Z] [DEBUG] MongoDB connection closed
[2025-08-10T18:47:18.630Z] [INFO] Checking for scheduled reports...
[2025-08-10T18:47:19.394Z] [DEBUG] Connected to MongoDB
[2025-08-10T18:47:19.473Z] [INFO] Found 1 company databases
[2025-08-10T18:47:19.473Z] [DEBUG] Processing company database: company_ry0iwbpw
[2025-08-10T18:47:19.542Z] [DEBUG] Finding reports to execute in company_ry0iwbpw (current time: 2025-08-10T18:47:19.542Z)
[2025-08-10T18:47:19.608Z] [INFO] Found 0 reports to execute in company_ry0iwbpw
[2025-08-10T18:47:19.608Z] [INFO] Scheduled reports check completed
[2025-08-10T18:47:19.610Z] [DEBUG] MongoDB connection closed
[2025-08-10T18:47:28.631Z] [INFO] Checking for scheduled reports...
[2025-08-10T18:47:29.414Z] [DEBUG] Connected to MongoDB
[2025-08-10T18:47:29.494Z] [INFO] Found 1 company databases
[2025-08-10T18:47:29.495Z] [DEBUG] Processing company database: company_ry0iwbpw
[2025-08-10T18:47:29.573Z] [DEBUG] Finding reports to execute in company_ry0iwbpw (current time: 2025-08-10T18:47:29.573Z)
[2025-08-10T18:47:29.646Z] [INFO] Found 0 reports to execute in company_ry0iwbpw
[2025-08-10T18:47:29.647Z] [INFO] Scheduled reports check completed
[2025-08-10T18:47:29.648Z] [DEBUG] MongoDB connection closed
[2025-08-10T18:47:38.632Z] [INFO] Checking for scheduled reports...
[2025-08-10T18:47:39.440Z] [DEBUG] Connected to MongoDB
[2025-08-10T18:47:39.522Z] [INFO] Found 1 company databases
[2025-08-10T18:47:39.523Z] [DEBUG] Processing company database: company_ry0iwbpw
[2025-08-10T18:47:39.601Z] [DEBUG] Finding reports to execute in company_ry0iwbpw (current time: 2025-08-10T18:47:39.601Z)
[2025-08-10T18:47:39.673Z] [INFO] Found 0 reports to execute in company_ry0iwbpw
[2025-08-10T18:47:39.673Z] [INFO] Scheduled reports check completed
[2025-08-10T18:47:39.676Z] [DEBUG] MongoDB connection closed
[2025-08-10T18:47:48.634Z] [INFO] Checking for scheduled reports...
[2025-08-10T18:47:49.440Z] [DEBUG] Connected to MongoDB
[2025-08-10T18:47:49.516Z] [INFO] Found 1 company databases
[2025-08-10T18:47:49.516Z] [DEBUG] Processing company database: company_ry0iwbpw
[2025-08-10T18:47:49.584Z] [DEBUG] Finding reports to execute in company_ry0iwbpw (current time: 2025-08-10T18:47:49.584Z)
[2025-08-10T18:47:49.651Z] [INFO] Found 0 reports to execute in company_ry0iwbpw
[2025-08-10T18:47:49.652Z] [INFO] Scheduled reports check completed
[2025-08-10T18:47:49.653Z] [DEBUG] MongoDB connection closed
[2025-08-10T18:47:58.635Z] [INFO] Checking for scheduled reports...
[2025-08-10T18:47:59.394Z] [DEBUG] Connected to MongoDB
[2025-08-10T18:47:59.472Z] [INFO] Found 1 company databases
[2025-08-10T18:47:59.473Z] [DEBUG] Processing company database: company_ry0iwbpw
[2025-08-10T18:47:59.546Z] [DEBUG] Finding reports to execute in company_ry0iwbpw (current time: 2025-08-10T18:47:59.546Z)
[2025-08-10T18:47:59.616Z] [INFO] Found 0 reports to execute in company_ry0iwbpw
[2025-08-10T18:47:59.617Z] [INFO] Scheduled reports check completed
[2025-08-10T18:47:59.620Z] [DEBUG] MongoDB connection closed
[2025-08-10T18:48:08.636Z] [INFO] Checking for scheduled reports...
[2025-08-10T18:48:09.441Z] [DEBUG] Connected to MongoDB
[2025-08-10T18:48:09.523Z] [INFO] Found 1 company databases
[2025-08-10T18:48:09.523Z] [DEBUG] Processing company database: company_ry0iwbpw
[2025-08-10T18:48:09.595Z] [DEBUG] Finding reports to execute in company_ry0iwbpw (current time: 2025-08-10T18:48:09.595Z)
[2025-08-10T18:48:09.665Z] [INFO] Found 0 reports to execute in company_ry0iwbpw
[2025-08-10T18:48:09.666Z] [INFO] Scheduled reports check completed
[2025-08-10T18:48:09.667Z] [DEBUG] MongoDB connection closed
[2025-08-10T18:48:18.637Z] [INFO] Checking for scheduled reports...
[2025-08-10T18:48:19.429Z] [DEBUG] Connected to MongoDB
[2025-08-10T18:48:19.506Z] [INFO] Found 1 company databases
[2025-08-10T18:48:19.507Z] [DEBUG] Processing company database: company_ry0iwbpw
[2025-08-10T18:48:19.575Z] [DEBUG] Finding reports to execute in company_ry0iwbpw (current time: 2025-08-10T18:48:19.575Z)
[2025-08-10T18:48:19.643Z] [INFO] Found 0 reports to execute in company_ry0iwbpw
[2025-08-10T18:48:19.643Z] [INFO] Scheduled reports check completed
[2025-08-10T18:48:19.645Z] [DEBUG] MongoDB connection closed
[2025-08-10T18:48:28.638Z] [INFO] Checking for scheduled reports...
[2025-08-10T18:48:29.427Z] [DEBUG] Connected to MongoDB
[2025-08-10T18:48:29.507Z] [INFO] Found 1 company databases
[2025-08-10T18:48:29.508Z] [DEBUG] Processing company database: company_ry0iwbpw
[2025-08-10T18:48:29.580Z] [DEBUG] Finding reports to execute in company_ry0iwbpw (current time: 2025-08-10T18:48:29.580Z)
[2025-08-10T18:48:29.656Z] [INFO] Found 0 reports to execute in company_ry0iwbpw
[2025-08-10T18:48:29.657Z] [INFO] Scheduled reports check completed
[2025-08-10T18:48:29.660Z] [DEBUG] MongoDB connection closed
[2025-08-10T18:48:38.640Z] [INFO] Checking for scheduled reports...
[2025-08-10T18:48:39.405Z] [DEBUG] Connected to MongoDB
[2025-08-10T18:48:39.480Z] [INFO] Found 1 company databases
[2025-08-10T18:48:39.480Z] [DEBUG] Processing company database: company_ry0iwbpw
[2025-08-10T18:48:39.548Z] [DEBUG] Finding reports to execute in company_ry0iwbpw (current time: 2025-08-10T18:48:39.548Z)
[2025-08-10T18:48:39.614Z] [INFO] Found 0 reports to execute in company_ry0iwbpw
[2025-08-10T18:48:39.615Z] [INFO] Scheduled reports check completed
[2025-08-10T18:48:39.617Z] [DEBUG] MongoDB connection closed
[2025-08-10T18:48:48.641Z] [INFO] Checking for scheduled reports...
[2025-08-10T18:48:49.404Z] [DEBUG] Connected to MongoDB
[2025-08-10T18:48:49.479Z] [INFO] Found 1 company databases
[2025-08-10T18:48:49.479Z] [DEBUG] Processing company database: company_ry0iwbpw
[2025-08-10T18:48:49.547Z] [DEBUG] Finding reports to execute in company_ry0iwbpw (current time: 2025-08-10T18:48:49.547Z)
[2025-08-10T18:48:49.615Z] [INFO] Found 0 reports to execute in company_ry0iwbpw
[2025-08-10T18:48:49.615Z] [INFO] Scheduled reports check completed
[2025-08-10T18:48:49.616Z] [DEBUG] MongoDB connection closed
[2025-08-10T18:48:58.643Z] [INFO] Checking for scheduled reports...
[2025-08-10T18:48:59.438Z] [DEBUG] Connected to MongoDB
[2025-08-10T18:48:59.518Z] [INFO] Found 1 company databases
[2025-08-10T18:48:59.519Z] [DEBUG] Processing company database: company_ry0iwbpw
[2025-08-10T18:48:59.595Z] [DEBUG] Finding reports to execute in company_ry0iwbpw (current time: 2025-08-10T18:48:59.595Z)
[2025-08-10T18:48:59.671Z] [INFO] Found 0 reports to execute in company_ry0iwbpw
[2025-08-10T18:48:59.672Z] [INFO] Scheduled reports check completed
[2025-08-10T18:48:59.675Z] [DEBUG] MongoDB connection closed
[2025-08-10T18:49:08.644Z] [INFO] Checking for scheduled reports...
[2025-08-10T18:49:09.439Z] [DEBUG] Connected to MongoDB
[2025-08-10T18:49:09.519Z] [INFO] Found 1 company databases
[2025-08-10T18:49:09.519Z] [DEBUG] Processing company database: company_ry0iwbpw
[2025-08-10T18:49:09.590Z] [DEBUG] Finding reports to execute in company_ry0iwbpw (current time: 2025-08-10T18:49:09.590Z)
[2025-08-10T18:49:09.660Z] [INFO] Found 0 reports to execute in company_ry0iwbpw
[2025-08-10T18:49:09.660Z] [INFO] Scheduled reports check completed
[2025-08-10T18:49:09.661Z] [DEBUG] MongoDB connection closed
[2025-08-10T18:49:18.645Z] [INFO] Checking for scheduled reports...
[2025-08-10T18:49:19.499Z] [DEBUG] Connected to MongoDB
[2025-08-10T18:49:19.582Z] [INFO] Found 1 company databases
[2025-08-10T18:49:19.583Z] [DEBUG] Processing company database: company_ry0iwbpw
[2025-08-10T18:49:19.661Z] [DEBUG] Finding reports to execute in company_ry0iwbpw (current time: 2025-08-10T18:49:19.661Z)
[2025-08-10T18:49:19.734Z] [INFO] Found 0 reports to execute in company_ry0iwbpw
[2025-08-10T18:49:19.735Z] [INFO] Scheduled reports check completed
[2025-08-10T18:49:19.739Z] [DEBUG] MongoDB connection closed
[2025-08-10T18:49:28.646Z] [INFO] Checking for scheduled reports...
[2025-08-10T18:49:29.412Z] [DEBUG] Connected to MongoDB
[2025-08-10T18:49:29.490Z] [INFO] Found 1 company databases
[2025-08-10T18:49:29.490Z] [DEBUG] Processing company database: company_ry0iwbpw
[2025-08-10T18:49:29.560Z] [DEBUG] Finding reports to execute in company_ry0iwbpw (current time: 2025-08-10T18:49:29.560Z)
[2025-08-10T18:49:29.628Z] [INFO] Found 0 reports to execute in company_ry0iwbpw
[2025-08-10T18:49:29.629Z] [INFO] Scheduled reports check completed
[2025-08-10T18:49:29.633Z] [DEBUG] MongoDB connection closed
[2025-08-10T18:49:38.648Z] [INFO] Checking for scheduled reports...
[2025-08-10T18:49:39.476Z] [DEBUG] Connected to MongoDB
[2025-08-10T18:49:39.553Z] [INFO] Found 1 company databases
[2025-08-10T18:49:39.554Z] [DEBUG] Processing company database: company_ry0iwbpw
[2025-08-10T18:49:39.625Z] [DEBUG] Finding reports to execute in company_ry0iwbpw (current time: 2025-08-10T18:49:39.625Z)
[2025-08-10T18:49:39.694Z] [INFO] Found 0 reports to execute in company_ry0iwbpw
[2025-08-10T18:49:39.695Z] [INFO] Scheduled reports check completed
[2025-08-10T18:49:39.697Z] [DEBUG] MongoDB connection closed
[2025-08-10T18:49:48.648Z] [INFO] Checking for scheduled reports...
[2025-08-10T18:49:49.466Z] [DEBUG] Connected to MongoDB
[2025-08-10T18:49:49.547Z] [INFO] Found 1 company databases
[2025-08-10T18:49:49.548Z] [DEBUG] Processing company database: company_ry0iwbpw
[2025-08-10T18:49:49.624Z] [DEBUG] Finding reports to execute in company_ry0iwbpw (current time: 2025-08-10T18:49:49.624Z)
[2025-08-10T18:49:49.697Z] [INFO] Found 0 reports to execute in company_ry0iwbpw
[2025-08-10T18:49:49.697Z] [INFO] Scheduled reports check completed
[2025-08-10T18:49:49.699Z] [DEBUG] MongoDB connection closed
[2025-08-10T18:49:58.649Z] [INFO] Checking for scheduled reports...
[2025-08-10T18:49:59.445Z] [DEBUG] Connected to MongoDB
[2025-08-10T18:49:59.527Z] [INFO] Found 1 company databases
[2025-08-10T18:49:59.528Z] [DEBUG] Processing company database: company_ry0iwbpw
[2025-08-10T18:49:59.601Z] [DEBUG] Finding reports to execute in company_ry0iwbpw (current time: 2025-08-10T18:49:59.601Z)
[2025-08-10T18:49:59.674Z] [INFO] Found 0 reports to execute in company_ry0iwbpw
[2025-08-10T18:49:59.675Z] [INFO] Scheduled reports check completed
[2025-08-10T18:49:59.677Z] [DEBUG] MongoDB connection closed
[2025-08-10T18:50:08.650Z] [INFO] Checking for scheduled reports...
[2025-08-10T18:50:09.438Z] [DEBUG] Connected to MongoDB
[2025-08-10T18:50:09.521Z] [INFO] Found 1 company databases
[2025-08-10T18:50:09.522Z] [DEBUG] Processing company database: company_ry0iwbpw
[2025-08-10T18:50:09.596Z] [DEBUG] Finding reports to execute in company_ry0iwbpw (current time: 2025-08-10T18:50:09.596Z)
[2025-08-10T18:50:09.669Z] [INFO] Found 0 reports to execute in company_ry0iwbpw
[2025-08-10T18:50:09.669Z] [INFO] Scheduled reports check completed
[2025-08-10T18:50:09.672Z] [DEBUG] MongoDB connection closed
[2025-08-10T18:50:18.651Z] [INFO] Checking for scheduled reports...
[2025-08-10T18:50:19.447Z] [DEBUG] Connected to MongoDB
[2025-08-10T18:50:19.525Z] [INFO] Found 1 company databases
[2025-08-10T18:50:19.526Z] [DEBUG] Processing company database: company_ry0iwbpw
[2025-08-10T18:50:19.595Z] [DEBUG] Finding reports to execute in company_ry0iwbpw (current time: 2025-08-10T18:50:19.595Z)
[2025-08-10T18:50:19.663Z] [INFO] Found 0 reports to execute in company_ry0iwbpw
[2025-08-10T18:50:19.664Z] [INFO] Scheduled reports check completed
[2025-08-10T18:50:19.666Z] [DEBUG] MongoDB connection closed
[2025-08-10T18:50:28.652Z] [INFO] Checking for scheduled reports...
[2025-08-10T18:50:29.422Z] [DEBUG] Connected to MongoDB
[2025-08-10T18:50:29.498Z] [INFO] Found 1 company databases
[2025-08-10T18:50:29.498Z] [DEBUG] Processing company database: company_ry0iwbpw
[2025-08-10T18:50:29.567Z] [DEBUG] Finding reports to execute in company_ry0iwbpw (current time: 2025-08-10T18:50:29.567Z)
[2025-08-10T18:50:29.635Z] [INFO] Found 0 reports to execute in company_ry0iwbpw
[2025-08-10T18:50:29.635Z] [INFO] Scheduled reports check completed
[2025-08-10T18:50:29.638Z] [DEBUG] MongoDB connection closed
[2025-08-10T18:50:38.654Z] [INFO] Checking for scheduled reports...
[2025-08-10T18:50:39.431Z] [DEBUG] Connected to MongoDB
[2025-08-10T18:50:39.512Z] [INFO] Found 1 company databases
[2025-08-10T18:50:39.512Z] [DEBUG] Processing company database: company_ry0iwbpw
[2025-08-10T18:50:39.586Z] [DEBUG] Finding reports to execute in company_ry0iwbpw (current time: 2025-08-10T18:50:39.586Z)
[2025-08-10T18:50:39.657Z] [INFO] Found 0 reports to execute in company_ry0iwbpw
[2025-08-10T18:50:39.658Z] [INFO] Scheduled reports check completed
[2025-08-10T18:50:39.660Z] [DEBUG] MongoDB connection closed
[2025-08-10T18:50:48.654Z] [INFO] Checking for scheduled reports...
[2025-08-10T18:50:49.434Z] [DEBUG] Connected to MongoDB
[2025-08-10T18:50:49.510Z] [INFO] Found 1 company databases
[2025-08-10T18:50:49.510Z] [DEBUG] Processing company database: company_ry0iwbpw
[2025-08-10T18:50:49.578Z] [DEBUG] Finding reports to execute in company_ry0iwbpw (current time: 2025-08-10T18:50:49.578Z)
[2025-08-10T18:50:49.645Z] [INFO] Found 0 reports to execute in company_ry0iwbpw
[2025-08-10T18:50:49.646Z] [INFO] Scheduled reports check completed
[2025-08-10T18:50:49.648Z] [DEBUG] MongoDB connection closed
[2025-08-10T18:50:58.656Z] [INFO] Checking for scheduled reports...
[2025-08-10T18:50:59.471Z] [DEBUG] Connected to MongoDB
[2025-08-10T18:50:59.552Z] [INFO] Found 1 company databases
[2025-08-10T18:50:59.552Z] [DEBUG] Processing company database: company_ry0iwbpw
[2025-08-10T18:50:59.625Z] [DEBUG] Finding reports to execute in company_ry0iwbpw (current time: 2025-08-10T18:50:59.625Z)
[2025-08-10T18:50:59.697Z] [INFO] Found 0 reports to execute in company_ry0iwbpw
[2025-08-10T18:50:59.698Z] [INFO] Scheduled reports check completed
[2025-08-10T18:50:59.701Z] [DEBUG] MongoDB connection closed
[2025-08-10T18:51:08.657Z] [INFO] Checking for scheduled reports...
[2025-08-10T18:51:09.409Z] [DEBUG] Connected to MongoDB
[2025-08-10T18:51:09.484Z] [INFO] Found 1 company databases
[2025-08-10T18:51:09.485Z] [DEBUG] Processing company database: company_ry0iwbpw
[2025-08-10T18:51:09.553Z] [DEBUG] Finding reports to execute in company_ry0iwbpw (current time: 2025-08-10T18:51:09.553Z)
[2025-08-10T18:51:09.621Z] [INFO] Found 0 reports to execute in company_ry0iwbpw
[2025-08-10T18:51:09.622Z] [INFO] Scheduled reports check completed
[2025-08-10T18:51:09.625Z] [DEBUG] MongoDB connection closed
[2025-08-10T18:51:18.657Z] [INFO] Checking for scheduled reports...
[2025-08-10T18:51:19.436Z] [DEBUG] Connected to MongoDB
[2025-08-10T18:51:19.513Z] [INFO] Found 1 company databases
[2025-08-10T18:51:19.514Z] [DEBUG] Processing company database: company_ry0iwbpw
[2025-08-10T18:51:19.585Z] [DEBUG] Finding reports to execute in company_ry0iwbpw (current time: 2025-08-10T18:51:19.585Z)
[2025-08-10T18:51:19.654Z] [INFO] Found 0 reports to execute in company_ry0iwbpw
[2025-08-10T18:51:19.655Z] [INFO] Scheduled reports check completed
[2025-08-10T18:51:19.664Z] [DEBUG] MongoDB connection closed
[2025-08-10T18:51:28.658Z] [INFO] Checking for scheduled reports...
[2025-08-10T18:51:29.453Z] [DEBUG] Connected to MongoDB
[2025-08-10T18:51:29.535Z] [INFO] Found 1 company databases
[2025-08-10T18:51:29.536Z] [DEBUG] Processing company database: company_ry0iwbpw
[2025-08-10T18:51:29.609Z] [DEBUG] Finding reports to execute in company_ry0iwbpw (current time: 2025-08-10T18:51:29.609Z)
[2025-08-10T18:51:29.683Z] [INFO] Found 0 reports to execute in company_ry0iwbpw
[2025-08-10T18:51:29.684Z] [INFO] Scheduled reports check completed
[2025-08-10T18:51:29.687Z] [DEBUG] MongoDB connection closed
[2025-08-10T18:51:38.660Z] [INFO] Checking for scheduled reports...
[2025-08-10T18:51:39.460Z] [DEBUG] Connected to MongoDB
[2025-08-10T18:51:39.538Z] [INFO] Found 1 company databases
[2025-08-10T18:51:39.538Z] [DEBUG] Processing company database: company_ry0iwbpw
[2025-08-10T18:51:39.608Z] [DEBUG] Finding reports to execute in company_ry0iwbpw (current time: 2025-08-10T18:51:39.608Z)
[2025-08-10T18:51:39.680Z] [INFO] Found 0 reports to execute in company_ry0iwbpw
[2025-08-10T18:51:39.680Z] [INFO] Scheduled reports check completed
[2025-08-10T18:51:39.683Z] [DEBUG] MongoDB connection closed
[2025-08-10T18:51:48.660Z] [INFO] Checking for scheduled reports...
[2025-08-10T18:51:49.432Z] [DEBUG] Connected to MongoDB
[2025-08-10T18:51:49.510Z] [INFO] Found 1 company databases
[2025-08-10T18:51:49.510Z] [DEBUG] Processing company database: company_ry0iwbpw
[2025-08-10T18:51:49.579Z] [DEBUG] Finding reports to execute in company_ry0iwbpw (current time: 2025-08-10T18:51:49.579Z)
[2025-08-10T18:51:49.647Z] [INFO] Found 0 reports to execute in company_ry0iwbpw
[2025-08-10T18:51:49.648Z] [INFO] Scheduled reports check completed
[2025-08-10T18:51:49.651Z] [DEBUG] MongoDB connection closed
[2025-08-10T18:51:58.661Z] [INFO] Checking for scheduled reports...
[2025-08-10T18:51:59.484Z] [DEBUG] Connected to MongoDB
[2025-08-10T18:51:59.565Z] [INFO] Found 1 company databases
[2025-08-10T18:51:59.566Z] [DEBUG] Processing company database: company_ry0iwbpw
[2025-08-10T18:51:59.639Z] [DEBUG] Finding reports to execute in company_ry0iwbpw (current time: 2025-08-10T18:51:59.639Z)
[2025-08-10T18:51:59.712Z] [INFO] Found 0 reports to execute in company_ry0iwbpw
[2025-08-10T18:51:59.713Z] [INFO] Scheduled reports check completed
[2025-08-10T18:51:59.715Z] [DEBUG] MongoDB connection closed
[2025-08-10T18:52:08.662Z] [INFO] Checking for scheduled reports...
[2025-08-10T18:52:09.456Z] [DEBUG] Connected to MongoDB
[2025-08-10T18:52:09.536Z] [INFO] Found 1 company databases
[2025-08-10T18:52:09.537Z] [DEBUG] Processing company database: company_ry0iwbpw
[2025-08-10T18:52:09.610Z] [DEBUG] Finding reports to execute in company_ry0iwbpw (current time: 2025-08-10T18:52:09.609Z)
[2025-08-10T18:52:09.683Z] [INFO] Found 0 reports to execute in company_ry0iwbpw
[2025-08-10T18:52:09.683Z] [INFO] Scheduled reports check completed
[2025-08-10T18:52:09.686Z] [DEBUG] MongoDB connection closed
[2025-08-10T18:52:18.662Z] [INFO] Checking for scheduled reports...
[2025-08-10T18:52:19.441Z] [DEBUG] Connected to MongoDB
[2025-08-10T18:52:19.517Z] [INFO] Found 1 company databases
[2025-08-10T18:52:19.517Z] [DEBUG] Processing company database: company_ry0iwbpw
[2025-08-10T18:52:19.586Z] [DEBUG] Finding reports to execute in company_ry0iwbpw (current time: 2025-08-10T18:52:19.586Z)
[2025-08-10T18:52:19.655Z] [INFO] Found 0 reports to execute in company_ry0iwbpw
[2025-08-10T18:52:19.656Z] [INFO] Scheduled reports check completed
[2025-08-10T18:52:19.659Z] [DEBUG] MongoDB connection closed
[2025-08-10T18:52:28.662Z] [INFO] Checking for scheduled reports...
[2025-08-10T18:52:29.432Z] [DEBUG] Connected to MongoDB
[2025-08-10T18:52:29.507Z] [INFO] Found 1 company databases
[2025-08-10T18:52:29.508Z] [DEBUG] Processing company database: company_ry0iwbpw
[2025-08-10T18:52:29.575Z] [DEBUG] Finding reports to execute in company_ry0iwbpw (current time: 2025-08-10T18:52:29.575Z)
[2025-08-10T18:52:29.642Z] [INFO] Found 0 reports to execute in company_ry0iwbpw
[2025-08-10T18:52:29.643Z] [INFO] Scheduled reports check completed
[2025-08-10T18:52:29.645Z] [DEBUG] MongoDB connection closed
[2025-08-10T18:52:38.663Z] [INFO] Checking for scheduled reports...
[2025-08-10T18:52:39.447Z] [DEBUG] Connected to MongoDB
[2025-08-10T18:52:39.527Z] [INFO] Found 1 company databases
[2025-08-10T18:52:39.528Z] [DEBUG] Processing company database: company_ry0iwbpw
[2025-08-10T18:52:39.600Z] [DEBUG] Finding reports to execute in company_ry0iwbpw (current time: 2025-08-10T18:52:39.600Z)
[2025-08-10T18:52:39.673Z] [INFO] Found 0 reports to execute in company_ry0iwbpw
[2025-08-10T18:52:39.673Z] [INFO] Scheduled reports check completed
[2025-08-10T18:52:39.676Z] [DEBUG] MongoDB connection closed
[2025-08-10T18:52:48.665Z] [INFO] Checking for scheduled reports...
[2025-08-10T18:52:49.470Z] [DEBUG] Connected to MongoDB
[2025-08-10T18:52:49.547Z] [INFO] Found 1 company databases
[2025-08-10T18:52:49.548Z] [DEBUG] Processing company database: company_ry0iwbpw
[2025-08-10T18:52:49.617Z] [DEBUG] Finding reports to execute in company_ry0iwbpw (current time: 2025-08-10T18:52:49.617Z)
[2025-08-10T18:52:49.685Z] [INFO] Found 0 reports to execute in company_ry0iwbpw
[2025-08-10T18:52:49.686Z] [INFO] Scheduled reports check completed
[2025-08-10T18:52:49.690Z] [DEBUG] MongoDB connection closed
[2025-08-10T18:52:58.667Z] [INFO] Checking for scheduled reports...
[2025-08-10T18:52:59.444Z] [DEBUG] Connected to MongoDB
[2025-08-10T18:52:59.521Z] [INFO] Found 1 company databases
[2025-08-10T18:52:59.522Z] [DEBUG] Processing company database: company_ry0iwbpw
[2025-08-10T18:52:59.591Z] [DEBUG] Finding reports to execute in company_ry0iwbpw (current time: 2025-08-10T18:52:59.591Z)
[2025-08-10T18:52:59.660Z] [INFO] Found 0 reports to execute in company_ry0iwbpw
[2025-08-10T18:52:59.661Z] [INFO] Scheduled reports check completed
[2025-08-10T18:52:59.663Z] [DEBUG] MongoDB connection closed
[2025-08-10T18:53:08.668Z] [INFO] Checking for scheduled reports...
[2025-08-10T18:53:09.469Z] [DEBUG] Connected to MongoDB
[2025-08-10T18:53:09.549Z] [INFO] Found 1 company databases
[2025-08-10T18:53:09.550Z] [DEBUG] Processing company database: company_ry0iwbpw
[2025-08-10T18:53:09.622Z] [DEBUG] Finding reports to execute in company_ry0iwbpw (current time: 2025-08-10T18:53:09.622Z)
[2025-08-10T18:53:09.694Z] [INFO] Found 0 reports to execute in company_ry0iwbpw
[2025-08-10T18:53:09.695Z] [INFO] Scheduled reports check completed
[2025-08-10T18:53:09.698Z] [DEBUG] MongoDB connection closed
[2025-08-10T18:53:18.668Z] [INFO] Checking for scheduled reports...
[2025-08-10T18:53:19.467Z] [DEBUG] Connected to MongoDB
[2025-08-10T18:53:19.544Z] [INFO] Found 1 company databases
[2025-08-10T18:53:19.544Z] [DEBUG] Processing company database: company_ry0iwbpw
[2025-08-10T18:53:19.614Z] [DEBUG] Finding reports to execute in company_ry0iwbpw (current time: 2025-08-10T18:53:19.614Z)
[2025-08-10T18:53:19.684Z] [INFO] Found 0 reports to execute in company_ry0iwbpw
[2025-08-10T18:53:19.685Z] [INFO] Scheduled reports check completed
[2025-08-10T18:53:19.689Z] [DEBUG] MongoDB connection closed
[2025-08-10T18:53:28.669Z] [INFO] Checking for scheduled reports...
[2025-08-10T18:53:29.451Z] [DEBUG] Connected to MongoDB
[2025-08-10T18:53:29.526Z] [INFO] Found 1 company databases
[2025-08-10T18:53:29.527Z] [DEBUG] Processing company database: company_ry0iwbpw
[2025-08-10T18:53:29.594Z] [DEBUG] Finding reports to execute in company_ry0iwbpw (current time: 2025-08-10T18:53:29.594Z)
[2025-08-10T18:53:29.660Z] [INFO] Found 0 reports to execute in company_ry0iwbpw
[2025-08-10T18:53:29.661Z] [INFO] Scheduled reports check completed
[2025-08-10T18:53:29.664Z] [DEBUG] MongoDB connection closed
[2025-08-10T18:53:38.669Z] [INFO] Checking for scheduled reports...
[2025-08-10T18:53:39.458Z] [DEBUG] Connected to MongoDB
[2025-08-10T18:53:39.538Z] [INFO] Found 1 company databases
[2025-08-10T18:53:39.539Z] [DEBUG] Processing company database: company_ry0iwbpw
[2025-08-10T18:53:39.611Z] [DEBUG] Finding reports to execute in company_ry0iwbpw (current time: 2025-08-10T18:53:39.611Z)
[2025-08-10T18:53:39.684Z] [INFO] Found 0 reports to execute in company_ry0iwbpw
[2025-08-10T18:53:39.684Z] [INFO] Scheduled reports check completed
[2025-08-10T18:53:39.687Z] [DEBUG] MongoDB connection closed
[2025-08-10T18:53:48.669Z] [INFO] Checking for scheduled reports...
[2025-08-10T18:53:49.453Z] [DEBUG] Connected to MongoDB
[2025-08-10T18:53:49.530Z] [INFO] Found 1 company databases
[2025-08-10T18:53:49.530Z] [DEBUG] Processing company database: company_ry0iwbpw
[2025-08-10T18:53:49.599Z] [DEBUG] Finding reports to execute in company_ry0iwbpw (current time: 2025-08-10T18:53:49.599Z)
[2025-08-10T18:53:49.668Z] [INFO] Found 0 reports to execute in company_ry0iwbpw
[2025-08-10T18:53:49.669Z] [INFO] Scheduled reports check completed
[2025-08-10T18:53:49.673Z] [DEBUG] MongoDB connection closed
[2025-08-10T18:53:58.671Z] [INFO] Checking for scheduled reports...
[2025-08-10T18:53:59.474Z] [DEBUG] Connected to MongoDB
[2025-08-10T18:53:59.556Z] [INFO] Found 1 company databases
[2025-08-10T18:53:59.557Z] [DEBUG] Processing company database: company_ry0iwbpw
[2025-08-10T18:53:59.630Z] [DEBUG] Finding reports to execute in company_ry0iwbpw (current time: 2025-08-10T18:53:59.630Z)
[2025-08-10T18:53:59.703Z] [INFO] Found 0 reports to execute in company_ry0iwbpw
[2025-08-10T18:53:59.703Z] [INFO] Scheduled reports check completed
[2025-08-10T18:53:59.706Z] [DEBUG] MongoDB connection closed
[2025-08-10T18:54:08.672Z] [INFO] Checking for scheduled reports...
[2025-08-10T18:54:09.457Z] [DEBUG] Connected to MongoDB
[2025-08-10T18:54:09.531Z] [INFO] Found 1 company databases
[2025-08-10T18:54:09.532Z] [DEBUG] Processing company database: company_ry0iwbpw
[2025-08-10T18:54:09.599Z] [DEBUG] Finding reports to execute in company_ry0iwbpw (current time: 2025-08-10T18:54:09.599Z)
[2025-08-10T18:54:09.667Z] [INFO] Found 0 reports to execute in company_ry0iwbpw
[2025-08-10T18:54:09.667Z] [INFO] Scheduled reports check completed
[2025-08-10T18:54:09.670Z] [DEBUG] MongoDB connection closed
[2025-08-10T18:54:18.673Z] [INFO] Checking for scheduled reports...
[2025-08-10T18:54:19.439Z] [DEBUG] Connected to MongoDB
[2025-08-10T18:54:19.515Z] [INFO] Found 1 company databases
[2025-08-10T18:54:19.515Z] [DEBUG] Processing company database: company_ry0iwbpw
[2025-08-10T18:54:19.584Z] [DEBUG] Finding reports to execute in company_ry0iwbpw (current time: 2025-08-10T18:54:19.584Z)
[2025-08-10T18:54:19.650Z] [INFO] Found 0 reports to execute in company_ry0iwbpw
[2025-08-10T18:54:19.651Z] [INFO] Scheduled reports check completed
[2025-08-10T18:54:19.653Z] [DEBUG] MongoDB connection closed
[2025-08-10T18:54:28.675Z] [INFO] Checking for scheduled reports...
[2025-08-10T18:54:29.444Z] [DEBUG] Connected to MongoDB
[2025-08-10T18:54:29.521Z] [INFO] Found 1 company databases
[2025-08-10T18:54:29.522Z] [DEBUG] Processing company database: company_ry0iwbpw
[2025-08-10T18:54:29.593Z] [DEBUG] Finding reports to execute in company_ry0iwbpw (current time: 2025-08-10T18:54:29.593Z)
[2025-08-10T18:54:29.662Z] [INFO] Found 0 reports to execute in company_ry0iwbpw
[2025-08-10T18:54:29.663Z] [INFO] Scheduled reports check completed
[2025-08-10T18:54:29.666Z] [DEBUG] MongoDB connection closed
[2025-08-10T18:54:38.675Z] [INFO] Checking for scheduled reports...
[2025-08-10T18:54:39.458Z] [DEBUG] Connected to MongoDB
[2025-08-10T18:54:39.533Z] [INFO] Found 1 company databases
[2025-08-10T18:54:39.534Z] [DEBUG] Processing company database: company_ry0iwbpw
[2025-08-10T18:54:39.601Z] [DEBUG] Finding reports to execute in company_ry0iwbpw (current time: 2025-08-10T18:54:39.601Z)
[2025-08-10T18:54:39.668Z] [INFO] Found 0 reports to execute in company_ry0iwbpw
[2025-08-10T18:54:39.669Z] [INFO] Scheduled reports check completed
[2025-08-10T18:54:39.671Z] [DEBUG] MongoDB connection closed
[2025-08-10T18:54:48.676Z] [INFO] Checking for scheduled reports...
[2025-08-10T18:54:49.495Z] [DEBUG] Connected to MongoDB
[2025-08-10T18:54:49.575Z] [INFO] Found 1 company databases
[2025-08-10T18:54:49.576Z] [DEBUG] Processing company database: company_ry0iwbpw
[2025-08-10T18:54:49.649Z] [DEBUG] Finding reports to execute in company_ry0iwbpw (current time: 2025-08-10T18:54:49.649Z)
[2025-08-10T18:54:49.722Z] [INFO] Found 0 reports to execute in company_ry0iwbpw
[2025-08-10T18:54:49.723Z] [INFO] Scheduled reports check completed
[2025-08-10T18:54:49.725Z] [DEBUG] MongoDB connection closed
[2025-08-10T18:54:58.677Z] [INFO] Checking for scheduled reports...
[2025-08-10T18:54:59.470Z] [DEBUG] Connected to MongoDB
[2025-08-10T18:54:59.550Z] [INFO] Found 1 company databases
[2025-08-10T18:54:59.551Z] [DEBUG] Processing company database: company_ry0iwbpw
[2025-08-10T18:54:59.625Z] [DEBUG] Finding reports to execute in company_ry0iwbpw (current time: 2025-08-10T18:54:59.625Z)
[2025-08-10T18:54:59.698Z] [INFO] Found 0 reports to execute in company_ry0iwbpw
[2025-08-10T18:54:59.699Z] [INFO] Scheduled reports check completed
[2025-08-10T18:54:59.701Z] [DEBUG] MongoDB connection closed
[2025-08-10T18:55:08.678Z] [INFO] Checking for scheduled reports...
[2025-08-10T18:55:09.477Z] [DEBUG] Connected to MongoDB
[2025-08-10T18:55:09.557Z] [INFO] Found 1 company databases
[2025-08-10T18:55:09.558Z] [DEBUG] Processing company database: company_ry0iwbpw
[2025-08-10T18:55:09.629Z] [DEBUG] Finding reports to execute in company_ry0iwbpw (current time: 2025-08-10T18:55:09.629Z)
[2025-08-10T18:55:09.699Z] [INFO] Found 0 reports to execute in company_ry0iwbpw
[2025-08-10T18:55:09.700Z] [INFO] Scheduled reports check completed
[2025-08-10T18:55:09.704Z] [DEBUG] MongoDB connection closed
[2025-08-10T18:55:18.675Z] [INFO] Checking for scheduled reports...
[2025-08-10T18:55:19.515Z] [DEBUG] Connected to MongoDB
[2025-08-10T18:55:19.596Z] [INFO] Found 1 company databases
[2025-08-10T18:55:19.596Z] [DEBUG] Processing company database: company_ry0iwbpw
[2025-08-10T18:55:19.671Z] [DEBUG] Finding reports to execute in company_ry0iwbpw (current time: 2025-08-10T18:55:19.671Z)
[2025-08-10T18:55:19.746Z] [INFO] Found 0 reports to execute in company_ry0iwbpw
[2025-08-10T18:55:19.747Z] [INFO] Scheduled reports check completed
[2025-08-10T18:55:19.750Z] [DEBUG] MongoDB connection closed
[2025-08-10T18:55:28.668Z] [INFO] Checking for scheduled reports...
[2025-08-10T18:55:29.456Z] [DEBUG] Connected to MongoDB
[2025-08-10T18:55:29.538Z] [INFO] Found 1 company databases
[2025-08-10T18:55:29.538Z] [DEBUG] Processing company database: company_ry0iwbpw
[2025-08-10T18:55:29.610Z] [DEBUG] Finding reports to execute in company_ry0iwbpw (current time: 2025-08-10T18:55:29.610Z)
[2025-08-10T18:55:29.681Z] [INFO] Found 0 reports to execute in company_ry0iwbpw
[2025-08-10T18:55:29.682Z] [INFO] Scheduled reports check completed
[2025-08-10T18:55:29.685Z] [DEBUG] MongoDB connection closed
[2025-08-10T18:55:38.664Z] [INFO] Checking for scheduled reports...
[2025-08-10T18:55:39.489Z] [DEBUG] Connected to MongoDB
[2025-08-10T18:55:39.570Z] [INFO] Found 1 company databases
[2025-08-10T18:55:39.570Z] [DEBUG] Processing company database: company_ry0iwbpw
[2025-08-10T18:55:39.643Z] [DEBUG] Finding reports to execute in company_ry0iwbpw (current time: 2025-08-10T18:55:39.643Z)
[2025-08-10T18:55:39.719Z] [INFO] Found 0 reports to execute in company_ry0iwbpw
[2025-08-10T18:55:39.720Z] [INFO] Scheduled reports check completed
[2025-08-10T18:55:39.723Z] [DEBUG] MongoDB connection closed
[2025-08-10T18:55:48.664Z] [INFO] Checking for scheduled reports...
[2025-08-10T18:55:49.477Z] [DEBUG] Connected to MongoDB
[2025-08-10T18:55:49.559Z] [INFO] Found 1 company databases
[2025-08-10T18:55:49.559Z] [DEBUG] Processing company database: company_ry0iwbpw
[2025-08-10T18:55:49.632Z] [DEBUG] Finding reports to execute in company_ry0iwbpw (current time: 2025-08-10T18:55:49.632Z)
[2025-08-10T18:55:49.706Z] [INFO] Found 0 reports to execute in company_ry0iwbpw
[2025-08-10T18:55:49.707Z] [INFO] Scheduled reports check completed
[2025-08-10T18:55:49.713Z] [DEBUG] MongoDB connection closed
[2025-08-10T18:55:58.663Z] [INFO] Checking for scheduled reports...
[2025-08-10T18:55:59.476Z] [DEBUG] Connected to MongoDB
[2025-08-10T18:55:59.553Z] [INFO] Found 1 company databases
[2025-08-10T18:55:59.554Z] [DEBUG] Processing company database: company_ry0iwbpw
[2025-08-10T18:55:59.624Z] [DEBUG] Finding reports to execute in company_ry0iwbpw (current time: 2025-08-10T18:55:59.624Z)
[2025-08-10T18:55:59.697Z] [INFO] Found 0 reports to execute in company_ry0iwbpw
[2025-08-10T18:55:59.698Z] [INFO] Scheduled reports check completed
[2025-08-10T18:55:59.700Z] [DEBUG] MongoDB connection closed
[2025-08-10T18:56:08.664Z] [INFO] Checking for scheduled reports...
[2025-08-10T18:56:09.459Z] [DEBUG] Connected to MongoDB
[2025-08-10T18:56:09.539Z] [INFO] Found 1 company databases
[2025-08-10T18:56:09.540Z] [DEBUG] Processing company database: company_ry0iwbpw
[2025-08-10T18:56:09.611Z] [DEBUG] Finding reports to execute in company_ry0iwbpw (current time: 2025-08-10T18:56:09.611Z)
[2025-08-10T18:56:09.682Z] [INFO] Found 0 reports to execute in company_ry0iwbpw
[2025-08-10T18:56:09.683Z] [INFO] Scheduled reports check completed
[2025-08-10T18:56:09.686Z] [DEBUG] MongoDB connection closed
[2025-08-10T18:56:18.665Z] [INFO] Checking for scheduled reports...
[2025-08-10T18:56:19.438Z] [DEBUG] Connected to MongoDB
[2025-08-10T18:56:19.513Z] [INFO] Found 1 company databases
[2025-08-10T18:56:19.514Z] [DEBUG] Processing company database: company_ry0iwbpw
[2025-08-10T18:56:19.582Z] [DEBUG] Finding reports to execute in company_ry0iwbpw (current time: 2025-08-10T18:56:19.582Z)
[2025-08-10T18:56:19.650Z] [INFO] Found 0 reports to execute in company_ry0iwbpw
[2025-08-10T18:56:19.650Z] [INFO] Scheduled reports check completed
[2025-08-10T18:56:19.652Z] [DEBUG] MongoDB connection closed
[2025-08-10T18:56:28.665Z] [INFO] Checking for scheduled reports...
[2025-08-10T18:56:29.444Z] [DEBUG] Connected to MongoDB
[2025-08-10T18:56:29.519Z] [INFO] Found 1 company databases
[2025-08-10T18:56:29.520Z] [DEBUG] Processing company database: company_ry0iwbpw
[2025-08-10T18:56:29.588Z] [DEBUG] Finding reports to execute in company_ry0iwbpw (current time: 2025-08-10T18:56:29.588Z)
[2025-08-10T18:56:29.656Z] [INFO] Found 0 reports to execute in company_ry0iwbpw
[2025-08-10T18:56:29.656Z] [INFO] Scheduled reports check completed
[2025-08-10T18:56:29.659Z] [DEBUG] MongoDB connection closed
[2025-08-10T18:56:38.667Z] [INFO] Checking for scheduled reports...
[2025-08-10T18:56:39.488Z] [DEBUG] Connected to MongoDB
[2025-08-10T18:56:39.564Z] [INFO] Found 1 company databases
[2025-08-10T18:56:39.565Z] [DEBUG] Processing company database: company_ry0iwbpw
[2025-08-10T18:56:39.634Z] [DEBUG] Finding reports to execute in company_ry0iwbpw (current time: 2025-08-10T18:56:39.634Z)
[2025-08-10T18:56:39.702Z] [INFO] Found 0 reports to execute in company_ry0iwbpw
[2025-08-10T18:56:39.703Z] [INFO] Scheduled reports check completed
[2025-08-10T18:56:39.706Z] [DEBUG] MongoDB connection closed
[2025-08-10T18:56:48.666Z] [INFO] Checking for scheduled reports...
[2025-08-10T18:56:49.485Z] [DEBUG] Connected to MongoDB
[2025-08-10T18:56:49.565Z] [INFO] Found 1 company databases
[2025-08-10T18:56:49.566Z] [DEBUG] Processing company database: company_ry0iwbpw
[2025-08-10T18:56:49.641Z] [DEBUG] Finding reports to execute in company_ry0iwbpw (current time: 2025-08-10T18:56:49.641Z)
[2025-08-10T18:56:49.714Z] [INFO] Found 0 reports to execute in company_ry0iwbpw
[2025-08-10T18:56:49.715Z] [INFO] Scheduled reports check completed
[2025-08-10T18:56:49.717Z] [DEBUG] MongoDB connection closed
[2025-08-10T18:56:58.668Z] [INFO] Checking for scheduled reports...
[2025-08-10T18:56:59.459Z] [DEBUG] Connected to MongoDB
[2025-08-10T18:56:59.540Z] [INFO] Found 1 company databases
[2025-08-10T18:56:59.541Z] [DEBUG] Processing company database: company_ry0iwbpw
[2025-08-10T18:56:59.614Z] [DEBUG] Finding reports to execute in company_ry0iwbpw (current time: 2025-08-10T18:56:59.614Z)
[2025-08-10T18:56:59.686Z] [INFO] Found 0 reports to execute in company_ry0iwbpw
[2025-08-10T18:56:59.687Z] [INFO] Scheduled reports check completed
[2025-08-10T18:56:59.689Z] [DEBUG] MongoDB connection closed
[2025-08-10T18:57:08.668Z] [INFO] Checking for scheduled reports...
[2025-08-10T18:57:09.442Z] [DEBUG] Connected to MongoDB
[2025-08-10T18:57:09.519Z] [INFO] Found 1 company databases
[2025-08-10T18:57:09.520Z] [DEBUG] Processing company database: company_ry0iwbpw
[2025-08-10T18:57:09.590Z] [DEBUG] Finding reports to execute in company_ry0iwbpw (current time: 2025-08-10T18:57:09.590Z)
[2025-08-10T18:57:09.658Z] [INFO] Found 0 reports to execute in company_ry0iwbpw
[2025-08-10T18:57:09.658Z] [INFO] Scheduled reports check completed
[2025-08-10T18:57:09.661Z] [DEBUG] MongoDB connection closed
[2025-08-10T18:57:18.669Z] [INFO] Checking for scheduled reports...
[2025-08-10T18:57:19.471Z] [DEBUG] Connected to MongoDB
[2025-08-10T18:57:19.547Z] [INFO] Found 1 company databases
[2025-08-10T18:57:19.548Z] [DEBUG] Processing company database: company_ry0iwbpw
[2025-08-10T18:57:19.618Z] [DEBUG] Finding reports to execute in company_ry0iwbpw (current time: 2025-08-10T18:57:19.618Z)
[2025-08-10T18:57:19.687Z] [INFO] Found 0 reports to execute in company_ry0iwbpw
[2025-08-10T18:57:19.688Z] [INFO] Scheduled reports check completed
[2025-08-10T18:57:19.690Z] [DEBUG] MongoDB connection closed
[2025-08-10T18:57:28.670Z] [INFO] Checking for scheduled reports...
[2025-08-10T18:57:29.476Z] [DEBUG] Connected to MongoDB
[2025-08-10T18:57:29.557Z] [INFO] Found 1 company databases
[2025-08-10T18:57:29.558Z] [DEBUG] Processing company database: company_ry0iwbpw
[2025-08-10T18:57:29.630Z] [DEBUG] Finding reports to execute in company_ry0iwbpw (current time: 2025-08-10T18:57:29.630Z)
[2025-08-10T18:57:29.703Z] [INFO] Found 0 reports to execute in company_ry0iwbpw
[2025-08-10T18:57:29.703Z] [INFO] Scheduled reports check completed
[2025-08-10T18:57:29.706Z] [DEBUG] MongoDB connection closed
[2025-08-10T18:57:38.671Z] [INFO] Checking for scheduled reports...
[2025-08-10T18:57:39.447Z] [DEBUG] Connected to MongoDB
[2025-08-10T18:57:39.527Z] [INFO] Found 1 company databases
[2025-08-10T18:57:39.527Z] [DEBUG] Processing company database: company_ry0iwbpw
[2025-08-10T18:57:39.599Z] [DEBUG] Finding reports to execute in company_ry0iwbpw (current time: 2025-08-10T18:57:39.599Z)
[2025-08-10T18:57:39.671Z] [INFO] Found 0 reports to execute in company_ry0iwbpw
[2025-08-10T18:57:39.672Z] [INFO] Scheduled reports check completed
[2025-08-10T18:57:39.674Z] [DEBUG] MongoDB connection closed
[2025-08-10T18:57:48.672Z] [INFO] Checking for scheduled reports...
[2025-08-10T18:57:49.510Z] [DEBUG] Connected to MongoDB
[2025-08-10T18:57:49.591Z] [INFO] Found 1 company databases
[2025-08-10T18:57:49.592Z] [DEBUG] Processing company database: company_ry0iwbpw
[2025-08-10T18:57:49.665Z] [DEBUG] Finding reports to execute in company_ry0iwbpw (current time: 2025-08-10T18:57:49.665Z)
[2025-08-10T18:57:49.740Z] [INFO] Found 0 reports to execute in company_ry0iwbpw
[2025-08-10T18:57:49.741Z] [INFO] Scheduled reports check completed
[2025-08-10T18:57:49.742Z] [DEBUG] MongoDB connection closed
[2025-08-10T18:57:58.673Z] [INFO] Checking for scheduled reports...
[2025-08-10T18:57:59.441Z] [DEBUG] Connected to MongoDB
[2025-08-10T18:57:59.518Z] [INFO] Found 1 company databases
[2025-08-10T18:57:59.518Z] [DEBUG] Processing company database: company_ry0iwbpw
[2025-08-10T18:57:59.586Z] [DEBUG] Finding reports to execute in company_ry0iwbpw (current time: 2025-08-10T18:57:59.586Z)
[2025-08-10T18:57:59.655Z] [INFO] Found 0 reports to execute in company_ry0iwbpw
[2025-08-10T18:57:59.655Z] [INFO] Scheduled reports check completed
[2025-08-10T18:57:59.658Z] [DEBUG] MongoDB connection closed
[2025-08-10T18:58:08.674Z] [INFO] Checking for scheduled reports...
[2025-08-10T18:58:09.431Z] [DEBUG] Connected to MongoDB
[2025-08-10T18:58:09.507Z] [INFO] Found 1 company databases
[2025-08-10T18:58:09.507Z] [DEBUG] Processing company database: company_ry0iwbpw
[2025-08-10T18:58:09.575Z] [DEBUG] Finding reports to execute in company_ry0iwbpw (current time: 2025-08-10T18:58:09.575Z)
[2025-08-10T18:58:09.642Z] [INFO] Found 0 reports to execute in company_ry0iwbpw
[2025-08-10T18:58:09.643Z] [INFO] Scheduled reports check completed
[2025-08-10T18:58:09.645Z] [DEBUG] MongoDB connection closed
[2025-08-10T18:58:18.675Z] [INFO] Checking for scheduled reports...
[2025-08-10T18:58:19.445Z] [DEBUG] Connected to MongoDB
[2025-08-10T18:58:19.522Z] [INFO] Found 1 company databases
[2025-08-10T18:58:19.523Z] [DEBUG] Processing company database: company_ry0iwbpw
[2025-08-10T18:58:19.590Z] [DEBUG] Finding reports to execute in company_ry0iwbpw (current time: 2025-08-10T18:58:19.590Z)
[2025-08-10T18:58:19.656Z] [INFO] Found 0 reports to execute in company_ry0iwbpw
[2025-08-10T18:58:19.657Z] [INFO] Scheduled reports check completed
[2025-08-10T18:58:19.659Z] [DEBUG] MongoDB connection closed
[2025-08-10T18:58:28.675Z] [INFO] Checking for scheduled reports...
[2025-08-10T18:58:29.455Z] [DEBUG] Connected to MongoDB
[2025-08-10T18:58:29.534Z] [INFO] Found 1 company databases
[2025-08-10T18:58:29.535Z] [DEBUG] Processing company database: company_ry0iwbpw
[2025-08-10T18:58:29.602Z] [DEBUG] Finding reports to execute in company_ry0iwbpw (current time: 2025-08-10T18:58:29.602Z)
[2025-08-10T18:58:29.670Z] [INFO] Found 0 reports to execute in company_ry0iwbpw
[2025-08-10T18:58:29.671Z] [INFO] Scheduled reports check completed
[2025-08-10T18:58:29.673Z] [DEBUG] MongoDB connection closed
[2025-08-10T18:58:38.676Z] [INFO] Checking for scheduled reports...
[2025-08-10T18:58:39.445Z] [DEBUG] Connected to MongoDB
[2025-08-10T18:58:39.521Z] [INFO] Found 1 company databases
[2025-08-10T18:58:39.521Z] [DEBUG] Processing company database: company_ry0iwbpw
[2025-08-10T18:58:39.590Z] [DEBUG] Finding reports to execute in company_ry0iwbpw (current time: 2025-08-10T18:58:39.590Z)
[2025-08-10T18:58:39.657Z] [INFO] Found 0 reports to execute in company_ry0iwbpw
[2025-08-10T18:58:39.657Z] [INFO] Scheduled reports check completed
[2025-08-10T18:58:39.660Z] [DEBUG] MongoDB connection closed
[2025-08-10T18:58:48.677Z] [INFO] Checking for scheduled reports...
[2025-08-10T18:58:49.499Z] [DEBUG] Connected to MongoDB
[2025-08-10T18:58:49.579Z] [INFO] Found 1 company databases
[2025-08-10T18:58:49.580Z] [DEBUG] Processing company database: company_ry0iwbpw
[2025-08-10T18:58:49.653Z] [DEBUG] Finding reports to execute in company_ry0iwbpw (current time: 2025-08-10T18:58:49.653Z)
[2025-08-10T18:58:49.726Z] [INFO] Found 0 reports to execute in company_ry0iwbpw
[2025-08-10T18:58:49.726Z] [INFO] Scheduled reports check completed
[2025-08-10T18:58:49.728Z] [DEBUG] MongoDB connection closed
[2025-08-10T18:58:58.677Z] [INFO] Checking for scheduled reports...
[2025-08-10T18:58:59.459Z] [DEBUG] Connected to MongoDB
[2025-08-10T18:58:59.537Z] [INFO] Found 1 company databases
[2025-08-10T18:58:59.538Z] [DEBUG] Processing company database: company_ry0iwbpw
[2025-08-10T18:58:59.611Z] [DEBUG] Finding reports to execute in company_ry0iwbpw (current time: 2025-08-10T18:58:59.611Z)
[2025-08-10T18:58:59.682Z] [INFO] Found 0 reports to execute in company_ry0iwbpw
[2025-08-10T18:58:59.683Z] [INFO] Scheduled reports check completed
[2025-08-10T18:58:59.685Z] [DEBUG] MongoDB connection closed
[2025-08-10T18:59:08.677Z] [INFO] Checking for scheduled reports...
[2025-08-10T18:59:09.447Z] [DEBUG] Connected to MongoDB
[2025-08-10T18:59:09.524Z] [INFO] Found 1 company databases
[2025-08-10T18:59:09.525Z] [DEBUG] Processing company database: company_ry0iwbpw
[2025-08-10T18:59:09.593Z] [DEBUG] Finding reports to execute in company_ry0iwbpw (current time: 2025-08-10T18:59:09.593Z)
[2025-08-10T18:59:09.661Z] [INFO] Found 0 reports to execute in company_ry0iwbpw
[2025-08-10T18:59:09.662Z] [INFO] Scheduled reports check completed
[2025-08-10T18:59:09.664Z] [DEBUG] MongoDB connection closed
[2025-08-10T18:59:18.677Z] [INFO] Checking for scheduled reports...
[2025-08-10T18:59:19.458Z] [DEBUG] Connected to MongoDB
[2025-08-10T18:59:19.535Z] [INFO] Found 1 company databases
[2025-08-10T18:59:19.535Z] [DEBUG] Processing company database: company_ry0iwbpw
[2025-08-10T18:59:19.604Z] [DEBUG] Finding reports to execute in company_ry0iwbpw (current time: 2025-08-10T18:59:19.604Z)
[2025-08-10T18:59:19.672Z] [INFO] Found 0 reports to execute in company_ry0iwbpw
[2025-08-10T18:59:19.673Z] [INFO] Scheduled reports check completed
[2025-08-10T18:59:19.675Z] [DEBUG] MongoDB connection closed
[2025-08-10T18:59:28.677Z] [INFO] Checking for scheduled reports...
[2025-08-10T18:59:29.437Z] [DEBUG] Connected to MongoDB
[2025-08-10T18:59:29.513Z] [INFO] Found 1 company databases
[2025-08-10T18:59:29.514Z] [DEBUG] Processing company database: company_ry0iwbpw
[2025-08-10T18:59:29.583Z] [DEBUG] Finding reports to execute in company_ry0iwbpw (current time: 2025-08-10T18:59:29.583Z)
[2025-08-10T18:59:29.652Z] [INFO] Found 0 reports to execute in company_ry0iwbpw
[2025-08-10T18:59:29.653Z] [INFO] Scheduled reports check completed
[2025-08-10T18:59:29.655Z] [DEBUG] MongoDB connection closed
[2025-08-10T18:59:38.678Z] [INFO] Checking for scheduled reports...
[2025-08-10T18:59:39.460Z] [DEBUG] Connected to MongoDB
[2025-08-10T18:59:39.538Z] [INFO] Found 1 company databases
[2025-08-10T18:59:39.539Z] [DEBUG] Processing company database: company_ry0iwbpw
[2025-08-10T18:59:39.610Z] [DEBUG] Finding reports to execute in company_ry0iwbpw (current time: 2025-08-10T18:59:39.610Z)
[2025-08-10T18:59:39.681Z] [INFO] Found 0 reports to execute in company_ry0iwbpw
[2025-08-10T18:59:39.682Z] [INFO] Scheduled reports check completed
[2025-08-10T18:59:39.684Z] [DEBUG] MongoDB connection closed
[2025-08-10T18:59:48.680Z] [INFO] Checking for scheduled reports...
[2025-08-10T18:59:49.502Z] [DEBUG] Connected to MongoDB
[2025-08-10T18:59:49.583Z] [INFO] Found 1 company databases
[2025-08-10T18:59:49.584Z] [DEBUG] Processing company database: company_ry0iwbpw
[2025-08-10T18:59:49.658Z] [DEBUG] Finding reports to execute in company_ry0iwbpw (current time: 2025-08-10T18:59:49.658Z)
[2025-08-10T18:59:49.731Z] [INFO] Found 0 reports to execute in company_ry0iwbpw
[2025-08-10T18:59:49.732Z] [INFO] Scheduled reports check completed
[2025-08-10T18:59:49.734Z] [DEBUG] MongoDB connection closed
[2025-08-10T18:59:58.680Z] [INFO] Checking for scheduled reports...
[2025-08-10T18:59:59.471Z] [DEBUG] Connected to MongoDB
[2025-08-10T18:59:59.550Z] [INFO] Found 1 company databases
[2025-08-10T18:59:59.551Z] [DEBUG] Processing company database: company_ry0iwbpw
[2025-08-10T18:59:59.623Z] [DEBUG] Finding reports to execute in company_ry0iwbpw (current time: 2025-08-10T18:59:59.623Z)
[2025-08-10T18:59:59.693Z] [INFO] Found 0 reports to execute in company_ry0iwbpw
[2025-08-10T18:59:59.694Z] [INFO] Scheduled reports check completed
[2025-08-10T18:59:59.696Z] [DEBUG] MongoDB connection closed
[2025-08-10T19:00:08.681Z] [INFO] Checking for scheduled reports...
[2025-08-10T19:00:09.432Z] [DEBUG] Connected to MongoDB
[2025-08-10T19:00:09.507Z] [INFO] Found 1 company databases
[2025-08-10T19:00:09.508Z] [DEBUG] Processing company database: company_ry0iwbpw
[2025-08-10T19:00:09.578Z] [DEBUG] Finding reports to execute in company_ry0iwbpw (current time: 2025-08-10T19:00:09.578Z)
[2025-08-10T19:00:09.645Z] [INFO] Found 0 reports to execute in company_ry0iwbpw
[2025-08-10T19:00:09.646Z] [INFO] Scheduled reports check completed
[2025-08-10T19:00:09.648Z] [DEBUG] MongoDB connection closed
[2025-08-10T19:00:18.683Z] [INFO] Checking for scheduled reports...
[2025-08-10T19:00:19.508Z] [DEBUG] Connected to MongoDB
[2025-08-10T19:00:19.590Z] [INFO] Found 1 company databases
[2025-08-10T19:00:19.591Z] [DEBUG] Processing company database: company_ry0iwbpw
[2025-08-10T19:00:19.663Z] [DEBUG] Finding reports to execute in company_ry0iwbpw (current time: 2025-08-10T19:00:19.663Z)
[2025-08-10T19:00:19.736Z] [INFO] Found 0 reports to execute in company_ry0iwbpw
[2025-08-10T19:00:19.737Z] [INFO] Scheduled reports check completed
[2025-08-10T19:00:19.739Z] [DEBUG] MongoDB connection closed
[2025-08-10T19:00:28.684Z] [INFO] Checking for scheduled reports...
[2025-08-10T19:00:29.468Z] [DEBUG] Connected to MongoDB
[2025-08-10T19:00:29.543Z] [INFO] Found 1 company databases
[2025-08-10T19:00:29.543Z] [DEBUG] Processing company database: company_ry0iwbpw
[2025-08-10T19:00:29.611Z] [DEBUG] Finding reports to execute in company_ry0iwbpw (current time: 2025-08-10T19:00:29.611Z)
[2025-08-10T19:00:29.680Z] [INFO] Found 0 reports to execute in company_ry0iwbpw
[2025-08-10T19:00:29.681Z] [INFO] Scheduled reports check completed
[2025-08-10T19:00:29.683Z] [DEBUG] MongoDB connection closed
[2025-08-10T19:00:38.685Z] [INFO] Checking for scheduled reports...
[2025-08-10T19:00:39.444Z] [DEBUG] Connected to MongoDB
[2025-08-10T19:00:39.519Z] [INFO] Found 1 company databases
[2025-08-10T19:00:39.520Z] [DEBUG] Processing company database: company_ry0iwbpw
[2025-08-10T19:00:39.592Z] [DEBUG] Finding reports to execute in company_ry0iwbpw (current time: 2025-08-10T19:00:39.592Z)
[2025-08-10T19:00:39.660Z] [INFO] Found 0 reports to execute in company_ry0iwbpw
[2025-08-10T19:00:39.660Z] [INFO] Scheduled reports check completed
[2025-08-10T19:00:39.663Z] [DEBUG] MongoDB connection closed
[2025-08-10T19:00:48.687Z] [INFO] Checking for scheduled reports...
[2025-08-10T19:00:49.512Z] [DEBUG] Connected to MongoDB
[2025-08-10T19:00:49.593Z] [INFO] Found 1 company databases
[2025-08-10T19:00:49.594Z] [DEBUG] Processing company database: company_ry0iwbpw
[2025-08-10T19:00:49.666Z] [DEBUG] Finding reports to execute in company_ry0iwbpw (current time: 2025-08-10T19:00:49.666Z)
[2025-08-10T19:00:49.737Z] [INFO] Found 0 reports to execute in company_ry0iwbpw
[2025-08-10T19:00:49.738Z] [INFO] Scheduled reports check completed
[2025-08-10T19:00:49.740Z] [DEBUG] MongoDB connection closed
[2025-08-10T19:00:58.688Z] [INFO] Checking for scheduled reports...
[2025-08-10T19:00:59.464Z] [DEBUG] Connected to MongoDB
[2025-08-10T19:00:59.540Z] [INFO] Found 1 company databases
[2025-08-10T19:00:59.540Z] [DEBUG] Processing company database: company_ry0iwbpw
[2025-08-10T19:00:59.609Z] [DEBUG] Finding reports to execute in company_ry0iwbpw (current time: 2025-08-10T19:00:59.609Z)
[2025-08-10T19:00:59.679Z] [INFO] Found 0 reports to execute in company_ry0iwbpw
[2025-08-10T19:00:59.679Z] [INFO] Scheduled reports check completed
[2025-08-10T19:00:59.682Z] [DEBUG] MongoDB connection closed
[2025-08-10T19:01:08.690Z] [INFO] Checking for scheduled reports...
[2025-08-10T19:01:09.487Z] [DEBUG] Connected to MongoDB
[2025-08-10T19:01:09.564Z] [INFO] Found 1 company databases
[2025-08-10T19:01:09.565Z] [DEBUG] Processing company database: company_ry0iwbpw
[2025-08-10T19:01:09.633Z] [DEBUG] Finding reports to execute in company_ry0iwbpw (current time: 2025-08-10T19:01:09.633Z)
[2025-08-10T19:01:09.701Z] [INFO] Found 0 reports to execute in company_ry0iwbpw
[2025-08-10T19:01:09.702Z] [INFO] Scheduled reports check completed
[2025-08-10T19:01:09.704Z] [DEBUG] MongoDB connection closed
[2025-08-10T19:01:18.691Z] [INFO] Checking for scheduled reports...
[2025-08-10T19:01:19.518Z] [DEBUG] Connected to MongoDB
[2025-08-10T19:01:19.598Z] [INFO] Found 1 company databases
[2025-08-10T19:01:19.599Z] [DEBUG] Processing company database: company_ry0iwbpw
[2025-08-10T19:01:19.677Z] [DEBUG] Finding reports to execute in company_ry0iwbpw (current time: 2025-08-10T19:01:19.677Z)
[2025-08-10T19:01:19.749Z] [INFO] Found 0 reports to execute in company_ry0iwbpw
[2025-08-10T19:01:19.749Z] [INFO] Scheduled reports check completed
[2025-08-10T19:01:19.751Z] [DEBUG] MongoDB connection closed
[2025-08-10T19:01:28.691Z] [INFO] Checking for scheduled reports...
[2025-08-10T19:01:29.472Z] [DEBUG] Connected to MongoDB
[2025-08-10T19:01:29.550Z] [INFO] Found 1 company databases
[2025-08-10T19:01:29.550Z] [DEBUG] Processing company database: company_ry0iwbpw
[2025-08-10T19:01:29.619Z] [DEBUG] Finding reports to execute in company_ry0iwbpw (current time: 2025-08-10T19:01:29.619Z)
[2025-08-10T19:01:29.687Z] [INFO] Found 0 reports to execute in company_ry0iwbpw
[2025-08-10T19:01:29.688Z] [INFO] Scheduled reports check completed
[2025-08-10T19:01:29.690Z] [DEBUG] MongoDB connection closed
[2025-08-10T19:01:38.691Z] [INFO] Checking for scheduled reports...
[2025-08-10T19:01:39.491Z] [DEBUG] Connected to MongoDB
[2025-08-10T19:01:39.567Z] [INFO] Found 1 company databases
[2025-08-10T19:01:39.568Z] [DEBUG] Processing company database: company_ry0iwbpw
[2025-08-10T19:01:39.638Z] [DEBUG] Finding reports to execute in company_ry0iwbpw (current time: 2025-08-10T19:01:39.638Z)
[2025-08-10T19:01:39.707Z] [INFO] Found 0 reports to execute in company_ry0iwbpw
[2025-08-10T19:01:39.708Z] [INFO] Scheduled reports check completed
[2025-08-10T19:01:39.710Z] [DEBUG] MongoDB connection closed
[2025-08-10T19:01:48.691Z] [INFO] Checking for scheduled reports...
[2025-08-10T19:01:49.488Z] [DEBUG] Connected to MongoDB
[2025-08-10T19:01:49.565Z] [INFO] Found 1 company databases
[2025-08-10T19:01:49.565Z] [DEBUG] Processing company database: company_ry0iwbpw
[2025-08-10T19:01:49.638Z] [DEBUG] Finding reports to execute in company_ry0iwbpw (current time: 2025-08-10T19:01:49.638Z)
[2025-08-10T19:01:49.707Z] [INFO] Found 0 reports to execute in company_ry0iwbpw
[2025-08-10T19:01:49.708Z] [INFO] Scheduled reports check completed
[2025-08-10T19:01:49.710Z] [DEBUG] MongoDB connection closed
[2025-08-10T19:01:58.693Z] [INFO] Checking for scheduled reports...
[2025-08-10T19:01:59.506Z] [DEBUG] Connected to MongoDB
[2025-08-10T19:01:59.587Z] [INFO] Found 1 company databases
[2025-08-10T19:01:59.588Z] [DEBUG] Processing company database: company_ry0iwbpw
[2025-08-10T19:01:59.660Z] [DEBUG] Finding reports to execute in company_ry0iwbpw (current time: 2025-08-10T19:01:59.660Z)
[2025-08-10T19:01:59.733Z] [INFO] Found 0 reports to execute in company_ry0iwbpw
[2025-08-10T19:01:59.733Z] [INFO] Scheduled reports check completed
[2025-08-10T19:01:59.736Z] [DEBUG] MongoDB connection closed
[2025-08-10T19:02:08.695Z] [INFO] Checking for scheduled reports...
[2025-08-10T19:02:09.458Z] [DEBUG] Connected to MongoDB
[2025-08-10T19:02:09.532Z] [INFO] Found 1 company databases
[2025-08-10T19:02:09.533Z] [DEBUG] Processing company database: company_ry0iwbpw
[2025-08-10T19:02:09.604Z] [DEBUG] Finding reports to execute in company_ry0iwbpw (current time: 2025-08-10T19:02:09.604Z)
[2025-08-10T19:02:09.670Z] [INFO] Found 0 reports to execute in company_ry0iwbpw
[2025-08-10T19:02:09.671Z] [INFO] Scheduled reports check completed
[2025-08-10T19:02:09.673Z] [DEBUG] MongoDB connection closed
[2025-08-10T19:02:18.696Z] [INFO] Checking for scheduled reports...
[2025-08-10T19:02:19.512Z] [DEBUG] Connected to MongoDB
[2025-08-10T19:02:19.589Z] [INFO] Found 1 company databases
[2025-08-10T19:02:19.589Z] [DEBUG] Processing company database: company_ry0iwbpw
[2025-08-10T19:02:19.657Z] [DEBUG] Finding reports to execute in company_ry0iwbpw (current time: 2025-08-10T19:02:19.657Z)
[2025-08-10T19:02:19.725Z] [INFO] Found 0 reports to execute in company_ry0iwbpw
[2025-08-10T19:02:19.726Z] [INFO] Scheduled reports check completed
[2025-08-10T19:02:19.728Z] [DEBUG] MongoDB connection closed
[2025-08-10T19:02:28.696Z] [INFO] Checking for scheduled reports...
[2025-08-10T19:02:29.487Z] [DEBUG] Connected to MongoDB
[2025-08-10T19:02:29.565Z] [INFO] Found 1 company databases
[2025-08-10T19:02:29.566Z] [DEBUG] Processing company database: company_ry0iwbpw
[2025-08-10T19:02:29.636Z] [DEBUG] Finding reports to execute in company_ry0iwbpw (current time: 2025-08-10T19:02:29.636Z)
[2025-08-10T19:02:29.708Z] [INFO] Found 0 reports to execute in company_ry0iwbpw
[2025-08-10T19:02:29.708Z] [INFO] Scheduled reports check completed
[2025-08-10T19:02:29.710Z] [DEBUG] MongoDB connection closed
[2025-08-10T19:02:38.698Z] [INFO] Checking for scheduled reports...
[2025-08-10T19:02:39.458Z] [DEBUG] Connected to MongoDB
[2025-08-10T19:02:39.535Z] [INFO] Found 1 company databases
[2025-08-10T19:02:39.536Z] [DEBUG] Processing company database: company_ry0iwbpw
[2025-08-10T19:02:39.604Z] [DEBUG] Finding reports to execute in company_ry0iwbpw (current time: 2025-08-10T19:02:39.604Z)
[2025-08-10T19:02:39.670Z] [INFO] Found 0 reports to execute in company_ry0iwbpw
[2025-08-10T19:02:39.671Z] [INFO] Scheduled reports check completed
[2025-08-10T19:02:39.673Z] [DEBUG] MongoDB connection closed
[2025-08-10T19:02:48.700Z] [INFO] Checking for scheduled reports...
[2025-08-10T19:02:49.546Z] [DEBUG] Connected to MongoDB
[2025-08-10T19:02:49.620Z] [INFO] Found 1 company databases
[2025-08-10T19:02:49.621Z] [DEBUG] Processing company database: company_ry0iwbpw
[2025-08-10T19:02:49.694Z] [DEBUG] Finding reports to execute in company_ry0iwbpw (current time: 2025-08-10T19:02:49.694Z)
[2025-08-10T19:02:49.765Z] [INFO] Found 0 reports to execute in company_ry0iwbpw
[2025-08-10T19:02:49.765Z] [INFO] Scheduled reports check completed
[2025-08-10T19:02:49.767Z] [DEBUG] MongoDB connection closed
[2025-08-10T19:02:58.700Z] [INFO] Checking for scheduled reports...
[2025-08-10T19:02:59.498Z] [DEBUG] Connected to MongoDB
[2025-08-10T19:02:59.574Z] [INFO] Found 1 company databases
[2025-08-10T19:02:59.574Z] [DEBUG] Processing company database: company_ry0iwbpw
[2025-08-10T19:02:59.642Z] [DEBUG] Finding reports to execute in company_ry0iwbpw (current time: 2025-08-10T19:02:59.642Z)
[2025-08-10T19:02:59.709Z] [INFO] Found 0 reports to execute in company_ry0iwbpw
[2025-08-10T19:02:59.709Z] [INFO] Scheduled reports check completed
[2025-08-10T19:02:59.712Z] [DEBUG] MongoDB connection closed
[2025-08-10T19:03:08.700Z] [INFO] Checking for scheduled reports...
[2025-08-10T19:03:09.462Z] [DEBUG] Connected to MongoDB
[2025-08-10T19:03:09.537Z] [INFO] Found 1 company databases
[2025-08-10T19:03:09.537Z] [DEBUG] Processing company database: company_ry0iwbpw
[2025-08-10T19:03:09.606Z] [DEBUG] Finding reports to execute in company_ry0iwbpw (current time: 2025-08-10T19:03:09.606Z)
[2025-08-10T19:03:09.672Z] [INFO] Found 0 reports to execute in company_ry0iwbpw
[2025-08-10T19:03:09.673Z] [INFO] Scheduled reports check completed
[2025-08-10T19:03:09.675Z] [DEBUG] MongoDB connection closed
[2025-08-10T19:03:18.702Z] [INFO] Checking for scheduled reports...
[2025-08-10T19:03:19.495Z] [DEBUG] Connected to MongoDB
[2025-08-10T19:03:19.575Z] [INFO] Found 1 company databases
[2025-08-10T19:03:19.576Z] [DEBUG] Processing company database: company_ry0iwbpw
[2025-08-10T19:03:19.649Z] [DEBUG] Finding reports to execute in company_ry0iwbpw (current time: 2025-08-10T19:03:19.649Z)
[2025-08-10T19:03:19.721Z] [INFO] Found 0 reports to execute in company_ry0iwbpw
[2025-08-10T19:03:19.721Z] [INFO] Scheduled reports check completed
[2025-08-10T19:03:19.724Z] [DEBUG] MongoDB connection closed
[2025-08-10T19:03:28.704Z] [INFO] Checking for scheduled reports...
[2025-08-10T19:03:29.520Z] [DEBUG] Connected to MongoDB
[2025-08-10T19:03:29.598Z] [INFO] Found 1 company databases
[2025-08-10T19:03:29.598Z] [DEBUG] Processing company database: company_ry0iwbpw
[2025-08-10T19:03:29.667Z] [DEBUG] Finding reports to execute in company_ry0iwbpw (current time: 2025-08-10T19:03:29.667Z)
[2025-08-10T19:03:29.735Z] [INFO] Found 0 reports to execute in company_ry0iwbpw
[2025-08-10T19:03:29.736Z] [INFO] Scheduled reports check completed
[2025-08-10T19:03:29.738Z] [DEBUG] MongoDB connection closed
[2025-08-10T19:03:38.707Z] [INFO] Checking for scheduled reports...
[2025-08-10T19:03:39.473Z] [DEBUG] Connected to MongoDB
[2025-08-10T19:03:39.549Z] [INFO] Found 1 company databases
[2025-08-10T19:03:39.550Z] [DEBUG] Processing company database: company_ry0iwbpw
[2025-08-10T19:03:39.618Z] [DEBUG] Finding reports to execute in company_ry0iwbpw (current time: 2025-08-10T19:03:39.618Z)
[2025-08-10T19:03:39.685Z] [INFO] Found 0 reports to execute in company_ry0iwbpw
[2025-08-10T19:03:39.685Z] [INFO] Scheduled reports check completed
[2025-08-10T19:03:39.687Z] [DEBUG] MongoDB connection closed
[2025-08-10T19:03:48.710Z] [INFO] Checking for scheduled reports...
[2025-08-10T19:03:49.501Z] [DEBUG] Connected to MongoDB
[2025-08-10T19:03:49.581Z] [INFO] Found 1 company databases
[2025-08-10T19:03:49.582Z] [DEBUG] Processing company database: company_ry0iwbpw
[2025-08-10T19:03:49.654Z] [DEBUG] Finding reports to execute in company_ry0iwbpw (current time: 2025-08-10T19:03:49.654Z)
[2025-08-10T19:03:49.726Z] [INFO] Found 0 reports to execute in company_ry0iwbpw
[2025-08-10T19:03:49.727Z] [INFO] Scheduled reports check completed
[2025-08-10T19:03:49.728Z] [DEBUG] MongoDB connection closed
[2025-08-10T19:03:58.712Z] [INFO] Checking for scheduled reports...
[2025-08-10T19:03:59.478Z] [DEBUG] Connected to MongoDB
[2025-08-10T19:03:59.553Z] [INFO] Found 1 company databases
[2025-08-10T19:03:59.553Z] [DEBUG] Processing company database: company_ry0iwbpw
[2025-08-10T19:03:59.621Z] [DEBUG] Finding reports to execute in company_ry0iwbpw (current time: 2025-08-10T19:03:59.621Z)
[2025-08-10T19:03:59.687Z] [INFO] Found 0 reports to execute in company_ry0iwbpw
[2025-08-10T19:03:59.688Z] [INFO] Scheduled reports check completed
[2025-08-10T19:03:59.690Z] [DEBUG] MongoDB connection closed
[2025-08-10T19:04:08.714Z] [INFO] Checking for scheduled reports...
[2025-08-10T19:04:09.533Z] [DEBUG] Connected to MongoDB
[2025-08-10T19:04:09.616Z] [INFO] Found 1 company databases
[2025-08-10T19:04:09.617Z] [DEBUG] Processing company database: company_ry0iwbpw
[2025-08-10T19:04:09.689Z] [DEBUG] Finding reports to execute in company_ry0iwbpw (current time: 2025-08-10T19:04:09.689Z)
[2025-08-10T19:04:09.762Z] [INFO] Found 0 reports to execute in company_ry0iwbpw
[2025-08-10T19:04:09.763Z] [INFO] Scheduled reports check completed
[2025-08-10T19:04:09.765Z] [DEBUG] MongoDB connection closed
[2025-08-10T19:04:18.715Z] [INFO] Checking for scheduled reports...
[2025-08-10T19:04:19.504Z] [DEBUG] Connected to MongoDB
[2025-08-10T19:04:19.584Z] [INFO] Found 1 company databases
[2025-08-10T19:04:19.585Z] [DEBUG] Processing company database: company_ry0iwbpw
[2025-08-10T19:04:19.657Z] [DEBUG] Finding reports to execute in company_ry0iwbpw (current time: 2025-08-10T19:04:19.657Z)
[2025-08-10T19:04:19.730Z] [INFO] Found 0 reports to execute in company_ry0iwbpw
[2025-08-10T19:04:19.730Z] [INFO] Scheduled reports check completed
[2025-08-10T19:04:19.733Z] [DEBUG] MongoDB connection closed
[2025-08-10T19:04:28.717Z] [INFO] Checking for scheduled reports...
[2025-08-10T19:04:29.529Z] [DEBUG] Connected to MongoDB
[2025-08-10T19:04:29.609Z] [INFO] Found 1 company databases
[2025-08-10T19:04:29.610Z] [DEBUG] Processing company database: company_ry0iwbpw
[2025-08-10T19:04:29.683Z] [DEBUG] Finding reports to execute in company_ry0iwbpw (current time: 2025-08-10T19:04:29.683Z)
[2025-08-10T19:04:29.755Z] [INFO] Found 0 reports to execute in company_ry0iwbpw
[2025-08-10T19:04:29.755Z] [INFO] Scheduled reports check completed
[2025-08-10T19:04:29.757Z] [DEBUG] MongoDB connection closed
[2025-08-10T19:04:38.720Z] [INFO] Checking for scheduled reports...
[2025-08-10T19:04:39.520Z] [DEBUG] Connected to MongoDB
[2025-08-10T19:04:39.599Z] [INFO] Found 1 company databases
[2025-08-10T19:04:39.599Z] [DEBUG] Processing company database: company_ry0iwbpw
[2025-08-10T19:04:39.670Z] [DEBUG] Finding reports to execute in company_ry0iwbpw (current time: 2025-08-10T19:04:39.670Z)
[2025-08-10T19:04:39.741Z] [INFO] Found 0 reports to execute in company_ry0iwbpw
[2025-08-10T19:04:39.741Z] [INFO] Scheduled reports check completed
[2025-08-10T19:04:39.744Z] [DEBUG] MongoDB connection closed
[2025-08-10T19:04:48.720Z] [INFO] Checking for scheduled reports...
[2025-08-10T19:04:49.500Z] [DEBUG] Connected to MongoDB
[2025-08-10T19:04:49.574Z] [INFO] Found 1 company databases
[2025-08-10T19:04:49.575Z] [DEBUG] Processing company database: company_ry0iwbpw
[2025-08-10T19:04:49.642Z] [DEBUG] Finding reports to execute in company_ry0iwbpw (current time: 2025-08-10T19:04:49.642Z)
[2025-08-10T19:04:49.710Z] [INFO] Found 0 reports to execute in company_ry0iwbpw
[2025-08-10T19:04:49.711Z] [INFO] Scheduled reports check completed
[2025-08-10T19:04:49.713Z] [DEBUG] MongoDB connection closed
[2025-08-10T19:04:58.722Z] [INFO] Checking for scheduled reports...
[2025-08-10T19:04:59.526Z] [DEBUG] Connected to MongoDB
[2025-08-10T19:04:59.609Z] [INFO] Found 1 company databases
[2025-08-10T19:04:59.610Z] [DEBUG] Processing company database: company_ry0iwbpw
[2025-08-10T19:04:59.684Z] [DEBUG] Finding reports to execute in company_ry0iwbpw (current time: 2025-08-10T19:04:59.684Z)
[2025-08-10T19:04:59.756Z] [INFO] Found 0 reports to execute in company_ry0iwbpw
[2025-08-10T19:04:59.757Z] [INFO] Scheduled reports check completed
[2025-08-10T19:04:59.759Z] [DEBUG] MongoDB connection closed
[2025-08-10T19:05:08.722Z] [INFO] Checking for scheduled reports...
[2025-08-10T19:05:09.507Z] [DEBUG] Connected to MongoDB
[2025-08-10T19:05:09.584Z] [INFO] Found 1 company databases
[2025-08-10T19:05:09.585Z] [DEBUG] Processing company database: company_ry0iwbpw
[2025-08-10T19:05:09.653Z] [DEBUG] Finding reports to execute in company_ry0iwbpw (current time: 2025-08-10T19:05:09.653Z)
[2025-08-10T19:05:09.722Z] [INFO] Found 0 reports to execute in company_ry0iwbpw
[2025-08-10T19:05:09.723Z] [INFO] Scheduled reports check completed
[2025-08-10T19:05:09.725Z] [DEBUG] MongoDB connection closed
[2025-08-10T19:05:18.723Z] [INFO] Checking for scheduled reports...
[2025-08-10T19:05:19.530Z] [DEBUG] Connected to MongoDB
[2025-08-10T19:05:19.611Z] [INFO] Found 1 company databases
[2025-08-10T19:05:19.612Z] [DEBUG] Processing company database: company_ry0iwbpw
[2025-08-10T19:05:19.685Z] [DEBUG] Finding reports to execute in company_ry0iwbpw (current time: 2025-08-10T19:05:19.685Z)
[2025-08-10T19:05:19.757Z] [INFO] Found 0 reports to execute in company_ry0iwbpw
[2025-08-10T19:05:19.758Z] [INFO] Scheduled reports check completed
[2025-08-10T19:05:19.760Z] [DEBUG] MongoDB connection closed
[2025-08-10T19:05:28.725Z] [INFO] Checking for scheduled reports...
[2025-08-10T19:05:29.523Z] [DEBUG] Connected to MongoDB
[2025-08-10T19:05:29.599Z] [INFO] Found 1 company databases
[2025-08-10T19:05:29.600Z] [DEBUG] Processing company database: company_ry0iwbpw
[2025-08-10T19:05:29.667Z] [DEBUG] Finding reports to execute in company_ry0iwbpw (current time: 2025-08-10T19:05:29.667Z)
[2025-08-10T19:05:29.736Z] [INFO] Found 0 reports to execute in company_ry0iwbpw
[2025-08-10T19:05:29.737Z] [INFO] Scheduled reports check completed
[2025-08-10T19:05:29.739Z] [DEBUG] MongoDB connection closed
[2025-08-10T19:05:38.725Z] [INFO] Checking for scheduled reports...
[2025-08-10T19:05:39.479Z] [DEBUG] Connected to MongoDB
[2025-08-10T19:05:39.557Z] [INFO] Found 1 company databases
[2025-08-10T19:05:39.557Z] [DEBUG] Processing company database: company_ry0iwbpw
[2025-08-10T19:05:39.625Z] [DEBUG] Finding reports to execute in company_ry0iwbpw (current time: 2025-08-10T19:05:39.625Z)
[2025-08-10T19:05:39.693Z] [INFO] Found 0 reports to execute in company_ry0iwbpw
[2025-08-10T19:05:39.694Z] [INFO] Scheduled reports check completed
[2025-08-10T19:05:39.696Z] [DEBUG] MongoDB connection closed
[2025-08-10T19:05:48.727Z] [INFO] Checking for scheduled reports...
[2025-08-10T19:05:49.525Z] [DEBUG] Connected to MongoDB
[2025-08-10T19:05:49.606Z] [INFO] Found 1 company databases
[2025-08-10T19:05:49.607Z] [DEBUG] Processing company database: company_ry0iwbpw
[2025-08-10T19:05:49.680Z] [DEBUG] Finding reports to execute in company_ry0iwbpw (current time: 2025-08-10T19:05:49.680Z)
[2025-08-10T19:05:49.753Z] [INFO] Found 0 reports to execute in company_ry0iwbpw
[2025-08-10T19:05:49.754Z] [INFO] Scheduled reports check completed
[2025-08-10T19:05:49.756Z] [DEBUG] MongoDB connection closed
[2025-08-10T19:05:58.730Z] [INFO] Checking for scheduled reports...
[2025-08-10T19:05:59.524Z] [DEBUG] Connected to MongoDB
[2025-08-10T19:05:59.599Z] [INFO] Found 1 company databases
[2025-08-10T19:05:59.599Z] [DEBUG] Processing company database: company_ry0iwbpw
[2025-08-10T19:05:59.667Z] [DEBUG] Finding reports to execute in company_ry0iwbpw (current time: 2025-08-10T19:05:59.667Z)
[2025-08-10T19:05:59.733Z] [INFO] Found 0 reports to execute in company_ry0iwbpw
[2025-08-10T19:05:59.734Z] [INFO] Scheduled reports check completed
[2025-08-10T19:05:59.736Z] [DEBUG] MongoDB connection closed
[2025-08-10T19:06:08.733Z] [INFO] Checking for scheduled reports...
[2025-08-10T19:06:09.506Z] [DEBUG] Connected to MongoDB
[2025-08-10T19:06:09.585Z] [INFO] Found 1 company databases
[2025-08-10T19:06:09.585Z] [DEBUG] Processing company database: company_ry0iwbpw
[2025-08-10T19:06:09.657Z] [DEBUG] Finding reports to execute in company_ry0iwbpw (current time: 2025-08-10T19:06:09.657Z)
[2025-08-10T19:06:09.729Z] [INFO] Found 0 reports to execute in company_ry0iwbpw
[2025-08-10T19:06:09.729Z] [INFO] Scheduled reports check completed
[2025-08-10T19:06:09.732Z] [DEBUG] MongoDB connection closed
[2025-08-10T19:06:18.735Z] [INFO] Checking for scheduled reports...
[2025-08-10T19:06:19.488Z] [DEBUG] Connected to MongoDB
[2025-08-10T19:06:19.564Z] [INFO] Found 1 company databases
[2025-08-10T19:06:19.564Z] [DEBUG] Processing company database: company_ry0iwbpw
[2025-08-10T19:06:19.631Z] [DEBUG] Finding reports to execute in company_ry0iwbpw (current time: 2025-08-10T19:06:19.631Z)
[2025-08-10T19:06:19.701Z] [INFO] Found 0 reports to execute in company_ry0iwbpw
[2025-08-10T19:06:19.701Z] [INFO] Scheduled reports check completed
[2025-08-10T19:06:19.703Z] [DEBUG] MongoDB connection closed
[2025-08-10T19:06:28.736Z] [INFO] Checking for scheduled reports...
[2025-08-10T19:06:29.512Z] [DEBUG] Connected to MongoDB
[2025-08-10T19:06:29.587Z] [INFO] Found 1 company databases
[2025-08-10T19:06:29.587Z] [DEBUG] Processing company database: company_ry0iwbpw
[2025-08-10T19:06:29.655Z] [DEBUG] Finding reports to execute in company_ry0iwbpw (current time: 2025-08-10T19:06:29.655Z)
[2025-08-10T19:06:29.722Z] [INFO] Found 0 reports to execute in company_ry0iwbpw
[2025-08-10T19:06:29.723Z] [INFO] Scheduled reports check completed
[2025-08-10T19:06:29.725Z] [DEBUG] MongoDB connection closed
[2025-08-10T19:06:38.736Z] [INFO] Checking for scheduled reports...
[2025-08-10T19:06:39.536Z] [DEBUG] Connected to MongoDB
[2025-08-10T19:06:39.615Z] [INFO] Found 1 company databases
[2025-08-10T19:06:39.616Z] [DEBUG] Processing company database: company_ry0iwbpw
[2025-08-10T19:06:39.687Z] [DEBUG] Finding reports to execute in company_ry0iwbpw (current time: 2025-08-10T19:06:39.687Z)
[2025-08-10T19:06:39.758Z] [INFO] Found 0 reports to execute in company_ry0iwbpw
[2025-08-10T19:06:39.759Z] [INFO] Scheduled reports check completed
[2025-08-10T19:06:39.761Z] [DEBUG] MongoDB connection closed
[2025-08-10T19:06:48.738Z] [INFO] Checking for scheduled reports...
[2025-08-10T19:06:49.523Z] [DEBUG] Connected to MongoDB
[2025-08-10T19:06:49.602Z] [INFO] Found 1 company databases
[2025-08-10T19:06:49.603Z] [DEBUG] Processing company database: company_ry0iwbpw
[2025-08-10T19:06:49.674Z] [DEBUG] Finding reports to execute in company_ry0iwbpw (current time: 2025-08-10T19:06:49.674Z)
[2025-08-10T19:06:49.745Z] [INFO] Found 0 reports to execute in company_ry0iwbpw
[2025-08-10T19:06:49.746Z] [INFO] Scheduled reports check completed
[2025-08-10T19:06:49.748Z] [DEBUG] MongoDB connection closed
[2025-08-10T19:06:58.740Z] [INFO] Checking for scheduled reports...
[2025-08-10T19:06:59.549Z] [DEBUG] Connected to MongoDB
[2025-08-10T19:06:59.628Z] [INFO] Found 1 company databases
[2025-08-10T19:06:59.629Z] [DEBUG] Processing company database: company_ry0iwbpw
[2025-08-10T19:06:59.701Z] [DEBUG] Finding reports to execute in company_ry0iwbpw (current time: 2025-08-10T19:06:59.701Z)
[2025-08-10T19:06:59.771Z] [INFO] Found 0 reports to execute in company_ry0iwbpw
[2025-08-10T19:06:59.772Z] [INFO] Scheduled reports check completed
[2025-08-10T19:06:59.774Z] [DEBUG] MongoDB connection closed
[2025-08-10T19:07:08.742Z] [INFO] Checking for scheduled reports...
[2025-08-10T19:07:09.540Z] [DEBUG] Connected to MongoDB
[2025-08-10T19:07:09.618Z] [INFO] Found 1 company databases
[2025-08-10T19:07:09.618Z] [DEBUG] Processing company database: company_ry0iwbpw
[2025-08-10T19:07:09.688Z] [DEBUG] Finding reports to execute in company_ry0iwbpw (current time: 2025-08-10T19:07:09.688Z)
[2025-08-10T19:07:09.755Z] [INFO] Found 0 reports to execute in company_ry0iwbpw
[2025-08-10T19:07:09.756Z] [INFO] Scheduled reports check completed
[2025-08-10T19:07:09.758Z] [DEBUG] MongoDB connection closed
[2025-08-10T19:07:18.742Z] [INFO] Checking for scheduled reports...
[2025-08-10T19:07:19.569Z] [DEBUG] Connected to MongoDB
[2025-08-10T19:07:19.649Z] [INFO] Found 1 company databases
[2025-08-10T19:07:19.650Z] [DEBUG] Processing company database: company_ry0iwbpw
[2025-08-10T19:07:19.722Z] [DEBUG] Finding reports to execute in company_ry0iwbpw (current time: 2025-08-10T19:07:19.722Z)
[2025-08-10T19:07:19.795Z] [INFO] Found 0 reports to execute in company_ry0iwbpw
[2025-08-10T19:07:19.796Z] [INFO] Scheduled reports check completed
[2025-08-10T19:07:19.797Z] [DEBUG] MongoDB connection closed
[2025-08-10T19:07:28.744Z] [INFO] Checking for scheduled reports...
[2025-08-10T19:07:29.506Z] [DEBUG] Connected to MongoDB
[2025-08-10T19:07:29.580Z] [INFO] Found 1 company databases
[2025-08-10T19:07:29.581Z] [DEBUG] Processing company database: company_ry0iwbpw
[2025-08-10T19:07:29.648Z] [DEBUG] Finding reports to execute in company_ry0iwbpw (current time: 2025-08-10T19:07:29.648Z)
[2025-08-10T19:07:29.714Z] [INFO] Found 0 reports to execute in company_ry0iwbpw
[2025-08-10T19:07:29.714Z] [INFO] Scheduled reports check completed
[2025-08-10T19:07:29.717Z] [DEBUG] MongoDB connection closed
[2025-08-10T19:07:38.746Z] [INFO] Checking for scheduled reports...
[2025-08-10T19:07:39.508Z] [DEBUG] Connected to MongoDB
[2025-08-10T19:07:39.584Z] [INFO] Found 1 company databases
[2025-08-10T19:07:39.584Z] [DEBUG] Processing company database: company_ry0iwbpw
[2025-08-10T19:07:39.652Z] [DEBUG] Finding reports to execute in company_ry0iwbpw (current time: 2025-08-10T19:07:39.652Z)
[2025-08-10T19:07:39.719Z] [INFO] Found 0 reports to execute in company_ry0iwbpw
[2025-08-10T19:07:39.719Z] [INFO] Scheduled reports check completed
[2025-08-10T19:07:39.722Z] [DEBUG] MongoDB connection closed
[2025-08-10T19:07:48.746Z] [INFO] Checking for scheduled reports...
[2025-08-10T19:07:49.542Z] [DEBUG] Connected to MongoDB
[2025-08-10T19:07:49.622Z] [INFO] Found 1 company databases
[2025-08-10T19:07:49.622Z] [DEBUG] Processing company database: company_ry0iwbpw
[2025-08-10T19:07:49.694Z] [DEBUG] Finding reports to execute in company_ry0iwbpw (current time: 2025-08-10T19:07:49.694Z)
[2025-08-10T19:07:49.769Z] [INFO] Found 0 reports to execute in company_ry0iwbpw
[2025-08-10T19:07:49.770Z] [INFO] Scheduled reports check completed
[2025-08-10T19:07:49.772Z] [DEBUG] MongoDB connection closed
[2025-08-10T19:07:58.748Z] [INFO] Checking for scheduled reports...
[2025-08-10T19:07:59.557Z] [DEBUG] Connected to MongoDB
[2025-08-10T19:07:59.636Z] [INFO] Found 1 company databases
[2025-08-10T19:07:59.637Z] [DEBUG] Processing company database: company_ry0iwbpw
[2025-08-10T19:07:59.713Z] [DEBUG] Finding reports to execute in company_ry0iwbpw (current time: 2025-08-10T19:07:59.713Z)
[2025-08-10T19:07:59.784Z] [INFO] Found 0 reports to execute in company_ry0iwbpw
[2025-08-10T19:07:59.784Z] [INFO] Scheduled reports check completed
[2025-08-10T19:07:59.786Z] [DEBUG] MongoDB connection closed
[2025-08-10T19:08:08.751Z] [INFO] Checking for scheduled reports...
[2025-08-10T19:08:09.572Z] [DEBUG] Connected to MongoDB
[2025-08-10T19:08:09.653Z] [INFO] Found 1 company databases
[2025-08-10T19:08:09.654Z] [DEBUG] Processing company database: company_ry0iwbpw
[2025-08-10T19:08:09.728Z] [DEBUG] Finding reports to execute in company_ry0iwbpw (current time: 2025-08-10T19:08:09.728Z)
[2025-08-10T19:08:09.801Z] [INFO] Found 0 reports to execute in company_ry0iwbpw
[2025-08-10T19:08:09.802Z] [INFO] Scheduled reports check completed
[2025-08-10T19:08:09.804Z] [DEBUG] MongoDB connection closed
[2025-08-10T19:08:18.753Z] [INFO] Checking for scheduled reports...
[2025-08-10T19:08:19.520Z] [DEBUG] Connected to MongoDB
[2025-08-10T19:08:19.597Z] [INFO] Found 1 company databases
[2025-08-10T19:08:19.598Z] [DEBUG] Processing company database: company_ry0iwbpw
[2025-08-10T19:08:19.668Z] [DEBUG] Finding reports to execute in company_ry0iwbpw (current time: 2025-08-10T19:08:19.668Z)
[2025-08-10T19:08:19.737Z] [INFO] Found 0 reports to execute in company_ry0iwbpw
[2025-08-10T19:08:19.738Z] [INFO] Scheduled reports check completed
[2025-08-10T19:08:19.743Z] [DEBUG] MongoDB connection closed
[2025-08-10T19:08:28.754Z] [INFO] Checking for scheduled reports...
[2025-08-10T19:08:29.644Z] [DEBUG] Connected to MongoDB
[2025-08-10T19:08:29.725Z] [INFO] Found 1 company databases
[2025-08-10T19:08:29.726Z] [DEBUG] Processing company database: company_ry0iwbpw
[2025-08-10T19:08:29.799Z] [DEBUG] Finding reports to execute in company_ry0iwbpw (current time: 2025-08-10T19:08:29.799Z)
[2025-08-10T19:08:29.873Z] [INFO] Found 0 reports to execute in company_ry0iwbpw
[2025-08-10T19:08:29.873Z] [INFO] Scheduled reports check completed
[2025-08-10T19:08:29.876Z] [DEBUG] MongoDB connection closed
[2025-08-10T19:08:38.755Z] [INFO] Checking for scheduled reports...
[2025-08-10T19:08:39.523Z] [DEBUG] Connected to MongoDB
[2025-08-10T19:08:39.600Z] [INFO] Found 1 company databases
[2025-08-10T19:08:39.601Z] [DEBUG] Processing company database: company_ry0iwbpw
[2025-08-10T19:08:39.671Z] [DEBUG] Finding reports to execute in company_ry0iwbpw (current time: 2025-08-10T19:08:39.671Z)
[2025-08-10T19:08:39.741Z] [INFO] Found 0 reports to execute in company_ry0iwbpw
[2025-08-10T19:08:39.741Z] [INFO] Scheduled reports check completed
[2025-08-10T19:08:39.745Z] [DEBUG] MongoDB connection closed
[2025-08-10T19:08:48.755Z] [INFO] Checking for scheduled reports...
[2025-08-10T19:08:49.546Z] [DEBUG] Connected to MongoDB
[2025-08-10T19:08:49.625Z] [INFO] Found 1 company databases
[2025-08-10T19:08:49.625Z] [DEBUG] Processing company database: company_ry0iwbpw
[2025-08-10T19:08:49.697Z] [DEBUG] Finding reports to execute in company_ry0iwbpw (current time: 2025-08-10T19:08:49.697Z)
[2025-08-10T19:08:49.769Z] [INFO] Found 0 reports to execute in company_ry0iwbpw
[2025-08-10T19:08:49.769Z] [INFO] Scheduled reports check completed
[2025-08-10T19:08:49.772Z] [DEBUG] MongoDB connection closed
[2025-08-10T19:08:58.757Z] [INFO] Checking for scheduled reports...
[2025-08-10T19:08:59.563Z] [DEBUG] Connected to MongoDB
[2025-08-10T19:08:59.642Z] [INFO] Found 1 company databases
[2025-08-10T19:08:59.643Z] [DEBUG] Processing company database: company_ry0iwbpw
[2025-08-10T19:08:59.714Z] [DEBUG] Finding reports to execute in company_ry0iwbpw (current time: 2025-08-10T19:08:59.714Z)
[2025-08-10T19:08:59.785Z] [INFO] Found 0 reports to execute in company_ry0iwbpw
[2025-08-10T19:08:59.785Z] [INFO] Scheduled reports check completed
[2025-08-10T19:08:59.786Z] [DEBUG] MongoDB connection closed
[2025-08-10T19:09:08.758Z] [INFO] Checking for scheduled reports...
[2025-08-10T19:09:09.533Z] [DEBUG] Connected to MongoDB
[2025-08-10T19:09:09.610Z] [INFO] Found 1 company databases
[2025-08-10T19:09:09.611Z] [DEBUG] Processing company database: company_ry0iwbpw
[2025-08-10T19:09:09.680Z] [DEBUG] Finding reports to execute in company_ry0iwbpw (current time: 2025-08-10T19:09:09.680Z)
[2025-08-10T19:09:09.747Z] [INFO] Found 0 reports to execute in company_ry0iwbpw
[2025-08-10T19:09:09.747Z] [INFO] Scheduled reports check completed
[2025-08-10T19:09:09.749Z] [DEBUG] MongoDB connection closed
[2025-08-10T19:09:18.759Z] [INFO] Checking for scheduled reports...
[2025-08-10T19:09:19.530Z] [DEBUG] Connected to MongoDB
[2025-08-10T19:09:19.606Z] [INFO] Found 1 company databases
[2025-08-10T19:09:19.607Z] [DEBUG] Processing company database: company_ry0iwbpw
[2025-08-10T19:09:19.676Z] [DEBUG] Finding reports to execute in company_ry0iwbpw (current time: 2025-08-10T19:09:19.676Z)
[2025-08-10T19:09:19.743Z] [INFO] Found 0 reports to execute in company_ry0iwbpw
[2025-08-10T19:09:19.744Z] [INFO] Scheduled reports check completed
[2025-08-10T19:09:19.747Z] [DEBUG] MongoDB connection closed
[2025-08-10T19:09:28.760Z] [INFO] Checking for scheduled reports...
[2025-08-10T19:09:29.553Z] [DEBUG] Connected to MongoDB
[2025-08-10T19:09:29.631Z] [INFO] Found 1 company databases
[2025-08-10T19:09:29.632Z] [DEBUG] Processing company database: company_ry0iwbpw
[2025-08-10T19:09:29.704Z] [DEBUG] Finding reports to execute in company_ry0iwbpw (current time: 2025-08-10T19:09:29.704Z)
[2025-08-10T19:09:29.778Z] [INFO] Found 0 reports to execute in company_ry0iwbpw
[2025-08-10T19:09:29.778Z] [INFO] Scheduled reports check completed
[2025-08-10T19:09:29.779Z] [DEBUG] MongoDB connection closed
[2025-08-10T19:09:38.761Z] [INFO] Checking for scheduled reports...
[2025-08-10T19:09:39.590Z] [DEBUG] Connected to MongoDB
[2025-08-10T19:09:39.669Z] [INFO] Found 1 company databases
[2025-08-10T19:09:39.669Z] [DEBUG] Processing company database: company_ry0iwbpw
[2025-08-10T19:09:39.742Z] [DEBUG] Finding reports to execute in company_ry0iwbpw (current time: 2025-08-10T19:09:39.742Z)
[2025-08-10T19:09:39.813Z] [INFO] Found 0 reports to execute in company_ry0iwbpw
[2025-08-10T19:09:39.814Z] [INFO] Scheduled reports check completed
[2025-08-10T19:09:39.814Z] [DEBUG] MongoDB connection closed
[2025-08-10T19:09:48.762Z] [INFO] Checking for scheduled reports...
[2025-08-10T19:09:49.558Z] [DEBUG] Connected to MongoDB
[2025-08-10T19:09:49.639Z] [INFO] Found 1 company databases
[2025-08-10T19:09:49.640Z] [DEBUG] Processing company database: company_ry0iwbpw
[2025-08-10T19:09:49.712Z] [DEBUG] Finding reports to execute in company_ry0iwbpw (current time: 2025-08-10T19:09:49.712Z)
[2025-08-10T19:09:49.788Z] [INFO] Found 0 reports to execute in company_ry0iwbpw
[2025-08-10T19:09:49.789Z] [INFO] Scheduled reports check completed
[2025-08-10T19:09:49.791Z] [DEBUG] MongoDB connection closed
[2025-08-10T19:09:58.762Z] [INFO] Checking for scheduled reports...
[2025-08-10T19:09:59.565Z] [DEBUG] Connected to MongoDB
[2025-08-10T19:09:59.645Z] [INFO] Found 1 company databases
[2025-08-10T19:09:59.646Z] [DEBUG] Processing company database: company_ry0iwbpw
[2025-08-10T19:09:59.719Z] [DEBUG] Finding reports to execute in company_ry0iwbpw (current time: 2025-08-10T19:09:59.719Z)
[2025-08-10T19:09:59.791Z] [INFO] Found 0 reports to execute in company_ry0iwbpw
[2025-08-10T19:09:59.792Z] [INFO] Scheduled reports check completed
[2025-08-10T19:09:59.794Z] [DEBUG] MongoDB connection closed
[2025-08-10T19:10:08.764Z] [INFO] Checking for scheduled reports...
[2025-08-10T19:10:09.585Z] [DEBUG] Connected to MongoDB
[2025-08-10T19:10:09.666Z] [INFO] Found 1 company databases
[2025-08-10T19:10:09.667Z] [DEBUG] Processing company database: company_ry0iwbpw
[2025-08-10T19:10:09.740Z] [DEBUG] Finding reports to execute in company_ry0iwbpw (current time: 2025-08-10T19:10:09.740Z)
[2025-08-10T19:10:09.812Z] [INFO] Found 0 reports to execute in company_ry0iwbpw
[2025-08-10T19:10:09.812Z] [INFO] Scheduled reports check completed
[2025-08-10T19:10:09.813Z] [DEBUG] MongoDB connection closed
[2025-08-10T19:10:18.765Z] [INFO] Checking for scheduled reports...
[2025-08-10T19:10:19.588Z] [DEBUG] Connected to MongoDB
[2025-08-10T19:10:19.668Z] [INFO] Found 1 company databases
[2025-08-10T19:10:19.669Z] [DEBUG] Processing company database: company_ry0iwbpw
[2025-08-10T19:10:19.741Z] [DEBUG] Finding reports to execute in company_ry0iwbpw (current time: 2025-08-10T19:10:19.741Z)
[2025-08-10T19:10:19.812Z] [INFO] Found 0 reports to execute in company_ry0iwbpw
[2025-08-10T19:10:19.813Z] [INFO] Scheduled reports check completed
[2025-08-10T19:10:19.814Z] [DEBUG] MongoDB connection closed
[2025-08-10T19:10:28.766Z] [INFO] Checking for scheduled reports...
[2025-08-10T19:10:29.543Z] [DEBUG] Connected to MongoDB
[2025-08-10T19:10:29.618Z] [INFO] Found 1 company databases
[2025-08-10T19:10:29.619Z] [DEBUG] Processing company database: company_ry0iwbpw
[2025-08-10T19:10:29.688Z] [DEBUG] Finding reports to execute in company_ry0iwbpw (current time: 2025-08-10T19:10:29.688Z)
[2025-08-10T19:10:29.756Z] [INFO] Found 0 reports to execute in company_ry0iwbpw
[2025-08-10T19:10:29.757Z] [INFO] Scheduled reports check completed
[2025-08-10T19:10:29.759Z] [DEBUG] MongoDB connection closed
[2025-08-10T19:10:38.767Z] [INFO] Checking for scheduled reports...
[2025-08-10T19:10:39.538Z] [DEBUG] Connected to MongoDB
[2025-08-10T19:10:39.614Z] [INFO] Found 1 company databases
[2025-08-10T19:10:39.614Z] [DEBUG] Processing company database: company_ry0iwbpw
[2025-08-10T19:10:39.683Z] [DEBUG] Finding reports to execute in company_ry0iwbpw (current time: 2025-08-10T19:10:39.683Z)
[2025-08-10T19:10:39.749Z] [INFO] Found 0 reports to execute in company_ry0iwbpw
[2025-08-10T19:10:39.750Z] [INFO] Scheduled reports check completed
[2025-08-10T19:10:39.751Z] [DEBUG] MongoDB connection closed
[2025-08-10T19:10:48.768Z] [INFO] Checking for scheduled reports...
[2025-08-10T19:10:49.534Z] [DEBUG] Connected to MongoDB
[2025-08-10T19:10:49.611Z] [INFO] Found 1 company databases
[2025-08-10T19:10:49.612Z] [DEBUG] Processing company database: company_ry0iwbpw
[2025-08-10T19:10:49.681Z] [DEBUG] Finding reports to execute in company_ry0iwbpw (current time: 2025-08-10T19:10:49.681Z)
[2025-08-10T19:10:49.749Z] [INFO] Found 0 reports to execute in company_ry0iwbpw
[2025-08-10T19:10:49.750Z] [INFO] Scheduled reports check completed
[2025-08-10T19:10:49.751Z] [DEBUG] MongoDB connection closed
[2025-08-10T19:10:58.769Z] [INFO] Checking for scheduled reports...
[2025-08-10T19:10:59.581Z] [DEBUG] Connected to MongoDB
[2025-08-10T19:10:59.662Z] [INFO] Found 1 company databases
[2025-08-10T19:10:59.662Z] [DEBUG] Processing company database: company_ry0iwbpw
[2025-08-10T19:10:59.736Z] [DEBUG] Finding reports to execute in company_ry0iwbpw (current time: 2025-08-10T19:10:59.736Z)
[2025-08-10T19:10:59.809Z] [INFO] Found 0 reports to execute in company_ry0iwbpw
[2025-08-10T19:10:59.810Z] [INFO] Scheduled reports check completed
[2025-08-10T19:10:59.811Z] [DEBUG] MongoDB connection closed
[2025-08-10T19:11:08.769Z] [INFO] Checking for scheduled reports...
[2025-08-10T19:11:09.559Z] [DEBUG] Connected to MongoDB
[2025-08-10T19:11:09.637Z] [INFO] Found 1 company databases
[2025-08-10T19:11:09.637Z] [DEBUG] Processing company database: company_ry0iwbpw
[2025-08-10T19:11:09.708Z] [DEBUG] Finding reports to execute in company_ry0iwbpw (current time: 2025-08-10T19:11:09.708Z)
[2025-08-10T19:11:09.778Z] [INFO] Found 0 reports to execute in company_ry0iwbpw
[2025-08-10T19:11:09.779Z] [INFO] Scheduled reports check completed
[2025-08-10T19:11:09.780Z] [DEBUG] MongoDB connection closed
[2025-08-10T19:11:18.769Z] [INFO] Checking for scheduled reports...
[2025-08-10T19:11:19.592Z] [DEBUG] Connected to MongoDB
[2025-08-10T19:11:19.674Z] [INFO] Found 1 company databases
[2025-08-10T19:11:19.674Z] [DEBUG] Processing company database: company_ry0iwbpw
[2025-08-10T19:11:19.746Z] [DEBUG] Finding reports to execute in company_ry0iwbpw (current time: 2025-08-10T19:11:19.746Z)
[2025-08-10T19:11:19.819Z] [INFO] Found 0 reports to execute in company_ry0iwbpw
[2025-08-10T19:11:19.823Z] [INFO] Scheduled reports check completed
[2025-08-10T19:11:19.830Z] [DEBUG] MongoDB connection closed
[2025-08-10T19:11:28.770Z] [INFO] Checking for scheduled reports...
[2025-08-10T19:11:29.555Z] [DEBUG] Connected to MongoDB
[2025-08-10T19:11:29.633Z] [INFO] Found 1 company databases
[2025-08-10T19:11:29.634Z] [DEBUG] Processing company database: company_ry0iwbpw
[2025-08-10T19:11:29.707Z] [DEBUG] Finding reports to execute in company_ry0iwbpw (current time: 2025-08-10T19:11:29.707Z)
[2025-08-10T19:11:29.779Z] [INFO] Found 0 reports to execute in company_ry0iwbpw
[2025-08-10T19:11:29.779Z] [INFO] Scheduled reports check completed
[2025-08-10T19:11:29.780Z] [DEBUG] MongoDB connection closed
[2025-08-10T19:11:38.771Z] [INFO] Checking for scheduled reports...
[2025-08-10T19:11:39.558Z] [DEBUG] Connected to MongoDB
[2025-08-10T19:11:39.634Z] [INFO] Found 1 company databases
[2025-08-10T19:11:39.634Z] [DEBUG] Processing company database: company_ry0iwbpw
[2025-08-10T19:11:39.703Z] [DEBUG] Finding reports to execute in company_ry0iwbpw (current time: 2025-08-10T19:11:39.703Z)
[2025-08-10T19:11:39.770Z] [INFO] Found 0 reports to execute in company_ry0iwbpw
[2025-08-10T19:11:39.770Z] [INFO] Scheduled reports check completed
[2025-08-10T19:11:39.770Z] [DEBUG] MongoDB connection closed
[2025-08-10T19:11:48.772Z] [INFO] Checking for scheduled reports...
[2025-08-10T19:11:49.592Z] [DEBUG] Connected to MongoDB
[2025-08-10T19:11:49.674Z] [INFO] Found 1 company databases
[2025-08-10T19:11:49.675Z] [DEBUG] Processing company database: company_ry0iwbpw
[2025-08-10T19:11:49.748Z] [DEBUG] Finding reports to execute in company_ry0iwbpw (current time: 2025-08-10T19:11:49.748Z)
[2025-08-10T19:11:49.821Z] [INFO] Found 0 reports to execute in company_ry0iwbpw
[2025-08-10T19:11:49.822Z] [INFO] Scheduled reports check completed
[2025-08-10T19:11:49.823Z] [DEBUG] MongoDB connection closed
[2025-08-10T19:11:58.773Z] [INFO] Checking for scheduled reports...
[2025-08-10T19:11:59.523Z] [DEBUG] Connected to MongoDB
[2025-08-10T19:11:59.599Z] [INFO] Found 1 company databases
[2025-08-10T19:11:59.600Z] [DEBUG] Processing company database: company_ry0iwbpw
[2025-08-10T19:11:59.668Z] [DEBUG] Finding reports to execute in company_ry0iwbpw (current time: 2025-08-10T19:11:59.668Z)
[2025-08-10T19:11:59.736Z] [INFO] Found 0 reports to execute in company_ry0iwbpw
[2025-08-10T19:11:59.737Z] [INFO] Scheduled reports check completed
[2025-08-10T19:11:59.740Z] [DEBUG] MongoDB connection closed
[2025-08-10T19:12:08.774Z] [INFO] Checking for scheduled reports...
[2025-08-10T19:12:09.571Z] [DEBUG] Connected to MongoDB
[2025-08-10T19:12:09.649Z] [INFO] Found 1 company databases
[2025-08-10T19:12:09.650Z] [DEBUG] Processing company database: company_ry0iwbpw
[2025-08-10T19:12:09.720Z] [DEBUG] Finding reports to execute in company_ry0iwbpw (current time: 2025-08-10T19:12:09.720Z)
[2025-08-10T19:12:09.790Z] [INFO] Found 0 reports to execute in company_ry0iwbpw
[2025-08-10T19:12:09.790Z] [INFO] Scheduled reports check completed
[2025-08-10T19:12:09.794Z] [DEBUG] MongoDB connection closed
[2025-08-10T19:12:18.776Z] [INFO] Checking for scheduled reports...
[2025-08-10T19:12:19.568Z] [DEBUG] Connected to MongoDB
[2025-08-10T19:12:19.647Z] [INFO] Found 1 company databases
[2025-08-10T19:12:19.648Z] [DEBUG] Processing company database: company_ry0iwbpw
[2025-08-10T19:12:19.720Z] [DEBUG] Finding reports to execute in company_ry0iwbpw (current time: 2025-08-10T19:12:19.720Z)
[2025-08-10T19:12:19.792Z] [INFO] Found 0 reports to execute in company_ry0iwbpw
[2025-08-10T19:12:19.792Z] [INFO] Scheduled reports check completed
[2025-08-10T19:12:19.795Z] [DEBUG] MongoDB connection closed
[2025-08-10T19:12:28.777Z] [INFO] Checking for scheduled reports...
[2025-08-10T19:12:29.564Z] [DEBUG] Connected to MongoDB
[2025-08-10T19:12:29.645Z] [INFO] Found 1 company databases
[2025-08-10T19:12:29.646Z] [DEBUG] Processing company database: company_ry0iwbpw
[2025-08-10T19:12:29.720Z] [DEBUG] Finding reports to execute in company_ry0iwbpw (current time: 2025-08-10T19:12:29.720Z)
[2025-08-10T19:12:29.792Z] [INFO] Found 0 reports to execute in company_ry0iwbpw
[2025-08-10T19:12:29.793Z] [INFO] Scheduled reports check completed
[2025-08-10T19:12:29.795Z] [DEBUG] MongoDB connection closed
[2025-08-10T19:12:38.778Z] [INFO] Checking for scheduled reports...
[2025-08-10T19:12:39.591Z] [DEBUG] Connected to MongoDB
[2025-08-10T19:12:39.671Z] [INFO] Found 1 company databases
[2025-08-10T19:12:39.671Z] [DEBUG] Processing company database: company_ry0iwbpw
[2025-08-10T19:12:39.743Z] [DEBUG] Finding reports to execute in company_ry0iwbpw (current time: 2025-08-10T19:12:39.743Z)
[2025-08-10T19:12:39.814Z] [INFO] Found 0 reports to execute in company_ry0iwbpw
[2025-08-10T19:12:39.815Z] [INFO] Scheduled reports check completed
[2025-08-10T19:12:39.816Z] [DEBUG] MongoDB connection closed
[2025-08-10T19:12:48.778Z] [INFO] Checking for scheduled reports...
[2025-08-10T19:12:49.557Z] [DEBUG] Connected to MongoDB
[2025-08-10T19:12:49.635Z] [INFO] Found 1 company databases
[2025-08-10T19:12:49.636Z] [DEBUG] Processing company database: company_ry0iwbpw
[2025-08-10T19:12:49.707Z] [DEBUG] Finding reports to execute in company_ry0iwbpw (current time: 2025-08-10T19:12:49.706Z)
[2025-08-10T19:12:49.775Z] [INFO] Found 0 reports to execute in company_ry0iwbpw
[2025-08-10T19:12:49.776Z] [INFO] Scheduled reports check completed
[2025-08-10T19:12:49.778Z] [DEBUG] MongoDB connection closed
[2025-08-10T19:12:58.778Z] [INFO] Checking for scheduled reports...
[2025-08-10T19:12:59.550Z] [DEBUG] Connected to MongoDB
[2025-08-10T19:12:59.627Z] [INFO] Found 1 company databases
[2025-08-10T19:12:59.628Z] [DEBUG] Processing company database: company_ry0iwbpw
[2025-08-10T19:12:59.697Z] [DEBUG] Finding reports to execute in company_ry0iwbpw (current time: 2025-08-10T19:12:59.697Z)
[2025-08-10T19:12:59.765Z] [INFO] Found 0 reports to execute in company_ry0iwbpw
[2025-08-10T19:12:59.766Z] [INFO] Scheduled reports check completed
[2025-08-10T19:12:59.768Z] [DEBUG] MongoDB connection closed
[2025-08-10T19:13:08.780Z] [INFO] Checking for scheduled reports...
[2025-08-10T19:13:09.529Z] [DEBUG] Connected to MongoDB
[2025-08-10T19:13:09.605Z] [INFO] Found 1 company databases
[2025-08-10T19:13:09.605Z] [DEBUG] Processing company database: company_ry0iwbpw
[2025-08-10T19:13:09.673Z] [DEBUG] Finding reports to execute in company_ry0iwbpw (current time: 2025-08-10T19:13:09.673Z)
[2025-08-10T19:13:09.739Z] [INFO] Found 0 reports to execute in company_ry0iwbpw
[2025-08-10T19:13:09.739Z] [INFO] Scheduled reports check completed
[2025-08-10T19:13:09.740Z] [DEBUG] MongoDB connection closed
[2025-08-10T19:13:18.780Z] [INFO] Checking for scheduled reports...
[2025-08-10T19:13:19.527Z] [DEBUG] Connected to MongoDB
[2025-08-10T19:13:19.603Z] [INFO] Found 1 company databases
[2025-08-10T19:13:19.603Z] [DEBUG] Processing company database: company_ry0iwbpw
[2025-08-10T19:13:19.672Z] [DEBUG] Finding reports to execute in company_ry0iwbpw (current time: 2025-08-10T19:13:19.672Z)
[2025-08-10T19:13:19.741Z] [INFO] Found 0 reports to execute in company_ry0iwbpw
[2025-08-10T19:13:19.741Z] [INFO] Scheduled reports check completed
[2025-08-10T19:13:19.743Z] [DEBUG] MongoDB connection closed
[2025-08-10T19:13:28.782Z] [INFO] Checking for scheduled reports...
[2025-08-10T19:13:29.590Z] [DEBUG] Connected to MongoDB
[2025-08-10T19:13:29.673Z] [INFO] Found 1 company databases
[2025-08-10T19:13:29.674Z] [DEBUG] Processing company database: company_ry0iwbpw
[2025-08-10T19:13:29.750Z] [DEBUG] Finding reports to execute in company_ry0iwbpw (current time: 2025-08-10T19:13:29.750Z)
[2025-08-10T19:13:29.825Z] [INFO] Found 0 reports to execute in company_ry0iwbpw
[2025-08-10T19:13:29.825Z] [INFO] Scheduled reports check completed
[2025-08-10T19:13:29.828Z] [DEBUG] MongoDB connection closed
[2025-08-10T19:13:38.784Z] [INFO] Checking for scheduled reports...
[2025-08-10T19:13:39.540Z] [DEBUG] Connected to MongoDB
[2025-08-10T19:13:39.618Z] [INFO] Found 1 company databases
[2025-08-10T19:13:39.618Z] [DEBUG] Processing company database: company_ry0iwbpw
[2025-08-10T19:13:39.687Z] [DEBUG] Finding reports to execute in company_ry0iwbpw (current time: 2025-08-10T19:13:39.687Z)
[2025-08-10T19:13:39.755Z] [INFO] Found 0 reports to execute in company_ry0iwbpw
[2025-08-10T19:13:39.756Z] [INFO] Scheduled reports check completed
[2025-08-10T19:13:39.757Z] [DEBUG] MongoDB connection closed
[2025-08-10T19:13:48.786Z] [INFO] Checking for scheduled reports...
[2025-08-10T19:13:49.583Z] [DEBUG] Connected to MongoDB
[2025-08-10T19:13:49.664Z] [INFO] Found 1 company databases
[2025-08-10T19:13:49.664Z] [DEBUG] Processing company database: company_ry0iwbpw
[2025-08-10T19:13:49.737Z] [DEBUG] Finding reports to execute in company_ry0iwbpw (current time: 2025-08-10T19:13:49.737Z)
[2025-08-10T19:13:49.810Z] [INFO] Found 0 reports to execute in company_ry0iwbpw
[2025-08-10T19:13:49.811Z] [INFO] Scheduled reports check completed
[2025-08-10T19:13:49.813Z] [DEBUG] MongoDB connection closed
[2025-08-10T19:13:58.786Z] [INFO] Checking for scheduled reports...
[2025-08-10T19:13:59.569Z] [DEBUG] Connected to MongoDB
[2025-08-10T19:13:59.650Z] [INFO] Found 1 company databases
[2025-08-10T19:13:59.651Z] [DEBUG] Processing company database: company_ry0iwbpw
[2025-08-10T19:13:59.724Z] [DEBUG] Finding reports to execute in company_ry0iwbpw (current time: 2025-08-10T19:13:59.724Z)
[2025-08-10T19:13:59.798Z] [INFO] Found 0 reports to execute in company_ry0iwbpw
[2025-08-10T19:13:59.799Z] [INFO] Scheduled reports check completed
[2025-08-10T19:13:59.802Z] [DEBUG] MongoDB connection closed
[2025-08-10T19:14:08.788Z] [INFO] Checking for scheduled reports...
[2025-08-10T19:14:09.580Z] [DEBUG] Connected to MongoDB
[2025-08-10T19:14:09.657Z] [INFO] Found 1 company databases
[2025-08-10T19:14:09.657Z] [DEBUG] Processing company database: company_ry0iwbpw
[2025-08-10T19:14:09.728Z] [DEBUG] Finding reports to execute in company_ry0iwbpw (current time: 2025-08-10T19:14:09.728Z)
[2025-08-10T19:14:09.797Z] [INFO] Found 0 reports to execute in company_ry0iwbpw
[2025-08-10T19:14:09.798Z] [INFO] Scheduled reports check completed
[2025-08-10T19:14:09.801Z] [DEBUG] MongoDB connection closed
[2025-08-10T19:14:18.788Z] [INFO] Checking for scheduled reports...
[2025-08-10T19:14:19.569Z] [DEBUG] Connected to MongoDB
[2025-08-10T19:14:19.713Z] [INFO] Found 1 company databases
[2025-08-10T19:14:19.713Z] [DEBUG] Processing company database: company_ry0iwbpw
[2025-08-10T19:14:19.782Z] [DEBUG] Finding reports to execute in company_ry0iwbpw (current time: 2025-08-10T19:14:19.782Z)
[2025-08-10T19:14:19.851Z] [INFO] Found 0 reports to execute in company_ry0iwbpw
[2025-08-10T19:14:19.851Z] [INFO] Scheduled reports check completed
[2025-08-10T19:14:19.853Z] [DEBUG] MongoDB connection closed
[2025-08-10T19:14:28.789Z] [INFO] Checking for scheduled reports...
[2025-08-10T19:14:29.573Z] [DEBUG] Connected to MongoDB
[2025-08-10T19:14:29.656Z] [INFO] Found 1 company databases
[2025-08-10T19:14:29.656Z] [DEBUG] Processing company database: company_ry0iwbpw
[2025-08-10T19:14:29.729Z] [DEBUG] Finding reports to execute in company_ry0iwbpw (current time: 2025-08-10T19:14:29.729Z)
[2025-08-10T19:14:29.802Z] [INFO] Found 0 reports to execute in company_ry0iwbpw
[2025-08-10T19:14:29.802Z] [INFO] Scheduled reports check completed
[2025-08-10T19:14:29.812Z] [DEBUG] MongoDB connection closed
[2025-08-10T19:14:38.791Z] [INFO] Checking for scheduled reports...
[2025-08-10T19:14:39.578Z] [DEBUG] Connected to MongoDB
[2025-08-10T19:14:39.655Z] [INFO] Found 1 company databases
[2025-08-10T19:14:39.656Z] [DEBUG] Processing company database: company_ry0iwbpw
[2025-08-10T19:14:39.726Z] [DEBUG] Finding reports to execute in company_ry0iwbpw (current time: 2025-08-10T19:14:39.726Z)
[2025-08-10T19:14:39.796Z] [INFO] Found 0 reports to execute in company_ry0iwbpw
[2025-08-10T19:14:39.797Z] [INFO] Scheduled reports check completed
[2025-08-10T19:14:39.800Z] [DEBUG] MongoDB connection closed
[2025-08-10T19:14:48.792Z] [INFO] Checking for scheduled reports...
[2025-08-10T19:14:49.592Z] [DEBUG] Connected to MongoDB
[2025-08-10T19:14:49.670Z] [INFO] Found 1 company databases
[2025-08-10T19:14:49.670Z] [DEBUG] Processing company database: company_ry0iwbpw
[2025-08-10T19:14:49.744Z] [DEBUG] Finding reports to execute in company_ry0iwbpw (current time: 2025-08-10T19:14:49.744Z)
[2025-08-10T19:14:49.813Z] [INFO] Found 0 reports to execute in company_ry0iwbpw
[2025-08-10T19:14:49.813Z] [INFO] Scheduled reports check completed
[2025-08-10T19:14:49.815Z] [DEBUG] MongoDB connection closed
[2025-08-10T19:14:58.793Z] [INFO] Checking for scheduled reports...
[2025-08-10T19:14:59.553Z] [DEBUG] Connected to MongoDB
[2025-08-10T19:14:59.630Z] [INFO] Found 1 company databases
[2025-08-10T19:14:59.631Z] [DEBUG] Processing company database: company_ry0iwbpw
[2025-08-10T19:14:59.699Z] [DEBUG] Finding reports to execute in company_ry0iwbpw (current time: 2025-08-10T19:14:59.699Z)
[2025-08-10T19:14:59.767Z] [INFO] Found 0 reports to execute in company_ry0iwbpw
[2025-08-10T19:14:59.767Z] [INFO] Scheduled reports check completed
[2025-08-10T19:14:59.770Z] [DEBUG] MongoDB connection closed
[2025-08-10T19:15:08.794Z] [INFO] Checking for scheduled reports...
[2025-08-10T19:15:09.598Z] [DEBUG] Connected to MongoDB
[2025-08-10T19:15:09.678Z] [INFO] Found 1 company databases
[2025-08-10T19:15:09.678Z] [DEBUG] Processing company database: company_ry0iwbpw
[2025-08-10T19:15:09.752Z] [DEBUG] Finding reports to execute in company_ry0iwbpw (current time: 2025-08-10T19:15:09.752Z)
[2025-08-10T19:15:09.825Z] [INFO] Found 0 reports to execute in company_ry0iwbpw
[2025-08-10T19:15:09.826Z] [INFO] Scheduled reports check completed
[2025-08-10T19:15:09.828Z] [DEBUG] MongoDB connection closed
[2025-08-10T19:15:18.795Z] [INFO] Checking for scheduled reports...
[2025-08-10T19:15:19.608Z] [DEBUG] Connected to MongoDB
[2025-08-10T19:15:19.687Z] [INFO] Found 1 company databases
[2025-08-10T19:15:19.688Z] [DEBUG] Processing company database: company_ry0iwbpw
[2025-08-10T19:15:19.760Z] [DEBUG] Finding reports to execute in company_ry0iwbpw (current time: 2025-08-10T19:15:19.760Z)
[2025-08-10T19:15:19.831Z] [INFO] Found 0 reports to execute in company_ry0iwbpw
[2025-08-10T19:15:19.831Z] [INFO] Scheduled reports check completed
[2025-08-10T19:15:19.834Z] [DEBUG] MongoDB connection closed
[2025-08-10T19:15:28.795Z] [INFO] Checking for scheduled reports...
[2025-08-10T19:15:29.595Z] [DEBUG] Connected to MongoDB
[2025-08-10T19:15:29.674Z] [INFO] Found 1 company databases
[2025-08-10T19:15:29.675Z] [DEBUG] Processing company database: company_ry0iwbpw
[2025-08-10T19:15:29.747Z] [DEBUG] Finding reports to execute in company_ry0iwbpw (current time: 2025-08-10T19:15:29.747Z)
[2025-08-10T19:15:29.818Z] [INFO] Found 0 reports to execute in company_ry0iwbpw
[2025-08-10T19:15:29.819Z] [INFO] Scheduled reports check completed
[2025-08-10T19:15:29.822Z] [DEBUG] MongoDB connection closed
[2025-08-10T19:15:38.796Z] [INFO] Checking for scheduled reports...
[2025-08-10T19:15:39.625Z] [DEBUG] Connected to MongoDB
[2025-08-10T19:15:39.707Z] [INFO] Found 1 company databases
[2025-08-10T19:15:39.709Z] [DEBUG] Processing company database: company_ry0iwbpw
[2025-08-10T19:15:39.782Z] [DEBUG] Finding reports to execute in company_ry0iwbpw (current time: 2025-08-10T19:15:39.782Z)
[2025-08-10T19:15:39.856Z] [INFO] Found 0 reports to execute in company_ry0iwbpw
[2025-08-10T19:15:39.856Z] [INFO] Scheduled reports check completed
[2025-08-10T19:15:39.859Z] [DEBUG] MongoDB connection closed
[2025-08-10T19:15:48.797Z] [INFO] Checking for scheduled reports...
[2025-08-10T19:15:49.572Z] [DEBUG] Connected to MongoDB
[2025-08-10T19:15:49.649Z] [INFO] Found 1 company databases
[2025-08-10T19:15:49.650Z] [DEBUG] Processing company database: company_ry0iwbpw
[2025-08-10T19:15:49.719Z] [DEBUG] Finding reports to execute in company_ry0iwbpw (current time: 2025-08-10T19:15:49.719Z)
[2025-08-10T19:15:49.788Z] [INFO] Found 0 reports to execute in company_ry0iwbpw
[2025-08-10T19:15:49.789Z] [INFO] Scheduled reports check completed
[2025-08-10T19:15:49.791Z] [DEBUG] MongoDB connection closed
[2025-08-10T19:15:58.798Z] [INFO] Checking for scheduled reports...
[2025-08-10T19:15:59.597Z] [DEBUG] Connected to MongoDB
[2025-08-10T19:15:59.677Z] [INFO] Found 1 company databases
[2025-08-10T19:15:59.677Z] [DEBUG] Processing company database: company_ry0iwbpw
[2025-08-10T19:15:59.749Z] [DEBUG] Finding reports to execute in company_ry0iwbpw (current time: 2025-08-10T19:15:59.749Z)
[2025-08-10T19:15:59.820Z] [INFO] Found 0 reports to execute in company_ry0iwbpw
[2025-08-10T19:15:59.822Z] [INFO] Scheduled reports check completed
[2025-08-10T19:15:59.826Z] [DEBUG] MongoDB connection closed
[2025-08-10T19:16:08.798Z] [INFO] Checking for scheduled reports...
[2025-08-10T19:16:09.564Z] [DEBUG] Connected to MongoDB
[2025-08-10T19:16:09.640Z] [INFO] Found 1 company databases
[2025-08-10T19:16:09.641Z] [DEBUG] Processing company database: company_ry0iwbpw
[2025-08-10T19:16:09.710Z] [DEBUG] Finding reports to execute in company_ry0iwbpw (current time: 2025-08-10T19:16:09.709Z)
[2025-08-10T19:16:09.778Z] [INFO] Found 0 reports to execute in company_ry0iwbpw
[2025-08-10T19:16:09.779Z] [INFO] Scheduled reports check completed
[2025-08-10T19:16:09.782Z] [DEBUG] MongoDB connection closed
[2025-08-10T19:16:18.800Z] [INFO] Checking for scheduled reports...
[2025-08-10T19:16:19.573Z] [DEBUG] Connected to MongoDB
[2025-08-10T19:16:19.648Z] [INFO] Found 1 company databases
[2025-08-10T19:16:19.648Z] [DEBUG] Processing company database: company_ry0iwbpw
[2025-08-10T19:16:19.715Z] [DEBUG] Finding reports to execute in company_ry0iwbpw (current time: 2025-08-10T19:16:19.715Z)
[2025-08-10T19:16:19.781Z] [INFO] Found 0 reports to execute in company_ry0iwbpw
[2025-08-10T19:16:19.781Z] [INFO] Scheduled reports check completed
[2025-08-10T19:16:19.783Z] [DEBUG] MongoDB connection closed
[2025-08-10T19:16:28.800Z] [INFO] Checking for scheduled reports...
[2025-08-10T19:16:29.594Z] [DEBUG] Connected to MongoDB
[2025-08-10T19:16:29.672Z] [INFO] Found 1 company databases
[2025-08-10T19:16:29.672Z] [DEBUG] Processing company database: company_ry0iwbpw
[2025-08-10T19:16:29.744Z] [DEBUG] Finding reports to execute in company_ry0iwbpw (current time: 2025-08-10T19:16:29.744Z)
[2025-08-10T19:16:29.814Z] [INFO] Found 0 reports to execute in company_ry0iwbpw
[2025-08-10T19:16:29.814Z] [INFO] Scheduled reports check completed
[2025-08-10T19:16:29.816Z] [DEBUG] MongoDB connection closed
[2025-08-10T19:16:38.801Z] [INFO] Checking for scheduled reports...
[2025-08-10T19:16:39.600Z] [DEBUG] Connected to MongoDB
[2025-08-10T19:16:39.676Z] [INFO] Found 1 company databases
[2025-08-10T19:16:39.677Z] [DEBUG] Processing company database: company_ry0iwbpw
[2025-08-10T19:16:39.745Z] [DEBUG] Finding reports to execute in company_ry0iwbpw (current time: 2025-08-10T19:16:39.745Z)
[2025-08-10T19:16:39.820Z] [INFO] Found 0 reports to execute in company_ry0iwbpw
[2025-08-10T19:16:39.820Z] [INFO] Scheduled reports check completed
[2025-08-10T19:16:39.823Z] [DEBUG] MongoDB connection closed
[2025-08-10T19:16:48.801Z] [INFO] Checking for scheduled reports...
[2025-08-10T19:16:49.603Z] [DEBUG] Connected to MongoDB
[2025-08-10T19:16:49.682Z] [INFO] Found 1 company databases
[2025-08-10T19:16:49.682Z] [DEBUG] Processing company database: company_ry0iwbpw
[2025-08-10T19:16:49.754Z] [DEBUG] Finding reports to execute in company_ry0iwbpw (current time: 2025-08-10T19:16:49.754Z)
[2025-08-10T19:16:49.826Z] [INFO] Found 0 reports to execute in company_ry0iwbpw
[2025-08-10T19:16:49.827Z] [INFO] Scheduled reports check completed
[2025-08-10T19:16:49.829Z] [DEBUG] MongoDB connection closed
[2025-08-10T19:16:58.802Z] [INFO] Checking for scheduled reports...
[2025-08-10T19:16:59.563Z] [DEBUG] Connected to MongoDB
[2025-08-10T19:16:59.642Z] [INFO] Found 1 company databases
[2025-08-10T19:16:59.643Z] [DEBUG] Processing company database: company_ry0iwbpw
[2025-08-10T19:16:59.711Z] [DEBUG] Finding reports to execute in company_ry0iwbpw (current time: 2025-08-10T19:16:59.711Z)
[2025-08-10T19:16:59.781Z] [INFO] Found 0 reports to execute in company_ry0iwbpw
[2025-08-10T19:16:59.781Z] [INFO] Scheduled reports check completed
[2025-08-10T19:16:59.784Z] [DEBUG] MongoDB connection closed
[2025-08-10T19:17:08.803Z] [INFO] Checking for scheduled reports...
[2025-08-10T19:17:09.603Z] [DEBUG] Connected to MongoDB
[2025-08-10T19:17:09.683Z] [INFO] Found 1 company databases
[2025-08-10T19:17:09.683Z] [DEBUG] Processing company database: company_ry0iwbpw
[2025-08-10T19:17:09.756Z] [DEBUG] Finding reports to execute in company_ry0iwbpw (current time: 2025-08-10T19:17:09.756Z)
[2025-08-10T19:17:09.828Z] [INFO] Found 0 reports to execute in company_ry0iwbpw
[2025-08-10T19:17:09.828Z] [INFO] Scheduled reports check completed
[2025-08-10T19:17:09.830Z] [DEBUG] MongoDB connection closed
[2025-08-10T19:17:18.803Z] [INFO] Checking for scheduled reports...
[2025-08-10T19:17:19.578Z] [DEBUG] Connected to MongoDB
[2025-08-10T19:17:19.654Z] [INFO] Found 1 company databases
[2025-08-10T19:17:19.655Z] [DEBUG] Processing company database: company_ry0iwbpw
[2025-08-10T19:17:19.726Z] [DEBUG] Finding reports to execute in company_ry0iwbpw (current time: 2025-08-10T19:17:19.726Z)
[2025-08-10T19:17:19.794Z] [INFO] Found 0 reports to execute in company_ry0iwbpw
[2025-08-10T19:17:19.794Z] [INFO] Scheduled reports check completed
[2025-08-10T19:17:19.794Z] [DEBUG] MongoDB connection closed
[2025-08-10T19:17:28.804Z] [INFO] Checking for scheduled reports...
[2025-08-10T19:17:29.587Z] [DEBUG] Connected to MongoDB
[2025-08-10T19:17:29.667Z] [INFO] Found 1 company databases
[2025-08-10T19:17:29.668Z] [DEBUG] Processing company database: company_ry0iwbpw
[2025-08-10T19:17:29.737Z] [DEBUG] Finding reports to execute in company_ry0iwbpw (current time: 2025-08-10T19:17:29.737Z)
[2025-08-10T19:17:29.809Z] [INFO] Found 0 reports to execute in company_ry0iwbpw
[2025-08-10T19:17:29.809Z] [INFO] Scheduled reports check completed
[2025-08-10T19:17:29.810Z] [DEBUG] MongoDB connection closed
[2025-08-10T19:17:38.805Z] [INFO] Checking for scheduled reports...
[2025-08-10T19:17:39.546Z] [DEBUG] Connected to MongoDB
[2025-08-10T19:17:39.622Z] [INFO] Found 1 company databases
[2025-08-10T19:17:39.622Z] [DEBUG] Processing company database: company_ry0iwbpw
[2025-08-10T19:17:39.691Z] [DEBUG] Finding reports to execute in company_ry0iwbpw (current time: 2025-08-10T19:17:39.691Z)
[2025-08-10T19:17:39.758Z] [INFO] Found 0 reports to execute in company_ry0iwbpw
[2025-08-10T19:17:39.758Z] [INFO] Scheduled reports check completed
[2025-08-10T19:17:39.761Z] [DEBUG] MongoDB connection closed
[2025-08-10T19:17:48.806Z] [INFO] Checking for scheduled reports...
[2025-08-10T19:17:49.577Z] [DEBUG] Connected to MongoDB
[2025-08-10T19:17:49.652Z] [INFO] Found 1 company databases
[2025-08-10T19:17:49.653Z] [DEBUG] Processing company database: company_ry0iwbpw
[2025-08-10T19:17:49.720Z] [DEBUG] Finding reports to execute in company_ry0iwbpw (current time: 2025-08-10T19:17:49.720Z)
[2025-08-10T19:17:49.789Z] [INFO] Found 0 reports to execute in company_ry0iwbpw
[2025-08-10T19:17:49.789Z] [INFO] Scheduled reports check completed
[2025-08-10T19:17:49.791Z] [DEBUG] MongoDB connection closed
[2025-08-10T19:17:58.807Z] [INFO] Checking for scheduled reports...
[2025-08-10T19:17:59.589Z] [DEBUG] Connected to MongoDB
[2025-08-10T19:17:59.665Z] [INFO] Found 1 company databases
[2025-08-10T19:17:59.665Z] [DEBUG] Processing company database: company_ry0iwbpw
[2025-08-10T19:17:59.733Z] [DEBUG] Finding reports to execute in company_ry0iwbpw (current time: 2025-08-10T19:17:59.733Z)
[2025-08-10T19:17:59.801Z] [INFO] Found 0 reports to execute in company_ry0iwbpw
[2025-08-10T19:17:59.802Z] [INFO] Scheduled reports check completed
[2025-08-10T19:17:59.804Z] [DEBUG] MongoDB connection closed
[2025-08-10T19:18:08.808Z] [INFO] Checking for scheduled reports...
[2025-08-10T19:18:09.562Z] [DEBUG] Connected to MongoDB
[2025-08-10T19:18:09.637Z] [INFO] Found 1 company databases
[2025-08-10T19:18:09.638Z] [DEBUG] Processing company database: company_ry0iwbpw
[2025-08-10T19:18:09.707Z] [DEBUG] Finding reports to execute in company_ry0iwbpw (current time: 2025-08-10T19:18:09.707Z)
[2025-08-10T19:18:09.773Z] [INFO] Found 0 reports to execute in company_ry0iwbpw
[2025-08-10T19:18:09.774Z] [INFO] Scheduled reports check completed
[2025-08-10T19:18:09.776Z] [DEBUG] MongoDB connection closed
[2025-08-10T19:18:18.809Z] [INFO] Checking for scheduled reports...
[2025-08-10T19:18:19.575Z] [DEBUG] Connected to MongoDB
[2025-08-10T19:18:19.654Z] [INFO] Found 1 company databases
[2025-08-10T19:18:19.655Z] [DEBUG] Processing company database: company_ry0iwbpw
[2025-08-10T19:18:19.723Z] [DEBUG] Finding reports to execute in company_ry0iwbpw (current time: 2025-08-10T19:18:19.723Z)
[2025-08-10T19:18:19.792Z] [INFO] Found 0 reports to execute in company_ry0iwbpw
[2025-08-10T19:18:19.792Z] [INFO] Scheduled reports check completed
[2025-08-10T19:18:19.794Z] [DEBUG] MongoDB connection closed
[2025-08-10T19:18:28.810Z] [INFO] Checking for scheduled reports...
[2025-08-10T19:18:29.569Z] [DEBUG] Connected to MongoDB
[2025-08-10T19:18:29.644Z] [INFO] Found 1 company databases
[2025-08-10T19:18:29.644Z] [DEBUG] Processing company database: company_ry0iwbpw
[2025-08-10T19:18:29.713Z] [DEBUG] Finding reports to execute in company_ry0iwbpw (current time: 2025-08-10T19:18:29.713Z)
[2025-08-10T19:18:29.782Z] [INFO] Found 0 reports to execute in company_ry0iwbpw
[2025-08-10T19:18:29.782Z] [INFO] Scheduled reports check completed
[2025-08-10T19:18:29.784Z] [DEBUG] MongoDB connection closed
[2025-08-10T19:18:38.811Z] [INFO] Checking for scheduled reports...
[2025-08-10T19:18:39.614Z] [DEBUG] Connected to MongoDB
[2025-08-10T19:18:39.690Z] [INFO] Found 1 company databases
[2025-08-10T19:18:39.691Z] [DEBUG] Processing company database: company_ry0iwbpw
[2025-08-10T19:18:39.758Z] [DEBUG] Finding reports to execute in company_ry0iwbpw (current time: 2025-08-10T19:18:39.758Z)
[2025-08-10T19:18:39.825Z] [INFO] Found 0 reports to execute in company_ry0iwbpw
[2025-08-10T19:18:39.826Z] [INFO] Scheduled reports check completed
[2025-08-10T19:18:39.828Z] [DEBUG] MongoDB connection closed
[2025-08-10T19:18:48.812Z] [INFO] Checking for scheduled reports...
[2025-08-10T19:18:49.608Z] [DEBUG] Connected to MongoDB
[2025-08-10T19:18:49.692Z] [INFO] Found 1 company databases
[2025-08-10T19:18:49.692Z] [DEBUG] Processing company database: company_ry0iwbpw
[2025-08-10T19:18:49.764Z] [DEBUG] Finding reports to execute in company_ry0iwbpw (current time: 2025-08-10T19:18:49.764Z)
[2025-08-10T19:18:49.836Z] [INFO] Found 0 reports to execute in company_ry0iwbpw
[2025-08-10T19:18:49.836Z] [INFO] Scheduled reports check completed
[2025-08-10T19:18:49.838Z] [DEBUG] MongoDB connection closed
[2025-08-10T19:18:58.813Z] [INFO] Checking for scheduled reports...
[2025-08-10T19:18:59.587Z] [DEBUG] Connected to MongoDB
[2025-08-10T19:18:59.665Z] [INFO] Found 1 company databases
[2025-08-10T19:18:59.666Z] [DEBUG] Processing company database: company_ry0iwbpw
[2025-08-10T19:18:59.735Z] [DEBUG] Finding reports to execute in company_ry0iwbpw (current time: 2025-08-10T19:18:59.735Z)
[2025-08-10T19:18:59.805Z] [INFO] Found 0 reports to execute in company_ry0iwbpw
[2025-08-10T19:18:59.805Z] [INFO] Scheduled reports check completed
[2025-08-10T19:18:59.807Z] [DEBUG] MongoDB connection closed
[2025-08-10T19:19:08.815Z] [INFO] Checking for scheduled reports...
[2025-08-10T19:19:09.596Z] [DEBUG] Connected to MongoDB
[2025-08-10T19:19:09.676Z] [INFO] Found 1 company databases
[2025-08-10T19:19:09.676Z] [DEBUG] Processing company database: company_ry0iwbpw
[2025-08-10T19:19:09.748Z] [DEBUG] Finding reports to execute in company_ry0iwbpw (current time: 2025-08-10T19:19:09.748Z)
[2025-08-10T19:19:09.819Z] [INFO] Found 0 reports to execute in company_ry0iwbpw
[2025-08-10T19:19:09.819Z] [INFO] Scheduled reports check completed
[2025-08-10T19:19:09.822Z] [DEBUG] MongoDB connection closed
